solid OpenSCAD_Model
  facet normal -1 0 0
    outer loop
      vertex 400 237.5 176
      vertex 400 280 180
      vertex 400 280 176
    endloop
  endfacet
  facet normal -1 -0 0
    outer loop
      vertex 400 280 180
      vertex 400 237.5 176
      vertex 400 237.5 180
    endloop
  endfacet
  facet normal -1 0 0
    outer loop
      vertex 400 300 176
      vertex 400 312.5 180
      vertex 400 312.5 176
    endloop
  endfacet
  facet normal -1 -0 0
    outer loop
      vertex 400 312.5 180
      vertex 400 300 176
      vertex 400 300 180
    endloop
  endfacet
  facet normal -1 0 0
    outer loop
      vertex 400 -312.5 176
      vertex 400 -300 180
      vertex 400 -300 176
    endloop
  endfacet
  facet normal -1 -0 0
    outer loop
      vertex 400 -300 180
      vertex 400 -312.5 176
      vertex 400 -312.5 180
    endloop
  endfacet
  facet normal -1 0 0
    outer loop
      vertex 400 -280 176
      vertex 400 -237.5 180
      vertex 400 -237.5 176
    endloop
  endfacet
  facet normal -1 -0 0
    outer loop
      vertex 400 -237.5 180
      vertex 400 -280 176
      vertex 400 -280 180
    endloop
  endfacet
  facet normal 1 0 0
    outer loop
      vertex 400 -280 176
      vertex 400 -281.2 168.8
      vertex 400 -280 170
    endloop
  endfacet
  facet normal 1 0 0
    outer loop
      vertex 400 -280 176
      vertex 400 -298.8 168.8
      vertex 400 -281.2 168.8
    endloop
  endfacet
  facet normal 1 0 0
    outer loop
      vertex 400 -300 130
      vertex 400 -298.8 168.8
      vertex 400 -300 176
    endloop
  endfacet
  facet normal 1 -0 0
    outer loop
      vertex 400 -300 176
      vertex 400 -298.8 168.8
      vertex 400 -280 176
    endloop
  endfacet
  facet normal 1 0 0
    outer loop
      vertex 400 300 176
      vertex 400 298.8 168.8
      vertex 400 300 130
    endloop
  endfacet
  facet normal 1 0 0
    outer loop
      vertex 400 300 176
      vertex 400 281.2 168.8
      vertex 400 298.8 168.8
    endloop
  endfacet
  facet normal 1 -0 0
    outer loop
      vertex 400 280 170
      vertex 400 281.2 168.8
      vertex 400 280 176
    endloop
  endfacet
  facet normal 1 -0 0
    outer loop
      vertex 400 280 176
      vertex 400 281.2 168.8
      vertex 400 300 176
    endloop
  endfacet
  facet normal 1 -0 0
    outer loop
      vertex 400 298.8 131.2
      vertex 400 300 130
      vertex 400 298.8 168.8
    endloop
  endfacet
  facet normal 1 -0 0
    outer loop
      vertex 400 281.2 131.2
      vertex 400 300 130
      vertex 400 298.8 131.2
    endloop
  endfacet
  facet normal 1 0 0
    outer loop
      vertex 400 281.2 168.8
      vertex 400 280 170
      vertex 400 281.2 131.2
    endloop
  endfacet
  facet normal 1 -0 0
    outer loop
      vertex 400 -280 170
      vertex 400 281.2 131.2
      vertex 400 280 170
    endloop
  endfacet
  facet normal 1 0 0
    outer loop
      vertex 400 -281.2 131.2
      vertex 400 -280 170
      vertex 400 -281.2 168.8
    endloop
  endfacet
  facet normal 1 0 0
    outer loop
      vertex 400 -280 170
      vertex 400 -281.2 131.2
      vertex 400 281.2 131.2
    endloop
  endfacet
  facet normal 1 -0 0
    outer loop
      vertex 400 -281.2 131.2
      vertex 400 300 130
      vertex 400 281.2 131.2
    endloop
  endfacet
  facet normal 1 0 0
    outer loop
      vertex 400 -300 130
      vertex 400 -281.2 131.2
      vertex 400 -298.8 131.2
    endloop
  endfacet
  facet normal 1 0 0
    outer loop
      vertex 400 -281.2 131.2
      vertex 400 -300 130
      vertex 400 300 130
    endloop
  endfacet
  facet normal 1 0 0
    outer loop
      vertex 400 -298.8 168.8
      vertex 400 -300 130
      vertex 400 -298.8 131.2
    endloop
  endfacet
  facet normal 1 0 0
    outer loop
      vertex 400 300 450
      vertex 400 280 430
      vertex 400 300 280
    endloop
  endfacet
  facet normal 1 0 0
    outer loop
      vertex 400 300 450
      vertex 400 -280 430
      vertex 400 280 430
    endloop
  endfacet
  facet normal 1 -0 0
    outer loop
      vertex 400 -300 450
      vertex 400 -280 430
      vertex 400 300 450
    endloop
  endfacet
  facet normal 1 0 0
    outer loop
      vertex 400 -300 280
      vertex 400 -280 430
      vertex 400 -300 450
    endloop
  endfacet
  facet normal 1 0 0
    outer loop
      vertex 400 -280 430
      vertex 400 -300 280
      vertex 400 -280 280
    endloop
  endfacet
  facet normal 1 0 0
    outer loop
      vertex 400 300 280
      vertex 400 280 430
      vertex 400 280 280
    endloop
  endfacet
  facet normal -1 0 0
    outer loop
      vertex -400 -281.2 131.2
      vertex -400 -200 130
      vertex -400 -200 129.5
    endloop
  endfacet
  facet normal -1 0 0
    outer loop
      vertex -400 -281.2 168.8
      vertex -400 -280 170
      vertex -400 -281.2 131.2
    endloop
  endfacet
  facet normal -1 0 0
    outer loop
      vertex -400 -200 130
      vertex -400 -281.2 131.2
      vertex -400 -280 170
    endloop
  endfacet
  facet normal -1 0 0
    outer loop
      vertex -400 -300 129.5
      vertex -400 -281.2 131.2
      vertex -400 -200 129.5
    endloop
  endfacet
  facet normal -1 -0 0
    outer loop
      vertex -400 -298.8 131.2
      vertex -400 -300 129.5
      vertex -400 -298.8 168.8
    endloop
  endfacet
  facet normal -1 -0 0
    outer loop
      vertex -400 -281.2 131.2
      vertex -400 -300 129.5
      vertex -400 -298.8 131.2
    endloop
  endfacet
  facet normal -1 0 0
    outer loop
      vertex -400 298.8 168.8
      vertex -400 300 129.5
      vertex -400 298.8 131.2
    endloop
  endfacet
  facet normal -1 0 0
    outer loop
      vertex -400 300 129.5
      vertex -400 281.2 131.2
      vertex -400 298.8 131.2
    endloop
  endfacet
  facet normal -1 0 0
    outer loop
      vertex -400 281.2 131.2
      vertex -400 280 170
      vertex -400 281.2 168.8
    endloop
  endfacet
  facet normal -1 0 0
    outer loop
      vertex -400 200 129.5
      vertex -400 281.2 131.2
      vertex -400 300 129.5
    endloop
  endfacet
  facet normal -1 0 0
    outer loop
      vertex -400 200 130
      vertex -400 281.2 131.2
      vertex -400 200 129.5
    endloop
  endfacet
  facet normal -1 -0 0
    outer loop
      vertex -400 281.2 131.2
      vertex -400 200 130
      vertex -400 280 170
    endloop
  endfacet
  facet normal -1 0 0
    outer loop
      vertex -400 -200 130
      vertex -400 280 170
      vertex -400 200 130
    endloop
  endfacet
  facet normal -1 -0 0
    outer loop
      vertex -400 280 170
      vertex -400 -200 130
      vertex -400 -280 170
    endloop
  endfacet
  facet normal -1 0 0
    outer loop
      vertex -400 300 129.5
      vertex -400 298.8 168.8
      vertex -400 300 450
    endloop
  endfacet
  facet normal -1 0 0
    outer loop
      vertex -400 280 170
      vertex -400 298.8 168.8
      vertex -400 281.2 168.8
    endloop
  endfacet
  facet normal -1 0 0
    outer loop
      vertex -400 298.8 168.8
      vertex -400 280 170
      vertex -400 280 430
    endloop
  endfacet
  facet normal -1 0 0
    outer loop
      vertex -400 298.8 168.8
      vertex -400 280 430
      vertex -400 300 450
    endloop
  endfacet
  facet normal -1 0 0
    outer loop
      vertex -400 -280 430
      vertex -400 300 450
      vertex -400 280 430
    endloop
  endfacet
  facet normal -1 0 0
    outer loop
      vertex -400 -298.8 168.8
      vertex -400 -280 170
      vertex -400 -281.2 168.8
    endloop
  endfacet
  facet normal -1 -0 0
    outer loop
      vertex -400 -280 170
      vertex -400 -298.8 168.8
      vertex -400 -280 430
    endloop
  endfacet
  facet normal -1 0 0
    outer loop
      vertex -400 -280 430
      vertex -400 -300 450
      vertex -400 300 450
    endloop
  endfacet
  facet normal -1 0 0
    outer loop
      vertex -400 -298.8 168.8
      vertex -400 -300 450
      vertex -400 -280 430
    endloop
  endfacet
  facet normal -1 0 0
    outer loop
      vertex -400 -300 450
      vertex -400 -298.8 168.8
      vertex -400 -300 129.5
    endloop
  endfacet
  facet normal 0 1 0
    outer loop
      vertex 400 300 180
      vertex 400 300 176
      vertex 398 300 180
    endloop
  endfacet
  facet normal 0 1 0
    outer loop
      vertex 400 300 450
      vertex 380 300 430
      vertex -400 300 450
    endloop
  endfacet
  facet normal 0 1 -0
    outer loop
      vertex 400 300 280
      vertex 380 300 430
      vertex 400 300 450
    endloop
  endfacet
  facet normal 0 1 -0
    outer loop
      vertex 398 300 280
      vertex 380 300 430
      vertex 400 300 280
    endloop
  endfacet
  facet normal 0 1 0
    outer loop
      vertex 380 300 170
      vertex 398 300 280
      vertex 398 300 180
    endloop
  endfacet
  facet normal 0 1 0
    outer loop
      vertex 398 300 280
      vertex 380 300 170
      vertex 380 300 430
    endloop
  endfacet
  facet normal 0 1 0
    outer loop
      vertex 400 300 176
      vertex 380 300 170
      vertex 398 300 180
    endloop
  endfacet
  facet normal 0 1 0
    outer loop
      vertex -300 300 130
      vertex 380 300 170
      vertex 400 300 130
    endloop
  endfacet
  facet normal 0 1 -0
    outer loop
      vertex 400 300 130
      vertex 380 300 170
      vertex 400 300 176
    endloop
  endfacet
  facet normal 0 1 -0
    outer loop
      vertex -380 300 430
      vertex -400 300 450
      vertex 380 300 430
    endloop
  endfacet
  facet normal 0 1 -0
    outer loop
      vertex -380 300 170
      vertex -400 300 450
      vertex -380 300 430
    endloop
  endfacet
  facet normal 0 1 0
    outer loop
      vertex 380 300 170
      vertex -300 300 130
      vertex -380 300 170
    endloop
  endfacet
  facet normal 0 1 -0
    outer loop
      vertex -300 300 129.5
      vertex -380 300 170
      vertex -300 300 130
    endloop
  endfacet
  facet normal 0 1 0
    outer loop
      vertex -380 300 170
      vertex -400 300 129.5
      vertex -400 300 450
    endloop
  endfacet
  facet normal 0 1 0
    outer loop
      vertex -400 300 129.5
      vertex -380 300 170
      vertex -300 300 129.5
    endloop
  endfacet
  facet normal 0 0 -1
    outer loop
      vertex -250 -250 170
      vertex -138.7 -100 170
      vertex -138.7 -250 170
    endloop
  endfacet
  facet normal -0 0 -1
    outer loop
      vertex -138.7 -100 170
      vertex -250 -250 170
      vertex -250 -100 170
    endloop
  endfacet
  facet normal 0 0 -1
    outer loop
      vertex 138.7 -250 170
      vertex 250 -100 170
      vertex 250 -250 170
    endloop
  endfacet
  facet normal -0 0 -1
    outer loop
      vertex 250 -100 170
      vertex 138.7 -250 170
      vertex 138.7 -100 170
    endloop
  endfacet
  facet normal 0 0 -1
    outer loop
      vertex 138.7 100 170
      vertex 250 250 170
      vertex 250 100 170
    endloop
  endfacet
  facet normal -0 0 -1
    outer loop
      vertex 250 250 170
      vertex 138.7 100 170
      vertex 138.7 250 170
    endloop
  endfacet
  facet normal 0 0 -1
    outer loop
      vertex -250 100 170
      vertex -138.7 250 170
      vertex -138.7 100 170
    endloop
  endfacet
  facet normal -0 0 -1
    outer loop
      vertex -138.7 250 170
      vertex -250 100 170
      vertex -250 250 170
    endloop
  endfacet
  facet normal 0 0 1
    outer loop
      vertex -118.7 -250 170
      vertex -138.7 -250 170
      vertex -118.7 -280 170
    endloop
  endfacet
  facet normal 0 0 1
    outer loop
      vertex 138.7 -250 170
      vertex 118.7 -250 170
      vertex 138.7 -280 170
    endloop
  endfacet
  facet normal -0 0 1
    outer loop
      vertex 138.7 -280 170
      vertex 380 -300 170
      vertex 380 -280 170
    endloop
  endfacet
  facet normal 0 0 1
    outer loop
      vertex 118.7 -280 170
      vertex 138.7 -280 170
      vertex 118.7 -250 170
    endloop
  endfacet
  facet normal -0 0 1
    outer loop
      vertex 118.7 -280 170
      vertex 380 -300 170
      vertex 138.7 -280 170
    endloop
  endfacet
  facet normal -0 0 1
    outer loop
      vertex -118.7 -280 170
      vertex 380 -300 170
      vertex 118.7 -280 170
    endloop
  endfacet
  facet normal 0 0 1
    outer loop
      vertex -138.7 -280 170
      vertex -118.7 -280 170
      vertex -138.7 -250 170
    endloop
  endfacet
  facet normal 0 0 1
    outer loop
      vertex -380 -300 170
      vertex -118.7 -280 170
      vertex -138.7 -280 170
    endloop
  endfacet
  facet normal 0 0 1
    outer loop
      vertex -380 -300 170
      vertex -138.7 -280 170
      vertex -380 -280 170
    endloop
  endfacet
  facet normal 0 0 1
    outer loop
      vertex -118.7 -280 170
      vertex -380 -300 170
      vertex 380 -300 170
    endloop
  endfacet
  facet normal 0 0 1
    outer loop
      vertex 380 300 170
      vertex 138.7 280 170
      vertex 380 280 170
    endloop
  endfacet
  facet normal 0 0 1
    outer loop
      vertex 138.7 280 170
      vertex 118.7 280 170
      vertex 138.7 250 170
    endloop
  endfacet
  facet normal 0 0 1
    outer loop
      vertex 380 300 170
      vertex 118.7 280 170
      vertex 138.7 280 170
    endloop
  endfacet
  facet normal 0 0 1
    outer loop
      vertex 380 300 170
      vertex -118.7 280 170
      vertex 118.7 280 170
    endloop
  endfacet
  facet normal 0 0 1
    outer loop
      vertex -118.7 280 170
      vertex -138.7 280 170
      vertex -118.7 250 170
    endloop
  endfacet
  facet normal -0 0 1
    outer loop
      vertex -380 300 170
      vertex -118.7 280 170
      vertex 380 300 170
    endloop
  endfacet
  facet normal 0 0 1
    outer loop
      vertex -118.7 280 170
      vertex -380 300 170
      vertex -138.7 280 170
    endloop
  endfacet
  facet normal 0 0 1
    outer loop
      vertex -138.7 280 170
      vertex -380 300 170
      vertex -380 280 170
    endloop
  endfacet
  facet normal 0 0 1
    outer loop
      vertex 138.7 250 170
      vertex 118.7 280 170
      vertex 118.7 250 170
    endloop
  endfacet
  facet normal 0 0 1
    outer loop
      vertex -118.7 250 170
      vertex -138.7 280 170
      vertex -138.7 250 170
    endloop
  endfacet
  facet normal 0 0 -1
    outer loop
      vertex -118.7 -250 170
      vertex 118.7 -100 170
      vertex 118.7 -250 170
    endloop
  endfacet
  facet normal -0 0 -1
    outer loop
      vertex 118.7 -100 170
      vertex -118.7 -250 170
      vertex -118.7 -100 170
    endloop
  endfacet
  facet normal 0 0 -1
    outer loop
      vertex -118.7 100 170
      vertex 118.7 250 170
      vertex 118.7 100 170
    endloop
  endfacet
  facet normal -0 0 -1
    outer loop
      vertex 118.7 250 170
      vertex -118.7 100 170
      vertex -118.7 250 170
    endloop
  endfacet
  facet normal -0 0 1
    outer loop
      vertex 118.7 100 170
      vertex 138.7 -100 170
      vertex 138.7 100 170
    endloop
  endfacet
  facet normal 0 0 1
    outer loop
      vertex 138.7 -100 170
      vertex 118.7 100 170
      vertex 118.7 -100 170
    endloop
  endfacet
  facet normal -0 0 1
    outer loop
      vertex -138.7 100 170
      vertex -118.7 -100 170
      vertex -118.7 100 170
    endloop
  endfacet
  facet normal 0 0 1
    outer loop
      vertex -118.7 -100 170
      vertex -138.7 100 170
      vertex -138.7 -100 170
    endloop
  endfacet
  facet normal -0 0 1
    outer loop
      vertex -400 280 170
      vertex -380 -280 170
      vertex -380 280 170
    endloop
  endfacet
  facet normal 0 0 1
    outer loop
      vertex -380 -280 170
      vertex -400 280 170
      vertex -400 -280 170
    endloop
  endfacet
  facet normal -0 0 1
    outer loop
      vertex 380 280 170
      vertex 400 -280 170
      vertex 400 280 170
    endloop
  endfacet
  facet normal 0 0 1
    outer loop
      vertex 400 -280 170
      vertex 380 280 170
      vertex 380 -280 170
    endloop
  endfacet
  facet normal -0 0 1
    outer loop
      vertex 381.2 298.8 170
      vertex 398.8 281.2 170
      vertex 398.8 298.8 170
    endloop
  endfacet
  facet normal 0 0 1
    outer loop
      vertex 398.8 281.2 170
      vertex 381.2 298.8 170
      vertex 381.2 281.2 170
    endloop
  endfacet
  facet normal -0 0 1
    outer loop
      vertex -398.8 -281.2 170
      vertex -381.2 -298.8 170
      vertex -381.2 -281.2 170
    endloop
  endfacet
  facet normal 0 0 1
    outer loop
      vertex -381.2 -298.8 170
      vertex -398.8 -281.2 170
      vertex -398.8 -298.8 170
    endloop
  endfacet
  facet normal -0 0 1
    outer loop
      vertex 381.2 -281.2 170
      vertex 398.8 -298.8 170
      vertex 398.8 -281.2 170
    endloop
  endfacet
  facet normal 0 0 1
    outer loop
      vertex 398.8 -298.8 170
      vertex 381.2 -281.2 170
      vertex 381.2 -298.8 170
    endloop
  endfacet
  facet normal -0 0 1
    outer loop
      vertex -398.8 298.8 170
      vertex -381.2 281.2 170
      vertex -381.2 298.8 170
    endloop
  endfacet
  facet normal 0 0 1
    outer loop
      vertex -381.2 281.2 170
      vertex -398.8 298.8 170
      vertex -398.8 281.2 170
    endloop
  endfacet
  facet normal 0 -1 0
    outer loop
      vertex -300 280 130.5
      vertex -380 280 170
      vertex -380 280 130.5
    endloop
  endfacet
  facet normal 0 -1 0
    outer loop
      vertex -380 280 170
      vertex -300 280 130.5
      vertex -138.7 280 170
    endloop
  endfacet
  facet normal 0 -1 0
    outer loop
      vertex -138.7 280 130
      vertex -300 280 130.5
      vertex -300 280 130
    endloop
  endfacet
  facet normal 0 -1 0
    outer loop
      vertex -300 280 130.5
      vertex -138.7 280 130
      vertex -138.7 280 170
    endloop
  endfacet
  facet normal 0 -1 0
    outer loop
      vertex -398.8 280 131.2
      vertex -381.2 280 168.8
      vertex -398.8 280 168.8
    endloop
  endfacet
  facet normal 0 -1 -0
    outer loop
      vertex -381.2 280 168.8
      vertex -398.8 280 131.2
      vertex -381.2 280 131.2
    endloop
  endfacet
  facet normal 0 -1 0
    outer loop
      vertex 138.7 280 130
      vertex 380 280 170
      vertex 138.7 280 170
    endloop
  endfacet
  facet normal 0 -1 -0
    outer loop
      vertex 380 280 170
      vertex 138.7 280 130
      vertex 380 280 130
    endloop
  endfacet
  facet normal 0 -1 0
    outer loop
      vertex 119.9 280 131.2
      vertex 137.5 280 168.8
      vertex 119.9 280 168.8
    endloop
  endfacet
  facet normal 0 -1 -0
    outer loop
      vertex 137.5 280 168.8
      vertex 119.9 280 131.2
      vertex 137.5 280 131.2
    endloop
  endfacet
  facet normal 0 -1 0
    outer loop
      vertex -118.7 280 130
      vertex 118.7 280 170
      vertex -118.7 280 170
    endloop
  endfacet
  facet normal 0 -1 -0
    outer loop
      vertex 118.7 280 170
      vertex -118.7 280 130
      vertex 118.7 280 130
    endloop
  endfacet
  facet normal 0 -1 0
    outer loop
      vertex -137.5 280 131.2
      vertex -119.9 280 168.8
      vertex -137.5 280 168.8
    endloop
  endfacet
  facet normal 0 -1 -0
    outer loop
      vertex -119.9 280 168.8
      vertex -137.5 280 131.2
      vertex -119.9 280 131.2
    endloop
  endfacet
  facet normal 0 -1 0
    outer loop
      vertex 381.2 280 131.2
      vertex 398.8 280 168.8
      vertex 381.2 280 168.8
    endloop
  endfacet
  facet normal 0 -1 -0
    outer loop
      vertex 398.8 280 168.8
      vertex 381.2 280 131.2
      vertex 398.8 280 131.2
    endloop
  endfacet
  facet normal 0 0 -1
    outer loop
      vertex 400 -300 130
      vertex 380 -280 130
      vertex 400 300 130
    endloop
  endfacet
  facet normal 0 0 -1
    outer loop
      vertex 400 -300 130
      vertex 138.7 -280 130
      vertex 380 -280 130
    endloop
  endfacet
  facet normal 0 0 -1
    outer loop
      vertex 138.7 -280 130
      vertex 118.7 -280 130
      vertex 138.7 280 130
    endloop
  endfacet
  facet normal 0 0 -1
    outer loop
      vertex 400 -300 130
      vertex 118.7 -280 130
      vertex 138.7 -280 130
    endloop
  endfacet
  facet normal 0 0 -1
    outer loop
      vertex -300 -300 130
      vertex 118.7 -280 130
      vertex 400 -300 130
    endloop
  endfacet
  facet normal 0 0 -1
    outer loop
      vertex -118.7 -280 130
      vertex -138.7 -280 130
      vertex -118.7 280 130
    endloop
  endfacet
  facet normal -0 0 -1
    outer loop
      vertex 118.7 -280 130
      vertex -300 -300 130
      vertex -118.7 -280 130
    endloop
  endfacet
  facet normal -0 0 -1
    outer loop
      vertex -118.7 -280 130
      vertex -300 -300 130
      vertex -138.7 -280 130
    endloop
  endfacet
  facet normal -0 0 -1
    outer loop
      vertex -138.7 -280 130
      vertex -300 -300 130
      vertex -300 -280 130
    endloop
  endfacet
  facet normal 0 0 -1
    outer loop
      vertex 380 280 130
      vertex 400 300 130
      vertex 380 -280 130
    endloop
  endfacet
  facet normal 0 0 -1
    outer loop
      vertex 138.7 280 130
      vertex 400 300 130
      vertex 380 280 130
    endloop
  endfacet
  facet normal 0 0 -1
    outer loop
      vertex 118.7 280 130
      vertex 138.7 280 130
      vertex 118.7 -280 130
    endloop
  endfacet
  facet normal 0 0 -1
    outer loop
      vertex 118.7 280 130
      vertex 400 300 130
      vertex 138.7 280 130
    endloop
  endfacet
  facet normal 0 0 -1
    outer loop
      vertex -300 300 130
      vertex 118.7 280 130
      vertex -118.7 280 130
    endloop
  endfacet
  facet normal 0 0 -1
    outer loop
      vertex -138.7 280 130
      vertex -118.7 280 130
      vertex -138.7 -280 130
    endloop
  endfacet
  facet normal 0 0 -1
    outer loop
      vertex -300 300 130
      vertex -118.7 280 130
      vertex -138.7 280 130
    endloop
  endfacet
  facet normal 0 0 -1
    outer loop
      vertex -300 300 130
      vertex -138.7 280 130
      vertex -300 280 130
    endloop
  endfacet
  facet normal 0 0 -1
    outer loop
      vertex 118.7 280 130
      vertex -300 300 130
      vertex 400 300 130
    endloop
  endfacet
  facet normal 0 0 -1
    outer loop
      vertex -400 -200 130
      vertex -380 200 130
      vertex -380 -200 130
    endloop
  endfacet
  facet normal -0 0 -1
    outer loop
      vertex -380 200 130
      vertex -400 -200 130
      vertex -400 200 130
    endloop
  endfacet
  facet normal 0 0 -1
    outer loop
      vertex -400 281.2 168.8
      vertex 400 298.8 168.8
      vertex 400 281.2 168.8
    endloop
  endfacet
  facet normal -0 0 -1
    outer loop
      vertex 400 298.8 168.8
      vertex -400 281.2 168.8
      vertex -400 298.8 168.8
    endloop
  endfacet
  facet normal 0 -1 0
    outer loop
      vertex -400 298.8 131.2
      vertex 400 298.8 168.8
      vertex -400 298.8 168.8
    endloop
  endfacet
  facet normal 0 -1 -0
    outer loop
      vertex 400 298.8 168.8
      vertex -400 298.8 131.2
      vertex 400 298.8 131.2
    endloop
  endfacet
  facet normal -0 0 1
    outer loop
      vertex -400 298.8 131.2
      vertex 400 281.2 131.2
      vertex 400 298.8 131.2
    endloop
  endfacet
  facet normal 0 0 1
    outer loop
      vertex 400 281.2 131.2
      vertex -400 298.8 131.2
      vertex -400 281.2 131.2
    endloop
  endfacet
  facet normal 0 1 -0
    outer loop
      vertex 400 281.2 131.2
      vertex -400 281.2 168.8
      vertex 400 281.2 168.8
    endloop
  endfacet
  facet normal 0 1 0
    outer loop
      vertex -400 281.2 168.8
      vertex 400 281.2 131.2
      vertex -400 281.2 131.2
    endloop
  endfacet
  facet normal 0 1 -0
    outer loop
      vertex -381.2 -280 131.2
      vertex -398.8 -280 168.8
      vertex -381.2 -280 168.8
    endloop
  endfacet
  facet normal 0 1 0
    outer loop
      vertex -398.8 -280 168.8
      vertex -381.2 -280 131.2
      vertex -398.8 -280 131.2
    endloop
  endfacet
  facet normal 0 1 0
    outer loop
      vertex -138.7 -280 170
      vertex -300 -280 130.5
      vertex -380 -280 170
    endloop
  endfacet
  facet normal 0 1 -0
    outer loop
      vertex -138.7 -280 130
      vertex -300 -280 130.5
      vertex -138.7 -280 170
    endloop
  endfacet
  facet normal 0 1 0
    outer loop
      vertex -300 -280 130.5
      vertex -138.7 -280 130
      vertex -300 -280 130
    endloop
  endfacet
  facet normal 0 1 0
    outer loop
      vertex -380 -280 170
      vertex -300 -280 130.5
      vertex -380 -280 130.5
    endloop
  endfacet
  facet normal 0 1 -0
    outer loop
      vertex 137.5 -280 131.2
      vertex 119.9 -280 168.8
      vertex 137.5 -280 168.8
    endloop
  endfacet
  facet normal 0 1 0
    outer loop
      vertex 119.9 -280 168.8
      vertex 137.5 -280 131.2
      vertex 119.9 -280 131.2
    endloop
  endfacet
  facet normal 0 1 -0
    outer loop
      vertex 380 -280 130
      vertex 138.7 -280 170
      vertex 380 -280 170
    endloop
  endfacet
  facet normal 0 1 0
    outer loop
      vertex 138.7 -280 170
      vertex 380 -280 130
      vertex 138.7 -280 130
    endloop
  endfacet
  facet normal 0 1 -0
    outer loop
      vertex 118.7 -280 130
      vertex -118.7 -280 170
      vertex 118.7 -280 170
    endloop
  endfacet
  facet normal 0 1 0
    outer loop
      vertex -118.7 -280 170
      vertex 118.7 -280 130
      vertex -118.7 -280 130
    endloop
  endfacet
  facet normal 0 1 -0
    outer loop
      vertex -119.9 -280 131.2
      vertex -137.5 -280 168.8
      vertex -119.9 -280 168.8
    endloop
  endfacet
  facet normal 0 1 0
    outer loop
      vertex -137.5 -280 168.8
      vertex -119.9 -280 131.2
      vertex -137.5 -280 131.2
    endloop
  endfacet
  facet normal 0 1 -0
    outer loop
      vertex 398.8 -280 131.2
      vertex 381.2 -280 168.8
      vertex 398.8 -280 168.8
    endloop
  endfacet
  facet normal 0 1 0
    outer loop
      vertex 381.2 -280 168.8
      vertex 398.8 -280 131.2
      vertex 381.2 -280 131.2
    endloop
  endfacet
  facet normal 0 -1 0
    outer loop
      vertex 380 -300 170
      vertex 398 -300 280
      vertex 380 -300 430
    endloop
  endfacet
  facet normal 0 -1 0
    outer loop
      vertex 398 -300 180
      vertex 400 -300 176
      vertex 400 -300 180
    endloop
  endfacet
  facet normal 0 -1 -0
    outer loop
      vertex 398 -300 280
      vertex 380 -300 170
      vertex 398 -300 180
    endloop
  endfacet
  facet normal 0 -1 0
    outer loop
      vertex 380 -300 170
      vertex 400 -300 176
      vertex 398 -300 180
    endloop
  endfacet
  facet normal 0 -1 0
    outer loop
      vertex 380 -300 170
      vertex 400 -300 130
      vertex 400 -300 176
    endloop
  endfacet
  facet normal 0 -1 0
    outer loop
      vertex 400 -300 130
      vertex 380 -300 170
      vertex -300 -300 130
    endloop
  endfacet
  facet normal 0 -1 0
    outer loop
      vertex -400 -300 450
      vertex -380 -300 430
      vertex 400 -300 450
    endloop
  endfacet
  facet normal 0 -1 0
    outer loop
      vertex -400 -300 450
      vertex -380 -300 170
      vertex -380 -300 430
    endloop
  endfacet
  facet normal 0 -1 0
    outer loop
      vertex -380 -300 170
      vertex -300 -300 130
      vertex 380 -300 170
    endloop
  endfacet
  facet normal 0 -1 0
    outer loop
      vertex -400 -300 129.5
      vertex -380 -300 170
      vertex -400 -300 450
    endloop
  endfacet
  facet normal 0 -1 0
    outer loop
      vertex -400 -300 129.5
      vertex -300 -300 130
      vertex -380 -300 170
    endloop
  endfacet
  facet normal 0 -1 -0
    outer loop
      vertex -300 -300 130
      vertex -400 -300 129.5
      vertex -300 -300 129.5
    endloop
  endfacet
  facet normal 0 -1 0
    outer loop
      vertex 380 -300 430
      vertex 400 -300 450
      vertex -380 -300 430
    endloop
  endfacet
  facet normal 0 -1 0
    outer loop
      vertex 400 -300 280
      vertex 380 -300 430
      vertex 398 -300 280
    endloop
  endfacet
  facet normal 0 -1 0
    outer loop
      vertex 380 -300 430
      vertex 400 -300 280
      vertex 400 -300 450
    endloop
  endfacet
  facet normal 0 0 -1
    outer loop
      vertex -400 -298.8 168.8
      vertex 400 -281.2 168.8
      vertex 400 -298.8 168.8
    endloop
  endfacet
  facet normal -0 0 -1
    outer loop
      vertex 400 -281.2 168.8
      vertex -400 -298.8 168.8
      vertex -400 -281.2 168.8
    endloop
  endfacet
  facet normal 0 -1 0
    outer loop
      vertex -400 -281.2 131.2
      vertex 400 -281.2 168.8
      vertex -400 -281.2 168.8
    endloop
  endfacet
  facet normal 0 -1 -0
    outer loop
      vertex 400 -281.2 168.8
      vertex -400 -281.2 131.2
      vertex 400 -281.2 131.2
    endloop
  endfacet
  facet normal -0 0 1
    outer loop
      vertex -400 -281.2 131.2
      vertex 400 -298.8 131.2
      vertex 400 -281.2 131.2
    endloop
  endfacet
  facet normal 0 0 1
    outer loop
      vertex 400 -298.8 131.2
      vertex -400 -281.2 131.2
      vertex -400 -298.8 131.2
    endloop
  endfacet
  facet normal 0 1 -0
    outer loop
      vertex 400 -298.8 131.2
      vertex -400 -298.8 168.8
      vertex 400 -298.8 168.8
    endloop
  endfacet
  facet normal 0 1 0
    outer loop
      vertex -400 -298.8 168.8
      vertex 400 -298.8 131.2
      vertex -400 -298.8 131.2
    endloop
  endfacet
  facet normal 1 0 0
    outer loop
      vertex -380 280 170
      vertex -380 200 130.5
      vertex -380 280 130.5
    endloop
  endfacet
  facet normal 1 0 0
    outer loop
      vertex -380 200 130.5
      vertex -380 -200 130.5
      vertex -380 200 130
    endloop
  endfacet
  facet normal 1 0 0
    outer loop
      vertex -380 280 170
      vertex -380 -200 130.5
      vertex -380 200 130.5
    endloop
  endfacet
  facet normal 1 -0 0
    outer loop
      vertex -380 -280 170
      vertex -380 -200 130.5
      vertex -380 280 170
    endloop
  endfacet
  facet normal 1 0 0
    outer loop
      vertex -380 -200 130.5
      vertex -380 -280 170
      vertex -380 -280 130.5
    endloop
  endfacet
  facet normal 1 0 0
    outer loop
      vertex -380 200 130
      vertex -380 -200 130.5
      vertex -380 -200 130
    endloop
  endfacet
  facet normal 0 0 -1
    outer loop
      vertex -398.8 -280 168.8
      vertex -381.2 280 168.8
      vertex -381.2 -280 168.8
    endloop
  endfacet
  facet normal -0 0 -1
    outer loop
      vertex -381.2 280 168.8
      vertex -398.8 -280 168.8
      vertex -398.8 280 168.8
    endloop
  endfacet
  facet normal -1 0 0
    outer loop
      vertex -381.2 -280 131.2
      vertex -381.2 280 168.8
      vertex -381.2 280 131.2
    endloop
  endfacet
  facet normal -1 -0 0
    outer loop
      vertex -381.2 280 168.8
      vertex -381.2 -280 131.2
      vertex -381.2 -280 168.8
    endloop
  endfacet
  facet normal -0 0 1
    outer loop
      vertex -398.8 280 131.2
      vertex -381.2 -280 131.2
      vertex -381.2 280 131.2
    endloop
  endfacet
  facet normal 0 0 1
    outer loop
      vertex -381.2 -280 131.2
      vertex -398.8 280 131.2
      vertex -398.8 -280 131.2
    endloop
  endfacet
  facet normal 1 -0 0
    outer loop
      vertex -398.8 -280 168.8
      vertex -398.8 280 131.2
      vertex -398.8 280 168.8
    endloop
  endfacet
  facet normal 1 0 0
    outer loop
      vertex -398.8 280 131.2
      vertex -398.8 -280 168.8
      vertex -398.8 -280 131.2
    endloop
  endfacet
  facet normal 1 -0 0
    outer loop
      vertex -118.7 250 170
      vertex -118.7 280 130
      vertex -118.7 280 170
    endloop
  endfacet
  facet normal 1 -0 0
    outer loop
      vertex -118.7 100 170
      vertex -118.7 280 130
      vertex -118.7 250 170
    endloop
  endfacet
  facet normal 1 -0 0
    outer loop
      vertex -118.7 -100 170
      vertex -118.7 280 130
      vertex -118.7 100 170
    endloop
  endfacet
  facet normal 1 0 0
    outer loop
      vertex -118.7 -280 130
      vertex -118.7 -100 170
      vertex -118.7 -250 170
    endloop
  endfacet
  facet normal 1 0 0
    outer loop
      vertex -118.7 -280 130
      vertex -118.7 -250 170
      vertex -118.7 -280 170
    endloop
  endfacet
  facet normal 1 0 0
    outer loop
      vertex -118.7 -100 170
      vertex -118.7 -280 130
      vertex -118.7 280 130
    endloop
  endfacet
  facet normal -1 0 0
    outer loop
      vertex -138.7 280 130
      vertex -138.7 250 170
      vertex -138.7 280 170
    endloop
  endfacet
  facet normal -1 0 0
    outer loop
      vertex -138.7 280 130
      vertex -138.7 100 170
      vertex -138.7 250 170
    endloop
  endfacet
  facet normal -1 0 0
    outer loop
      vertex -138.7 280 130
      vertex -138.7 -100 170
      vertex -138.7 100 170
    endloop
  endfacet
  facet normal -1 0 0
    outer loop
      vertex -138.7 -280 130
      vertex -138.7 -100 170
      vertex -138.7 280 130
    endloop
  endfacet
  facet normal -1 -0 0
    outer loop
      vertex -138.7 -100 170
      vertex -138.7 -280 130
      vertex -138.7 -250 170
    endloop
  endfacet
  facet normal -1 -0 0
    outer loop
      vertex -138.7 -250 170
      vertex -138.7 -280 130
      vertex -138.7 -280 170
    endloop
  endfacet
  facet normal 0 0 -1
    outer loop
      vertex -137.5 -280 168.8
      vertex -119.9 280 168.8
      vertex -119.9 -280 168.8
    endloop
  endfacet
  facet normal -0 0 -1
    outer loop
      vertex -119.9 280 168.8
      vertex -137.5 -280 168.8
      vertex -137.5 280 168.8
    endloop
  endfacet
  facet normal -1 0 0
    outer loop
      vertex -119.9 -280 131.2
      vertex -119.9 280 168.8
      vertex -119.9 280 131.2
    endloop
  endfacet
  facet normal -1 -0 0
    outer loop
      vertex -119.9 280 168.8
      vertex -119.9 -280 131.2
      vertex -119.9 -280 168.8
    endloop
  endfacet
  facet normal -0 0 1
    outer loop
      vertex -137.5 280 131.2
      vertex -119.9 -280 131.2
      vertex -119.9 280 131.2
    endloop
  endfacet
  facet normal 0 0 1
    outer loop
      vertex -119.9 -280 131.2
      vertex -137.5 280 131.2
      vertex -137.5 -280 131.2
    endloop
  endfacet
  facet normal 1 -0 0
    outer loop
      vertex -137.5 -280 168.8
      vertex -137.5 280 131.2
      vertex -137.5 280 168.8
    endloop
  endfacet
  facet normal 1 0 0
    outer loop
      vertex -137.5 280 131.2
      vertex -137.5 -280 168.8
      vertex -137.5 -280 131.2
    endloop
  endfacet
  facet normal 1 -0 0
    outer loop
      vertex 138.7 250 170
      vertex 138.7 280 130
      vertex 138.7 280 170
    endloop
  endfacet
  facet normal 1 -0 0
    outer loop
      vertex 138.7 100 170
      vertex 138.7 280 130
      vertex 138.7 250 170
    endloop
  endfacet
  facet normal 1 -0 0
    outer loop
      vertex 138.7 -100 170
      vertex 138.7 280 130
      vertex 138.7 100 170
    endloop
  endfacet
  facet normal 1 0 0
    outer loop
      vertex 138.7 -280 130
      vertex 138.7 -100 170
      vertex 138.7 -250 170
    endloop
  endfacet
  facet normal 1 0 0
    outer loop
      vertex 138.7 -280 130
      vertex 138.7 -250 170
      vertex 138.7 -280 170
    endloop
  endfacet
  facet normal 1 0 0
    outer loop
      vertex 138.7 -100 170
      vertex 138.7 -280 130
      vertex 138.7 280 130
    endloop
  endfacet
  facet normal -1 0 0
    outer loop
      vertex 118.7 280 130
      vertex 118.7 250 170
      vertex 118.7 280 170
    endloop
  endfacet
  facet normal -1 0 0
    outer loop
      vertex 118.7 280 130
      vertex 118.7 100 170
      vertex 118.7 250 170
    endloop
  endfacet
  facet normal -1 0 0
    outer loop
      vertex 118.7 280 130
      vertex 118.7 -100 170
      vertex 118.7 100 170
    endloop
  endfacet
  facet normal -1 0 0
    outer loop
      vertex 118.7 -280 130
      vertex 118.7 -100 170
      vertex 118.7 280 130
    endloop
  endfacet
  facet normal -1 -0 0
    outer loop
      vertex 118.7 -100 170
      vertex 118.7 -280 130
      vertex 118.7 -250 170
    endloop
  endfacet
  facet normal -1 -0 0
    outer loop
      vertex 118.7 -250 170
      vertex 118.7 -280 130
      vertex 118.7 -280 170
    endloop
  endfacet
  facet normal 0 0 -1
    outer loop
      vertex 119.9 -280 168.8
      vertex 137.5 280 168.8
      vertex 137.5 -280 168.8
    endloop
  endfacet
  facet normal -0 0 -1
    outer loop
      vertex 137.5 280 168.8
      vertex 119.9 -280 168.8
      vertex 119.9 280 168.8
    endloop
  endfacet
  facet normal -1 0 0
    outer loop
      vertex 137.5 -280 131.2
      vertex 137.5 280 168.8
      vertex 137.5 280 131.2
    endloop
  endfacet
  facet normal -1 -0 0
    outer loop
      vertex 137.5 280 168.8
      vertex 137.5 -280 131.2
      vertex 137.5 -280 168.8
    endloop
  endfacet
  facet normal -0 0 1
    outer loop
      vertex 119.9 280 131.2
      vertex 137.5 -280 131.2
      vertex 137.5 280 131.2
    endloop
  endfacet
  facet normal 0 0 1
    outer loop
      vertex 137.5 -280 131.2
      vertex 119.9 280 131.2
      vertex 119.9 -280 131.2
    endloop
  endfacet
  facet normal 1 -0 0
    outer loop
      vertex 119.9 -280 168.8
      vertex 119.9 280 131.2
      vertex 119.9 280 168.8
    endloop
  endfacet
  facet normal 1 0 0
    outer loop
      vertex 119.9 280 131.2
      vertex 119.9 -280 168.8
      vertex 119.9 -280 131.2
    endloop
  endfacet
  facet normal -1 0 0
    outer loop
      vertex 380 -280 130
      vertex 380 280 170
      vertex 380 280 130
    endloop
  endfacet
  facet normal -1 -0 0
    outer loop
      vertex 380 280 170
      vertex 380 -280 130
      vertex 380 -280 170
    endloop
  endfacet
  facet normal 0 0 -1
    outer loop
      vertex 381.2 -280 168.8
      vertex 398.8 280 168.8
      vertex 398.8 -280 168.8
    endloop
  endfacet
  facet normal -0 0 -1
    outer loop
      vertex 398.8 280 168.8
      vertex 381.2 -280 168.8
      vertex 381.2 280 168.8
    endloop
  endfacet
  facet normal -1 0 0
    outer loop
      vertex 398.8 -280 131.2
      vertex 398.8 280 168.8
      vertex 398.8 280 131.2
    endloop
  endfacet
  facet normal -1 -0 0
    outer loop
      vertex 398.8 280 168.8
      vertex 398.8 -280 131.2
      vertex 398.8 -280 168.8
    endloop
  endfacet
  facet normal -0 0 1
    outer loop
      vertex 381.2 280 131.2
      vertex 398.8 -280 131.2
      vertex 398.8 280 131.2
    endloop
  endfacet
  facet normal 0 0 1
    outer loop
      vertex 398.8 -280 131.2
      vertex 381.2 280 131.2
      vertex 381.2 -280 131.2
    endloop
  endfacet
  facet normal 1 -0 0
    outer loop
      vertex 381.2 -280 168.8
      vertex 381.2 280 131.2
      vertex 381.2 280 168.8
    endloop
  endfacet
  facet normal 1 0 0
    outer loop
      vertex 381.2 280 131.2
      vertex 381.2 -280 168.8
      vertex 381.2 -280 131.2
    endloop
  endfacet
  facet normal 0 0 1
    outer loop
      vertex -398.8 -281.2 450
      vertex -380 -280 450
      vertex -398.8 281.2 450
    endloop
  endfacet
  facet normal 0 0 1
    outer loop
      vertex -380 -280 450
      vertex -398.8 -281.2 450
      vertex -381.2 -281.2 450
    endloop
  endfacet
  facet normal 0 0 1
    outer loop
      vertex 380 280 450
      vertex 398.8 281.2 450
      vertex 381.2 281.2 450
    endloop
  endfacet
  facet normal 0 0 1
    outer loop
      vertex 398.8 281.2 450
      vertex 380 280 450
      vertex 398.8 -281.2 450
    endloop
  endfacet
  facet normal 0 0 1
    outer loop
      vertex 398.8 281.2 450
      vertex 400 300 450
      vertex 398.8 298.8 450
    endloop
  endfacet
  facet normal 0 0 1
    outer loop
      vertex 400 300 450
      vertex 381.2 298.8 450
      vertex 398.8 298.8 450
    endloop
  endfacet
  facet normal 0 0 1
    outer loop
      vertex 380 280 450
      vertex 381.2 281.2 450
      vertex 381.2 298.8 450
    endloop
  endfacet
  facet normal -0 0 1
    outer loop
      vertex 380 -280 450
      vertex 398.8 -281.2 450
      vertex 380 280 450
    endloop
  endfacet
  facet normal 0 0 1
    outer loop
      vertex 398.8 -281.2 450
      vertex 380 -280 450
      vertex 381.2 -281.2 450
    endloop
  endfacet
  facet normal 0 0 1
    outer loop
      vertex 381.2 298.8 450
      vertex 10 280 450
      vertex 380 280 450
    endloop
  endfacet
  facet normal 0 0 1
    outer loop
      vertex -381.2 298.8 450
      vertex 381.2 298.8 450
      vertex 400 300 450
    endloop
  endfacet
  facet normal 0 0 1
    outer loop
      vertex 10 280 450
      vertex -10 280 450
      vertex 10 -280 450
    endloop
  endfacet
  facet normal 0 0 1
    outer loop
      vertex 381.2 298.8 450
      vertex -10 280 450
      vertex 10 280 450
    endloop
  endfacet
  facet normal 0 0 1
    outer loop
      vertex 381.2 298.8 450
      vertex -381.2 298.8 450
      vertex -10 280 450
    endloop
  endfacet
  facet normal -0 0 1
    outer loop
      vertex -381.2 281.2 450
      vertex -380 280 450
      vertex -381.2 298.8 450
    endloop
  endfacet
  facet normal 0 0 1
    outer loop
      vertex -10 280 450
      vertex -381.2 298.8 450
      vertex -380 280 450
    endloop
  endfacet
  facet normal -0 0 1
    outer loop
      vertex -400 300 450
      vertex -381.2 298.8 450
      vertex 400 300 450
    endloop
  endfacet
  facet normal 0 0 1
    outer loop
      vertex -400 300 450
      vertex -398.8 281.2 450
      vertex -398.8 298.8 450
    endloop
  endfacet
  facet normal 0 0 1
    outer loop
      vertex -398.8 281.2 450
      vertex -400 300 450
      vertex -398.8 -281.2 450
    endloop
  endfacet
  facet normal 0 0 1
    outer loop
      vertex -400 -300 450
      vertex -398.8 -281.2 450
      vertex -400 300 450
    endloop
  endfacet
  facet normal 0 0 1
    outer loop
      vertex -381.2 298.8 450
      vertex -400 300 450
      vertex -398.8 298.8 450
    endloop
  endfacet
  facet normal 0 0 1
    outer loop
      vertex 400 300 450
      vertex 398.8 281.2 450
      vertex 400 -300 450
    endloop
  endfacet
  facet normal -0 0 1
    outer loop
      vertex 398.8 -281.2 450
      vertex 400 -300 450
      vertex 398.8 281.2 450
    endloop
  endfacet
  facet normal -0 0 1
    outer loop
      vertex 398.8 -298.8 450
      vertex 400 -300 450
      vertex 398.8 -281.2 450
    endloop
  endfacet
  facet normal -0 0 1
    outer loop
      vertex 381.2 -298.8 450
      vertex 400 -300 450
      vertex 398.8 -298.8 450
    endloop
  endfacet
  facet normal 0 0 1
    outer loop
      vertex 381.2 -281.2 450
      vertex 380 -280 450
      vertex 381.2 -298.8 450
    endloop
  endfacet
  facet normal -0 0 1
    outer loop
      vertex 10 -280 450
      vertex 381.2 -298.8 450
      vertex 380 -280 450
    endloop
  endfacet
  facet normal -0 0 1
    outer loop
      vertex -10 -280 450
      vertex 381.2 -298.8 450
      vertex 10 -280 450
    endloop
  endfacet
  facet normal 0 0 1
    outer loop
      vertex -10 -280 450
      vertex 10 -280 450
      vertex -10 280 450
    endloop
  endfacet
  facet normal 0 0 1
    outer loop
      vertex -381.2 -298.8 450
      vertex 381.2 -298.8 450
      vertex -10 -280 450
    endloop
  endfacet
  facet normal 0 0 1
    outer loop
      vertex -381.2 -298.8 450
      vertex -10 -280 450
      vertex -380 -280 450
    endloop
  endfacet
  facet normal -0 0 1
    outer loop
      vertex -398.8 281.2 450
      vertex -380 280 450
      vertex -381.2 281.2 450
    endloop
  endfacet
  facet normal 0 0 1
    outer loop
      vertex -380 280 450
      vertex -398.8 281.2 450
      vertex -380 -280 450
    endloop
  endfacet
  facet normal 0 0 1
    outer loop
      vertex -381.2 -298.8 450
      vertex -380 -280 450
      vertex -381.2 -281.2 450
    endloop
  endfacet
  facet normal 0 0 1
    outer loop
      vertex 381.2 -298.8 450
      vertex -381.2 -298.8 450
      vertex 400 -300 450
    endloop
  endfacet
  facet normal 0 0 1
    outer loop
      vertex -400 -300 450
      vertex -381.2 -298.8 450
      vertex -398.8 -298.8 450
    endloop
  endfacet
  facet normal 0 0 1
    outer loop
      vertex -381.2 -298.8 450
      vertex -400 -300 450
      vertex 400 -300 450
    endloop
  endfacet
  facet normal 0 0 1
    outer loop
      vertex -398.8 -281.2 450
      vertex -400 -300 450
      vertex -398.8 -298.8 450
    endloop
  endfacet
  facet normal -1 0 0
    outer loop
      vertex 380 280 170
      vertex 380 300 430
      vertex 380 300 170
    endloop
  endfacet
  facet normal -1 -0 0
    outer loop
      vertex 380 300 430
      vertex 380 280 170
      vertex 380 280 430
    endloop
  endfacet
  facet normal -1 0 0
    outer loop
      vertex 380 281.2 431.2
      vertex 380 298.8 448.8
      vertex 380 298.8 431.2
    endloop
  endfacet
  facet normal -1 -0 0
    outer loop
      vertex 380 298.8 448.8
      vertex 380 281.2 431.2
      vertex 380 281.2 448.8
    endloop
  endfacet
  facet normal 0 -1 0
    outer loop
      vertex 380 280 430
      vertex 398 280 280
      vertex 400 280 430
    endloop
  endfacet
  facet normal 0 -1 0
    outer loop
      vertex 380 280 170
      vertex 398 280 280
      vertex 380 280 430
    endloop
  endfacet
  facet normal 0 -1 0
    outer loop
      vertex 398 280 180
      vertex 400 280 176
      vertex 400 280 180
    endloop
  endfacet
  facet normal 0 -1 -0
    outer loop
      vertex 398 280 280
      vertex 380 280 170
      vertex 398 280 180
    endloop
  endfacet
  facet normal 0 -1 0
    outer loop
      vertex 380 280 170
      vertex 400 280 176
      vertex 398 280 180
    endloop
  endfacet
  facet normal 0 -1 -0
    outer loop
      vertex 400 280 176
      vertex 380 280 170
      vertex 400 280 170
    endloop
  endfacet
  facet normal 0 -1 -0
    outer loop
      vertex 400 280 430
      vertex 398 280 280
      vertex 400 280 280
    endloop
  endfacet
  facet normal 0 -1 0
    outer loop
      vertex 381.2 280 431.2
      vertex 398.8 280 448.8
      vertex 381.2 280 448.8
    endloop
  endfacet
  facet normal 0 -1 -0
    outer loop
      vertex 398.8 280 448.8
      vertex 381.2 280 431.2
      vertex 398.8 280 431.2
    endloop
  endfacet
  facet normal 1 -0 0
    outer loop
      vertex 381.2 281.2 450
      vertex 381.2 298.8 170
      vertex 381.2 298.8 450
    endloop
  endfacet
  facet normal 1 0 0
    outer loop
      vertex 381.2 298.8 170
      vertex 381.2 281.2 450
      vertex 381.2 281.2 170
    endloop
  endfacet
  facet normal 0 -1 0
    outer loop
      vertex 381.2 298.8 450
      vertex 398 298.8 280
      vertex 398.8 298.8 450
    endloop
  endfacet
  facet normal 0 -1 0
    outer loop
      vertex 381.2 298.8 170
      vertex 398 298.8 280
      vertex 381.2 298.8 450
    endloop
  endfacet
  facet normal 0 -1 -0
    outer loop
      vertex 398 298.8 280
      vertex 381.2 298.8 170
      vertex 398 298.8 180
    endloop
  endfacet
  facet normal 0 -1 0
    outer loop
      vertex 398.8 298.8 170
      vertex 398 298.8 180
      vertex 381.2 298.8 170
    endloop
  endfacet
  facet normal 0 -1 0
    outer loop
      vertex 398 298.8 180
      vertex 398.8 298.8 170
      vertex 398.8 298.8 180
    endloop
  endfacet
  facet normal 0 -1 -0
    outer loop
      vertex 398.8 298.8 450
      vertex 398 298.8 280
      vertex 398.8 298.8 280
    endloop
  endfacet
  facet normal -1 0 0
    outer loop
      vertex 398.8 281.2 170
      vertex 398.8 298.8 180
      vertex 398.8 298.8 170
    endloop
  endfacet
  facet normal -1 -0 0
    outer loop
      vertex 398.8 298.8 180
      vertex 398.8 281.2 170
      vertex 398.8 281.2 180
    endloop
  endfacet
  facet normal -1 0 0
    outer loop
      vertex 398.8 281.2 280
      vertex 398.8 298.8 450
      vertex 398.8 298.8 280
    endloop
  endfacet
  facet normal -1 -0 0
    outer loop
      vertex 398.8 298.8 450
      vertex 398.8 281.2 280
      vertex 398.8 281.2 450
    endloop
  endfacet
  facet normal 0 1 0
    outer loop
      vertex 398.8 281.2 180
      vertex 398.8 281.2 170
      vertex 398 281.2 180
    endloop
  endfacet
  facet normal 0 1 0
    outer loop
      vertex 398 281.2 280
      vertex 398.8 281.2 450
      vertex 398.8 281.2 280
    endloop
  endfacet
  facet normal 0 1 0
    outer loop
      vertex 398.8 281.2 450
      vertex 398 281.2 280
      vertex 381.2 281.2 450
    endloop
  endfacet
  facet normal 0 1 0
    outer loop
      vertex 381.2 281.2 170
      vertex 398 281.2 280
      vertex 398 281.2 180
    endloop
  endfacet
  facet normal 0 1 0
    outer loop
      vertex 398 281.2 280
      vertex 381.2 281.2 170
      vertex 381.2 281.2 450
    endloop
  endfacet
  facet normal 0 1 0
    outer loop
      vertex 381.2 281.2 170
      vertex 398 281.2 180
      vertex 398.8 281.2 170
    endloop
  endfacet
  facet normal 0 1 0
    outer loop
      vertex 400 -280 180
      vertex 400 -280 176
      vertex 398 -280 180
    endloop
  endfacet
  facet normal 0 1 0
    outer loop
      vertex 398 -280 280
      vertex 400 -280 430
      vertex 400 -280 280
    endloop
  endfacet
  facet normal 0 1 0
    outer loop
      vertex 400 -280 430
      vertex 398 -280 280
      vertex 380 -280 430
    endloop
  endfacet
  facet normal 0 1 0
    outer loop
      vertex 380 -280 170
      vertex 398 -280 280
      vertex 398 -280 180
    endloop
  endfacet
  facet normal 0 1 0
    outer loop
      vertex 380 -280 170
      vertex 400 -280 176
      vertex 400 -280 170
    endloop
  endfacet
  facet normal 0 1 0
    outer loop
      vertex 398 -280 280
      vertex 380 -280 170
      vertex 380 -280 430
    endloop
  endfacet
  facet normal 0 1 0
    outer loop
      vertex 400 -280 176
      vertex 380 -280 170
      vertex 398 -280 180
    endloop
  endfacet
  facet normal 0 1 -0
    outer loop
      vertex 398.8 -280 431.2
      vertex 381.2 -280 448.8
      vertex 398.8 -280 448.8
    endloop
  endfacet
  facet normal 0 1 0
    outer loop
      vertex 381.2 -280 448.8
      vertex 398.8 -280 431.2
      vertex 381.2 -280 431.2
    endloop
  endfacet
  facet normal -1 0 0
    outer loop
      vertex 380 -300 170
      vertex 380 -280 430
      vertex 380 -280 170
    endloop
  endfacet
  facet normal -1 -0 0
    outer loop
      vertex 380 -280 430
      vertex 380 -300 170
      vertex 380 -300 430
    endloop
  endfacet
  facet normal -1 0 0
    outer loop
      vertex 380 -298.8 431.2
      vertex 380 -281.2 448.8
      vertex 380 -281.2 431.2
    endloop
  endfacet
  facet normal -1 -0 0
    outer loop
      vertex 380 -281.2 448.8
      vertex 380 -298.8 431.2
      vertex 380 -298.8 448.8
    endloop
  endfacet
  facet normal 1 -0 0
    outer loop
      vertex 381.2 -298.8 450
      vertex 381.2 -281.2 170
      vertex 381.2 -281.2 450
    endloop
  endfacet
  facet normal 1 0 0
    outer loop
      vertex 381.2 -281.2 170
      vertex 381.2 -298.8 450
      vertex 381.2 -298.8 170
    endloop
  endfacet
  facet normal 0 -1 0
    outer loop
      vertex 381.2 -281.2 450
      vertex 398 -281.2 280
      vertex 398.8 -281.2 450
    endloop
  endfacet
  facet normal 0 -1 0
    outer loop
      vertex 381.2 -281.2 170
      vertex 398 -281.2 280
      vertex 381.2 -281.2 450
    endloop
  endfacet
  facet normal 0 -1 -0
    outer loop
      vertex 398 -281.2 280
      vertex 381.2 -281.2 170
      vertex 398 -281.2 180
    endloop
  endfacet
  facet normal 0 -1 0
    outer loop
      vertex 398.8 -281.2 170
      vertex 398 -281.2 180
      vertex 381.2 -281.2 170
    endloop
  endfacet
  facet normal 0 -1 0
    outer loop
      vertex 398 -281.2 180
      vertex 398.8 -281.2 170
      vertex 398.8 -281.2 180
    endloop
  endfacet
  facet normal 0 -1 -0
    outer loop
      vertex 398.8 -281.2 450
      vertex 398 -281.2 280
      vertex 398.8 -281.2 280
    endloop
  endfacet
  facet normal -1 0 0
    outer loop
      vertex 398.8 -298.8 170
      vertex 398.8 -281.2 180
      vertex 398.8 -281.2 170
    endloop
  endfacet
  facet normal -1 -0 0
    outer loop
      vertex 398.8 -281.2 180
      vertex 398.8 -298.8 170
      vertex 398.8 -298.8 180
    endloop
  endfacet
  facet normal -1 0 0
    outer loop
      vertex 398.8 -298.8 280
      vertex 398.8 -281.2 450
      vertex 398.8 -281.2 280
    endloop
  endfacet
  facet normal -1 -0 0
    outer loop
      vertex 398.8 -281.2 450
      vertex 398.8 -298.8 280
      vertex 398.8 -298.8 450
    endloop
  endfacet
  facet normal 0 1 0
    outer loop
      vertex 398.8 -298.8 180
      vertex 398.8 -298.8 170
      vertex 398 -298.8 180
    endloop
  endfacet
  facet normal 0 1 0
    outer loop
      vertex 398 -298.8 280
      vertex 398.8 -298.8 450
      vertex 398.8 -298.8 280
    endloop
  endfacet
  facet normal 0 1 0
    outer loop
      vertex 398.8 -298.8 450
      vertex 398 -298.8 280
      vertex 381.2 -298.8 450
    endloop
  endfacet
  facet normal 0 1 0
    outer loop
      vertex 381.2 -298.8 170
      vertex 398 -298.8 280
      vertex 398 -298.8 180
    endloop
  endfacet
  facet normal 0 1 0
    outer loop
      vertex 398 -298.8 280
      vertex 381.2 -298.8 170
      vertex 381.2 -298.8 450
    endloop
  endfacet
  facet normal 0 1 0
    outer loop
      vertex 381.2 -298.8 170
      vertex 398 -298.8 180
      vertex 398.8 -298.8 170
    endloop
  endfacet
  facet normal 0 1 -0
    outer loop
      vertex -380 -280 170
      vertex -400 -280 430
      vertex -380 -280 430
    endloop
  endfacet
  facet normal 0 1 0
    outer loop
      vertex -400 -280 430
      vertex -380 -280 170
      vertex -400 -280 170
    endloop
  endfacet
  facet normal 0 1 -0
    outer loop
      vertex -381.2 -280 431.2
      vertex -398.8 -280 448.8
      vertex -381.2 -280 448.8
    endloop
  endfacet
  facet normal 0 1 0
    outer loop
      vertex -398.8 -280 448.8
      vertex -381.2 -280 431.2
      vertex -398.8 -280 431.2
    endloop
  endfacet
  facet normal 1 -0 0
    outer loop
      vertex -380 -300 430
      vertex -380 -280 170
      vertex -380 -280 430
    endloop
  endfacet
  facet normal 1 0 0
    outer loop
      vertex -380 -280 170
      vertex -380 -300 430
      vertex -380 -300 170
    endloop
  endfacet
  facet normal 1 -0 0
    outer loop
      vertex -380 -298.8 448.8
      vertex -380 -281.2 431.2
      vertex -380 -281.2 448.8
    endloop
  endfacet
  facet normal 1 0 0
    outer loop
      vertex -380 -281.2 431.2
      vertex -380 -298.8 448.8
      vertex -380 -298.8 431.2
    endloop
  endfacet
  facet normal 1 -0 0
    outer loop
      vertex -398.8 -298.8 450
      vertex -398.8 -281.2 170
      vertex -398.8 -281.2 450
    endloop
  endfacet
  facet normal 1 0 0
    outer loop
      vertex -398.8 -281.2 170
      vertex -398.8 -298.8 450
      vertex -398.8 -298.8 170
    endloop
  endfacet
  facet normal 0 -1 0
    outer loop
      vertex -398.8 -281.2 170
      vertex -381.2 -281.2 450
      vertex -398.8 -281.2 450
    endloop
  endfacet
  facet normal 0 -1 -0
    outer loop
      vertex -381.2 -281.2 450
      vertex -398.8 -281.2 170
      vertex -381.2 -281.2 170
    endloop
  endfacet
  facet normal -1 0 0
    outer loop
      vertex -381.2 -298.8 170
      vertex -381.2 -281.2 450
      vertex -381.2 -281.2 170
    endloop
  endfacet
  facet normal -1 -0 0
    outer loop
      vertex -381.2 -281.2 450
      vertex -381.2 -298.8 170
      vertex -381.2 -298.8 450
    endloop
  endfacet
  facet normal 0 1 -0
    outer loop
      vertex -381.2 -298.8 170
      vertex -398.8 -298.8 450
      vertex -381.2 -298.8 450
    endloop
  endfacet
  facet normal 0 1 0
    outer loop
      vertex -398.8 -298.8 450
      vertex -381.2 -298.8 170
      vertex -398.8 -298.8 170
    endloop
  endfacet
  facet normal 0 -1 0
    outer loop
      vertex -400 280 170
      vertex -380 280 430
      vertex -400 280 430
    endloop
  endfacet
  facet normal 0 -1 -0
    outer loop
      vertex -380 280 430
      vertex -400 280 170
      vertex -380 280 170
    endloop
  endfacet
  facet normal 0 -1 0
    outer loop
      vertex -398.8 280 431.2
      vertex -381.2 280 448.8
      vertex -398.8 280 448.8
    endloop
  endfacet
  facet normal 0 -1 -0
    outer loop
      vertex -381.2 280 448.8
      vertex -398.8 280 431.2
      vertex -381.2 280 431.2
    endloop
  endfacet
  facet normal 1 -0 0
    outer loop
      vertex -380 280 430
      vertex -380 300 170
      vertex -380 300 430
    endloop
  endfacet
  facet normal 1 0 0
    outer loop
      vertex -380 300 170
      vertex -380 280 430
      vertex -380 280 170
    endloop
  endfacet
  facet normal 1 -0 0
    outer loop
      vertex -380 281.2 448.8
      vertex -380 298.8 431.2
      vertex -380 298.8 448.8
    endloop
  endfacet
  facet normal 1 0 0
    outer loop
      vertex -380 298.8 431.2
      vertex -380 281.2 448.8
      vertex -380 281.2 431.2
    endloop
  endfacet
  facet normal 1 -0 0
    outer loop
      vertex -398.8 281.2 450
      vertex -398.8 298.8 170
      vertex -398.8 298.8 450
    endloop
  endfacet
  facet normal 1 0 0
    outer loop
      vertex -398.8 298.8 170
      vertex -398.8 281.2 450
      vertex -398.8 281.2 170
    endloop
  endfacet
  facet normal 0 -1 0
    outer loop
      vertex -398.8 298.8 170
      vertex -381.2 298.8 450
      vertex -398.8 298.8 450
    endloop
  endfacet
  facet normal 0 -1 -0
    outer loop
      vertex -381.2 298.8 450
      vertex -398.8 298.8 170
      vertex -381.2 298.8 170
    endloop
  endfacet
  facet normal -1 0 0
    outer loop
      vertex -381.2 281.2 170
      vertex -381.2 298.8 450
      vertex -381.2 298.8 170
    endloop
  endfacet
  facet normal -1 -0 0
    outer loop
      vertex -381.2 298.8 450
      vertex -381.2 281.2 170
      vertex -381.2 281.2 450
    endloop
  endfacet
  facet normal 0 1 -0
    outer loop
      vertex -381.2 281.2 170
      vertex -398.8 281.2 450
      vertex -381.2 281.2 450
    endloop
  endfacet
  facet normal 0 1 0
    outer loop
      vertex -398.8 281.2 450
      vertex -381.2 281.2 170
      vertex -398.8 281.2 170
    endloop
  endfacet
  facet normal 0 -1 0
    outer loop
      vertex 10 280 430
      vertex 380 280 450
      vertex 10 280 450
    endloop
  endfacet
  facet normal 0 -1 -0
    outer loop
      vertex 380 280 450
      vertex 10 280 430
      vertex 380 280 430
    endloop
  endfacet
  facet normal 0 -1 0
    outer loop
      vertex -380 280 430
      vertex -10 280 450
      vertex -380 280 450
    endloop
  endfacet
  facet normal 0 -1 -0
    outer loop
      vertex -10 280 450
      vertex -380 280 430
      vertex -10 280 430
    endloop
  endfacet
  facet normal 0 -1 0
    outer loop
      vertex -8.8 280 431.2
      vertex 8.8 280 448.8
      vertex -8.8 280 448.8
    endloop
  endfacet
  facet normal 0 -1 -0
    outer loop
      vertex 8.8 280 448.8
      vertex -8.8 280 431.2
      vertex 8.8 280 431.2
    endloop
  endfacet
  facet normal 0 0 -1
    outer loop
      vertex 380 -300 430
      vertex 10 -280 430
      vertex 380 -280 430
    endloop
  endfacet
  facet normal 0 0 -1
    outer loop
      vertex 10 -280 430
      vertex -10 -280 430
      vertex 10 280 430
    endloop
  endfacet
  facet normal 0 0 -1
    outer loop
      vertex 380 -300 430
      vertex -10 -280 430
      vertex 10 -280 430
    endloop
  endfacet
  facet normal 0 0 -1
    outer loop
      vertex -380 -300 430
      vertex -10 -280 430
      vertex 380 -300 430
    endloop
  endfacet
  facet normal -0 0 -1
    outer loop
      vertex -10 -280 430
      vertex -380 -300 430
      vertex -380 -280 430
    endloop
  endfacet
  facet normal 0 0 -1
    outer loop
      vertex 10 280 430
      vertex 380 300 430
      vertex 380 280 430
    endloop
  endfacet
  facet normal 0 0 -1
    outer loop
      vertex -10 280 430
      vertex 10 280 430
      vertex -10 -280 430
    endloop
  endfacet
  facet normal 0 0 -1
    outer loop
      vertex -10 280 430
      vertex 380 300 430
      vertex 10 280 430
    endloop
  endfacet
  facet normal 0 0 -1
    outer loop
      vertex -380 300 430
      vertex -10 280 430
      vertex -380 280 430
    endloop
  endfacet
  facet normal 0 0 -1
    outer loop
      vertex -10 280 430
      vertex -380 300 430
      vertex 380 300 430
    endloop
  endfacet
  facet normal 0 0 -1
    outer loop
      vertex -380 281.2 448.8
      vertex 380 298.8 448.8
      vertex 380 281.2 448.8
    endloop
  endfacet
  facet normal -0 0 -1
    outer loop
      vertex 380 298.8 448.8
      vertex -380 281.2 448.8
      vertex -380 298.8 448.8
    endloop
  endfacet
  facet normal 0 -1 0
    outer loop
      vertex -380 298.8 431.2
      vertex 380 298.8 448.8
      vertex -380 298.8 448.8
    endloop
  endfacet
  facet normal 0 -1 -0
    outer loop
      vertex 380 298.8 448.8
      vertex -380 298.8 431.2
      vertex 380 298.8 431.2
    endloop
  endfacet
  facet normal -0 0 1
    outer loop
      vertex -380 298.8 431.2
      vertex 380 281.2 431.2
      vertex 380 298.8 431.2
    endloop
  endfacet
  facet normal 0 0 1
    outer loop
      vertex 380 281.2 431.2
      vertex -380 298.8 431.2
      vertex -380 281.2 431.2
    endloop
  endfacet
  facet normal 0 1 -0
    outer loop
      vertex 380 281.2 431.2
      vertex -380 281.2 448.8
      vertex 380 281.2 448.8
    endloop
  endfacet
  facet normal 0 1 0
    outer loop
      vertex -380 281.2 448.8
      vertex 380 281.2 431.2
      vertex -380 281.2 431.2
    endloop
  endfacet
  facet normal 0 1 -0
    outer loop
      vertex -10 -280 430
      vertex -380 -280 450
      vertex -10 -280 450
    endloop
  endfacet
  facet normal 0 1 0
    outer loop
      vertex -380 -280 450
      vertex -10 -280 430
      vertex -380 -280 430
    endloop
  endfacet
  facet normal 0 1 -0
    outer loop
      vertex 380 -280 430
      vertex 10 -280 450
      vertex 380 -280 450
    endloop
  endfacet
  facet normal 0 1 0
    outer loop
      vertex 10 -280 450
      vertex 380 -280 430
      vertex 10 -280 430
    endloop
  endfacet
  facet normal 0 1 -0
    outer loop
      vertex 8.8 -280 431.2
      vertex -8.8 -280 448.8
      vertex 8.8 -280 448.8
    endloop
  endfacet
  facet normal 0 1 0
    outer loop
      vertex -8.8 -280 448.8
      vertex 8.8 -280 431.2
      vertex -8.8 -280 431.2
    endloop
  endfacet
  facet normal 0 0 -1
    outer loop
      vertex -380 -298.8 448.8
      vertex 380 -281.2 448.8
      vertex 380 -298.8 448.8
    endloop
  endfacet
  facet normal -0 0 -1
    outer loop
      vertex 380 -281.2 448.8
      vertex -380 -298.8 448.8
      vertex -380 -281.2 448.8
    endloop
  endfacet
  facet normal 0 -1 0
    outer loop
      vertex -380 -281.2 431.2
      vertex 380 -281.2 448.8
      vertex -380 -281.2 448.8
    endloop
  endfacet
  facet normal 0 -1 -0
    outer loop
      vertex 380 -281.2 448.8
      vertex -380 -281.2 431.2
      vertex 380 -281.2 431.2
    endloop
  endfacet
  facet normal -0 0 1
    outer loop
      vertex -380 -281.2 431.2
      vertex 380 -298.8 431.2
      vertex 380 -281.2 431.2
    endloop
  endfacet
  facet normal 0 0 1
    outer loop
      vertex 380 -298.8 431.2
      vertex -380 -281.2 431.2
      vertex -380 -298.8 431.2
    endloop
  endfacet
  facet normal 0 1 -0
    outer loop
      vertex 380 -298.8 431.2
      vertex -380 -298.8 448.8
      vertex 380 -298.8 448.8
    endloop
  endfacet
  facet normal 0 1 0
    outer loop
      vertex -380 -298.8 448.8
      vertex 380 -298.8 431.2
      vertex -380 -298.8 431.2
    endloop
  endfacet
  facet normal 0 0 -1
    outer loop
      vertex 380 -280 430
      vertex 400 280 430
      vertex 400 -280 430
    endloop
  endfacet
  facet normal -0 0 -1
    outer loop
      vertex 400 280 430
      vertex 380 -280 430
      vertex 380 280 430
    endloop
  endfacet
  facet normal -1 0 0
    outer loop
      vertex 380 -280 430
      vertex 380 280 450
      vertex 380 280 430
    endloop
  endfacet
  facet normal -1 -0 0
    outer loop
      vertex 380 280 450
      vertex 380 -280 430
      vertex 380 -280 450
    endloop
  endfacet
  facet normal 1 -0 0
    outer loop
      vertex 381.2 -280 448.8
      vertex 381.2 280 431.2
      vertex 381.2 280 448.8
    endloop
  endfacet
  facet normal 1 0 0
    outer loop
      vertex 381.2 280 431.2
      vertex 381.2 -280 448.8
      vertex 381.2 -280 431.2
    endloop
  endfacet
  facet normal -0 0 1
    outer loop
      vertex 381.2 280 431.2
      vertex 398.8 -280 431.2
      vertex 398.8 280 431.2
    endloop
  endfacet
  facet normal 0 0 1
    outer loop
      vertex 398.8 -280 431.2
      vertex 381.2 280 431.2
      vertex 381.2 -280 431.2
    endloop
  endfacet
  facet normal -1 0 0
    outer loop
      vertex 398.8 -280 431.2
      vertex 398.8 280 448.8
      vertex 398.8 280 431.2
    endloop
  endfacet
  facet normal -1 -0 0
    outer loop
      vertex 398.8 280 448.8
      vertex 398.8 -280 431.2
      vertex 398.8 -280 448.8
    endloop
  endfacet
  facet normal 0 0 -1
    outer loop
      vertex 381.2 -280 448.8
      vertex 398.8 280 448.8
      vertex 398.8 -280 448.8
    endloop
  endfacet
  facet normal -0 0 -1
    outer loop
      vertex 398.8 280 448.8
      vertex 381.2 -280 448.8
      vertex 381.2 280 448.8
    endloop
  endfacet
  facet normal -1 0 0
    outer loop
      vertex -10 -280 430
      vertex -10 280 450
      vertex -10 280 430
    endloop
  endfacet
  facet normal -1 -0 0
    outer loop
      vertex -10 280 450
      vertex -10 -280 430
      vertex -10 -280 450
    endloop
  endfacet
  facet normal 1 -0 0
    outer loop
      vertex 10 -280 450
      vertex 10 280 430
      vertex 10 280 450
    endloop
  endfacet
  facet normal 1 0 0
    outer loop
      vertex 10 280 430
      vertex 10 -280 450
      vertex 10 -280 430
    endloop
  endfacet
  facet normal 1 -0 0
    outer loop
      vertex -8.8 -280 448.8
      vertex -8.8 280 431.2
      vertex -8.8 280 448.8
    endloop
  endfacet
  facet normal 1 0 0
    outer loop
      vertex -8.8 280 431.2
      vertex -8.8 -280 448.8
      vertex -8.8 -280 431.2
    endloop
  endfacet
  facet normal -0 0 1
    outer loop
      vertex -8.8 280 431.2
      vertex 8.8 -280 431.2
      vertex 8.8 280 431.2
    endloop
  endfacet
  facet normal 0 0 1
    outer loop
      vertex 8.8 -280 431.2
      vertex -8.8 280 431.2
      vertex -8.8 -280 431.2
    endloop
  endfacet
  facet normal -1 0 0
    outer loop
      vertex 8.8 -280 431.2
      vertex 8.8 280 448.8
      vertex 8.8 280 431.2
    endloop
  endfacet
  facet normal -1 -0 0
    outer loop
      vertex 8.8 280 448.8
      vertex 8.8 -280 431.2
      vertex 8.8 -280 448.8
    endloop
  endfacet
  facet normal 0 0 -1
    outer loop
      vertex -8.8 -280 448.8
      vertex 8.8 280 448.8
      vertex 8.8 -280 448.8
    endloop
  endfacet
  facet normal -0 0 -1
    outer loop
      vertex 8.8 280 448.8
      vertex -8.8 -280 448.8
      vertex -8.8 280 448.8
    endloop
  endfacet
  facet normal 0 0 -1
    outer loop
      vertex -400 -280 430
      vertex -380 280 430
      vertex -380 -280 430
    endloop
  endfacet
  facet normal -0 0 -1
    outer loop
      vertex -380 280 430
      vertex -400 -280 430
      vertex -400 280 430
    endloop
  endfacet
  facet normal 1 -0 0
    outer loop
      vertex -380 -280 450
      vertex -380 280 430
      vertex -380 280 450
    endloop
  endfacet
  facet normal 1 0 0
    outer loop
      vertex -380 280 430
      vertex -380 -280 450
      vertex -380 -280 430
    endloop
  endfacet
  facet normal 1 -0 0
    outer loop
      vertex -398.8 -280 448.8
      vertex -398.8 280 431.2
      vertex -398.8 280 448.8
    endloop
  endfacet
  facet normal 1 0 0
    outer loop
      vertex -398.8 280 431.2
      vertex -398.8 -280 448.8
      vertex -398.8 -280 431.2
    endloop
  endfacet
  facet normal -0 0 1
    outer loop
      vertex -398.8 280 431.2
      vertex -381.2 -280 431.2
      vertex -381.2 280 431.2
    endloop
  endfacet
  facet normal 0 0 1
    outer loop
      vertex -381.2 -280 431.2
      vertex -398.8 280 431.2
      vertex -398.8 -280 431.2
    endloop
  endfacet
  facet normal -1 0 0
    outer loop
      vertex -381.2 -280 431.2
      vertex -381.2 280 448.8
      vertex -381.2 280 431.2
    endloop
  endfacet
  facet normal -1 -0 0
    outer loop
      vertex -381.2 280 448.8
      vertex -381.2 -280 431.2
      vertex -381.2 -280 448.8
    endloop
  endfacet
  facet normal 0 0 -1
    outer loop
      vertex -398.8 -280 448.8
      vertex -381.2 280 448.8
      vertex -381.2 -280 448.8
    endloop
  endfacet
  facet normal -0 0 -1
    outer loop
      vertex -381.2 280 448.8
      vertex -398.8 -280 448.8
      vertex -398.8 280 448.8
    endloop
  endfacet
  facet normal 0 -1 0
    outer loop
      vertex 210 -240 66.4914
      vertex 210 -240 67.5
      vertex 208.059 -240 67.2444
    endloop
  endfacet
  facet normal 0 -1 0
    outer loop
      vertex 208.32 -240 66.2702
      vertex 208.059 -240 67.2444
      vertex 206.25 -240 66.4952
    endloop
  endfacet
  facet normal 0 -1 0
    outer loop
      vertex 210 -240 67.5
      vertex 210 -240 66.4914
      vertex 211.941 -240 67.2444
    endloop
  endfacet
  facet normal 0 -1 0
    outer loop
      vertex 211.68 -240 66.2702
      vertex 211.941 -240 67.2444
      vertex 210 -240 66.4914
    endloop
  endfacet
  facet normal 0 -1 0
    outer loop
      vertex 208.059 -240 67.2444
      vertex 208.32 -240 66.2702
      vertex 210 -240 66.4914
    endloop
  endfacet
  facet normal 0 -1 0
    outer loop
      vertex 206.25 -240 66.4952
      vertex 206.754 -240 65.6217
      vertex 208.32 -240 66.2702
    endloop
  endfacet
  facet normal 0 -1 0
    outer loop
      vertex 204.697 -240 65.3033
      vertex 206.754 -240 65.6217
      vertex 206.25 -240 66.4952
    endloop
  endfacet
  facet normal 0 -1 0
    outer loop
      vertex 204.697 -240 65.3033
      vertex 205.41 -240 64.5901
      vertex 206.754 -240 65.6217
    endloop
  endfacet
  facet normal 0 -1 0
    outer loop
      vertex 203.505 -240 63.75
      vertex 205.41 -240 64.5901
      vertex 204.697 -240 65.3033
    endloop
  endfacet
  facet normal 0 -1 0
    outer loop
      vertex 203.505 -240 63.75
      vertex 204.378 -240 63.2457
      vertex 205.41 -240 64.5901
    endloop
  endfacet
  facet normal 0 -1 0
    outer loop
      vertex 202.756 -240 61.9411
      vertex 204.378 -240 63.2457
      vertex 203.505 -240 63.75
    endloop
  endfacet
  facet normal 0 -1 0
    outer loop
      vertex 202.756 -240 61.9411
      vertex 203.73 -240 61.6801
      vertex 204.378 -240 63.2457
    endloop
  endfacet
  facet normal 0 -1 0
    outer loop
      vertex 202.5 -240 60
      vertex 203.73 -240 61.6801
      vertex 202.756 -240 61.9411
    endloop
  endfacet
  facet normal 0 -1 0
    outer loop
      vertex 202.5 -240 60
      vertex 203.509 -240 60
      vertex 203.73 -240 61.6801
    endloop
  endfacet
  facet normal 0 -1 0
    outer loop
      vertex 202.5 -240 60
      vertex 203.73 -240 58.3199
      vertex 203.509 -240 60
    endloop
  endfacet
  facet normal 0 -1 0
    outer loop
      vertex 202.756 -240 58.0589
      vertex 203.73 -240 58.3199
      vertex 202.5 -240 60
    endloop
  endfacet
  facet normal 0 -1 0
    outer loop
      vertex 202.756 -240 58.0589
      vertex 204.378 -240 56.7543
      vertex 203.73 -240 58.3199
    endloop
  endfacet
  facet normal 0 -1 0
    outer loop
      vertex 203.505 -240 56.25
      vertex 204.378 -240 56.7543
      vertex 202.756 -240 58.0589
    endloop
  endfacet
  facet normal 0 -1 0
    outer loop
      vertex 203.505 -240 56.25
      vertex 205.41 -240 55.4099
      vertex 204.378 -240 56.7543
    endloop
  endfacet
  facet normal 0 -1 0
    outer loop
      vertex 204.697 -240 54.6967
      vertex 205.41 -240 55.4099
      vertex 203.505 -240 56.25
    endloop
  endfacet
  facet normal 0 -1 0
    outer loop
      vertex 204.697 -240 54.6967
      vertex 206.754 -240 54.3783
      vertex 205.41 -240 55.4099
    endloop
  endfacet
  facet normal 0 -1 0
    outer loop
      vertex 206.25 -240 53.5048
      vertex 206.754 -240 54.3783
      vertex 204.697 -240 54.6967
    endloop
  endfacet
  facet normal 0 -1 0
    outer loop
      vertex 208.059 -240 52.7556
      vertex 208.32 -240 53.7298
      vertex 206.25 -240 53.5048
    endloop
  endfacet
  facet normal 0 -1 -0
    outer loop
      vertex 206.754 -240 54.3783
      vertex 206.25 -240 53.5048
      vertex 208.32 -240 53.7298
    endloop
  endfacet
  facet normal 0 -1 -0
    outer loop
      vertex 211.941 -240 67.2444
      vertex 211.68 -240 66.2702
      vertex 213.75 -240 66.4952
    endloop
  endfacet
  facet normal 0 -1 0
    outer loop
      vertex 213.246 -240 65.6217
      vertex 213.75 -240 66.4952
      vertex 211.68 -240 66.2702
    endloop
  endfacet
  facet normal 0 -1 0
    outer loop
      vertex 213.246 -240 65.6217
      vertex 215.303 -240 65.3033
      vertex 213.75 -240 66.4952
    endloop
  endfacet
  facet normal 0 -1 0
    outer loop
      vertex 214.59 -240 64.5901
      vertex 215.303 -240 65.3033
      vertex 213.246 -240 65.6217
    endloop
  endfacet
  facet normal 0 -1 0
    outer loop
      vertex 214.59 -240 64.5901
      vertex 216.495 -240 63.75
      vertex 215.303 -240 65.3033
    endloop
  endfacet
  facet normal 0 -1 0
    outer loop
      vertex 215.622 -240 63.2457
      vertex 216.495 -240 63.75
      vertex 214.59 -240 64.5901
    endloop
  endfacet
  facet normal 0 -1 0
    outer loop
      vertex 215.622 -240 63.2457
      vertex 217.244 -240 61.9411
      vertex 216.495 -240 63.75
    endloop
  endfacet
  facet normal 0 -1 0
    outer loop
      vertex 216.27 -240 61.6801
      vertex 217.244 -240 61.9411
      vertex 215.622 -240 63.2457
    endloop
  endfacet
  facet normal 0 -1 0
    outer loop
      vertex 216.491 -240 60
      vertex 217.244 -240 61.9411
      vertex 216.27 -240 61.6801
    endloop
  endfacet
  facet normal 0 -1 0
    outer loop
      vertex 216.491 -240 60
      vertex 217.5 -240 60
      vertex 217.244 -240 61.9411
    endloop
  endfacet
  facet normal 0 -1 0
    outer loop
      vertex 216.27 -240 58.3199
      vertex 217.5 -240 60
      vertex 216.491 -240 60
    endloop
  endfacet
  facet normal 0 -1 0
    outer loop
      vertex 216.27 -240 58.3199
      vertex 217.244 -240 58.0589
      vertex 217.5 -240 60
    endloop
  endfacet
  facet normal 0 -1 0
    outer loop
      vertex 215.622 -240 56.7543
      vertex 217.244 -240 58.0589
      vertex 216.27 -240 58.3199
    endloop
  endfacet
  facet normal 0 -1 0
    outer loop
      vertex 215.622 -240 56.7543
      vertex 216.495 -240 56.25
      vertex 217.244 -240 58.0589
    endloop
  endfacet
  facet normal 0 -1 0
    outer loop
      vertex 214.59 -240 55.4099
      vertex 216.495 -240 56.25
      vertex 215.622 -240 56.7543
    endloop
  endfacet
  facet normal 0 -1 0
    outer loop
      vertex 214.59 -240 55.4099
      vertex 215.303 -240 54.6967
      vertex 216.495 -240 56.25
    endloop
  endfacet
  facet normal 0 -1 0
    outer loop
      vertex 213.246 -240 54.3783
      vertex 215.303 -240 54.6967
      vertex 214.59 -240 55.4099
    endloop
  endfacet
  facet normal 0 -1 0
    outer loop
      vertex 213.75 -240 53.5048
      vertex 213.246 -240 54.3783
      vertex 211.68 -240 53.7298
    endloop
  endfacet
  facet normal 0 -1 0
    outer loop
      vertex 213.246 -240 54.3783
      vertex 213.75 -240 53.5048
      vertex 215.303 -240 54.6967
    endloop
  endfacet
  facet normal 0 -1 0
    outer loop
      vertex 211.941 -240 52.7556
      vertex 211.68 -240 53.7298
      vertex 210 -240 53.5086
    endloop
  endfacet
  facet normal 0 -1 -0
    outer loop
      vertex 208.32 -240 53.7298
      vertex 208.059 -240 52.7556
      vertex 210 -240 53.5086
    endloop
  endfacet
  facet normal 0 -1 0
    outer loop
      vertex 210 -240 52.5
      vertex 210 -240 53.5086
      vertex 208.059 -240 52.7556
    endloop
  endfacet
  facet normal 0 -1 0
    outer loop
      vertex 211.68 -240 53.7298
      vertex 211.941 -240 52.7556
      vertex 213.75 -240 53.5048
    endloop
  endfacet
  facet normal 0 -1 0
    outer loop
      vertex 210 -240 53.5086
      vertex 210 -240 52.5
      vertex 211.941 -240 52.7556
    endloop
  endfacet
  facet normal 0 1 0
    outer loop
      vertex 210 240 66.4914
      vertex 210 240 67.5
      vertex 211.941 240 67.2444
    endloop
  endfacet
  facet normal 0 1 0
    outer loop
      vertex 211.68 240 66.2702
      vertex 211.941 240 67.2444
      vertex 213.75 240 66.4952
    endloop
  endfacet
  facet normal 0 1 0
    outer loop
      vertex 210 240 67.5
      vertex 210 240 66.4914
      vertex 208.059 240 67.2444
    endloop
  endfacet
  facet normal 0 1 -0
    outer loop
      vertex 208.32 240 66.2702
      vertex 208.059 240 67.2444
      vertex 210 240 66.4914
    endloop
  endfacet
  facet normal 0 1 0
    outer loop
      vertex 211.941 240 67.2444
      vertex 211.68 240 66.2702
      vertex 210 240 66.4914
    endloop
  endfacet
  facet normal 0 1 0
    outer loop
      vertex 213.75 240 66.4952
      vertex 213.246 240 65.6217
      vertex 211.68 240 66.2702
    endloop
  endfacet
  facet normal 0 1 0
    outer loop
      vertex 215.303 240 65.3033
      vertex 213.246 240 65.6217
      vertex 213.75 240 66.4952
    endloop
  endfacet
  facet normal 0 1 0
    outer loop
      vertex 215.303 240 65.3033
      vertex 214.59 240 64.5901
      vertex 213.246 240 65.6217
    endloop
  endfacet
  facet normal 0 1 0
    outer loop
      vertex 216.495 240 63.75
      vertex 214.59 240 64.5901
      vertex 215.303 240 65.3033
    endloop
  endfacet
  facet normal 0 1 0
    outer loop
      vertex 216.495 240 63.75
      vertex 215.622 240 63.2457
      vertex 214.59 240 64.5901
    endloop
  endfacet
  facet normal 0 1 0
    outer loop
      vertex 217.244 240 61.9411
      vertex 215.622 240 63.2457
      vertex 216.495 240 63.75
    endloop
  endfacet
  facet normal 0 1 0
    outer loop
      vertex 217.244 240 61.9411
      vertex 216.27 240 61.6801
      vertex 215.622 240 63.2457
    endloop
  endfacet
  facet normal 0 1 0
    outer loop
      vertex 217.5 240 60
      vertex 216.27 240 61.6801
      vertex 217.244 240 61.9411
    endloop
  endfacet
  facet normal 0 1 0
    outer loop
      vertex 217.5 240 60
      vertex 216.491 240 60
      vertex 216.27 240 61.6801
    endloop
  endfacet
  facet normal 0 1 0
    outer loop
      vertex 217.5 240 60
      vertex 216.27 240 58.3199
      vertex 216.491 240 60
    endloop
  endfacet
  facet normal 0 1 -0
    outer loop
      vertex 217.244 240 58.0589
      vertex 216.27 240 58.3199
      vertex 217.5 240 60
    endloop
  endfacet
  facet normal 0 1 0
    outer loop
      vertex 217.244 240 58.0589
      vertex 215.622 240 56.7543
      vertex 216.27 240 58.3199
    endloop
  endfacet
  facet normal 0 1 -0
    outer loop
      vertex 216.495 240 56.25
      vertex 215.622 240 56.7543
      vertex 217.244 240 58.0589
    endloop
  endfacet
  facet normal 0 1 0
    outer loop
      vertex 216.495 240 56.25
      vertex 214.59 240 55.4099
      vertex 215.622 240 56.7543
    endloop
  endfacet
  facet normal 0 1 -0
    outer loop
      vertex 215.303 240 54.6967
      vertex 214.59 240 55.4099
      vertex 216.495 240 56.25
    endloop
  endfacet
  facet normal 0 1 0
    outer loop
      vertex 215.303 240 54.6967
      vertex 213.246 240 54.3783
      vertex 214.59 240 55.4099
    endloop
  endfacet
  facet normal 0 1 -0
    outer loop
      vertex 213.75 240 53.5048
      vertex 213.246 240 54.3783
      vertex 215.303 240 54.6967
    endloop
  endfacet
  facet normal 0 1 -0
    outer loop
      vertex 211.941 240 52.7556
      vertex 211.68 240 53.7298
      vertex 213.75 240 53.5048
    endloop
  endfacet
  facet normal 0 1 0
    outer loop
      vertex 213.246 240 54.3783
      vertex 213.75 240 53.5048
      vertex 211.68 240 53.7298
    endloop
  endfacet
  facet normal 0 1 0
    outer loop
      vertex 208.059 240 67.2444
      vertex 208.32 240 66.2702
      vertex 206.25 240 66.4952
    endloop
  endfacet
  facet normal 0 1 -0
    outer loop
      vertex 206.754 240 65.6217
      vertex 206.25 240 66.4952
      vertex 208.32 240 66.2702
    endloop
  endfacet
  facet normal 0 1 0
    outer loop
      vertex 206.754 240 65.6217
      vertex 204.697 240 65.3033
      vertex 206.25 240 66.4952
    endloop
  endfacet
  facet normal 0 1 -0
    outer loop
      vertex 205.41 240 64.5901
      vertex 204.697 240 65.3033
      vertex 206.754 240 65.6217
    endloop
  endfacet
  facet normal 0 1 0
    outer loop
      vertex 205.41 240 64.5901
      vertex 203.505 240 63.75
      vertex 204.697 240 65.3033
    endloop
  endfacet
  facet normal 0 1 -0
    outer loop
      vertex 204.378 240 63.2457
      vertex 203.505 240 63.75
      vertex 205.41 240 64.5901
    endloop
  endfacet
  facet normal 0 1 0
    outer loop
      vertex 204.378 240 63.2457
      vertex 202.756 240 61.9411
      vertex 203.505 240 63.75
    endloop
  endfacet
  facet normal 0 1 -0
    outer loop
      vertex 203.73 240 61.6801
      vertex 202.756 240 61.9411
      vertex 204.378 240 63.2457
    endloop
  endfacet
  facet normal 0 1 -0
    outer loop
      vertex 203.509 240 60
      vertex 202.756 240 61.9411
      vertex 203.73 240 61.6801
    endloop
  endfacet
  facet normal 0 1 0
    outer loop
      vertex 203.509 240 60
      vertex 202.5 240 60
      vertex 202.756 240 61.9411
    endloop
  endfacet
  facet normal 0 1 0
    outer loop
      vertex 203.73 240 58.3199
      vertex 202.5 240 60
      vertex 203.509 240 60
    endloop
  endfacet
  facet normal 0 1 0
    outer loop
      vertex 203.73 240 58.3199
      vertex 202.756 240 58.0589
      vertex 202.5 240 60
    endloop
  endfacet
  facet normal 0 1 0
    outer loop
      vertex 204.378 240 56.7543
      vertex 202.756 240 58.0589
      vertex 203.73 240 58.3199
    endloop
  endfacet
  facet normal 0 1 0
    outer loop
      vertex 204.378 240 56.7543
      vertex 203.505 240 56.25
      vertex 202.756 240 58.0589
    endloop
  endfacet
  facet normal 0 1 0
    outer loop
      vertex 205.41 240 55.4099
      vertex 203.505 240 56.25
      vertex 204.378 240 56.7543
    endloop
  endfacet
  facet normal 0 1 0
    outer loop
      vertex 205.41 240 55.4099
      vertex 204.697 240 54.6967
      vertex 203.505 240 56.25
    endloop
  endfacet
  facet normal 0 1 0
    outer loop
      vertex 206.754 240 54.3783
      vertex 204.697 240 54.6967
      vertex 205.41 240 55.4099
    endloop
  endfacet
  facet normal 0 1 0
    outer loop
      vertex 206.25 240 53.5048
      vertex 206.754 240 54.3783
      vertex 208.32 240 53.7298
    endloop
  endfacet
  facet normal 0 1 0
    outer loop
      vertex 206.754 240 54.3783
      vertex 206.25 240 53.5048
      vertex 204.697 240 54.6967
    endloop
  endfacet
  facet normal 0 1 0
    outer loop
      vertex 208.059 240 52.7556
      vertex 208.32 240 53.7298
      vertex 210 240 53.5086
    endloop
  endfacet
  facet normal 0 1 0
    outer loop
      vertex 211.68 240 53.7298
      vertex 211.941 240 52.7556
      vertex 210 240 53.5086
    endloop
  endfacet
  facet normal 0 1 0
    outer loop
      vertex 210 240 52.5
      vertex 210 240 53.5086
      vertex 211.941 240 52.7556
    endloop
  endfacet
  facet normal 0 1 0
    outer loop
      vertex 208.32 240 53.7298
      vertex 208.059 240 52.7556
      vertex 206.25 240 53.5048
    endloop
  endfacet
  facet normal 0 1 0
    outer loop
      vertex 210 240 53.5086
      vertex 210 240 52.5
      vertex 208.059 240 52.7556
    endloop
  endfacet
  facet normal -0.382634 0 0.9239
    outer loop
      vertex 206.25 240 66.4952
      vertex 208.059 -240 67.2444
      vertex 208.059 240 67.2444
    endloop
  endfacet
  facet normal -0.382634 0 0.9239
    outer loop
      vertex 208.059 -240 67.2444
      vertex 206.25 240 66.4952
      vertex 206.25 -240 66.4952
    endloop
  endfacet
  facet normal -0.608839 0 0.793294
    outer loop
      vertex 204.697 240 65.3033
      vertex 206.25 -240 66.4952
      vertex 206.25 240 66.4952
    endloop
  endfacet
  facet normal -0.608839 0 0.793294
    outer loop
      vertex 206.25 -240 66.4952
      vertex 204.697 240 65.3033
      vertex 204.697 -240 65.3033
    endloop
  endfacet
  facet normal -0.793326 0 0.608797
    outer loop
      vertex 203.505 -240 63.75
      vertex 204.697 240 65.3033
      vertex 203.505 240 63.75
    endloop
  endfacet
  facet normal -0.793326 0 0.608797
    outer loop
      vertex 204.697 240 65.3033
      vertex 203.505 -240 63.75
      vertex 204.697 -240 65.3033
    endloop
  endfacet
  facet normal -0.923928 0 0.382565
    outer loop
      vertex 202.756 -240 61.9411
      vertex 203.505 240 63.75
      vertex 202.756 240 61.9411
    endloop
  endfacet
  facet normal -0.923928 0 0.382565
    outer loop
      vertex 203.505 240 63.75
      vertex 202.756 -240 61.9411
      vertex 203.505 -240 63.75
    endloop
  endfacet
  facet normal -0.991415 0 0.130752
    outer loop
      vertex 202.5 -240 60
      vertex 202.756 240 61.9411
      vertex 202.5 240 60
    endloop
  endfacet
  facet normal -0.991415 0 0.130752
    outer loop
      vertex 202.756 240 61.9411
      vertex 202.5 -240 60
      vertex 202.756 -240 61.9411
    endloop
  endfacet
  facet normal -0.991415 0 -0.130752
    outer loop
      vertex 202.756 -240 58.0589
      vertex 202.5 240 60
      vertex 202.756 240 58.0589
    endloop
  endfacet
  facet normal -0.991415 -0 -0.130752
    outer loop
      vertex 202.5 240 60
      vertex 202.756 -240 58.0589
      vertex 202.5 -240 60
    endloop
  endfacet
  facet normal -0.923928 0 -0.382565
    outer loop
      vertex 203.505 -240 56.25
      vertex 202.756 240 58.0589
      vertex 203.505 240 56.25
    endloop
  endfacet
  facet normal -0.923928 -0 -0.382565
    outer loop
      vertex 202.756 240 58.0589
      vertex 203.505 -240 56.25
      vertex 202.756 -240 58.0589
    endloop
  endfacet
  facet normal -0.793326 0 -0.608797
    outer loop
      vertex 204.697 -240 54.6967
      vertex 203.505 240 56.25
      vertex 204.697 240 54.6967
    endloop
  endfacet
  facet normal -0.793326 -0 -0.608797
    outer loop
      vertex 203.505 240 56.25
      vertex 204.697 -240 54.6967
      vertex 203.505 -240 56.25
    endloop
  endfacet
  facet normal -0.608839 0 -0.793294
    outer loop
      vertex 204.697 -240 54.6967
      vertex 206.25 240 53.5048
      vertex 206.25 -240 53.5048
    endloop
  endfacet
  facet normal -0.608839 0 -0.793294
    outer loop
      vertex 206.25 240 53.5048
      vertex 204.697 -240 54.6967
      vertex 204.697 240 54.6967
    endloop
  endfacet
  facet normal -0.382634 0 -0.9239
    outer loop
      vertex 206.25 -240 53.5048
      vertex 208.059 240 52.7556
      vertex 208.059 -240 52.7556
    endloop
  endfacet
  facet normal -0.382634 0 -0.9239
    outer loop
      vertex 208.059 240 52.7556
      vertex 206.25 -240 53.5048
      vertex 206.25 240 53.5048
    endloop
  endfacet
  facet normal -0.130558 0 -0.991441
    outer loop
      vertex 208.059 -240 52.7556
      vertex 210 0 52.5
      vertex 210 -240 52.5
    endloop
  endfacet
  facet normal -0.130558 -0 -0.991441
    outer loop
      vertex 208.059 240 52.7556
      vertex 210 0 52.5
      vertex 208.059 -240 52.7556
    endloop
  endfacet
  facet normal -0.130558 0 -0.991441
    outer loop
      vertex 210 0 52.5
      vertex 208.059 240 52.7556
      vertex 210 240 52.5
    endloop
  endfacet
  facet normal 0.130558 0 -0.991441
    outer loop
      vertex 210 -240 52.5
      vertex 211.941 -1.94113 52.7556
      vertex 211.941 -240 52.7556
    endloop
  endfacet
  facet normal 0.130558 0 -0.991441
    outer loop
      vertex 211.941 -1.94113 52.7556
      vertex 210 -240 52.5
      vertex 210 0 52.5
    endloop
  endfacet
  facet normal 0.130558 0 -0.991441
    outer loop
      vertex 210 240 52.5
      vertex 211.941 1.94113 52.7556
      vertex 210 0 52.5
    endloop
  endfacet
  facet normal 0.130558 0 -0.991441
    outer loop
      vertex 211.941 1.94113 52.7556
      vertex 210 240 52.5
      vertex 211.941 240 52.7556
    endloop
  endfacet
  facet normal 0.382634 0 -0.9239
    outer loop
      vertex 211.941 -240 52.7556
      vertex 213.75 -3.75 53.5048
      vertex 213.75 -240 53.5048
    endloop
  endfacet
  facet normal 0.382634 0 -0.9239
    outer loop
      vertex 213.75 -3.75 53.5048
      vertex 211.941 -240 52.7556
      vertex 211.941 -1.94113 52.7556
    endloop
  endfacet
  facet normal 0.382634 0 -0.9239
    outer loop
      vertex 211.941 240 52.7556
      vertex 213.75 3.75 53.5048
      vertex 211.941 1.94113 52.7556
    endloop
  endfacet
  facet normal 0.382634 0 -0.9239
    outer loop
      vertex 213.75 3.75 53.5048
      vertex 211.941 240 52.7556
      vertex 213.75 240 53.5048
    endloop
  endfacet
  facet normal 0.608839 0 -0.793294
    outer loop
      vertex 213.75 -240 53.5048
      vertex 215.303 -5.3033 54.6967
      vertex 215.303 -240 54.6967
    endloop
  endfacet
  facet normal 0.608839 0 -0.793294
    outer loop
      vertex 215.303 -5.3033 54.6967
      vertex 213.75 -240 53.5048
      vertex 213.75 -3.75 53.5048
    endloop
  endfacet
  facet normal 0.608839 0 -0.793294
    outer loop
      vertex 213.75 240 53.5048
      vertex 215.303 5.3033 54.6967
      vertex 213.75 3.75 53.5048
    endloop
  endfacet
  facet normal 0.608839 0 -0.793294
    outer loop
      vertex 215.303 5.3033 54.6967
      vertex 213.75 240 53.5048
      vertex 215.303 240 54.6967
    endloop
  endfacet
  facet normal 0.60858 -0.000210923 -0.793493
    outer loop
      vertex 214.043 -1.6801 53.7298
      vertex 215.303 -3.66062 54.6967
      vertex 214.888 -3.24567 54.3783
    endloop
  endfacet
  facet normal 0.608788 0 -0.793333
    outer loop
      vertex 215.303 -3.66062 54.6967
      vertex 214.043 -1.6801 53.7298
      vertex 215.303 3.66062 54.6967
    endloop
  endfacet
  facet normal 0.608788 0 -0.793333
    outer loop
      vertex 214.043 1.6801 53.7298
      vertex 215.303 3.66062 54.6967
      vertex 214.043 -1.6801 53.7298
    endloop
  endfacet
  facet normal 0.60858 0.000210923 -0.793493
    outer loop
      vertex 215.303 3.66062 54.6967
      vertex 214.043 1.6801 53.7298
      vertex 214.888 3.24567 54.3783
    endloop
  endfacet
  facet normal 0.609125 0 -0.793074
    outer loop
      vertex 214.043 1.6801 53.7298
      vertex 214.043 -1.6801 53.7298
      vertex 213.755 0 53.5086
    endloop
  endfacet
  facet normal 0.793326 0 -0.608797
    outer loop
      vertex 215.303 -240 54.6967
      vertex 216.495 -6.49518 56.25
      vertex 216.495 -240 56.25
    endloop
  endfacet
  facet normal 0.793326 0 -0.608797
    outer loop
      vertex 216.495 -6.49518 56.25
      vertex 215.303 -240 54.6967
      vertex 215.303 -5.3033 54.6967
    endloop
  endfacet
  facet normal 0.793326 0 -0.608797
    outer loop
      vertex 216.495 6.49518 56.25
      vertex 215.303 240 54.6967
      vertex 216.495 240 56.25
    endloop
  endfacet
  facet normal 0.793326 0 -0.608797
    outer loop
      vertex 215.303 240 54.6967
      vertex 216.495 6.49518 56.25
      vertex 215.303 5.3033 54.6967
    endloop
  endfacet
  facet normal 0.794622 -0.00265777 -0.607098
    outer loop
      vertex 216.495 5.23471 56.25
      vertex 215.303 3.66062 54.6967
      vertex 215.851 4.59009 55.4099
    endloop
  endfacet
  facet normal 0.793326 0 -0.608797
    outer loop
      vertex 216.495 5.23471 56.25
      vertex 215.303 -3.66062 54.6967
      vertex 215.303 3.66062 54.6967
    endloop
  endfacet
  facet normal 0.793326 0 -0.608797
    outer loop
      vertex 216.495 -5.23471 56.25
      vertex 215.303 -3.66062 54.6967
      vertex 216.495 5.23471 56.25
    endloop
  endfacet
  facet normal 0.794622 0.00265777 -0.607098
    outer loop
      vertex 215.303 -3.66062 54.6967
      vertex 216.495 -5.23471 56.25
      vertex 215.851 -4.59009 55.4099
    endloop
  endfacet
  facet normal 0.923928 0 -0.382565
    outer loop
      vertex 216.495 -240 56.25
      vertex 217.244 -7.24443 58.0589
      vertex 217.244 -240 58.0589
    endloop
  endfacet
  facet normal 0.923928 0 -0.382565
    outer loop
      vertex 217.244 -7.24443 58.0589
      vertex 216.495 -240 56.25
      vertex 216.495 -6.49518 56.25
    endloop
  endfacet
  facet normal 0.923928 0 -0.382565
    outer loop
      vertex 217.244 7.24443 58.0589
      vertex 216.495 240 56.25
      vertex 217.244 240 58.0589
    endloop
  endfacet
  facet normal 0.923928 0 -0.382565
    outer loop
      vertex 216.495 240 56.25
      vertex 217.244 7.24443 58.0589
      vertex 216.495 6.49518 56.25
    endloop
  endfacet
  facet normal 0.924172 -0.00134985 -0.381974
    outer loop
      vertex 217.244 6.16205 58.0589
      vertex 216.495 5.23471 56.25
      vertex 216.704 5.6217 56.7543
    endloop
  endfacet
  facet normal 0.923928 0 -0.382565
    outer loop
      vertex 217.244 6.16205 58.0589
      vertex 216.495 -5.23471 56.25
      vertex 216.495 5.23471 56.25
    endloop
  endfacet
  facet normal 0.923928 0 -0.382565
    outer loop
      vertex 217.244 -6.16205 58.0589
      vertex 216.495 -5.23471 56.25
      vertex 217.244 6.16205 58.0589
    endloop
  endfacet
  facet normal 0.924172 0.00134985 -0.381974
    outer loop
      vertex 216.495 -5.23471 56.25
      vertex 217.244 -6.16205 58.0589
      vertex 216.704 -5.6217 56.7543
    endloop
  endfacet
  facet normal 0.991415 0 -0.130752
    outer loop
      vertex 217.244 -240 58.0589
      vertex 217.5 -7.5 60
      vertex 217.5 -240 60
    endloop
  endfacet
  facet normal 0.991415 0 -0.130752
    outer loop
      vertex 217.5 -7.5 60
      vertex 217.244 -240 58.0589
      vertex 217.244 -7.24443 58.0589
    endloop
  endfacet
  facet normal 0.991415 0 -0.130752
    outer loop
      vertex 217.5 7.5 60
      vertex 217.244 240 58.0589
      vertex 217.5 240 60
    endloop
  endfacet
  facet normal 0.991415 0 -0.130752
    outer loop
      vertex 217.244 240 58.0589
      vertex 217.5 7.5 60
      vertex 217.244 7.24443 58.0589
    endloop
  endfacet
  facet normal 0.991572 -0.00898216 -0.129248
    outer loop
      vertex 217.5 6.49138 60
      vertex 217.244 6.16205 58.0589
      vertex 217.279 6.27017 58.3199
    endloop
  endfacet
  facet normal 0.991415 0 -0.130752
    outer loop
      vertex 217.5 6.49138 60
      vertex 217.244 -6.16205 58.0589
      vertex 217.244 6.16205 58.0589
    endloop
  endfacet
  facet normal 0.991415 0 -0.130752
    outer loop
      vertex 217.5 -6.49138 60
      vertex 217.244 -6.16205 58.0589
      vertex 217.5 6.49138 60
    endloop
  endfacet
  facet normal 0.991572 0.00898216 -0.129248
    outer loop
      vertex 217.244 -6.16205 58.0589
      vertex 217.5 -6.49138 60
      vertex 217.279 -6.27017 58.3199
    endloop
  endfacet
  facet normal 0.991415 -0 0.130752
    outer loop
      vertex 217.244 -240 61.9411
      vertex 217.5 -7.5 60
      vertex 217.244 -7.24443 61.9411
    endloop
  endfacet
  facet normal 0.991415 0 0.130752
    outer loop
      vertex 217.5 -7.5 60
      vertex 217.244 -240 61.9411
      vertex 217.5 -240 60
    endloop
  endfacet
  facet normal 0.991415 0 0.130752
    outer loop
      vertex 217.244 240 61.9411
      vertex 217.5 7.5 60
      vertex 217.5 240 60
    endloop
  endfacet
  facet normal 0.991415 0 0.130752
    outer loop
      vertex 217.5 7.5 60
      vertex 217.244 240 61.9411
      vertex 217.244 7.24443 61.9411
    endloop
  endfacet
  facet normal 0.991572 -0.00898216 0.129248
    outer loop
      vertex 217.244 6.16205 61.9411
      vertex 217.5 6.49138 60
      vertex 217.279 6.27017 61.6801
    endloop
  endfacet
  facet normal 0.991415 -0 0.130752
    outer loop
      vertex 217.244 -6.16205 61.9411
      vertex 217.5 6.49138 60
      vertex 217.244 6.16205 61.9411
    endloop
  endfacet
  facet normal 0.991572 0.00898216 0.129248
    outer loop
      vertex 217.5 -6.49138 60
      vertex 217.244 -6.16205 61.9411
      vertex 217.279 -6.27017 61.6801
    endloop
  endfacet
  facet normal 0.991415 0 0.130752
    outer loop
      vertex 217.244 -6.16205 61.9411
      vertex 217.5 -6.49138 60
      vertex 217.5 6.49138 60
    endloop
  endfacet
  facet normal 0.923928 -0 0.382565
    outer loop
      vertex 216.495 -240 63.75
      vertex 217.244 -7.24443 61.9411
      vertex 216.495 -6.49518 63.75
    endloop
  endfacet
  facet normal 0.923928 0 0.382565
    outer loop
      vertex 217.244 -7.24443 61.9411
      vertex 216.495 -240 63.75
      vertex 217.244 -240 61.9411
    endloop
  endfacet
  facet normal 0.923928 0 0.382565
    outer loop
      vertex 216.495 240 63.75
      vertex 217.244 7.24443 61.9411
      vertex 217.244 240 61.9411
    endloop
  endfacet
  facet normal 0.923928 0 0.382565
    outer loop
      vertex 217.244 7.24443 61.9411
      vertex 216.495 240 63.75
      vertex 216.495 6.49518 63.75
    endloop
  endfacet
  facet normal 0.924172 -0.00134985 0.381974
    outer loop
      vertex 216.495 5.23471 63.75
      vertex 217.244 6.16205 61.9411
      vertex 216.704 5.6217 63.2457
    endloop
  endfacet
  facet normal 0.923928 -0 0.382565
    outer loop
      vertex 216.495 -5.23471 63.75
      vertex 217.244 6.16205 61.9411
      vertex 216.495 5.23471 63.75
    endloop
  endfacet
  facet normal 0.924172 0.00134985 0.381974
    outer loop
      vertex 217.244 -6.16205 61.9411
      vertex 216.495 -5.23471 63.75
      vertex 216.704 -5.6217 63.2457
    endloop
  endfacet
  facet normal 0.923928 0 0.382565
    outer loop
      vertex 216.495 -5.23471 63.75
      vertex 217.244 -6.16205 61.9411
      vertex 217.244 6.16205 61.9411
    endloop
  endfacet
  facet normal 0.793326 -0 0.608797
    outer loop
      vertex 215.303 -240 65.3033
      vertex 216.495 -6.49518 63.75
      vertex 215.303 -5.3033 65.3033
    endloop
  endfacet
  facet normal 0.793326 0 0.608797
    outer loop
      vertex 216.495 -6.49518 63.75
      vertex 215.303 -240 65.3033
      vertex 216.495 -240 63.75
    endloop
  endfacet
  facet normal 0.793326 0 0.608797
    outer loop
      vertex 215.303 240 65.3033
      vertex 216.495 6.49518 63.75
      vertex 216.495 240 63.75
    endloop
  endfacet
  facet normal 0.793326 0 0.608797
    outer loop
      vertex 216.495 6.49518 63.75
      vertex 215.303 240 65.3033
      vertex 215.303 5.3033 65.3033
    endloop
  endfacet
  facet normal 0.794622 -0.00265777 0.607098
    outer loop
      vertex 215.303 3.66062 65.3033
      vertex 216.495 5.23471 63.75
      vertex 215.851 4.59009 64.5901
    endloop
  endfacet
  facet normal 0.793326 -0 0.608797
    outer loop
      vertex 215.303 -3.66062 65.3033
      vertex 216.495 5.23471 63.75
      vertex 215.303 3.66062 65.3033
    endloop
  endfacet
  facet normal 0.794622 0.00265777 0.607098
    outer loop
      vertex 216.495 -5.23471 63.75
      vertex 215.303 -3.66062 65.3033
      vertex 215.851 -4.59009 64.5901
    endloop
  endfacet
  facet normal 0.793326 0 0.608797
    outer loop
      vertex 215.303 -3.66062 65.3033
      vertex 216.495 -5.23471 63.75
      vertex 216.495 5.23471 63.75
    endloop
  endfacet
  facet normal 0.608839 -0 0.793294
    outer loop
      vertex 213.75 -240 66.4952
      vertex 215.303 -5.3033 65.3033
      vertex 213.75 -3.75 66.4952
    endloop
  endfacet
  facet normal 0.608839 0 0.793294
    outer loop
      vertex 215.303 -5.3033 65.3033
      vertex 213.75 -240 66.4952
      vertex 215.303 -240 65.3033
    endloop
  endfacet
  facet normal 0.608839 0 0.793294
    outer loop
      vertex 213.75 240 66.4952
      vertex 215.303 5.3033 65.3033
      vertex 215.303 240 65.3033
    endloop
  endfacet
  facet normal 0.608839 0 0.793294
    outer loop
      vertex 215.303 5.3033 65.3033
      vertex 213.75 240 66.4952
      vertex 213.75 3.75 66.4952
    endloop
  endfacet
  facet normal 0.60858 0.000210923 0.793493
    outer loop
      vertex 214.043 1.6801 66.2702
      vertex 215.303 3.66062 65.3033
      vertex 214.888 3.24567 65.6217
    endloop
  endfacet
  facet normal 0.608788 0 0.793333
    outer loop
      vertex 215.303 3.66062 65.3033
      vertex 214.043 1.6801 66.2702
      vertex 215.303 -3.66062 65.3033
    endloop
  endfacet
  facet normal 0.608788 -0 0.793333
    outer loop
      vertex 214.043 -1.6801 66.2702
      vertex 215.303 -3.66062 65.3033
      vertex 214.043 1.6801 66.2702
    endloop
  endfacet
  facet normal 0.60858 -0.000210923 0.793493
    outer loop
      vertex 215.303 -3.66062 65.3033
      vertex 214.043 -1.6801 66.2702
      vertex 214.888 -3.24567 65.6217
    endloop
  endfacet
  facet normal 0.609125 -0 0.793074
    outer loop
      vertex 214.043 -1.6801 66.2702
      vertex 214.043 1.6801 66.2702
      vertex 213.755 0 66.4914
    endloop
  endfacet
  facet normal 0.382634 -0 0.9239
    outer loop
      vertex 211.941 -240 67.2444
      vertex 213.75 -3.75 66.4952
      vertex 211.941 -1.94113 67.2444
    endloop
  endfacet
  facet normal 0.382634 0 0.9239
    outer loop
      vertex 213.75 -3.75 66.4952
      vertex 211.941 -240 67.2444
      vertex 213.75 -240 66.4952
    endloop
  endfacet
  facet normal 0.382634 0 0.9239
    outer loop
      vertex 211.941 240 67.2444
      vertex 213.75 3.75 66.4952
      vertex 213.75 240 66.4952
    endloop
  endfacet
  facet normal 0.382634 0 0.9239
    outer loop
      vertex 213.75 3.75 66.4952
      vertex 211.941 240 67.2444
      vertex 211.941 1.94113 67.2444
    endloop
  endfacet
  facet normal 0.130558 -0 0.991441
    outer loop
      vertex 210 -240 67.5
      vertex 211.941 -1.94113 67.2444
      vertex 210 0 67.5
    endloop
  endfacet
  facet normal 0.130558 0 0.991441
    outer loop
      vertex 211.941 -1.94113 67.2444
      vertex 210 -240 67.5
      vertex 211.941 -240 67.2444
    endloop
  endfacet
  facet normal 0.130558 0 0.991441
    outer loop
      vertex 210 240 67.5
      vertex 211.941 1.94113 67.2444
      vertex 211.941 240 67.2444
    endloop
  endfacet
  facet normal 0.130558 0 0.991441
    outer loop
      vertex 211.941 1.94113 67.2444
      vertex 210 240 67.5
      vertex 210 0 67.5
    endloop
  endfacet
  facet normal -0.130558 0 0.991441
    outer loop
      vertex 208.059 240 67.2444
      vertex 210 0 67.5
      vertex 210 240 67.5
    endloop
  endfacet
  facet normal -0.130558 0 0.991441
    outer loop
      vertex 208.059 -240 67.2444
      vertex 210 0 67.5
      vertex 208.059 240 67.2444
    endloop
  endfacet
  facet normal -0.130558 0 0.991441
    outer loop
      vertex 210 0 67.5
      vertex 208.059 -240 67.2444
      vertex 210 -240 67.5
    endloop
  endfacet
  facet normal -0.382604 0 -0.923913
    outer loop
      vertex 211.68 -240 66.2702
      vertex 213.246 -4.88834 65.6217
      vertex 213.246 -240 65.6217
    endloop
  endfacet
  facet normal -0.382604 0 -0.923913
    outer loop
      vertex 213.246 -4.88834 65.6217
      vertex 211.68 -240 66.2702
      vertex 211.68 -4.04324 66.2702
    endloop
  endfacet
  facet normal -0.382604 -0 -0.923913
    outer loop
      vertex 211.68 240 66.2702
      vertex 213.246 4.88834 65.6217
      vertex 211.68 4.04324 66.2702
    endloop
  endfacet
  facet normal -0.382604 0 -0.923913
    outer loop
      vertex 213.246 4.88834 65.6217
      vertex 211.68 240 66.2702
      vertex 213.246 240 65.6217
    endloop
  endfacet
  facet normal -0.382604 0 -0.923913
    outer loop
      vertex 211.68 -1.6801 66.2702
      vertex 213.246 3.24567 65.6217
      vertex 213.246 -3.24567 65.6217
    endloop
  endfacet
  facet normal -0.382604 0 -0.923913
    outer loop
      vertex 213.246 3.24567 65.6217
      vertex 211.68 -1.6801 66.2702
      vertex 211.68 1.6801 66.2702
    endloop
  endfacet
  facet normal -0.608878 0 -0.793264
    outer loop
      vertex 213.246 -240 65.6217
      vertex 214.59 -5.85056 64.5901
      vertex 214.59 -240 64.5901
    endloop
  endfacet
  facet normal -0.608951 6.70152e-07 -0.793208
    outer loop
      vertex 214.59 -5.85056 64.5901
      vertex 213.246 -240 65.6217
      vertex 213.661 -5.3033 65.3033
    endloop
  endfacet
  facet normal -0.608712 0 -0.793391
    outer loop
      vertex 213.661 -5.3033 65.3033
      vertex 213.246 -240 65.6217
      vertex 213.246 -4.88834 65.6217
    endloop
  endfacet
  facet normal -0.608951 -6.70152e-07 -0.793208
    outer loop
      vertex 213.246 240 65.6217
      vertex 214.59 5.85056 64.5901
      vertex 213.661 5.3033 65.3033
    endloop
  endfacet
  facet normal -0.608712 -0 -0.793391
    outer loop
      vertex 213.246 240 65.6217
      vertex 213.661 5.3033 65.3033
      vertex 213.246 4.88834 65.6217
    endloop
  endfacet
  facet normal -0.608878 0 -0.793264
    outer loop
      vertex 214.59 5.85056 64.5901
      vertex 213.246 240 65.6217
      vertex 214.59 240 64.5901
    endloop
  endfacet
  facet normal -0.608878 0 -0.793264
    outer loop
      vertex 213.246 -3.24567 65.6217
      vertex 214.59 4.59009 64.5901
      vertex 214.59 -4.59009 64.5901
    endloop
  endfacet
  facet normal -0.608878 0 -0.793264
    outer loop
      vertex 214.59 4.59009 64.5901
      vertex 213.246 -3.24567 65.6217
      vertex 213.246 3.24567 65.6217
    endloop
  endfacet
  facet normal -0.793238 0 -0.608912
    outer loop
      vertex 214.59 -240 64.5901
      vertex 215.622 -6.70408 63.2457
      vertex 215.622 -240 63.2457
    endloop
  endfacet
  facet normal -0.793325 1.04134e-06 -0.608798
    outer loop
      vertex 215.622 -6.70408 63.2457
      vertex 214.59 -240 64.5901
      vertex 215.235 -6.49518 63.75
    endloop
  endfacet
  facet normal -0.793185 0 -0.60898
    outer loop
      vertex 215.235 -6.49518 63.75
      vertex 214.59 -240 64.5901
      vertex 214.59 -5.85056 64.5901
    endloop
  endfacet
  facet normal -0.793238 0 -0.608912
    outer loop
      vertex 215.622 6.70408 63.2457
      vertex 214.59 240 64.5901
      vertex 215.622 240 63.2457
    endloop
  endfacet
  facet normal -0.793325 -1.04134e-06 -0.608798
    outer loop
      vertex 215.235 6.49518 63.75
      vertex 214.59 240 64.5901
      vertex 215.622 6.70408 63.2457
    endloop
  endfacet
  facet normal -0.793185 -0 -0.60898
    outer loop
      vertex 214.59 240 64.5901
      vertex 215.235 6.49518 63.75
      vertex 214.59 5.85056 64.5901
    endloop
  endfacet
  facet normal -0.793238 0 -0.608912
    outer loop
      vertex 215.622 5.6217 63.2457
      vertex 214.59 -4.59009 64.5901
      vertex 214.59 4.59009 64.5901
    endloop
  endfacet
  facet normal -0.793238 0 -0.608912
    outer loop
      vertex 214.59 -4.59009 64.5901
      vertex 215.622 5.6217 63.2457
      vertex 215.622 -5.6217 63.2457
    endloop
  endfacet
  facet normal -0.923982 0 -0.382435
    outer loop
      vertex 215.622 -240 63.2457
      vertex 216.27 -7.2788 61.6801
      vertex 216.27 -240 61.6801
    endloop
  endfacet
  facet normal -0.924017 6.56603e-07 -0.382352
    outer loop
      vertex 216.27 -7.2788 61.6801
      vertex 215.622 -240 63.2457
      vertex 216.162 -7.24443 61.9411
    endloop
  endfacet
  facet normal -0.923975 0 -0.382452
    outer loop
      vertex 216.162 -7.24443 61.9411
      vertex 215.622 -240 63.2457
      vertex 215.622 -6.70408 63.2457
    endloop
  endfacet
  facet normal -0.923982 0 -0.382435
    outer loop
      vertex 216.27 7.2788 61.6801
      vertex 215.622 240 63.2457
      vertex 216.27 240 61.6801
    endloop
  endfacet
  facet normal -0.924017 -6.56603e-07 -0.382352
    outer loop
      vertex 216.162 7.24443 61.9411
      vertex 215.622 240 63.2457
      vertex 216.27 7.2788 61.6801
    endloop
  endfacet
  facet normal -0.923975 -0 -0.382452
    outer loop
      vertex 215.622 240 63.2457
      vertex 216.162 7.24443 61.9411
      vertex 215.622 6.70408 63.2457
    endloop
  endfacet
  facet normal -0.923982 0 -0.382435
    outer loop
      vertex 216.27 6.27017 61.6801
      vertex 215.622 -5.6217 63.2457
      vertex 215.622 5.6217 63.2457
    endloop
  endfacet
  facet normal -0.923982 0 -0.382435
    outer loop
      vertex 215.622 -5.6217 63.2457
      vertex 216.27 6.27017 61.6801
      vertex 216.27 -6.27017 61.6801
    endloop
  endfacet
  facet normal -0.991459 0 -0.130416
    outer loop
      vertex 216.27 -240 61.6801
      vertex 216.491 -7.5 60
      vertex 216.491 -240 60
    endloop
  endfacet
  facet normal -0.991459 0 -0.130416
    outer loop
      vertex 216.491 -7.5 60
      vertex 216.27 -240 61.6801
      vertex 216.27 -7.2788 61.6801
    endloop
  endfacet
  facet normal -0.991459 0 -0.130416
    outer loop
      vertex 216.491 7.5 60
      vertex 216.27 240 61.6801
      vertex 216.491 240 60
    endloop
  endfacet
  facet normal -0.991459 -0 -0.130416
    outer loop
      vertex 216.27 240 61.6801
      vertex 216.491 7.5 60
      vertex 216.27 7.2788 61.6801
    endloop
  endfacet
  facet normal -0.991459 0 -0.130416
    outer loop
      vertex 216.491 6.49138 60
      vertex 216.27 -6.27017 61.6801
      vertex 216.27 6.27017 61.6801
    endloop
  endfacet
  facet normal -0.991459 0 -0.130416
    outer loop
      vertex 216.27 -6.27017 61.6801
      vertex 216.491 6.49138 60
      vertex 216.491 -6.49138 60
    endloop
  endfacet
  facet normal -0.991459 0 0.130416
    outer loop
      vertex 216.27 -240 58.3199
      vertex 216.491 -7.5 60
      vertex 216.27 -7.2788 58.3199
    endloop
  endfacet
  facet normal -0.991459 0 0.130416
    outer loop
      vertex 216.491 -7.5 60
      vertex 216.27 -240 58.3199
      vertex 216.491 -240 60
    endloop
  endfacet
  facet normal -0.991459 0 0.130416
    outer loop
      vertex 216.27 240 58.3199
      vertex 216.491 7.5 60
      vertex 216.491 240 60
    endloop
  endfacet
  facet normal -0.991459 0 0.130416
    outer loop
      vertex 216.491 7.5 60
      vertex 216.27 240 58.3199
      vertex 216.27 7.2788 58.3199
    endloop
  endfacet
  facet normal -0.991459 0 0.130416
    outer loop
      vertex 216.27 -6.27017 58.3199
      vertex 216.491 6.49138 60
      vertex 216.27 6.27017 58.3199
    endloop
  endfacet
  facet normal -0.991459 0 0.130416
    outer loop
      vertex 216.491 6.49138 60
      vertex 216.27 -6.27017 58.3199
      vertex 216.491 -6.49138 60
    endloop
  endfacet
  facet normal -0.923975 0 0.382452
    outer loop
      vertex 215.622 -240 56.7543
      vertex 216.162 -7.24443 58.0589
      vertex 215.622 -6.70408 56.7543
    endloop
  endfacet
  facet normal -0.924017 6.56603e-07 0.382352
    outer loop
      vertex 215.622 -240 56.7543
      vertex 216.27 -7.2788 58.3199
      vertex 216.162 -7.24443 58.0589
    endloop
  endfacet
  facet normal -0.923982 0 0.382435
    outer loop
      vertex 216.27 -7.2788 58.3199
      vertex 215.622 -240 56.7543
      vertex 216.27 -240 58.3199
    endloop
  endfacet
  facet normal -0.923982 0 0.382435
    outer loop
      vertex 215.622 240 56.7543
      vertex 216.27 7.2788 58.3199
      vertex 216.27 240 58.3199
    endloop
  endfacet
  facet normal -0.924017 -6.56603e-07 0.382352
    outer loop
      vertex 215.622 240 56.7543
      vertex 216.162 7.24443 58.0589
      vertex 216.27 7.2788 58.3199
    endloop
  endfacet
  facet normal -0.923975 0 0.382452
    outer loop
      vertex 216.162 7.24443 58.0589
      vertex 215.622 240 56.7543
      vertex 215.622 6.70408 56.7543
    endloop
  endfacet
  facet normal -0.923982 0 0.382435
    outer loop
      vertex 215.622 -5.6217 56.7543
      vertex 216.27 6.27017 58.3199
      vertex 215.622 5.6217 56.7543
    endloop
  endfacet
  facet normal -0.923982 0 0.382435
    outer loop
      vertex 216.27 6.27017 58.3199
      vertex 215.622 -5.6217 56.7543
      vertex 216.27 -6.27017 58.3199
    endloop
  endfacet
  facet normal -0.793185 0 0.60898
    outer loop
      vertex 214.59 -240 55.4099
      vertex 215.235 -6.49518 56.25
      vertex 214.59 -5.85056 55.4099
    endloop
  endfacet
  facet normal -0.793325 1.04134e-06 0.608798
    outer loop
      vertex 214.59 -240 55.4099
      vertex 215.622 -6.70408 56.7543
      vertex 215.235 -6.49518 56.25
    endloop
  endfacet
  facet normal -0.793238 0 0.608912
    outer loop
      vertex 215.622 -6.70408 56.7543
      vertex 214.59 -240 55.4099
      vertex 215.622 -240 56.7543
    endloop
  endfacet
  facet normal -0.793238 0 0.608912
    outer loop
      vertex 214.59 240 55.4099
      vertex 215.622 6.70408 56.7543
      vertex 215.622 240 56.7543
    endloop
  endfacet
  facet normal -0.793325 -1.04134e-06 0.608798
    outer loop
      vertex 214.59 240 55.4099
      vertex 215.235 6.49518 56.25
      vertex 215.622 6.70408 56.7543
    endloop
  endfacet
  facet normal -0.793185 0 0.60898
    outer loop
      vertex 215.235 6.49518 56.25
      vertex 214.59 240 55.4099
      vertex 214.59 5.85056 55.4099
    endloop
  endfacet
  facet normal -0.793238 0 0.608912
    outer loop
      vertex 214.59 -4.59009 55.4099
      vertex 215.622 5.6217 56.7543
      vertex 214.59 4.59009 55.4099
    endloop
  endfacet
  facet normal -0.793238 0 0.608912
    outer loop
      vertex 215.622 5.6217 56.7543
      vertex 214.59 -4.59009 55.4099
      vertex 215.622 -5.6217 56.7543
    endloop
  endfacet
  facet normal -0.608951 6.70152e-07 0.793208
    outer loop
      vertex 213.246 -240 54.3783
      vertex 214.59 -5.85056 55.4099
      vertex 213.661 -5.3033 54.6967
    endloop
  endfacet
  facet normal -0.608712 0 0.793391
    outer loop
      vertex 213.246 -240 54.3783
      vertex 213.661 -5.3033 54.6967
      vertex 213.246 -4.88834 54.3783
    endloop
  endfacet
  facet normal -0.608878 0 0.793264
    outer loop
      vertex 214.59 -5.85056 55.4099
      vertex 213.246 -240 54.3783
      vertex 214.59 -240 55.4099
    endloop
  endfacet
  facet normal -0.608878 0 0.793264
    outer loop
      vertex 213.246 240 54.3783
      vertex 214.59 5.85056 55.4099
      vertex 214.59 240 55.4099
    endloop
  endfacet
  facet normal -0.608951 -6.70152e-07 0.793208
    outer loop
      vertex 214.59 5.85056 55.4099
      vertex 213.246 240 54.3783
      vertex 213.661 5.3033 54.6967
    endloop
  endfacet
  facet normal -0.608712 0 0.793391
    outer loop
      vertex 213.661 5.3033 54.6967
      vertex 213.246 240 54.3783
      vertex 213.246 4.88834 54.3783
    endloop
  endfacet
  facet normal -0.608878 0 0.793264
    outer loop
      vertex 213.246 3.24567 54.3783
      vertex 214.59 -4.59009 55.4099
      vertex 214.59 4.59009 55.4099
    endloop
  endfacet
  facet normal -0.608878 0 0.793264
    outer loop
      vertex 214.59 -4.59009 55.4099
      vertex 213.246 3.24567 54.3783
      vertex 213.246 -3.24567 54.3783
    endloop
  endfacet
  facet normal -0.382604 0 0.923913
    outer loop
      vertex 211.68 -240 53.7298
      vertex 213.246 -4.88834 54.3783
      vertex 211.68 -4.04324 53.7298
    endloop
  endfacet
  facet normal -0.382604 0 0.923913
    outer loop
      vertex 213.246 -4.88834 54.3783
      vertex 211.68 -240 53.7298
      vertex 213.246 -240 54.3783
    endloop
  endfacet
  facet normal -0.382604 0 0.923913
    outer loop
      vertex 211.68 240 53.7298
      vertex 213.246 4.88834 54.3783
      vertex 213.246 240 54.3783
    endloop
  endfacet
  facet normal -0.382604 0 0.923913
    outer loop
      vertex 213.246 4.88834 54.3783
      vertex 211.68 240 53.7298
      vertex 211.68 4.04324 53.7298
    endloop
  endfacet
  facet normal -0.382604 0 0.923913
    outer loop
      vertex 211.68 1.6801 53.7298
      vertex 213.246 -3.24567 54.3783
      vertex 213.246 3.24567 54.3783
    endloop
  endfacet
  facet normal -0.382604 0 0.923913
    outer loop
      vertex 213.246 -3.24567 54.3783
      vertex 211.68 1.6801 53.7298
      vertex 211.68 -1.6801 53.7298
    endloop
  endfacet
  facet normal -0.13054 0 0.991443
    outer loop
      vertex 210 -240 53.5086
      vertex 211.68 -4.04324 53.7298
      vertex 210 -3.75495 53.5086
    endloop
  endfacet
  facet normal -0.13054 0 0.991443
    outer loop
      vertex 211.68 -4.04324 53.7298
      vertex 210 -240 53.5086
      vertex 211.68 -240 53.7298
    endloop
  endfacet
  facet normal -0.13054 0 0.991443
    outer loop
      vertex 210 240 53.5086
      vertex 211.68 4.04324 53.7298
      vertex 211.68 240 53.7298
    endloop
  endfacet
  facet normal -0.13054 0 0.991443
    outer loop
      vertex 211.68 4.04324 53.7298
      vertex 210 240 53.5086
      vertex 210 3.75495 53.5086
    endloop
  endfacet
  facet normal -0.13054 0 0.991443
    outer loop
      vertex 211.68 1.6801 53.7298
      vertex 210 0 53.5086
      vertex 211.68 -1.6801 53.7298
    endloop
  endfacet
  facet normal 0.13054 0 0.991443
    outer loop
      vertex 208.32 240 53.7298
      vertex 210 3.75495 53.5086
      vertex 210 240 53.5086
    endloop
  endfacet
  facet normal 0.13054 0 0.991443
    outer loop
      vertex 210 3.75495 53.5086
      vertex 208.32 240 53.7298
      vertex 210 0 53.5086
    endloop
  endfacet
  facet normal 0.13054 0 0.991443
    outer loop
      vertex 210 0 53.5086
      vertex 208.32 240 53.7298
      vertex 210 -3.75495 53.5086
    endloop
  endfacet
  facet normal 0.13054 -0 0.991443
    outer loop
      vertex 208.32 -240 53.7298
      vertex 210 -3.75495 53.5086
      vertex 208.32 240 53.7298
    endloop
  endfacet
  facet normal 0.13054 0 0.991443
    outer loop
      vertex 210 -3.75495 53.5086
      vertex 208.32 -240 53.7298
      vertex 210 -240 53.5086
    endloop
  endfacet
  facet normal 0.382604 0 0.923913
    outer loop
      vertex 206.754 240 54.3783
      vertex 208.32 -240 53.7298
      vertex 208.32 240 53.7298
    endloop
  endfacet
  facet normal 0.382604 0 0.923913
    outer loop
      vertex 208.32 -240 53.7298
      vertex 206.754 240 54.3783
      vertex 206.754 -240 54.3783
    endloop
  endfacet
  facet normal 0.608878 0 0.793264
    outer loop
      vertex 205.41 240 55.4099
      vertex 206.754 -240 54.3783
      vertex 206.754 240 54.3783
    endloop
  endfacet
  facet normal 0.608878 0 0.793264
    outer loop
      vertex 206.754 -240 54.3783
      vertex 205.41 240 55.4099
      vertex 205.41 -240 55.4099
    endloop
  endfacet
  facet normal 0.793238 -0 0.608912
    outer loop
      vertex 204.378 -240 56.7543
      vertex 205.41 240 55.4099
      vertex 204.378 240 56.7543
    endloop
  endfacet
  facet normal 0.793238 0 0.608912
    outer loop
      vertex 205.41 240 55.4099
      vertex 204.378 -240 56.7543
      vertex 205.41 -240 55.4099
    endloop
  endfacet
  facet normal 0.923982 -0 0.382435
    outer loop
      vertex 203.73 -240 58.3199
      vertex 204.378 240 56.7543
      vertex 203.73 240 58.3199
    endloop
  endfacet
  facet normal 0.923982 0 0.382435
    outer loop
      vertex 204.378 240 56.7543
      vertex 203.73 -240 58.3199
      vertex 204.378 -240 56.7543
    endloop
  endfacet
  facet normal 0.991459 -0 0.130416
    outer loop
      vertex 203.509 -240 60
      vertex 203.73 240 58.3199
      vertex 203.509 240 60
    endloop
  endfacet
  facet normal 0.991459 0 0.130416
    outer loop
      vertex 203.73 240 58.3199
      vertex 203.509 -240 60
      vertex 203.73 -240 58.3199
    endloop
  endfacet
  facet normal 0.991459 0 -0.130416
    outer loop
      vertex 203.73 -240 61.6801
      vertex 203.509 240 60
      vertex 203.73 240 61.6801
    endloop
  endfacet
  facet normal 0.991459 0 -0.130416
    outer loop
      vertex 203.509 240 60
      vertex 203.73 -240 61.6801
      vertex 203.509 -240 60
    endloop
  endfacet
  facet normal 0.923982 0 -0.382435
    outer loop
      vertex 204.378 -240 63.2457
      vertex 203.73 240 61.6801
      vertex 204.378 240 63.2457
    endloop
  endfacet
  facet normal 0.923982 0 -0.382435
    outer loop
      vertex 203.73 240 61.6801
      vertex 204.378 -240 63.2457
      vertex 203.73 -240 61.6801
    endloop
  endfacet
  facet normal 0.793238 0 -0.608912
    outer loop
      vertex 205.41 -240 64.5901
      vertex 204.378 240 63.2457
      vertex 205.41 240 64.5901
    endloop
  endfacet
  facet normal 0.793238 0 -0.608912
    outer loop
      vertex 204.378 240 63.2457
      vertex 205.41 -240 64.5901
      vertex 204.378 -240 63.2457
    endloop
  endfacet
  facet normal 0.608878 0 -0.793264
    outer loop
      vertex 205.41 -240 64.5901
      vertex 206.754 240 65.6217
      vertex 206.754 -240 65.6217
    endloop
  endfacet
  facet normal 0.608878 0 -0.793264
    outer loop
      vertex 206.754 240 65.6217
      vertex 205.41 -240 64.5901
      vertex 205.41 240 64.5901
    endloop
  endfacet
  facet normal 0.382604 0 -0.923913
    outer loop
      vertex 206.754 -240 65.6217
      vertex 208.32 240 66.2702
      vertex 208.32 -240 66.2702
    endloop
  endfacet
  facet normal 0.382604 0 -0.923913
    outer loop
      vertex 208.32 240 66.2702
      vertex 206.754 -240 65.6217
      vertex 206.754 240 65.6217
    endloop
  endfacet
  facet normal 0.13054 0 -0.991443
    outer loop
      vertex 208.32 -240 66.2702
      vertex 210 -3.75495 66.4914
      vertex 210 -240 66.4914
    endloop
  endfacet
  facet normal 0.13054 0 -0.991443
    outer loop
      vertex 210 -3.75495 66.4914
      vertex 208.32 -240 66.2702
      vertex 210 0 66.4914
    endloop
  endfacet
  facet normal 0.13054 0 -0.991443
    outer loop
      vertex 210 0 66.4914
      vertex 208.32 -240 66.2702
      vertex 210 3.75495 66.4914
    endloop
  endfacet
  facet normal 0.13054 0 -0.991443
    outer loop
      vertex 208.32 240 66.2702
      vertex 210 3.75495 66.4914
      vertex 208.32 -240 66.2702
    endloop
  endfacet
  facet normal 0.13054 0 -0.991443
    outer loop
      vertex 210 3.75495 66.4914
      vertex 208.32 240 66.2702
      vertex 210 240 66.4914
    endloop
  endfacet
  facet normal -0.13054 0 -0.991443
    outer loop
      vertex 210 -240 66.4914
      vertex 211.68 -4.04324 66.2702
      vertex 211.68 -240 66.2702
    endloop
  endfacet
  facet normal -0.13054 0 -0.991443
    outer loop
      vertex 211.68 -4.04324 66.2702
      vertex 210 -240 66.4914
      vertex 210 -3.75495 66.4914
    endloop
  endfacet
  facet normal -0.13054 -0 -0.991443
    outer loop
      vertex 210 240 66.4914
      vertex 211.68 4.04324 66.2702
      vertex 210 3.75495 66.4914
    endloop
  endfacet
  facet normal -0.13054 0 -0.991443
    outer loop
      vertex 211.68 4.04324 66.2702
      vertex 210 240 66.4914
      vertex 211.68 240 66.2702
    endloop
  endfacet
  facet normal -0.13054 0 -0.991443
    outer loop
      vertex 211.68 -1.6801 66.2702
      vertex 210 0 66.4914
      vertex 211.68 1.6801 66.2702
    endloop
  endfacet
  facet normal -1 0 0
    outer loop
      vertex 210 -3.75495 53.5086
      vertex 210 -1.6801 53.7298
      vertex 210 0 53.5086
    endloop
  endfacet
  facet normal -1 0 0
    outer loop
      vertex 210 -3.75495 53.5086
      vertex 210 -3.24567 54.3783
      vertex 210 -1.6801 53.7298
    endloop
  endfacet
  facet normal -1 0 0
    outer loop
      vertex 210 -3.75495 53.5086
      vertex 210 -4.59009 55.4099
      vertex 210 -3.24567 54.3783
    endloop
  endfacet
  facet normal -1 0 0
    outer loop
      vertex 210 -5.3033 54.6967
      vertex 210 -4.59009 55.4099
      vertex 210 -3.75495 53.5086
    endloop
  endfacet
  facet normal -1 0 0
    outer loop
      vertex 210 -5.3033 54.6967
      vertex 210 -5.6217 56.7543
      vertex 210 -4.59009 55.4099
    endloop
  endfacet
  facet normal -1 0 0
    outer loop
      vertex 210 -6.49518 56.25
      vertex 210 -5.6217 56.7543
      vertex 210 -5.3033 54.6967
    endloop
  endfacet
  facet normal -1 0 0
    outer loop
      vertex 210 -7.24443 58.0589
      vertex 210 -6.27017 58.3199
      vertex 210 -6.49518 56.25
    endloop
  endfacet
  facet normal -1 -0 0
    outer loop
      vertex 210 -5.6217 56.7543
      vertex 210 -6.49518 56.25
      vertex 210 -6.27017 58.3199
    endloop
  endfacet
  facet normal -1 0 0
    outer loop
      vertex 210 -1.6801 66.2702
      vertex 210 -3.75495 66.4914
      vertex 210 0 66.4914
    endloop
  endfacet
  facet normal -1 0 0
    outer loop
      vertex 210 -3.24567 65.6217
      vertex 210 -3.75495 66.4914
      vertex 210 -1.6801 66.2702
    endloop
  endfacet
  facet normal -1 0 0
    outer loop
      vertex 210 -4.59009 64.5901
      vertex 210 -3.75495 66.4914
      vertex 210 -3.24567 65.6217
    endloop
  endfacet
  facet normal -1 0 0
    outer loop
      vertex 210 -4.59009 64.5901
      vertex 210 -5.3033 65.3033
      vertex 210 -3.75495 66.4914
    endloop
  endfacet
  facet normal -1 0 0
    outer loop
      vertex 210 -5.6217 63.2457
      vertex 210 -5.3033 65.3033
      vertex 210 -4.59009 64.5901
    endloop
  endfacet
  facet normal -1 0 0
    outer loop
      vertex 210 -6.49518 63.75
      vertex 210 -5.6217 63.2457
      vertex 210 -6.27017 61.6801
    endloop
  endfacet
  facet normal -1 0 0
    outer loop
      vertex 210 -5.6217 63.2457
      vertex 210 -6.49518 63.75
      vertex 210 -5.3033 65.3033
    endloop
  endfacet
  facet normal -1 0 0
    outer loop
      vertex 210 -7.24443 61.9411
      vertex 210 -6.27017 61.6801
      vertex 210 -6.49138 60
    endloop
  endfacet
  facet normal -1 -0 0
    outer loop
      vertex 210 -6.27017 58.3199
      vertex 210 -7.24443 58.0589
      vertex 210 -6.49138 60
    endloop
  endfacet
  facet normal -1 0 0
    outer loop
      vertex 210 -7.5 60
      vertex 210 -6.49138 60
      vertex 210 -7.24443 58.0589
    endloop
  endfacet
  facet normal -1 0 0
    outer loop
      vertex 210 -6.27017 61.6801
      vertex 210 -7.24443 61.9411
      vertex 210 -6.49518 63.75
    endloop
  endfacet
  facet normal -1 0 0
    outer loop
      vertex 210 -6.49138 60
      vertex 210 -7.5 60
      vertex 210 -7.24443 61.9411
    endloop
  endfacet
  facet normal -1 0 0
    outer loop
      vertex 210 6.49138 60
      vertex 210 7.5 60
      vertex 210 7.24443 58.0589
    endloop
  endfacet
  facet normal -1 0 0
    outer loop
      vertex 210 6.27017 58.3199
      vertex 210 7.24443 58.0589
      vertex 210 6.49518 56.25
    endloop
  endfacet
  facet normal -1 0 0
    outer loop
      vertex 210 7.5 60
      vertex 210 6.49138 60
      vertex 210 7.24443 61.9411
    endloop
  endfacet
  facet normal -1 0 0
    outer loop
      vertex 210 6.27017 61.6801
      vertex 210 7.24443 61.9411
      vertex 210 6.49138 60
    endloop
  endfacet
  facet normal -1 0 0
    outer loop
      vertex 210 7.24443 58.0589
      vertex 210 6.27017 58.3199
      vertex 210 6.49138 60
    endloop
  endfacet
  facet normal -1 0 0
    outer loop
      vertex 210 6.49518 56.25
      vertex 210 5.6217 56.7543
      vertex 210 6.27017 58.3199
    endloop
  endfacet
  facet normal -1 0 0
    outer loop
      vertex 210 5.3033 54.6967
      vertex 210 5.6217 56.7543
      vertex 210 6.49518 56.25
    endloop
  endfacet
  facet normal -1 0 0
    outer loop
      vertex 210 5.3033 54.6967
      vertex 210 4.59009 55.4099
      vertex 210 5.6217 56.7543
    endloop
  endfacet
  facet normal -1 0 0
    outer loop
      vertex 210 3.75495 53.5086
      vertex 210 4.59009 55.4099
      vertex 210 5.3033 54.6967
    endloop
  endfacet
  facet normal -1 0 0
    outer loop
      vertex 210 3.75495 53.5086
      vertex 210 3.24567 54.3783
      vertex 210 4.59009 55.4099
    endloop
  endfacet
  facet normal -1 0 0
    outer loop
      vertex 210 3.75495 53.5086
      vertex 210 1.6801 53.7298
      vertex 210 3.24567 54.3783
    endloop
  endfacet
  facet normal -1 0 -0
    outer loop
      vertex 210 1.6801 53.7298
      vertex 210 3.75495 53.5086
      vertex 210 0 53.5086
    endloop
  endfacet
  facet normal -1 -0 0
    outer loop
      vertex 210 7.24443 61.9411
      vertex 210 6.27017 61.6801
      vertex 210 6.49518 63.75
    endloop
  endfacet
  facet normal -1 0 0
    outer loop
      vertex 210 5.6217 63.2457
      vertex 210 6.49518 63.75
      vertex 210 6.27017 61.6801
    endloop
  endfacet
  facet normal -1 0 0
    outer loop
      vertex 210 5.6217 63.2457
      vertex 210 5.3033 65.3033
      vertex 210 6.49518 63.75
    endloop
  endfacet
  facet normal -1 0 0
    outer loop
      vertex 210 4.59009 64.5901
      vertex 210 5.3033 65.3033
      vertex 210 5.6217 63.2457
    endloop
  endfacet
  facet normal -1 0 0
    outer loop
      vertex 210 4.59009 64.5901
      vertex 210 3.75495 66.4914
      vertex 210 5.3033 65.3033
    endloop
  endfacet
  facet normal -1 0 0
    outer loop
      vertex 210 3.24567 65.6217
      vertex 210 3.75495 66.4914
      vertex 210 4.59009 64.5901
    endloop
  endfacet
  facet normal -1 0 0
    outer loop
      vertex 210 1.6801 66.2702
      vertex 210 3.75495 66.4914
      vertex 210 3.24567 65.6217
    endloop
  endfacet
  facet normal -1 -0 0
    outer loop
      vertex 210 3.75495 66.4914
      vertex 210 1.6801 66.2702
      vertex 210 0 66.4914
    endloop
  endfacet
  facet normal 0 -0.923883 0.382674
    outer loop
      vertex 210 -7.24443 61.9411
      vertex 215.235 -6.49518 63.75
      vertex 210 -6.49518 63.75
    endloop
  endfacet
  facet normal -8.97167e-06 -0.923874 0.382696
    outer loop
      vertex 215.235 -6.49518 63.75
      vertex 210 -7.24443 61.9411
      vertex 215.622 -6.70408 63.2457
    endloop
  endfacet
  facet normal 0 -0.923888 0.382663
    outer loop
      vertex 215.622 -6.70408 63.2457
      vertex 210 -7.24443 61.9411
      vertex 216.162 -7.24443 61.9411
    endloop
  endfacet
  facet normal 0 -0.923883 0.382674
    outer loop
      vertex 217.244 -7.24443 61.9411
      vertex 300.761 -6.49518 63.75
      vertex 216.495 -6.49518 63.75
    endloop
  endfacet
  facet normal -1.19112e-07 -0.923881 0.382679
    outer loop
      vertex 300.761 -6.49518 63.75
      vertex 217.244 -7.24443 61.9411
      vertex 300.219 -7.18728 62.0791
    endloop
  endfacet
  facet normal 0 -0.923907 0.382618
    outer loop
      vertex 300.219 -7.18728 62.0791
      vertex 217.244 -7.24443 61.9411
      vertex 300.204 -7.24443 61.9411
    endloop
  endfacet
  facet normal 0 -0.793356 0.608759
    outer loop
      vertex 210 -6.49518 63.75
      vertex 213.661 -5.3033 65.3033
      vertex 210 -5.3033 65.3033
    endloop
  endfacet
  facet normal -1.98473e-06 -0.793353 0.608761
    outer loop
      vertex 213.661 -5.3033 65.3033
      vertex 210 -6.49518 63.75
      vertex 214.59 -5.85056 64.5901
    endloop
  endfacet
  facet normal 0 -0.793359 0.608755
    outer loop
      vertex 214.59 -5.85056 64.5901
      vertex 210 -6.49518 63.75
      vertex 215.235 -6.49518 63.75
    endloop
  endfacet
  facet normal 0 -0.793356 0.608759
    outer loop
      vertex 216.495 -6.49518 63.75
      vertex 301.578 -5.3033 65.3033
      vertex 215.303 -5.3033 65.3033
    endloop
  endfacet
  facet normal -3.28604e-07 -0.793347 0.60877
    outer loop
      vertex 301.578 -5.3033 65.3033
      vertex 216.495 -6.49518 63.75
      vertex 300.865 -6.25166 64.0674
    endloop
  endfacet
  facet normal 0 -0.793389 0.608715
    outer loop
      vertex 300.865 -6.25166 64.0674
      vertex 216.495 -6.49518 63.75
      vertex 300.761 -6.49518 63.75
    endloop
  endfacet
  facet normal 5.07849e-06 -0.608774 0.793343
    outer loop
      vertex 210 -5.3033 65.3033
      vertex 213.246 -4.88834 65.6217
      vertex 211.68 -4.04324 66.2702
    endloop
  endfacet
  facet normal -6.81014e-06 -0.608764 0.793351
    outer loop
      vertex 210 -5.3033 65.3033
      vertex 211.68 -4.04324 66.2702
      vertex 210 -3.75495 66.4914
    endloop
  endfacet
  facet normal 0 -0.608749 0.793363
    outer loop
      vertex 213.246 -4.88834 65.6217
      vertex 210 -5.3033 65.3033
      vertex 213.661 -5.3033 65.3033
    endloop
  endfacet
  facet normal 0 -0.608789 0.793332
    outer loop
      vertex 301.91 -4.55452 65.8779
      vertex 215.303 -5.3033 65.3033
      vertex 301.578 -5.3033 65.3033
    endloop
  endfacet
  facet normal -6.33427e-07 -0.608743 0.793368
    outer loop
      vertex 302.466 -3.75 66.4952
      vertex 215.303 -5.3033 65.3033
      vertex 301.91 -4.55452 65.8779
    endloop
  endfacet
  facet normal 0 -0.608765 0.793351
    outer loop
      vertex 215.303 -5.3033 65.3033
      vertex 302.466 -3.75 66.4952
      vertex 213.75 -3.75 66.4952
    endloop
  endfacet
  facet normal 0 -0.382658 0.92389
    outer loop
      vertex 303.14 -1.94113 67.2444
      vertex 213.75 -3.75 66.4952
      vertex 302.466 -3.75 66.4952
    endloop
  endfacet
  facet normal 0 -0.382658 0.92389
    outer loop
      vertex 213.75 -3.75 66.4952
      vertex 303.14 -1.94113 67.2444
      vertex 211.941 -1.94113 67.2444
    endloop
  endfacet
  facet normal 0 -0.130522 0.991445
    outer loop
      vertex 303.309 -0.520674 67.4314
      vertex 211.941 -1.94113 67.2444
      vertex 303.14 -1.94113 67.2444
    endloop
  endfacet
  facet normal 1.61431e-06 -0.130624 0.991432
    outer loop
      vertex 303.403 0 67.5
      vertex 211.941 -1.94113 67.2444
      vertex 303.309 -0.520674 67.4314
    endloop
  endfacet
  facet normal 0 -0.130549 0.991442
    outer loop
      vertex 211.941 -1.94113 67.2444
      vertex 303.403 0 67.5
      vertex 210 0 67.5
    endloop
  endfacet
  facet normal -0 0.130522 0.991445
    outer loop
      vertex 211.941 1.94113 67.2444
      vertex 303.309 0.520674 67.4314
      vertex 303.14 1.94113 67.2444
    endloop
  endfacet
  facet normal 1.61431e-06 0.130624 0.991432
    outer loop
      vertex 211.941 1.94113 67.2444
      vertex 303.403 0 67.5
      vertex 303.309 0.520674 67.4314
    endloop
  endfacet
  facet normal 0 0.130549 0.991442
    outer loop
      vertex 303.403 0 67.5
      vertex 211.941 1.94113 67.2444
      vertex 210 0 67.5
    endloop
  endfacet
  facet normal -0 0.382658 0.92389
    outer loop
      vertex 213.75 3.75 66.4952
      vertex 303.14 1.94113 67.2444
      vertex 302.466 3.75 66.4952
    endloop
  endfacet
  facet normal 0 0.382658 0.92389
    outer loop
      vertex 303.14 1.94113 67.2444
      vertex 213.75 3.75 66.4952
      vertex 211.941 1.94113 67.2444
    endloop
  endfacet
  facet normal -0 0.608749 0.793363
    outer loop
      vertex 210 5.3033 65.3033
      vertex 213.246 4.88834 65.6217
      vertex 213.661 5.3033 65.3033
    endloop
  endfacet
  facet normal 5.07849e-06 0.608774 0.793343
    outer loop
      vertex 213.246 4.88834 65.6217
      vertex 210 5.3033 65.3033
      vertex 211.68 4.04324 66.2702
    endloop
  endfacet
  facet normal -6.81014e-06 0.608764 0.793351
    outer loop
      vertex 211.68 4.04324 66.2702
      vertex 210 5.3033 65.3033
      vertex 210 3.75495 66.4914
    endloop
  endfacet
  facet normal -0 0.608789 0.793332
    outer loop
      vertex 215.303 5.3033 65.3033
      vertex 301.91 4.55452 65.8779
      vertex 301.578 5.3033 65.3033
    endloop
  endfacet
  facet normal -6.33427e-07 0.608743 0.793368
    outer loop
      vertex 215.303 5.3033 65.3033
      vertex 302.466 3.75 66.4952
      vertex 301.91 4.55452 65.8779
    endloop
  endfacet
  facet normal 0 0.608765 0.793351
    outer loop
      vertex 302.466 3.75 66.4952
      vertex 215.303 5.3033 65.3033
      vertex 213.75 3.75 66.4952
    endloop
  endfacet
  facet normal -1.98473e-06 0.793353 0.608761
    outer loop
      vertex 210 6.49518 63.75
      vertex 213.661 5.3033 65.3033
      vertex 214.59 5.85056 64.5901
    endloop
  endfacet
  facet normal -0 0.793359 0.608755
    outer loop
      vertex 210 6.49518 63.75
      vertex 214.59 5.85056 64.5901
      vertex 215.235 6.49518 63.75
    endloop
  endfacet
  facet normal 0 0.793356 0.608759
    outer loop
      vertex 213.661 5.3033 65.3033
      vertex 210 6.49518 63.75
      vertex 210 5.3033 65.3033
    endloop
  endfacet
  facet normal -3.28604e-07 0.793347 0.60877
    outer loop
      vertex 216.495 6.49518 63.75
      vertex 301.578 5.3033 65.3033
      vertex 300.865 6.25166 64.0674
    endloop
  endfacet
  facet normal -0 0.793389 0.608715
    outer loop
      vertex 216.495 6.49518 63.75
      vertex 300.865 6.25166 64.0674
      vertex 300.761 6.49518 63.75
    endloop
  endfacet
  facet normal 0 0.793356 0.608759
    outer loop
      vertex 301.578 5.3033 65.3033
      vertex 216.495 6.49518 63.75
      vertex 215.303 5.3033 65.3033
    endloop
  endfacet
  facet normal -8.97167e-06 0.923874 0.382696
    outer loop
      vertex 210 7.24443 61.9411
      vertex 215.235 6.49518 63.75
      vertex 215.622 6.70408 63.2457
    endloop
  endfacet
  facet normal -0 0.923888 0.382663
    outer loop
      vertex 210 7.24443 61.9411
      vertex 215.622 6.70408 63.2457
      vertex 216.162 7.24443 61.9411
    endloop
  endfacet
  facet normal 0 0.923883 0.382674
    outer loop
      vertex 215.235 6.49518 63.75
      vertex 210 7.24443 61.9411
      vertex 210 6.49518 63.75
    endloop
  endfacet
  facet normal -1.19112e-07 0.923881 0.382679
    outer loop
      vertex 217.244 7.24443 61.9411
      vertex 300.761 6.49518 63.75
      vertex 300.219 7.18728 62.0791
    endloop
  endfacet
  facet normal -0 0.923907 0.382618
    outer loop
      vertex 217.244 7.24443 61.9411
      vertex 300.219 7.18728 62.0791
      vertex 300.204 7.24443 61.9411
    endloop
  endfacet
  facet normal 0 0.923883 0.382674
    outer loop
      vertex 300.761 6.49518 63.75
      vertex 217.244 7.24443 61.9411
      vertex 216.495 6.49518 63.75
    endloop
  endfacet
  facet normal -6.45555e-06 0.991441 0.130556
    outer loop
      vertex 210 7.5 60
      vertex 216.162 7.24443 61.9411
      vertex 216.27 7.2788 61.6801
    endloop
  endfacet
  facet normal -0 0.991444 0.130532
    outer loop
      vertex 210 7.5 60
      vertex 216.27 7.2788 61.6801
      vertex 216.491 7.5 60
    endloop
  endfacet
  facet normal 0 0.991444 0.130536
    outer loop
      vertex 216.162 7.24443 61.9411
      vertex 210 7.5 60
      vertex 210 7.24443 61.9411
    endloop
  endfacet
  facet normal -0 0.991444 0.130536
    outer loop
      vertex 217.5 7.5 60
      vertex 300.204 7.24443 61.9411
      vertex 300 7.5 60
    endloop
  endfacet
  facet normal 0 0.991444 0.130536
    outer loop
      vertex 300.204 7.24443 61.9411
      vertex 217.5 7.5 60
      vertex 217.244 7.24443 61.9411
    endloop
  endfacet
  facet normal 0 0.991444 -0.130532
    outer loop
      vertex 216.27 7.2788 58.3199
      vertex 210 7.5 60
      vertex 216.491 7.5 60
    endloop
  endfacet
  facet normal -6.45555e-06 0.991441 -0.130556
    outer loop
      vertex 216.162 7.24443 58.0589
      vertex 210 7.5 60
      vertex 216.27 7.2788 58.3199
    endloop
  endfacet
  facet normal 0 0.991444 -0.130536
    outer loop
      vertex 210 7.5 60
      vertex 216.162 7.24443 58.0589
      vertex 210 7.24443 58.0589
    endloop
  endfacet
  facet normal 0 0.991444 -0.130536
    outer loop
      vertex 300.204 7.24443 58.0589
      vertex 217.5 7.5 60
      vertex 300 7.5 60
    endloop
  endfacet
  facet normal 0 0.991444 -0.130536
    outer loop
      vertex 217.5 7.5 60
      vertex 300.204 7.24443 58.0589
      vertex 217.244 7.24443 58.0589
    endloop
  endfacet
  facet normal 0 0.923888 -0.382663
    outer loop
      vertex 215.622 6.70408 56.7543
      vertex 210 7.24443 58.0589
      vertex 216.162 7.24443 58.0589
    endloop
  endfacet
  facet normal -8.97167e-06 0.923874 -0.382696
    outer loop
      vertex 215.235 6.49518 56.25
      vertex 210 7.24443 58.0589
      vertex 215.622 6.70408 56.7543
    endloop
  endfacet
  facet normal 0 0.923883 -0.382674
    outer loop
      vertex 210 7.24443 58.0589
      vertex 215.235 6.49518 56.25
      vertex 210 6.49518 56.25
    endloop
  endfacet
  facet normal 0 0.923907 -0.382618
    outer loop
      vertex 300.219 7.18728 57.9209
      vertex 217.244 7.24443 58.0589
      vertex 300.204 7.24443 58.0589
    endloop
  endfacet
  facet normal -1.19112e-07 0.923881 -0.382679
    outer loop
      vertex 300.761 6.49518 56.25
      vertex 217.244 7.24443 58.0589
      vertex 300.219 7.18728 57.9209
    endloop
  endfacet
  facet normal 0 0.923883 -0.382674
    outer loop
      vertex 217.244 7.24443 58.0589
      vertex 300.761 6.49518 56.25
      vertex 216.495 6.49518 56.25
    endloop
  endfacet
  facet normal 0 0.793359 -0.608755
    outer loop
      vertex 214.59 5.85056 55.4099
      vertex 210 6.49518 56.25
      vertex 215.235 6.49518 56.25
    endloop
  endfacet
  facet normal -1.98473e-06 0.793353 -0.608761
    outer loop
      vertex 213.661 5.3033 54.6967
      vertex 210 6.49518 56.25
      vertex 214.59 5.85056 55.4099
    endloop
  endfacet
  facet normal 0 0.793356 -0.608759
    outer loop
      vertex 210 6.49518 56.25
      vertex 213.661 5.3033 54.6967
      vertex 210 5.3033 54.6967
    endloop
  endfacet
  facet normal 0 0.793389 -0.608715
    outer loop
      vertex 300.865 6.25166 55.9326
      vertex 216.495 6.49518 56.25
      vertex 300.761 6.49518 56.25
    endloop
  endfacet
  facet normal -3.28604e-07 0.793347 -0.60877
    outer loop
      vertex 301.578 5.3033 54.6967
      vertex 216.495 6.49518 56.25
      vertex 300.865 6.25166 55.9326
    endloop
  endfacet
  facet normal 0 0.793356 -0.608759
    outer loop
      vertex 216.495 6.49518 56.25
      vertex 301.578 5.3033 54.6967
      vertex 215.303 5.3033 54.6967
    endloop
  endfacet
  facet normal 5.07849e-06 0.608774 -0.793343
    outer loop
      vertex 210 5.3033 54.6967
      vertex 213.246 4.88834 54.3783
      vertex 211.68 4.04324 53.7298
    endloop
  endfacet
  facet normal -6.81014e-06 0.608764 -0.793351
    outer loop
      vertex 210 5.3033 54.6967
      vertex 211.68 4.04324 53.7298
      vertex 210 3.75495 53.5086
    endloop
  endfacet
  facet normal 0 0.608749 -0.793363
    outer loop
      vertex 213.246 4.88834 54.3783
      vertex 210 5.3033 54.6967
      vertex 213.661 5.3033 54.6967
    endloop
  endfacet
  facet normal 0 0.608789 -0.793332
    outer loop
      vertex 301.91 4.55452 54.1221
      vertex 215.303 5.3033 54.6967
      vertex 301.578 5.3033 54.6967
    endloop
  endfacet
  facet normal -6.33427e-07 0.608743 -0.793368
    outer loop
      vertex 302.466 3.75 53.5048
      vertex 215.303 5.3033 54.6967
      vertex 301.91 4.55452 54.1221
    endloop
  endfacet
  facet normal 0 0.608765 -0.793351
    outer loop
      vertex 215.303 5.3033 54.6967
      vertex 302.466 3.75 53.5048
      vertex 213.75 3.75 53.5048
    endloop
  endfacet
  facet normal 0 0.382658 -0.92389
    outer loop
      vertex 303.14 1.94113 52.7556
      vertex 213.75 3.75 53.5048
      vertex 302.466 3.75 53.5048
    endloop
  endfacet
  facet normal 0 0.382658 -0.92389
    outer loop
      vertex 213.75 3.75 53.5048
      vertex 303.14 1.94113 52.7556
      vertex 211.941 1.94113 52.7556
    endloop
  endfacet
  facet normal 0 0.130522 -0.991445
    outer loop
      vertex 303.309 0.520674 52.5686
      vertex 211.941 1.94113 52.7556
      vertex 303.14 1.94113 52.7556
    endloop
  endfacet
  facet normal 1.61431e-06 0.130624 -0.991432
    outer loop
      vertex 303.403 0 52.5
      vertex 211.941 1.94113 52.7556
      vertex 303.309 0.520674 52.5686
    endloop
  endfacet
  facet normal 0 0.130549 -0.991442
    outer loop
      vertex 211.941 1.94113 52.7556
      vertex 303.403 0 52.5
      vertex 210 0 52.5
    endloop
  endfacet
  facet normal 0 -0.130522 -0.991445
    outer loop
      vertex 211.941 -1.94113 52.7556
      vertex 303.309 -0.520674 52.5686
      vertex 303.14 -1.94113 52.7556
    endloop
  endfacet
  facet normal 1.61431e-06 -0.130624 -0.991432
    outer loop
      vertex 211.941 -1.94113 52.7556
      vertex 303.403 0 52.5
      vertex 303.309 -0.520674 52.5686
    endloop
  endfacet
  facet normal -0 -0.130549 -0.991442
    outer loop
      vertex 303.403 0 52.5
      vertex 211.941 -1.94113 52.7556
      vertex 210 0 52.5
    endloop
  endfacet
  facet normal 0 -0.382658 -0.92389
    outer loop
      vertex 213.75 -3.75 53.5048
      vertex 303.14 -1.94113 52.7556
      vertex 302.466 -3.75 53.5048
    endloop
  endfacet
  facet normal -0 -0.382658 -0.92389
    outer loop
      vertex 303.14 -1.94113 52.7556
      vertex 213.75 -3.75 53.5048
      vertex 211.941 -1.94113 52.7556
    endloop
  endfacet
  facet normal 0 -0.608749 -0.793363
    outer loop
      vertex 210 -5.3033 54.6967
      vertex 213.246 -4.88834 54.3783
      vertex 213.661 -5.3033 54.6967
    endloop
  endfacet
  facet normal 5.07849e-06 -0.608774 -0.793343
    outer loop
      vertex 213.246 -4.88834 54.3783
      vertex 210 -5.3033 54.6967
      vertex 211.68 -4.04324 53.7298
    endloop
  endfacet
  facet normal -6.81014e-06 -0.608764 -0.793351
    outer loop
      vertex 211.68 -4.04324 53.7298
      vertex 210 -5.3033 54.6967
      vertex 210 -3.75495 53.5086
    endloop
  endfacet
  facet normal 0 -0.608789 -0.793332
    outer loop
      vertex 215.303 -5.3033 54.6967
      vertex 301.91 -4.55452 54.1221
      vertex 301.578 -5.3033 54.6967
    endloop
  endfacet
  facet normal -6.33427e-07 -0.608743 -0.793368
    outer loop
      vertex 215.303 -5.3033 54.6967
      vertex 302.466 -3.75 53.5048
      vertex 301.91 -4.55452 54.1221
    endloop
  endfacet
  facet normal -0 -0.608765 -0.793351
    outer loop
      vertex 302.466 -3.75 53.5048
      vertex 215.303 -5.3033 54.6967
      vertex 213.75 -3.75 53.5048
    endloop
  endfacet
  facet normal 0 -0.793359 -0.608755
    outer loop
      vertex 210 -6.49518 56.25
      vertex 214.59 -5.85056 55.4099
      vertex 215.235 -6.49518 56.25
    endloop
  endfacet
  facet normal -0 -0.793356 -0.608759
    outer loop
      vertex 213.661 -5.3033 54.6967
      vertex 210 -6.49518 56.25
      vertex 210 -5.3033 54.6967
    endloop
  endfacet
  facet normal -1.98473e-06 -0.793353 -0.608761
    outer loop
      vertex 210 -6.49518 56.25
      vertex 213.661 -5.3033 54.6967
      vertex 214.59 -5.85056 55.4099
    endloop
  endfacet
  facet normal 0 -0.793389 -0.608715
    outer loop
      vertex 216.495 -6.49518 56.25
      vertex 300.865 -6.25166 55.9326
      vertex 300.761 -6.49518 56.25
    endloop
  endfacet
  facet normal -0 -0.793356 -0.608759
    outer loop
      vertex 301.578 -5.3033 54.6967
      vertex 216.495 -6.49518 56.25
      vertex 215.303 -5.3033 54.6967
    endloop
  endfacet
  facet normal -3.28604e-07 -0.793347 -0.60877
    outer loop
      vertex 216.495 -6.49518 56.25
      vertex 301.578 -5.3033 54.6967
      vertex 300.865 -6.25166 55.9326
    endloop
  endfacet
  facet normal 0 -0.923888 -0.382663
    outer loop
      vertex 210 -7.24443 58.0589
      vertex 215.622 -6.70408 56.7543
      vertex 216.162 -7.24443 58.0589
    endloop
  endfacet
  facet normal -0 -0.923883 -0.382674
    outer loop
      vertex 215.235 -6.49518 56.25
      vertex 210 -7.24443 58.0589
      vertex 210 -6.49518 56.25
    endloop
  endfacet
  facet normal -8.97167e-06 -0.923874 -0.382696
    outer loop
      vertex 210 -7.24443 58.0589
      vertex 215.235 -6.49518 56.25
      vertex 215.622 -6.70408 56.7543
    endloop
  endfacet
  facet normal 0 -0.923907 -0.382618
    outer loop
      vertex 217.244 -7.24443 58.0589
      vertex 300.219 -7.18728 57.9209
      vertex 300.204 -7.24443 58.0589
    endloop
  endfacet
  facet normal -0 -0.923883 -0.382674
    outer loop
      vertex 300.761 -6.49518 56.25
      vertex 217.244 -7.24443 58.0589
      vertex 216.495 -6.49518 56.25
    endloop
  endfacet
  facet normal -1.19112e-07 -0.923881 -0.382679
    outer loop
      vertex 217.244 -7.24443 58.0589
      vertex 300.761 -6.49518 56.25
      vertex 300.219 -7.18728 57.9209
    endloop
  endfacet
  facet normal 0 -0.991444 -0.130532
    outer loop
      vertex 210 -7.5 60
      vertex 216.27 -7.2788 58.3199
      vertex 216.491 -7.5 60
    endloop
  endfacet
  facet normal -0 -0.991444 -0.130536
    outer loop
      vertex 216.162 -7.24443 58.0589
      vertex 210 -7.5 60
      vertex 210 -7.24443 58.0589
    endloop
  endfacet
  facet normal -6.45555e-06 -0.991441 -0.130556
    outer loop
      vertex 210 -7.5 60
      vertex 216.162 -7.24443 58.0589
      vertex 216.27 -7.2788 58.3199
    endloop
  endfacet
  facet normal -0 -0.991444 -0.130536
    outer loop
      vertex 300.204 -7.24443 58.0589
      vertex 217.5 -7.5 60
      vertex 217.244 -7.24443 58.0589
    endloop
  endfacet
  facet normal 0 -0.991444 -0.130536
    outer loop
      vertex 217.5 -7.5 60
      vertex 300.204 -7.24443 58.0589
      vertex 300 -7.5 60
    endloop
  endfacet
  facet normal 0 -0.991444 0.130536
    outer loop
      vertex 210 -7.5 60
      vertex 216.162 -7.24443 61.9411
      vertex 210 -7.24443 61.9411
    endloop
  endfacet
  facet normal -6.45555e-06 -0.991441 0.130556
    outer loop
      vertex 216.162 -7.24443 61.9411
      vertex 210 -7.5 60
      vertex 216.27 -7.2788 61.6801
    endloop
  endfacet
  facet normal 0 -0.991444 0.130532
    outer loop
      vertex 216.27 -7.2788 61.6801
      vertex 210 -7.5 60
      vertex 216.491 -7.5 60
    endloop
  endfacet
  facet normal 0 -0.991444 0.130536
    outer loop
      vertex 217.5 -7.5 60
      vertex 300.204 -7.24443 61.9411
      vertex 217.244 -7.24443 61.9411
    endloop
  endfacet
  facet normal 0 -0.991444 0.130536
    outer loop
      vertex 300.204 -7.24443 61.9411
      vertex 217.5 -7.5 60
      vertex 300 -7.5 60
    endloop
  endfacet
  facet normal 0 0.923884 0.382672
    outer loop
      vertex 215.622 -5.6217 56.7543
      vertex 210 -6.27017 58.3199
      vertex 216.27 -6.27017 58.3199
    endloop
  endfacet
  facet normal 0 0.923884 0.382672
    outer loop
      vertex 210 -6.27017 58.3199
      vertex 215.622 -5.6217 56.7543
      vertex 210 -5.6217 56.7543
    endloop
  endfacet
  facet normal 0 0.923881 0.382681
    outer loop
      vertex 300.219 -6.1049 57.9209
      vertex 217.279 -6.27017 58.3199
      vertex 300.177 -6.27017 58.3199
    endloop
  endfacet
  facet normal 1.88089e-07 0.923867 0.382714
    outer loop
      vertex 217.279 -6.27017 58.3199
      vertex 300.219 -6.1049 57.9209
      vertex 217.244 -6.16205 58.0589
    endloop
  endfacet
  facet normal 9.9411e-08 0.923886 0.382669
    outer loop
      vertex 300.598 -5.6217 56.7543
      vertex 217.244 -6.16205 58.0589
      vertex 300.219 -6.1049 57.9209
    endloop
  endfacet
  facet normal 0 0.923888 0.382663
    outer loop
      vertex 217.244 -6.16205 58.0589
      vertex 300.598 -5.6217 56.7543
      vertex 216.704 -5.6217 56.7543
    endloop
  endfacet
  facet normal 0 0.793349 0.608767
    outer loop
      vertex 214.59 -4.59009 55.4099
      vertex 210 -5.6217 56.7543
      vertex 215.622 -5.6217 56.7543
    endloop
  endfacet
  facet normal 0 0.793349 0.608767
    outer loop
      vertex 210 -5.6217 56.7543
      vertex 214.59 -4.59009 55.4099
      vertex 210 -4.59009 55.4099
    endloop
  endfacet
  facet normal 0 0.793355 0.60876
    outer loop
      vertex 300.865 -4.99119 55.9326
      vertex 216.704 -5.6217 56.7543
      vertex 300.598 -5.6217 56.7543
    endloop
  endfacet
  facet normal 4.37305e-07 0.793333 0.608788
    outer loop
      vertex 216.704 -5.6217 56.7543
      vertex 300.865 -4.99119 55.9326
      vertex 216.495 -5.23471 56.25
    endloop
  endfacet
  facet normal 3.82854e-07 0.79334 0.608779
    outer loop
      vertex 301.166 -4.59009 55.4099
      vertex 216.495 -5.23471 56.25
      vertex 300.865 -4.99119 55.9326
    endloop
  endfacet
  facet normal 0 0.793359 0.608755
    outer loop
      vertex 216.495 -5.23471 56.25
      vertex 301.166 -4.59009 55.4099
      vertex 215.851 -4.59009 55.4099
    endloop
  endfacet
  facet normal 0 0.608758 0.793356
    outer loop
      vertex 210 -4.59009 55.4099
      vertex 213.246 -3.24567 54.3783
      vertex 210 -3.24567 54.3783
    endloop
  endfacet
  facet normal 0 0.608758 0.793356
    outer loop
      vertex 213.246 -3.24567 54.3783
      vertex 210 -4.59009 55.4099
      vertex 214.59 -4.59009 55.4099
    endloop
  endfacet
  facet normal 0 0.608758 0.793356
    outer loop
      vertex 301.762 -3.24567 54.3783
      vertex 215.851 -4.59009 55.4099
      vertex 301.166 -4.59009 55.4099
    endloop
  endfacet
  facet normal 8.93885e-09 0.608757 0.793356
    outer loop
      vertex 301.762 -3.24567 54.3783
      vertex 215.303 -3.66062 54.6967
      vertex 215.851 -4.59009 55.4099
    endloop
  endfacet
  facet normal 0 0.608759 0.793355
    outer loop
      vertex 215.303 -3.66062 54.6967
      vertex 301.762 -3.24567 54.3783
      vertex 214.888 -3.24567 54.3783
    endloop
  endfacet
  facet normal 0 0.382693 0.923875
    outer loop
      vertex 210 -3.24567 54.3783
      vertex 211.68 -1.6801 53.7298
      vertex 210 -1.6801 53.7298
    endloop
  endfacet
  facet normal 0 0.382693 0.923875
    outer loop
      vertex 211.68 -1.6801 53.7298
      vertex 210 -3.24567 54.3783
      vertex 213.246 -3.24567 54.3783
    endloop
  endfacet
  facet normal 0 0.382742 0.923855
    outer loop
      vertex 301.91 -2.62726 54.1221
      vertex 214.888 -3.24567 54.3783
      vertex 301.762 -3.24567 54.3783
    endloop
  endfacet
  facet normal 6.76001e-07 0.382661 0.923889
    outer loop
      vertex 302.263 -1.6801 53.7298
      vertex 214.888 -3.24567 54.3783
      vertex 301.91 -2.62726 54.1221
    endloop
  endfacet
  facet normal 0 0.382693 0.923875
    outer loop
      vertex 214.888 -3.24567 54.3783
      vertex 302.263 -1.6801 53.7298
      vertex 214.043 -1.6801 53.7298
    endloop
  endfacet
  facet normal 0 0.130532 0.991444
    outer loop
      vertex 210 0 53.5086
      vertex 210 -1.6801 53.7298
      vertex 211.68 -1.6801 53.7298
    endloop
  endfacet
  facet normal 0 0.130532 0.991444
    outer loop
      vertex 302.462 0 53.5086
      vertex 214.043 -1.6801 53.7298
      vertex 302.263 -1.6801 53.7298
    endloop
  endfacet
  facet normal 0 0.130532 0.991444
    outer loop
      vertex 214.043 -1.6801 53.7298
      vertex 302.462 0 53.5086
      vertex 213.755 0 53.5086
    endloop
  endfacet
  facet normal 0 -0.130532 0.991444
    outer loop
      vertex 210 1.6801 53.7298
      vertex 210 0 53.5086
      vertex 211.68 1.6801 53.7298
    endloop
  endfacet
  facet normal 0 -0.130532 0.991444
    outer loop
      vertex 214.043 1.6801 53.7298
      vertex 302.462 0 53.5086
      vertex 302.263 1.6801 53.7298
    endloop
  endfacet
  facet normal 0 -0.130532 0.991444
    outer loop
      vertex 302.462 0 53.5086
      vertex 214.043 1.6801 53.7298
      vertex 213.755 0 53.5086
    endloop
  endfacet
  facet normal 0 -0.382693 0.923875
    outer loop
      vertex 210 3.24567 54.3783
      vertex 211.68 1.6801 53.7298
      vertex 213.246 3.24567 54.3783
    endloop
  endfacet
  facet normal 0 -0.382693 0.923875
    outer loop
      vertex 211.68 1.6801 53.7298
      vertex 210 3.24567 54.3783
      vertex 210 1.6801 53.7298
    endloop
  endfacet
  facet normal 0 -0.382742 0.923855
    outer loop
      vertex 214.888 3.24567 54.3783
      vertex 301.91 2.62726 54.1221
      vertex 301.762 3.24567 54.3783
    endloop
  endfacet
  facet normal 6.76001e-07 -0.382661 0.923889
    outer loop
      vertex 214.888 3.24567 54.3783
      vertex 302.263 1.6801 53.7298
      vertex 301.91 2.62726 54.1221
    endloop
  endfacet
  facet normal 0 -0.382693 0.923875
    outer loop
      vertex 302.263 1.6801 53.7298
      vertex 214.888 3.24567 54.3783
      vertex 214.043 1.6801 53.7298
    endloop
  endfacet
  facet normal 0 -0.608758 0.793356
    outer loop
      vertex 210 4.59009 55.4099
      vertex 213.246 3.24567 54.3783
      vertex 214.59 4.59009 55.4099
    endloop
  endfacet
  facet normal 0 -0.608758 0.793356
    outer loop
      vertex 213.246 3.24567 54.3783
      vertex 210 4.59009 55.4099
      vertex 210 3.24567 54.3783
    endloop
  endfacet
  facet normal 0 -0.608758 0.793356
    outer loop
      vertex 215.851 4.59009 55.4099
      vertex 301.762 3.24567 54.3783
      vertex 301.166 4.59009 55.4099
    endloop
  endfacet
  facet normal 8.93885e-09 -0.608757 0.793356
    outer loop
      vertex 215.303 3.66062 54.6967
      vertex 301.762 3.24567 54.3783
      vertex 215.851 4.59009 55.4099
    endloop
  endfacet
  facet normal 0 -0.608759 0.793355
    outer loop
      vertex 301.762 3.24567 54.3783
      vertex 215.303 3.66062 54.6967
      vertex 214.888 3.24567 54.3783
    endloop
  endfacet
  facet normal 0 -0.793349 0.608767
    outer loop
      vertex 214.59 4.59009 55.4099
      vertex 210 5.6217 56.7543
      vertex 210 4.59009 55.4099
    endloop
  endfacet
  facet normal 0 -0.793349 0.608767
    outer loop
      vertex 210 5.6217 56.7543
      vertex 214.59 4.59009 55.4099
      vertex 215.622 5.6217 56.7543
    endloop
  endfacet
  facet normal 4.37305e-07 -0.793333 0.608788
    outer loop
      vertex 300.865 4.99119 55.9326
      vertex 216.704 5.6217 56.7543
      vertex 216.495 5.23471 56.25
    endloop
  endfacet
  facet normal 0 -0.793355 0.60876
    outer loop
      vertex 216.704 5.6217 56.7543
      vertex 300.865 4.99119 55.9326
      vertex 300.598 5.6217 56.7543
    endloop
  endfacet
  facet normal 0 -0.793359 0.608755
    outer loop
      vertex 301.166 4.59009 55.4099
      vertex 216.495 5.23471 56.25
      vertex 215.851 4.59009 55.4099
    endloop
  endfacet
  facet normal 3.82854e-07 -0.79334 0.608779
    outer loop
      vertex 216.495 5.23471 56.25
      vertex 301.166 4.59009 55.4099
      vertex 300.865 4.99119 55.9326
    endloop
  endfacet
  facet normal 0 -0.923884 0.382672
    outer loop
      vertex 215.622 5.6217 56.7543
      vertex 210 6.27017 58.3199
      vertex 210 5.6217 56.7543
    endloop
  endfacet
  facet normal 0 -0.923884 0.382672
    outer loop
      vertex 210 6.27017 58.3199
      vertex 215.622 5.6217 56.7543
      vertex 216.27 6.27017 58.3199
    endloop
  endfacet
  facet normal 1.88089e-07 -0.923867 0.382714
    outer loop
      vertex 300.219 6.1049 57.9209
      vertex 217.279 6.27017 58.3199
      vertex 217.244 6.16205 58.0589
    endloop
  endfacet
  facet normal 0 -0.923881 0.382681
    outer loop
      vertex 217.279 6.27017 58.3199
      vertex 300.219 6.1049 57.9209
      vertex 300.177 6.27017 58.3199
    endloop
  endfacet
  facet normal 0 -0.923888 0.382663
    outer loop
      vertex 300.598 5.6217 56.7543
      vertex 217.244 6.16205 58.0589
      vertex 216.704 5.6217 56.7543
    endloop
  endfacet
  facet normal 9.9411e-08 -0.923886 0.382669
    outer loop
      vertex 217.244 6.16205 58.0589
      vertex 300.598 5.6217 56.7543
      vertex 300.219 6.1049 57.9209
    endloop
  endfacet
  facet normal 0 -0.991443 0.130538
    outer loop
      vertex 216.27 6.27017 58.3199
      vertex 210 6.49138 60
      vertex 210 6.27017 58.3199
    endloop
  endfacet
  facet normal 0 -0.991443 0.130538
    outer loop
      vertex 210 6.49138 60
      vertex 216.27 6.27017 58.3199
      vertex 216.491 6.49138 60
    endloop
  endfacet
  facet normal 0 -0.991443 0.130538
    outer loop
      vertex 300.177 6.27017 58.3199
      vertex 217.5 6.49138 60
      vertex 217.279 6.27017 58.3199
    endloop
  endfacet
  facet normal 0 -0.991443 0.130538
    outer loop
      vertex 217.5 6.49138 60
      vertex 300.177 6.27017 58.3199
      vertex 300 6.49138 60
    endloop
  endfacet
  facet normal 0 -0.991443 -0.130538
    outer loop
      vertex 210 6.49138 60
      vertex 216.27 6.27017 61.6801
      vertex 210 6.27017 61.6801
    endloop
  endfacet
  facet normal 0 -0.991443 -0.130538
    outer loop
      vertex 216.27 6.27017 61.6801
      vertex 210 6.49138 60
      vertex 216.491 6.49138 60
    endloop
  endfacet
  facet normal 0 -0.991443 -0.130538
    outer loop
      vertex 217.5 6.49138 60
      vertex 300.177 6.27017 61.6801
      vertex 217.279 6.27017 61.6801
    endloop
  endfacet
  facet normal 0 -0.991443 -0.130538
    outer loop
      vertex 300.177 6.27017 61.6801
      vertex 217.5 6.49138 60
      vertex 300 6.49138 60
    endloop
  endfacet
  facet normal 0 -0.923884 -0.382672
    outer loop
      vertex 210 6.27017 61.6801
      vertex 215.622 5.6217 63.2457
      vertex 210 5.6217 63.2457
    endloop
  endfacet
  facet normal 0 -0.923884 -0.382672
    outer loop
      vertex 215.622 5.6217 63.2457
      vertex 210 6.27017 61.6801
      vertex 216.27 6.27017 61.6801
    endloop
  endfacet
  facet normal 0 -0.923888 -0.382663
    outer loop
      vertex 217.244 6.16205 61.9411
      vertex 300.598 5.6217 63.2457
      vertex 216.704 5.6217 63.2457
    endloop
  endfacet
  facet normal 9.9411e-08 -0.923886 -0.382669
    outer loop
      vertex 300.598 5.6217 63.2457
      vertex 217.244 6.16205 61.9411
      vertex 300.219 6.1049 62.0791
    endloop
  endfacet
  facet normal 1.88089e-07 -0.923867 -0.382714
    outer loop
      vertex 217.279 6.27017 61.6801
      vertex 300.219 6.1049 62.0791
      vertex 217.244 6.16205 61.9411
    endloop
  endfacet
  facet normal 0 -0.923881 -0.382681
    outer loop
      vertex 300.219 6.1049 62.0791
      vertex 217.279 6.27017 61.6801
      vertex 300.177 6.27017 61.6801
    endloop
  endfacet
  facet normal 0 -0.793349 -0.608767
    outer loop
      vertex 210 5.6217 63.2457
      vertex 214.59 4.59009 64.5901
      vertex 210 4.59009 64.5901
    endloop
  endfacet
  facet normal 0 -0.793349 -0.608767
    outer loop
      vertex 214.59 4.59009 64.5901
      vertex 210 5.6217 63.2457
      vertex 215.622 5.6217 63.2457
    endloop
  endfacet
  facet normal 0 -0.793359 -0.608755
    outer loop
      vertex 216.495 5.23471 63.75
      vertex 301.166 4.59009 64.5901
      vertex 215.851 4.59009 64.5901
    endloop
  endfacet
  facet normal 3.82854e-07 -0.79334 -0.608779
    outer loop
      vertex 301.166 4.59009 64.5901
      vertex 216.495 5.23471 63.75
      vertex 300.865 4.99119 64.0674
    endloop
  endfacet
  facet normal 4.37305e-07 -0.793333 -0.608788
    outer loop
      vertex 216.704 5.6217 63.2457
      vertex 300.865 4.99119 64.0674
      vertex 216.495 5.23471 63.75
    endloop
  endfacet
  facet normal 0 -0.793355 -0.60876
    outer loop
      vertex 300.865 4.99119 64.0674
      vertex 216.704 5.6217 63.2457
      vertex 300.598 5.6217 63.2457
    endloop
  endfacet
  facet normal 0 -0.608758 -0.793356
    outer loop
      vertex 210 4.59009 64.5901
      vertex 213.246 3.24567 65.6217
      vertex 210 3.24567 65.6217
    endloop
  endfacet
  facet normal 0 -0.608758 -0.793356
    outer loop
      vertex 213.246 3.24567 65.6217
      vertex 210 4.59009 64.5901
      vertex 214.59 4.59009 64.5901
    endloop
  endfacet
  facet normal 0 -0.608758 -0.793356
    outer loop
      vertex 301.762 3.24567 65.6217
      vertex 215.851 4.59009 64.5901
      vertex 301.166 4.59009 64.5901
    endloop
  endfacet
  facet normal 8.93885e-09 -0.608757 -0.793356
    outer loop
      vertex 301.762 3.24567 65.6217
      vertex 215.303 3.66062 65.3033
      vertex 215.851 4.59009 64.5901
    endloop
  endfacet
  facet normal 0 -0.608759 -0.793355
    outer loop
      vertex 215.303 3.66062 65.3033
      vertex 301.762 3.24567 65.6217
      vertex 214.888 3.24567 65.6217
    endloop
  endfacet
  facet normal 0 -0.382693 -0.923875
    outer loop
      vertex 210 3.24567 65.6217
      vertex 211.68 1.6801 66.2702
      vertex 210 1.6801 66.2702
    endloop
  endfacet
  facet normal 0 -0.382693 -0.923875
    outer loop
      vertex 211.68 1.6801 66.2702
      vertex 210 3.24567 65.6217
      vertex 213.246 3.24567 65.6217
    endloop
  endfacet
  facet normal 0 -0.382742 -0.923855
    outer loop
      vertex 301.91 2.62726 65.8779
      vertex 214.888 3.24567 65.6217
      vertex 301.762 3.24567 65.6217
    endloop
  endfacet
  facet normal 6.76001e-07 -0.382661 -0.923889
    outer loop
      vertex 302.263 1.6801 66.2702
      vertex 214.888 3.24567 65.6217
      vertex 301.91 2.62726 65.8779
    endloop
  endfacet
  facet normal 0 -0.382693 -0.923875
    outer loop
      vertex 214.888 3.24567 65.6217
      vertex 302.263 1.6801 66.2702
      vertex 214.043 1.6801 66.2702
    endloop
  endfacet
  facet normal -0 -0.130532 -0.991444
    outer loop
      vertex 211.68 1.6801 66.2702
      vertex 210 0 66.4914
      vertex 210 1.6801 66.2702
    endloop
  endfacet
  facet normal 0 -0.130532 -0.991444
    outer loop
      vertex 302.462 0 66.4914
      vertex 214.043 1.6801 66.2702
      vertex 302.263 1.6801 66.2702
    endloop
  endfacet
  facet normal 0 -0.130532 -0.991444
    outer loop
      vertex 214.043 1.6801 66.2702
      vertex 302.462 0 66.4914
      vertex 213.755 0 66.4914
    endloop
  endfacet
  facet normal 0 0.130532 -0.991444
    outer loop
      vertex 211.68 -1.6801 66.2702
      vertex 210 -1.6801 66.2702
      vertex 210 0 66.4914
    endloop
  endfacet
  facet normal 0 0.130532 -0.991444
    outer loop
      vertex 214.043 -1.6801 66.2702
      vertex 302.462 0 66.4914
      vertex 302.263 -1.6801 66.2702
    endloop
  endfacet
  facet normal 0 0.130532 -0.991444
    outer loop
      vertex 302.462 0 66.4914
      vertex 214.043 -1.6801 66.2702
      vertex 213.755 0 66.4914
    endloop
  endfacet
  facet normal 0 0.382693 -0.923875
    outer loop
      vertex 210 -3.24567 65.6217
      vertex 211.68 -1.6801 66.2702
      vertex 213.246 -3.24567 65.6217
    endloop
  endfacet
  facet normal 0 0.382693 -0.923875
    outer loop
      vertex 211.68 -1.6801 66.2702
      vertex 210 -3.24567 65.6217
      vertex 210 -1.6801 66.2702
    endloop
  endfacet
  facet normal 0 0.382742 -0.923855
    outer loop
      vertex 214.888 -3.24567 65.6217
      vertex 301.91 -2.62726 65.8779
      vertex 301.762 -3.24567 65.6217
    endloop
  endfacet
  facet normal 6.76001e-07 0.382661 -0.923889
    outer loop
      vertex 214.888 -3.24567 65.6217
      vertex 302.263 -1.6801 66.2702
      vertex 301.91 -2.62726 65.8779
    endloop
  endfacet
  facet normal 0 0.382693 -0.923875
    outer loop
      vertex 302.263 -1.6801 66.2702
      vertex 214.888 -3.24567 65.6217
      vertex 214.043 -1.6801 66.2702
    endloop
  endfacet
  facet normal 0 0.608758 -0.793356
    outer loop
      vertex 210 -4.59009 64.5901
      vertex 213.246 -3.24567 65.6217
      vertex 214.59 -4.59009 64.5901
    endloop
  endfacet
  facet normal 0 0.608758 -0.793356
    outer loop
      vertex 213.246 -3.24567 65.6217
      vertex 210 -4.59009 64.5901
      vertex 210 -3.24567 65.6217
    endloop
  endfacet
  facet normal 0 0.608758 -0.793356
    outer loop
      vertex 215.851 -4.59009 64.5901
      vertex 301.762 -3.24567 65.6217
      vertex 301.166 -4.59009 64.5901
    endloop
  endfacet
  facet normal 8.93885e-09 0.608757 -0.793356
    outer loop
      vertex 215.303 -3.66062 65.3033
      vertex 301.762 -3.24567 65.6217
      vertex 215.851 -4.59009 64.5901
    endloop
  endfacet
  facet normal 0 0.608759 -0.793355
    outer loop
      vertex 301.762 -3.24567 65.6217
      vertex 215.303 -3.66062 65.3033
      vertex 214.888 -3.24567 65.6217
    endloop
  endfacet
  facet normal 0 0.793349 -0.608767
    outer loop
      vertex 210 -5.6217 63.2457
      vertex 214.59 -4.59009 64.5901
      vertex 215.622 -5.6217 63.2457
    endloop
  endfacet
  facet normal 0 0.793349 -0.608767
    outer loop
      vertex 214.59 -4.59009 64.5901
      vertex 210 -5.6217 63.2457
      vertex 210 -4.59009 64.5901
    endloop
  endfacet
  facet normal 3.82854e-07 0.79334 -0.608779
    outer loop
      vertex 216.495 -5.23471 63.75
      vertex 301.166 -4.59009 64.5901
      vertex 300.865 -4.99119 64.0674
    endloop
  endfacet
  facet normal 0 0.793359 -0.608755
    outer loop
      vertex 301.166 -4.59009 64.5901
      vertex 216.495 -5.23471 63.75
      vertex 215.851 -4.59009 64.5901
    endloop
  endfacet
  facet normal 0 0.793355 -0.60876
    outer loop
      vertex 216.704 -5.6217 63.2457
      vertex 300.865 -4.99119 64.0674
      vertex 300.598 -5.6217 63.2457
    endloop
  endfacet
  facet normal 4.37305e-07 0.793333 -0.608788
    outer loop
      vertex 300.865 -4.99119 64.0674
      vertex 216.704 -5.6217 63.2457
      vertex 216.495 -5.23471 63.75
    endloop
  endfacet
  facet normal 0 0.923884 -0.382672
    outer loop
      vertex 210 -6.27017 61.6801
      vertex 215.622 -5.6217 63.2457
      vertex 216.27 -6.27017 61.6801
    endloop
  endfacet
  facet normal 0 0.923884 -0.382672
    outer loop
      vertex 215.622 -5.6217 63.2457
      vertex 210 -6.27017 61.6801
      vertex 210 -5.6217 63.2457
    endloop
  endfacet
  facet normal 9.9411e-08 0.923886 -0.382669
    outer loop
      vertex 217.244 -6.16205 61.9411
      vertex 300.598 -5.6217 63.2457
      vertex 300.219 -6.1049 62.0791
    endloop
  endfacet
  facet normal 0 0.923888 -0.382663
    outer loop
      vertex 300.598 -5.6217 63.2457
      vertex 217.244 -6.16205 61.9411
      vertex 216.704 -5.6217 63.2457
    endloop
  endfacet
  facet normal 0 0.923881 -0.382681
    outer loop
      vertex 217.279 -6.27017 61.6801
      vertex 300.219 -6.1049 62.0791
      vertex 300.177 -6.27017 61.6801
    endloop
  endfacet
  facet normal 1.88089e-07 0.923867 -0.382714
    outer loop
      vertex 300.219 -6.1049 62.0791
      vertex 217.279 -6.27017 61.6801
      vertex 217.244 -6.16205 61.9411
    endloop
  endfacet
  facet normal 0 0.991443 -0.130538
    outer loop
      vertex 210 -6.49138 60
      vertex 216.27 -6.27017 61.6801
      vertex 216.491 -6.49138 60
    endloop
  endfacet
  facet normal 0 0.991443 -0.130538
    outer loop
      vertex 216.27 -6.27017 61.6801
      vertex 210 -6.49138 60
      vertex 210 -6.27017 61.6801
    endloop
  endfacet
  facet normal 0 0.991443 -0.130538
    outer loop
      vertex 217.5 -6.49138 60
      vertex 300.177 -6.27017 61.6801
      vertex 300 -6.49138 60
    endloop
  endfacet
  facet normal 0 0.991443 -0.130538
    outer loop
      vertex 300.177 -6.27017 61.6801
      vertex 217.5 -6.49138 60
      vertex 217.279 -6.27017 61.6801
    endloop
  endfacet
  facet normal 0 0.991443 0.130538
    outer loop
      vertex 216.27 -6.27017 58.3199
      vertex 210 -6.49138 60
      vertex 216.491 -6.49138 60
    endloop
  endfacet
  facet normal 0 0.991443 0.130538
    outer loop
      vertex 210 -6.49138 60
      vertex 216.27 -6.27017 58.3199
      vertex 210 -6.27017 58.3199
    endloop
  endfacet
  facet normal 0 0.991443 0.130538
    outer loop
      vertex 300.177 -6.27017 58.3199
      vertex 217.5 -6.49138 60
      vertex 300 -6.49138 60
    endloop
  endfacet
  facet normal 0 0.991443 0.130538
    outer loop
      vertex 217.5 -6.49138 60
      vertex 300.177 -6.27017 58.3199
      vertex 217.279 -6.27017 58.3199
    endloop
  endfacet
  facet normal -0.9877 0 0.156363
    outer loop
      vertex 250.329 -270 66.2717
      vertex 251.311 -230 72.4747
      vertex 250.329 -230 66.2717
    endloop
  endfacet
  facet normal -0.9877 0 0.156363
    outer loop
      vertex 251.311 -230 72.4747
      vertex 250.329 -270 66.2717
      vertex 251.311 -270 72.4747
    endloop
  endfacet
  facet normal -0.9877 0 -0.156363
    outer loop
      vertex 251.311 -270 47.5253
      vertex 250.329 -230 53.7283
      vertex 251.311 -230 47.5253
    endloop
  endfacet
  facet normal -0.9877 -0 -0.156363
    outer loop
      vertex 250.329 -230 53.7283
      vertex 251.311 -270 47.5253
      vertex 250.329 -270 53.7283
    endloop
  endfacet
  facet normal -0.998627 0 -0.0523858
    outer loop
      vertex 250.329 -270 53.7283
      vertex 250 -230 60
      vertex 250.329 -230 53.7283
    endloop
  endfacet
  facet normal -0.998627 -0 -0.0523858
    outer loop
      vertex 250 -230 60
      vertex 250.329 -270 53.7283
      vertex 250 -270 60
    endloop
  endfacet
  facet normal -0.965904 0 -0.258899
    outer loop
      vertex 252.937 -270 41.459
      vertex 251.311 -230 47.5253
      vertex 252.937 -230 41.459
    endloop
  endfacet
  facet normal -0.965904 -0 -0.258899
    outer loop
      vertex 251.311 -230 47.5253
      vertex 252.937 -270 41.459
      vertex 251.311 -270 47.5253
    endloop
  endfacet
  facet normal -0.838634 0 -0.544696
    outer loop
      vertex 261.459 -270 24.7329
      vertex 258.038 -230 30
      vertex 261.459 -230 24.7329
    endloop
  endfacet
  facet normal -0.838634 -0 -0.544696
    outer loop
      vertex 258.038 -230 30
      vertex 261.459 -270 24.7329
      vertex 258.038 -270 30
    endloop
  endfacet
  facet normal 0.156434 0 -0.987688
    outer loop
      vertex 316.272 -270 0.328687
      vertex 322.475 -230 1.31114
      vertex 322.475 -270 1.31114
    endloop
  endfacet
  facet normal 0.156434 0 -0.987688
    outer loop
      vertex 322.475 -230 1.31114
      vertex 316.272 -270 0.328687
      vertex 316.272 -230 0.328687
    endloop
  endfacet
  facet normal 0.965904 -0 0.258899
    outer loop
      vertex 367.063 -270 78.541
      vertex 368.689 -230 72.4747
      vertex 367.063 -230 78.541
    endloop
  endfacet
  facet normal 0.965904 0 0.258899
    outer loop
      vertex 368.689 -230 72.4747
      vertex 367.063 -270 78.541
      vertex 368.689 -270 72.4747
    endloop
  endfacet
  facet normal 0.453952 0 0.891026
    outer loop
      vertex 334.404 -230 114.813
      vertex 340 -270 111.962
      vertex 340 -230 111.962
    endloop
  endfacet
  facet normal 0.453952 0 0.891026
    outer loop
      vertex 340 -270 111.962
      vertex 334.404 -230 114.813
      vertex 334.404 -270 114.813
    endloop
  endfacet
  facet normal -0.998627 0 0.0523858
    outer loop
      vertex 250 -270 60
      vertex 250.329 -230 66.2717
      vertex 250 -230 60
    endloop
  endfacet
  facet normal -0.998627 0 0.0523858
    outer loop
      vertex 250.329 -230 66.2717
      vertex 250 -270 60
      vertex 250.329 -270 66.2717
    endloop
  endfacet
  facet normal -0.258911 0 0.965901
    outer loop
      vertex 291.459 -230 117.063
      vertex 297.525 -270 118.689
      vertex 297.525 -230 118.689
    endloop
  endfacet
  facet normal -0.258911 0 0.965901
    outer loop
      vertex 297.525 -270 118.689
      vertex 291.459 -230 117.063
      vertex 291.459 -270 117.063
    endloop
  endfacet
  facet normal 0.629267 0 0.777189
    outer loop
      vertex 345.267 -230 108.541
      vertex 350.148 -270 104.589
      vertex 350.148 -230 104.589
    endloop
  endfacet
  facet normal 0.629267 0 0.777189
    outer loop
      vertex 350.148 -270 104.589
      vertex 345.267 -230 108.541
      vertex 345.267 -270 108.541
    endloop
  endfacet
  facet normal 0.156363 0 0.9877
    outer loop
      vertex 316.272 -230 119.671
      vertex 322.475 -270 118.689
      vertex 322.475 -230 118.689
    endloop
  endfacet
  facet normal 0.156363 0 0.9877
    outer loop
      vertex 322.475 -270 118.689
      vertex 316.272 -230 119.671
      vertex 316.272 -270 119.671
    endloop
  endfacet
  facet normal 0.707107 -0 0.707107
    outer loop
      vertex 350.148 -270 104.589
      vertex 354.589 -230 100.148
      vertex 350.148 -230 104.589
    endloop
  endfacet
  facet normal 0.707107 0 0.707107
    outer loop
      vertex 354.589 -230 100.148
      vertex 350.148 -270 104.589
      vertex 354.589 -270 100.148
    endloop
  endfacet
  facet normal 0.965904 0 -0.258899
    outer loop
      vertex 368.689 -270 47.5253
      vertex 367.063 -230 41.459
      vertex 368.689 -230 47.5253
    endloop
  endfacet
  facet normal 0.965904 0 -0.258899
    outer loop
      vertex 367.063 -230 41.459
      vertex 368.689 -270 47.5253
      vertex 367.063 -270 41.459
    endloop
  endfacet
  facet normal 0.544703 0 0.838629
    outer loop
      vertex 340 -230 111.962
      vertex 345.267 -270 108.541
      vertex 345.267 -230 108.541
    endloop
  endfacet
  facet normal 0.544703 0 0.838629
    outer loop
      vertex 345.267 -270 108.541
      vertex 340 -230 111.962
      vertex 340 -270 111.962
    endloop
  endfacet
  facet normal -0.156434 0 -0.987688
    outer loop
      vertex 297.525 -270 1.31114
      vertex 303.728 -230 0.328687
      vertex 303.728 -270 0.328687
    endloop
  endfacet
  facet normal -0.156434 0 -0.987688
    outer loop
      vertex 303.728 -230 0.328687
      vertex 297.525 -270 1.31114
      vertex 297.525 -230 1.31114
    endloop
  endfacet
  facet normal -0.544649 0 -0.838664
    outer loop
      vertex 274.733 -270 11.459
      vertex 280 -230 8.03848
      vertex 280 -270 8.03848
    endloop
  endfacet
  facet normal -0.544649 0 -0.838664
    outer loop
      vertex 280 -230 8.03848
      vertex 274.733 -270 11.459
      vertex 274.733 -230 11.459
    endloop
  endfacet
  facet normal -0.358285 0 0.933612
    outer loop
      vertex 285.596 -230 114.813
      vertex 291.459 -270 117.063
      vertex 291.459 -230 117.063
    endloop
  endfacet
  facet normal -0.358285 0 0.933612
    outer loop
      vertex 291.459 -270 117.063
      vertex 285.596 -230 114.813
      vertex 285.596 -270 114.813
    endloop
  endfacet
  facet normal 0.258832 0 -0.965922
    outer loop
      vertex 322.475 -270 1.31114
      vertex 328.541 -230 2.93661
      vertex 328.541 -270 2.93661
    endloop
  endfacet
  facet normal 0.258832 0 -0.965922
    outer loop
      vertex 328.541 -230 2.93661
      vertex 322.475 -270 1.31114
      vertex 322.475 -230 1.31114
    endloop
  endfacet
  facet normal -0.0523336 0 -0.99863
    outer loop
      vertex 303.728 -270 0.328687
      vertex 310 -230 0
      vertex 310 -270 0
    endloop
  endfacet
  facet normal -0.0523336 0 -0.99863
    outer loop
      vertex 310 -230 0
      vertex 303.728 -270 0.328687
      vertex 303.728 -230 0.328687
    endloop
  endfacet
  facet normal -0.358377 0 -0.933577
    outer loop
      vertex 285.596 -270 5.18727
      vertex 291.459 -230 2.93661
      vertex 291.459 -270 2.93661
    endloop
  endfacet
  facet normal -0.358377 0 -0.933577
    outer loop
      vertex 291.459 -230 2.93661
      vertex 285.596 -270 5.18727
      vertex 285.596 -230 5.18727
    endloop
  endfacet
  facet normal -0.965904 0 0.258899
    outer loop
      vertex 251.311 -270 72.4747
      vertex 252.937 -230 78.541
      vertex 251.311 -230 72.4747
    endloop
  endfacet
  facet normal -0.965904 0 0.258899
    outer loop
      vertex 252.937 -230 78.541
      vertex 251.311 -270 72.4747
      vertex 252.937 -270 78.541
    endloop
  endfacet
  facet normal -0.453979 0 -0.891013
    outer loop
      vertex 280 -270 8.03848
      vertex 285.596 -230 5.18727
      vertex 285.596 -270 5.18727
    endloop
  endfacet
  facet normal -0.453979 0 -0.891013
    outer loop
      vertex 285.596 -230 5.18727
      vertex 280 -270 8.03848
      vertex 280 -230 8.03848
    endloop
  endfacet
  facet normal 0.453979 0 -0.891013
    outer loop
      vertex 334.404 -270 5.18727
      vertex 340 -230 8.03848
      vertex 340 -270 8.03848
    endloop
  endfacet
  facet normal 0.453979 0 -0.891013
    outer loop
      vertex 340 -230 8.03848
      vertex 334.404 -270 5.18727
      vertex 334.404 -230 5.18727
    endloop
  endfacet
  facet normal -0.156363 0 0.9877
    outer loop
      vertex 297.525 -230 118.689
      vertex 303.728 -270 119.671
      vertex 303.728 -230 119.671
    endloop
  endfacet
  facet normal -0.156363 0 0.9877
    outer loop
      vertex 303.728 -270 119.671
      vertex 297.525 -230 118.689
      vertex 297.525 -270 118.689
    endloop
  endfacet
  facet normal 0.258911 0 0.965901
    outer loop
      vertex 322.475 -230 118.689
      vertex 328.541 -270 117.063
      vertex 328.541 -230 117.063
    endloop
  endfacet
  facet normal 0.258911 0 0.965901
    outer loop
      vertex 328.541 -270 117.063
      vertex 322.475 -230 118.689
      vertex 322.475 -270 118.689
    endloop
  endfacet
  facet normal -0.777183 0 0.629275
    outer loop
      vertex 261.459 -270 95.2671
      vertex 265.411 -230 100.148
      vertex 261.459 -230 95.2671
    endloop
  endfacet
  facet normal -0.777183 0 0.629275
    outer loop
      vertex 265.411 -230 100.148
      vertex 261.459 -270 95.2671
      vertex 265.411 -270 100.148
    endloop
  endfacet
  facet normal -0.629296 0 -0.777166
    outer loop
      vertex 269.852 -270 15.4113
      vertex 274.733 -230 11.459
      vertex 274.733 -270 11.459
    endloop
  endfacet
  facet normal -0.629296 0 -0.777166
    outer loop
      vertex 274.733 -230 11.459
      vertex 269.852 -270 15.4113
      vertex 269.852 -230 15.4113
    endloop
  endfacet
  facet normal -0.89102 0 0.453965
    outer loop
      vertex 255.187 -270 84.4042
      vertex 258.038 -230 90
      vertex 255.187 -230 84.4042
    endloop
  endfacet
  facet normal -0.89102 0 0.453965
    outer loop
      vertex 258.038 -230 90
      vertex 255.187 -270 84.4042
      vertex 258.038 -270 90
    endloop
  endfacet
  facet normal 0.707099 0 -0.707115
    outer loop
      vertex 350.148 -270 15.4113
      vertex 354.589 -230 19.8522
      vertex 354.589 -270 19.8522
    endloop
  endfacet
  facet normal 0.707099 0 -0.707115
    outer loop
      vertex 354.589 -230 19.8522
      vertex 350.148 -270 15.4113
      vertex 350.148 -230 15.4113
    endloop
  endfacet
  facet normal -0.0523833 0 0.998627
    outer loop
      vertex 303.728 -230 119.671
      vertex 310 -270 120
      vertex 310 -230 120
    endloop
  endfacet
  facet normal -0.0523833 0 0.998627
    outer loop
      vertex 310 -270 120
      vertex 303.728 -230 119.671
      vertex 303.728 -270 119.671
    endloop
  endfacet
  facet normal 0.358377 0 -0.933577
    outer loop
      vertex 328.541 -270 2.93661
      vertex 334.404 -230 5.18727
      vertex 334.404 -270 5.18727
    endloop
  endfacet
  facet normal 0.358377 0 -0.933577
    outer loop
      vertex 334.404 -230 5.18727
      vertex 328.541 -270 2.93661
      vertex 328.541 -230 2.93661
    endloop
  endfacet
  facet normal 0.0523336 0 -0.99863
    outer loop
      vertex 310 -270 0
      vertex 316.272 -230 0.328687
      vertex 316.272 -270 0.328687
    endloop
  endfacet
  facet normal 0.0523336 0 -0.99863
    outer loop
      vertex 316.272 -230 0.328687
      vertex 310 -270 0
      vertex 310 -230 0
    endloop
  endfacet
  facet normal -0.453952 0 0.891026
    outer loop
      vertex 280 -230 111.962
      vertex 285.596 -270 114.813
      vertex 285.596 -230 114.813
    endloop
  endfacet
  facet normal -0.453952 0 0.891026
    outer loop
      vertex 285.596 -270 114.813
      vertex 280 -230 111.962
      vertex 280 -270 111.962
    endloop
  endfacet
  facet normal 0.933616 0 -0.358275
    outer loop
      vertex 367.063 -270 41.459
      vertex 364.813 -230 35.5958
      vertex 367.063 -230 41.459
    endloop
  endfacet
  facet normal 0.933616 0 -0.358275
    outer loop
      vertex 364.813 -230 35.5958
      vertex 367.063 -270 41.459
      vertex 364.813 -270 35.5958
    endloop
  endfacet
  facet normal 0.89102 0 -0.453965
    outer loop
      vertex 364.813 -270 35.5958
      vertex 361.962 -230 30
      vertex 364.813 -230 35.5958
    endloop
  endfacet
  facet normal 0.89102 0 -0.453965
    outer loop
      vertex 361.962 -230 30
      vertex 364.813 -270 35.5958
      vertex 361.962 -270 30
    endloop
  endfacet
  facet normal -0.77717 0 -0.62929
    outer loop
      vertex 265.411 -270 19.8522
      vertex 261.459 -230 24.7329
      vertex 265.411 -230 19.8522
    endloop
  endfacet
  facet normal -0.77717 -0 -0.62929
    outer loop
      vertex 261.459 -230 24.7329
      vertex 265.411 -270 19.8522
      vertex 261.459 -270 24.7329
    endloop
  endfacet
  facet normal -0.258832 0 -0.965922
    outer loop
      vertex 291.459 -270 2.93661
      vertex 297.525 -230 1.31114
      vertex 297.525 -270 1.31114
    endloop
  endfacet
  facet normal -0.258832 0 -0.965922
    outer loop
      vertex 297.525 -230 1.31114
      vertex 291.459 -270 2.93661
      vertex 291.459 -230 2.93661
    endloop
  endfacet
  facet normal -0.933616 0 -0.358275
    outer loop
      vertex 255.187 -270 35.5958
      vertex 252.937 -230 41.459
      vertex 255.187 -230 35.5958
    endloop
  endfacet
  facet normal -0.933616 -0 -0.358275
    outer loop
      vertex 252.937 -230 41.459
      vertex 255.187 -270 35.5958
      vertex 252.937 -270 41.459
    endloop
  endfacet
  facet normal -0.838634 0 0.544696
    outer loop
      vertex 258.038 -270 90
      vertex 261.459 -230 95.2671
      vertex 258.038 -230 90
    endloop
  endfacet
  facet normal -0.838634 0 0.544696
    outer loop
      vertex 261.459 -230 95.2671
      vertex 258.038 -270 90
      vertex 261.459 -270 95.2671
    endloop
  endfacet
  facet normal 0.998627 -0 0.0523858
    outer loop
      vertex 369.671 -270 66.2717
      vertex 370 -230 60
      vertex 369.671 -230 66.2717
    endloop
  endfacet
  facet normal 0.998627 0 0.0523858
    outer loop
      vertex 370 -230 60
      vertex 369.671 -270 66.2717
      vertex 370 -270 60
    endloop
  endfacet
  facet normal 0 1 0
    outer loop
      vertex 310 -230 70.5
      vertex 310 -230 120
      vertex 316.272 -230 119.671
    endloop
  endfacet
  facet normal 0 1 0
    outer loop
      vertex 311.098 -230 70.4425
      vertex 316.272 -230 119.671
      vertex 322.475 -230 118.689
    endloop
  endfacet
  facet normal 0 1 0
    outer loop
      vertex 310 -230 120
      vertex 310 -230 70.5
      vertex 303.728 -230 119.671
    endloop
  endfacet
  facet normal 0 1 0
    outer loop
      vertex 312.183 -230 70.2706
      vertex 322.475 -230 118.689
      vertex 328.541 -230 117.063
    endloop
  endfacet
  facet normal 0 1 -0
    outer loop
      vertex 308.902 -230 70.4425
      vertex 303.728 -230 119.671
      vertex 310 -230 70.5
    endloop
  endfacet
  facet normal 0 1 0
    outer loop
      vertex 313.245 -230 69.9861
      vertex 328.541 -230 117.063
      vertex 334.404 -230 114.813
    endloop
  endfacet
  facet normal 0 1 0
    outer loop
      vertex 303.728 -230 119.671
      vertex 308.902 -230 70.4425
      vertex 297.525 -230 118.689
    endloop
  endfacet
  facet normal 0 1 0
    outer loop
      vertex 314.271 -230 69.5922
      vertex 334.404 -230 114.813
      vertex 340 -230 111.962
    endloop
  endfacet
  facet normal 0 1 -0
    outer loop
      vertex 307.817 -230 70.2706
      vertex 297.525 -230 118.689
      vertex 308.902 -230 70.4425
    endloop
  endfacet
  facet normal 0 1 0
    outer loop
      vertex 315.25 -230 69.0933
      vertex 340 -230 111.962
      vertex 345.267 -230 108.541
    endloop
  endfacet
  facet normal 0 1 0
    outer loop
      vertex 297.525 -230 118.689
      vertex 307.817 -230 70.2706
      vertex 291.459 -230 117.063
    endloop
  endfacet
  facet normal 0 1 0
    outer loop
      vertex 316.172 -230 68.4947
      vertex 345.267 -230 108.541
      vertex 350.148 -230 104.589
    endloop
  endfacet
  facet normal 0 1 -0
    outer loop
      vertex 306.755 -230 69.9861
      vertex 291.459 -230 117.063
      vertex 307.817 -230 70.2706
    endloop
  endfacet
  facet normal 0 1 0
    outer loop
      vertex 317.026 -230 67.803
      vertex 350.148 -230 104.589
      vertex 354.589 -230 100.148
    endloop
  endfacet
  facet normal 0 1 0
    outer loop
      vertex 291.459 -230 117.063
      vertex 306.755 -230 69.9861
      vertex 285.596 -230 114.813
    endloop
  endfacet
  facet normal 0 1 0
    outer loop
      vertex 317.803 -230 67.0259
      vertex 354.589 -230 100.148
      vertex 358.541 -230 95.2671
    endloop
  endfacet
  facet normal 0 1 -0
    outer loop
      vertex 305.729 -230 69.5922
      vertex 285.596 -230 114.813
      vertex 306.755 -230 69.9861
    endloop
  endfacet
  facet normal 0 1 0
    outer loop
      vertex 318.495 -230 66.1717
      vertex 358.541 -230 95.2671
      vertex 361.962 -230 90
    endloop
  endfacet
  facet normal 0 1 0
    outer loop
      vertex 285.596 -230 114.813
      vertex 305.729 -230 69.5922
      vertex 280 -230 111.962
    endloop
  endfacet
  facet normal 0 1 0
    outer loop
      vertex 319.093 -230 65.25
      vertex 361.962 -230 90
      vertex 364.813 -230 84.4042
    endloop
  endfacet
  facet normal 0 1 -0
    outer loop
      vertex 304.75 -230 69.0933
      vertex 280 -230 111.962
      vertex 305.729 -230 69.5922
    endloop
  endfacet
  facet normal 0 1 0
    outer loop
      vertex 319.592 -230 64.2707
      vertex 364.813 -230 84.4042
      vertex 367.063 -230 78.541
    endloop
  endfacet
  facet normal 0 1 0
    outer loop
      vertex 280 -230 111.962
      vertex 304.75 -230 69.0933
      vertex 274.733 -230 108.541
    endloop
  endfacet
  facet normal 0 1 0
    outer loop
      vertex 319.986 -230 63.2447
      vertex 367.063 -230 78.541
      vertex 368.689 -230 72.4747
    endloop
  endfacet
  facet normal 0 1 -0
    outer loop
      vertex 303.828 -230 68.4947
      vertex 274.733 -230 108.541
      vertex 304.75 -230 69.0933
    endloop
  endfacet
  facet normal 0 1 0
    outer loop
      vertex 274.733 -230 108.541
      vertex 303.828 -230 68.4947
      vertex 269.852 -230 104.589
    endloop
  endfacet
  facet normal 0 1 0
    outer loop
      vertex 316.272 -230 119.671
      vertex 311.098 -230 70.4425
      vertex 310 -230 70.5
    endloop
  endfacet
  facet normal 0 1 0
    outer loop
      vertex 322.475 -230 118.689
      vertex 312.183 -230 70.2706
      vertex 311.098 -230 70.4425
    endloop
  endfacet
  facet normal 0 1 0
    outer loop
      vertex 328.541 -230 117.063
      vertex 313.245 -230 69.9861
      vertex 312.183 -230 70.2706
    endloop
  endfacet
  facet normal 0 1 0
    outer loop
      vertex 334.404 -230 114.813
      vertex 314.271 -230 69.5922
      vertex 313.245 -230 69.9861
    endloop
  endfacet
  facet normal 0 1 0
    outer loop
      vertex 340 -230 111.962
      vertex 315.25 -230 69.0933
      vertex 314.271 -230 69.5922
    endloop
  endfacet
  facet normal 0 1 0
    outer loop
      vertex 345.267 -230 108.541
      vertex 316.172 -230 68.4947
      vertex 315.25 -230 69.0933
    endloop
  endfacet
  facet normal 0 1 0
    outer loop
      vertex 350.148 -230 104.589
      vertex 317.026 -230 67.803
      vertex 316.172 -230 68.4947
    endloop
  endfacet
  facet normal 0 1 0
    outer loop
      vertex 354.589 -230 100.148
      vertex 317.803 -230 67.0259
      vertex 317.026 -230 67.803
    endloop
  endfacet
  facet normal 0 1 0
    outer loop
      vertex 320.271 -230 62.1831
      vertex 368.689 -230 72.4747
      vertex 369.671 -230 66.2717
    endloop
  endfacet
  facet normal 0 1 0
    outer loop
      vertex 358.541 -230 95.2671
      vertex 318.495 -230 66.1717
      vertex 317.803 -230 67.0259
    endloop
  endfacet
  facet normal 0 1 0
    outer loop
      vertex 361.962 -230 90
      vertex 319.093 -230 65.25
      vertex 318.495 -230 66.1717
    endloop
  endfacet
  facet normal 0 1 0
    outer loop
      vertex 364.813 -230 84.4042
      vertex 319.592 -230 64.2707
      vertex 319.093 -230 65.25
    endloop
  endfacet
  facet normal 0 1 0
    outer loop
      vertex 367.063 -230 78.541
      vertex 319.986 -230 63.2447
      vertex 319.592 -230 64.2707
    endloop
  endfacet
  facet normal 0 1 0
    outer loop
      vertex 368.689 -230 72.4747
      vertex 320.271 -230 62.1831
      vertex 319.986 -230 63.2447
    endloop
  endfacet
  facet normal 0 1 0
    outer loop
      vertex 369.671 -230 66.2717
      vertex 320.442 -230 61.0975
      vertex 320.271 -230 62.1831
    endloop
  endfacet
  facet normal 0 1 0
    outer loop
      vertex 370 -230 60
      vertex 320.442 -230 61.0975
      vertex 369.671 -230 66.2717
    endloop
  endfacet
  facet normal 0 1 0
    outer loop
      vertex 370 -230 60
      vertex 320.5 -230 60
      vertex 320.442 -230 61.0975
    endloop
  endfacet
  facet normal 0 1 0
    outer loop
      vertex 370 -230 60
      vertex 320.442 -230 58.9025
      vertex 320.5 -230 60
    endloop
  endfacet
  facet normal 0 1 -0
    outer loop
      vertex 369.671 -230 53.7283
      vertex 320.442 -230 58.9025
      vertex 370 -230 60
    endloop
  endfacet
  facet normal 0 1 0
    outer loop
      vertex 320.442 -230 58.9025
      vertex 369.671 -230 53.7283
      vertex 320.271 -230 57.8169
    endloop
  endfacet
  facet normal 0 1 -0
    outer loop
      vertex 368.689 -230 47.5253
      vertex 320.271 -230 57.8169
      vertex 369.671 -230 53.7283
    endloop
  endfacet
  facet normal 0 1 0
    outer loop
      vertex 320.271 -230 57.8169
      vertex 368.689 -230 47.5253
      vertex 319.986 -230 56.7553
    endloop
  endfacet
  facet normal 0 1 -0
    outer loop
      vertex 367.063 -230 41.459
      vertex 319.986 -230 56.7553
      vertex 368.689 -230 47.5253
    endloop
  endfacet
  facet normal 0 1 0
    outer loop
      vertex 319.986 -230 56.7553
      vertex 367.063 -230 41.459
      vertex 319.592 -230 55.7293
    endloop
  endfacet
  facet normal 0 1 -0
    outer loop
      vertex 364.813 -230 35.5958
      vertex 319.592 -230 55.7293
      vertex 367.063 -230 41.459
    endloop
  endfacet
  facet normal 0 1 0
    outer loop
      vertex 319.592 -230 55.7293
      vertex 364.813 -230 35.5958
      vertex 319.093 -230 54.75
    endloop
  endfacet
  facet normal 0 1 -0
    outer loop
      vertex 361.962 -230 30
      vertex 319.093 -230 54.75
      vertex 364.813 -230 35.5958
    endloop
  endfacet
  facet normal 0 1 0
    outer loop
      vertex 319.093 -230 54.75
      vertex 361.962 -230 30
      vertex 318.495 -230 53.8283
    endloop
  endfacet
  facet normal 0 1 -0
    outer loop
      vertex 358.541 -230 24.7329
      vertex 318.495 -230 53.8283
      vertex 361.962 -230 30
    endloop
  endfacet
  facet normal 0 1 0
    outer loop
      vertex 318.495 -230 53.8283
      vertex 358.541 -230 24.7329
      vertex 317.803 -230 52.9741
    endloop
  endfacet
  facet normal 0 1 -0
    outer loop
      vertex 354.589 -230 19.8522
      vertex 317.803 -230 52.9741
      vertex 358.541 -230 24.7329
    endloop
  endfacet
  facet normal 0 1 0
    outer loop
      vertex 317.803 -230 52.9741
      vertex 354.589 -230 19.8522
      vertex 317.026 -230 52.197
    endloop
  endfacet
  facet normal 0 1 0
    outer loop
      vertex 317.026 -230 52.197
      vertex 350.148 -230 15.4113
      vertex 316.172 -230 51.5053
    endloop
  endfacet
  facet normal 0 1 -0
    outer loop
      vertex 350.148 -230 15.4113
      vertex 317.026 -230 52.197
      vertex 354.589 -230 19.8522
    endloop
  endfacet
  facet normal 0 1 -0
    outer loop
      vertex 302.974 -230 67.803
      vertex 269.852 -230 104.589
      vertex 303.828 -230 68.4947
    endloop
  endfacet
  facet normal 0 1 0
    outer loop
      vertex 269.852 -230 104.589
      vertex 302.974 -230 67.803
      vertex 265.411 -230 100.148
    endloop
  endfacet
  facet normal 0 1 -0
    outer loop
      vertex 302.197 -230 67.0259
      vertex 265.411 -230 100.148
      vertex 302.974 -230 67.803
    endloop
  endfacet
  facet normal 0 1 0
    outer loop
      vertex 265.411 -230 100.148
      vertex 302.197 -230 67.0259
      vertex 261.459 -230 95.2671
    endloop
  endfacet
  facet normal 0 1 -0
    outer loop
      vertex 301.505 -230 66.1717
      vertex 261.459 -230 95.2671
      vertex 302.197 -230 67.0259
    endloop
  endfacet
  facet normal 0 1 0
    outer loop
      vertex 261.459 -230 95.2671
      vertex 301.505 -230 66.1717
      vertex 258.038 -230 90
    endloop
  endfacet
  facet normal 0 1 -0
    outer loop
      vertex 300.907 -230 65.25
      vertex 258.038 -230 90
      vertex 301.505 -230 66.1717
    endloop
  endfacet
  facet normal 0 1 0
    outer loop
      vertex 258.038 -230 90
      vertex 300.907 -230 65.25
      vertex 255.187 -230 84.4042
    endloop
  endfacet
  facet normal 0 1 -0
    outer loop
      vertex 300.408 -230 64.2707
      vertex 255.187 -230 84.4042
      vertex 300.907 -230 65.25
    endloop
  endfacet
  facet normal 0 1 0
    outer loop
      vertex 255.187 -230 84.4042
      vertex 300.408 -230 64.2707
      vertex 252.937 -230 78.541
    endloop
  endfacet
  facet normal 0 1 -0
    outer loop
      vertex 300.014 -230 63.2447
      vertex 252.937 -230 78.541
      vertex 300.408 -230 64.2707
    endloop
  endfacet
  facet normal 0 1 0
    outer loop
      vertex 252.937 -230 78.541
      vertex 300.014 -230 63.2447
      vertex 251.311 -230 72.4747
    endloop
  endfacet
  facet normal 0 1 -0
    outer loop
      vertex 299.729 -230 62.1831
      vertex 251.311 -230 72.4747
      vertex 300.014 -230 63.2447
    endloop
  endfacet
  facet normal 0 1 0
    outer loop
      vertex 251.311 -230 72.4747
      vertex 299.729 -230 62.1831
      vertex 250.329 -230 66.2717
    endloop
  endfacet
  facet normal 0 1 -0
    outer loop
      vertex 299.558 -230 61.0975
      vertex 250.329 -230 66.2717
      vertex 299.729 -230 62.1831
    endloop
  endfacet
  facet normal 0 1 -0
    outer loop
      vertex 299.5 -230 60
      vertex 250.329 -230 66.2717
      vertex 299.558 -230 61.0975
    endloop
  endfacet
  facet normal 0 1 0
    outer loop
      vertex 299.5 -230 60
      vertex 250 -230 60
      vertex 250.329 -230 66.2717
    endloop
  endfacet
  facet normal 0 1 0
    outer loop
      vertex 299.558 -230 58.9025
      vertex 250 -230 60
      vertex 299.5 -230 60
    endloop
  endfacet
  facet normal 0 1 0
    outer loop
      vertex 250.329 -230 53.7283
      vertex 299.558 -230 58.9025
      vertex 299.729 -230 57.8169
    endloop
  endfacet
  facet normal 0 1 0
    outer loop
      vertex 251.311 -230 47.5253
      vertex 299.729 -230 57.8169
      vertex 300.014 -230 56.7553
    endloop
  endfacet
  facet normal 0 1 0
    outer loop
      vertex 252.937 -230 41.459
      vertex 300.014 -230 56.7553
      vertex 300.408 -230 55.7293
    endloop
  endfacet
  facet normal 0 1 0
    outer loop
      vertex 255.187 -230 35.5958
      vertex 300.408 -230 55.7293
      vertex 300.907 -230 54.75
    endloop
  endfacet
  facet normal 0 1 0
    outer loop
      vertex 258.038 -230 30
      vertex 300.907 -230 54.75
      vertex 301.505 -230 53.8283
    endloop
  endfacet
  facet normal 0 1 0
    outer loop
      vertex 299.558 -230 58.9025
      vertex 250.329 -230 53.7283
      vertex 250 -230 60
    endloop
  endfacet
  facet normal 0 1 0
    outer loop
      vertex 261.459 -230 24.7329
      vertex 301.505 -230 53.8283
      vertex 302.197 -230 52.9741
    endloop
  endfacet
  facet normal 0 1 0
    outer loop
      vertex 265.411 -230 19.8522
      vertex 302.197 -230 52.9741
      vertex 302.974 -230 52.197
    endloop
  endfacet
  facet normal 0 1 0
    outer loop
      vertex 269.852 -230 15.4113
      vertex 302.974 -230 52.197
      vertex 303.828 -230 51.5053
    endloop
  endfacet
  facet normal 0 1 0
    outer loop
      vertex 274.733 -230 11.459
      vertex 303.828 -230 51.5053
      vertex 304.75 -230 50.9067
    endloop
  endfacet
  facet normal 0 1 0
    outer loop
      vertex 280 -230 8.03848
      vertex 304.75 -230 50.9067
      vertex 305.729 -230 50.4078
    endloop
  endfacet
  facet normal 0 1 0
    outer loop
      vertex 285.596 -230 5.18727
      vertex 305.729 -230 50.4078
      vertex 306.755 -230 50.0139
    endloop
  endfacet
  facet normal 0 1 0
    outer loop
      vertex 291.459 -230 2.93661
      vertex 306.755 -230 50.0139
      vertex 307.817 -230 49.7295
    endloop
  endfacet
  facet normal 0 1 0
    outer loop
      vertex 297.525 -230 1.31114
      vertex 307.817 -230 49.7295
      vertex 308.902 -230 49.5575
    endloop
  endfacet
  facet normal 0 1 0
    outer loop
      vertex 299.729 -230 57.8169
      vertex 251.311 -230 47.5253
      vertex 250.329 -230 53.7283
    endloop
  endfacet
  facet normal 0 1 0
    outer loop
      vertex 303.728 -230 0.328687
      vertex 308.902 -230 49.5575
      vertex 310 -230 49.5
    endloop
  endfacet
  facet normal 0 1 -0
    outer loop
      vertex 345.267 -230 11.459
      vertex 316.172 -230 51.5053
      vertex 350.148 -230 15.4113
    endloop
  endfacet
  facet normal 0 1 0
    outer loop
      vertex 316.172 -230 51.5053
      vertex 345.267 -230 11.459
      vertex 315.25 -230 50.9067
    endloop
  endfacet
  facet normal 0 1 0
    outer loop
      vertex 300.014 -230 56.7553
      vertex 252.937 -230 41.459
      vertex 251.311 -230 47.5253
    endloop
  endfacet
  facet normal 0 1 -0
    outer loop
      vertex 340 -230 8.03848
      vertex 315.25 -230 50.9067
      vertex 345.267 -230 11.459
    endloop
  endfacet
  facet normal 0 1 0
    outer loop
      vertex 300.408 -230 55.7293
      vertex 255.187 -230 35.5958
      vertex 252.937 -230 41.459
    endloop
  endfacet
  facet normal 0 1 0
    outer loop
      vertex 315.25 -230 50.9067
      vertex 340 -230 8.03848
      vertex 314.271 -230 50.4078
    endloop
  endfacet
  facet normal 0 1 0
    outer loop
      vertex 300.907 -230 54.75
      vertex 258.038 -230 30
      vertex 255.187 -230 35.5958
    endloop
  endfacet
  facet normal 0 1 -0
    outer loop
      vertex 334.404 -230 5.18727
      vertex 314.271 -230 50.4078
      vertex 340 -230 8.03848
    endloop
  endfacet
  facet normal 0 1 0
    outer loop
      vertex 301.505 -230 53.8283
      vertex 261.459 -230 24.7329
      vertex 258.038 -230 30
    endloop
  endfacet
  facet normal 0 1 0
    outer loop
      vertex 314.271 -230 50.4078
      vertex 334.404 -230 5.18727
      vertex 313.245 -230 50.0139
    endloop
  endfacet
  facet normal 0 1 0
    outer loop
      vertex 302.197 -230 52.9741
      vertex 265.411 -230 19.8522
      vertex 261.459 -230 24.7329
    endloop
  endfacet
  facet normal 0 1 -0
    outer loop
      vertex 328.541 -230 2.93661
      vertex 313.245 -230 50.0139
      vertex 334.404 -230 5.18727
    endloop
  endfacet
  facet normal 0 1 0
    outer loop
      vertex 302.974 -230 52.197
      vertex 269.852 -230 15.4113
      vertex 265.411 -230 19.8522
    endloop
  endfacet
  facet normal 0 1 0
    outer loop
      vertex 313.245 -230 50.0139
      vertex 328.541 -230 2.93661
      vertex 312.183 -230 49.7295
    endloop
  endfacet
  facet normal 0 1 0
    outer loop
      vertex 303.828 -230 51.5053
      vertex 274.733 -230 11.459
      vertex 269.852 -230 15.4113
    endloop
  endfacet
  facet normal 0 1 -0
    outer loop
      vertex 322.475 -230 1.31114
      vertex 312.183 -230 49.7295
      vertex 328.541 -230 2.93661
    endloop
  endfacet
  facet normal 0 1 0
    outer loop
      vertex 304.75 -230 50.9067
      vertex 280 -230 8.03848
      vertex 274.733 -230 11.459
    endloop
  endfacet
  facet normal 0 1 0
    outer loop
      vertex 312.183 -230 49.7295
      vertex 322.475 -230 1.31114
      vertex 311.098 -230 49.5575
    endloop
  endfacet
  facet normal 0 1 0
    outer loop
      vertex 305.729 -230 50.4078
      vertex 285.596 -230 5.18727
      vertex 280 -230 8.03848
    endloop
  endfacet
  facet normal 0 1 -0
    outer loop
      vertex 316.272 -230 0.328687
      vertex 311.098 -230 49.5575
      vertex 322.475 -230 1.31114
    endloop
  endfacet
  facet normal 0 1 0
    outer loop
      vertex 306.755 -230 50.0139
      vertex 291.459 -230 2.93661
      vertex 285.596 -230 5.18727
    endloop
  endfacet
  facet normal 0 1 0
    outer loop
      vertex 311.098 -230 49.5575
      vertex 316.272 -230 0.328687
      vertex 310 -230 49.5
    endloop
  endfacet
  facet normal 0 1 0
    outer loop
      vertex 307.817 -230 49.7295
      vertex 297.525 -230 1.31114
      vertex 291.459 -230 2.93661
    endloop
  endfacet
  facet normal 0 1 0
    outer loop
      vertex 310 -230 0
      vertex 310 -230 49.5
      vertex 316.272 -230 0.328687
    endloop
  endfacet
  facet normal 0 1 0
    outer loop
      vertex 308.902 -230 49.5575
      vertex 303.728 -230 0.328687
      vertex 297.525 -230 1.31114
    endloop
  endfacet
  facet normal 0 1 0
    outer loop
      vertex 310 -230 49.5
      vertex 310 -230 0
      vertex 303.728 -230 0.328687
    endloop
  endfacet
  facet normal -0.707099 0 -0.707115
    outer loop
      vertex 265.411 -270 19.8522
      vertex 269.852 -230 15.4113
      vertex 269.852 -270 15.4113
    endloop
  endfacet
  facet normal -0.707099 0 -0.707115
    outer loop
      vertex 269.852 -230 15.4113
      vertex 265.411 -270 19.8522
      vertex 265.411 -230 19.8522
    endloop
  endfacet
  facet normal -0.89102 0 -0.453965
    outer loop
      vertex 258.038 -270 30
      vertex 255.187 -230 35.5958
      vertex 258.038 -230 30
    endloop
  endfacet
  facet normal -0.89102 -0 -0.453965
    outer loop
      vertex 255.187 -230 35.5958
      vertex 258.038 -270 30
      vertex 255.187 -270 35.5958
    endloop
  endfacet
  facet normal 0.838634 0 -0.544696
    outer loop
      vertex 361.962 -270 30
      vertex 358.541 -230 24.7329
      vertex 361.962 -230 30
    endloop
  endfacet
  facet normal 0.838634 0 -0.544696
    outer loop
      vertex 358.541 -230 24.7329
      vertex 361.962 -270 30
      vertex 358.541 -270 24.7329
    endloop
  endfacet
  facet normal 0.9877 0 -0.156363
    outer loop
      vertex 369.671 -270 53.7283
      vertex 368.689 -230 47.5253
      vertex 369.671 -230 53.7283
    endloop
  endfacet
  facet normal 0.9877 0 -0.156363
    outer loop
      vertex 368.689 -230 47.5253
      vertex 369.671 -270 53.7283
      vertex 368.689 -270 47.5253
    endloop
  endfacet
  facet normal 0 -1 0
    outer loop
      vertex 310 -270 70.5
      vertex 310 -270 120
      vertex 303.728 -270 119.671
    endloop
  endfacet
  facet normal 0 -1 0
    outer loop
      vertex 308.902 -270 70.4425
      vertex 303.728 -270 119.671
      vertex 297.525 -270 118.689
    endloop
  endfacet
  facet normal 0 -1 0
    outer loop
      vertex 310 -270 120
      vertex 310 -270 70.5
      vertex 316.272 -270 119.671
    endloop
  endfacet
  facet normal 0 -1 0
    outer loop
      vertex 307.817 -270 70.2706
      vertex 297.525 -270 118.689
      vertex 291.459 -270 117.063
    endloop
  endfacet
  facet normal 0 -1 0
    outer loop
      vertex 311.098 -270 70.4425
      vertex 316.272 -270 119.671
      vertex 310 -270 70.5
    endloop
  endfacet
  facet normal 0 -1 0
    outer loop
      vertex 306.755 -270 69.9861
      vertex 291.459 -270 117.063
      vertex 285.596 -270 114.813
    endloop
  endfacet
  facet normal 0 -1 -0
    outer loop
      vertex 316.272 -270 119.671
      vertex 311.098 -270 70.4425
      vertex 322.475 -270 118.689
    endloop
  endfacet
  facet normal 0 -1 0
    outer loop
      vertex 305.729 -270 69.5922
      vertex 285.596 -270 114.813
      vertex 280 -270 111.962
    endloop
  endfacet
  facet normal 0 -1 0
    outer loop
      vertex 312.183 -270 70.2706
      vertex 322.475 -270 118.689
      vertex 311.098 -270 70.4425
    endloop
  endfacet
  facet normal 0 -1 0
    outer loop
      vertex 304.75 -270 69.0933
      vertex 280 -270 111.962
      vertex 274.733 -270 108.541
    endloop
  endfacet
  facet normal 0 -1 -0
    outer loop
      vertex 322.475 -270 118.689
      vertex 312.183 -270 70.2706
      vertex 328.541 -270 117.063
    endloop
  endfacet
  facet normal 0 -1 0
    outer loop
      vertex 303.828 -270 68.4947
      vertex 274.733 -270 108.541
      vertex 269.852 -270 104.589
    endloop
  endfacet
  facet normal 0 -1 0
    outer loop
      vertex 313.245 -270 69.9861
      vertex 328.541 -270 117.063
      vertex 312.183 -270 70.2706
    endloop
  endfacet
  facet normal 0 -1 0
    outer loop
      vertex 302.974 -270 67.803
      vertex 269.852 -270 104.589
      vertex 265.411 -270 100.148
    endloop
  endfacet
  facet normal 0 -1 -0
    outer loop
      vertex 328.541 -270 117.063
      vertex 313.245 -270 69.9861
      vertex 334.404 -270 114.813
    endloop
  endfacet
  facet normal 0 -1 0
    outer loop
      vertex 302.197 -270 67.0259
      vertex 265.411 -270 100.148
      vertex 261.459 -270 95.2671
    endloop
  endfacet
  facet normal 0 -1 0
    outer loop
      vertex 314.271 -270 69.5922
      vertex 334.404 -270 114.813
      vertex 313.245 -270 69.9861
    endloop
  endfacet
  facet normal 0 -1 0
    outer loop
      vertex 301.505 -270 66.1717
      vertex 261.459 -270 95.2671
      vertex 258.038 -270 90
    endloop
  endfacet
  facet normal 0 -1 -0
    outer loop
      vertex 334.404 -270 114.813
      vertex 314.271 -270 69.5922
      vertex 340 -270 111.962
    endloop
  endfacet
  facet normal 0 -1 0
    outer loop
      vertex 300.907 -270 65.25
      vertex 258.038 -270 90
      vertex 255.187 -270 84.4042
    endloop
  endfacet
  facet normal 0 -1 0
    outer loop
      vertex 315.25 -270 69.0933
      vertex 340 -270 111.962
      vertex 314.271 -270 69.5922
    endloop
  endfacet
  facet normal 0 -1 0
    outer loop
      vertex 300.408 -270 64.2707
      vertex 255.187 -270 84.4042
      vertex 252.937 -270 78.541
    endloop
  endfacet
  facet normal 0 -1 -0
    outer loop
      vertex 340 -270 111.962
      vertex 315.25 -270 69.0933
      vertex 345.267 -270 108.541
    endloop
  endfacet
  facet normal 0 -1 0
    outer loop
      vertex 300.014 -270 63.2447
      vertex 252.937 -270 78.541
      vertex 251.311 -270 72.4747
    endloop
  endfacet
  facet normal 0 -1 0
    outer loop
      vertex 316.172 -270 68.4947
      vertex 345.267 -270 108.541
      vertex 315.25 -270 69.0933
    endloop
  endfacet
  facet normal 0 -1 -0
    outer loop
      vertex 345.267 -270 108.541
      vertex 316.172 -270 68.4947
      vertex 350.148 -270 104.589
    endloop
  endfacet
  facet normal 0 -1 0
    outer loop
      vertex 303.728 -270 119.671
      vertex 308.902 -270 70.4425
      vertex 310 -270 70.5
    endloop
  endfacet
  facet normal 0 -1 0
    outer loop
      vertex 297.525 -270 118.689
      vertex 307.817 -270 70.2706
      vertex 308.902 -270 70.4425
    endloop
  endfacet
  facet normal 0 -1 0
    outer loop
      vertex 291.459 -270 117.063
      vertex 306.755 -270 69.9861
      vertex 307.817 -270 70.2706
    endloop
  endfacet
  facet normal 0 -1 0
    outer loop
      vertex 285.596 -270 114.813
      vertex 305.729 -270 69.5922
      vertex 306.755 -270 69.9861
    endloop
  endfacet
  facet normal 0 -1 0
    outer loop
      vertex 280 -270 111.962
      vertex 304.75 -270 69.0933
      vertex 305.729 -270 69.5922
    endloop
  endfacet
  facet normal 0 -1 0
    outer loop
      vertex 274.733 -270 108.541
      vertex 303.828 -270 68.4947
      vertex 304.75 -270 69.0933
    endloop
  endfacet
  facet normal 0 -1 0
    outer loop
      vertex 269.852 -270 104.589
      vertex 302.974 -270 67.803
      vertex 303.828 -270 68.4947
    endloop
  endfacet
  facet normal 0 -1 0
    outer loop
      vertex 265.411 -270 100.148
      vertex 302.197 -270 67.0259
      vertex 302.974 -270 67.803
    endloop
  endfacet
  facet normal 0 -1 0
    outer loop
      vertex 299.729 -270 62.1831
      vertex 251.311 -270 72.4747
      vertex 250.329 -270 66.2717
    endloop
  endfacet
  facet normal 0 -1 0
    outer loop
      vertex 261.459 -270 95.2671
      vertex 301.505 -270 66.1717
      vertex 302.197 -270 67.0259
    endloop
  endfacet
  facet normal 0 -1 0
    outer loop
      vertex 258.038 -270 90
      vertex 300.907 -270 65.25
      vertex 301.505 -270 66.1717
    endloop
  endfacet
  facet normal 0 -1 0
    outer loop
      vertex 255.187 -270 84.4042
      vertex 300.408 -270 64.2707
      vertex 300.907 -270 65.25
    endloop
  endfacet
  facet normal 0 -1 0
    outer loop
      vertex 252.937 -270 78.541
      vertex 300.014 -270 63.2447
      vertex 300.408 -270 64.2707
    endloop
  endfacet
  facet normal 0 -1 0
    outer loop
      vertex 251.311 -270 72.4747
      vertex 299.729 -270 62.1831
      vertex 300.014 -270 63.2447
    endloop
  endfacet
  facet normal 0 -1 0
    outer loop
      vertex 250.329 -270 66.2717
      vertex 299.558 -270 61.0975
      vertex 299.729 -270 62.1831
    endloop
  endfacet
  facet normal 0 -1 0
    outer loop
      vertex 250 -270 60
      vertex 299.558 -270 61.0975
      vertex 250.329 -270 66.2717
    endloop
  endfacet
  facet normal 0 -1 0
    outer loop
      vertex 250 -270 60
      vertex 299.5 -270 60
      vertex 299.558 -270 61.0975
    endloop
  endfacet
  facet normal 0 -1 0
    outer loop
      vertex 250 -270 60
      vertex 299.558 -270 58.9025
      vertex 299.5 -270 60
    endloop
  endfacet
  facet normal 0 -1 0
    outer loop
      vertex 250.329 -270 53.7283
      vertex 299.558 -270 58.9025
      vertex 250 -270 60
    endloop
  endfacet
  facet normal 0 -1 -0
    outer loop
      vertex 299.558 -270 58.9025
      vertex 250.329 -270 53.7283
      vertex 299.729 -270 57.8169
    endloop
  endfacet
  facet normal 0 -1 0
    outer loop
      vertex 251.311 -270 47.5253
      vertex 299.729 -270 57.8169
      vertex 250.329 -270 53.7283
    endloop
  endfacet
  facet normal 0 -1 -0
    outer loop
      vertex 299.729 -270 57.8169
      vertex 251.311 -270 47.5253
      vertex 300.014 -270 56.7553
    endloop
  endfacet
  facet normal 0 -1 0
    outer loop
      vertex 252.937 -270 41.459
      vertex 300.014 -270 56.7553
      vertex 251.311 -270 47.5253
    endloop
  endfacet
  facet normal 0 -1 -0
    outer loop
      vertex 300.014 -270 56.7553
      vertex 252.937 -270 41.459
      vertex 300.408 -270 55.7293
    endloop
  endfacet
  facet normal 0 -1 0
    outer loop
      vertex 255.187 -270 35.5958
      vertex 300.408 -270 55.7293
      vertex 252.937 -270 41.459
    endloop
  endfacet
  facet normal 0 -1 -0
    outer loop
      vertex 300.408 -270 55.7293
      vertex 255.187 -270 35.5958
      vertex 300.907 -270 54.75
    endloop
  endfacet
  facet normal 0 -1 0
    outer loop
      vertex 258.038 -270 30
      vertex 300.907 -270 54.75
      vertex 255.187 -270 35.5958
    endloop
  endfacet
  facet normal 0 -1 -0
    outer loop
      vertex 300.907 -270 54.75
      vertex 258.038 -270 30
      vertex 301.505 -270 53.8283
    endloop
  endfacet
  facet normal 0 -1 0
    outer loop
      vertex 261.459 -270 24.7329
      vertex 301.505 -270 53.8283
      vertex 258.038 -270 30
    endloop
  endfacet
  facet normal 0 -1 -0
    outer loop
      vertex 301.505 -270 53.8283
      vertex 261.459 -270 24.7329
      vertex 302.197 -270 52.9741
    endloop
  endfacet
  facet normal 0 -1 0
    outer loop
      vertex 265.411 -270 19.8522
      vertex 302.197 -270 52.9741
      vertex 261.459 -270 24.7329
    endloop
  endfacet
  facet normal 0 -1 -0
    outer loop
      vertex 302.197 -270 52.9741
      vertex 265.411 -270 19.8522
      vertex 302.974 -270 52.197
    endloop
  endfacet
  facet normal 0 -1 -0
    outer loop
      vertex 302.974 -270 52.197
      vertex 269.852 -270 15.4113
      vertex 303.828 -270 51.5053
    endloop
  endfacet
  facet normal 0 -1 0
    outer loop
      vertex 269.852 -270 15.4113
      vertex 302.974 -270 52.197
      vertex 265.411 -270 19.8522
    endloop
  endfacet
  facet normal 0 -1 0
    outer loop
      vertex 317.026 -270 67.803
      vertex 350.148 -270 104.589
      vertex 316.172 -270 68.4947
    endloop
  endfacet
  facet normal 0 -1 -0
    outer loop
      vertex 350.148 -270 104.589
      vertex 317.026 -270 67.803
      vertex 354.589 -270 100.148
    endloop
  endfacet
  facet normal 0 -1 0
    outer loop
      vertex 317.803 -270 67.0259
      vertex 354.589 -270 100.148
      vertex 317.026 -270 67.803
    endloop
  endfacet
  facet normal 0 -1 -0
    outer loop
      vertex 354.589 -270 100.148
      vertex 317.803 -270 67.0259
      vertex 358.541 -270 95.2671
    endloop
  endfacet
  facet normal 0 -1 0
    outer loop
      vertex 318.495 -270 66.1717
      vertex 358.541 -270 95.2671
      vertex 317.803 -270 67.0259
    endloop
  endfacet
  facet normal 0 -1 -0
    outer loop
      vertex 358.541 -270 95.2671
      vertex 318.495 -270 66.1717
      vertex 361.962 -270 90
    endloop
  endfacet
  facet normal 0 -1 0
    outer loop
      vertex 319.093 -270 65.25
      vertex 361.962 -270 90
      vertex 318.495 -270 66.1717
    endloop
  endfacet
  facet normal 0 -1 -0
    outer loop
      vertex 361.962 -270 90
      vertex 319.093 -270 65.25
      vertex 364.813 -270 84.4042
    endloop
  endfacet
  facet normal 0 -1 0
    outer loop
      vertex 319.592 -270 64.2707
      vertex 364.813 -270 84.4042
      vertex 319.093 -270 65.25
    endloop
  endfacet
  facet normal 0 -1 -0
    outer loop
      vertex 364.813 -270 84.4042
      vertex 319.592 -270 64.2707
      vertex 367.063 -270 78.541
    endloop
  endfacet
  facet normal 0 -1 0
    outer loop
      vertex 319.986 -270 63.2447
      vertex 367.063 -270 78.541
      vertex 319.592 -270 64.2707
    endloop
  endfacet
  facet normal 0 -1 -0
    outer loop
      vertex 367.063 -270 78.541
      vertex 319.986 -270 63.2447
      vertex 368.689 -270 72.4747
    endloop
  endfacet
  facet normal 0 -1 0
    outer loop
      vertex 320.271 -270 62.1831
      vertex 368.689 -270 72.4747
      vertex 319.986 -270 63.2447
    endloop
  endfacet
  facet normal 0 -1 -0
    outer loop
      vertex 368.689 -270 72.4747
      vertex 320.271 -270 62.1831
      vertex 369.671 -270 66.2717
    endloop
  endfacet
  facet normal 0 -1 0
    outer loop
      vertex 320.442 -270 61.0975
      vertex 369.671 -270 66.2717
      vertex 320.271 -270 62.1831
    endloop
  endfacet
  facet normal 0 -1 0
    outer loop
      vertex 320.5 -270 60
      vertex 369.671 -270 66.2717
      vertex 320.442 -270 61.0975
    endloop
  endfacet
  facet normal 0 -1 0
    outer loop
      vertex 320.5 -270 60
      vertex 370 -270 60
      vertex 369.671 -270 66.2717
    endloop
  endfacet
  facet normal 0 -1 0
    outer loop
      vertex 320.442 -270 58.9025
      vertex 370 -270 60
      vertex 320.5 -270 60
    endloop
  endfacet
  facet normal 0 -1 0
    outer loop
      vertex 369.671 -270 53.7283
      vertex 320.442 -270 58.9025
      vertex 320.271 -270 57.8169
    endloop
  endfacet
  facet normal 0 -1 0
    outer loop
      vertex 368.689 -270 47.5253
      vertex 320.271 -270 57.8169
      vertex 319.986 -270 56.7553
    endloop
  endfacet
  facet normal 0 -1 0
    outer loop
      vertex 367.063 -270 41.459
      vertex 319.986 -270 56.7553
      vertex 319.592 -270 55.7293
    endloop
  endfacet
  facet normal 0 -1 0
    outer loop
      vertex 364.813 -270 35.5958
      vertex 319.592 -270 55.7293
      vertex 319.093 -270 54.75
    endloop
  endfacet
  facet normal 0 -1 0
    outer loop
      vertex 361.962 -270 30
      vertex 319.093 -270 54.75
      vertex 318.495 -270 53.8283
    endloop
  endfacet
  facet normal 0 -1 0
    outer loop
      vertex 320.442 -270 58.9025
      vertex 369.671 -270 53.7283
      vertex 370 -270 60
    endloop
  endfacet
  facet normal 0 -1 0
    outer loop
      vertex 358.541 -270 24.7329
      vertex 318.495 -270 53.8283
      vertex 317.803 -270 52.9741
    endloop
  endfacet
  facet normal 0 -1 0
    outer loop
      vertex 354.589 -270 19.8522
      vertex 317.803 -270 52.9741
      vertex 317.026 -270 52.197
    endloop
  endfacet
  facet normal 0 -1 0
    outer loop
      vertex 350.148 -270 15.4113
      vertex 317.026 -270 52.197
      vertex 316.172 -270 51.5053
    endloop
  endfacet
  facet normal 0 -1 0
    outer loop
      vertex 345.267 -270 11.459
      vertex 316.172 -270 51.5053
      vertex 315.25 -270 50.9067
    endloop
  endfacet
  facet normal 0 -1 0
    outer loop
      vertex 340 -270 8.03848
      vertex 315.25 -270 50.9067
      vertex 314.271 -270 50.4078
    endloop
  endfacet
  facet normal 0 -1 0
    outer loop
      vertex 334.404 -270 5.18727
      vertex 314.271 -270 50.4078
      vertex 313.245 -270 50.0139
    endloop
  endfacet
  facet normal 0 -1 0
    outer loop
      vertex 328.541 -270 2.93661
      vertex 313.245 -270 50.0139
      vertex 312.183 -270 49.7295
    endloop
  endfacet
  facet normal 0 -1 0
    outer loop
      vertex 322.475 -270 1.31114
      vertex 312.183 -270 49.7295
      vertex 311.098 -270 49.5575
    endloop
  endfacet
  facet normal 0 -1 0
    outer loop
      vertex 320.271 -270 57.8169
      vertex 368.689 -270 47.5253
      vertex 369.671 -270 53.7283
    endloop
  endfacet
  facet normal 0 -1 0
    outer loop
      vertex 316.272 -270 0.328687
      vertex 311.098 -270 49.5575
      vertex 310 -270 49.5
    endloop
  endfacet
  facet normal 0 -1 0
    outer loop
      vertex 274.733 -270 11.459
      vertex 303.828 -270 51.5053
      vertex 269.852 -270 15.4113
    endloop
  endfacet
  facet normal 0 -1 -0
    outer loop
      vertex 303.828 -270 51.5053
      vertex 274.733 -270 11.459
      vertex 304.75 -270 50.9067
    endloop
  endfacet
  facet normal 0 -1 0
    outer loop
      vertex 319.986 -270 56.7553
      vertex 367.063 -270 41.459
      vertex 368.689 -270 47.5253
    endloop
  endfacet
  facet normal 0 -1 0
    outer loop
      vertex 280 -270 8.03848
      vertex 304.75 -270 50.9067
      vertex 274.733 -270 11.459
    endloop
  endfacet
  facet normal 0 -1 0
    outer loop
      vertex 319.592 -270 55.7293
      vertex 364.813 -270 35.5958
      vertex 367.063 -270 41.459
    endloop
  endfacet
  facet normal 0 -1 -0
    outer loop
      vertex 304.75 -270 50.9067
      vertex 280 -270 8.03848
      vertex 305.729 -270 50.4078
    endloop
  endfacet
  facet normal 0 -1 0
    outer loop
      vertex 319.093 -270 54.75
      vertex 361.962 -270 30
      vertex 364.813 -270 35.5958
    endloop
  endfacet
  facet normal 0 -1 0
    outer loop
      vertex 285.596 -270 5.18727
      vertex 305.729 -270 50.4078
      vertex 280 -270 8.03848
    endloop
  endfacet
  facet normal 0 -1 0
    outer loop
      vertex 318.495 -270 53.8283
      vertex 358.541 -270 24.7329
      vertex 361.962 -270 30
    endloop
  endfacet
  facet normal 0 -1 -0
    outer loop
      vertex 305.729 -270 50.4078
      vertex 285.596 -270 5.18727
      vertex 306.755 -270 50.0139
    endloop
  endfacet
  facet normal 0 -1 0
    outer loop
      vertex 317.803 -270 52.9741
      vertex 354.589 -270 19.8522
      vertex 358.541 -270 24.7329
    endloop
  endfacet
  facet normal 0 -1 0
    outer loop
      vertex 291.459 -270 2.93661
      vertex 306.755 -270 50.0139
      vertex 285.596 -270 5.18727
    endloop
  endfacet
  facet normal 0 -1 0
    outer loop
      vertex 317.026 -270 52.197
      vertex 350.148 -270 15.4113
      vertex 354.589 -270 19.8522
    endloop
  endfacet
  facet normal 0 -1 -0
    outer loop
      vertex 306.755 -270 50.0139
      vertex 291.459 -270 2.93661
      vertex 307.817 -270 49.7295
    endloop
  endfacet
  facet normal 0 -1 0
    outer loop
      vertex 316.172 -270 51.5053
      vertex 345.267 -270 11.459
      vertex 350.148 -270 15.4113
    endloop
  endfacet
  facet normal 0 -1 0
    outer loop
      vertex 297.525 -270 1.31114
      vertex 307.817 -270 49.7295
      vertex 291.459 -270 2.93661
    endloop
  endfacet
  facet normal 0 -1 0
    outer loop
      vertex 315.25 -270 50.9067
      vertex 340 -270 8.03848
      vertex 345.267 -270 11.459
    endloop
  endfacet
  facet normal 0 -1 -0
    outer loop
      vertex 307.817 -270 49.7295
      vertex 297.525 -270 1.31114
      vertex 308.902 -270 49.5575
    endloop
  endfacet
  facet normal 0 -1 0
    outer loop
      vertex 314.271 -270 50.4078
      vertex 334.404 -270 5.18727
      vertex 340 -270 8.03848
    endloop
  endfacet
  facet normal 0 -1 0
    outer loop
      vertex 303.728 -270 0.328687
      vertex 308.902 -270 49.5575
      vertex 297.525 -270 1.31114
    endloop
  endfacet
  facet normal 0 -1 0
    outer loop
      vertex 313.245 -270 50.0139
      vertex 328.541 -270 2.93661
      vertex 334.404 -270 5.18727
    endloop
  endfacet
  facet normal 0 -1 -0
    outer loop
      vertex 308.902 -270 49.5575
      vertex 303.728 -270 0.328687
      vertex 310 -270 49.5
    endloop
  endfacet
  facet normal 0 -1 0
    outer loop
      vertex 312.183 -270 49.7295
      vertex 322.475 -270 1.31114
      vertex 328.541 -270 2.93661
    endloop
  endfacet
  facet normal 0 -1 0
    outer loop
      vertex 310 -270 0
      vertex 310 -270 49.5
      vertex 303.728 -270 0.328687
    endloop
  endfacet
  facet normal 0 -1 0
    outer loop
      vertex 311.098 -270 49.5575
      vertex 316.272 -270 0.328687
      vertex 322.475 -270 1.31114
    endloop
  endfacet
  facet normal 0 -1 0
    outer loop
      vertex 310 -270 49.5
      vertex 310 -270 0
      vertex 316.272 -270 0.328687
    endloop
  endfacet
  facet normal 0.77717 0 -0.62929
    outer loop
      vertex 358.541 -270 24.7329
      vertex 354.589 -230 19.8522
      vertex 358.541 -230 24.7329
    endloop
  endfacet
  facet normal 0.77717 0 -0.62929
    outer loop
      vertex 354.589 -230 19.8522
      vertex 358.541 -270 24.7329
      vertex 354.589 -270 19.8522
    endloop
  endfacet
  facet normal 0.629296 0 -0.777166
    outer loop
      vertex 345.267 -270 11.459
      vertex 350.148 -230 15.4113
      vertex 350.148 -270 15.4113
    endloop
  endfacet
  facet normal 0.629296 0 -0.777166
    outer loop
      vertex 350.148 -230 15.4113
      vertex 345.267 -270 11.459
      vertex 345.267 -230 11.459
    endloop
  endfacet
  facet normal 0.544649 0 -0.838664
    outer loop
      vertex 340 -270 8.03848
      vertex 345.267 -230 11.459
      vertex 345.267 -270 11.459
    endloop
  endfacet
  facet normal 0.544649 0 -0.838664
    outer loop
      vertex 345.267 -230 11.459
      vertex 340 -270 8.03848
      vertex 340 -230 8.03848
    endloop
  endfacet
  facet normal 0.89102 -0 0.453965
    outer loop
      vertex 361.962 -270 90
      vertex 364.813 -230 84.4042
      vertex 361.962 -230 90
    endloop
  endfacet
  facet normal 0.89102 0 0.453965
    outer loop
      vertex 364.813 -230 84.4042
      vertex 361.962 -270 90
      vertex 364.813 -270 84.4042
    endloop
  endfacet
  facet normal -0.629267 0 0.777189
    outer loop
      vertex 269.852 -230 104.589
      vertex 274.733 -270 108.541
      vertex 274.733 -230 108.541
    endloop
  endfacet
  facet normal -0.629267 0 0.777189
    outer loop
      vertex 274.733 -270 108.541
      vertex 269.852 -230 104.589
      vertex 269.852 -270 104.589
    endloop
  endfacet
  facet normal 0.358285 0 0.933612
    outer loop
      vertex 328.541 -230 117.063
      vertex 334.404 -270 114.813
      vertex 334.404 -230 114.813
    endloop
  endfacet
  facet normal 0.358285 0 0.933612
    outer loop
      vertex 334.404 -270 114.813
      vertex 328.541 -230 117.063
      vertex 328.541 -270 117.063
    endloop
  endfacet
  facet normal 0.838634 -0 0.544696
    outer loop
      vertex 358.541 -270 95.2671
      vertex 361.962 -230 90
      vertex 358.541 -230 95.2671
    endloop
  endfacet
  facet normal 0.838634 0 0.544696
    outer loop
      vertex 361.962 -230 90
      vertex 358.541 -270 95.2671
      vertex 361.962 -270 90
    endloop
  endfacet
  facet normal 0.9877 -0 0.156363
    outer loop
      vertex 368.689 -270 72.4747
      vertex 369.671 -230 66.2717
      vertex 368.689 -230 72.4747
    endloop
  endfacet
  facet normal 0.9877 0 0.156363
    outer loop
      vertex 369.671 -230 66.2717
      vertex 368.689 -270 72.4747
      vertex 369.671 -270 66.2717
    endloop
  endfacet
  facet normal 0.933616 -0 0.358275
    outer loop
      vertex 364.813 -270 84.4042
      vertex 367.063 -230 78.541
      vertex 364.813 -230 84.4042
    endloop
  endfacet
  facet normal 0.933616 0 0.358275
    outer loop
      vertex 367.063 -230 78.541
      vertex 364.813 -270 84.4042
      vertex 367.063 -270 78.541
    endloop
  endfacet
  facet normal 0.777183 -0 0.629275
    outer loop
      vertex 354.589 -270 100.148
      vertex 358.541 -230 95.2671
      vertex 354.589 -230 100.148
    endloop
  endfacet
  facet normal 0.777183 0 0.629275
    outer loop
      vertex 358.541 -230 95.2671
      vertex 354.589 -270 100.148
      vertex 358.541 -270 95.2671
    endloop
  endfacet
  facet normal -0.544703 0 0.838629
    outer loop
      vertex 274.733 -230 108.541
      vertex 280 -270 111.962
      vertex 280 -230 111.962
    endloop
  endfacet
  facet normal -0.544703 0 0.838629
    outer loop
      vertex 280 -270 111.962
      vertex 274.733 -230 108.541
      vertex 274.733 -270 108.541
    endloop
  endfacet
  facet normal -0.933616 0 0.358275
    outer loop
      vertex 252.937 -270 78.541
      vertex 255.187 -230 84.4042
      vertex 252.937 -230 78.541
    endloop
  endfacet
  facet normal -0.933616 0 0.358275
    outer loop
      vertex 255.187 -230 84.4042
      vertex 252.937 -270 78.541
      vertex 255.187 -270 84.4042
    endloop
  endfacet
  facet normal 0.0523833 0 0.998627
    outer loop
      vertex 310 -230 120
      vertex 316.272 -270 119.671
      vertex 316.272 -230 119.671
    endloop
  endfacet
  facet normal 0.0523833 0 0.998627
    outer loop
      vertex 316.272 -270 119.671
      vertex 310 -230 120
      vertex 310 -270 120
    endloop
  endfacet
  facet normal 0.998627 0 -0.0523858
    outer loop
      vertex 370 -270 60
      vertex 369.671 -230 53.7283
      vertex 370 -230 60
    endloop
  endfacet
  facet normal 0.998627 0 -0.0523858
    outer loop
      vertex 369.671 -230 53.7283
      vertex 370 -270 60
      vertex 369.671 -270 53.7283
    endloop
  endfacet
  facet normal -0.707107 0 0.707107
    outer loop
      vertex 265.411 -270 100.148
      vertex 269.852 -230 104.589
      vertex 265.411 -230 100.148
    endloop
  endfacet
  facet normal -0.707107 0 0.707107
    outer loop
      vertex 269.852 -230 104.589
      vertex 265.411 -270 100.148
      vertex 269.852 -270 104.589
    endloop
  endfacet
  facet normal 0.98782 -0 0.155598
    outer loop
      vertex 299.558 -270 58.9025
      vertex 299.729 -230 57.8169
      vertex 299.558 -230 58.9025
    endloop
  endfacet
  facet normal 0.98782 0 0.155598
    outer loop
      vertex 299.729 -230 57.8169
      vertex 299.558 -270 58.9025
      vertex 299.729 -270 57.8169
    endloop
  endfacet
  facet normal 0.998606 -0 0.0527737
    outer loop
      vertex 299.5 -270 60
      vertex 299.558 -230 58.9025
      vertex 299.5 -230 60
    endloop
  endfacet
  facet normal 0.998606 0 0.0527737
    outer loop
      vertex 299.558 -230 58.9025
      vertex 299.5 -270 60
      vertex 299.558 -270 58.9025
    endloop
  endfacet
  facet normal 0.965802 -0 0.259282
    outer loop
      vertex 299.729 -270 57.8169
      vertex 300.014 -230 56.7553
      vertex 299.729 -230 57.8169
    endloop
  endfacet
  facet normal 0.965802 0 0.259282
    outer loop
      vertex 300.014 -230 56.7553
      vertex 299.729 -270 57.8169
      vertex 300.014 -270 56.7553
    endloop
  endfacet
  facet normal 0.454044 0 0.890979
    outer loop
      vertex 304.75 -230 50.9067
      vertex 305.729 -270 50.4078
      vertex 305.729 -230 50.4078
    endloop
  endfacet
  facet normal 0.454044 0 0.890979
    outer loop
      vertex 305.729 -270 50.4078
      vertex 304.75 -230 50.9067
      vertex 304.75 -270 50.9067
    endloop
  endfacet
  facet normal -0.258682 0 0.965963
    outer loop
      vertex 312.183 -230 49.7295
      vertex 313.245 -270 50.0139
      vertex 313.245 -230 50.0139
    endloop
  endfacet
  facet normal -0.258682 0 0.965963
    outer loop
      vertex 313.245 -270 50.0139
      vertex 312.183 -230 49.7295
      vertex 312.183 -270 49.7295
    endloop
  endfacet
  facet normal 0.544541 0 -0.838734
    outer loop
      vertex 303.828 -270 68.4947
      vertex 304.75 -230 69.0933
      vertex 304.75 -270 69.0933
    endloop
  endfacet
  facet normal 0.544541 0 -0.838734
    outer loop
      vertex 304.75 -230 69.0933
      vertex 303.828 -270 68.4947
      vertex 303.828 -230 68.4947
    endloop
  endfacet
  facet normal 0.258682 0 0.965963
    outer loop
      vertex 306.755 -230 50.0139
      vertex 307.817 -270 49.7295
      vertex 307.817 -230 49.7295
    endloop
  endfacet
  facet normal 0.258682 0 0.965963
    outer loop
      vertex 307.817 -270 49.7295
      vertex 306.755 -230 50.0139
      vertex 306.755 -270 50.0139
    endloop
  endfacet
  facet normal 0.707152 -0 0.707061
    outer loop
      vertex 302.197 -270 52.9741
      vertex 302.974 -230 52.197
      vertex 302.197 -230 52.9741
    endloop
  endfacet
  facet normal 0.707152 0 0.707061
    outer loop
      vertex 302.974 -230 52.197
      vertex 302.197 -270 52.9741
      vertex 302.974 -270 52.197
    endloop
  endfacet
  facet normal -0.258766 0 -0.96594
    outer loop
      vertex 312.183 -270 70.2706
      vertex 313.245 -230 69.9861
      vertex 313.245 -270 69.9861
    endloop
  endfacet
  facet normal -0.258766 0 -0.96594
    outer loop
      vertex 313.245 -230 69.9861
      vertex 312.183 -270 70.2706
      vertex 312.183 -230 70.2706
    endloop
  endfacet
  facet normal 0.15657 0 0.987667
    outer loop
      vertex 307.817 -230 49.7295
      vertex 308.902 -270 49.5575
      vertex 308.902 -230 49.5575
    endloop
  endfacet
  facet normal 0.15657 0 0.987667
    outer loop
      vertex 308.902 -270 49.5575
      vertex 307.817 -230 49.7295
      vertex 307.817 -270 49.7295
    endloop
  endfacet
  facet normal -0.838903 0 0.544281
    outer loop
      vertex 318.495 -270 53.8283
      vertex 319.093 -230 54.75
      vertex 318.495 -230 53.8283
    endloop
  endfacet
  facet normal -0.838903 0 0.544281
    outer loop
      vertex 319.093 -230 54.75
      vertex 318.495 -270 53.8283
      vertex 319.093 -270 54.75
    endloop
  endfacet
  facet normal -0.933533 0 -0.358491
    outer loop
      vertex 319.986 -270 63.2447
      vertex 319.592 -230 64.2707
      vertex 319.986 -230 63.2447
    endloop
  endfacet
  facet normal -0.933533 -0 -0.358491
    outer loop
      vertex 319.592 -230 64.2707
      vertex 319.986 -270 63.2447
      vertex 319.592 -270 64.2707
    endloop
  endfacet
  facet normal 0.358412 0 -0.933564
    outer loop
      vertex 305.729 -270 69.5922
      vertex 306.755 -230 69.9861
      vertex 306.755 -270 69.9861
    endloop
  endfacet
  facet normal 0.358412 0 -0.933564
    outer loop
      vertex 306.755 -230 69.9861
      vertex 305.729 -270 69.5922
      vertex 305.729 -230 69.5922
    endloop
  endfacet
  facet normal 0.838903 -0 0.544281
    outer loop
      vertex 300.907 -270 54.75
      vertex 301.505 -230 53.8283
      vertex 300.907 -230 54.75
    endloop
  endfacet
  facet normal 0.838903 0 0.544281
    outer loop
      vertex 301.505 -230 53.8283
      vertex 300.907 -270 54.75
      vertex 301.505 -270 53.8283
    endloop
  endfacet
  facet normal 0.890999 -0 0.454006
    outer loop
      vertex 300.408 -270 55.7293
      vertex 300.907 -230 54.75
      vertex 300.408 -230 55.7293
    endloop
  endfacet
  facet normal 0.890999 0 0.454006
    outer loop
      vertex 300.907 -230 54.75
      vertex 300.408 -270 55.7293
      vertex 300.907 -270 54.75
    endloop
  endfacet
  facet normal -0.965802 0 0.259282
    outer loop
      vertex 319.986 -270 56.7553
      vertex 320.271 -230 57.8169
      vertex 319.986 -230 56.7553
    endloop
  endfacet
  facet normal -0.965802 0 0.259282
    outer loop
      vertex 320.271 -230 57.8169
      vertex 319.986 -270 56.7553
      vertex 320.271 -270 57.8169
    endloop
  endfacet
  facet normal -0.15657 0 0.987667
    outer loop
      vertex 311.098 -230 49.5575
      vertex 312.183 -270 49.7295
      vertex 312.183 -230 49.7295
    endloop
  endfacet
  facet normal -0.15657 0 0.987667
    outer loop
      vertex 312.183 -270 49.7295
      vertex 311.098 -230 49.5575
      vertex 311.098 -270 49.5575
    endloop
  endfacet
  facet normal -0.98782 0 0.155598
    outer loop
      vertex 320.271 -270 57.8169
      vertex 320.442 -230 58.9025
      vertex 320.271 -230 57.8169
    endloop
  endfacet
  facet normal -0.98782 0 0.155598
    outer loop
      vertex 320.442 -230 58.9025
      vertex 320.271 -270 57.8169
      vertex 320.442 -270 58.9025
    endloop
  endfacet
  facet normal -0.77702 0 0.629476
    outer loop
      vertex 317.803 -270 52.9741
      vertex 318.495 -230 53.8283
      vertex 317.803 -230 52.9741
    endloop
  endfacet
  facet normal -0.77702 0 0.629476
    outer loop
      vertex 318.495 -230 53.8283
      vertex 317.803 -270 52.9741
      vertex 318.495 -270 53.8283
    endloop
  endfacet
  facet normal -0.98782 0 -0.155598
    outer loop
      vertex 320.442 -270 61.0975
      vertex 320.271 -230 62.1831
      vertex 320.442 -230 61.0975
    endloop
  endfacet
  facet normal -0.98782 -0 -0.155598
    outer loop
      vertex 320.271 -230 62.1831
      vertex 320.442 -270 61.0975
      vertex 320.271 -270 62.1831
    endloop
  endfacet
  facet normal -0.454044 0 0.890979
    outer loop
      vertex 314.271 -230 50.4078
      vertex 315.25 -270 50.9067
      vertex 315.25 -230 50.9067
    endloop
  endfacet
  facet normal -0.454044 0 0.890979
    outer loop
      vertex 315.25 -270 50.9067
      vertex 314.271 -230 50.4078
      vertex 314.271 -270 50.4078
    endloop
  endfacet
  facet normal 0.258766 0 -0.96594
    outer loop
      vertex 306.755 -270 69.9861
      vertex 307.817 -230 70.2706
      vertex 307.817 -270 70.2706
    endloop
  endfacet
  facet normal 0.258766 0 -0.96594
    outer loop
      vertex 307.817 -230 70.2706
      vertex 306.755 -270 69.9861
      vertex 306.755 -230 69.9861
    endloop
  endfacet
  facet normal 0.156481 0 -0.987681
    outer loop
      vertex 307.817 -270 70.2706
      vertex 308.902 -230 70.4425
      vertex 308.902 -270 70.4425
    endloop
  endfacet
  facet normal 0.156481 0 -0.987681
    outer loop
      vertex 308.902 -230 70.4425
      vertex 307.817 -270 70.2706
      vertex 307.817 -230 70.2706
    endloop
  endfacet
  facet normal -0.890999 0 0.454006
    outer loop
      vertex 319.093 -270 54.75
      vertex 319.592 -230 55.7293
      vertex 319.093 -230 54.75
    endloop
  endfacet
  facet normal -0.890999 0 0.454006
    outer loop
      vertex 319.592 -230 55.7293
      vertex 319.093 -270 54.75
      vertex 319.592 -270 55.7293
    endloop
  endfacet
  facet normal 0.77702 -0 0.629476
    outer loop
      vertex 301.505 -270 53.8283
      vertex 302.197 -230 52.9741
      vertex 301.505 -230 53.8283
    endloop
  endfacet
  facet normal 0.77702 0 0.629476
    outer loop
      vertex 302.197 -230 52.9741
      vertex 301.505 -270 53.8283
      vertex 302.197 -270 52.9741
    endloop
  endfacet
  facet normal -0.358412 0 0.933564
    outer loop
      vertex 313.245 -230 50.0139
      vertex 314.271 -270 50.4078
      vertex 314.271 -230 50.4078
    endloop
  endfacet
  facet normal -0.358412 0 0.933564
    outer loop
      vertex 314.271 -270 50.4078
      vertex 313.245 -230 50.0139
      vertex 313.245 -270 50.0139
    endloop
  endfacet
  facet normal 0.890999 0 -0.454006
    outer loop
      vertex 300.907 -270 65.25
      vertex 300.408 -230 64.2707
      vertex 300.907 -230 65.25
    endloop
  endfacet
  facet normal 0.890999 0 -0.454006
    outer loop
      vertex 300.408 -230 64.2707
      vertex 300.907 -270 65.25
      vertex 300.408 -270 64.2707
    endloop
  endfacet
  facet normal -0.6294 0 0.777082
    outer loop
      vertex 316.172 -230 51.5053
      vertex 317.026 -270 52.197
      vertex 317.026 -230 52.197
    endloop
  endfacet
  facet normal -0.6294 0 0.777082
    outer loop
      vertex 317.026 -270 52.197
      vertex 316.172 -230 51.5053
      vertex 316.172 -270 51.5053
    endloop
  endfacet
  facet normal -0.544541 0 0.838734
    outer loop
      vertex 315.25 -230 50.9067
      vertex 316.172 -270 51.5053
      vertex 316.172 -230 51.5053
    endloop
  endfacet
  facet normal -0.544541 0 0.838734
    outer loop
      vertex 316.172 -270 51.5053
      vertex 315.25 -230 50.9067
      vertex 315.25 -270 50.9067
    endloop
  endfacet
  facet normal 0.933533 0 -0.358491
    outer loop
      vertex 300.408 -270 64.2707
      vertex 300.014 -230 63.2447
      vertex 300.408 -230 64.2707
    endloop
  endfacet
  facet normal 0.933533 0 -0.358491
    outer loop
      vertex 300.014 -230 63.2447
      vertex 300.408 -270 64.2707
      vertex 300.014 -270 63.2447
    endloop
  endfacet
  facet normal 0.933533 -0 0.358491
    outer loop
      vertex 300.014 -270 56.7553
      vertex 300.408 -230 55.7293
      vertex 300.014 -230 56.7553
    endloop
  endfacet
  facet normal 0.933533 0 0.358491
    outer loop
      vertex 300.408 -230 55.7293
      vertex 300.014 -270 56.7553
      vertex 300.408 -270 55.7293
    endloop
  endfacet
  facet normal -0.707152 0 -0.707061
    outer loop
      vertex 317.803 -270 67.0259
      vertex 317.026 -230 67.803
      vertex 317.803 -230 67.0259
    endloop
  endfacet
  facet normal -0.707152 -0 -0.707061
    outer loop
      vertex 317.026 -230 67.803
      vertex 317.803 -270 67.0259
      vertex 317.026 -270 67.803
    endloop
  endfacet
  facet normal -0.965802 0 -0.259282
    outer loop
      vertex 320.271 -270 62.1831
      vertex 319.986 -230 63.2447
      vertex 320.271 -230 62.1831
    endloop
  endfacet
  facet normal -0.965802 -0 -0.259282
    outer loop
      vertex 319.986 -230 63.2447
      vertex 320.271 -270 62.1831
      vertex 319.986 -270 63.2447
    endloop
  endfacet
  facet normal -0.838903 0 -0.544281
    outer loop
      vertex 319.093 -270 65.25
      vertex 318.495 -230 66.1717
      vertex 319.093 -230 65.25
    endloop
  endfacet
  facet normal -0.838903 -0 -0.544281
    outer loop
      vertex 318.495 -230 66.1717
      vertex 319.093 -270 65.25
      vertex 318.495 -270 66.1717
    endloop
  endfacet
  facet normal -0.890999 0 -0.454006
    outer loop
      vertex 319.592 -270 64.2707
      vertex 319.093 -230 65.25
      vertex 319.592 -230 64.2707
    endloop
  endfacet
  facet normal -0.890999 -0 -0.454006
    outer loop
      vertex 319.093 -230 65.25
      vertex 319.592 -270 64.2707
      vertex 319.093 -270 65.25
    endloop
  endfacet
  facet normal 0.454044 0 -0.890979
    outer loop
      vertex 304.75 -270 69.0933
      vertex 305.729 -230 69.5922
      vertex 305.729 -270 69.5922
    endloop
  endfacet
  facet normal 0.454044 0 -0.890979
    outer loop
      vertex 305.729 -230 69.5922
      vertex 304.75 -270 69.0933
      vertex 304.75 -230 69.0933
    endloop
  endfacet
  facet normal 0.544541 0 0.838734
    outer loop
      vertex 303.828 -230 51.5053
      vertex 304.75 -270 50.9067
      vertex 304.75 -230 50.9067
    endloop
  endfacet
  facet normal 0.544541 0 0.838734
    outer loop
      vertex 304.75 -270 50.9067
      vertex 303.828 -230 51.5053
      vertex 303.828 -270 51.5053
    endloop
  endfacet
  facet normal -0.933533 0 0.358491
    outer loop
      vertex 319.592 -270 55.7293
      vertex 319.986 -230 56.7553
      vertex 319.592 -230 55.7293
    endloop
  endfacet
  facet normal -0.933533 0 0.358491
    outer loop
      vertex 319.986 -230 56.7553
      vertex 319.592 -270 55.7293
      vertex 319.986 -270 56.7553
    endloop
  endfacet
  facet normal 0.965802 0 -0.259282
    outer loop
      vertex 300.014 -270 63.2447
      vertex 299.729 -230 62.1831
      vertex 300.014 -230 63.2447
    endloop
  endfacet
  facet normal 0.965802 0 -0.259282
    outer loop
      vertex 299.729 -230 62.1831
      vertex 300.014 -270 63.2447
      vertex 299.729 -270 62.1831
    endloop
  endfacet
  facet normal 0.6294 0 0.777082
    outer loop
      vertex 302.974 -230 52.197
      vertex 303.828 -270 51.5053
      vertex 303.828 -230 51.5053
    endloop
  endfacet
  facet normal 0.6294 0 0.777082
    outer loop
      vertex 303.828 -270 51.5053
      vertex 302.974 -230 52.197
      vertex 302.974 -270 52.197
    endloop
  endfacet
  facet normal 0.998606 0 -0.0527737
    outer loop
      vertex 299.558 -270 61.0975
      vertex 299.5 -230 60
      vertex 299.558 -230 61.0975
    endloop
  endfacet
  facet normal 0.998606 0 -0.0527737
    outer loop
      vertex 299.5 -230 60
      vertex 299.558 -270 61.0975
      vertex 299.5 -270 60
    endloop
  endfacet
  facet normal 0.0522963 0 -0.998632
    outer loop
      vertex 308.902 -270 70.4425
      vertex 310 -230 70.5
      vertex 310 -270 70.5
    endloop
  endfacet
  facet normal 0.0522963 0 -0.998632
    outer loop
      vertex 310 -230 70.5
      vertex 308.902 -270 70.4425
      vertex 308.902 -230 70.4425
    endloop
  endfacet
  facet normal 0.358412 0 0.933564
    outer loop
      vertex 305.729 -230 50.4078
      vertex 306.755 -270 50.0139
      vertex 306.755 -230 50.0139
    endloop
  endfacet
  facet normal 0.358412 0 0.933564
    outer loop
      vertex 306.755 -270 50.0139
      vertex 305.729 -230 50.4078
      vertex 305.729 -270 50.4078
    endloop
  endfacet
  facet normal 0.77702 0 -0.629476
    outer loop
      vertex 302.197 -270 67.0259
      vertex 301.505 -230 66.1717
      vertex 302.197 -230 67.0259
    endloop
  endfacet
  facet normal 0.77702 0 -0.629476
    outer loop
      vertex 301.505 -230 66.1717
      vertex 302.197 -270 67.0259
      vertex 301.505 -270 66.1717
    endloop
  endfacet
  facet normal 0.838903 0 -0.544281
    outer loop
      vertex 301.505 -270 66.1717
      vertex 300.907 -230 65.25
      vertex 301.505 -230 66.1717
    endloop
  endfacet
  facet normal 0.838903 0 -0.544281
    outer loop
      vertex 300.907 -230 65.25
      vertex 301.505 -270 66.1717
      vertex 300.907 -270 65.25
    endloop
  endfacet
  facet normal -0.156481 0 -0.987681
    outer loop
      vertex 311.098 -270 70.4425
      vertex 312.183 -230 70.2706
      vertex 312.183 -270 70.2706
    endloop
  endfacet
  facet normal -0.156481 0 -0.987681
    outer loop
      vertex 312.183 -230 70.2706
      vertex 311.098 -270 70.4425
      vertex 311.098 -230 70.4425
    endloop
  endfacet
  facet normal 0.6294 0 -0.777082
    outer loop
      vertex 302.974 -270 67.803
      vertex 303.828 -230 68.4947
      vertex 303.828 -270 68.4947
    endloop
  endfacet
  facet normal 0.6294 0 -0.777082
    outer loop
      vertex 303.828 -230 68.4947
      vertex 302.974 -270 67.803
      vertex 302.974 -230 67.803
    endloop
  endfacet
  facet normal -0.707152 0 0.707061
    outer loop
      vertex 317.026 -270 52.197
      vertex 317.803 -230 52.9741
      vertex 317.026 -230 52.197
    endloop
  endfacet
  facet normal -0.707152 0 0.707061
    outer loop
      vertex 317.803 -230 52.9741
      vertex 317.026 -270 52.197
      vertex 317.803 -270 52.9741
    endloop
  endfacet
  facet normal 0.98782 0 -0.155598
    outer loop
      vertex 299.729 -270 62.1831
      vertex 299.558 -230 61.0975
      vertex 299.729 -230 62.1831
    endloop
  endfacet
  facet normal 0.98782 0 -0.155598
    outer loop
      vertex 299.558 -230 61.0975
      vertex 299.729 -270 62.1831
      vertex 299.558 -270 61.0975
    endloop
  endfacet
  facet normal 0.707152 0 -0.707061
    outer loop
      vertex 302.974 -270 67.803
      vertex 302.197 -230 67.0259
      vertex 302.974 -230 67.803
    endloop
  endfacet
  facet normal 0.707152 0 -0.707061
    outer loop
      vertex 302.197 -230 67.0259
      vertex 302.974 -270 67.803
      vertex 302.197 -270 67.0259
    endloop
  endfacet
  facet normal -0.0522963 0 0.998632
    outer loop
      vertex 310 -230 49.5
      vertex 311.098 -270 49.5575
      vertex 311.098 -230 49.5575
    endloop
  endfacet
  facet normal -0.0522963 0 0.998632
    outer loop
      vertex 311.098 -270 49.5575
      vertex 310 -230 49.5
      vertex 310 -270 49.5
    endloop
  endfacet
  facet normal -0.998606 0 -0.0527737
    outer loop
      vertex 320.5 -270 60
      vertex 320.442 -230 61.0975
      vertex 320.5 -230 60
    endloop
  endfacet
  facet normal -0.998606 -0 -0.0527737
    outer loop
      vertex 320.442 -230 61.0975
      vertex 320.5 -270 60
      vertex 320.442 -270 61.0975
    endloop
  endfacet
  facet normal -0.0522963 0 -0.998632
    outer loop
      vertex 310 -270 70.5
      vertex 311.098 -230 70.4425
      vertex 311.098 -270 70.4425
    endloop
  endfacet
  facet normal -0.0522963 0 -0.998632
    outer loop
      vertex 311.098 -230 70.4425
      vertex 310 -270 70.5
      vertex 310 -230 70.5
    endloop
  endfacet
  facet normal -0.77702 0 -0.629476
    outer loop
      vertex 318.495 -270 66.1717
      vertex 317.803 -230 67.0259
      vertex 318.495 -230 66.1717
    endloop
  endfacet
  facet normal -0.77702 -0 -0.629476
    outer loop
      vertex 317.803 -230 67.0259
      vertex 318.495 -270 66.1717
      vertex 317.803 -270 67.0259
    endloop
  endfacet
  facet normal -0.454044 0 -0.890979
    outer loop
      vertex 314.271 -270 69.5922
      vertex 315.25 -230 69.0933
      vertex 315.25 -270 69.0933
    endloop
  endfacet
  facet normal -0.454044 0 -0.890979
    outer loop
      vertex 315.25 -230 69.0933
      vertex 314.271 -270 69.5922
      vertex 314.271 -230 69.5922
    endloop
  endfacet
  facet normal -0.6294 0 -0.777082
    outer loop
      vertex 316.172 -270 68.4947
      vertex 317.026 -230 67.803
      vertex 317.026 -270 67.803
    endloop
  endfacet
  facet normal -0.6294 0 -0.777082
    outer loop
      vertex 317.026 -230 67.803
      vertex 316.172 -270 68.4947
      vertex 316.172 -230 68.4947
    endloop
  endfacet
  facet normal -0.544541 0 -0.838734
    outer loop
      vertex 315.25 -270 69.0933
      vertex 316.172 -230 68.4947
      vertex 316.172 -270 68.4947
    endloop
  endfacet
  facet normal -0.544541 0 -0.838734
    outer loop
      vertex 316.172 -230 68.4947
      vertex 315.25 -270 69.0933
      vertex 315.25 -230 69.0933
    endloop
  endfacet
  facet normal 0.0522963 0 0.998632
    outer loop
      vertex 308.902 -230 49.5575
      vertex 310 -270 49.5
      vertex 310 -230 49.5
    endloop
  endfacet
  facet normal 0.0522963 0 0.998632
    outer loop
      vertex 310 -270 49.5
      vertex 308.902 -230 49.5575
      vertex 308.902 -270 49.5575
    endloop
  endfacet
  facet normal -0.358412 0 -0.933564
    outer loop
      vertex 313.245 -270 69.9861
      vertex 314.271 -230 69.5922
      vertex 314.271 -270 69.5922
    endloop
  endfacet
  facet normal -0.358412 0 -0.933564
    outer loop
      vertex 314.271 -230 69.5922
      vertex 313.245 -270 69.9861
      vertex 313.245 -230 69.9861
    endloop
  endfacet
  facet normal -0.998606 0 0.0527737
    outer loop
      vertex 320.442 -270 58.9025
      vertex 320.5 -230 60
      vertex 320.442 -230 58.9025
    endloop
  endfacet
  facet normal -0.998606 0 0.0527737
    outer loop
      vertex 320.5 -230 60
      vertex 320.442 -270 58.9025
      vertex 320.5 -270 60
    endloop
  endfacet
  facet normal -0.9877 0 0.156363
    outer loop
      vertex 250.329 230 66.2717
      vertex 251.311 270 72.4747
      vertex 250.329 270 66.2717
    endloop
  endfacet
  facet normal -0.9877 0 0.156363
    outer loop
      vertex 251.311 270 72.4747
      vertex 250.329 230 66.2717
      vertex 251.311 230 72.4747
    endloop
  endfacet
  facet normal -0.9877 0 -0.156363
    outer loop
      vertex 251.311 230 47.5253
      vertex 250.329 270 53.7283
      vertex 251.311 270 47.5253
    endloop
  endfacet
  facet normal -0.9877 -0 -0.156363
    outer loop
      vertex 250.329 270 53.7283
      vertex 251.311 230 47.5253
      vertex 250.329 230 53.7283
    endloop
  endfacet
  facet normal -0.998627 0 -0.0523858
    outer loop
      vertex 250.329 230 53.7283
      vertex 250 270 60
      vertex 250.329 270 53.7283
    endloop
  endfacet
  facet normal -0.998627 -0 -0.0523858
    outer loop
      vertex 250 270 60
      vertex 250.329 230 53.7283
      vertex 250 230 60
    endloop
  endfacet
  facet normal -0.965904 0 -0.258899
    outer loop
      vertex 252.937 230 41.459
      vertex 251.311 270 47.5253
      vertex 252.937 270 41.459
    endloop
  endfacet
  facet normal -0.965904 -0 -0.258899
    outer loop
      vertex 251.311 270 47.5253
      vertex 252.937 230 41.459
      vertex 251.311 230 47.5253
    endloop
  endfacet
  facet normal -0.838634 0 -0.544696
    outer loop
      vertex 261.459 230 24.7329
      vertex 258.038 270 30
      vertex 261.459 270 24.7329
    endloop
  endfacet
  facet normal -0.838634 -0 -0.544696
    outer loop
      vertex 258.038 270 30
      vertex 261.459 230 24.7329
      vertex 258.038 230 30
    endloop
  endfacet
  facet normal 0.156434 0 -0.987688
    outer loop
      vertex 316.272 230 0.328687
      vertex 322.475 270 1.31114
      vertex 322.475 230 1.31114
    endloop
  endfacet
  facet normal 0.156434 0 -0.987688
    outer loop
      vertex 322.475 270 1.31114
      vertex 316.272 230 0.328687
      vertex 316.272 270 0.328687
    endloop
  endfacet
  facet normal 0.965904 -0 0.258899
    outer loop
      vertex 367.063 230 78.541
      vertex 368.689 270 72.4747
      vertex 367.063 270 78.541
    endloop
  endfacet
  facet normal 0.965904 0 0.258899
    outer loop
      vertex 368.689 270 72.4747
      vertex 367.063 230 78.541
      vertex 368.689 230 72.4747
    endloop
  endfacet
  facet normal 0.453952 0 0.891026
    outer loop
      vertex 334.404 270 114.813
      vertex 340 230 111.962
      vertex 340 270 111.962
    endloop
  endfacet
  facet normal 0.453952 0 0.891026
    outer loop
      vertex 340 230 111.962
      vertex 334.404 270 114.813
      vertex 334.404 230 114.813
    endloop
  endfacet
  facet normal -0.998627 0 0.0523858
    outer loop
      vertex 250 230 60
      vertex 250.329 270 66.2717
      vertex 250 270 60
    endloop
  endfacet
  facet normal -0.998627 0 0.0523858
    outer loop
      vertex 250.329 270 66.2717
      vertex 250 230 60
      vertex 250.329 230 66.2717
    endloop
  endfacet
  facet normal -0.258911 0 0.965901
    outer loop
      vertex 291.459 270 117.063
      vertex 297.525 230 118.689
      vertex 297.525 270 118.689
    endloop
  endfacet
  facet normal -0.258911 0 0.965901
    outer loop
      vertex 297.525 230 118.689
      vertex 291.459 270 117.063
      vertex 291.459 230 117.063
    endloop
  endfacet
  facet normal 0.629267 0 0.777189
    outer loop
      vertex 345.267 270 108.541
      vertex 350.148 230 104.589
      vertex 350.148 270 104.589
    endloop
  endfacet
  facet normal 0.629267 0 0.777189
    outer loop
      vertex 350.148 230 104.589
      vertex 345.267 270 108.541
      vertex 345.267 230 108.541
    endloop
  endfacet
  facet normal 0.156363 0 0.9877
    outer loop
      vertex 316.272 270 119.671
      vertex 322.475 230 118.689
      vertex 322.475 270 118.689
    endloop
  endfacet
  facet normal 0.156363 0 0.9877
    outer loop
      vertex 322.475 230 118.689
      vertex 316.272 270 119.671
      vertex 316.272 230 119.671
    endloop
  endfacet
  facet normal 0.707107 -0 0.707107
    outer loop
      vertex 350.148 230 104.589
      vertex 354.589 270 100.148
      vertex 350.148 270 104.589
    endloop
  endfacet
  facet normal 0.707107 0 0.707107
    outer loop
      vertex 354.589 270 100.148
      vertex 350.148 230 104.589
      vertex 354.589 230 100.148
    endloop
  endfacet
  facet normal 0.965904 0 -0.258899
    outer loop
      vertex 368.689 230 47.5253
      vertex 367.063 270 41.459
      vertex 368.689 270 47.5253
    endloop
  endfacet
  facet normal 0.965904 0 -0.258899
    outer loop
      vertex 367.063 270 41.459
      vertex 368.689 230 47.5253
      vertex 367.063 230 41.459
    endloop
  endfacet
  facet normal 0.544703 0 0.838629
    outer loop
      vertex 340 270 111.962
      vertex 345.267 230 108.541
      vertex 345.267 270 108.541
    endloop
  endfacet
  facet normal 0.544703 0 0.838629
    outer loop
      vertex 345.267 230 108.541
      vertex 340 270 111.962
      vertex 340 230 111.962
    endloop
  endfacet
  facet normal -0.156434 0 -0.987688
    outer loop
      vertex 297.525 230 1.31114
      vertex 303.728 270 0.328687
      vertex 303.728 230 0.328687
    endloop
  endfacet
  facet normal -0.156434 0 -0.987688
    outer loop
      vertex 303.728 270 0.328687
      vertex 297.525 230 1.31114
      vertex 297.525 270 1.31114
    endloop
  endfacet
  facet normal -0.544649 0 -0.838664
    outer loop
      vertex 274.733 230 11.459
      vertex 280 270 8.03848
      vertex 280 230 8.03848
    endloop
  endfacet
  facet normal -0.544649 0 -0.838664
    outer loop
      vertex 280 270 8.03848
      vertex 274.733 230 11.459
      vertex 274.733 270 11.459
    endloop
  endfacet
  facet normal -0.358285 0 0.933612
    outer loop
      vertex 285.596 270 114.813
      vertex 291.459 230 117.063
      vertex 291.459 270 117.063
    endloop
  endfacet
  facet normal -0.358285 0 0.933612
    outer loop
      vertex 291.459 230 117.063
      vertex 285.596 270 114.813
      vertex 285.596 230 114.813
    endloop
  endfacet
  facet normal 0.258832 0 -0.965922
    outer loop
      vertex 322.475 230 1.31114
      vertex 328.541 270 2.93661
      vertex 328.541 230 2.93661
    endloop
  endfacet
  facet normal 0.258832 0 -0.965922
    outer loop
      vertex 328.541 270 2.93661
      vertex 322.475 230 1.31114
      vertex 322.475 270 1.31114
    endloop
  endfacet
  facet normal -0.0523336 0 -0.99863
    outer loop
      vertex 303.728 230 0.328687
      vertex 310 270 0
      vertex 310 230 0
    endloop
  endfacet
  facet normal -0.0523336 0 -0.99863
    outer loop
      vertex 310 270 0
      vertex 303.728 230 0.328687
      vertex 303.728 270 0.328687
    endloop
  endfacet
  facet normal -0.358377 0 -0.933577
    outer loop
      vertex 285.596 230 5.18727
      vertex 291.459 270 2.93661
      vertex 291.459 230 2.93661
    endloop
  endfacet
  facet normal -0.358377 0 -0.933577
    outer loop
      vertex 291.459 270 2.93661
      vertex 285.596 230 5.18727
      vertex 285.596 270 5.18727
    endloop
  endfacet
  facet normal -0.965904 0 0.258899
    outer loop
      vertex 251.311 230 72.4747
      vertex 252.937 270 78.541
      vertex 251.311 270 72.4747
    endloop
  endfacet
  facet normal -0.965904 0 0.258899
    outer loop
      vertex 252.937 270 78.541
      vertex 251.311 230 72.4747
      vertex 252.937 230 78.541
    endloop
  endfacet
  facet normal -0.453979 0 -0.891013
    outer loop
      vertex 280 230 8.03848
      vertex 285.596 270 5.18727
      vertex 285.596 230 5.18727
    endloop
  endfacet
  facet normal -0.453979 0 -0.891013
    outer loop
      vertex 285.596 270 5.18727
      vertex 280 230 8.03848
      vertex 280 270 8.03848
    endloop
  endfacet
  facet normal 0.453979 0 -0.891013
    outer loop
      vertex 334.404 230 5.18727
      vertex 340 270 8.03848
      vertex 340 230 8.03848
    endloop
  endfacet
  facet normal 0.453979 0 -0.891013
    outer loop
      vertex 340 270 8.03848
      vertex 334.404 230 5.18727
      vertex 334.404 270 5.18727
    endloop
  endfacet
  facet normal -0.156363 0 0.9877
    outer loop
      vertex 297.525 270 118.689
      vertex 303.728 230 119.671
      vertex 303.728 270 119.671
    endloop
  endfacet
  facet normal -0.156363 0 0.9877
    outer loop
      vertex 303.728 230 119.671
      vertex 297.525 270 118.689
      vertex 297.525 230 118.689
    endloop
  endfacet
  facet normal 0.258911 0 0.965901
    outer loop
      vertex 322.475 270 118.689
      vertex 328.541 230 117.063
      vertex 328.541 270 117.063
    endloop
  endfacet
  facet normal 0.258911 0 0.965901
    outer loop
      vertex 328.541 230 117.063
      vertex 322.475 270 118.689
      vertex 322.475 230 118.689
    endloop
  endfacet
  facet normal -0.777183 0 0.629275
    outer loop
      vertex 261.459 230 95.2671
      vertex 265.411 270 100.148
      vertex 261.459 270 95.2671
    endloop
  endfacet
  facet normal -0.777183 0 0.629275
    outer loop
      vertex 265.411 270 100.148
      vertex 261.459 230 95.2671
      vertex 265.411 230 100.148
    endloop
  endfacet
  facet normal -0.629296 0 -0.777166
    outer loop
      vertex 269.852 230 15.4113
      vertex 274.733 270 11.459
      vertex 274.733 230 11.459
    endloop
  endfacet
  facet normal -0.629296 0 -0.777166
    outer loop
      vertex 274.733 270 11.459
      vertex 269.852 230 15.4113
      vertex 269.852 270 15.4113
    endloop
  endfacet
  facet normal -0.89102 0 0.453965
    outer loop
      vertex 255.187 230 84.4042
      vertex 258.038 270 90
      vertex 255.187 270 84.4042
    endloop
  endfacet
  facet normal -0.89102 0 0.453965
    outer loop
      vertex 258.038 270 90
      vertex 255.187 230 84.4042
      vertex 258.038 230 90
    endloop
  endfacet
  facet normal 0.707099 0 -0.707115
    outer loop
      vertex 350.148 230 15.4113
      vertex 354.589 270 19.8522
      vertex 354.589 230 19.8522
    endloop
  endfacet
  facet normal 0.707099 0 -0.707115
    outer loop
      vertex 354.589 270 19.8522
      vertex 350.148 230 15.4113
      vertex 350.148 270 15.4113
    endloop
  endfacet
  facet normal -0.0523833 0 0.998627
    outer loop
      vertex 303.728 270 119.671
      vertex 310 230 120
      vertex 310 270 120
    endloop
  endfacet
  facet normal -0.0523833 0 0.998627
    outer loop
      vertex 310 230 120
      vertex 303.728 270 119.671
      vertex 303.728 230 119.671
    endloop
  endfacet
  facet normal 0.358377 0 -0.933577
    outer loop
      vertex 328.541 230 2.93661
      vertex 334.404 270 5.18727
      vertex 334.404 230 5.18727
    endloop
  endfacet
  facet normal 0.358377 0 -0.933577
    outer loop
      vertex 334.404 270 5.18727
      vertex 328.541 230 2.93661
      vertex 328.541 270 2.93661
    endloop
  endfacet
  facet normal 0.0523336 0 -0.99863
    outer loop
      vertex 310 230 0
      vertex 316.272 270 0.328687
      vertex 316.272 230 0.328687
    endloop
  endfacet
  facet normal 0.0523336 0 -0.99863
    outer loop
      vertex 316.272 270 0.328687
      vertex 310 230 0
      vertex 310 270 0
    endloop
  endfacet
  facet normal -0.453952 0 0.891026
    outer loop
      vertex 280 270 111.962
      vertex 285.596 230 114.813
      vertex 285.596 270 114.813
    endloop
  endfacet
  facet normal -0.453952 0 0.891026
    outer loop
      vertex 285.596 230 114.813
      vertex 280 270 111.962
      vertex 280 230 111.962
    endloop
  endfacet
  facet normal 0.933616 0 -0.358275
    outer loop
      vertex 367.063 230 41.459
      vertex 364.813 270 35.5958
      vertex 367.063 270 41.459
    endloop
  endfacet
  facet normal 0.933616 0 -0.358275
    outer loop
      vertex 364.813 270 35.5958
      vertex 367.063 230 41.459
      vertex 364.813 230 35.5958
    endloop
  endfacet
  facet normal 0.89102 0 -0.453965
    outer loop
      vertex 364.813 230 35.5958
      vertex 361.962 270 30
      vertex 364.813 270 35.5958
    endloop
  endfacet
  facet normal 0.89102 0 -0.453965
    outer loop
      vertex 361.962 270 30
      vertex 364.813 230 35.5958
      vertex 361.962 230 30
    endloop
  endfacet
  facet normal -0.77717 0 -0.62929
    outer loop
      vertex 265.411 230 19.8522
      vertex 261.459 270 24.7329
      vertex 265.411 270 19.8522
    endloop
  endfacet
  facet normal -0.77717 -0 -0.62929
    outer loop
      vertex 261.459 270 24.7329
      vertex 265.411 230 19.8522
      vertex 261.459 230 24.7329
    endloop
  endfacet
  facet normal -0.258832 0 -0.965922
    outer loop
      vertex 291.459 230 2.93661
      vertex 297.525 270 1.31114
      vertex 297.525 230 1.31114
    endloop
  endfacet
  facet normal -0.258832 0 -0.965922
    outer loop
      vertex 297.525 270 1.31114
      vertex 291.459 230 2.93661
      vertex 291.459 270 2.93661
    endloop
  endfacet
  facet normal -0.933616 0 -0.358275
    outer loop
      vertex 255.187 230 35.5958
      vertex 252.937 270 41.459
      vertex 255.187 270 35.5958
    endloop
  endfacet
  facet normal -0.933616 -0 -0.358275
    outer loop
      vertex 252.937 270 41.459
      vertex 255.187 230 35.5958
      vertex 252.937 230 41.459
    endloop
  endfacet
  facet normal -0.838634 0 0.544696
    outer loop
      vertex 258.038 230 90
      vertex 261.459 270 95.2671
      vertex 258.038 270 90
    endloop
  endfacet
  facet normal -0.838634 0 0.544696
    outer loop
      vertex 261.459 270 95.2671
      vertex 258.038 230 90
      vertex 261.459 230 95.2671
    endloop
  endfacet
  facet normal 0.998627 -0 0.0523858
    outer loop
      vertex 369.671 230 66.2717
      vertex 370 270 60
      vertex 369.671 270 66.2717
    endloop
  endfacet
  facet normal 0.998627 0 0.0523858
    outer loop
      vertex 370 270 60
      vertex 369.671 230 66.2717
      vertex 370 230 60
    endloop
  endfacet
  facet normal 0 1 0
    outer loop
      vertex 310 270 70.5
      vertex 310 270 120
      vertex 316.272 270 119.671
    endloop
  endfacet
  facet normal 0 1 0
    outer loop
      vertex 311.098 270 70.4425
      vertex 316.272 270 119.671
      vertex 322.475 270 118.689
    endloop
  endfacet
  facet normal 0 1 0
    outer loop
      vertex 310 270 120
      vertex 310 270 70.5
      vertex 303.728 270 119.671
    endloop
  endfacet
  facet normal 0 1 0
    outer loop
      vertex 312.183 270 70.2706
      vertex 322.475 270 118.689
      vertex 328.541 270 117.063
    endloop
  endfacet
  facet normal 0 1 -0
    outer loop
      vertex 308.902 270 70.4425
      vertex 303.728 270 119.671
      vertex 310 270 70.5
    endloop
  endfacet
  facet normal 0 1 0
    outer loop
      vertex 313.245 270 69.9861
      vertex 328.541 270 117.063
      vertex 334.404 270 114.813
    endloop
  endfacet
  facet normal 0 1 0
    outer loop
      vertex 303.728 270 119.671
      vertex 308.902 270 70.4425
      vertex 297.525 270 118.689
    endloop
  endfacet
  facet normal 0 1 0
    outer loop
      vertex 314.271 270 69.5922
      vertex 334.404 270 114.813
      vertex 340 270 111.962
    endloop
  endfacet
  facet normal 0 1 -0
    outer loop
      vertex 307.817 270 70.2706
      vertex 297.525 270 118.689
      vertex 308.902 270 70.4425
    endloop
  endfacet
  facet normal 0 1 0
    outer loop
      vertex 315.25 270 69.0933
      vertex 340 270 111.962
      vertex 345.267 270 108.541
    endloop
  endfacet
  facet normal 0 1 0
    outer loop
      vertex 297.525 270 118.689
      vertex 307.817 270 70.2706
      vertex 291.459 270 117.063
    endloop
  endfacet
  facet normal 0 1 0
    outer loop
      vertex 316.172 270 68.4947
      vertex 345.267 270 108.541
      vertex 350.148 270 104.589
    endloop
  endfacet
  facet normal 0 1 -0
    outer loop
      vertex 306.755 270 69.9861
      vertex 291.459 270 117.063
      vertex 307.817 270 70.2706
    endloop
  endfacet
  facet normal 0 1 0
    outer loop
      vertex 317.026 270 67.803
      vertex 350.148 270 104.589
      vertex 354.589 270 100.148
    endloop
  endfacet
  facet normal 0 1 0
    outer loop
      vertex 291.459 270 117.063
      vertex 306.755 270 69.9861
      vertex 285.596 270 114.813
    endloop
  endfacet
  facet normal 0 1 0
    outer loop
      vertex 317.803 270 67.0259
      vertex 354.589 270 100.148
      vertex 358.541 270 95.2671
    endloop
  endfacet
  facet normal 0 1 -0
    outer loop
      vertex 305.729 270 69.5922
      vertex 285.596 270 114.813
      vertex 306.755 270 69.9861
    endloop
  endfacet
  facet normal 0 1 0
    outer loop
      vertex 318.495 270 66.1717
      vertex 358.541 270 95.2671
      vertex 361.962 270 90
    endloop
  endfacet
  facet normal 0 1 0
    outer loop
      vertex 285.596 270 114.813
      vertex 305.729 270 69.5922
      vertex 280 270 111.962
    endloop
  endfacet
  facet normal 0 1 0
    outer loop
      vertex 319.093 270 65.25
      vertex 361.962 270 90
      vertex 364.813 270 84.4042
    endloop
  endfacet
  facet normal 0 1 -0
    outer loop
      vertex 304.75 270 69.0933
      vertex 280 270 111.962
      vertex 305.729 270 69.5922
    endloop
  endfacet
  facet normal 0 1 0
    outer loop
      vertex 319.592 270 64.2707
      vertex 364.813 270 84.4042
      vertex 367.063 270 78.541
    endloop
  endfacet
  facet normal 0 1 0
    outer loop
      vertex 280 270 111.962
      vertex 304.75 270 69.0933
      vertex 274.733 270 108.541
    endloop
  endfacet
  facet normal 0 1 0
    outer loop
      vertex 319.986 270 63.2447
      vertex 367.063 270 78.541
      vertex 368.689 270 72.4747
    endloop
  endfacet
  facet normal 0 1 -0
    outer loop
      vertex 303.828 270 68.4947
      vertex 274.733 270 108.541
      vertex 304.75 270 69.0933
    endloop
  endfacet
  facet normal 0 1 0
    outer loop
      vertex 274.733 270 108.541
      vertex 303.828 270 68.4947
      vertex 269.852 270 104.589
    endloop
  endfacet
  facet normal 0 1 0
    outer loop
      vertex 316.272 270 119.671
      vertex 311.098 270 70.4425
      vertex 310 270 70.5
    endloop
  endfacet
  facet normal 0 1 0
    outer loop
      vertex 322.475 270 118.689
      vertex 312.183 270 70.2706
      vertex 311.098 270 70.4425
    endloop
  endfacet
  facet normal 0 1 0
    outer loop
      vertex 328.541 270 117.063
      vertex 313.245 270 69.9861
      vertex 312.183 270 70.2706
    endloop
  endfacet
  facet normal 0 1 0
    outer loop
      vertex 334.404 270 114.813
      vertex 314.271 270 69.5922
      vertex 313.245 270 69.9861
    endloop
  endfacet
  facet normal 0 1 0
    outer loop
      vertex 340 270 111.962
      vertex 315.25 270 69.0933
      vertex 314.271 270 69.5922
    endloop
  endfacet
  facet normal 0 1 0
    outer loop
      vertex 345.267 270 108.541
      vertex 316.172 270 68.4947
      vertex 315.25 270 69.0933
    endloop
  endfacet
  facet normal 0 1 0
    outer loop
      vertex 350.148 270 104.589
      vertex 317.026 270 67.803
      vertex 316.172 270 68.4947
    endloop
  endfacet
  facet normal 0 1 0
    outer loop
      vertex 354.589 270 100.148
      vertex 317.803 270 67.0259
      vertex 317.026 270 67.803
    endloop
  endfacet
  facet normal 0 1 0
    outer loop
      vertex 320.271 270 62.1831
      vertex 368.689 270 72.4747
      vertex 369.671 270 66.2717
    endloop
  endfacet
  facet normal 0 1 0
    outer loop
      vertex 358.541 270 95.2671
      vertex 318.495 270 66.1717
      vertex 317.803 270 67.0259
    endloop
  endfacet
  facet normal 0 1 0
    outer loop
      vertex 361.962 270 90
      vertex 319.093 270 65.25
      vertex 318.495 270 66.1717
    endloop
  endfacet
  facet normal 0 1 0
    outer loop
      vertex 364.813 270 84.4042
      vertex 319.592 270 64.2707
      vertex 319.093 270 65.25
    endloop
  endfacet
  facet normal 0 1 0
    outer loop
      vertex 367.063 270 78.541
      vertex 319.986 270 63.2447
      vertex 319.592 270 64.2707
    endloop
  endfacet
  facet normal 0 1 0
    outer loop
      vertex 368.689 270 72.4747
      vertex 320.271 270 62.1831
      vertex 319.986 270 63.2447
    endloop
  endfacet
  facet normal 0 1 0
    outer loop
      vertex 369.671 270 66.2717
      vertex 320.442 270 61.0975
      vertex 320.271 270 62.1831
    endloop
  endfacet
  facet normal 0 1 0
    outer loop
      vertex 370 270 60
      vertex 320.442 270 61.0975
      vertex 369.671 270 66.2717
    endloop
  endfacet
  facet normal 0 1 0
    outer loop
      vertex 370 270 60
      vertex 320.5 270 60
      vertex 320.442 270 61.0975
    endloop
  endfacet
  facet normal 0 1 0
    outer loop
      vertex 370 270 60
      vertex 320.442 270 58.9025
      vertex 320.5 270 60
    endloop
  endfacet
  facet normal 0 1 -0
    outer loop
      vertex 369.671 270 53.7283
      vertex 320.442 270 58.9025
      vertex 370 270 60
    endloop
  endfacet
  facet normal 0 1 0
    outer loop
      vertex 320.442 270 58.9025
      vertex 369.671 270 53.7283
      vertex 320.271 270 57.8169
    endloop
  endfacet
  facet normal 0 1 -0
    outer loop
      vertex 368.689 270 47.5253
      vertex 320.271 270 57.8169
      vertex 369.671 270 53.7283
    endloop
  endfacet
  facet normal 0 1 0
    outer loop
      vertex 320.271 270 57.8169
      vertex 368.689 270 47.5253
      vertex 319.986 270 56.7553
    endloop
  endfacet
  facet normal 0 1 -0
    outer loop
      vertex 367.063 270 41.459
      vertex 319.986 270 56.7553
      vertex 368.689 270 47.5253
    endloop
  endfacet
  facet normal 0 1 0
    outer loop
      vertex 319.986 270 56.7553
      vertex 367.063 270 41.459
      vertex 319.592 270 55.7293
    endloop
  endfacet
  facet normal 0 1 -0
    outer loop
      vertex 364.813 270 35.5958
      vertex 319.592 270 55.7293
      vertex 367.063 270 41.459
    endloop
  endfacet
  facet normal 0 1 0
    outer loop
      vertex 319.592 270 55.7293
      vertex 364.813 270 35.5958
      vertex 319.093 270 54.75
    endloop
  endfacet
  facet normal 0 1 -0
    outer loop
      vertex 361.962 270 30
      vertex 319.093 270 54.75
      vertex 364.813 270 35.5958
    endloop
  endfacet
  facet normal 0 1 0
    outer loop
      vertex 319.093 270 54.75
      vertex 361.962 270 30
      vertex 318.495 270 53.8283
    endloop
  endfacet
  facet normal 0 1 -0
    outer loop
      vertex 358.541 270 24.7329
      vertex 318.495 270 53.8283
      vertex 361.962 270 30
    endloop
  endfacet
  facet normal 0 1 0
    outer loop
      vertex 318.495 270 53.8283
      vertex 358.541 270 24.7329
      vertex 317.803 270 52.9741
    endloop
  endfacet
  facet normal 0 1 -0
    outer loop
      vertex 354.589 270 19.8522
      vertex 317.803 270 52.9741
      vertex 358.541 270 24.7329
    endloop
  endfacet
  facet normal 0 1 0
    outer loop
      vertex 317.803 270 52.9741
      vertex 354.589 270 19.8522
      vertex 317.026 270 52.197
    endloop
  endfacet
  facet normal 0 1 0
    outer loop
      vertex 317.026 270 52.197
      vertex 350.148 270 15.4113
      vertex 316.172 270 51.5053
    endloop
  endfacet
  facet normal 0 1 -0
    outer loop
      vertex 350.148 270 15.4113
      vertex 317.026 270 52.197
      vertex 354.589 270 19.8522
    endloop
  endfacet
  facet normal 0 1 -0
    outer loop
      vertex 302.974 270 67.803
      vertex 269.852 270 104.589
      vertex 303.828 270 68.4947
    endloop
  endfacet
  facet normal 0 1 0
    outer loop
      vertex 269.852 270 104.589
      vertex 302.974 270 67.803
      vertex 265.411 270 100.148
    endloop
  endfacet
  facet normal 0 1 -0
    outer loop
      vertex 302.197 270 67.0259
      vertex 265.411 270 100.148
      vertex 302.974 270 67.803
    endloop
  endfacet
  facet normal 0 1 0
    outer loop
      vertex 265.411 270 100.148
      vertex 302.197 270 67.0259
      vertex 261.459 270 95.2671
    endloop
  endfacet
  facet normal 0 1 -0
    outer loop
      vertex 301.505 270 66.1717
      vertex 261.459 270 95.2671
      vertex 302.197 270 67.0259
    endloop
  endfacet
  facet normal 0 1 0
    outer loop
      vertex 261.459 270 95.2671
      vertex 301.505 270 66.1717
      vertex 258.038 270 90
    endloop
  endfacet
  facet normal 0 1 -0
    outer loop
      vertex 300.907 270 65.25
      vertex 258.038 270 90
      vertex 301.505 270 66.1717
    endloop
  endfacet
  facet normal 0 1 0
    outer loop
      vertex 258.038 270 90
      vertex 300.907 270 65.25
      vertex 255.187 270 84.4042
    endloop
  endfacet
  facet normal 0 1 -0
    outer loop
      vertex 300.408 270 64.2707
      vertex 255.187 270 84.4042
      vertex 300.907 270 65.25
    endloop
  endfacet
  facet normal 0 1 0
    outer loop
      vertex 255.187 270 84.4042
      vertex 300.408 270 64.2707
      vertex 252.937 270 78.541
    endloop
  endfacet
  facet normal 0 1 -0
    outer loop
      vertex 300.014 270 63.2447
      vertex 252.937 270 78.541
      vertex 300.408 270 64.2707
    endloop
  endfacet
  facet normal 0 1 0
    outer loop
      vertex 252.937 270 78.541
      vertex 300.014 270 63.2447
      vertex 251.311 270 72.4747
    endloop
  endfacet
  facet normal 0 1 -0
    outer loop
      vertex 299.729 270 62.1831
      vertex 251.311 270 72.4747
      vertex 300.014 270 63.2447
    endloop
  endfacet
  facet normal 0 1 0
    outer loop
      vertex 251.311 270 72.4747
      vertex 299.729 270 62.1831
      vertex 250.329 270 66.2717
    endloop
  endfacet
  facet normal 0 1 -0
    outer loop
      vertex 299.558 270 61.0975
      vertex 250.329 270 66.2717
      vertex 299.729 270 62.1831
    endloop
  endfacet
  facet normal 0 1 -0
    outer loop
      vertex 299.5 270 60
      vertex 250.329 270 66.2717
      vertex 299.558 270 61.0975
    endloop
  endfacet
  facet normal 0 1 0
    outer loop
      vertex 299.5 270 60
      vertex 250 270 60
      vertex 250.329 270 66.2717
    endloop
  endfacet
  facet normal 0 1 0
    outer loop
      vertex 299.558 270 58.9025
      vertex 250 270 60
      vertex 299.5 270 60
    endloop
  endfacet
  facet normal 0 1 0
    outer loop
      vertex 250.329 270 53.7283
      vertex 299.558 270 58.9025
      vertex 299.729 270 57.8169
    endloop
  endfacet
  facet normal 0 1 0
    outer loop
      vertex 251.311 270 47.5253
      vertex 299.729 270 57.8169
      vertex 300.014 270 56.7553
    endloop
  endfacet
  facet normal 0 1 0
    outer loop
      vertex 252.937 270 41.459
      vertex 300.014 270 56.7553
      vertex 300.408 270 55.7293
    endloop
  endfacet
  facet normal 0 1 0
    outer loop
      vertex 255.187 270 35.5958
      vertex 300.408 270 55.7293
      vertex 300.907 270 54.75
    endloop
  endfacet
  facet normal 0 1 0
    outer loop
      vertex 258.038 270 30
      vertex 300.907 270 54.75
      vertex 301.505 270 53.8283
    endloop
  endfacet
  facet normal 0 1 0
    outer loop
      vertex 299.558 270 58.9025
      vertex 250.329 270 53.7283
      vertex 250 270 60
    endloop
  endfacet
  facet normal 0 1 0
    outer loop
      vertex 261.459 270 24.7329
      vertex 301.505 270 53.8283
      vertex 302.197 270 52.9741
    endloop
  endfacet
  facet normal 0 1 0
    outer loop
      vertex 265.411 270 19.8522
      vertex 302.197 270 52.9741
      vertex 302.974 270 52.197
    endloop
  endfacet
  facet normal 0 1 0
    outer loop
      vertex 269.852 270 15.4113
      vertex 302.974 270 52.197
      vertex 303.828 270 51.5053
    endloop
  endfacet
  facet normal 0 1 0
    outer loop
      vertex 274.733 270 11.459
      vertex 303.828 270 51.5053
      vertex 304.75 270 50.9067
    endloop
  endfacet
  facet normal 0 1 0
    outer loop
      vertex 280 270 8.03848
      vertex 304.75 270 50.9067
      vertex 305.729 270 50.4078
    endloop
  endfacet
  facet normal 0 1 0
    outer loop
      vertex 285.596 270 5.18727
      vertex 305.729 270 50.4078
      vertex 306.755 270 50.0139
    endloop
  endfacet
  facet normal 0 1 0
    outer loop
      vertex 291.459 270 2.93661
      vertex 306.755 270 50.0139
      vertex 307.817 270 49.7295
    endloop
  endfacet
  facet normal 0 1 0
    outer loop
      vertex 297.525 270 1.31114
      vertex 307.817 270 49.7295
      vertex 308.902 270 49.5575
    endloop
  endfacet
  facet normal 0 1 0
    outer loop
      vertex 299.729 270 57.8169
      vertex 251.311 270 47.5253
      vertex 250.329 270 53.7283
    endloop
  endfacet
  facet normal 0 1 0
    outer loop
      vertex 303.728 270 0.328687
      vertex 308.902 270 49.5575
      vertex 310 270 49.5
    endloop
  endfacet
  facet normal 0 1 -0
    outer loop
      vertex 345.267 270 11.459
      vertex 316.172 270 51.5053
      vertex 350.148 270 15.4113
    endloop
  endfacet
  facet normal 0 1 0
    outer loop
      vertex 316.172 270 51.5053
      vertex 345.267 270 11.459
      vertex 315.25 270 50.9067
    endloop
  endfacet
  facet normal 0 1 0
    outer loop
      vertex 300.014 270 56.7553
      vertex 252.937 270 41.459
      vertex 251.311 270 47.5253
    endloop
  endfacet
  facet normal 0 1 -0
    outer loop
      vertex 340 270 8.03848
      vertex 315.25 270 50.9067
      vertex 345.267 270 11.459
    endloop
  endfacet
  facet normal 0 1 0
    outer loop
      vertex 300.408 270 55.7293
      vertex 255.187 270 35.5958
      vertex 252.937 270 41.459
    endloop
  endfacet
  facet normal 0 1 0
    outer loop
      vertex 315.25 270 50.9067
      vertex 340 270 8.03848
      vertex 314.271 270 50.4078
    endloop
  endfacet
  facet normal 0 1 0
    outer loop
      vertex 300.907 270 54.75
      vertex 258.038 270 30
      vertex 255.187 270 35.5958
    endloop
  endfacet
  facet normal 0 1 -0
    outer loop
      vertex 334.404 270 5.18727
      vertex 314.271 270 50.4078
      vertex 340 270 8.03848
    endloop
  endfacet
  facet normal 0 1 0
    outer loop
      vertex 301.505 270 53.8283
      vertex 261.459 270 24.7329
      vertex 258.038 270 30
    endloop
  endfacet
  facet normal 0 1 0
    outer loop
      vertex 314.271 270 50.4078
      vertex 334.404 270 5.18727
      vertex 313.245 270 50.0139
    endloop
  endfacet
  facet normal 0 1 0
    outer loop
      vertex 302.197 270 52.9741
      vertex 265.411 270 19.8522
      vertex 261.459 270 24.7329
    endloop
  endfacet
  facet normal 0 1 -0
    outer loop
      vertex 328.541 270 2.93661
      vertex 313.245 270 50.0139
      vertex 334.404 270 5.18727
    endloop
  endfacet
  facet normal 0 1 0
    outer loop
      vertex 302.974 270 52.197
      vertex 269.852 270 15.4113
      vertex 265.411 270 19.8522
    endloop
  endfacet
  facet normal 0 1 0
    outer loop
      vertex 313.245 270 50.0139
      vertex 328.541 270 2.93661
      vertex 312.183 270 49.7295
    endloop
  endfacet
  facet normal 0 1 0
    outer loop
      vertex 303.828 270 51.5053
      vertex 274.733 270 11.459
      vertex 269.852 270 15.4113
    endloop
  endfacet
  facet normal 0 1 -0
    outer loop
      vertex 322.475 270 1.31114
      vertex 312.183 270 49.7295
      vertex 328.541 270 2.93661
    endloop
  endfacet
  facet normal 0 1 0
    outer loop
      vertex 304.75 270 50.9067
      vertex 280 270 8.03848
      vertex 274.733 270 11.459
    endloop
  endfacet
  facet normal 0 1 0
    outer loop
      vertex 312.183 270 49.7295
      vertex 322.475 270 1.31114
      vertex 311.098 270 49.5575
    endloop
  endfacet
  facet normal 0 1 0
    outer loop
      vertex 305.729 270 50.4078
      vertex 285.596 270 5.18727
      vertex 280 270 8.03848
    endloop
  endfacet
  facet normal 0 1 -0
    outer loop
      vertex 316.272 270 0.328687
      vertex 311.098 270 49.5575
      vertex 322.475 270 1.31114
    endloop
  endfacet
  facet normal 0 1 0
    outer loop
      vertex 306.755 270 50.0139
      vertex 291.459 270 2.93661
      vertex 285.596 270 5.18727
    endloop
  endfacet
  facet normal 0 1 0
    outer loop
      vertex 311.098 270 49.5575
      vertex 316.272 270 0.328687
      vertex 310 270 49.5
    endloop
  endfacet
  facet normal 0 1 0
    outer loop
      vertex 307.817 270 49.7295
      vertex 297.525 270 1.31114
      vertex 291.459 270 2.93661
    endloop
  endfacet
  facet normal 0 1 0
    outer loop
      vertex 310 270 0
      vertex 310 270 49.5
      vertex 316.272 270 0.328687
    endloop
  endfacet
  facet normal 0 1 0
    outer loop
      vertex 308.902 270 49.5575
      vertex 303.728 270 0.328687
      vertex 297.525 270 1.31114
    endloop
  endfacet
  facet normal 0 1 0
    outer loop
      vertex 310 270 49.5
      vertex 310 270 0
      vertex 303.728 270 0.328687
    endloop
  endfacet
  facet normal -0.707099 0 -0.707115
    outer loop
      vertex 265.411 230 19.8522
      vertex 269.852 270 15.4113
      vertex 269.852 230 15.4113
    endloop
  endfacet
  facet normal -0.707099 0 -0.707115
    outer loop
      vertex 269.852 270 15.4113
      vertex 265.411 230 19.8522
      vertex 265.411 270 19.8522
    endloop
  endfacet
  facet normal -0.89102 0 -0.453965
    outer loop
      vertex 258.038 230 30
      vertex 255.187 270 35.5958
      vertex 258.038 270 30
    endloop
  endfacet
  facet normal -0.89102 -0 -0.453965
    outer loop
      vertex 255.187 270 35.5958
      vertex 258.038 230 30
      vertex 255.187 230 35.5958
    endloop
  endfacet
  facet normal 0.838634 0 -0.544696
    outer loop
      vertex 361.962 230 30
      vertex 358.541 270 24.7329
      vertex 361.962 270 30
    endloop
  endfacet
  facet normal 0.838634 0 -0.544696
    outer loop
      vertex 358.541 270 24.7329
      vertex 361.962 230 30
      vertex 358.541 230 24.7329
    endloop
  endfacet
  facet normal 0.9877 0 -0.156363
    outer loop
      vertex 369.671 230 53.7283
      vertex 368.689 270 47.5253
      vertex 369.671 270 53.7283
    endloop
  endfacet
  facet normal 0.9877 0 -0.156363
    outer loop
      vertex 368.689 270 47.5253
      vertex 369.671 230 53.7283
      vertex 368.689 230 47.5253
    endloop
  endfacet
  facet normal 0 -1 0
    outer loop
      vertex 310 230 70.5
      vertex 310 230 120
      vertex 303.728 230 119.671
    endloop
  endfacet
  facet normal 0 -1 0
    outer loop
      vertex 308.902 230 70.4425
      vertex 303.728 230 119.671
      vertex 297.525 230 118.689
    endloop
  endfacet
  facet normal 0 -1 0
    outer loop
      vertex 310 230 120
      vertex 310 230 70.5
      vertex 316.272 230 119.671
    endloop
  endfacet
  facet normal 0 -1 0
    outer loop
      vertex 307.817 230 70.2706
      vertex 297.525 230 118.689
      vertex 291.459 230 117.063
    endloop
  endfacet
  facet normal 0 -1 0
    outer loop
      vertex 311.098 230 70.4425
      vertex 316.272 230 119.671
      vertex 310 230 70.5
    endloop
  endfacet
  facet normal 0 -1 0
    outer loop
      vertex 306.755 230 69.9861
      vertex 291.459 230 117.063
      vertex 285.596 230 114.813
    endloop
  endfacet
  facet normal 0 -1 -0
    outer loop
      vertex 316.272 230 119.671
      vertex 311.098 230 70.4425
      vertex 322.475 230 118.689
    endloop
  endfacet
  facet normal 0 -1 0
    outer loop
      vertex 305.729 230 69.5922
      vertex 285.596 230 114.813
      vertex 280 230 111.962
    endloop
  endfacet
  facet normal 0 -1 0
    outer loop
      vertex 312.183 230 70.2706
      vertex 322.475 230 118.689
      vertex 311.098 230 70.4425
    endloop
  endfacet
  facet normal 0 -1 0
    outer loop
      vertex 304.75 230 69.0933
      vertex 280 230 111.962
      vertex 274.733 230 108.541
    endloop
  endfacet
  facet normal 0 -1 -0
    outer loop
      vertex 322.475 230 118.689
      vertex 312.183 230 70.2706
      vertex 328.541 230 117.063
    endloop
  endfacet
  facet normal 0 -1 0
    outer loop
      vertex 303.828 230 68.4947
      vertex 274.733 230 108.541
      vertex 269.852 230 104.589
    endloop
  endfacet
  facet normal 0 -1 0
    outer loop
      vertex 313.245 230 69.9861
      vertex 328.541 230 117.063
      vertex 312.183 230 70.2706
    endloop
  endfacet
  facet normal 0 -1 0
    outer loop
      vertex 302.974 230 67.803
      vertex 269.852 230 104.589
      vertex 265.411 230 100.148
    endloop
  endfacet
  facet normal 0 -1 -0
    outer loop
      vertex 328.541 230 117.063
      vertex 313.245 230 69.9861
      vertex 334.404 230 114.813
    endloop
  endfacet
  facet normal 0 -1 0
    outer loop
      vertex 302.197 230 67.0259
      vertex 265.411 230 100.148
      vertex 261.459 230 95.2671
    endloop
  endfacet
  facet normal 0 -1 0
    outer loop
      vertex 314.271 230 69.5922
      vertex 334.404 230 114.813
      vertex 313.245 230 69.9861
    endloop
  endfacet
  facet normal 0 -1 0
    outer loop
      vertex 301.505 230 66.1717
      vertex 261.459 230 95.2671
      vertex 258.038 230 90
    endloop
  endfacet
  facet normal 0 -1 -0
    outer loop
      vertex 334.404 230 114.813
      vertex 314.271 230 69.5922
      vertex 340 230 111.962
    endloop
  endfacet
  facet normal 0 -1 0
    outer loop
      vertex 300.907 230 65.25
      vertex 258.038 230 90
      vertex 255.187 230 84.4042
    endloop
  endfacet
  facet normal 0 -1 0
    outer loop
      vertex 315.25 230 69.0933
      vertex 340 230 111.962
      vertex 314.271 230 69.5922
    endloop
  endfacet
  facet normal 0 -1 0
    outer loop
      vertex 300.408 230 64.2707
      vertex 255.187 230 84.4042
      vertex 252.937 230 78.541
    endloop
  endfacet
  facet normal 0 -1 -0
    outer loop
      vertex 340 230 111.962
      vertex 315.25 230 69.0933
      vertex 345.267 230 108.541
    endloop
  endfacet
  facet normal 0 -1 0
    outer loop
      vertex 300.014 230 63.2447
      vertex 252.937 230 78.541
      vertex 251.311 230 72.4747
    endloop
  endfacet
  facet normal 0 -1 0
    outer loop
      vertex 316.172 230 68.4947
      vertex 345.267 230 108.541
      vertex 315.25 230 69.0933
    endloop
  endfacet
  facet normal 0 -1 -0
    outer loop
      vertex 345.267 230 108.541
      vertex 316.172 230 68.4947
      vertex 350.148 230 104.589
    endloop
  endfacet
  facet normal 0 -1 0
    outer loop
      vertex 303.728 230 119.671
      vertex 308.902 230 70.4425
      vertex 310 230 70.5
    endloop
  endfacet
  facet normal 0 -1 0
    outer loop
      vertex 297.525 230 118.689
      vertex 307.817 230 70.2706
      vertex 308.902 230 70.4425
    endloop
  endfacet
  facet normal 0 -1 0
    outer loop
      vertex 291.459 230 117.063
      vertex 306.755 230 69.9861
      vertex 307.817 230 70.2706
    endloop
  endfacet
  facet normal 0 -1 0
    outer loop
      vertex 285.596 230 114.813
      vertex 305.729 230 69.5922
      vertex 306.755 230 69.9861
    endloop
  endfacet
  facet normal 0 -1 0
    outer loop
      vertex 280 230 111.962
      vertex 304.75 230 69.0933
      vertex 305.729 230 69.5922
    endloop
  endfacet
  facet normal 0 -1 0
    outer loop
      vertex 274.733 230 108.541
      vertex 303.828 230 68.4947
      vertex 304.75 230 69.0933
    endloop
  endfacet
  facet normal 0 -1 0
    outer loop
      vertex 269.852 230 104.589
      vertex 302.974 230 67.803
      vertex 303.828 230 68.4947
    endloop
  endfacet
  facet normal 0 -1 0
    outer loop
      vertex 265.411 230 100.148
      vertex 302.197 230 67.0259
      vertex 302.974 230 67.803
    endloop
  endfacet
  facet normal 0 -1 0
    outer loop
      vertex 299.729 230 62.1831
      vertex 251.311 230 72.4747
      vertex 250.329 230 66.2717
    endloop
  endfacet
  facet normal 0 -1 0
    outer loop
      vertex 261.459 230 95.2671
      vertex 301.505 230 66.1717
      vertex 302.197 230 67.0259
    endloop
  endfacet
  facet normal 0 -1 0
    outer loop
      vertex 258.038 230 90
      vertex 300.907 230 65.25
      vertex 301.505 230 66.1717
    endloop
  endfacet
  facet normal 0 -1 0
    outer loop
      vertex 255.187 230 84.4042
      vertex 300.408 230 64.2707
      vertex 300.907 230 65.25
    endloop
  endfacet
  facet normal 0 -1 0
    outer loop
      vertex 252.937 230 78.541
      vertex 300.014 230 63.2447
      vertex 300.408 230 64.2707
    endloop
  endfacet
  facet normal 0 -1 0
    outer loop
      vertex 251.311 230 72.4747
      vertex 299.729 230 62.1831
      vertex 300.014 230 63.2447
    endloop
  endfacet
  facet normal 0 -1 0
    outer loop
      vertex 250.329 230 66.2717
      vertex 299.558 230 61.0975
      vertex 299.729 230 62.1831
    endloop
  endfacet
  facet normal 0 -1 0
    outer loop
      vertex 250 230 60
      vertex 299.558 230 61.0975
      vertex 250.329 230 66.2717
    endloop
  endfacet
  facet normal 0 -1 0
    outer loop
      vertex 250 230 60
      vertex 299.5 230 60
      vertex 299.558 230 61.0975
    endloop
  endfacet
  facet normal 0 -1 0
    outer loop
      vertex 250 230 60
      vertex 299.558 230 58.9025
      vertex 299.5 230 60
    endloop
  endfacet
  facet normal 0 -1 0
    outer loop
      vertex 250.329 230 53.7283
      vertex 299.558 230 58.9025
      vertex 250 230 60
    endloop
  endfacet
  facet normal 0 -1 -0
    outer loop
      vertex 299.558 230 58.9025
      vertex 250.329 230 53.7283
      vertex 299.729 230 57.8169
    endloop
  endfacet
  facet normal 0 -1 0
    outer loop
      vertex 251.311 230 47.5253
      vertex 299.729 230 57.8169
      vertex 250.329 230 53.7283
    endloop
  endfacet
  facet normal 0 -1 -0
    outer loop
      vertex 299.729 230 57.8169
      vertex 251.311 230 47.5253
      vertex 300.014 230 56.7553
    endloop
  endfacet
  facet normal 0 -1 0
    outer loop
      vertex 252.937 230 41.459
      vertex 300.014 230 56.7553
      vertex 251.311 230 47.5253
    endloop
  endfacet
  facet normal 0 -1 -0
    outer loop
      vertex 300.014 230 56.7553
      vertex 252.937 230 41.459
      vertex 300.408 230 55.7293
    endloop
  endfacet
  facet normal 0 -1 0
    outer loop
      vertex 255.187 230 35.5958
      vertex 300.408 230 55.7293
      vertex 252.937 230 41.459
    endloop
  endfacet
  facet normal 0 -1 -0
    outer loop
      vertex 300.408 230 55.7293
      vertex 255.187 230 35.5958
      vertex 300.907 230 54.75
    endloop
  endfacet
  facet normal 0 -1 0
    outer loop
      vertex 258.038 230 30
      vertex 300.907 230 54.75
      vertex 255.187 230 35.5958
    endloop
  endfacet
  facet normal 0 -1 -0
    outer loop
      vertex 300.907 230 54.75
      vertex 258.038 230 30
      vertex 301.505 230 53.8283
    endloop
  endfacet
  facet normal 0 -1 0
    outer loop
      vertex 261.459 230 24.7329
      vertex 301.505 230 53.8283
      vertex 258.038 230 30
    endloop
  endfacet
  facet normal 0 -1 -0
    outer loop
      vertex 301.505 230 53.8283
      vertex 261.459 230 24.7329
      vertex 302.197 230 52.9741
    endloop
  endfacet
  facet normal 0 -1 0
    outer loop
      vertex 265.411 230 19.8522
      vertex 302.197 230 52.9741
      vertex 261.459 230 24.7329
    endloop
  endfacet
  facet normal 0 -1 -0
    outer loop
      vertex 302.197 230 52.9741
      vertex 265.411 230 19.8522
      vertex 302.974 230 52.197
    endloop
  endfacet
  facet normal 0 -1 -0
    outer loop
      vertex 302.974 230 52.197
      vertex 269.852 230 15.4113
      vertex 303.828 230 51.5053
    endloop
  endfacet
  facet normal 0 -1 0
    outer loop
      vertex 269.852 230 15.4113
      vertex 302.974 230 52.197
      vertex 265.411 230 19.8522
    endloop
  endfacet
  facet normal 0 -1 0
    outer loop
      vertex 317.026 230 67.803
      vertex 350.148 230 104.589
      vertex 316.172 230 68.4947
    endloop
  endfacet
  facet normal 0 -1 -0
    outer loop
      vertex 350.148 230 104.589
      vertex 317.026 230 67.803
      vertex 354.589 230 100.148
    endloop
  endfacet
  facet normal 0 -1 0
    outer loop
      vertex 317.803 230 67.0259
      vertex 354.589 230 100.148
      vertex 317.026 230 67.803
    endloop
  endfacet
  facet normal 0 -1 -0
    outer loop
      vertex 354.589 230 100.148
      vertex 317.803 230 67.0259
      vertex 358.541 230 95.2671
    endloop
  endfacet
  facet normal 0 -1 0
    outer loop
      vertex 318.495 230 66.1717
      vertex 358.541 230 95.2671
      vertex 317.803 230 67.0259
    endloop
  endfacet
  facet normal 0 -1 -0
    outer loop
      vertex 358.541 230 95.2671
      vertex 318.495 230 66.1717
      vertex 361.962 230 90
    endloop
  endfacet
  facet normal 0 -1 0
    outer loop
      vertex 319.093 230 65.25
      vertex 361.962 230 90
      vertex 318.495 230 66.1717
    endloop
  endfacet
  facet normal 0 -1 -0
    outer loop
      vertex 361.962 230 90
      vertex 319.093 230 65.25
      vertex 364.813 230 84.4042
    endloop
  endfacet
  facet normal 0 -1 0
    outer loop
      vertex 319.592 230 64.2707
      vertex 364.813 230 84.4042
      vertex 319.093 230 65.25
    endloop
  endfacet
  facet normal 0 -1 -0
    outer loop
      vertex 364.813 230 84.4042
      vertex 319.592 230 64.2707
      vertex 367.063 230 78.541
    endloop
  endfacet
  facet normal 0 -1 0
    outer loop
      vertex 319.986 230 63.2447
      vertex 367.063 230 78.541
      vertex 319.592 230 64.2707
    endloop
  endfacet
  facet normal 0 -1 -0
    outer loop
      vertex 367.063 230 78.541
      vertex 319.986 230 63.2447
      vertex 368.689 230 72.4747
    endloop
  endfacet
  facet normal 0 -1 0
    outer loop
      vertex 320.271 230 62.1831
      vertex 368.689 230 72.4747
      vertex 319.986 230 63.2447
    endloop
  endfacet
  facet normal 0 -1 -0
    outer loop
      vertex 368.689 230 72.4747
      vertex 320.271 230 62.1831
      vertex 369.671 230 66.2717
    endloop
  endfacet
  facet normal 0 -1 0
    outer loop
      vertex 320.442 230 61.0975
      vertex 369.671 230 66.2717
      vertex 320.271 230 62.1831
    endloop
  endfacet
  facet normal 0 -1 0
    outer loop
      vertex 320.5 230 60
      vertex 369.671 230 66.2717
      vertex 320.442 230 61.0975
    endloop
  endfacet
  facet normal 0 -1 0
    outer loop
      vertex 320.5 230 60
      vertex 370 230 60
      vertex 369.671 230 66.2717
    endloop
  endfacet
  facet normal 0 -1 0
    outer loop
      vertex 320.442 230 58.9025
      vertex 370 230 60
      vertex 320.5 230 60
    endloop
  endfacet
  facet normal 0 -1 0
    outer loop
      vertex 369.671 230 53.7283
      vertex 320.442 230 58.9025
      vertex 320.271 230 57.8169
    endloop
  endfacet
  facet normal 0 -1 0
    outer loop
      vertex 368.689 230 47.5253
      vertex 320.271 230 57.8169
      vertex 319.986 230 56.7553
    endloop
  endfacet
  facet normal 0 -1 0
    outer loop
      vertex 367.063 230 41.459
      vertex 319.986 230 56.7553
      vertex 319.592 230 55.7293
    endloop
  endfacet
  facet normal 0 -1 0
    outer loop
      vertex 364.813 230 35.5958
      vertex 319.592 230 55.7293
      vertex 319.093 230 54.75
    endloop
  endfacet
  facet normal 0 -1 0
    outer loop
      vertex 361.962 230 30
      vertex 319.093 230 54.75
      vertex 318.495 230 53.8283
    endloop
  endfacet
  facet normal 0 -1 0
    outer loop
      vertex 320.442 230 58.9025
      vertex 369.671 230 53.7283
      vertex 370 230 60
    endloop
  endfacet
  facet normal 0 -1 0
    outer loop
      vertex 358.541 230 24.7329
      vertex 318.495 230 53.8283
      vertex 317.803 230 52.9741
    endloop
  endfacet
  facet normal 0 -1 0
    outer loop
      vertex 354.589 230 19.8522
      vertex 317.803 230 52.9741
      vertex 317.026 230 52.197
    endloop
  endfacet
  facet normal 0 -1 0
    outer loop
      vertex 350.148 230 15.4113
      vertex 317.026 230 52.197
      vertex 316.172 230 51.5053
    endloop
  endfacet
  facet normal 0 -1 0
    outer loop
      vertex 345.267 230 11.459
      vertex 316.172 230 51.5053
      vertex 315.25 230 50.9067
    endloop
  endfacet
  facet normal 0 -1 0
    outer loop
      vertex 340 230 8.03848
      vertex 315.25 230 50.9067
      vertex 314.271 230 50.4078
    endloop
  endfacet
  facet normal 0 -1 0
    outer loop
      vertex 334.404 230 5.18727
      vertex 314.271 230 50.4078
      vertex 313.245 230 50.0139
    endloop
  endfacet
  facet normal 0 -1 0
    outer loop
      vertex 328.541 230 2.93661
      vertex 313.245 230 50.0139
      vertex 312.183 230 49.7295
    endloop
  endfacet
  facet normal 0 -1 0
    outer loop
      vertex 322.475 230 1.31114
      vertex 312.183 230 49.7295
      vertex 311.098 230 49.5575
    endloop
  endfacet
  facet normal 0 -1 0
    outer loop
      vertex 320.271 230 57.8169
      vertex 368.689 230 47.5253
      vertex 369.671 230 53.7283
    endloop
  endfacet
  facet normal 0 -1 0
    outer loop
      vertex 316.272 230 0.328687
      vertex 311.098 230 49.5575
      vertex 310 230 49.5
    endloop
  endfacet
  facet normal 0 -1 0
    outer loop
      vertex 274.733 230 11.459
      vertex 303.828 230 51.5053
      vertex 269.852 230 15.4113
    endloop
  endfacet
  facet normal 0 -1 -0
    outer loop
      vertex 303.828 230 51.5053
      vertex 274.733 230 11.459
      vertex 304.75 230 50.9067
    endloop
  endfacet
  facet normal 0 -1 0
    outer loop
      vertex 319.986 230 56.7553
      vertex 367.063 230 41.459
      vertex 368.689 230 47.5253
    endloop
  endfacet
  facet normal 0 -1 0
    outer loop
      vertex 280 230 8.03848
      vertex 304.75 230 50.9067
      vertex 274.733 230 11.459
    endloop
  endfacet
  facet normal 0 -1 0
    outer loop
      vertex 319.592 230 55.7293
      vertex 364.813 230 35.5958
      vertex 367.063 230 41.459
    endloop
  endfacet
  facet normal 0 -1 -0
    outer loop
      vertex 304.75 230 50.9067
      vertex 280 230 8.03848
      vertex 305.729 230 50.4078
    endloop
  endfacet
  facet normal 0 -1 0
    outer loop
      vertex 319.093 230 54.75
      vertex 361.962 230 30
      vertex 364.813 230 35.5958
    endloop
  endfacet
  facet normal 0 -1 0
    outer loop
      vertex 285.596 230 5.18727
      vertex 305.729 230 50.4078
      vertex 280 230 8.03848
    endloop
  endfacet
  facet normal 0 -1 0
    outer loop
      vertex 318.495 230 53.8283
      vertex 358.541 230 24.7329
      vertex 361.962 230 30
    endloop
  endfacet
  facet normal 0 -1 -0
    outer loop
      vertex 305.729 230 50.4078
      vertex 285.596 230 5.18727
      vertex 306.755 230 50.0139
    endloop
  endfacet
  facet normal 0 -1 0
    outer loop
      vertex 317.803 230 52.9741
      vertex 354.589 230 19.8522
      vertex 358.541 230 24.7329
    endloop
  endfacet
  facet normal 0 -1 0
    outer loop
      vertex 291.459 230 2.93661
      vertex 306.755 230 50.0139
      vertex 285.596 230 5.18727
    endloop
  endfacet
  facet normal 0 -1 0
    outer loop
      vertex 317.026 230 52.197
      vertex 350.148 230 15.4113
      vertex 354.589 230 19.8522
    endloop
  endfacet
  facet normal 0 -1 -0
    outer loop
      vertex 306.755 230 50.0139
      vertex 291.459 230 2.93661
      vertex 307.817 230 49.7295
    endloop
  endfacet
  facet normal 0 -1 0
    outer loop
      vertex 316.172 230 51.5053
      vertex 345.267 230 11.459
      vertex 350.148 230 15.4113
    endloop
  endfacet
  facet normal 0 -1 0
    outer loop
      vertex 297.525 230 1.31114
      vertex 307.817 230 49.7295
      vertex 291.459 230 2.93661
    endloop
  endfacet
  facet normal 0 -1 0
    outer loop
      vertex 315.25 230 50.9067
      vertex 340 230 8.03848
      vertex 345.267 230 11.459
    endloop
  endfacet
  facet normal 0 -1 -0
    outer loop
      vertex 307.817 230 49.7295
      vertex 297.525 230 1.31114
      vertex 308.902 230 49.5575
    endloop
  endfacet
  facet normal 0 -1 0
    outer loop
      vertex 314.271 230 50.4078
      vertex 334.404 230 5.18727
      vertex 340 230 8.03848
    endloop
  endfacet
  facet normal 0 -1 0
    outer loop
      vertex 303.728 230 0.328687
      vertex 308.902 230 49.5575
      vertex 297.525 230 1.31114
    endloop
  endfacet
  facet normal 0 -1 0
    outer loop
      vertex 313.245 230 50.0139
      vertex 328.541 230 2.93661
      vertex 334.404 230 5.18727
    endloop
  endfacet
  facet normal 0 -1 -0
    outer loop
      vertex 308.902 230 49.5575
      vertex 303.728 230 0.328687
      vertex 310 230 49.5
    endloop
  endfacet
  facet normal 0 -1 0
    outer loop
      vertex 312.183 230 49.7295
      vertex 322.475 230 1.31114
      vertex 328.541 230 2.93661
    endloop
  endfacet
  facet normal 0 -1 0
    outer loop
      vertex 310 230 0
      vertex 310 230 49.5
      vertex 303.728 230 0.328687
    endloop
  endfacet
  facet normal 0 -1 0
    outer loop
      vertex 311.098 230 49.5575
      vertex 316.272 230 0.328687
      vertex 322.475 230 1.31114
    endloop
  endfacet
  facet normal 0 -1 0
    outer loop
      vertex 310 230 49.5
      vertex 310 230 0
      vertex 316.272 230 0.328687
    endloop
  endfacet
  facet normal 0.77717 0 -0.62929
    outer loop
      vertex 358.541 230 24.7329
      vertex 354.589 270 19.8522
      vertex 358.541 270 24.7329
    endloop
  endfacet
  facet normal 0.77717 0 -0.62929
    outer loop
      vertex 354.589 270 19.8522
      vertex 358.541 230 24.7329
      vertex 354.589 230 19.8522
    endloop
  endfacet
  facet normal 0.629296 0 -0.777166
    outer loop
      vertex 345.267 230 11.459
      vertex 350.148 270 15.4113
      vertex 350.148 230 15.4113
    endloop
  endfacet
  facet normal 0.629296 0 -0.777166
    outer loop
      vertex 350.148 270 15.4113
      vertex 345.267 230 11.459
      vertex 345.267 270 11.459
    endloop
  endfacet
  facet normal 0.544649 0 -0.838664
    outer loop
      vertex 340 230 8.03848
      vertex 345.267 270 11.459
      vertex 345.267 230 11.459
    endloop
  endfacet
  facet normal 0.544649 0 -0.838664
    outer loop
      vertex 345.267 270 11.459
      vertex 340 230 8.03848
      vertex 340 270 8.03848
    endloop
  endfacet
  facet normal 0.89102 -0 0.453965
    outer loop
      vertex 361.962 230 90
      vertex 364.813 270 84.4042
      vertex 361.962 270 90
    endloop
  endfacet
  facet normal 0.89102 0 0.453965
    outer loop
      vertex 364.813 270 84.4042
      vertex 361.962 230 90
      vertex 364.813 230 84.4042
    endloop
  endfacet
  facet normal -0.629267 0 0.777189
    outer loop
      vertex 269.852 270 104.589
      vertex 274.733 230 108.541
      vertex 274.733 270 108.541
    endloop
  endfacet
  facet normal -0.629267 0 0.777189
    outer loop
      vertex 274.733 230 108.541
      vertex 269.852 270 104.589
      vertex 269.852 230 104.589
    endloop
  endfacet
  facet normal 0.358285 0 0.933612
    outer loop
      vertex 328.541 270 117.063
      vertex 334.404 230 114.813
      vertex 334.404 270 114.813
    endloop
  endfacet
  facet normal 0.358285 0 0.933612
    outer loop
      vertex 334.404 230 114.813
      vertex 328.541 270 117.063
      vertex 328.541 230 117.063
    endloop
  endfacet
  facet normal 0.838634 -0 0.544696
    outer loop
      vertex 358.541 230 95.2671
      vertex 361.962 270 90
      vertex 358.541 270 95.2671
    endloop
  endfacet
  facet normal 0.838634 0 0.544696
    outer loop
      vertex 361.962 270 90
      vertex 358.541 230 95.2671
      vertex 361.962 230 90
    endloop
  endfacet
  facet normal 0.9877 -0 0.156363
    outer loop
      vertex 368.689 230 72.4747
      vertex 369.671 270 66.2717
      vertex 368.689 270 72.4747
    endloop
  endfacet
  facet normal 0.9877 0 0.156363
    outer loop
      vertex 369.671 270 66.2717
      vertex 368.689 230 72.4747
      vertex 369.671 230 66.2717
    endloop
  endfacet
  facet normal 0.933616 -0 0.358275
    outer loop
      vertex 364.813 230 84.4042
      vertex 367.063 270 78.541
      vertex 364.813 270 84.4042
    endloop
  endfacet
  facet normal 0.933616 0 0.358275
    outer loop
      vertex 367.063 270 78.541
      vertex 364.813 230 84.4042
      vertex 367.063 230 78.541
    endloop
  endfacet
  facet normal 0.777183 -0 0.629275
    outer loop
      vertex 354.589 230 100.148
      vertex 358.541 270 95.2671
      vertex 354.589 270 100.148
    endloop
  endfacet
  facet normal 0.777183 0 0.629275
    outer loop
      vertex 358.541 270 95.2671
      vertex 354.589 230 100.148
      vertex 358.541 230 95.2671
    endloop
  endfacet
  facet normal -0.544703 0 0.838629
    outer loop
      vertex 274.733 270 108.541
      vertex 280 230 111.962
      vertex 280 270 111.962
    endloop
  endfacet
  facet normal -0.544703 0 0.838629
    outer loop
      vertex 280 230 111.962
      vertex 274.733 270 108.541
      vertex 274.733 230 108.541
    endloop
  endfacet
  facet normal -0.933616 0 0.358275
    outer loop
      vertex 252.937 230 78.541
      vertex 255.187 270 84.4042
      vertex 252.937 270 78.541
    endloop
  endfacet
  facet normal -0.933616 0 0.358275
    outer loop
      vertex 255.187 270 84.4042
      vertex 252.937 230 78.541
      vertex 255.187 230 84.4042
    endloop
  endfacet
  facet normal 0.0523833 0 0.998627
    outer loop
      vertex 310 270 120
      vertex 316.272 230 119.671
      vertex 316.272 270 119.671
    endloop
  endfacet
  facet normal 0.0523833 0 0.998627
    outer loop
      vertex 316.272 230 119.671
      vertex 310 270 120
      vertex 310 230 120
    endloop
  endfacet
  facet normal 0.998627 0 -0.0523858
    outer loop
      vertex 370 230 60
      vertex 369.671 270 53.7283
      vertex 370 270 60
    endloop
  endfacet
  facet normal 0.998627 0 -0.0523858
    outer loop
      vertex 369.671 270 53.7283
      vertex 370 230 60
      vertex 369.671 230 53.7283
    endloop
  endfacet
  facet normal -0.707107 0 0.707107
    outer loop
      vertex 265.411 230 100.148
      vertex 269.852 270 104.589
      vertex 265.411 270 100.148
    endloop
  endfacet
  facet normal -0.707107 0 0.707107
    outer loop
      vertex 269.852 270 104.589
      vertex 265.411 230 100.148
      vertex 269.852 230 104.589
    endloop
  endfacet
  facet normal 0.98782 -0 0.155598
    outer loop
      vertex 299.558 230 58.9025
      vertex 299.729 270 57.8169
      vertex 299.558 270 58.9025
    endloop
  endfacet
  facet normal 0.98782 0 0.155598
    outer loop
      vertex 299.729 270 57.8169
      vertex 299.558 230 58.9025
      vertex 299.729 230 57.8169
    endloop
  endfacet
  facet normal 0.998606 -0 0.0527737
    outer loop
      vertex 299.5 230 60
      vertex 299.558 270 58.9025
      vertex 299.5 270 60
    endloop
  endfacet
  facet normal 0.998606 0 0.0527737
    outer loop
      vertex 299.558 270 58.9025
      vertex 299.5 230 60
      vertex 299.558 230 58.9025
    endloop
  endfacet
  facet normal 0.965802 -0 0.259282
    outer loop
      vertex 299.729 230 57.8169
      vertex 300.014 270 56.7553
      vertex 299.729 270 57.8169
    endloop
  endfacet
  facet normal 0.965802 0 0.259282
    outer loop
      vertex 300.014 270 56.7553
      vertex 299.729 230 57.8169
      vertex 300.014 230 56.7553
    endloop
  endfacet
  facet normal 0.454044 0 0.890979
    outer loop
      vertex 304.75 270 50.9067
      vertex 305.729 230 50.4078
      vertex 305.729 270 50.4078
    endloop
  endfacet
  facet normal 0.454044 0 0.890979
    outer loop
      vertex 305.729 230 50.4078
      vertex 304.75 270 50.9067
      vertex 304.75 230 50.9067
    endloop
  endfacet
  facet normal -0.258682 0 0.965963
    outer loop
      vertex 312.183 270 49.7295
      vertex 313.245 230 50.0139
      vertex 313.245 270 50.0139
    endloop
  endfacet
  facet normal -0.258682 0 0.965963
    outer loop
      vertex 313.245 230 50.0139
      vertex 312.183 270 49.7295
      vertex 312.183 230 49.7295
    endloop
  endfacet
  facet normal 0.544541 0 -0.838734
    outer loop
      vertex 303.828 230 68.4947
      vertex 304.75 270 69.0933
      vertex 304.75 230 69.0933
    endloop
  endfacet
  facet normal 0.544541 0 -0.838734
    outer loop
      vertex 304.75 270 69.0933
      vertex 303.828 230 68.4947
      vertex 303.828 270 68.4947
    endloop
  endfacet
  facet normal 0.258682 0 0.965963
    outer loop
      vertex 306.755 270 50.0139
      vertex 307.817 230 49.7295
      vertex 307.817 270 49.7295
    endloop
  endfacet
  facet normal 0.258682 0 0.965963
    outer loop
      vertex 307.817 230 49.7295
      vertex 306.755 270 50.0139
      vertex 306.755 230 50.0139
    endloop
  endfacet
  facet normal 0.707152 -0 0.707061
    outer loop
      vertex 302.197 230 52.9741
      vertex 302.974 270 52.197
      vertex 302.197 270 52.9741
    endloop
  endfacet
  facet normal 0.707152 0 0.707061
    outer loop
      vertex 302.974 270 52.197
      vertex 302.197 230 52.9741
      vertex 302.974 230 52.197
    endloop
  endfacet
  facet normal -0.258766 0 -0.96594
    outer loop
      vertex 312.183 230 70.2706
      vertex 313.245 270 69.9861
      vertex 313.245 230 69.9861
    endloop
  endfacet
  facet normal -0.258766 0 -0.96594
    outer loop
      vertex 313.245 270 69.9861
      vertex 312.183 230 70.2706
      vertex 312.183 270 70.2706
    endloop
  endfacet
  facet normal 0.15657 0 0.987667
    outer loop
      vertex 307.817 270 49.7295
      vertex 308.902 230 49.5575
      vertex 308.902 270 49.5575
    endloop
  endfacet
  facet normal 0.15657 0 0.987667
    outer loop
      vertex 308.902 230 49.5575
      vertex 307.817 270 49.7295
      vertex 307.817 230 49.7295
    endloop
  endfacet
  facet normal -0.838903 0 0.544281
    outer loop
      vertex 318.495 230 53.8283
      vertex 319.093 270 54.75
      vertex 318.495 270 53.8283
    endloop
  endfacet
  facet normal -0.838903 0 0.544281
    outer loop
      vertex 319.093 270 54.75
      vertex 318.495 230 53.8283
      vertex 319.093 230 54.75
    endloop
  endfacet
  facet normal -0.933533 0 -0.358491
    outer loop
      vertex 319.986 230 63.2447
      vertex 319.592 270 64.2707
      vertex 319.986 270 63.2447
    endloop
  endfacet
  facet normal -0.933533 -0 -0.358491
    outer loop
      vertex 319.592 270 64.2707
      vertex 319.986 230 63.2447
      vertex 319.592 230 64.2707
    endloop
  endfacet
  facet normal 0.358412 0 -0.933564
    outer loop
      vertex 305.729 230 69.5922
      vertex 306.755 270 69.9861
      vertex 306.755 230 69.9861
    endloop
  endfacet
  facet normal 0.358412 0 -0.933564
    outer loop
      vertex 306.755 270 69.9861
      vertex 305.729 230 69.5922
      vertex 305.729 270 69.5922
    endloop
  endfacet
  facet normal 0.838903 -0 0.544281
    outer loop
      vertex 300.907 230 54.75
      vertex 301.505 270 53.8283
      vertex 300.907 270 54.75
    endloop
  endfacet
  facet normal 0.838903 0 0.544281
    outer loop
      vertex 301.505 270 53.8283
      vertex 300.907 230 54.75
      vertex 301.505 230 53.8283
    endloop
  endfacet
  facet normal 0.890999 -0 0.454006
    outer loop
      vertex 300.408 230 55.7293
      vertex 300.907 270 54.75
      vertex 300.408 270 55.7293
    endloop
  endfacet
  facet normal 0.890999 0 0.454006
    outer loop
      vertex 300.907 270 54.75
      vertex 300.408 230 55.7293
      vertex 300.907 230 54.75
    endloop
  endfacet
  facet normal -0.965802 0 0.259282
    outer loop
      vertex 319.986 230 56.7553
      vertex 320.271 270 57.8169
      vertex 319.986 270 56.7553
    endloop
  endfacet
  facet normal -0.965802 0 0.259282
    outer loop
      vertex 320.271 270 57.8169
      vertex 319.986 230 56.7553
      vertex 320.271 230 57.8169
    endloop
  endfacet
  facet normal -0.15657 0 0.987667
    outer loop
      vertex 311.098 270 49.5575
      vertex 312.183 230 49.7295
      vertex 312.183 270 49.7295
    endloop
  endfacet
  facet normal -0.15657 0 0.987667
    outer loop
      vertex 312.183 230 49.7295
      vertex 311.098 270 49.5575
      vertex 311.098 230 49.5575
    endloop
  endfacet
  facet normal -0.98782 0 0.155598
    outer loop
      vertex 320.271 230 57.8169
      vertex 320.442 270 58.9025
      vertex 320.271 270 57.8169
    endloop
  endfacet
  facet normal -0.98782 0 0.155598
    outer loop
      vertex 320.442 270 58.9025
      vertex 320.271 230 57.8169
      vertex 320.442 230 58.9025
    endloop
  endfacet
  facet normal -0.77702 0 0.629476
    outer loop
      vertex 317.803 230 52.9741
      vertex 318.495 270 53.8283
      vertex 317.803 270 52.9741
    endloop
  endfacet
  facet normal -0.77702 0 0.629476
    outer loop
      vertex 318.495 270 53.8283
      vertex 317.803 230 52.9741
      vertex 318.495 230 53.8283
    endloop
  endfacet
  facet normal -0.98782 0 -0.155598
    outer loop
      vertex 320.442 230 61.0975
      vertex 320.271 270 62.1831
      vertex 320.442 270 61.0975
    endloop
  endfacet
  facet normal -0.98782 -0 -0.155598
    outer loop
      vertex 320.271 270 62.1831
      vertex 320.442 230 61.0975
      vertex 320.271 230 62.1831
    endloop
  endfacet
  facet normal -0.454044 0 0.890979
    outer loop
      vertex 314.271 270 50.4078
      vertex 315.25 230 50.9067
      vertex 315.25 270 50.9067
    endloop
  endfacet
  facet normal -0.454044 0 0.890979
    outer loop
      vertex 315.25 230 50.9067
      vertex 314.271 270 50.4078
      vertex 314.271 230 50.4078
    endloop
  endfacet
  facet normal 0.258766 0 -0.96594
    outer loop
      vertex 306.755 230 69.9861
      vertex 307.817 270 70.2706
      vertex 307.817 230 70.2706
    endloop
  endfacet
  facet normal 0.258766 0 -0.96594
    outer loop
      vertex 307.817 270 70.2706
      vertex 306.755 230 69.9861
      vertex 306.755 270 69.9861
    endloop
  endfacet
  facet normal 0.156481 0 -0.987681
    outer loop
      vertex 307.817 230 70.2706
      vertex 308.902 270 70.4425
      vertex 308.902 230 70.4425
    endloop
  endfacet
  facet normal 0.156481 0 -0.987681
    outer loop
      vertex 308.902 270 70.4425
      vertex 307.817 230 70.2706
      vertex 307.817 270 70.2706
    endloop
  endfacet
  facet normal -0.890999 0 0.454006
    outer loop
      vertex 319.093 230 54.75
      vertex 319.592 270 55.7293
      vertex 319.093 270 54.75
    endloop
  endfacet
  facet normal -0.890999 0 0.454006
    outer loop
      vertex 319.592 270 55.7293
      vertex 319.093 230 54.75
      vertex 319.592 230 55.7293
    endloop
  endfacet
  facet normal 0.77702 -0 0.629476
    outer loop
      vertex 301.505 230 53.8283
      vertex 302.197 270 52.9741
      vertex 301.505 270 53.8283
    endloop
  endfacet
  facet normal 0.77702 0 0.629476
    outer loop
      vertex 302.197 270 52.9741
      vertex 301.505 230 53.8283
      vertex 302.197 230 52.9741
    endloop
  endfacet
  facet normal -0.358412 0 0.933564
    outer loop
      vertex 313.245 270 50.0139
      vertex 314.271 230 50.4078
      vertex 314.271 270 50.4078
    endloop
  endfacet
  facet normal -0.358412 0 0.933564
    outer loop
      vertex 314.271 230 50.4078
      vertex 313.245 270 50.0139
      vertex 313.245 230 50.0139
    endloop
  endfacet
  facet normal 0.890999 0 -0.454006
    outer loop
      vertex 300.907 230 65.25
      vertex 300.408 270 64.2707
      vertex 300.907 270 65.25
    endloop
  endfacet
  facet normal 0.890999 0 -0.454006
    outer loop
      vertex 300.408 270 64.2707
      vertex 300.907 230 65.25
      vertex 300.408 230 64.2707
    endloop
  endfacet
  facet normal -0.6294 0 0.777082
    outer loop
      vertex 316.172 270 51.5053
      vertex 317.026 230 52.197
      vertex 317.026 270 52.197
    endloop
  endfacet
  facet normal -0.6294 0 0.777082
    outer loop
      vertex 317.026 230 52.197
      vertex 316.172 270 51.5053
      vertex 316.172 230 51.5053
    endloop
  endfacet
  facet normal -0.544541 0 0.838734
    outer loop
      vertex 315.25 270 50.9067
      vertex 316.172 230 51.5053
      vertex 316.172 270 51.5053
    endloop
  endfacet
  facet normal -0.544541 0 0.838734
    outer loop
      vertex 316.172 230 51.5053
      vertex 315.25 270 50.9067
      vertex 315.25 230 50.9067
    endloop
  endfacet
  facet normal 0.933533 0 -0.358491
    outer loop
      vertex 300.408 230 64.2707
      vertex 300.014 270 63.2447
      vertex 300.408 270 64.2707
    endloop
  endfacet
  facet normal 0.933533 0 -0.358491
    outer loop
      vertex 300.014 270 63.2447
      vertex 300.408 230 64.2707
      vertex 300.014 230 63.2447
    endloop
  endfacet
  facet normal 0.933533 -0 0.358491
    outer loop
      vertex 300.014 230 56.7553
      vertex 300.408 270 55.7293
      vertex 300.014 270 56.7553
    endloop
  endfacet
  facet normal 0.933533 0 0.358491
    outer loop
      vertex 300.408 270 55.7293
      vertex 300.014 230 56.7553
      vertex 300.408 230 55.7293
    endloop
  endfacet
  facet normal -0.707152 0 -0.707061
    outer loop
      vertex 317.803 230 67.0259
      vertex 317.026 270 67.803
      vertex 317.803 270 67.0259
    endloop
  endfacet
  facet normal -0.707152 -0 -0.707061
    outer loop
      vertex 317.026 270 67.803
      vertex 317.803 230 67.0259
      vertex 317.026 230 67.803
    endloop
  endfacet
  facet normal -0.965802 0 -0.259282
    outer loop
      vertex 320.271 230 62.1831
      vertex 319.986 270 63.2447
      vertex 320.271 270 62.1831
    endloop
  endfacet
  facet normal -0.965802 -0 -0.259282
    outer loop
      vertex 319.986 270 63.2447
      vertex 320.271 230 62.1831
      vertex 319.986 230 63.2447
    endloop
  endfacet
  facet normal -0.838903 0 -0.544281
    outer loop
      vertex 319.093 230 65.25
      vertex 318.495 270 66.1717
      vertex 319.093 270 65.25
    endloop
  endfacet
  facet normal -0.838903 -0 -0.544281
    outer loop
      vertex 318.495 270 66.1717
      vertex 319.093 230 65.25
      vertex 318.495 230 66.1717
    endloop
  endfacet
  facet normal -0.890999 0 -0.454006
    outer loop
      vertex 319.592 230 64.2707
      vertex 319.093 270 65.25
      vertex 319.592 270 64.2707
    endloop
  endfacet
  facet normal -0.890999 -0 -0.454006
    outer loop
      vertex 319.093 270 65.25
      vertex 319.592 230 64.2707
      vertex 319.093 230 65.25
    endloop
  endfacet
  facet normal 0.454044 0 -0.890979
    outer loop
      vertex 304.75 230 69.0933
      vertex 305.729 270 69.5922
      vertex 305.729 230 69.5922
    endloop
  endfacet
  facet normal 0.454044 0 -0.890979
    outer loop
      vertex 305.729 270 69.5922
      vertex 304.75 230 69.0933
      vertex 304.75 270 69.0933
    endloop
  endfacet
  facet normal 0.544541 0 0.838734
    outer loop
      vertex 303.828 270 51.5053
      vertex 304.75 230 50.9067
      vertex 304.75 270 50.9067
    endloop
  endfacet
  facet normal 0.544541 0 0.838734
    outer loop
      vertex 304.75 230 50.9067
      vertex 303.828 270 51.5053
      vertex 303.828 230 51.5053
    endloop
  endfacet
  facet normal -0.933533 0 0.358491
    outer loop
      vertex 319.592 230 55.7293
      vertex 319.986 270 56.7553
      vertex 319.592 270 55.7293
    endloop
  endfacet
  facet normal -0.933533 0 0.358491
    outer loop
      vertex 319.986 270 56.7553
      vertex 319.592 230 55.7293
      vertex 319.986 230 56.7553
    endloop
  endfacet
  facet normal 0.965802 0 -0.259282
    outer loop
      vertex 300.014 230 63.2447
      vertex 299.729 270 62.1831
      vertex 300.014 270 63.2447
    endloop
  endfacet
  facet normal 0.965802 0 -0.259282
    outer loop
      vertex 299.729 270 62.1831
      vertex 300.014 230 63.2447
      vertex 299.729 230 62.1831
    endloop
  endfacet
  facet normal 0.6294 0 0.777082
    outer loop
      vertex 302.974 270 52.197
      vertex 303.828 230 51.5053
      vertex 303.828 270 51.5053
    endloop
  endfacet
  facet normal 0.6294 0 0.777082
    outer loop
      vertex 303.828 230 51.5053
      vertex 302.974 270 52.197
      vertex 302.974 230 52.197
    endloop
  endfacet
  facet normal 0.998606 0 -0.0527737
    outer loop
      vertex 299.558 230 61.0975
      vertex 299.5 270 60
      vertex 299.558 270 61.0975
    endloop
  endfacet
  facet normal 0.998606 0 -0.0527737
    outer loop
      vertex 299.5 270 60
      vertex 299.558 230 61.0975
      vertex 299.5 230 60
    endloop
  endfacet
  facet normal 0.0522963 0 -0.998632
    outer loop
      vertex 308.902 230 70.4425
      vertex 310 270 70.5
      vertex 310 230 70.5
    endloop
  endfacet
  facet normal 0.0522963 0 -0.998632
    outer loop
      vertex 310 270 70.5
      vertex 308.902 230 70.4425
      vertex 308.902 270 70.4425
    endloop
  endfacet
  facet normal 0.358412 0 0.933564
    outer loop
      vertex 305.729 270 50.4078
      vertex 306.755 230 50.0139
      vertex 306.755 270 50.0139
    endloop
  endfacet
  facet normal 0.358412 0 0.933564
    outer loop
      vertex 306.755 230 50.0139
      vertex 305.729 270 50.4078
      vertex 305.729 230 50.4078
    endloop
  endfacet
  facet normal 0.77702 0 -0.629476
    outer loop
      vertex 302.197 230 67.0259
      vertex 301.505 270 66.1717
      vertex 302.197 270 67.0259
    endloop
  endfacet
  facet normal 0.77702 0 -0.629476
    outer loop
      vertex 301.505 270 66.1717
      vertex 302.197 230 67.0259
      vertex 301.505 230 66.1717
    endloop
  endfacet
  facet normal 0.838903 0 -0.544281
    outer loop
      vertex 301.505 230 66.1717
      vertex 300.907 270 65.25
      vertex 301.505 270 66.1717
    endloop
  endfacet
  facet normal 0.838903 0 -0.544281
    outer loop
      vertex 300.907 270 65.25
      vertex 301.505 230 66.1717
      vertex 300.907 230 65.25
    endloop
  endfacet
  facet normal -0.156481 0 -0.987681
    outer loop
      vertex 311.098 230 70.4425
      vertex 312.183 270 70.2706
      vertex 312.183 230 70.2706
    endloop
  endfacet
  facet normal -0.156481 0 -0.987681
    outer loop
      vertex 312.183 270 70.2706
      vertex 311.098 230 70.4425
      vertex 311.098 270 70.4425
    endloop
  endfacet
  facet normal 0.6294 0 -0.777082
    outer loop
      vertex 302.974 230 67.803
      vertex 303.828 270 68.4947
      vertex 303.828 230 68.4947
    endloop
  endfacet
  facet normal 0.6294 0 -0.777082
    outer loop
      vertex 303.828 270 68.4947
      vertex 302.974 230 67.803
      vertex 302.974 270 67.803
    endloop
  endfacet
  facet normal -0.707152 0 0.707061
    outer loop
      vertex 317.026 230 52.197
      vertex 317.803 270 52.9741
      vertex 317.026 270 52.197
    endloop
  endfacet
  facet normal -0.707152 0 0.707061
    outer loop
      vertex 317.803 270 52.9741
      vertex 317.026 230 52.197
      vertex 317.803 230 52.9741
    endloop
  endfacet
  facet normal 0.98782 0 -0.155598
    outer loop
      vertex 299.729 230 62.1831
      vertex 299.558 270 61.0975
      vertex 299.729 270 62.1831
    endloop
  endfacet
  facet normal 0.98782 0 -0.155598
    outer loop
      vertex 299.558 270 61.0975
      vertex 299.729 230 62.1831
      vertex 299.558 230 61.0975
    endloop
  endfacet
  facet normal 0.707152 0 -0.707061
    outer loop
      vertex 302.974 230 67.803
      vertex 302.197 270 67.0259
      vertex 302.974 270 67.803
    endloop
  endfacet
  facet normal 0.707152 0 -0.707061
    outer loop
      vertex 302.197 270 67.0259
      vertex 302.974 230 67.803
      vertex 302.197 230 67.0259
    endloop
  endfacet
  facet normal -0.0522963 0 0.998632
    outer loop
      vertex 310 270 49.5
      vertex 311.098 230 49.5575
      vertex 311.098 270 49.5575
    endloop
  endfacet
  facet normal -0.0522963 0 0.998632
    outer loop
      vertex 311.098 230 49.5575
      vertex 310 270 49.5
      vertex 310 230 49.5
    endloop
  endfacet
  facet normal -0.998606 0 -0.0527737
    outer loop
      vertex 320.5 230 60
      vertex 320.442 270 61.0975
      vertex 320.5 270 60
    endloop
  endfacet
  facet normal -0.998606 -0 -0.0527737
    outer loop
      vertex 320.442 270 61.0975
      vertex 320.5 230 60
      vertex 320.442 230 61.0975
    endloop
  endfacet
  facet normal -0.0522963 0 -0.998632
    outer loop
      vertex 310 230 70.5
      vertex 311.098 270 70.4425
      vertex 311.098 230 70.4425
    endloop
  endfacet
  facet normal -0.0522963 0 -0.998632
    outer loop
      vertex 311.098 270 70.4425
      vertex 310 230 70.5
      vertex 310 270 70.5
    endloop
  endfacet
  facet normal -0.77702 0 -0.629476
    outer loop
      vertex 318.495 230 66.1717
      vertex 317.803 270 67.0259
      vertex 318.495 270 66.1717
    endloop
  endfacet
  facet normal -0.77702 -0 -0.629476
    outer loop
      vertex 317.803 270 67.0259
      vertex 318.495 230 66.1717
      vertex 317.803 230 67.0259
    endloop
  endfacet
  facet normal -0.454044 0 -0.890979
    outer loop
      vertex 314.271 230 69.5922
      vertex 315.25 270 69.0933
      vertex 315.25 230 69.0933
    endloop
  endfacet
  facet normal -0.454044 0 -0.890979
    outer loop
      vertex 315.25 270 69.0933
      vertex 314.271 230 69.5922
      vertex 314.271 270 69.5922
    endloop
  endfacet
  facet normal -0.6294 0 -0.777082
    outer loop
      vertex 316.172 230 68.4947
      vertex 317.026 270 67.803
      vertex 317.026 230 67.803
    endloop
  endfacet
  facet normal -0.6294 0 -0.777082
    outer loop
      vertex 317.026 270 67.803
      vertex 316.172 230 68.4947
      vertex 316.172 270 68.4947
    endloop
  endfacet
  facet normal -0.544541 0 -0.838734
    outer loop
      vertex 315.25 230 69.0933
      vertex 316.172 270 68.4947
      vertex 316.172 230 68.4947
    endloop
  endfacet
  facet normal -0.544541 0 -0.838734
    outer loop
      vertex 316.172 270 68.4947
      vertex 315.25 230 69.0933
      vertex 315.25 270 69.0933
    endloop
  endfacet
  facet normal 0.0522963 0 0.998632
    outer loop
      vertex 308.902 270 49.5575
      vertex 310 230 49.5
      vertex 310 270 49.5
    endloop
  endfacet
  facet normal 0.0522963 0 0.998632
    outer loop
      vertex 310 230 49.5
      vertex 308.902 270 49.5575
      vertex 308.902 230 49.5575
    endloop
  endfacet
  facet normal -0.358412 0 -0.933564
    outer loop
      vertex 313.245 230 69.9861
      vertex 314.271 270 69.5922
      vertex 314.271 230 69.5922
    endloop
  endfacet
  facet normal -0.358412 0 -0.933564
    outer loop
      vertex 314.271 270 69.5922
      vertex 313.245 230 69.9861
      vertex 313.245 270 69.9861
    endloop
  endfacet
  facet normal -0.998606 0 0.0527737
    outer loop
      vertex 320.442 230 58.9025
      vertex 320.5 270 60
      vertex 320.442 270 58.9025
    endloop
  endfacet
  facet normal -0.998606 0 0.0527737
    outer loop
      vertex 320.5 270 60
      vertex 320.442 230 58.9025
      vertex 320.5 230 60
    endloop
  endfacet
  facet normal 0.743092 0 -0.669189
    outer loop
      vertex 318.09 -280 54.1221
      vertex 316.691 280 52.5686
      vertex 318.09 280 54.1221
    endloop
  endfacet
  facet normal 0.743092 0 -0.669189
    outer loop
      vertex 316.691 280 52.5686
      vertex 318.09 -280 54.1221
      vertex 316.691 -280 52.5686
    endloop
  endfacet
  facet normal -0.587789 0 -0.809014
    outer loop
      vertex 305 -280 51.3397
      vertex 303.403 0 52.5
      vertex 305 280 51.3397
    endloop
  endfacet
  facet normal -0.587884 -0 -0.808945
    outer loop
      vertex 303.309 -0.520674 52.5686
      vertex 305 -280 51.3397
      vertex 303.309 -280 52.5686
    endloop
  endfacet
  facet normal -0.589447 -1.44594e-05 -0.807807
    outer loop
      vertex 305 -280 51.3397
      vertex 303.309 -0.520674 52.5686
      vertex 303.403 0 52.5
    endloop
  endfacet
  facet normal -0.589447 1.44594e-05 -0.807807
    outer loop
      vertex 303.309 0.520674 52.5686
      vertex 305 280 51.3397
      vertex 303.403 0 52.5
    endloop
  endfacet
  facet normal -0.587884 0 -0.808945
    outer loop
      vertex 305 280 51.3397
      vertex 303.309 0.520674 52.5686
      vertex 303.309 280 52.5686
    endloop
  endfacet
  facet normal -0.951062 0 0.309001
    outer loop
      vertex 300.219 7.18728 62.0791
      vertex 300.865 280 64.0674
      vertex 300.219 280 62.0791
    endloop
  endfacet
  facet normal -0.951208 3.62576e-06 0.308551
    outer loop
      vertex 300.761 6.49518 63.75
      vertex 300.865 280 64.0674
      vertex 300.219 7.18728 62.0791
    endloop
  endfacet
  facet normal -0.950288 0 0.311373
    outer loop
      vertex 300.865 280 64.0674
      vertex 300.761 6.49518 63.75
      vertex 300.865 6.25166 64.0674
    endloop
  endfacet
  facet normal -0.951062 0 0.309001
    outer loop
      vertex 300.865 -280 64.0674
      vertex 300.219 -7.18728 62.0791
      vertex 300.219 -280 62.0791
    endloop
  endfacet
  facet normal -0.951208 -3.62576e-06 0.308551
    outer loop
      vertex 300.219 -7.18728 62.0791
      vertex 300.865 -280 64.0674
      vertex 300.761 -6.49518 63.75
    endloop
  endfacet
  facet normal -0.950288 0 0.311373
    outer loop
      vertex 300.761 -6.49518 63.75
      vertex 300.865 -280 64.0674
      vertex 300.865 -6.25166 64.0674
    endloop
  endfacet
  facet normal -0.951089 -0.000162679 0.308918
    outer loop
      vertex 300.219 6.1049 62.0791
      vertex 300.865 4.99119 64.0674
      vertex 300.598 5.6217 63.2457
    endloop
  endfacet
  facet normal -0.951062 0 0.309001
    outer loop
      vertex 300.219 6.1049 62.0791
      vertex 300.865 -4.99119 64.0674
      vertex 300.865 4.99119 64.0674
    endloop
  endfacet
  facet normal -0.951062 0 0.309001
    outer loop
      vertex 300.219 -6.1049 62.0791
      vertex 300.865 -4.99119 64.0674
      vertex 300.219 6.1049 62.0791
    endloop
  endfacet
  facet normal -0.951089 0.000162679 0.308918
    outer loop
      vertex 300.865 -4.99119 64.0674
      vertex 300.219 -6.1049 62.0791
      vertex 300.598 -5.6217 63.2457
    endloop
  endfacet
  facet normal -0.994498 0 0.104755
    outer loop
      vertex 300 7.5 60
      vertex 300.219 280 62.0791
      vertex 300 280 60
    endloop
  endfacet
  facet normal -0.994523 1.81162e-06 0.10452
    outer loop
      vertex 300.204 7.24443 61.9411
      vertex 300.219 280 62.0791
      vertex 300 7.5 60
    endloop
  endfacet
  facet normal -0.994144 0 0.108059
    outer loop
      vertex 300.219 280 62.0791
      vertex 300.204 7.24443 61.9411
      vertex 300.219 7.18728 62.0791
    endloop
  endfacet
  facet normal -0.994498 0 0.104755
    outer loop
      vertex 300.219 -280 62.0791
      vertex 300 -7.5 60
      vertex 300 -280 60
    endloop
  endfacet
  facet normal -0.994523 -1.81162e-06 0.10452
    outer loop
      vertex 300 -7.5 60
      vertex 300.219 -280 62.0791
      vertex 300.204 -7.24443 61.9411
    endloop
  endfacet
  facet normal -0.994144 0 0.108059
    outer loop
      vertex 300.204 -7.24443 61.9411
      vertex 300.219 -280 62.0791
      vertex 300.219 -7.18728 62.0791
    endloop
  endfacet
  facet normal -0.994492 0.000308732 0.104811
    outer loop
      vertex 300 6.49138 60
      vertex 300.219 6.1049 62.0791
      vertex 300.177 6.27017 61.6801
    endloop
  endfacet
  facet normal -0.994498 0 0.104755
    outer loop
      vertex 300 6.49138 60
      vertex 300.219 -6.1049 62.0791
      vertex 300.219 6.1049 62.0791
    endloop
  endfacet
  facet normal -0.994498 0 0.104755
    outer loop
      vertex 300 -6.49138 60
      vertex 300.219 -6.1049 62.0791
      vertex 300 6.49138 60
    endloop
  endfacet
  facet normal -0.994492 -0.000308732 0.104811
    outer loop
      vertex 300.219 -6.1049 62.0791
      vertex 300 -6.49138 60
      vertex 300.177 -6.27017 61.6801
    endloop
  endfacet
  facet normal -0.950288 0 -0.311373
    outer loop
      vertex 300.865 -280 55.9326
      vertex 300.761 -6.49518 56.25
      vertex 300.865 -6.25166 55.9326
    endloop
  endfacet
  facet normal -0.951208 -3.62576e-06 -0.308551
    outer loop
      vertex 300.865 -280 55.9326
      vertex 300.219 -7.18728 57.9209
      vertex 300.761 -6.49518 56.25
    endloop
  endfacet
  facet normal -0.951062 -0 -0.309001
    outer loop
      vertex 300.219 -7.18728 57.9209
      vertex 300.865 -280 55.9326
      vertex 300.219 -280 57.9209
    endloop
  endfacet
  facet normal -0.951062 0 -0.309001
    outer loop
      vertex 300.865 280 55.9326
      vertex 300.219 7.18728 57.9209
      vertex 300.219 280 57.9209
    endloop
  endfacet
  facet normal -0.951208 3.62576e-06 -0.308551
    outer loop
      vertex 300.865 280 55.9326
      vertex 300.761 6.49518 56.25
      vertex 300.219 7.18728 57.9209
    endloop
  endfacet
  facet normal -0.950288 0 -0.311373
    outer loop
      vertex 300.761 6.49518 56.25
      vertex 300.865 280 55.9326
      vertex 300.865 6.25166 55.9326
    endloop
  endfacet
  facet normal -0.951089 -0.000162679 -0.308918
    outer loop
      vertex 300.865 4.99119 55.9326
      vertex 300.219 6.1049 57.9209
      vertex 300.598 5.6217 56.7543
    endloop
  endfacet
  facet normal -0.951062 0 -0.309001
    outer loop
      vertex 300.865 -4.99119 55.9326
      vertex 300.219 6.1049 57.9209
      vertex 300.865 4.99119 55.9326
    endloop
  endfacet
  facet normal -0.951089 0.000162679 -0.308918
    outer loop
      vertex 300.219 -6.1049 57.9209
      vertex 300.865 -4.99119 55.9326
      vertex 300.598 -5.6217 56.7543
    endloop
  endfacet
  facet normal -0.951062 0 -0.309001
    outer loop
      vertex 300.865 -4.99119 55.9326
      vertex 300.219 -6.1049 57.9209
      vertex 300.219 6.1049 57.9209
    endloop
  endfacet
  facet normal -0.743092 0 0.669189
    outer loop
      vertex 301.91 4.55452 65.8779
      vertex 303.309 280 67.4314
      vertex 301.91 280 65.8779
    endloop
  endfacet
  facet normal -0.743037 -6.21647e-07 0.66925
    outer loop
      vertex 302.466 3.75 66.4952
      vertex 303.309 280 67.4314
      vertex 301.91 4.55452 65.8779
    endloop
  endfacet
  facet normal -0.74343 2.05507e-06 0.668814
    outer loop
      vertex 303.14 1.94113 67.2444
      vertex 303.309 280 67.4314
      vertex 302.466 3.75 66.4952
    endloop
  endfacet
  facet normal -0.741912 0 0.670498
    outer loop
      vertex 303.309 280 67.4314
      vertex 303.14 1.94113 67.2444
      vertex 303.309 0.520674 67.4314
    endloop
  endfacet
  facet normal -0.743092 0 0.669189
    outer loop
      vertex 303.309 -280 67.4314
      vertex 301.91 -4.55452 65.8779
      vertex 301.91 -280 65.8779
    endloop
  endfacet
  facet normal -0.743037 6.21647e-07 0.66925
    outer loop
      vertex 301.91 -4.55452 65.8779
      vertex 303.309 -280 67.4314
      vertex 302.466 -3.75 66.4952
    endloop
  endfacet
  facet normal -0.74343 -2.05507e-06 0.668814
    outer loop
      vertex 302.466 -3.75 66.4952
      vertex 303.309 -280 67.4314
      vertex 303.14 -1.94113 67.2444
    endloop
  endfacet
  facet normal -0.741912 0 0.670498
    outer loop
      vertex 303.14 -1.94113 67.2444
      vertex 303.309 -280 67.4314
      vertex 303.309 -0.520674 67.4314
    endloop
  endfacet
  facet normal -0.743329 2.62881e-05 0.668927
    outer loop
      vertex 301.91 2.62726 65.8779
      vertex 302.462 0 66.4914
      vertex 302.263 1.6801 66.2702
    endloop
  endfacet
  facet normal -0.743385 0 0.668864
    outer loop
      vertex 301.91 -2.62726 65.8779
      vertex 302.462 0 66.4914
      vertex 301.91 2.62726 65.8779
    endloop
  endfacet
  facet normal -0.743329 -2.62881e-05 0.668927
    outer loop
      vertex 302.462 0 66.4914
      vertex 301.91 -2.62726 65.8779
      vertex 302.263 -1.6801 66.2702
    endloop
  endfacet
  facet normal -0.743092 0 -0.669189
    outer loop
      vertex 303.309 280 52.5686
      vertex 301.91 4.55452 54.1221
      vertex 301.91 280 54.1221
    endloop
  endfacet
  facet normal -0.743037 -6.21647e-07 -0.66925
    outer loop
      vertex 303.309 280 52.5686
      vertex 302.466 3.75 53.5048
      vertex 301.91 4.55452 54.1221
    endloop
  endfacet
  facet normal -0.74343 2.05507e-06 -0.668814
    outer loop
      vertex 303.309 280 52.5686
      vertex 303.14 1.94113 52.7556
      vertex 302.466 3.75 53.5048
    endloop
  endfacet
  facet normal -0.741912 0 -0.670498
    outer loop
      vertex 303.14 1.94113 52.7556
      vertex 303.309 280 52.5686
      vertex 303.309 0.520674 52.5686
    endloop
  endfacet
  facet normal -0.741912 0 -0.670498
    outer loop
      vertex 303.309 -280 52.5686
      vertex 303.14 -1.94113 52.7556
      vertex 303.309 -0.520674 52.5686
    endloop
  endfacet
  facet normal -0.74343 -2.05507e-06 -0.668814
    outer loop
      vertex 303.309 -280 52.5686
      vertex 302.466 -3.75 53.5048
      vertex 303.14 -1.94113 52.7556
    endloop
  endfacet
  facet normal -0.743037 6.21647e-07 -0.66925
    outer loop
      vertex 303.309 -280 52.5686
      vertex 301.91 -4.55452 54.1221
      vertex 302.466 -3.75 53.5048
    endloop
  endfacet
  facet normal -0.743092 -0 -0.669189
    outer loop
      vertex 301.91 -4.55452 54.1221
      vertex 303.309 -280 52.5686
      vertex 301.91 -280 54.1221
    endloop
  endfacet
  facet normal -0.743329 2.62881e-05 -0.668927
    outer loop
      vertex 302.462 0 53.5086
      vertex 301.91 2.62726 54.1221
      vertex 302.263 1.6801 53.7298
    endloop
  endfacet
  facet normal -0.743329 -2.62881e-05 -0.668927
    outer loop
      vertex 301.91 -2.62726 54.1221
      vertex 302.462 0 53.5086
      vertex 302.263 -1.6801 53.7298
    endloop
  endfacet
  facet normal -0.743385 0 -0.668864
    outer loop
      vertex 302.462 0 53.5086
      vertex 301.91 -2.62726 54.1221
      vertex 301.91 2.62726 54.1221
    endloop
  endfacet
  facet normal 0.587884 0 -0.808945
    outer loop
      vertex 315 -280 51.3397
      vertex 316.691 280 52.5686
      vertex 316.691 -280 52.5686
    endloop
  endfacet
  facet normal 0.587884 0 -0.808945
    outer loop
      vertex 316.691 280 52.5686
      vertex 315 -280 51.3397
      vertex 315 280 51.3397
    endloop
  endfacet
  facet normal 0.406702 0 -0.913561
    outer loop
      vertex 313.09 -280 50.4894
      vertex 315 280 51.3397
      vertex 315 -280 51.3397
    endloop
  endfacet
  facet normal 0.406702 0 -0.913561
    outer loop
      vertex 315 280 51.3397
      vertex 313.09 -280 50.4894
      vertex 313.09 280 50.4894
    endloop
  endfacet
  facet normal -0.866086 0 0.499895
    outer loop
      vertex 300.865 6.25166 64.0674
      vertex 301.91 280 65.8779
      vertex 300.865 280 64.0674
    endloop
  endfacet
  facet normal -0.866191 1.60225e-06 0.499713
    outer loop
      vertex 301.578 5.3033 65.3033
      vertex 301.91 280 65.8779
      vertex 300.865 6.25166 64.0674
    endloop
  endfacet
  facet normal -0.865859 0 0.500288
    outer loop
      vertex 301.91 280 65.8779
      vertex 301.578 5.3033 65.3033
      vertex 301.91 4.55452 65.8779
    endloop
  endfacet
  facet normal -0.866086 0 0.499895
    outer loop
      vertex 301.91 -280 65.8779
      vertex 300.865 -6.25166 64.0674
      vertex 300.865 -280 64.0674
    endloop
  endfacet
  facet normal -0.866191 -1.60225e-06 0.499713
    outer loop
      vertex 300.865 -6.25166 64.0674
      vertex 301.91 -280 65.8779
      vertex 301.578 -5.3033 65.3033
    endloop
  endfacet
  facet normal -0.865859 0 0.500288
    outer loop
      vertex 301.578 -5.3033 65.3033
      vertex 301.91 -280 65.8779
      vertex 301.91 -4.55452 65.8779
    endloop
  endfacet
  facet normal -0.867594 -0.00305538 0.497265
    outer loop
      vertex 300.865 4.99119 64.0674
      vertex 301.762 3.24567 65.6217
      vertex 301.166 4.59009 64.5901
    endloop
  endfacet
  facet normal -0.8663 -0.000379223 0.499524
    outer loop
      vertex 300.865 4.99119 64.0674
      vertex 301.91 2.62726 65.8779
      vertex 301.762 3.24567 65.6217
    endloop
  endfacet
  facet normal -0.866086 0 0.499895
    outer loop
      vertex 300.865 4.99119 64.0674
      vertex 301.91 -2.62726 65.8779
      vertex 301.91 2.62726 65.8779
    endloop
  endfacet
  facet normal -0.866086 0 0.499895
    outer loop
      vertex 300.865 -4.99119 64.0674
      vertex 301.91 -2.62726 65.8779
      vertex 300.865 4.99119 64.0674
    endloop
  endfacet
  facet normal -0.8663 0.000379223 0.499524
    outer loop
      vertex 301.91 -2.62726 65.8779
      vertex 300.865 -4.99119 64.0674
      vertex 301.762 -3.24567 65.6217
    endloop
  endfacet
  facet normal -0.867594 0.00305538 0.497265
    outer loop
      vertex 301.762 -3.24567 65.6217
      vertex 300.865 -4.99119 64.0674
      vertex 301.166 -4.59009 64.5901
    endloop
  endfacet
  facet normal 0.743092 -0 0.669189
    outer loop
      vertex 316.691 -280 67.4314
      vertex 318.09 280 65.8779
      vertex 316.691 280 67.4314
    endloop
  endfacet
  facet normal 0.743092 0 0.669189
    outer loop
      vertex 318.09 280 65.8779
      vertex 316.691 -280 67.4314
      vertex 318.09 -280 65.8779
    endloop
  endfacet
  facet normal -0.406702 0 -0.913561
    outer loop
      vertex 305 -280 51.3397
      vertex 306.91 280 50.4894
      vertex 306.91 -280 50.4894
    endloop
  endfacet
  facet normal -0.406702 0 -0.913561
    outer loop
      vertex 306.91 280 50.4894
      vertex 305 -280 51.3397
      vertex 305 280 51.3397
    endloop
  endfacet
  facet normal 0.207876 0 -0.978155
    outer loop
      vertex 311.045 -280 50.0548
      vertex 313.09 280 50.4894
      vertex 313.09 -280 50.4894
    endloop
  endfacet
  facet normal 0.207876 0 -0.978155
    outer loop
      vertex 313.09 280 50.4894
      vertex 311.045 -280 50.0548
      vertex 311.045 280 50.0548
    endloop
  endfacet
  facet normal -0.865859 0 -0.500288
    outer loop
      vertex 301.91 -280 54.1221
      vertex 301.578 -5.3033 54.6967
      vertex 301.91 -4.55452 54.1221
    endloop
  endfacet
  facet normal -0.866191 -1.60225e-06 -0.499713
    outer loop
      vertex 301.91 -280 54.1221
      vertex 300.865 -6.25166 55.9326
      vertex 301.578 -5.3033 54.6967
    endloop
  endfacet
  facet normal -0.866086 -0 -0.499895
    outer loop
      vertex 300.865 -6.25166 55.9326
      vertex 301.91 -280 54.1221
      vertex 300.865 -280 55.9326
    endloop
  endfacet
  facet normal -0.866086 0 -0.499895
    outer loop
      vertex 301.91 280 54.1221
      vertex 300.865 6.25166 55.9326
      vertex 300.865 280 55.9326
    endloop
  endfacet
  facet normal -0.866191 1.60225e-06 -0.499713
    outer loop
      vertex 301.91 280 54.1221
      vertex 301.578 5.3033 54.6967
      vertex 300.865 6.25166 55.9326
    endloop
  endfacet
  facet normal -0.865859 0 -0.500288
    outer loop
      vertex 301.578 5.3033 54.6967
      vertex 301.91 280 54.1221
      vertex 301.91 4.55452 54.1221
    endloop
  endfacet
  facet normal -0.867594 -0.00305538 -0.497265
    outer loop
      vertex 301.762 3.24567 54.3783
      vertex 300.865 4.99119 55.9326
      vertex 301.166 4.59009 55.4099
    endloop
  endfacet
  facet normal -0.8663 -0.000379223 -0.499524
    outer loop
      vertex 301.91 2.62726 54.1221
      vertex 300.865 4.99119 55.9326
      vertex 301.762 3.24567 54.3783
    endloop
  endfacet
  facet normal -0.866086 0 -0.499895
    outer loop
      vertex 301.91 -2.62726 54.1221
      vertex 300.865 4.99119 55.9326
      vertex 301.91 2.62726 54.1221
    endloop
  endfacet
  facet normal -0.8663 0.000379223 -0.499524
    outer loop
      vertex 300.865 -4.99119 55.9326
      vertex 301.91 -2.62726 54.1221
      vertex 301.762 -3.24567 54.3783
    endloop
  endfacet
  facet normal -0.867594 0.00305538 -0.497265
    outer loop
      vertex 300.865 -4.99119 55.9326
      vertex 301.762 -3.24567 54.3783
      vertex 301.166 -4.59009 55.4099
    endloop
  endfacet
  facet normal -0.866086 0 -0.499895
    outer loop
      vertex 301.91 -2.62726 54.1221
      vertex 300.865 -4.99119 55.9326
      vertex 300.865 4.99119 55.9326
    endloop
  endfacet
  facet normal 0.951062 -0 0.309001
    outer loop
      vertex 319.135 -280 64.0674
      vertex 319.781 280 62.0791
      vertex 319.135 280 64.0674
    endloop
  endfacet
  facet normal 0.951062 0 0.309001
    outer loop
      vertex 319.781 280 62.0791
      vertex 319.135 -280 64.0674
      vertex 319.781 -280 62.0791
    endloop
  endfacet
  facet normal 0 1 0
    outer loop
      vertex 313.09 280 69.5106
      vertex 308.955 280 69.9452
      vertex 311.045 280 69.9452
    endloop
  endfacet
  facet normal 0 1 0
    outer loop
      vertex 313.09 280 69.5106
      vertex 306.91 280 69.5106
      vertex 308.955 280 69.9452
    endloop
  endfacet
  facet normal 0 1 0
    outer loop
      vertex 315 280 68.6603
      vertex 306.91 280 69.5106
      vertex 313.09 280 69.5106
    endloop
  endfacet
  facet normal 0 1 0
    outer loop
      vertex 315 280 68.6603
      vertex 305 280 68.6603
      vertex 306.91 280 69.5106
    endloop
  endfacet
  facet normal 0 1 0
    outer loop
      vertex 316.691 280 67.4314
      vertex 305 280 68.6603
      vertex 315 280 68.6603
    endloop
  endfacet
  facet normal 0 1 0
    outer loop
      vertex 316.691 280 67.4314
      vertex 303.309 280 67.4314
      vertex 305 280 68.6603
    endloop
  endfacet
  facet normal 0 1 0
    outer loop
      vertex 318.09 280 65.8779
      vertex 303.309 280 67.4314
      vertex 316.691 280 67.4314
    endloop
  endfacet
  facet normal 0 1 0
    outer loop
      vertex 318.09 280 65.8779
      vertex 301.91 280 65.8779
      vertex 303.309 280 67.4314
    endloop
  endfacet
  facet normal 0 1 0
    outer loop
      vertex 319.135 280 64.0674
      vertex 301.91 280 65.8779
      vertex 318.09 280 65.8779
    endloop
  endfacet
  facet normal 0 1 0
    outer loop
      vertex 319.135 280 64.0674
      vertex 300.865 280 64.0674
      vertex 301.91 280 65.8779
    endloop
  endfacet
  facet normal 0 1 0
    outer loop
      vertex 319.781 280 62.0791
      vertex 300.865 280 64.0674
      vertex 319.135 280 64.0674
    endloop
  endfacet
  facet normal 0 1 0
    outer loop
      vertex 319.781 280 62.0791
      vertex 300.219 280 62.0791
      vertex 300.865 280 64.0674
    endloop
  endfacet
  facet normal 0 1 0
    outer loop
      vertex 320 280 60
      vertex 300.219 280 62.0791
      vertex 319.781 280 62.0791
    endloop
  endfacet
  facet normal 0 1 0
    outer loop
      vertex 320 280 60
      vertex 300 280 60
      vertex 300.219 280 62.0791
    endloop
  endfacet
  facet normal 0 1 -0
    outer loop
      vertex 319.781 280 57.9209
      vertex 300 280 60
      vertex 320 280 60
    endloop
  endfacet
  facet normal 0 1 0
    outer loop
      vertex 319.781 280 57.9209
      vertex 300.219 280 57.9209
      vertex 300 280 60
    endloop
  endfacet
  facet normal 0 1 -0
    outer loop
      vertex 319.135 280 55.9326
      vertex 300.219 280 57.9209
      vertex 319.781 280 57.9209
    endloop
  endfacet
  facet normal 0 1 0
    outer loop
      vertex 319.135 280 55.9326
      vertex 300.865 280 55.9326
      vertex 300.219 280 57.9209
    endloop
  endfacet
  facet normal 0 1 -0
    outer loop
      vertex 318.09 280 54.1221
      vertex 300.865 280 55.9326
      vertex 319.135 280 55.9326
    endloop
  endfacet
  facet normal 0 1 0
    outer loop
      vertex 318.09 280 54.1221
      vertex 301.91 280 54.1221
      vertex 300.865 280 55.9326
    endloop
  endfacet
  facet normal 0 1 -0
    outer loop
      vertex 316.691 280 52.5686
      vertex 301.91 280 54.1221
      vertex 318.09 280 54.1221
    endloop
  endfacet
  facet normal 0 1 0
    outer loop
      vertex 316.691 280 52.5686
      vertex 303.309 280 52.5686
      vertex 301.91 280 54.1221
    endloop
  endfacet
  facet normal 0 1 -0
    outer loop
      vertex 315 280 51.3397
      vertex 303.309 280 52.5686
      vertex 316.691 280 52.5686
    endloop
  endfacet
  facet normal 0 1 0
    outer loop
      vertex 315 280 51.3397
      vertex 305 280 51.3397
      vertex 303.309 280 52.5686
    endloop
  endfacet
  facet normal 0 1 -0
    outer loop
      vertex 313.09 280 50.4894
      vertex 305 280 51.3397
      vertex 315 280 51.3397
    endloop
  endfacet
  facet normal 0 1 0
    outer loop
      vertex 313.09 280 50.4894
      vertex 306.91 280 50.4894
      vertex 305 280 51.3397
    endloop
  endfacet
  facet normal 0 1 -0
    outer loop
      vertex 311.045 280 50.0548
      vertex 306.91 280 50.4894
      vertex 313.09 280 50.4894
    endloop
  endfacet
  facet normal 0 1 0
    outer loop
      vertex 306.91 280 50.4894
      vertex 311.045 280 50.0548
      vertex 308.955 280 50.0548
    endloop
  endfacet
  facet normal -0.994498 0 -0.104755
    outer loop
      vertex 300.219 280 57.9209
      vertex 300 7.5 60
      vertex 300 280 60
    endloop
  endfacet
  facet normal -0.994523 1.81162e-06 -0.10452
    outer loop
      vertex 300.219 280 57.9209
      vertex 300.204 7.24443 58.0589
      vertex 300 7.5 60
    endloop
  endfacet
  facet normal -0.994144 0 -0.108059
    outer loop
      vertex 300.204 7.24443 58.0589
      vertex 300.219 280 57.9209
      vertex 300.219 7.18728 57.9209
    endloop
  endfacet
  facet normal -0.994144 0 -0.108059
    outer loop
      vertex 300.219 -280 57.9209
      vertex 300.204 -7.24443 58.0589
      vertex 300.219 -7.18728 57.9209
    endloop
  endfacet
  facet normal -0.994523 -1.81162e-06 -0.10452
    outer loop
      vertex 300.219 -280 57.9209
      vertex 300 -7.5 60
      vertex 300.204 -7.24443 58.0589
    endloop
  endfacet
  facet normal -0.994498 -0 -0.104755
    outer loop
      vertex 300 -7.5 60
      vertex 300.219 -280 57.9209
      vertex 300 -280 60
    endloop
  endfacet
  facet normal -0.994492 0.000308732 -0.104811
    outer loop
      vertex 300.219 6.1049 57.9209
      vertex 300 6.49138 60
      vertex 300.177 6.27017 58.3199
    endloop
  endfacet
  facet normal -0.994498 0 -0.104755
    outer loop
      vertex 300.219 -6.1049 57.9209
      vertex 300 6.49138 60
      vertex 300.219 6.1049 57.9209
    endloop
  endfacet
  facet normal -0.994492 -0.000308732 -0.104811
    outer loop
      vertex 300 -6.49138 60
      vertex 300.219 -6.1049 57.9209
      vertex 300.177 -6.27017 58.3199
    endloop
  endfacet
  facet normal -0.994498 0 -0.104755
    outer loop
      vertex 300.219 -6.1049 57.9209
      vertex 300 -6.49138 60
      vertex 300 6.49138 60
    endloop
  endfacet
  facet normal 0.406702 0 0.913561
    outer loop
      vertex 313.09 280 69.5106
      vertex 315 -280 68.6603
      vertex 315 280 68.6603
    endloop
  endfacet
  facet normal 0.406702 0 0.913561
    outer loop
      vertex 315 -280 68.6603
      vertex 313.09 280 69.5106
      vertex 313.09 -280 69.5106
    endloop
  endfacet
  facet normal -0.406702 0 0.913561
    outer loop
      vertex 305 280 68.6603
      vertex 306.91 -280 69.5106
      vertex 306.91 280 69.5106
    endloop
  endfacet
  facet normal -0.406702 0 0.913561
    outer loop
      vertex 306.91 -280 69.5106
      vertex 305 280 68.6603
      vertex 305 -280 68.6603
    endloop
  endfacet
  facet normal 0 -1 0
    outer loop
      vertex 306.91 -280 69.5106
      vertex 311.045 -280 69.9452
      vertex 308.955 -280 69.9452
    endloop
  endfacet
  facet normal 0 -1 0
    outer loop
      vertex 306.91 -280 69.5106
      vertex 313.09 -280 69.5106
      vertex 311.045 -280 69.9452
    endloop
  endfacet
  facet normal 0 -1 0
    outer loop
      vertex 305 -280 68.6603
      vertex 313.09 -280 69.5106
      vertex 306.91 -280 69.5106
    endloop
  endfacet
  facet normal 0 -1 0
    outer loop
      vertex 305 -280 68.6603
      vertex 315 -280 68.6603
      vertex 313.09 -280 69.5106
    endloop
  endfacet
  facet normal 0 -1 0
    outer loop
      vertex 303.309 -280 67.4314
      vertex 315 -280 68.6603
      vertex 305 -280 68.6603
    endloop
  endfacet
  facet normal 0 -1 0
    outer loop
      vertex 303.309 -280 67.4314
      vertex 316.691 -280 67.4314
      vertex 315 -280 68.6603
    endloop
  endfacet
  facet normal 0 -1 0
    outer loop
      vertex 301.91 -280 65.8779
      vertex 316.691 -280 67.4314
      vertex 303.309 -280 67.4314
    endloop
  endfacet
  facet normal 0 -1 0
    outer loop
      vertex 301.91 -280 65.8779
      vertex 318.09 -280 65.8779
      vertex 316.691 -280 67.4314
    endloop
  endfacet
  facet normal 0 -1 0
    outer loop
      vertex 300.865 -280 64.0674
      vertex 318.09 -280 65.8779
      vertex 301.91 -280 65.8779
    endloop
  endfacet
  facet normal 0 -1 0
    outer loop
      vertex 300.865 -280 64.0674
      vertex 319.135 -280 64.0674
      vertex 318.09 -280 65.8779
    endloop
  endfacet
  facet normal 0 -1 0
    outer loop
      vertex 300.219 -280 62.0791
      vertex 319.135 -280 64.0674
      vertex 300.865 -280 64.0674
    endloop
  endfacet
  facet normal 0 -1 0
    outer loop
      vertex 300.219 -280 62.0791
      vertex 319.781 -280 62.0791
      vertex 319.135 -280 64.0674
    endloop
  endfacet
  facet normal 0 -1 0
    outer loop
      vertex 300 -280 60
      vertex 319.781 -280 62.0791
      vertex 300.219 -280 62.0791
    endloop
  endfacet
  facet normal 0 -1 0
    outer loop
      vertex 300 -280 60
      vertex 320 -280 60
      vertex 319.781 -280 62.0791
    endloop
  endfacet
  facet normal 0 -1 0
    outer loop
      vertex 300.219 -280 57.9209
      vertex 320 -280 60
      vertex 300 -280 60
    endloop
  endfacet
  facet normal 0 -1 0
    outer loop
      vertex 300.219 -280 57.9209
      vertex 319.781 -280 57.9209
      vertex 320 -280 60
    endloop
  endfacet
  facet normal 0 -1 0
    outer loop
      vertex 300.865 -280 55.9326
      vertex 319.781 -280 57.9209
      vertex 300.219 -280 57.9209
    endloop
  endfacet
  facet normal 0 -1 0
    outer loop
      vertex 300.865 -280 55.9326
      vertex 319.135 -280 55.9326
      vertex 319.781 -280 57.9209
    endloop
  endfacet
  facet normal 0 -1 0
    outer loop
      vertex 301.91 -280 54.1221
      vertex 319.135 -280 55.9326
      vertex 300.865 -280 55.9326
    endloop
  endfacet
  facet normal 0 -1 0
    outer loop
      vertex 301.91 -280 54.1221
      vertex 318.09 -280 54.1221
      vertex 319.135 -280 55.9326
    endloop
  endfacet
  facet normal 0 -1 0
    outer loop
      vertex 303.309 -280 52.5686
      vertex 318.09 -280 54.1221
      vertex 301.91 -280 54.1221
    endloop
  endfacet
  facet normal 0 -1 0
    outer loop
      vertex 303.309 -280 52.5686
      vertex 316.691 -280 52.5686
      vertex 318.09 -280 54.1221
    endloop
  endfacet
  facet normal 0 -1 0
    outer loop
      vertex 305 -280 51.3397
      vertex 316.691 -280 52.5686
      vertex 303.309 -280 52.5686
    endloop
  endfacet
  facet normal 0 -1 0
    outer loop
      vertex 305 -280 51.3397
      vertex 315 -280 51.3397
      vertex 316.691 -280 52.5686
    endloop
  endfacet
  facet normal 0 -1 0
    outer loop
      vertex 306.91 -280 50.4894
      vertex 315 -280 51.3397
      vertex 305 -280 51.3397
    endloop
  endfacet
  facet normal 0 -1 0
    outer loop
      vertex 306.91 -280 50.4894
      vertex 313.09 -280 50.4894
      vertex 315 -280 51.3397
    endloop
  endfacet
  facet normal 0 -1 0
    outer loop
      vertex 308.955 -280 50.0548
      vertex 313.09 -280 50.4894
      vertex 306.91 -280 50.4894
    endloop
  endfacet
  facet normal 0 -1 0
    outer loop
      vertex 313.09 -280 50.4894
      vertex 308.955 -280 50.0548
      vertex 311.045 -280 50.0548
    endloop
  endfacet
  facet normal -0.207876 0 0.978155
    outer loop
      vertex 306.91 280 69.5106
      vertex 308.955 -280 69.9452
      vertex 308.955 280 69.9452
    endloop
  endfacet
  facet normal -0.207876 0 0.978155
    outer loop
      vertex 308.955 -280 69.9452
      vertex 306.91 280 69.5106
      vertex 306.91 -280 69.5106
    endloop
  endfacet
  facet normal 0.866086 0 -0.499895
    outer loop
      vertex 319.135 -280 55.9326
      vertex 318.09 280 54.1221
      vertex 319.135 280 55.9326
    endloop
  endfacet
  facet normal 0.866086 0 -0.499895
    outer loop
      vertex 318.09 280 54.1221
      vertex 319.135 -280 55.9326
      vertex 318.09 -280 54.1221
    endloop
  endfacet
  facet normal -0.207876 0 -0.978155
    outer loop
      vertex 306.91 -280 50.4894
      vertex 308.955 280 50.0548
      vertex 308.955 -280 50.0548
    endloop
  endfacet
  facet normal -0.207876 0 -0.978155
    outer loop
      vertex 308.955 280 50.0548
      vertex 306.91 -280 50.4894
      vertex 306.91 280 50.4894
    endloop
  endfacet
  facet normal 0.866086 -0 0.499895
    outer loop
      vertex 318.09 -280 65.8779
      vertex 319.135 280 64.0674
      vertex 318.09 280 65.8779
    endloop
  endfacet
  facet normal 0.866086 0 0.499895
    outer loop
      vertex 319.135 280 64.0674
      vertex 318.09 -280 65.8779
      vertex 319.135 -280 64.0674
    endloop
  endfacet
  facet normal 0.951062 0 -0.309001
    outer loop
      vertex 319.781 -280 57.9209
      vertex 319.135 280 55.9326
      vertex 319.781 280 57.9209
    endloop
  endfacet
  facet normal 0.951062 0 -0.309001
    outer loop
      vertex 319.135 280 55.9326
      vertex 319.781 -280 57.9209
      vertex 319.135 -280 55.9326
    endloop
  endfacet
  facet normal -0.587789 0 0.809014
    outer loop
      vertex 305 280 68.6603
      vertex 303.403 0 67.5
      vertex 305 -280 68.6603
    endloop
  endfacet
  facet normal -0.587884 0 0.808945
    outer loop
      vertex 303.309 0.520674 67.4314
      vertex 305 280 68.6603
      vertex 303.309 280 67.4314
    endloop
  endfacet
  facet normal -0.589447 1.44594e-05 0.807807
    outer loop
      vertex 305 280 68.6603
      vertex 303.309 0.520674 67.4314
      vertex 303.403 0 67.5
    endloop
  endfacet
  facet normal -0.589447 -1.44594e-05 0.807807
    outer loop
      vertex 303.309 -0.520674 67.4314
      vertex 305 -280 68.6603
      vertex 303.403 0 67.5
    endloop
  endfacet
  facet normal -0.587884 0 0.808945
    outer loop
      vertex 305 -280 68.6603
      vertex 303.309 -0.520674 67.4314
      vertex 303.309 -280 67.4314
    endloop
  endfacet
  facet normal 0.994498 0 -0.104755
    outer loop
      vertex 320 -280 60
      vertex 319.781 280 57.9209
      vertex 320 280 60
    endloop
  endfacet
  facet normal 0.994498 0 -0.104755
    outer loop
      vertex 319.781 280 57.9209
      vertex 320 -280 60
      vertex 319.781 -280 57.9209
    endloop
  endfacet
  facet normal 0.587884 0 0.808945
    outer loop
      vertex 315 280 68.6603
      vertex 316.691 -280 67.4314
      vertex 316.691 280 67.4314
    endloop
  endfacet
  facet normal 0.587884 0 0.808945
    outer loop
      vertex 316.691 -280 67.4314
      vertex 315 280 68.6603
      vertex 315 -280 68.6603
    endloop
  endfacet
  facet normal 0.207876 0 0.978155
    outer loop
      vertex 311.045 280 69.9452
      vertex 313.09 -280 69.5106
      vertex 313.09 280 69.5106
    endloop
  endfacet
  facet normal 0.207876 0 0.978155
    outer loop
      vertex 313.09 -280 69.5106
      vertex 311.045 280 69.9452
      vertex 311.045 -280 69.9452
    endloop
  endfacet
  facet normal -0 0 1
    outer loop
      vertex 308.955 280 69.9452
      vertex 311.045 -280 69.9452
      vertex 311.045 280 69.9452
    endloop
  endfacet
  facet normal 0 0 1
    outer loop
      vertex 311.045 -280 69.9452
      vertex 308.955 280 69.9452
      vertex 308.955 -280 69.9452
    endloop
  endfacet
  facet normal 0 0 -1
    outer loop
      vertex 308.955 -280 50.0548
      vertex 311.045 280 50.0548
      vertex 311.045 -280 50.0548
    endloop
  endfacet
  facet normal -0 0 -1
    outer loop
      vertex 311.045 280 50.0548
      vertex 308.955 -280 50.0548
      vertex 308.955 280 50.0548
    endloop
  endfacet
  facet normal 0.994498 -0 0.104755
    outer loop
      vertex 319.781 -280 62.0791
      vertex 320 280 60
      vertex 319.781 280 62.0791
    endloop
  endfacet
  facet normal 0.994498 0 0.104755
    outer loop
      vertex 320 280 60
      vertex 319.781 -280 62.0791
      vertex 320 -280 60
    endloop
  endfacet
  facet normal -1 0 0
    outer loop
      vertex -350 221.875 100
      vertex -350 222.875 119.5
      vertex -350 222.875 100
    endloop
  endfacet
  facet normal -1 -0 0
    outer loop
      vertex -350 222.875 119.5
      vertex -350 221.875 100
      vertex -350 221.875 119.5
    endloop
  endfacet
  facet normal 1 -0 0
    outer loop
      vertex -300 221.875 120
      vertex -300 222.875 50
      vertex -300 222.875 120
    endloop
  endfacet
  facet normal 1 0 0
    outer loop
      vertex -300 222.875 50
      vertex -300 221.875 120
      vertex -300 221.875 50
    endloop
  endfacet
  facet normal 0 -1 0
    outer loop
      vertex -350 221.875 100
      vertex -312.75 221.875 64.7631
      vertex -310.955 221.875 65.4164
    endloop
  endfacet
  facet normal 0 -1 0
    outer loop
      vertex -350 221.875 100
      vertex -314.213 221.875 63.5353
      vertex -312.75 221.875 64.7631
    endloop
  endfacet
  facet normal 0 -1 0
    outer loop
      vertex -350 221.875 100
      vertex -315.168 221.875 61.8811
      vertex -314.213 221.875 63.5353
    endloop
  endfacet
  facet normal 0 -1 0
    outer loop
      vertex -320 221.875 50
      vertex -315.168 221.875 61.8811
      vertex -350 221.875 100
    endloop
  endfacet
  facet normal 0 -1 0
    outer loop
      vertex -315.168 221.875 61.8811
      vertex -320 221.875 50
      vertex -315.5 221.875 60
    endloop
  endfacet
  facet normal 0 -1 -0
    outer loop
      vertex -315.5 221.875 60
      vertex -320 221.875 50
      vertex -315.168 221.875 58.1189
    endloop
  endfacet
  facet normal 0 -1 -0
    outer loop
      vertex -310.955 221.875 54.5836
      vertex -320 221.875 50
      vertex -309.045 221.875 54.5836
    endloop
  endfacet
  facet normal 0 -1 -0
    outer loop
      vertex -312.75 221.875 55.2369
      vertex -320 221.875 50
      vertex -310.955 221.875 54.5836
    endloop
  endfacet
  facet normal 0 -1 -0
    outer loop
      vertex -314.213 221.875 56.4647
      vertex -320 221.875 50
      vertex -312.75 221.875 55.2369
    endloop
  endfacet
  facet normal 0 -1 -0
    outer loop
      vertex -315.168 221.875 58.1189
      vertex -320 221.875 50
      vertex -314.213 221.875 56.4647
    endloop
  endfacet
  facet normal 0 -1 0
    outer loop
      vertex -350 221.875 119.5
      vertex -338.75 221.875 120.5
      vertex -361.25 221.875 120.5
    endloop
  endfacet
  facet normal 0 -1 0
    outer loop
      vertex -350 221.875 119.5
      vertex -361.25 221.875 120.5
      vertex -361.25 221.875 119.5
    endloop
  endfacet
  facet normal 0 -1 -0
    outer loop
      vertex -338.75 221.875 120.5
      vertex -350 221.875 119.5
      vertex -338.75 221.875 120
    endloop
  endfacet
  facet normal 0 -1 0
    outer loop
      vertex -350 221.875 100
      vertex -338.75 221.875 120
      vertex -350 221.875 119.5
    endloop
  endfacet
  facet normal 0 -1 -0
    outer loop
      vertex -338.75 221.875 120
      vertex -350 221.875 100
      vertex -300 221.875 120
    endloop
  endfacet
  facet normal 0 -1 0
    outer loop
      vertex -310.955 221.875 65.4164
      vertex -300 221.875 120
      vertex -350 221.875 100
    endloop
  endfacet
  facet normal 0 -1 0
    outer loop
      vertex -309.045 221.875 65.4164
      vertex -300 221.875 120
      vertex -310.955 221.875 65.4164
    endloop
  endfacet
  facet normal 0 -1 0
    outer loop
      vertex -307.25 221.875 64.7631
      vertex -300 221.875 120
      vertex -309.045 221.875 65.4164
    endloop
  endfacet
  facet normal 0 -1 0
    outer loop
      vertex -305.787 221.875 63.5353
      vertex -300 221.875 120
      vertex -307.25 221.875 64.7631
    endloop
  endfacet
  facet normal 0 -1 0
    outer loop
      vertex -304.832 221.875 61.8811
      vertex -300 221.875 120
      vertex -305.787 221.875 63.5353
    endloop
  endfacet
  facet normal 0 -1 0
    outer loop
      vertex -300 221.875 50
      vertex -304.832 221.875 61.8811
      vertex -304.5 221.875 60
    endloop
  endfacet
  facet normal 0 -1 0
    outer loop
      vertex -300 221.875 50
      vertex -309.045 221.875 54.5836
      vertex -320 221.875 50
    endloop
  endfacet
  facet normal 0 -1 0
    outer loop
      vertex -304.832 221.875 61.8811
      vertex -300 221.875 50
      vertex -300 221.875 120
    endloop
  endfacet
  facet normal 0 -1 0
    outer loop
      vertex -304.832 221.875 58.1189
      vertex -300 221.875 50
      vertex -304.5 221.875 60
    endloop
  endfacet
  facet normal 0 -1 0
    outer loop
      vertex -305.787 221.875 56.4647
      vertex -300 221.875 50
      vertex -304.832 221.875 58.1189
    endloop
  endfacet
  facet normal 0 -1 0
    outer loop
      vertex -307.25 221.875 55.2369
      vertex -300 221.875 50
      vertex -305.787 221.875 56.4647
    endloop
  endfacet
  facet normal 0 -1 0
    outer loop
      vertex -309.045 221.875 54.5836
      vertex -300 221.875 50
      vertex -307.25 221.875 55.2369
    endloop
  endfacet
  facet normal -0.857493 0 -0.514496
    outer loop
      vertex -320 221.875 50
      vertex -350 222.875 100
      vertex -320 222.875 50
    endloop
  endfacet
  facet normal -0.857493 -0 -0.514496
    outer loop
      vertex -350 222.875 100
      vertex -320 221.875 50
      vertex -350 221.875 100
    endloop
  endfacet
  facet normal -0 0 1
    outer loop
      vertex -338.75 222.875 120
      vertex -300 221.875 120
      vertex -300 222.875 120
    endloop
  endfacet
  facet normal 0 0 1
    outer loop
      vertex -300 221.875 120
      vertex -338.75 222.875 120
      vertex -338.75 221.875 120
    endloop
  endfacet
  facet normal 0 0 -1
    outer loop
      vertex -320 221.875 50
      vertex -300 222.875 50
      vertex -300 221.875 50
    endloop
  endfacet
  facet normal -0 0 -1
    outer loop
      vertex -300 222.875 50
      vertex -320 221.875 50
      vertex -320 222.875 50
    endloop
  endfacet
  facet normal 0 1 0
    outer loop
      vertex -300 222.875 120
      vertex -338.75 222.875 119.5
      vertex -338.75 222.875 120
    endloop
  endfacet
  facet normal 0 1 0
    outer loop
      vertex -338.75 222.875 119.5
      vertex -350 222.875 100
      vertex -350 222.875 119.5
    endloop
  endfacet
  facet normal 0 1 0
    outer loop
      vertex -300 222.875 120
      vertex -350 222.875 100
      vertex -338.75 222.875 119.5
    endloop
  endfacet
  facet normal 0 1 0
    outer loop
      vertex -310.955 222.875 65.4164
      vertex -300 222.875 120
      vertex -309.045 222.875 65.4164
    endloop
  endfacet
  facet normal 0 1 0
    outer loop
      vertex -300 222.875 120
      vertex -307.25 222.875 64.7631
      vertex -309.045 222.875 65.4164
    endloop
  endfacet
  facet normal 0 1 0
    outer loop
      vertex -300 222.875 120
      vertex -305.787 222.875 63.5353
      vertex -307.25 222.875 64.7631
    endloop
  endfacet
  facet normal 0 1 0
    outer loop
      vertex -300 222.875 120
      vertex -304.832 222.875 61.8811
      vertex -305.787 222.875 63.5353
    endloop
  endfacet
  facet normal 0 1 -0
    outer loop
      vertex -300 222.875 50
      vertex -304.832 222.875 61.8811
      vertex -300 222.875 120
    endloop
  endfacet
  facet normal 0 1 0
    outer loop
      vertex -309.045 222.875 54.5836
      vertex -300 222.875 50
      vertex -310.955 222.875 54.5836
    endloop
  endfacet
  facet normal 0 1 0
    outer loop
      vertex -307.25 222.875 55.2369
      vertex -300 222.875 50
      vertex -309.045 222.875 54.5836
    endloop
  endfacet
  facet normal 0 1 0
    outer loop
      vertex -305.787 222.875 56.4647
      vertex -300 222.875 50
      vertex -307.25 222.875 55.2369
    endloop
  endfacet
  facet normal 0 1 0
    outer loop
      vertex -304.832 222.875 58.1189
      vertex -300 222.875 50
      vertex -305.787 222.875 56.4647
    endloop
  endfacet
  facet normal 0 1 0
    outer loop
      vertex -304.5 222.875 60
      vertex -300 222.875 50
      vertex -304.832 222.875 58.1189
    endloop
  endfacet
  facet normal 0 1 0
    outer loop
      vertex -304.832 222.875 61.8811
      vertex -300 222.875 50
      vertex -304.5 222.875 60
    endloop
  endfacet
  facet normal 0 1 0
    outer loop
      vertex -300 222.875 120
      vertex -310.955 222.875 65.4164
      vertex -350 222.875 100
    endloop
  endfacet
  facet normal 0 1 -0
    outer loop
      vertex -312.75 222.875 64.7631
      vertex -350 222.875 100
      vertex -310.955 222.875 65.4164
    endloop
  endfacet
  facet normal 0 1 -0
    outer loop
      vertex -314.213 222.875 63.5353
      vertex -350 222.875 100
      vertex -312.75 222.875 64.7631
    endloop
  endfacet
  facet normal 0 1 -0
    outer loop
      vertex -315.168 222.875 61.8811
      vertex -350 222.875 100
      vertex -314.213 222.875 63.5353
    endloop
  endfacet
  facet normal 0 1 0
    outer loop
      vertex -320 222.875 50
      vertex -315.168 222.875 61.8811
      vertex -315.5 222.875 60
    endloop
  endfacet
  facet normal 0 1 0
    outer loop
      vertex -320 222.875 50
      vertex -315.5 222.875 60
      vertex -315.168 222.875 58.1189
    endloop
  endfacet
  facet normal 0 1 0
    outer loop
      vertex -320 222.875 50
      vertex -315.168 222.875 58.1189
      vertex -314.213 222.875 56.4647
    endloop
  endfacet
  facet normal 0 1 0
    outer loop
      vertex -320 222.875 50
      vertex -310.955 222.875 54.5836
      vertex -300 222.875 50
    endloop
  endfacet
  facet normal 0 1 0
    outer loop
      vertex -315.168 222.875 61.8811
      vertex -320 222.875 50
      vertex -350 222.875 100
    endloop
  endfacet
  facet normal 0 1 0
    outer loop
      vertex -312.75 222.875 55.2369
      vertex -320 222.875 50
      vertex -314.213 222.875 56.4647
    endloop
  endfacet
  facet normal 0 1 0
    outer loop
      vertex -310.955 222.875 54.5836
      vertex -320 222.875 50
      vertex -312.75 222.875 55.2369
    endloop
  endfacet
  facet normal -1 0 0
    outer loop
      vertex -350 277.125 100
      vertex -350 278.125 119.5
      vertex -350 278.125 100
    endloop
  endfacet
  facet normal -1 -0 0
    outer loop
      vertex -350 278.125 119.5
      vertex -350 277.125 100
      vertex -350 277.125 119.5
    endloop
  endfacet
  facet normal 0 -1 0
    outer loop
      vertex -350 277.125 119.5
      vertex -350 277.125 100
      vertex -338.75 277.125 119.5
    endloop
  endfacet
  facet normal 0 -1 0
    outer loop
      vertex -338.75 277.125 119.5
      vertex -300 277.125 120
      vertex -338.75 277.125 120
    endloop
  endfacet
  facet normal 0 -1 0
    outer loop
      vertex -350 277.125 100
      vertex -300 277.125 120
      vertex -338.75 277.125 119.5
    endloop
  endfacet
  facet normal 0 -1 0
    outer loop
      vertex -310.955 277.125 65.4164
      vertex -300 277.125 120
      vertex -350 277.125 100
    endloop
  endfacet
  facet normal 0 -1 0
    outer loop
      vertex -309.045 277.125 65.4164
      vertex -300 277.125 120
      vertex -310.955 277.125 65.4164
    endloop
  endfacet
  facet normal 0 -1 0
    outer loop
      vertex -307.25 277.125 64.7631
      vertex -300 277.125 120
      vertex -309.045 277.125 65.4164
    endloop
  endfacet
  facet normal 0 -1 0
    outer loop
      vertex -305.787 277.125 63.5353
      vertex -300 277.125 120
      vertex -307.25 277.125 64.7631
    endloop
  endfacet
  facet normal 0 -1 0
    outer loop
      vertex -304.832 277.125 61.8811
      vertex -300 277.125 120
      vertex -305.787 277.125 63.5353
    endloop
  endfacet
  facet normal 0 -1 0
    outer loop
      vertex -300 277.125 50
      vertex -304.832 277.125 61.8811
      vertex -304.5 277.125 60
    endloop
  endfacet
  facet normal 0 -1 0
    outer loop
      vertex -300 277.125 50
      vertex -309.045 277.125 54.5836
      vertex -320 277.125 50
    endloop
  endfacet
  facet normal 0 -1 0
    outer loop
      vertex -304.832 277.125 61.8811
      vertex -300 277.125 50
      vertex -300 277.125 120
    endloop
  endfacet
  facet normal 0 -1 0
    outer loop
      vertex -304.832 277.125 58.1189
      vertex -300 277.125 50
      vertex -304.5 277.125 60
    endloop
  endfacet
  facet normal 0 -1 0
    outer loop
      vertex -305.787 277.125 56.4647
      vertex -300 277.125 50
      vertex -304.832 277.125 58.1189
    endloop
  endfacet
  facet normal 0 -1 0
    outer loop
      vertex -307.25 277.125 55.2369
      vertex -300 277.125 50
      vertex -305.787 277.125 56.4647
    endloop
  endfacet
  facet normal 0 -1 0
    outer loop
      vertex -309.045 277.125 54.5836
      vertex -300 277.125 50
      vertex -307.25 277.125 55.2369
    endloop
  endfacet
  facet normal 0 -1 0
    outer loop
      vertex -350 277.125 100
      vertex -312.75 277.125 64.7631
      vertex -310.955 277.125 65.4164
    endloop
  endfacet
  facet normal 0 -1 0
    outer loop
      vertex -350 277.125 100
      vertex -314.213 277.125 63.5353
      vertex -312.75 277.125 64.7631
    endloop
  endfacet
  facet normal 0 -1 0
    outer loop
      vertex -350 277.125 100
      vertex -315.168 277.125 61.8811
      vertex -314.213 277.125 63.5353
    endloop
  endfacet
  facet normal 0 -1 0
    outer loop
      vertex -320 277.125 50
      vertex -315.168 277.125 61.8811
      vertex -350 277.125 100
    endloop
  endfacet
  facet normal 0 -1 0
    outer loop
      vertex -315.168 277.125 61.8811
      vertex -320 277.125 50
      vertex -315.5 277.125 60
    endloop
  endfacet
  facet normal 0 -1 -0
    outer loop
      vertex -315.5 277.125 60
      vertex -320 277.125 50
      vertex -315.168 277.125 58.1189
    endloop
  endfacet
  facet normal 0 -1 -0
    outer loop
      vertex -310.955 277.125 54.5836
      vertex -320 277.125 50
      vertex -309.045 277.125 54.5836
    endloop
  endfacet
  facet normal 0 -1 -0
    outer loop
      vertex -312.75 277.125 55.2369
      vertex -320 277.125 50
      vertex -310.955 277.125 54.5836
    endloop
  endfacet
  facet normal 0 -1 -0
    outer loop
      vertex -314.213 277.125 56.4647
      vertex -320 277.125 50
      vertex -312.75 277.125 55.2369
    endloop
  endfacet
  facet normal 0 -1 -0
    outer loop
      vertex -315.168 277.125 58.1189
      vertex -320 277.125 50
      vertex -314.213 277.125 56.4647
    endloop
  endfacet
  facet normal 1 -0 0
    outer loop
      vertex -300 277.125 120
      vertex -300 278.125 50
      vertex -300 278.125 120
    endloop
  endfacet
  facet normal 1 0 0
    outer loop
      vertex -300 278.125 50
      vertex -300 277.125 120
      vertex -300 277.125 50
    endloop
  endfacet
  facet normal -0.857493 0 -0.514496
    outer loop
      vertex -320 277.125 50
      vertex -350 278.125 100
      vertex -320 278.125 50
    endloop
  endfacet
  facet normal -0.857493 -0 -0.514496
    outer loop
      vertex -350 278.125 100
      vertex -320 277.125 50
      vertex -350 277.125 100
    endloop
  endfacet
  facet normal 0 0 -1
    outer loop
      vertex -320 277.125 50
      vertex -300 278.125 50
      vertex -300 277.125 50
    endloop
  endfacet
  facet normal -0 0 -1
    outer loop
      vertex -300 278.125 50
      vertex -320 277.125 50
      vertex -320 278.125 50
    endloop
  endfacet
  facet normal -0 0 1
    outer loop
      vertex -338.75 278.125 120
      vertex -300 277.125 120
      vertex -300 278.125 120
    endloop
  endfacet
  facet normal 0 0 1
    outer loop
      vertex -300 277.125 120
      vertex -338.75 278.125 120
      vertex -338.75 277.125 120
    endloop
  endfacet
  facet normal 0 1 0
    outer loop
      vertex -350 278.125 100
      vertex -338.75 278.125 120
      vertex -300 278.125 120
    endloop
  endfacet
  facet normal 0 1 0
    outer loop
      vertex -338.75 278.125 120
      vertex -350 278.125 100
      vertex -350 278.125 119.5
    endloop
  endfacet
  facet normal 0 1 0
    outer loop
      vertex -310.955 278.125 65.4164
      vertex -300 278.125 120
      vertex -309.045 278.125 65.4164
    endloop
  endfacet
  facet normal 0 1 0
    outer loop
      vertex -300 278.125 120
      vertex -307.25 278.125 64.7631
      vertex -309.045 278.125 65.4164
    endloop
  endfacet
  facet normal 0 1 0
    outer loop
      vertex -300 278.125 120
      vertex -305.787 278.125 63.5353
      vertex -307.25 278.125 64.7631
    endloop
  endfacet
  facet normal 0 1 0
    outer loop
      vertex -300 278.125 120
      vertex -304.832 278.125 61.8811
      vertex -305.787 278.125 63.5353
    endloop
  endfacet
  facet normal 0 1 -0
    outer loop
      vertex -300 278.125 50
      vertex -304.832 278.125 61.8811
      vertex -300 278.125 120
    endloop
  endfacet
  facet normal 0 1 0
    outer loop
      vertex -309.045 278.125 54.5836
      vertex -300 278.125 50
      vertex -310.955 278.125 54.5836
    endloop
  endfacet
  facet normal 0 1 0
    outer loop
      vertex -307.25 278.125 55.2369
      vertex -300 278.125 50
      vertex -309.045 278.125 54.5836
    endloop
  endfacet
  facet normal 0 1 0
    outer loop
      vertex -305.787 278.125 56.4647
      vertex -300 278.125 50
      vertex -307.25 278.125 55.2369
    endloop
  endfacet
  facet normal 0 1 0
    outer loop
      vertex -304.832 278.125 58.1189
      vertex -300 278.125 50
      vertex -305.787 278.125 56.4647
    endloop
  endfacet
  facet normal 0 1 0
    outer loop
      vertex -304.5 278.125 60
      vertex -300 278.125 50
      vertex -304.832 278.125 58.1189
    endloop
  endfacet
  facet normal 0 1 0
    outer loop
      vertex -304.832 278.125 61.8811
      vertex -300 278.125 50
      vertex -304.5 278.125 60
    endloop
  endfacet
  facet normal 0 1 0
    outer loop
      vertex -350 278.125 119.5
      vertex -338.75 278.125 120.5
      vertex -338.75 278.125 120
    endloop
  endfacet
  facet normal 0 1 0
    outer loop
      vertex -338.75 278.125 120.5
      vertex -350 278.125 119.5
      vertex -361.25 278.125 120.5
    endloop
  endfacet
  facet normal 0 1 0
    outer loop
      vertex -361.25 278.125 120.5
      vertex -350 278.125 119.5
      vertex -361.25 278.125 119.5
    endloop
  endfacet
  facet normal 0 1 0
    outer loop
      vertex -300 278.125 120
      vertex -310.955 278.125 65.4164
      vertex -350 278.125 100
    endloop
  endfacet
  facet normal 0 1 -0
    outer loop
      vertex -312.75 278.125 64.7631
      vertex -350 278.125 100
      vertex -310.955 278.125 65.4164
    endloop
  endfacet
  facet normal 0 1 -0
    outer loop
      vertex -314.213 278.125 63.5353
      vertex -350 278.125 100
      vertex -312.75 278.125 64.7631
    endloop
  endfacet
  facet normal 0 1 -0
    outer loop
      vertex -315.168 278.125 61.8811
      vertex -350 278.125 100
      vertex -314.213 278.125 63.5353
    endloop
  endfacet
  facet normal 0 1 0
    outer loop
      vertex -320 278.125 50
      vertex -315.168 278.125 61.8811
      vertex -315.5 278.125 60
    endloop
  endfacet
  facet normal 0 1 0
    outer loop
      vertex -320 278.125 50
      vertex -315.5 278.125 60
      vertex -315.168 278.125 58.1189
    endloop
  endfacet
  facet normal 0 1 0
    outer loop
      vertex -320 278.125 50
      vertex -315.168 278.125 58.1189
      vertex -314.213 278.125 56.4647
    endloop
  endfacet
  facet normal 0 1 0
    outer loop
      vertex -320 278.125 50
      vertex -310.955 278.125 54.5836
      vertex -300 278.125 50
    endloop
  endfacet
  facet normal 0 1 0
    outer loop
      vertex -315.168 278.125 61.8811
      vertex -320 278.125 50
      vertex -350 278.125 100
    endloop
  endfacet
  facet normal 0 1 0
    outer loop
      vertex -312.75 278.125 55.2369
      vertex -320 278.125 50
      vertex -314.213 278.125 56.4647
    endloop
  endfacet
  facet normal 0 1 0
    outer loop
      vertex -310.955 278.125 54.5836
      vertex -320 278.125 50
      vertex -312.75 278.125 55.2369
    endloop
  endfacet
  facet normal 1 0 0
    outer loop
      vertex -338.75 278.125 120.5
      vertex -338.75 277.125 120
      vertex -338.75 278.125 120
    endloop
  endfacet
  facet normal 1 0 0
    outer loop
      vertex -338.75 277.125 120
      vertex -338.75 222.875 120
      vertex -338.75 277.125 119.5
    endloop
  endfacet
  facet normal 1 0 0
    outer loop
      vertex -338.75 278.125 120.5
      vertex -338.75 222.875 120
      vertex -338.75 277.125 120
    endloop
  endfacet
  facet normal 1 -0 0
    outer loop
      vertex -338.75 221.875 120.5
      vertex -338.75 222.875 120
      vertex -338.75 278.125 120.5
    endloop
  endfacet
  facet normal 1 0 0
    outer loop
      vertex -338.75 222.875 120
      vertex -338.75 221.875 120.5
      vertex -338.75 221.875 120
    endloop
  endfacet
  facet normal 1 0 0
    outer loop
      vertex -338.75 277.125 119.5
      vertex -338.75 222.875 120
      vertex -338.75 222.875 119.5
    endloop
  endfacet
  facet normal 0 0 1
    outer loop
      vertex -338.75 278.125 120.5
      vertex -345 250 120.5
      vertex -338.75 221.875 120.5
    endloop
  endfacet
  facet normal 0 0 1
    outer loop
      vertex -338.75 278.125 120.5
      vertex -345.381 251.913 120.5
      vertex -345 250 120.5
    endloop
  endfacet
  facet normal 0 0 1
    outer loop
      vertex -338.75 278.125 120.5
      vertex -346.464 253.536 120.5
      vertex -345.381 251.913 120.5
    endloop
  endfacet
  facet normal 0 0 1
    outer loop
      vertex -338.75 278.125 120.5
      vertex -348.087 254.619 120.5
      vertex -346.464 253.536 120.5
    endloop
  endfacet
  facet normal 0 0 1
    outer loop
      vertex -338.75 278.125 120.5
      vertex -350 255 120.5
      vertex -348.087 254.619 120.5
    endloop
  endfacet
  facet normal -0 0 1
    outer loop
      vertex -361.25 278.125 120.5
      vertex -350 255 120.5
      vertex -338.75 278.125 120.5
    endloop
  endfacet
  facet normal 0 0 1
    outer loop
      vertex -350 255 120.5
      vertex -361.25 278.125 120.5
      vertex -351.913 254.619 120.5
    endloop
  endfacet
  facet normal 0 0 1
    outer loop
      vertex -351.913 254.619 120.5
      vertex -361.25 278.125 120.5
      vertex -353.536 253.536 120.5
    endloop
  endfacet
  facet normal 0 0 1
    outer loop
      vertex -354.619 251.913 120.5
      vertex -361.25 278.125 120.5
      vertex -355 250 120.5
    endloop
  endfacet
  facet normal 0 0 1
    outer loop
      vertex -353.536 253.536 120.5
      vertex -361.25 278.125 120.5
      vertex -354.619 251.913 120.5
    endloop
  endfacet
  facet normal -0 0 1
    outer loop
      vertex -345.381 248.087 120.5
      vertex -338.75 221.875 120.5
      vertex -345 250 120.5
    endloop
  endfacet
  facet normal -0 0 1
    outer loop
      vertex -346.464 246.464 120.5
      vertex -338.75 221.875 120.5
      vertex -345.381 248.087 120.5
    endloop
  endfacet
  facet normal -0 0 1
    outer loop
      vertex -348.087 245.381 120.5
      vertex -338.75 221.875 120.5
      vertex -346.464 246.464 120.5
    endloop
  endfacet
  facet normal -0 0 1
    outer loop
      vertex -350 245 120.5
      vertex -338.75 221.875 120.5
      vertex -348.087 245.381 120.5
    endloop
  endfacet
  facet normal 0 0 1
    outer loop
      vertex -361.25 221.875 120.5
      vertex -350 245 120.5
      vertex -351.913 245.381 120.5
    endloop
  endfacet
  facet normal 0 0 1
    outer loop
      vertex -361.25 221.875 120.5
      vertex -351.913 245.381 120.5
      vertex -353.536 246.464 120.5
    endloop
  endfacet
  facet normal 0 0 1
    outer loop
      vertex -361.25 221.875 120.5
      vertex -353.536 246.464 120.5
      vertex -354.619 248.087 120.5
    endloop
  endfacet
  facet normal 0 0 1
    outer loop
      vertex -361.25 221.875 120.5
      vertex -355 250 120.5
      vertex -361.25 278.125 120.5
    endloop
  endfacet
  facet normal 0 0 1
    outer loop
      vertex -350 245 120.5
      vertex -361.25 221.875 120.5
      vertex -338.75 221.875 120.5
    endloop
  endfacet
  facet normal 0 0 1
    outer loop
      vertex -355 250 120.5
      vertex -361.25 221.875 120.5
      vertex -354.619 248.087 120.5
    endloop
  endfacet
  facet normal 0 0 -1
    outer loop
      vertex -361.25 221.875 119.5
      vertex -350 222.875 119.5
      vertex -350 221.875 119.5
    endloop
  endfacet
  facet normal -0 0 -1
    outer loop
      vertex -350 222.875 119.5
      vertex -361.25 221.875 119.5
      vertex -350 277.125 119.5
    endloop
  endfacet
  facet normal 0 0 -1
    outer loop
      vertex -361.25 278.125 119.5
      vertex -350 277.125 119.5
      vertex -361.25 221.875 119.5
    endloop
  endfacet
  facet normal 0 0 -1
    outer loop
      vertex -350 277.125 119.5
      vertex -361.25 278.125 119.5
      vertex -350 278.125 119.5
    endloop
  endfacet
  facet normal 0 0 -1
    outer loop
      vertex -350 222.875 119.5
      vertex -338.75 277.125 119.5
      vertex -338.75 222.875 119.5
    endloop
  endfacet
  facet normal -0 0 -1
    outer loop
      vertex -338.75 277.125 119.5
      vertex -350 222.875 119.5
      vertex -350 277.125 119.5
    endloop
  endfacet
  facet normal -1 0 0
    outer loop
      vertex -361.25 221.875 119.5
      vertex -361.25 278.125 120.5
      vertex -361.25 278.125 119.5
    endloop
  endfacet
  facet normal -1 -0 0
    outer loop
      vertex -361.25 278.125 120.5
      vertex -361.25 221.875 119.5
      vertex -361.25 221.875 120.5
    endloop
  endfacet
  facet normal -0.866037 0 -0.499979
    outer loop
      vertex -304.832 221.875 61.8811
      vertex -305.787 222.875 63.5353
      vertex -304.832 222.875 61.8811
    endloop
  endfacet
  facet normal -0.866037 -0 -0.499979
    outer loop
      vertex -305.787 222.875 63.5353
      vertex -304.832 221.875 61.8811
      vertex -305.787 221.875 63.5353
    endloop
  endfacet
  facet normal -0.866037 0 -0.499979
    outer loop
      vertex -304.832 277.125 61.8811
      vertex -305.787 278.125 63.5353
      vertex -304.832 278.125 61.8811
    endloop
  endfacet
  facet normal -0.866037 -0 -0.499979
    outer loop
      vertex -305.787 278.125 63.5353
      vertex -304.832 277.125 61.8811
      vertex -305.787 277.125 63.5353
    endloop
  endfacet
  facet normal -0.98478 0 -0.173806
    outer loop
      vertex -304.5 221.875 60
      vertex -304.832 222.875 61.8811
      vertex -304.5 222.875 60
    endloop
  endfacet
  facet normal -0.98478 -0 -0.173806
    outer loop
      vertex -304.832 222.875 61.8811
      vertex -304.5 221.875 60
      vertex -304.832 221.875 61.8811
    endloop
  endfacet
  facet normal -0.98478 0 -0.173806
    outer loop
      vertex -304.5 277.125 60
      vertex -304.832 278.125 61.8811
      vertex -304.5 278.125 60
    endloop
  endfacet
  facet normal -0.98478 -0 -0.173806
    outer loop
      vertex -304.832 278.125 61.8811
      vertex -304.5 277.125 60
      vertex -304.832 277.125 61.8811
    endloop
  endfacet
  facet normal 0.98478 -0 0.173806
    outer loop
      vertex -315.5 221.875 60
      vertex -315.168 222.875 58.1189
      vertex -315.5 222.875 60
    endloop
  endfacet
  facet normal 0.98478 0 0.173806
    outer loop
      vertex -315.168 222.875 58.1189
      vertex -315.5 221.875 60
      vertex -315.168 221.875 58.1189
    endloop
  endfacet
  facet normal 0.98478 -0 0.173806
    outer loop
      vertex -315.5 277.125 60
      vertex -315.168 278.125 58.1189
      vertex -315.5 278.125 60
    endloop
  endfacet
  facet normal 0.98478 0 0.173806
    outer loop
      vertex -315.168 278.125 58.1189
      vertex -315.5 277.125 60
      vertex -315.168 277.125 58.1189
    endloop
  endfacet
  facet normal 0.866037 0 -0.499979
    outer loop
      vertex -314.213 221.875 63.5353
      vertex -315.168 222.875 61.8811
      vertex -314.213 222.875 63.5353
    endloop
  endfacet
  facet normal 0.866037 0 -0.499979
    outer loop
      vertex -315.168 222.875 61.8811
      vertex -314.213 221.875 63.5353
      vertex -315.168 221.875 61.8811
    endloop
  endfacet
  facet normal 0.866037 0 -0.499979
    outer loop
      vertex -314.213 277.125 63.5353
      vertex -315.168 278.125 61.8811
      vertex -314.213 278.125 63.5353
    endloop
  endfacet
  facet normal 0.866037 0 -0.499979
    outer loop
      vertex -315.168 278.125 61.8811
      vertex -314.213 277.125 63.5353
      vertex -315.168 277.125 61.8811
    endloop
  endfacet
  facet normal -0.342008 0 0.939697
    outer loop
      vertex -309.045 222.875 54.5836
      vertex -307.25 221.875 55.2369
      vertex -307.25 222.875 55.2369
    endloop
  endfacet
  facet normal -0.342008 0 0.939697
    outer loop
      vertex -307.25 221.875 55.2369
      vertex -309.045 222.875 54.5836
      vertex -309.045 221.875 54.5836
    endloop
  endfacet
  facet normal -0.342008 0 0.939697
    outer loop
      vertex -309.045 278.125 54.5836
      vertex -307.25 277.125 55.2369
      vertex -307.25 278.125 55.2369
    endloop
  endfacet
  facet normal -0.342008 0 0.939697
    outer loop
      vertex -307.25 277.125 55.2369
      vertex -309.045 278.125 54.5836
      vertex -309.045 277.125 54.5836
    endloop
  endfacet
  facet normal -0 0 1
    outer loop
      vertex -310.955 222.875 54.5836
      vertex -309.045 221.875 54.5836
      vertex -309.045 222.875 54.5836
    endloop
  endfacet
  facet normal 0 0 1
    outer loop
      vertex -309.045 221.875 54.5836
      vertex -310.955 222.875 54.5836
      vertex -310.955 221.875 54.5836
    endloop
  endfacet
  facet normal -0 0 1
    outer loop
      vertex -310.955 278.125 54.5836
      vertex -309.045 277.125 54.5836
      vertex -309.045 278.125 54.5836
    endloop
  endfacet
  facet normal 0 0 1
    outer loop
      vertex -309.045 277.125 54.5836
      vertex -310.955 278.125 54.5836
      vertex -310.955 277.125 54.5836
    endloop
  endfacet
  facet normal -0.642848 0 -0.765994
    outer loop
      vertex -307.25 221.875 64.7631
      vertex -305.787 222.875 63.5353
      vertex -305.787 221.875 63.5353
    endloop
  endfacet
  facet normal -0.642848 0 -0.765994
    outer loop
      vertex -305.787 222.875 63.5353
      vertex -307.25 221.875 64.7631
      vertex -307.25 222.875 64.7631
    endloop
  endfacet
  facet normal -0.642848 0 -0.765994
    outer loop
      vertex -307.25 277.125 64.7631
      vertex -305.787 278.125 63.5353
      vertex -305.787 277.125 63.5353
    endloop
  endfacet
  facet normal -0.642848 0 -0.765994
    outer loop
      vertex -305.787 278.125 63.5353
      vertex -307.25 277.125 64.7631
      vertex -307.25 278.125 64.7631
    endloop
  endfacet
  facet normal 0.642848 0 -0.765994
    outer loop
      vertex -314.213 221.875 63.5353
      vertex -312.75 222.875 64.7631
      vertex -312.75 221.875 64.7631
    endloop
  endfacet
  facet normal 0.642848 0 -0.765994
    outer loop
      vertex -312.75 222.875 64.7631
      vertex -314.213 221.875 63.5353
      vertex -314.213 222.875 63.5353
    endloop
  endfacet
  facet normal 0.642848 0 -0.765994
    outer loop
      vertex -314.213 277.125 63.5353
      vertex -312.75 278.125 64.7631
      vertex -312.75 277.125 64.7631
    endloop
  endfacet
  facet normal 0.642848 0 -0.765994
    outer loop
      vertex -312.75 278.125 64.7631
      vertex -314.213 277.125 63.5353
      vertex -314.213 278.125 63.5353
    endloop
  endfacet
  facet normal 0.342008 0 0.939697
    outer loop
      vertex -312.75 222.875 55.2369
      vertex -310.955 221.875 54.5836
      vertex -310.955 222.875 54.5836
    endloop
  endfacet
  facet normal 0.342008 0 0.939697
    outer loop
      vertex -310.955 221.875 54.5836
      vertex -312.75 222.875 55.2369
      vertex -312.75 221.875 55.2369
    endloop
  endfacet
  facet normal 0.342008 0 0.939697
    outer loop
      vertex -312.75 278.125 55.2369
      vertex -310.955 277.125 54.5836
      vertex -310.955 278.125 54.5836
    endloop
  endfacet
  facet normal 0.342008 0 0.939697
    outer loop
      vertex -310.955 277.125 54.5836
      vertex -312.75 278.125 55.2369
      vertex -312.75 277.125 55.2369
    endloop
  endfacet
  facet normal 0.342008 0 -0.939697
    outer loop
      vertex -312.75 221.875 64.7631
      vertex -310.955 222.875 65.4164
      vertex -310.955 221.875 65.4164
    endloop
  endfacet
  facet normal 0.342008 0 -0.939697
    outer loop
      vertex -310.955 222.875 65.4164
      vertex -312.75 221.875 64.7631
      vertex -312.75 222.875 64.7631
    endloop
  endfacet
  facet normal 0.342008 0 -0.939697
    outer loop
      vertex -312.75 277.125 64.7631
      vertex -310.955 278.125 65.4164
      vertex -310.955 277.125 65.4164
    endloop
  endfacet
  facet normal 0.342008 0 -0.939697
    outer loop
      vertex -310.955 278.125 65.4164
      vertex -312.75 277.125 64.7631
      vertex -312.75 278.125 64.7631
    endloop
  endfacet
  facet normal -0.342008 0 -0.939697
    outer loop
      vertex -309.045 221.875 65.4164
      vertex -307.25 222.875 64.7631
      vertex -307.25 221.875 64.7631
    endloop
  endfacet
  facet normal -0.342008 0 -0.939697
    outer loop
      vertex -307.25 222.875 64.7631
      vertex -309.045 221.875 65.4164
      vertex -309.045 222.875 65.4164
    endloop
  endfacet
  facet normal -0.342008 0 -0.939697
    outer loop
      vertex -309.045 277.125 65.4164
      vertex -307.25 278.125 64.7631
      vertex -307.25 277.125 64.7631
    endloop
  endfacet
  facet normal -0.342008 0 -0.939697
    outer loop
      vertex -307.25 278.125 64.7631
      vertex -309.045 277.125 65.4164
      vertex -309.045 278.125 65.4164
    endloop
  endfacet
  facet normal -0.642848 0 0.765994
    outer loop
      vertex -307.25 222.875 55.2369
      vertex -305.787 221.875 56.4647
      vertex -305.787 222.875 56.4647
    endloop
  endfacet
  facet normal -0.642848 0 0.765994
    outer loop
      vertex -305.787 221.875 56.4647
      vertex -307.25 222.875 55.2369
      vertex -307.25 221.875 55.2369
    endloop
  endfacet
  facet normal -0.642848 0 0.765994
    outer loop
      vertex -307.25 278.125 55.2369
      vertex -305.787 277.125 56.4647
      vertex -305.787 278.125 56.4647
    endloop
  endfacet
  facet normal -0.642848 0 0.765994
    outer loop
      vertex -305.787 277.125 56.4647
      vertex -307.25 278.125 55.2369
      vertex -307.25 277.125 55.2369
    endloop
  endfacet
  facet normal 0.98478 0 -0.173806
    outer loop
      vertex -315.168 221.875 61.8811
      vertex -315.5 222.875 60
      vertex -315.168 222.875 61.8811
    endloop
  endfacet
  facet normal 0.98478 0 -0.173806
    outer loop
      vertex -315.5 222.875 60
      vertex -315.168 221.875 61.8811
      vertex -315.5 221.875 60
    endloop
  endfacet
  facet normal 0.98478 0 -0.173806
    outer loop
      vertex -315.168 277.125 61.8811
      vertex -315.5 278.125 60
      vertex -315.168 278.125 61.8811
    endloop
  endfacet
  facet normal 0.98478 0 -0.173806
    outer loop
      vertex -315.5 278.125 60
      vertex -315.168 277.125 61.8811
      vertex -315.5 277.125 60
    endloop
  endfacet
  facet normal -0.98478 0 0.173806
    outer loop
      vertex -304.832 221.875 58.1189
      vertex -304.5 222.875 60
      vertex -304.832 222.875 58.1189
    endloop
  endfacet
  facet normal -0.98478 0 0.173806
    outer loop
      vertex -304.5 222.875 60
      vertex -304.832 221.875 58.1189
      vertex -304.5 221.875 60
    endloop
  endfacet
  facet normal -0.98478 0 0.173806
    outer loop
      vertex -304.832 277.125 58.1189
      vertex -304.5 278.125 60
      vertex -304.832 278.125 58.1189
    endloop
  endfacet
  facet normal -0.98478 0 0.173806
    outer loop
      vertex -304.5 278.125 60
      vertex -304.832 277.125 58.1189
      vertex -304.5 277.125 60
    endloop
  endfacet
  facet normal 0 0 -1
    outer loop
      vertex -310.955 221.875 65.4164
      vertex -309.045 222.875 65.4164
      vertex -309.045 221.875 65.4164
    endloop
  endfacet
  facet normal -0 0 -1
    outer loop
      vertex -309.045 222.875 65.4164
      vertex -310.955 221.875 65.4164
      vertex -310.955 222.875 65.4164
    endloop
  endfacet
  facet normal 0 0 -1
    outer loop
      vertex -310.955 277.125 65.4164
      vertex -309.045 278.125 65.4164
      vertex -309.045 277.125 65.4164
    endloop
  endfacet
  facet normal -0 0 -1
    outer loop
      vertex -309.045 278.125 65.4164
      vertex -310.955 277.125 65.4164
      vertex -310.955 278.125 65.4164
    endloop
  endfacet
  facet normal 0.866037 -0 0.499979
    outer loop
      vertex -315.168 221.875 58.1189
      vertex -314.213 222.875 56.4647
      vertex -315.168 222.875 58.1189
    endloop
  endfacet
  facet normal 0.866037 0 0.499979
    outer loop
      vertex -314.213 222.875 56.4647
      vertex -315.168 221.875 58.1189
      vertex -314.213 221.875 56.4647
    endloop
  endfacet
  facet normal 0.866037 -0 0.499979
    outer loop
      vertex -315.168 277.125 58.1189
      vertex -314.213 278.125 56.4647
      vertex -315.168 278.125 58.1189
    endloop
  endfacet
  facet normal 0.866037 0 0.499979
    outer loop
      vertex -314.213 278.125 56.4647
      vertex -315.168 277.125 58.1189
      vertex -314.213 277.125 56.4647
    endloop
  endfacet
  facet normal -0.866037 0 0.499979
    outer loop
      vertex -305.787 221.875 56.4647
      vertex -304.832 222.875 58.1189
      vertex -305.787 222.875 56.4647
    endloop
  endfacet
  facet normal -0.866037 0 0.499979
    outer loop
      vertex -304.832 222.875 58.1189
      vertex -305.787 221.875 56.4647
      vertex -304.832 221.875 58.1189
    endloop
  endfacet
  facet normal -0.866037 0 0.499979
    outer loop
      vertex -305.787 277.125 56.4647
      vertex -304.832 278.125 58.1189
      vertex -305.787 278.125 56.4647
    endloop
  endfacet
  facet normal -0.866037 0 0.499979
    outer loop
      vertex -304.832 278.125 58.1189
      vertex -305.787 277.125 56.4647
      vertex -304.832 277.125 58.1189
    endloop
  endfacet
  facet normal 0.642848 0 0.765994
    outer loop
      vertex -314.213 222.875 56.4647
      vertex -312.75 221.875 55.2369
      vertex -312.75 222.875 55.2369
    endloop
  endfacet
  facet normal 0.642848 0 0.765994
    outer loop
      vertex -312.75 221.875 55.2369
      vertex -314.213 222.875 56.4647
      vertex -314.213 221.875 56.4647
    endloop
  endfacet
  facet normal 0.642848 0 0.765994
    outer loop
      vertex -314.213 278.125 56.4647
      vertex -312.75 277.125 55.2369
      vertex -312.75 278.125 55.2369
    endloop
  endfacet
  facet normal 0.642848 0 0.765994
    outer loop
      vertex -312.75 277.125 55.2369
      vertex -314.213 278.125 56.4647
      vertex -314.213 277.125 56.4647
    endloop
  endfacet
  facet normal 0.9877 0 -0.156363
    outer loop
      vertex -250.329 227.5 53.7283
      vertex -251.311 272.5 47.5253
      vertex -250.329 272.5 53.7283
    endloop
  endfacet
  facet normal 0.9877 0 -0.156363
    outer loop
      vertex -251.311 272.5 47.5253
      vertex -250.329 227.5 53.7283
      vertex -251.311 227.5 47.5253
    endloop
  endfacet
  facet normal 0.9877 -0 0.156363
    outer loop
      vertex -251.311 227.5 72.4747
      vertex -250.329 272.5 66.2717
      vertex -251.311 272.5 72.4747
    endloop
  endfacet
  facet normal 0.9877 0 0.156363
    outer loop
      vertex -250.329 272.5 66.2717
      vertex -251.311 227.5 72.4747
      vertex -250.329 227.5 66.2717
    endloop
  endfacet
  facet normal 0.998627 -0 0.0523858
    outer loop
      vertex -250.329 227.5 66.2717
      vertex -250 272.5 60
      vertex -250.329 272.5 66.2717
    endloop
  endfacet
  facet normal 0.998627 0 0.0523858
    outer loop
      vertex -250 272.5 60
      vertex -250.329 227.5 66.2717
      vertex -250 227.5 60
    endloop
  endfacet
  facet normal 0.965904 -0 0.258899
    outer loop
      vertex -252.937 227.5 78.541
      vertex -251.311 272.5 72.4747
      vertex -252.937 272.5 78.541
    endloop
  endfacet
  facet normal 0.965904 0 0.258899
    outer loop
      vertex -251.311 272.5 72.4747
      vertex -252.937 227.5 78.541
      vertex -251.311 227.5 72.4747
    endloop
  endfacet
  facet normal 0.838634 -0 0.544696
    outer loop
      vertex -261.459 227.5 95.2671
      vertex -258.038 272.5 90
      vertex -261.459 272.5 95.2671
    endloop
  endfacet
  facet normal 0.838634 0 0.544696
    outer loop
      vertex -258.038 272.5 90
      vertex -261.459 227.5 95.2671
      vertex -258.038 227.5 90
    endloop
  endfacet
  facet normal -0.156363 0 0.9877
    outer loop
      vertex -322.475 272.5 118.689
      vertex -316.272 227.5 119.671
      vertex -316.272 272.5 119.671
    endloop
  endfacet
  facet normal -0.156363 0 0.9877
    outer loop
      vertex -316.272 227.5 119.671
      vertex -322.475 272.5 118.689
      vertex -322.475 227.5 118.689
    endloop
  endfacet
  facet normal -0.965904 0 -0.258899
    outer loop
      vertex -367.063 227.5 41.459
      vertex -368.689 272.5 47.5253
      vertex -367.063 272.5 41.459
    endloop
  endfacet
  facet normal -0.965904 -0 -0.258899
    outer loop
      vertex -368.689 272.5 47.5253
      vertex -367.063 227.5 41.459
      vertex -368.689 227.5 47.5253
    endloop
  endfacet
  facet normal -0.453979 0 -0.891013
    outer loop
      vertex -340 227.5 8.03848
      vertex -334.404 272.5 5.18727
      vertex -334.404 227.5 5.18727
    endloop
  endfacet
  facet normal -0.453979 0 -0.891013
    outer loop
      vertex -334.404 272.5 5.18727
      vertex -340 227.5 8.03848
      vertex -340 272.5 8.03848
    endloop
  endfacet
  facet normal 0.998627 0 -0.0523858
    outer loop
      vertex -250 227.5 60
      vertex -250.329 272.5 53.7283
      vertex -250 272.5 60
    endloop
  endfacet
  facet normal 0.998627 0 -0.0523858
    outer loop
      vertex -250.329 272.5 53.7283
      vertex -250 227.5 60
      vertex -250.329 227.5 53.7283
    endloop
  endfacet
  facet normal 0.258832 0 -0.965922
    outer loop
      vertex -297.525 227.5 1.31114
      vertex -291.459 272.5 2.93661
      vertex -291.459 227.5 2.93661
    endloop
  endfacet
  facet normal 0.258832 0 -0.965922
    outer loop
      vertex -291.459 272.5 2.93661
      vertex -297.525 227.5 1.31114
      vertex -297.525 272.5 1.31114
    endloop
  endfacet
  facet normal -0.629296 0 -0.777166
    outer loop
      vertex -350.148 227.5 15.4113
      vertex -345.267 272.5 11.459
      vertex -345.267 227.5 11.459
    endloop
  endfacet
  facet normal -0.629296 0 -0.777166
    outer loop
      vertex -345.267 272.5 11.459
      vertex -350.148 227.5 15.4113
      vertex -350.148 272.5 15.4113
    endloop
  endfacet
  facet normal -0.156434 0 -0.987688
    outer loop
      vertex -322.475 227.5 1.31114
      vertex -316.272 272.5 0.328687
      vertex -316.272 227.5 0.328687
    endloop
  endfacet
  facet normal -0.156434 0 -0.987688
    outer loop
      vertex -316.272 272.5 0.328687
      vertex -322.475 227.5 1.31114
      vertex -322.475 272.5 1.31114
    endloop
  endfacet
  facet normal -0.707099 0 -0.707115
    outer loop
      vertex -354.589 227.5 19.8522
      vertex -350.148 272.5 15.4113
      vertex -350.148 227.5 15.4113
    endloop
  endfacet
  facet normal -0.707099 0 -0.707115
    outer loop
      vertex -350.148 272.5 15.4113
      vertex -354.589 227.5 19.8522
      vertex -354.589 272.5 19.8522
    endloop
  endfacet
  facet normal -0.965904 0 0.258899
    outer loop
      vertex -368.689 227.5 72.4747
      vertex -367.063 272.5 78.541
      vertex -368.689 272.5 72.4747
    endloop
  endfacet
  facet normal -0.965904 0 0.258899
    outer loop
      vertex -367.063 272.5 78.541
      vertex -368.689 227.5 72.4747
      vertex -367.063 227.5 78.541
    endloop
  endfacet
  facet normal -0.544649 0 -0.838664
    outer loop
      vertex -345.267 227.5 11.459
      vertex -340 272.5 8.03848
      vertex -340 227.5 8.03848
    endloop
  endfacet
  facet normal -0.544649 0 -0.838664
    outer loop
      vertex -340 272.5 8.03848
      vertex -345.267 227.5 11.459
      vertex -345.267 272.5 11.459
    endloop
  endfacet
  facet normal 0.629267 0 0.777189
    outer loop
      vertex -274.733 272.5 108.541
      vertex -269.852 227.5 104.589
      vertex -269.852 272.5 104.589
    endloop
  endfacet
  facet normal 0.629267 0 0.777189
    outer loop
      vertex -269.852 227.5 104.589
      vertex -274.733 272.5 108.541
      vertex -274.733 227.5 108.541
    endloop
  endfacet
  facet normal 0.156363 0 0.9877
    outer loop
      vertex -303.728 272.5 119.671
      vertex -297.525 227.5 118.689
      vertex -297.525 272.5 118.689
    endloop
  endfacet
  facet normal 0.156363 0 0.9877
    outer loop
      vertex -297.525 227.5 118.689
      vertex -303.728 272.5 119.671
      vertex -303.728 227.5 119.671
    endloop
  endfacet
  facet normal 0.544703 0 0.838629
    outer loop
      vertex -280 272.5 111.962
      vertex -274.733 227.5 108.541
      vertex -274.733 272.5 108.541
    endloop
  endfacet
  facet normal 0.544703 0 0.838629
    outer loop
      vertex -274.733 227.5 108.541
      vertex -280 272.5 111.962
      vertex -280 227.5 111.962
    endloop
  endfacet
  facet normal 0.358377 0 -0.933577
    outer loop
      vertex -291.459 227.5 2.93661
      vertex -285.596 272.5 5.18727
      vertex -285.596 227.5 5.18727
    endloop
  endfacet
  facet normal 0.358377 0 -0.933577
    outer loop
      vertex -285.596 272.5 5.18727
      vertex -291.459 227.5 2.93661
      vertex -291.459 272.5 2.93661
    endloop
  endfacet
  facet normal -0.258911 0 0.965901
    outer loop
      vertex -328.541 272.5 117.063
      vertex -322.475 227.5 118.689
      vertex -322.475 272.5 118.689
    endloop
  endfacet
  facet normal -0.258911 0 0.965901
    outer loop
      vertex -322.475 227.5 118.689
      vertex -328.541 272.5 117.063
      vertex -328.541 227.5 117.063
    endloop
  endfacet
  facet normal 0.0523833 0 0.998627
    outer loop
      vertex -310 272.5 120
      vertex -303.728 227.5 119.671
      vertex -303.728 272.5 119.671
    endloop
  endfacet
  facet normal 0.0523833 0 0.998627
    outer loop
      vertex -303.728 227.5 119.671
      vertex -310 272.5 120
      vertex -310 227.5 120
    endloop
  endfacet
  facet normal 0.358285 0 0.933612
    outer loop
      vertex -291.459 272.5 117.063
      vertex -285.596 227.5 114.813
      vertex -285.596 272.5 114.813
    endloop
  endfacet
  facet normal 0.358285 0 0.933612
    outer loop
      vertex -285.596 227.5 114.813
      vertex -291.459 272.5 117.063
      vertex -291.459 227.5 117.063
    endloop
  endfacet
  facet normal 0.965904 0 -0.258899
    outer loop
      vertex -251.311 227.5 47.5253
      vertex -252.937 272.5 41.459
      vertex -251.311 272.5 47.5253
    endloop
  endfacet
  facet normal 0.965904 0 -0.258899
    outer loop
      vertex -252.937 272.5 41.459
      vertex -251.311 227.5 47.5253
      vertex -252.937 227.5 41.459
    endloop
  endfacet
  facet normal 0.453952 0 0.891026
    outer loop
      vertex -285.596 272.5 114.813
      vertex -280 227.5 111.962
      vertex -280 272.5 111.962
    endloop
  endfacet
  facet normal 0.453952 0 0.891026
    outer loop
      vertex -280 227.5 111.962
      vertex -285.596 272.5 114.813
      vertex -285.596 227.5 114.813
    endloop
  endfacet
  facet normal -0.453952 0 0.891026
    outer loop
      vertex -340 272.5 111.962
      vertex -334.404 227.5 114.813
      vertex -334.404 272.5 114.813
    endloop
  endfacet
  facet normal -0.453952 0 0.891026
    outer loop
      vertex -334.404 227.5 114.813
      vertex -340 272.5 111.962
      vertex -340 227.5 111.962
    endloop
  endfacet
  facet normal 0.156434 0 -0.987688
    outer loop
      vertex -303.728 227.5 0.328687
      vertex -297.525 272.5 1.31114
      vertex -297.525 227.5 1.31114
    endloop
  endfacet
  facet normal 0.156434 0 -0.987688
    outer loop
      vertex -297.525 272.5 1.31114
      vertex -303.728 227.5 0.328687
      vertex -303.728 272.5 0.328687
    endloop
  endfacet
  facet normal -0.258832 0 -0.965922
    outer loop
      vertex -328.541 227.5 2.93661
      vertex -322.475 272.5 1.31114
      vertex -322.475 227.5 1.31114
    endloop
  endfacet
  facet normal -0.258832 0 -0.965922
    outer loop
      vertex -322.475 272.5 1.31114
      vertex -328.541 227.5 2.93661
      vertex -328.541 272.5 2.93661
    endloop
  endfacet
  facet normal 0.77717 0 -0.62929
    outer loop
      vertex -261.459 227.5 24.7329
      vertex -265.411 272.5 19.8522
      vertex -261.459 272.5 24.7329
    endloop
  endfacet
  facet normal 0.77717 0 -0.62929
    outer loop
      vertex -265.411 272.5 19.8522
      vertex -261.459 227.5 24.7329
      vertex -265.411 227.5 19.8522
    endloop
  endfacet
  facet normal 0.89102 0 -0.453965
    outer loop
      vertex -255.187 227.5 35.5958
      vertex -258.038 272.5 30
      vertex -255.187 272.5 35.5958
    endloop
  endfacet
  facet normal 0.89102 0 -0.453965
    outer loop
      vertex -258.038 272.5 30
      vertex -255.187 227.5 35.5958
      vertex -258.038 227.5 30
    endloop
  endfacet
  facet normal -0.707107 0 0.707107
    outer loop
      vertex -354.589 227.5 100.148
      vertex -350.148 272.5 104.589
      vertex -354.589 272.5 100.148
    endloop
  endfacet
  facet normal -0.707107 0 0.707107
    outer loop
      vertex -350.148 272.5 104.589
      vertex -354.589 227.5 100.148
      vertex -350.148 227.5 104.589
    endloop
  endfacet
  facet normal 0.0523336 0 -0.99863
    outer loop
      vertex -310 227.5 0
      vertex -303.728 272.5 0.328687
      vertex -303.728 227.5 0.328687
    endloop
  endfacet
  facet normal 0.0523336 0 -0.99863
    outer loop
      vertex -303.728 272.5 0.328687
      vertex -310 227.5 0
      vertex -310 272.5 0
    endloop
  endfacet
  facet normal -0.358285 0 0.933612
    outer loop
      vertex -334.404 272.5 114.813
      vertex -328.541 227.5 117.063
      vertex -328.541 272.5 117.063
    endloop
  endfacet
  facet normal -0.358285 0 0.933612
    outer loop
      vertex -328.541 227.5 117.063
      vertex -334.404 272.5 114.813
      vertex -334.404 227.5 114.813
    endloop
  endfacet
  facet normal -0.0523833 0 0.998627
    outer loop
      vertex -316.272 272.5 119.671
      vertex -310 227.5 120
      vertex -310 272.5 120
    endloop
  endfacet
  facet normal -0.0523833 0 0.998627
    outer loop
      vertex -310 227.5 120
      vertex -316.272 272.5 119.671
      vertex -316.272 227.5 119.671
    endloop
  endfacet
  facet normal 0.453979 0 -0.891013
    outer loop
      vertex -285.596 227.5 5.18727
      vertex -280 272.5 8.03848
      vertex -280 227.5 8.03848
    endloop
  endfacet
  facet normal 0.453979 0 -0.891013
    outer loop
      vertex -280 272.5 8.03848
      vertex -285.596 227.5 5.18727
      vertex -285.596 272.5 5.18727
    endloop
  endfacet
  facet normal -0.933616 0 0.358275
    outer loop
      vertex -367.063 227.5 78.541
      vertex -364.813 272.5 84.4042
      vertex -367.063 272.5 78.541
    endloop
  endfacet
  facet normal -0.933616 0 0.358275
    outer loop
      vertex -364.813 272.5 84.4042
      vertex -367.063 227.5 78.541
      vertex -364.813 227.5 84.4042
    endloop
  endfacet
  facet normal -0.89102 0 0.453965
    outer loop
      vertex -364.813 227.5 84.4042
      vertex -361.962 272.5 90
      vertex -364.813 272.5 84.4042
    endloop
  endfacet
  facet normal -0.89102 0 0.453965
    outer loop
      vertex -361.962 272.5 90
      vertex -364.813 227.5 84.4042
      vertex -361.962 227.5 90
    endloop
  endfacet
  facet normal 0.777183 -0 0.629275
    outer loop
      vertex -265.411 227.5 100.148
      vertex -261.459 272.5 95.2671
      vertex -265.411 272.5 100.148
    endloop
  endfacet
  facet normal 0.777183 0 0.629275
    outer loop
      vertex -261.459 272.5 95.2671
      vertex -265.411 227.5 100.148
      vertex -261.459 227.5 95.2671
    endloop
  endfacet
  facet normal 0.258911 0 0.965901
    outer loop
      vertex -297.525 272.5 118.689
      vertex -291.459 227.5 117.063
      vertex -291.459 272.5 117.063
    endloop
  endfacet
  facet normal 0.258911 0 0.965901
    outer loop
      vertex -291.459 227.5 117.063
      vertex -297.525 272.5 118.689
      vertex -297.525 227.5 118.689
    endloop
  endfacet
  facet normal 0.933616 -0 0.358275
    outer loop
      vertex -255.187 227.5 84.4042
      vertex -252.937 272.5 78.541
      vertex -255.187 272.5 84.4042
    endloop
  endfacet
  facet normal 0.933616 0 0.358275
    outer loop
      vertex -252.937 272.5 78.541
      vertex -255.187 227.5 84.4042
      vertex -252.937 227.5 78.541
    endloop
  endfacet
  facet normal 0.838634 0 -0.544696
    outer loop
      vertex -258.038 227.5 30
      vertex -261.459 272.5 24.7329
      vertex -258.038 272.5 30
    endloop
  endfacet
  facet normal 0.838634 0 -0.544696
    outer loop
      vertex -261.459 272.5 24.7329
      vertex -258.038 227.5 30
      vertex -261.459 227.5 24.7329
    endloop
  endfacet
  facet normal -0.998627 0 -0.0523858
    outer loop
      vertex -369.671 227.5 53.7283
      vertex -370 272.5 60
      vertex -369.671 272.5 53.7283
    endloop
  endfacet
  facet normal -0.998627 -0 -0.0523858
    outer loop
      vertex -370 272.5 60
      vertex -369.671 227.5 53.7283
      vertex -370 227.5 60
    endloop
  endfacet
  facet normal 0 1 0
    outer loop
      vertex -310 272.5 70
      vertex -310 272.5 120
      vertex -303.728 272.5 119.671
    endloop
  endfacet
  facet normal 0 1 0
    outer loop
      vertex -308.955 272.5 69.9452
      vertex -303.728 272.5 119.671
      vertex -297.525 272.5 118.689
    endloop
  endfacet
  facet normal 0 1 0
    outer loop
      vertex -310 272.5 120
      vertex -310 272.5 70
      vertex -316.272 272.5 119.671
    endloop
  endfacet
  facet normal 0 1 0
    outer loop
      vertex -307.921 272.5 69.7815
      vertex -297.525 272.5 118.689
      vertex -291.459 272.5 117.063
    endloop
  endfacet
  facet normal 0 1 -0
    outer loop
      vertex -311.045 272.5 69.9452
      vertex -316.272 272.5 119.671
      vertex -310 272.5 70
    endloop
  endfacet
  facet normal 0 1 0
    outer loop
      vertex -306.91 272.5 69.5106
      vertex -291.459 272.5 117.063
      vertex -285.596 272.5 114.813
    endloop
  endfacet
  facet normal 0 1 0
    outer loop
      vertex -316.272 272.5 119.671
      vertex -311.045 272.5 69.9452
      vertex -322.475 272.5 118.689
    endloop
  endfacet
  facet normal 0 1 0
    outer loop
      vertex -305.933 272.5 69.1355
      vertex -285.596 272.5 114.813
      vertex -280 272.5 111.962
    endloop
  endfacet
  facet normal 0 1 -0
    outer loop
      vertex -312.079 272.5 69.7815
      vertex -322.475 272.5 118.689
      vertex -311.045 272.5 69.9452
    endloop
  endfacet
  facet normal 0 1 0
    outer loop
      vertex -305 272.5 68.6603
      vertex -280 272.5 111.962
      vertex -274.733 272.5 108.541
    endloop
  endfacet
  facet normal 0 1 0
    outer loop
      vertex -322.475 272.5 118.689
      vertex -312.079 272.5 69.7815
      vertex -328.541 272.5 117.063
    endloop
  endfacet
  facet normal 0 1 0
    outer loop
      vertex -304.122 272.5 68.0902
      vertex -274.733 272.5 108.541
      vertex -269.852 272.5 104.589
    endloop
  endfacet
  facet normal 0 1 -0
    outer loop
      vertex -313.09 272.5 69.5106
      vertex -328.541 272.5 117.063
      vertex -312.079 272.5 69.7815
    endloop
  endfacet
  facet normal 0 1 0
    outer loop
      vertex -303.309 272.5 67.4314
      vertex -269.852 272.5 104.589
      vertex -265.411 272.5 100.148
    endloop
  endfacet
  facet normal 0 1 0
    outer loop
      vertex -328.541 272.5 117.063
      vertex -313.09 272.5 69.5106
      vertex -334.404 272.5 114.813
    endloop
  endfacet
  facet normal 0 1 0
    outer loop
      vertex -302.569 272.5 66.6913
      vertex -265.411 272.5 100.148
      vertex -261.459 272.5 95.2671
    endloop
  endfacet
  facet normal 0 1 -0
    outer loop
      vertex -314.067 272.5 69.1355
      vertex -334.404 272.5 114.813
      vertex -313.09 272.5 69.5106
    endloop
  endfacet
  facet normal 0 1 0
    outer loop
      vertex -301.91 272.5 65.8779
      vertex -261.459 272.5 95.2671
      vertex -258.038 272.5 90
    endloop
  endfacet
  facet normal 0 1 0
    outer loop
      vertex -334.404 272.5 114.813
      vertex -314.067 272.5 69.1355
      vertex -340 272.5 111.962
    endloop
  endfacet
  facet normal 0 1 0
    outer loop
      vertex -301.34 272.5 65
      vertex -258.038 272.5 90
      vertex -255.187 272.5 84.4042
    endloop
  endfacet
  facet normal 0 1 -0
    outer loop
      vertex -315 272.5 68.6603
      vertex -340 272.5 111.962
      vertex -314.067 272.5 69.1355
    endloop
  endfacet
  facet normal 0 1 0
    outer loop
      vertex -300.865 272.5 64.0674
      vertex -255.187 272.5 84.4042
      vertex -252.937 272.5 78.541
    endloop
  endfacet
  facet normal 0 1 0
    outer loop
      vertex -340 272.5 111.962
      vertex -315 272.5 68.6603
      vertex -345.267 272.5 108.541
    endloop
  endfacet
  facet normal 0 1 0
    outer loop
      vertex -300.489 272.5 63.0902
      vertex -252.937 272.5 78.541
      vertex -251.311 272.5 72.4747
    endloop
  endfacet
  facet normal 0 1 -0
    outer loop
      vertex -315.878 272.5 68.0902
      vertex -345.267 272.5 108.541
      vertex -315 272.5 68.6603
    endloop
  endfacet
  facet normal 0 1 0
    outer loop
      vertex -345.267 272.5 108.541
      vertex -315.878 272.5 68.0902
      vertex -350.148 272.5 104.589
    endloop
  endfacet
  facet normal 0 1 0
    outer loop
      vertex -303.728 272.5 119.671
      vertex -308.955 272.5 69.9452
      vertex -310 272.5 70
    endloop
  endfacet
  facet normal 0 1 0
    outer loop
      vertex -297.525 272.5 118.689
      vertex -307.921 272.5 69.7815
      vertex -308.955 272.5 69.9452
    endloop
  endfacet
  facet normal 0 1 0
    outer loop
      vertex -291.459 272.5 117.063
      vertex -306.91 272.5 69.5106
      vertex -307.921 272.5 69.7815
    endloop
  endfacet
  facet normal 0 1 0
    outer loop
      vertex -285.596 272.5 114.813
      vertex -305.933 272.5 69.1355
      vertex -306.91 272.5 69.5106
    endloop
  endfacet
  facet normal 0 1 0
    outer loop
      vertex -280 272.5 111.962
      vertex -305 272.5 68.6603
      vertex -305.933 272.5 69.1355
    endloop
  endfacet
  facet normal 0 1 0
    outer loop
      vertex -274.733 272.5 108.541
      vertex -304.122 272.5 68.0902
      vertex -305 272.5 68.6603
    endloop
  endfacet
  facet normal 0 1 0
    outer loop
      vertex -269.852 272.5 104.589
      vertex -303.309 272.5 67.4314
      vertex -304.122 272.5 68.0902
    endloop
  endfacet
  facet normal 0 1 0
    outer loop
      vertex -265.411 272.5 100.148
      vertex -302.569 272.5 66.6913
      vertex -303.309 272.5 67.4314
    endloop
  endfacet
  facet normal 0 1 0
    outer loop
      vertex -300.219 272.5 62.0791
      vertex -251.311 272.5 72.4747
      vertex -250.329 272.5 66.2717
    endloop
  endfacet
  facet normal 0 1 0
    outer loop
      vertex -261.459 272.5 95.2671
      vertex -301.91 272.5 65.8779
      vertex -302.569 272.5 66.6913
    endloop
  endfacet
  facet normal 0 1 0
    outer loop
      vertex -258.038 272.5 90
      vertex -301.34 272.5 65
      vertex -301.91 272.5 65.8779
    endloop
  endfacet
  facet normal 0 1 0
    outer loop
      vertex -255.187 272.5 84.4042
      vertex -300.865 272.5 64.0674
      vertex -301.34 272.5 65
    endloop
  endfacet
  facet normal 0 1 0
    outer loop
      vertex -252.937 272.5 78.541
      vertex -300.489 272.5 63.0902
      vertex -300.865 272.5 64.0674
    endloop
  endfacet
  facet normal 0 1 0
    outer loop
      vertex -251.311 272.5 72.4747
      vertex -300.219 272.5 62.0791
      vertex -300.489 272.5 63.0902
    endloop
  endfacet
  facet normal 0 1 0
    outer loop
      vertex -250.329 272.5 66.2717
      vertex -300.055 272.5 61.0453
      vertex -300.219 272.5 62.0791
    endloop
  endfacet
  facet normal 0 1 0
    outer loop
      vertex -250 272.5 60
      vertex -300.055 272.5 61.0453
      vertex -250.329 272.5 66.2717
    endloop
  endfacet
  facet normal 0 1 0
    outer loop
      vertex -250 272.5 60
      vertex -300 272.5 60
      vertex -300.055 272.5 61.0453
    endloop
  endfacet
  facet normal 0 1 0
    outer loop
      vertex -250 272.5 60
      vertex -300.055 272.5 58.9547
      vertex -300 272.5 60
    endloop
  endfacet
  facet normal 0 1 -0
    outer loop
      vertex -250.329 272.5 53.7283
      vertex -300.055 272.5 58.9547
      vertex -250 272.5 60
    endloop
  endfacet
  facet normal 0 1 0
    outer loop
      vertex -300.055 272.5 58.9547
      vertex -250.329 272.5 53.7283
      vertex -300.219 272.5 57.9209
    endloop
  endfacet
  facet normal 0 1 -0
    outer loop
      vertex -251.311 272.5 47.5253
      vertex -300.219 272.5 57.9209
      vertex -250.329 272.5 53.7283
    endloop
  endfacet
  facet normal 0 1 0
    outer loop
      vertex -300.219 272.5 57.9209
      vertex -251.311 272.5 47.5253
      vertex -300.489 272.5 56.9098
    endloop
  endfacet
  facet normal 0 1 -0
    outer loop
      vertex -252.937 272.5 41.459
      vertex -300.489 272.5 56.9098
      vertex -251.311 272.5 47.5253
    endloop
  endfacet
  facet normal 0 1 0
    outer loop
      vertex -300.489 272.5 56.9098
      vertex -252.937 272.5 41.459
      vertex -300.865 272.5 55.9326
    endloop
  endfacet
  facet normal 0 1 -0
    outer loop
      vertex -255.187 272.5 35.5958
      vertex -300.865 272.5 55.9326
      vertex -252.937 272.5 41.459
    endloop
  endfacet
  facet normal 0 1 0
    outer loop
      vertex -300.865 272.5 55.9326
      vertex -255.187 272.5 35.5958
      vertex -301.34 272.5 55
    endloop
  endfacet
  facet normal 0 1 -0
    outer loop
      vertex -258.038 272.5 30
      vertex -301.34 272.5 55
      vertex -255.187 272.5 35.5958
    endloop
  endfacet
  facet normal 0 1 0
    outer loop
      vertex -301.34 272.5 55
      vertex -258.038 272.5 30
      vertex -301.91 272.5 54.1221
    endloop
  endfacet
  facet normal 0 1 -0
    outer loop
      vertex -261.459 272.5 24.7329
      vertex -301.91 272.5 54.1221
      vertex -258.038 272.5 30
    endloop
  endfacet
  facet normal 0 1 0
    outer loop
      vertex -301.91 272.5 54.1221
      vertex -261.459 272.5 24.7329
      vertex -302.569 272.5 53.3087
    endloop
  endfacet
  facet normal 0 1 -0
    outer loop
      vertex -265.411 272.5 19.8522
      vertex -302.569 272.5 53.3087
      vertex -261.459 272.5 24.7329
    endloop
  endfacet
  facet normal 0 1 0
    outer loop
      vertex -302.569 272.5 53.3087
      vertex -265.411 272.5 19.8522
      vertex -303.309 272.5 52.5686
    endloop
  endfacet
  facet normal 0 1 0
    outer loop
      vertex -303.309 272.5 52.5686
      vertex -269.852 272.5 15.4113
      vertex -304.122 272.5 51.9098
    endloop
  endfacet
  facet normal 0 1 -0
    outer loop
      vertex -269.852 272.5 15.4113
      vertex -303.309 272.5 52.5686
      vertex -265.411 272.5 19.8522
    endloop
  endfacet
  facet normal 0 1 -0
    outer loop
      vertex -316.691 272.5 67.4314
      vertex -350.148 272.5 104.589
      vertex -315.878 272.5 68.0902
    endloop
  endfacet
  facet normal 0 1 0
    outer loop
      vertex -350.148 272.5 104.589
      vertex -316.691 272.5 67.4314
      vertex -354.589 272.5 100.148
    endloop
  endfacet
  facet normal 0 1 -0
    outer loop
      vertex -317.431 272.5 66.6913
      vertex -354.589 272.5 100.148
      vertex -316.691 272.5 67.4314
    endloop
  endfacet
  facet normal 0 1 0
    outer loop
      vertex -354.589 272.5 100.148
      vertex -317.431 272.5 66.6913
      vertex -358.541 272.5 95.2671
    endloop
  endfacet
  facet normal 0 1 -0
    outer loop
      vertex -318.09 272.5 65.8779
      vertex -358.541 272.5 95.2671
      vertex -317.431 272.5 66.6913
    endloop
  endfacet
  facet normal 0 1 0
    outer loop
      vertex -358.541 272.5 95.2671
      vertex -318.09 272.5 65.8779
      vertex -361.962 272.5 90
    endloop
  endfacet
  facet normal 0 1 -0
    outer loop
      vertex -318.66 272.5 65
      vertex -361.962 272.5 90
      vertex -318.09 272.5 65.8779
    endloop
  endfacet
  facet normal 0 1 0
    outer loop
      vertex -361.962 272.5 90
      vertex -318.66 272.5 65
      vertex -364.813 272.5 84.4042
    endloop
  endfacet
  facet normal 0 1 -0
    outer loop
      vertex -319.135 272.5 64.0674
      vertex -364.813 272.5 84.4042
      vertex -318.66 272.5 65
    endloop
  endfacet
  facet normal 0 1 0
    outer loop
      vertex -364.813 272.5 84.4042
      vertex -319.135 272.5 64.0674
      vertex -367.063 272.5 78.541
    endloop
  endfacet
  facet normal 0 1 -0
    outer loop
      vertex -319.511 272.5 63.0902
      vertex -367.063 272.5 78.541
      vertex -319.135 272.5 64.0674
    endloop
  endfacet
  facet normal 0 1 0
    outer loop
      vertex -367.063 272.5 78.541
      vertex -319.511 272.5 63.0902
      vertex -368.689 272.5 72.4747
    endloop
  endfacet
  facet normal 0 1 -0
    outer loop
      vertex -319.781 272.5 62.0791
      vertex -368.689 272.5 72.4747
      vertex -319.511 272.5 63.0902
    endloop
  endfacet
  facet normal 0 1 0
    outer loop
      vertex -368.689 272.5 72.4747
      vertex -319.781 272.5 62.0791
      vertex -369.671 272.5 66.2717
    endloop
  endfacet
  facet normal 0 1 -0
    outer loop
      vertex -319.945 272.5 61.0453
      vertex -369.671 272.5 66.2717
      vertex -319.781 272.5 62.0791
    endloop
  endfacet
  facet normal 0 1 -0
    outer loop
      vertex -320 272.5 60
      vertex -369.671 272.5 66.2717
      vertex -319.945 272.5 61.0453
    endloop
  endfacet
  facet normal 0 1 0
    outer loop
      vertex -320 272.5 60
      vertex -370 272.5 60
      vertex -369.671 272.5 66.2717
    endloop
  endfacet
  facet normal 0 1 0
    outer loop
      vertex -319.945 272.5 58.9547
      vertex -370 272.5 60
      vertex -320 272.5 60
    endloop
  endfacet
  facet normal 0 1 0
    outer loop
      vertex -369.671 272.5 53.7283
      vertex -319.945 272.5 58.9547
      vertex -319.781 272.5 57.9209
    endloop
  endfacet
  facet normal 0 1 0
    outer loop
      vertex -368.689 272.5 47.5253
      vertex -319.781 272.5 57.9209
      vertex -319.511 272.5 56.9098
    endloop
  endfacet
  facet normal 0 1 0
    outer loop
      vertex -367.063 272.5 41.459
      vertex -319.511 272.5 56.9098
      vertex -319.135 272.5 55.9326
    endloop
  endfacet
  facet normal 0 1 0
    outer loop
      vertex -364.813 272.5 35.5958
      vertex -319.135 272.5 55.9326
      vertex -318.66 272.5 55
    endloop
  endfacet
  facet normal 0 1 0
    outer loop
      vertex -361.962 272.5 30
      vertex -318.66 272.5 55
      vertex -318.09 272.5 54.1221
    endloop
  endfacet
  facet normal 0 1 0
    outer loop
      vertex -319.945 272.5 58.9547
      vertex -369.671 272.5 53.7283
      vertex -370 272.5 60
    endloop
  endfacet
  facet normal 0 1 0
    outer loop
      vertex -358.541 272.5 24.7329
      vertex -318.09 272.5 54.1221
      vertex -317.431 272.5 53.3087
    endloop
  endfacet
  facet normal 0 1 0
    outer loop
      vertex -354.589 272.5 19.8522
      vertex -317.431 272.5 53.3087
      vertex -316.691 272.5 52.5686
    endloop
  endfacet
  facet normal 0 1 0
    outer loop
      vertex -350.148 272.5 15.4113
      vertex -316.691 272.5 52.5686
      vertex -315.878 272.5 51.9098
    endloop
  endfacet
  facet normal 0 1 0
    outer loop
      vertex -345.267 272.5 11.459
      vertex -315.878 272.5 51.9098
      vertex -315 272.5 51.3397
    endloop
  endfacet
  facet normal 0 1 0
    outer loop
      vertex -340 272.5 8.03848
      vertex -315 272.5 51.3397
      vertex -314.067 272.5 50.8645
    endloop
  endfacet
  facet normal 0 1 0
    outer loop
      vertex -334.404 272.5 5.18727
      vertex -314.067 272.5 50.8645
      vertex -313.09 272.5 50.4894
    endloop
  endfacet
  facet normal 0 1 0
    outer loop
      vertex -328.541 272.5 2.93661
      vertex -313.09 272.5 50.4894
      vertex -312.079 272.5 50.2185
    endloop
  endfacet
  facet normal 0 1 0
    outer loop
      vertex -322.475 272.5 1.31114
      vertex -312.079 272.5 50.2185
      vertex -311.045 272.5 50.0548
    endloop
  endfacet
  facet normal 0 1 0
    outer loop
      vertex -319.781 272.5 57.9209
      vertex -368.689 272.5 47.5253
      vertex -369.671 272.5 53.7283
    endloop
  endfacet
  facet normal 0 1 0
    outer loop
      vertex -316.272 272.5 0.328687
      vertex -311.045 272.5 50.0548
      vertex -310 272.5 50
    endloop
  endfacet
  facet normal 0 1 -0
    outer loop
      vertex -274.733 272.5 11.459
      vertex -304.122 272.5 51.9098
      vertex -269.852 272.5 15.4113
    endloop
  endfacet
  facet normal 0 1 0
    outer loop
      vertex -304.122 272.5 51.9098
      vertex -274.733 272.5 11.459
      vertex -305 272.5 51.3397
    endloop
  endfacet
  facet normal 0 1 0
    outer loop
      vertex -319.511 272.5 56.9098
      vertex -367.063 272.5 41.459
      vertex -368.689 272.5 47.5253
    endloop
  endfacet
  facet normal 0 1 -0
    outer loop
      vertex -280 272.5 8.03848
      vertex -305 272.5 51.3397
      vertex -274.733 272.5 11.459
    endloop
  endfacet
  facet normal 0 1 0
    outer loop
      vertex -319.135 272.5 55.9326
      vertex -364.813 272.5 35.5958
      vertex -367.063 272.5 41.459
    endloop
  endfacet
  facet normal 0 1 0
    outer loop
      vertex -305 272.5 51.3397
      vertex -280 272.5 8.03848
      vertex -305.933 272.5 50.8645
    endloop
  endfacet
  facet normal 0 1 0
    outer loop
      vertex -318.66 272.5 55
      vertex -361.962 272.5 30
      vertex -364.813 272.5 35.5958
    endloop
  endfacet
  facet normal 0 1 -0
    outer loop
      vertex -285.596 272.5 5.18727
      vertex -305.933 272.5 50.8645
      vertex -280 272.5 8.03848
    endloop
  endfacet
  facet normal 0 1 0
    outer loop
      vertex -318.09 272.5 54.1221
      vertex -358.541 272.5 24.7329
      vertex -361.962 272.5 30
    endloop
  endfacet
  facet normal 0 1 0
    outer loop
      vertex -305.933 272.5 50.8645
      vertex -285.596 272.5 5.18727
      vertex -306.91 272.5 50.4894
    endloop
  endfacet
  facet normal 0 1 0
    outer loop
      vertex -317.431 272.5 53.3087
      vertex -354.589 272.5 19.8522
      vertex -358.541 272.5 24.7329
    endloop
  endfacet
  facet normal 0 1 -0
    outer loop
      vertex -291.459 272.5 2.93661
      vertex -306.91 272.5 50.4894
      vertex -285.596 272.5 5.18727
    endloop
  endfacet
  facet normal 0 1 0
    outer loop
      vertex -316.691 272.5 52.5686
      vertex -350.148 272.5 15.4113
      vertex -354.589 272.5 19.8522
    endloop
  endfacet
  facet normal 0 1 0
    outer loop
      vertex -306.91 272.5 50.4894
      vertex -291.459 272.5 2.93661
      vertex -307.921 272.5 50.2185
    endloop
  endfacet
  facet normal 0 1 0
    outer loop
      vertex -315.878 272.5 51.9098
      vertex -345.267 272.5 11.459
      vertex -350.148 272.5 15.4113
    endloop
  endfacet
  facet normal 0 1 -0
    outer loop
      vertex -297.525 272.5 1.31114
      vertex -307.921 272.5 50.2185
      vertex -291.459 272.5 2.93661
    endloop
  endfacet
  facet normal 0 1 0
    outer loop
      vertex -315 272.5 51.3397
      vertex -340 272.5 8.03848
      vertex -345.267 272.5 11.459
    endloop
  endfacet
  facet normal 0 1 0
    outer loop
      vertex -307.921 272.5 50.2185
      vertex -297.525 272.5 1.31114
      vertex -308.955 272.5 50.0548
    endloop
  endfacet
  facet normal 0 1 0
    outer loop
      vertex -314.067 272.5 50.8645
      vertex -334.404 272.5 5.18727
      vertex -340 272.5 8.03848
    endloop
  endfacet
  facet normal 0 1 -0
    outer loop
      vertex -303.728 272.5 0.328687
      vertex -308.955 272.5 50.0548
      vertex -297.525 272.5 1.31114
    endloop
  endfacet
  facet normal 0 1 0
    outer loop
      vertex -313.09 272.5 50.4894
      vertex -328.541 272.5 2.93661
      vertex -334.404 272.5 5.18727
    endloop
  endfacet
  facet normal 0 1 0
    outer loop
      vertex -308.955 272.5 50.0548
      vertex -303.728 272.5 0.328687
      vertex -310 272.5 50
    endloop
  endfacet
  facet normal 0 1 0
    outer loop
      vertex -312.079 272.5 50.2185
      vertex -322.475 272.5 1.31114
      vertex -328.541 272.5 2.93661
    endloop
  endfacet
  facet normal 0 1 0
    outer loop
      vertex -310 272.5 0
      vertex -310 272.5 50
      vertex -303.728 272.5 0.328687
    endloop
  endfacet
  facet normal 0 1 0
    outer loop
      vertex -311.045 272.5 50.0548
      vertex -316.272 272.5 0.328687
      vertex -322.475 272.5 1.31114
    endloop
  endfacet
  facet normal 0 1 0
    outer loop
      vertex -310 272.5 50
      vertex -310 272.5 0
      vertex -316.272 272.5 0.328687
    endloop
  endfacet
  facet normal 0.707107 -0 0.707107
    outer loop
      vertex -269.852 227.5 104.589
      vertex -265.411 272.5 100.148
      vertex -269.852 272.5 104.589
    endloop
  endfacet
  facet normal 0.707107 0 0.707107
    outer loop
      vertex -265.411 272.5 100.148
      vertex -269.852 227.5 104.589
      vertex -265.411 227.5 100.148
    endloop
  endfacet
  facet normal 0.89102 -0 0.453965
    outer loop
      vertex -258.038 227.5 90
      vertex -255.187 272.5 84.4042
      vertex -258.038 272.5 90
    endloop
  endfacet
  facet normal 0.89102 0 0.453965
    outer loop
      vertex -255.187 272.5 84.4042
      vertex -258.038 227.5 90
      vertex -255.187 227.5 84.4042
    endloop
  endfacet
  facet normal -0.838634 0 0.544696
    outer loop
      vertex -361.962 227.5 90
      vertex -358.541 272.5 95.2671
      vertex -361.962 272.5 90
    endloop
  endfacet
  facet normal -0.838634 0 0.544696
    outer loop
      vertex -358.541 272.5 95.2671
      vertex -361.962 227.5 90
      vertex -358.541 227.5 95.2671
    endloop
  endfacet
  facet normal -0.9877 0 0.156363
    outer loop
      vertex -369.671 227.5 66.2717
      vertex -368.689 272.5 72.4747
      vertex -369.671 272.5 66.2717
    endloop
  endfacet
  facet normal -0.9877 0 0.156363
    outer loop
      vertex -368.689 272.5 72.4747
      vertex -369.671 227.5 66.2717
      vertex -368.689 227.5 72.4747
    endloop
  endfacet
  facet normal 0 -1 0
    outer loop
      vertex -310 227.5 70
      vertex -310 227.5 120
      vertex -316.272 227.5 119.671
    endloop
  endfacet
  facet normal 0 -1 0
    outer loop
      vertex -311.045 227.5 69.9452
      vertex -316.272 227.5 119.671
      vertex -322.475 227.5 118.689
    endloop
  endfacet
  facet normal 0 -1 0
    outer loop
      vertex -310 227.5 120
      vertex -310 227.5 70
      vertex -303.728 227.5 119.671
    endloop
  endfacet
  facet normal 0 -1 0
    outer loop
      vertex -312.079 227.5 69.7815
      vertex -322.475 227.5 118.689
      vertex -328.541 227.5 117.063
    endloop
  endfacet
  facet normal 0 -1 0
    outer loop
      vertex -308.955 227.5 69.9452
      vertex -303.728 227.5 119.671
      vertex -310 227.5 70
    endloop
  endfacet
  facet normal 0 -1 0
    outer loop
      vertex -313.09 227.5 69.5106
      vertex -328.541 227.5 117.063
      vertex -334.404 227.5 114.813
    endloop
  endfacet
  facet normal 0 -1 -0
    outer loop
      vertex -303.728 227.5 119.671
      vertex -308.955 227.5 69.9452
      vertex -297.525 227.5 118.689
    endloop
  endfacet
  facet normal 0 -1 0
    outer loop
      vertex -314.067 227.5 69.1355
      vertex -334.404 227.5 114.813
      vertex -340 227.5 111.962
    endloop
  endfacet
  facet normal 0 -1 0
    outer loop
      vertex -307.921 227.5 69.7815
      vertex -297.525 227.5 118.689
      vertex -308.955 227.5 69.9452
    endloop
  endfacet
  facet normal 0 -1 0
    outer loop
      vertex -315 227.5 68.6603
      vertex -340 227.5 111.962
      vertex -345.267 227.5 108.541
    endloop
  endfacet
  facet normal 0 -1 -0
    outer loop
      vertex -297.525 227.5 118.689
      vertex -307.921 227.5 69.7815
      vertex -291.459 227.5 117.063
    endloop
  endfacet
  facet normal 0 -1 0
    outer loop
      vertex -315.878 227.5 68.0902
      vertex -345.267 227.5 108.541
      vertex -350.148 227.5 104.589
    endloop
  endfacet
  facet normal 0 -1 0
    outer loop
      vertex -306.91 227.5 69.5106
      vertex -291.459 227.5 117.063
      vertex -307.921 227.5 69.7815
    endloop
  endfacet
  facet normal 0 -1 0
    outer loop
      vertex -316.691 227.5 67.4314
      vertex -350.148 227.5 104.589
      vertex -354.589 227.5 100.148
    endloop
  endfacet
  facet normal 0 -1 -0
    outer loop
      vertex -291.459 227.5 117.063
      vertex -306.91 227.5 69.5106
      vertex -285.596 227.5 114.813
    endloop
  endfacet
  facet normal 0 -1 0
    outer loop
      vertex -317.431 227.5 66.6913
      vertex -354.589 227.5 100.148
      vertex -358.541 227.5 95.2671
    endloop
  endfacet
  facet normal 0 -1 0
    outer loop
      vertex -305.933 227.5 69.1355
      vertex -285.596 227.5 114.813
      vertex -306.91 227.5 69.5106
    endloop
  endfacet
  facet normal 0 -1 0
    outer loop
      vertex -318.09 227.5 65.8779
      vertex -358.541 227.5 95.2671
      vertex -361.962 227.5 90
    endloop
  endfacet
  facet normal 0 -1 -0
    outer loop
      vertex -285.596 227.5 114.813
      vertex -305.933 227.5 69.1355
      vertex -280 227.5 111.962
    endloop
  endfacet
  facet normal 0 -1 0
    outer loop
      vertex -318.66 227.5 65
      vertex -361.962 227.5 90
      vertex -364.813 227.5 84.4042
    endloop
  endfacet
  facet normal 0 -1 0
    outer loop
      vertex -305 227.5 68.6603
      vertex -280 227.5 111.962
      vertex -305.933 227.5 69.1355
    endloop
  endfacet
  facet normal 0 -1 0
    outer loop
      vertex -319.135 227.5 64.0674
      vertex -364.813 227.5 84.4042
      vertex -367.063 227.5 78.541
    endloop
  endfacet
  facet normal 0 -1 -0
    outer loop
      vertex -280 227.5 111.962
      vertex -305 227.5 68.6603
      vertex -274.733 227.5 108.541
    endloop
  endfacet
  facet normal 0 -1 0
    outer loop
      vertex -319.511 227.5 63.0902
      vertex -367.063 227.5 78.541
      vertex -368.689 227.5 72.4747
    endloop
  endfacet
  facet normal 0 -1 0
    outer loop
      vertex -304.122 227.5 68.0902
      vertex -274.733 227.5 108.541
      vertex -305 227.5 68.6603
    endloop
  endfacet
  facet normal 0 -1 -0
    outer loop
      vertex -274.733 227.5 108.541
      vertex -304.122 227.5 68.0902
      vertex -269.852 227.5 104.589
    endloop
  endfacet
  facet normal 0 -1 0
    outer loop
      vertex -316.272 227.5 119.671
      vertex -311.045 227.5 69.9452
      vertex -310 227.5 70
    endloop
  endfacet
  facet normal 0 -1 0
    outer loop
      vertex -322.475 227.5 118.689
      vertex -312.079 227.5 69.7815
      vertex -311.045 227.5 69.9452
    endloop
  endfacet
  facet normal 0 -1 0
    outer loop
      vertex -328.541 227.5 117.063
      vertex -313.09 227.5 69.5106
      vertex -312.079 227.5 69.7815
    endloop
  endfacet
  facet normal 0 -1 0
    outer loop
      vertex -334.404 227.5 114.813
      vertex -314.067 227.5 69.1355
      vertex -313.09 227.5 69.5106
    endloop
  endfacet
  facet normal 0 -1 0
    outer loop
      vertex -340 227.5 111.962
      vertex -315 227.5 68.6603
      vertex -314.067 227.5 69.1355
    endloop
  endfacet
  facet normal 0 -1 0
    outer loop
      vertex -345.267 227.5 108.541
      vertex -315.878 227.5 68.0902
      vertex -315 227.5 68.6603
    endloop
  endfacet
  facet normal 0 -1 0
    outer loop
      vertex -350.148 227.5 104.589
      vertex -316.691 227.5 67.4314
      vertex -315.878 227.5 68.0902
    endloop
  endfacet
  facet normal 0 -1 0
    outer loop
      vertex -354.589 227.5 100.148
      vertex -317.431 227.5 66.6913
      vertex -316.691 227.5 67.4314
    endloop
  endfacet
  facet normal 0 -1 0
    outer loop
      vertex -319.781 227.5 62.0791
      vertex -368.689 227.5 72.4747
      vertex -369.671 227.5 66.2717
    endloop
  endfacet
  facet normal 0 -1 0
    outer loop
      vertex -358.541 227.5 95.2671
      vertex -318.09 227.5 65.8779
      vertex -317.431 227.5 66.6913
    endloop
  endfacet
  facet normal 0 -1 0
    outer loop
      vertex -361.962 227.5 90
      vertex -318.66 227.5 65
      vertex -318.09 227.5 65.8779
    endloop
  endfacet
  facet normal 0 -1 0
    outer loop
      vertex -364.813 227.5 84.4042
      vertex -319.135 227.5 64.0674
      vertex -318.66 227.5 65
    endloop
  endfacet
  facet normal 0 -1 0
    outer loop
      vertex -367.063 227.5 78.541
      vertex -319.511 227.5 63.0902
      vertex -319.135 227.5 64.0674
    endloop
  endfacet
  facet normal 0 -1 0
    outer loop
      vertex -368.689 227.5 72.4747
      vertex -319.781 227.5 62.0791
      vertex -319.511 227.5 63.0902
    endloop
  endfacet
  facet normal 0 -1 0
    outer loop
      vertex -369.671 227.5 66.2717
      vertex -319.945 227.5 61.0453
      vertex -319.781 227.5 62.0791
    endloop
  endfacet
  facet normal 0 -1 0
    outer loop
      vertex -370 227.5 60
      vertex -319.945 227.5 61.0453
      vertex -369.671 227.5 66.2717
    endloop
  endfacet
  facet normal 0 -1 0
    outer loop
      vertex -370 227.5 60
      vertex -320 227.5 60
      vertex -319.945 227.5 61.0453
    endloop
  endfacet
  facet normal 0 -1 0
    outer loop
      vertex -370 227.5 60
      vertex -319.945 227.5 58.9547
      vertex -320 227.5 60
    endloop
  endfacet
  facet normal 0 -1 0
    outer loop
      vertex -369.671 227.5 53.7283
      vertex -319.945 227.5 58.9547
      vertex -370 227.5 60
    endloop
  endfacet
  facet normal 0 -1 -0
    outer loop
      vertex -319.945 227.5 58.9547
      vertex -369.671 227.5 53.7283
      vertex -319.781 227.5 57.9209
    endloop
  endfacet
  facet normal 0 -1 0
    outer loop
      vertex -368.689 227.5 47.5253
      vertex -319.781 227.5 57.9209
      vertex -369.671 227.5 53.7283
    endloop
  endfacet
  facet normal 0 -1 -0
    outer loop
      vertex -319.781 227.5 57.9209
      vertex -368.689 227.5 47.5253
      vertex -319.511 227.5 56.9098
    endloop
  endfacet
  facet normal 0 -1 0
    outer loop
      vertex -367.063 227.5 41.459
      vertex -319.511 227.5 56.9098
      vertex -368.689 227.5 47.5253
    endloop
  endfacet
  facet normal 0 -1 -0
    outer loop
      vertex -319.511 227.5 56.9098
      vertex -367.063 227.5 41.459
      vertex -319.135 227.5 55.9326
    endloop
  endfacet
  facet normal 0 -1 0
    outer loop
      vertex -364.813 227.5 35.5958
      vertex -319.135 227.5 55.9326
      vertex -367.063 227.5 41.459
    endloop
  endfacet
  facet normal 0 -1 -0
    outer loop
      vertex -319.135 227.5 55.9326
      vertex -364.813 227.5 35.5958
      vertex -318.66 227.5 55
    endloop
  endfacet
  facet normal 0 -1 0
    outer loop
      vertex -361.962 227.5 30
      vertex -318.66 227.5 55
      vertex -364.813 227.5 35.5958
    endloop
  endfacet
  facet normal 0 -1 -0
    outer loop
      vertex -318.66 227.5 55
      vertex -361.962 227.5 30
      vertex -318.09 227.5 54.1221
    endloop
  endfacet
  facet normal 0 -1 0
    outer loop
      vertex -358.541 227.5 24.7329
      vertex -318.09 227.5 54.1221
      vertex -361.962 227.5 30
    endloop
  endfacet
  facet normal 0 -1 -0
    outer loop
      vertex -318.09 227.5 54.1221
      vertex -358.541 227.5 24.7329
      vertex -317.431 227.5 53.3087
    endloop
  endfacet
  facet normal 0 -1 0
    outer loop
      vertex -354.589 227.5 19.8522
      vertex -317.431 227.5 53.3087
      vertex -358.541 227.5 24.7329
    endloop
  endfacet
  facet normal 0 -1 -0
    outer loop
      vertex -317.431 227.5 53.3087
      vertex -354.589 227.5 19.8522
      vertex -316.691 227.5 52.5686
    endloop
  endfacet
  facet normal 0 -1 -0
    outer loop
      vertex -316.691 227.5 52.5686
      vertex -350.148 227.5 15.4113
      vertex -315.878 227.5 51.9098
    endloop
  endfacet
  facet normal 0 -1 0
    outer loop
      vertex -350.148 227.5 15.4113
      vertex -316.691 227.5 52.5686
      vertex -354.589 227.5 19.8522
    endloop
  endfacet
  facet normal 0 -1 0
    outer loop
      vertex -303.309 227.5 67.4314
      vertex -269.852 227.5 104.589
      vertex -304.122 227.5 68.0902
    endloop
  endfacet
  facet normal 0 -1 -0
    outer loop
      vertex -269.852 227.5 104.589
      vertex -303.309 227.5 67.4314
      vertex -265.411 227.5 100.148
    endloop
  endfacet
  facet normal 0 -1 0
    outer loop
      vertex -302.569 227.5 66.6913
      vertex -265.411 227.5 100.148
      vertex -303.309 227.5 67.4314
    endloop
  endfacet
  facet normal 0 -1 -0
    outer loop
      vertex -265.411 227.5 100.148
      vertex -302.569 227.5 66.6913
      vertex -261.459 227.5 95.2671
    endloop
  endfacet
  facet normal 0 -1 0
    outer loop
      vertex -301.91 227.5 65.8779
      vertex -261.459 227.5 95.2671
      vertex -302.569 227.5 66.6913
    endloop
  endfacet
  facet normal 0 -1 -0
    outer loop
      vertex -261.459 227.5 95.2671
      vertex -301.91 227.5 65.8779
      vertex -258.038 227.5 90
    endloop
  endfacet
  facet normal 0 -1 0
    outer loop
      vertex -301.34 227.5 65
      vertex -258.038 227.5 90
      vertex -301.91 227.5 65.8779
    endloop
  endfacet
  facet normal 0 -1 -0
    outer loop
      vertex -258.038 227.5 90
      vertex -301.34 227.5 65
      vertex -255.187 227.5 84.4042
    endloop
  endfacet
  facet normal 0 -1 0
    outer loop
      vertex -300.865 227.5 64.0674
      vertex -255.187 227.5 84.4042
      vertex -301.34 227.5 65
    endloop
  endfacet
  facet normal 0 -1 -0
    outer loop
      vertex -255.187 227.5 84.4042
      vertex -300.865 227.5 64.0674
      vertex -252.937 227.5 78.541
    endloop
  endfacet
  facet normal 0 -1 0
    outer loop
      vertex -300.489 227.5 63.0902
      vertex -252.937 227.5 78.541
      vertex -300.865 227.5 64.0674
    endloop
  endfacet
  facet normal 0 -1 -0
    outer loop
      vertex -252.937 227.5 78.541
      vertex -300.489 227.5 63.0902
      vertex -251.311 227.5 72.4747
    endloop
  endfacet
  facet normal 0 -1 0
    outer loop
      vertex -300.219 227.5 62.0791
      vertex -251.311 227.5 72.4747
      vertex -300.489 227.5 63.0902
    endloop
  endfacet
  facet normal 0 -1 -0
    outer loop
      vertex -251.311 227.5 72.4747
      vertex -300.219 227.5 62.0791
      vertex -250.329 227.5 66.2717
    endloop
  endfacet
  facet normal 0 -1 0
    outer loop
      vertex -300.055 227.5 61.0453
      vertex -250.329 227.5 66.2717
      vertex -300.219 227.5 62.0791
    endloop
  endfacet
  facet normal 0 -1 0
    outer loop
      vertex -300 227.5 60
      vertex -250.329 227.5 66.2717
      vertex -300.055 227.5 61.0453
    endloop
  endfacet
  facet normal 0 -1 0
    outer loop
      vertex -300 227.5 60
      vertex -250 227.5 60
      vertex -250.329 227.5 66.2717
    endloop
  endfacet
  facet normal 0 -1 0
    outer loop
      vertex -300.055 227.5 58.9547
      vertex -250 227.5 60
      vertex -300 227.5 60
    endloop
  endfacet
  facet normal 0 -1 0
    outer loop
      vertex -250.329 227.5 53.7283
      vertex -300.055 227.5 58.9547
      vertex -300.219 227.5 57.9209
    endloop
  endfacet
  facet normal 0 -1 0
    outer loop
      vertex -251.311 227.5 47.5253
      vertex -300.219 227.5 57.9209
      vertex -300.489 227.5 56.9098
    endloop
  endfacet
  facet normal 0 -1 0
    outer loop
      vertex -252.937 227.5 41.459
      vertex -300.489 227.5 56.9098
      vertex -300.865 227.5 55.9326
    endloop
  endfacet
  facet normal 0 -1 0
    outer loop
      vertex -255.187 227.5 35.5958
      vertex -300.865 227.5 55.9326
      vertex -301.34 227.5 55
    endloop
  endfacet
  facet normal 0 -1 0
    outer loop
      vertex -258.038 227.5 30
      vertex -301.34 227.5 55
      vertex -301.91 227.5 54.1221
    endloop
  endfacet
  facet normal 0 -1 0
    outer loop
      vertex -300.055 227.5 58.9547
      vertex -250.329 227.5 53.7283
      vertex -250 227.5 60
    endloop
  endfacet
  facet normal 0 -1 0
    outer loop
      vertex -261.459 227.5 24.7329
      vertex -301.91 227.5 54.1221
      vertex -302.569 227.5 53.3087
    endloop
  endfacet
  facet normal 0 -1 0
    outer loop
      vertex -265.411 227.5 19.8522
      vertex -302.569 227.5 53.3087
      vertex -303.309 227.5 52.5686
    endloop
  endfacet
  facet normal 0 -1 0
    outer loop
      vertex -269.852 227.5 15.4113
      vertex -303.309 227.5 52.5686
      vertex -304.122 227.5 51.9098
    endloop
  endfacet
  facet normal 0 -1 0
    outer loop
      vertex -274.733 227.5 11.459
      vertex -304.122 227.5 51.9098
      vertex -305 227.5 51.3397
    endloop
  endfacet
  facet normal 0 -1 0
    outer loop
      vertex -280 227.5 8.03848
      vertex -305 227.5 51.3397
      vertex -305.933 227.5 50.8645
    endloop
  endfacet
  facet normal 0 -1 0
    outer loop
      vertex -285.596 227.5 5.18727
      vertex -305.933 227.5 50.8645
      vertex -306.91 227.5 50.4894
    endloop
  endfacet
  facet normal 0 -1 0
    outer loop
      vertex -291.459 227.5 2.93661
      vertex -306.91 227.5 50.4894
      vertex -307.921 227.5 50.2185
    endloop
  endfacet
  facet normal 0 -1 0
    outer loop
      vertex -297.525 227.5 1.31114
      vertex -307.921 227.5 50.2185
      vertex -308.955 227.5 50.0548
    endloop
  endfacet
  facet normal 0 -1 0
    outer loop
      vertex -300.219 227.5 57.9209
      vertex -251.311 227.5 47.5253
      vertex -250.329 227.5 53.7283
    endloop
  endfacet
  facet normal 0 -1 0
    outer loop
      vertex -303.728 227.5 0.328687
      vertex -308.955 227.5 50.0548
      vertex -310 227.5 50
    endloop
  endfacet
  facet normal 0 -1 0
    outer loop
      vertex -345.267 227.5 11.459
      vertex -315.878 227.5 51.9098
      vertex -350.148 227.5 15.4113
    endloop
  endfacet
  facet normal 0 -1 -0
    outer loop
      vertex -315.878 227.5 51.9098
      vertex -345.267 227.5 11.459
      vertex -315 227.5 51.3397
    endloop
  endfacet
  facet normal 0 -1 0
    outer loop
      vertex -300.489 227.5 56.9098
      vertex -252.937 227.5 41.459
      vertex -251.311 227.5 47.5253
    endloop
  endfacet
  facet normal 0 -1 0
    outer loop
      vertex -340 227.5 8.03848
      vertex -315 227.5 51.3397
      vertex -345.267 227.5 11.459
    endloop
  endfacet
  facet normal 0 -1 0
    outer loop
      vertex -300.865 227.5 55.9326
      vertex -255.187 227.5 35.5958
      vertex -252.937 227.5 41.459
    endloop
  endfacet
  facet normal 0 -1 -0
    outer loop
      vertex -315 227.5 51.3397
      vertex -340 227.5 8.03848
      vertex -314.067 227.5 50.8645
    endloop
  endfacet
  facet normal 0 -1 0
    outer loop
      vertex -301.34 227.5 55
      vertex -258.038 227.5 30
      vertex -255.187 227.5 35.5958
    endloop
  endfacet
  facet normal 0 -1 0
    outer loop
      vertex -334.404 227.5 5.18727
      vertex -314.067 227.5 50.8645
      vertex -340 227.5 8.03848
    endloop
  endfacet
  facet normal 0 -1 0
    outer loop
      vertex -301.91 227.5 54.1221
      vertex -261.459 227.5 24.7329
      vertex -258.038 227.5 30
    endloop
  endfacet
  facet normal 0 -1 -0
    outer loop
      vertex -314.067 227.5 50.8645
      vertex -334.404 227.5 5.18727
      vertex -313.09 227.5 50.4894
    endloop
  endfacet
  facet normal 0 -1 0
    outer loop
      vertex -302.569 227.5 53.3087
      vertex -265.411 227.5 19.8522
      vertex -261.459 227.5 24.7329
    endloop
  endfacet
  facet normal 0 -1 0
    outer loop
      vertex -328.541 227.5 2.93661
      vertex -313.09 227.5 50.4894
      vertex -334.404 227.5 5.18727
    endloop
  endfacet
  facet normal 0 -1 0
    outer loop
      vertex -303.309 227.5 52.5686
      vertex -269.852 227.5 15.4113
      vertex -265.411 227.5 19.8522
    endloop
  endfacet
  facet normal 0 -1 -0
    outer loop
      vertex -313.09 227.5 50.4894
      vertex -328.541 227.5 2.93661
      vertex -312.079 227.5 50.2185
    endloop
  endfacet
  facet normal 0 -1 0
    outer loop
      vertex -304.122 227.5 51.9098
      vertex -274.733 227.5 11.459
      vertex -269.852 227.5 15.4113
    endloop
  endfacet
  facet normal 0 -1 0
    outer loop
      vertex -322.475 227.5 1.31114
      vertex -312.079 227.5 50.2185
      vertex -328.541 227.5 2.93661
    endloop
  endfacet
  facet normal 0 -1 0
    outer loop
      vertex -305 227.5 51.3397
      vertex -280 227.5 8.03848
      vertex -274.733 227.5 11.459
    endloop
  endfacet
  facet normal 0 -1 -0
    outer loop
      vertex -312.079 227.5 50.2185
      vertex -322.475 227.5 1.31114
      vertex -311.045 227.5 50.0548
    endloop
  endfacet
  facet normal 0 -1 0
    outer loop
      vertex -305.933 227.5 50.8645
      vertex -285.596 227.5 5.18727
      vertex -280 227.5 8.03848
    endloop
  endfacet
  facet normal 0 -1 0
    outer loop
      vertex -316.272 227.5 0.328687
      vertex -311.045 227.5 50.0548
      vertex -322.475 227.5 1.31114
    endloop
  endfacet
  facet normal 0 -1 0
    outer loop
      vertex -306.91 227.5 50.4894
      vertex -291.459 227.5 2.93661
      vertex -285.596 227.5 5.18727
    endloop
  endfacet
  facet normal 0 -1 -0
    outer loop
      vertex -311.045 227.5 50.0548
      vertex -316.272 227.5 0.328687
      vertex -310 227.5 50
    endloop
  endfacet
  facet normal 0 -1 0
    outer loop
      vertex -307.921 227.5 50.2185
      vertex -297.525 227.5 1.31114
      vertex -291.459 227.5 2.93661
    endloop
  endfacet
  facet normal 0 -1 0
    outer loop
      vertex -310 227.5 0
      vertex -310 227.5 50
      vertex -316.272 227.5 0.328687
    endloop
  endfacet
  facet normal 0 -1 0
    outer loop
      vertex -308.955 227.5 50.0548
      vertex -303.728 227.5 0.328687
      vertex -297.525 227.5 1.31114
    endloop
  endfacet
  facet normal 0 -1 0
    outer loop
      vertex -310 227.5 50
      vertex -310 227.5 0
      vertex -303.728 227.5 0.328687
    endloop
  endfacet
  facet normal -0.777183 0 0.629275
    outer loop
      vertex -358.541 227.5 95.2671
      vertex -354.589 272.5 100.148
      vertex -358.541 272.5 95.2671
    endloop
  endfacet
  facet normal -0.777183 0 0.629275
    outer loop
      vertex -354.589 272.5 100.148
      vertex -358.541 227.5 95.2671
      vertex -354.589 227.5 100.148
    endloop
  endfacet
  facet normal -0.629267 0 0.777189
    outer loop
      vertex -350.148 272.5 104.589
      vertex -345.267 227.5 108.541
      vertex -345.267 272.5 108.541
    endloop
  endfacet
  facet normal -0.629267 0 0.777189
    outer loop
      vertex -345.267 227.5 108.541
      vertex -350.148 272.5 104.589
      vertex -350.148 227.5 104.589
    endloop
  endfacet
  facet normal -0.544703 0 0.838629
    outer loop
      vertex -345.267 272.5 108.541
      vertex -340 227.5 111.962
      vertex -340 272.5 111.962
    endloop
  endfacet
  facet normal -0.544703 0 0.838629
    outer loop
      vertex -340 227.5 111.962
      vertex -345.267 272.5 108.541
      vertex -345.267 227.5 108.541
    endloop
  endfacet
  facet normal -0.89102 0 -0.453965
    outer loop
      vertex -361.962 227.5 30
      vertex -364.813 272.5 35.5958
      vertex -361.962 272.5 30
    endloop
  endfacet
  facet normal -0.89102 -0 -0.453965
    outer loop
      vertex -364.813 272.5 35.5958
      vertex -361.962 227.5 30
      vertex -364.813 227.5 35.5958
    endloop
  endfacet
  facet normal 0.629296 0 -0.777166
    outer loop
      vertex -274.733 227.5 11.459
      vertex -269.852 272.5 15.4113
      vertex -269.852 227.5 15.4113
    endloop
  endfacet
  facet normal 0.629296 0 -0.777166
    outer loop
      vertex -269.852 272.5 15.4113
      vertex -274.733 227.5 11.459
      vertex -274.733 272.5 11.459
    endloop
  endfacet
  facet normal -0.358377 0 -0.933577
    outer loop
      vertex -334.404 227.5 5.18727
      vertex -328.541 272.5 2.93661
      vertex -328.541 227.5 2.93661
    endloop
  endfacet
  facet normal -0.358377 0 -0.933577
    outer loop
      vertex -328.541 272.5 2.93661
      vertex -334.404 227.5 5.18727
      vertex -334.404 272.5 5.18727
    endloop
  endfacet
  facet normal -0.838634 0 -0.544696
    outer loop
      vertex -358.541 227.5 24.7329
      vertex -361.962 272.5 30
      vertex -358.541 272.5 24.7329
    endloop
  endfacet
  facet normal -0.838634 -0 -0.544696
    outer loop
      vertex -361.962 272.5 30
      vertex -358.541 227.5 24.7329
      vertex -361.962 227.5 30
    endloop
  endfacet
  facet normal -0.9877 0 -0.156363
    outer loop
      vertex -368.689 227.5 47.5253
      vertex -369.671 272.5 53.7283
      vertex -368.689 272.5 47.5253
    endloop
  endfacet
  facet normal -0.9877 -0 -0.156363
    outer loop
      vertex -369.671 272.5 53.7283
      vertex -368.689 227.5 47.5253
      vertex -369.671 227.5 53.7283
    endloop
  endfacet
  facet normal -0.933616 0 -0.358275
    outer loop
      vertex -364.813 227.5 35.5958
      vertex -367.063 272.5 41.459
      vertex -364.813 272.5 35.5958
    endloop
  endfacet
  facet normal -0.933616 -0 -0.358275
    outer loop
      vertex -367.063 272.5 41.459
      vertex -364.813 227.5 35.5958
      vertex -367.063 227.5 41.459
    endloop
  endfacet
  facet normal -0.77717 0 -0.62929
    outer loop
      vertex -354.589 227.5 19.8522
      vertex -358.541 272.5 24.7329
      vertex -354.589 272.5 19.8522
    endloop
  endfacet
  facet normal -0.77717 -0 -0.62929
    outer loop
      vertex -358.541 272.5 24.7329
      vertex -354.589 227.5 19.8522
      vertex -358.541 227.5 24.7329
    endloop
  endfacet
  facet normal 0.544649 0 -0.838664
    outer loop
      vertex -280 227.5 8.03848
      vertex -274.733 272.5 11.459
      vertex -274.733 227.5 11.459
    endloop
  endfacet
  facet normal 0.544649 0 -0.838664
    outer loop
      vertex -274.733 272.5 11.459
      vertex -280 227.5 8.03848
      vertex -280 272.5 8.03848
    endloop
  endfacet
  facet normal 0.933616 0 -0.358275
    outer loop
      vertex -252.937 227.5 41.459
      vertex -255.187 272.5 35.5958
      vertex -252.937 272.5 41.459
    endloop
  endfacet
  facet normal 0.933616 0 -0.358275
    outer loop
      vertex -255.187 272.5 35.5958
      vertex -252.937 227.5 41.459
      vertex -255.187 227.5 35.5958
    endloop
  endfacet
  facet normal -0.0523336 0 -0.99863
    outer loop
      vertex -316.272 227.5 0.328687
      vertex -310 272.5 0
      vertex -310 227.5 0
    endloop
  endfacet
  facet normal -0.0523336 0 -0.99863
    outer loop
      vertex -310 272.5 0
      vertex -316.272 227.5 0.328687
      vertex -316.272 272.5 0.328687
    endloop
  endfacet
  facet normal -0.998627 0 0.0523858
    outer loop
      vertex -370 227.5 60
      vertex -369.671 272.5 66.2717
      vertex -370 272.5 60
    endloop
  endfacet
  facet normal -0.998627 0 0.0523858
    outer loop
      vertex -369.671 272.5 66.2717
      vertex -370 227.5 60
      vertex -369.671 227.5 66.2717
    endloop
  endfacet
  facet normal 0.707099 0 -0.707115
    outer loop
      vertex -269.852 227.5 15.4113
      vertex -265.411 272.5 19.8522
      vertex -265.411 227.5 19.8522
    endloop
  endfacet
  facet normal 0.707099 0 -0.707115
    outer loop
      vertex -265.411 272.5 19.8522
      vertex -269.852 227.5 15.4113
      vertex -269.852 272.5 15.4113
    endloop
  endfacet
  facet normal -0.98765 0 0.156679
    outer loop
      vertex -300.219 227.5 57.9209
      vertex -300.055 272.5 58.9547
      vertex -300.219 272.5 57.9209
    endloop
  endfacet
  facet normal -0.98765 0 0.156679
    outer loop
      vertex -300.055 272.5 58.9547
      vertex -300.219 227.5 57.9209
      vertex -300.055 227.5 58.9547
    endloop
  endfacet
  facet normal -0.98765 0 -0.156679
    outer loop
      vertex -300.055 227.5 61.0453
      vertex -300.219 272.5 62.0791
      vertex -300.055 272.5 61.0453
    endloop
  endfacet
  facet normal -0.98765 -0 -0.156679
    outer loop
      vertex -300.219 272.5 62.0791
      vertex -300.055 227.5 61.0453
      vertex -300.219 227.5 62.0791
    endloop
  endfacet
  facet normal -0.998619 0 -0.0525438
    outer loop
      vertex -300 227.5 60
      vertex -300.055 272.5 61.0453
      vertex -300 272.5 60
    endloop
  endfacet
  facet normal -0.998619 -0 -0.0525438
    outer loop
      vertex -300.055 272.5 61.0453
      vertex -300 227.5 60
      vertex -300.055 227.5 61.0453
    endloop
  endfacet
  facet normal -0.966146 0 -0.257996
    outer loop
      vertex -300.219 227.5 62.0791
      vertex -300.489 272.5 63.0902
      vertex -300.219 272.5 62.0791
    endloop
  endfacet
  facet normal -0.966146 -0 -0.257996
    outer loop
      vertex -300.489 272.5 63.0902
      vertex -300.219 227.5 62.0791
      vertex -300.489 227.5 63.0902
    endloop
  endfacet
  facet normal -0.838721 0 -0.544562
    outer loop
      vertex -301.34 227.5 65
      vertex -301.91 272.5 65.8779
      vertex -301.34 272.5 65
    endloop
  endfacet
  facet normal -0.838721 -0 -0.544562
    outer loop
      vertex -301.91 272.5 65.8779
      vertex -301.34 227.5 65
      vertex -301.91 227.5 65.8779
    endloop
  endfacet
  facet normal 0.0523682 0 -0.998628
    outer loop
      vertex -311.045 227.5 69.9452
      vertex -310 272.5 70
      vertex -310 227.5 70
    endloop
  endfacet
  facet normal 0.0523682 0 -0.998628
    outer loop
      vertex -310 272.5 70
      vertex -311.045 227.5 69.9452
      vertex -311.045 272.5 69.9452
    endloop
  endfacet
  facet normal -0.998619 0 0.0525438
    outer loop
      vertex -300.055 227.5 58.9547
      vertex -300 272.5 60
      vertex -300.055 272.5 58.9547
    endloop
  endfacet
  facet normal -0.998619 0 0.0525438
    outer loop
      vertex -300 272.5 60
      vertex -300.055 227.5 58.9547
      vertex -300 227.5 60
    endloop
  endfacet
  facet normal -0.776996 0 -0.629506
    outer loop
      vertex -301.91 227.5 65.8779
      vertex -302.569 272.5 66.6913
      vertex -301.91 272.5 65.8779
    endloop
  endfacet
  facet normal -0.776996 -0 -0.629506
    outer loop
      vertex -302.569 272.5 66.6913
      vertex -301.91 227.5 65.8779
      vertex -302.569 227.5 66.6913
    endloop
  endfacet
  facet normal 0.98765 -0 0.156679
    outer loop
      vertex -319.945 227.5 58.9547
      vertex -319.781 272.5 57.9209
      vertex -319.945 272.5 58.9547
    endloop
  endfacet
  facet normal 0.98765 0 0.156679
    outer loop
      vertex -319.781 272.5 57.9209
      vertex -319.945 227.5 58.9547
      vertex -319.781 227.5 57.9209
    endloop
  endfacet
  facet normal 0.891077 0 -0.453851
    outer loop
      vertex -318.66 227.5 65
      vertex -319.135 272.5 64.0674
      vertex -318.66 272.5 65
    endloop
  endfacet
  facet normal 0.891077 0 -0.453851
    outer loop
      vertex -319.135 272.5 64.0674
      vertex -318.66 227.5 65
      vertex -319.135 227.5 64.0674
    endloop
  endfacet
  facet normal -0.258822 0 -0.965925
    outer loop
      vertex -307.921 227.5 69.7815
      vertex -306.91 272.5 69.5106
      vertex -306.91 227.5 69.5106
    endloop
  endfacet
  facet normal -0.258822 0 -0.965925
    outer loop
      vertex -306.91 272.5 69.5106
      vertex -307.921 227.5 69.7815
      vertex -307.921 272.5 69.7815
    endloop
  endfacet
  facet normal -0.358422 0 -0.93356
    outer loop
      vertex -306.91 227.5 69.5106
      vertex -305.933 272.5 69.1355
      vertex -305.933 227.5 69.1355
    endloop
  endfacet
  facet normal -0.358422 0 -0.93356
    outer loop
      vertex -305.933 272.5 69.1355
      vertex -306.91 227.5 69.5106
      vertex -306.91 272.5 69.5106
    endloop
  endfacet
  facet normal 0.966146 -0 0.257996
    outer loop
      vertex -319.781 227.5 57.9209
      vertex -319.511 272.5 56.9098
      vertex -319.781 272.5 57.9209
    endloop
  endfacet
  facet normal 0.966146 0 0.257996
    outer loop
      vertex -319.511 272.5 56.9098
      vertex -319.781 227.5 57.9209
      vertex -319.511 227.5 56.9098
    endloop
  endfacet
  facet normal -0.629578 0 -0.776938
    outer loop
      vertex -304.122 227.5 68.0902
      vertex -303.309 272.5 67.4314
      vertex -303.309 227.5 67.4314
    endloop
  endfacet
  facet normal -0.629578 0 -0.776938
    outer loop
      vertex -303.309 272.5 67.4314
      vertex -304.122 227.5 68.0902
      vertex -304.122 272.5 68.0902
    endloop
  endfacet
  facet normal -0.358422 0 0.93356
    outer loop
      vertex -306.91 272.5 50.4894
      vertex -305.933 227.5 50.8645
      vertex -305.933 272.5 50.8645
    endloop
  endfacet
  facet normal -0.358422 0 0.93356
    outer loop
      vertex -305.933 227.5 50.8645
      vertex -306.91 272.5 50.4894
      vertex -306.91 227.5 50.4894
    endloop
  endfacet
  facet normal 0.776996 0 -0.629506
    outer loop
      vertex -317.431 227.5 66.6913
      vertex -318.09 272.5 65.8779
      vertex -317.431 272.5 66.6913
    endloop
  endfacet
  facet normal 0.776996 0 -0.629506
    outer loop
      vertex -318.09 272.5 65.8779
      vertex -317.431 227.5 66.6913
      vertex -318.09 227.5 65.8779
    endloop
  endfacet
  facet normal 0.258822 0 -0.965925
    outer loop
      vertex -313.09 227.5 69.5106
      vertex -312.079 272.5 69.7815
      vertex -312.079 227.5 69.7815
    endloop
  endfacet
  facet normal 0.258822 0 -0.965925
    outer loop
      vertex -312.079 272.5 69.7815
      vertex -313.09 227.5 69.5106
      vertex -313.09 272.5 69.5106
    endloop
  endfacet
  facet normal 0.707155 0 -0.707059
    outer loop
      vertex -316.691 227.5 67.4314
      vertex -317.431 272.5 66.6913
      vertex -316.691 272.5 67.4314
    endloop
  endfacet
  facet normal 0.707155 0 -0.707059
    outer loop
      vertex -317.431 272.5 66.6913
      vertex -316.691 227.5 67.4314
      vertex -317.431 227.5 66.6913
    endloop
  endfacet
  facet normal 0.544585 0 -0.838705
    outer loop
      vertex -315.878 227.5 68.0902
      vertex -315 272.5 68.6603
      vertex -315 227.5 68.6603
    endloop
  endfacet
  facet normal 0.544585 0 -0.838705
    outer loop
      vertex -315 272.5 68.6603
      vertex -315.878 227.5 68.0902
      vertex -315.878 272.5 68.0902
    endloop
  endfacet
  facet normal -0.966146 0 0.257996
    outer loop
      vertex -300.489 227.5 56.9098
      vertex -300.219 272.5 57.9209
      vertex -300.489 272.5 56.9098
    endloop
  endfacet
  facet normal -0.966146 0 0.257996
    outer loop
      vertex -300.219 272.5 57.9209
      vertex -300.489 227.5 56.9098
      vertex -300.219 227.5 57.9209
    endloop
  endfacet
  facet normal -0.0523682 0 0.998628
    outer loop
      vertex -310 272.5 50
      vertex -308.955 227.5 50.0548
      vertex -308.955 272.5 50.0548
    endloop
  endfacet
  facet normal -0.0523682 0 0.998628
    outer loop
      vertex -308.955 227.5 50.0548
      vertex -310 272.5 50
      vertex -310 227.5 50
    endloop
  endfacet
  facet normal -0.544585 0 -0.838705
    outer loop
      vertex -305 227.5 68.6603
      vertex -304.122 272.5 68.0902
      vertex -304.122 227.5 68.0902
    endloop
  endfacet
  facet normal -0.544585 0 -0.838705
    outer loop
      vertex -304.122 272.5 68.0902
      vertex -305 227.5 68.6603
      vertex -305 272.5 68.6603
    endloop
  endfacet
  facet normal 0.838721 -0 0.544562
    outer loop
      vertex -318.66 227.5 55
      vertex -318.09 272.5 54.1221
      vertex -318.66 272.5 55
    endloop
  endfacet
  facet normal 0.838721 0 0.544562
    outer loop
      vertex -318.09 272.5 54.1221
      vertex -318.66 227.5 55
      vertex -318.09 227.5 54.1221
    endloop
  endfacet
  facet normal -0.15637 0 0.987699
    outer loop
      vertex -308.955 272.5 50.0548
      vertex -307.921 227.5 50.2185
      vertex -307.921 272.5 50.2185
    endloop
  endfacet
  facet normal -0.15637 0 0.987699
    outer loop
      vertex -307.921 227.5 50.2185
      vertex -308.955 272.5 50.0548
      vertex -308.955 227.5 50.0548
    endloop
  endfacet
  facet normal 0.15637 0 0.987699
    outer loop
      vertex -312.079 272.5 50.2185
      vertex -311.045 227.5 50.0548
      vertex -311.045 272.5 50.0548
    endloop
  endfacet
  facet normal 0.15637 0 0.987699
    outer loop
      vertex -311.045 227.5 50.0548
      vertex -312.079 272.5 50.2185
      vertex -312.079 227.5 50.2185
    endloop
  endfacet
  facet normal 0.453849 0 -0.891079
    outer loop
      vertex -315 227.5 68.6603
      vertex -314.067 272.5 69.1355
      vertex -314.067 227.5 69.1355
    endloop
  endfacet
  facet normal 0.453849 0 -0.891079
    outer loop
      vertex -314.067 272.5 69.1355
      vertex -315 227.5 68.6603
      vertex -315 272.5 68.6603
    endloop
  endfacet
  facet normal 0.453849 0 0.891079
    outer loop
      vertex -315 272.5 51.3397
      vertex -314.067 227.5 50.8645
      vertex -314.067 272.5 50.8645
    endloop
  endfacet
  facet normal 0.453849 0 0.891079
    outer loop
      vertex -314.067 227.5 50.8645
      vertex -315 272.5 51.3397
      vertex -315 227.5 51.3397
    endloop
  endfacet
  facet normal 0.358422 0 -0.93356
    outer loop
      vertex -314.067 227.5 69.1355
      vertex -313.09 272.5 69.5106
      vertex -313.09 227.5 69.5106
    endloop
  endfacet
  facet normal 0.358422 0 -0.93356
    outer loop
      vertex -313.09 272.5 69.5106
      vertex -314.067 227.5 69.1355
      vertex -314.067 272.5 69.1355
    endloop
  endfacet
  facet normal -0.453849 0 -0.891079
    outer loop
      vertex -305.933 227.5 69.1355
      vertex -305 272.5 68.6603
      vertex -305 227.5 68.6603
    endloop
  endfacet
  facet normal -0.453849 0 -0.891079
    outer loop
      vertex -305 272.5 68.6603
      vertex -305.933 227.5 69.1355
      vertex -305.933 272.5 69.1355
    endloop
  endfacet
  facet normal -0.891077 0 0.453851
    outer loop
      vertex -301.34 227.5 55
      vertex -300.865 272.5 55.9326
      vertex -301.34 272.5 55
    endloop
  endfacet
  facet normal -0.891077 0 0.453851
    outer loop
      vertex -300.865 272.5 55.9326
      vertex -301.34 227.5 55
      vertex -300.865 227.5 55.9326
    endloop
  endfacet
  facet normal -0.707155 0 -0.707059
    outer loop
      vertex -302.569 227.5 66.6913
      vertex -303.309 272.5 67.4314
      vertex -302.569 272.5 66.6913
    endloop
  endfacet
  facet normal -0.707155 -0 -0.707059
    outer loop
      vertex -303.309 272.5 67.4314
      vertex -302.569 227.5 66.6913
      vertex -303.309 227.5 67.4314
    endloop
  endfacet
  facet normal 0.629578 0 0.776938
    outer loop
      vertex -316.691 272.5 52.5686
      vertex -315.878 227.5 51.9098
      vertex -315.878 272.5 51.9098
    endloop
  endfacet
  facet normal 0.629578 0 0.776938
    outer loop
      vertex -315.878 227.5 51.9098
      vertex -316.691 272.5 52.5686
      vertex -316.691 227.5 52.5686
    endloop
  endfacet
  facet normal -0.838721 0 0.544562
    outer loop
      vertex -301.91 227.5 54.1221
      vertex -301.34 272.5 55
      vertex -301.91 272.5 54.1221
    endloop
  endfacet
  facet normal -0.838721 0 0.544562
    outer loop
      vertex -301.34 272.5 55
      vertex -301.91 227.5 54.1221
      vertex -301.34 227.5 55
    endloop
  endfacet
  facet normal -0.453849 0 0.891079
    outer loop
      vertex -305.933 272.5 50.8645
      vertex -305 227.5 51.3397
      vertex -305 272.5 51.3397
    endloop
  endfacet
  facet normal -0.453849 0 0.891079
    outer loop
      vertex -305 227.5 51.3397
      vertex -305.933 272.5 50.8645
      vertex -305.933 227.5 50.8645
    endloop
  endfacet
  facet normal 0.15637 0 -0.987699
    outer loop
      vertex -312.079 227.5 69.7815
      vertex -311.045 272.5 69.9452
      vertex -311.045 227.5 69.9452
    endloop
  endfacet
  facet normal 0.15637 0 -0.987699
    outer loop
      vertex -311.045 272.5 69.9452
      vertex -312.079 227.5 69.7815
      vertex -312.079 272.5 69.7815
    endloop
  endfacet
  facet normal -0.933296 0 -0.359107
    outer loop
      vertex -300.489 227.5 63.0902
      vertex -300.865 272.5 64.0674
      vertex -300.489 272.5 63.0902
    endloop
  endfacet
  facet normal -0.933296 -0 -0.359107
    outer loop
      vertex -300.865 272.5 64.0674
      vertex -300.489 227.5 63.0902
      vertex -300.865 227.5 64.0674
    endloop
  endfacet
  facet normal -0.776996 0 0.629506
    outer loop
      vertex -302.569 227.5 53.3087
      vertex -301.91 272.5 54.1221
      vertex -302.569 272.5 53.3087
    endloop
  endfacet
  facet normal -0.776996 0 0.629506
    outer loop
      vertex -301.91 272.5 54.1221
      vertex -302.569 227.5 53.3087
      vertex -301.91 227.5 54.1221
    endloop
  endfacet
  facet normal 0.98765 0 -0.156679
    outer loop
      vertex -319.781 227.5 62.0791
      vertex -319.945 272.5 61.0453
      vertex -319.781 272.5 62.0791
    endloop
  endfacet
  facet normal 0.98765 0 -0.156679
    outer loop
      vertex -319.945 272.5 61.0453
      vertex -319.781 227.5 62.0791
      vertex -319.945 227.5 61.0453
    endloop
  endfacet
  facet normal -0.0523682 0 -0.998628
    outer loop
      vertex -310 227.5 70
      vertex -308.955 272.5 69.9452
      vertex -308.955 227.5 69.9452
    endloop
  endfacet
  facet normal -0.0523682 0 -0.998628
    outer loop
      vertex -308.955 272.5 69.9452
      vertex -310 227.5 70
      vertex -310 272.5 70
    endloop
  endfacet
  facet normal -0.891077 0 -0.453851
    outer loop
      vertex -300.865 227.5 64.0674
      vertex -301.34 272.5 65
      vertex -300.865 272.5 64.0674
    endloop
  endfacet
  facet normal -0.891077 -0 -0.453851
    outer loop
      vertex -301.34 272.5 65
      vertex -300.865 227.5 64.0674
      vertex -301.34 227.5 65
    endloop
  endfacet
  facet normal 0.838721 0 -0.544562
    outer loop
      vertex -318.09 227.5 65.8779
      vertex -318.66 272.5 65
      vertex -318.09 272.5 65.8779
    endloop
  endfacet
  facet normal 0.838721 0 -0.544562
    outer loop
      vertex -318.66 272.5 65
      vertex -318.09 227.5 65.8779
      vertex -318.66 227.5 65
    endloop
  endfacet
  facet normal 0.629578 0 -0.776938
    outer loop
      vertex -316.691 227.5 67.4314
      vertex -315.878 272.5 68.0902
      vertex -315.878 227.5 68.0902
    endloop
  endfacet
  facet normal 0.629578 0 -0.776938
    outer loop
      vertex -315.878 272.5 68.0902
      vertex -316.691 227.5 67.4314
      vertex -316.691 272.5 67.4314
    endloop
  endfacet
  facet normal 0.933296 -0 0.359107
    outer loop
      vertex -319.511 227.5 56.9098
      vertex -319.135 272.5 55.9326
      vertex -319.511 272.5 56.9098
    endloop
  endfacet
  facet normal 0.933296 0 0.359107
    outer loop
      vertex -319.135 272.5 55.9326
      vertex -319.511 227.5 56.9098
      vertex -319.135 227.5 55.9326
    endloop
  endfacet
  facet normal 0.933296 0 -0.359107
    outer loop
      vertex -319.135 227.5 64.0674
      vertex -319.511 272.5 63.0902
      vertex -319.135 272.5 64.0674
    endloop
  endfacet
  facet normal 0.933296 0 -0.359107
    outer loop
      vertex -319.511 272.5 63.0902
      vertex -319.135 227.5 64.0674
      vertex -319.511 227.5 63.0902
    endloop
  endfacet
  facet normal 0.891077 -0 0.453851
    outer loop
      vertex -319.135 227.5 55.9326
      vertex -318.66 272.5 55
      vertex -319.135 272.5 55.9326
    endloop
  endfacet
  facet normal 0.891077 0 0.453851
    outer loop
      vertex -318.66 272.5 55
      vertex -319.135 227.5 55.9326
      vertex -318.66 227.5 55
    endloop
  endfacet
  facet normal -0.258822 0 0.965925
    outer loop
      vertex -307.921 272.5 50.2185
      vertex -306.91 227.5 50.4894
      vertex -306.91 272.5 50.4894
    endloop
  endfacet
  facet normal -0.258822 0 0.965925
    outer loop
      vertex -306.91 227.5 50.4894
      vertex -307.921 272.5 50.2185
      vertex -307.921 227.5 50.2185
    endloop
  endfacet
  facet normal -0.629578 0 0.776938
    outer loop
      vertex -304.122 272.5 51.9098
      vertex -303.309 227.5 52.5686
      vertex -303.309 272.5 52.5686
    endloop
  endfacet
  facet normal -0.629578 0 0.776938
    outer loop
      vertex -303.309 227.5 52.5686
      vertex -304.122 272.5 51.9098
      vertex -304.122 227.5 51.9098
    endloop
  endfacet
  facet normal 0.258822 0 0.965925
    outer loop
      vertex -313.09 272.5 50.4894
      vertex -312.079 227.5 50.2185
      vertex -312.079 272.5 50.2185
    endloop
  endfacet
  facet normal 0.258822 0 0.965925
    outer loop
      vertex -312.079 227.5 50.2185
      vertex -313.09 272.5 50.4894
      vertex -313.09 227.5 50.4894
    endloop
  endfacet
  facet normal 0.998619 -0 0.0525438
    outer loop
      vertex -320 227.5 60
      vertex -319.945 272.5 58.9547
      vertex -320 272.5 60
    endloop
  endfacet
  facet normal 0.998619 0 0.0525438
    outer loop
      vertex -319.945 272.5 58.9547
      vertex -320 227.5 60
      vertex -319.945 227.5 58.9547
    endloop
  endfacet
  facet normal -0.15637 0 -0.987699
    outer loop
      vertex -308.955 227.5 69.9452
      vertex -307.921 272.5 69.7815
      vertex -307.921 227.5 69.7815
    endloop
  endfacet
  facet normal -0.15637 0 -0.987699
    outer loop
      vertex -307.921 272.5 69.7815
      vertex -308.955 227.5 69.9452
      vertex -308.955 272.5 69.9452
    endloop
  endfacet
  facet normal 0.776996 -0 0.629506
    outer loop
      vertex -318.09 227.5 54.1221
      vertex -317.431 272.5 53.3087
      vertex -318.09 272.5 54.1221
    endloop
  endfacet
  facet normal 0.776996 0 0.629506
    outer loop
      vertex -317.431 272.5 53.3087
      vertex -318.09 227.5 54.1221
      vertex -317.431 227.5 53.3087
    endloop
  endfacet
  facet normal 0.966146 0 -0.257996
    outer loop
      vertex -319.511 227.5 63.0902
      vertex -319.781 272.5 62.0791
      vertex -319.511 272.5 63.0902
    endloop
  endfacet
  facet normal 0.966146 0 -0.257996
    outer loop
      vertex -319.781 272.5 62.0791
      vertex -319.511 227.5 63.0902
      vertex -319.781 227.5 62.0791
    endloop
  endfacet
  facet normal 0.707155 -0 0.707059
    outer loop
      vertex -317.431 227.5 53.3087
      vertex -316.691 272.5 52.5686
      vertex -317.431 272.5 53.3087
    endloop
  endfacet
  facet normal 0.707155 0 0.707059
    outer loop
      vertex -316.691 272.5 52.5686
      vertex -317.431 227.5 53.3087
      vertex -316.691 227.5 52.5686
    endloop
  endfacet
  facet normal -0.544585 0 0.838705
    outer loop
      vertex -305 272.5 51.3397
      vertex -304.122 227.5 51.9098
      vertex -304.122 272.5 51.9098
    endloop
  endfacet
  facet normal -0.544585 0 0.838705
    outer loop
      vertex -304.122 227.5 51.9098
      vertex -305 272.5 51.3397
      vertex -305 227.5 51.3397
    endloop
  endfacet
  facet normal -0.933296 0 0.359107
    outer loop
      vertex -300.865 227.5 55.9326
      vertex -300.489 272.5 56.9098
      vertex -300.865 272.5 55.9326
    endloop
  endfacet
  facet normal -0.933296 0 0.359107
    outer loop
      vertex -300.489 272.5 56.9098
      vertex -300.865 227.5 55.9326
      vertex -300.489 227.5 56.9098
    endloop
  endfacet
  facet normal 0.358422 0 0.93356
    outer loop
      vertex -314.067 272.5 50.8645
      vertex -313.09 227.5 50.4894
      vertex -313.09 272.5 50.4894
    endloop
  endfacet
  facet normal 0.358422 0 0.93356
    outer loop
      vertex -313.09 227.5 50.4894
      vertex -314.067 272.5 50.8645
      vertex -314.067 227.5 50.8645
    endloop
  endfacet
  facet normal 0.0523682 0 0.998628
    outer loop
      vertex -311.045 272.5 50.0548
      vertex -310 227.5 50
      vertex -310 272.5 50
    endloop
  endfacet
  facet normal 0.0523682 0 0.998628
    outer loop
      vertex -310 227.5 50
      vertex -311.045 272.5 50.0548
      vertex -311.045 227.5 50.0548
    endloop
  endfacet
  facet normal 0.998619 0 -0.0525438
    outer loop
      vertex -319.945 227.5 61.0453
      vertex -320 272.5 60
      vertex -319.945 272.5 61.0453
    endloop
  endfacet
  facet normal 0.998619 0 -0.0525438
    outer loop
      vertex -320 272.5 60
      vertex -319.945 227.5 61.0453
      vertex -320 227.5 60
    endloop
  endfacet
  facet normal 0.544585 0 0.838705
    outer loop
      vertex -315.878 272.5 51.9098
      vertex -315 227.5 51.3397
      vertex -315 272.5 51.3397
    endloop
  endfacet
  facet normal 0.544585 0 0.838705
    outer loop
      vertex -315 227.5 51.3397
      vertex -315.878 272.5 51.9098
      vertex -315.878 227.5 51.9098
    endloop
  endfacet
  facet normal -0.707155 0 0.707059
    outer loop
      vertex -303.309 227.5 52.5686
      vertex -302.569 272.5 53.3087
      vertex -303.309 272.5 52.5686
    endloop
  endfacet
  facet normal -0.707155 0 0.707059
    outer loop
      vertex -302.569 272.5 53.3087
      vertex -303.309 227.5 52.5686
      vertex -302.569 227.5 53.3087
    endloop
  endfacet
  facet normal -0.555055 -0.831814 0
    outer loop
      vertex -353.536 246.464 120.5
      vertex -351.913 245.381 129.5
      vertex -353.536 246.464 129.5
    endloop
  endfacet
  facet normal -0.555055 -0.831814 -0
    outer loop
      vertex -351.913 245.381 129.5
      vertex -353.536 246.464 120.5
      vertex -351.913 245.381 120.5
    endloop
  endfacet
  facet normal 0.831814 -0.555055 0
    outer loop
      vertex -346.464 246.464 129.5
      vertex -345.381 248.087 120.5
      vertex -345.381 248.087 129.5
    endloop
  endfacet
  facet normal 0.831814 -0.555055 0
    outer loop
      vertex -345.381 248.087 120.5
      vertex -346.464 246.464 129.5
      vertex -346.464 246.464 120.5
    endloop
  endfacet
  facet normal 0.980738 -0.195327 0
    outer loop
      vertex -345.381 248.087 129.5
      vertex -345 250 120.5
      vertex -345 250 129.5
    endloop
  endfacet
  facet normal 0.980738 -0.195327 0
    outer loop
      vertex -345 250 120.5
      vertex -345.381 248.087 129.5
      vertex -345.381 248.087 120.5
    endloop
  endfacet
  facet normal -0.831814 -0.555055 0
    outer loop
      vertex -353.536 246.464 120.5
      vertex -354.619 248.087 129.5
      vertex -354.619 248.087 120.5
    endloop
  endfacet
  facet normal -0.831814 -0.555055 0
    outer loop
      vertex -354.619 248.087 129.5
      vertex -353.536 246.464 120.5
      vertex -353.536 246.464 129.5
    endloop
  endfacet
  facet normal -0.195327 0.980738 0
    outer loop
      vertex -350 255 120.5
      vertex -351.913 254.619 129.5
      vertex -350 255 129.5
    endloop
  endfacet
  facet normal -0.195327 0.980738 0
    outer loop
      vertex -351.913 254.619 129.5
      vertex -350 255 120.5
      vertex -351.913 254.619 120.5
    endloop
  endfacet
  facet normal 0.195327 0.980738 -0
    outer loop
      vertex -348.087 254.619 120.5
      vertex -350 255 129.5
      vertex -348.087 254.619 129.5
    endloop
  endfacet
  facet normal 0.195327 0.980738 0
    outer loop
      vertex -350 255 129.5
      vertex -348.087 254.619 120.5
      vertex -350 255 120.5
    endloop
  endfacet
  facet normal 0.555055 0.831814 -0
    outer loop
      vertex -346.464 253.536 120.5
      vertex -348.087 254.619 129.5
      vertex -346.464 253.536 129.5
    endloop
  endfacet
  facet normal 0.555055 0.831814 0
    outer loop
      vertex -348.087 254.619 129.5
      vertex -346.464 253.536 120.5
      vertex -348.087 254.619 120.5
    endloop
  endfacet
  facet normal 0.831814 0.555055 0
    outer loop
      vertex -345.381 251.913 129.5
      vertex -346.464 253.536 120.5
      vertex -346.464 253.536 129.5
    endloop
  endfacet
  facet normal 0.831814 0.555055 0
    outer loop
      vertex -346.464 253.536 120.5
      vertex -345.381 251.913 129.5
      vertex -345.381 251.913 120.5
    endloop
  endfacet
  facet normal -0.980738 -0.195327 0
    outer loop
      vertex -354.619 248.087 120.5
      vertex -355 250 129.5
      vertex -355 250 120.5
    endloop
  endfacet
  facet normal -0.980738 -0.195327 0
    outer loop
      vertex -355 250 129.5
      vertex -354.619 248.087 120.5
      vertex -354.619 248.087 129.5
    endloop
  endfacet
  facet normal 0.980738 0.195327 0
    outer loop
      vertex -345 250 129.5
      vertex -345.381 251.913 120.5
      vertex -345.381 251.913 129.5
    endloop
  endfacet
  facet normal 0.980738 0.195327 0
    outer loop
      vertex -345.381 251.913 120.5
      vertex -345 250 129.5
      vertex -345 250 120.5
    endloop
  endfacet
  facet normal -0.195327 -0.980738 0
    outer loop
      vertex -351.913 245.381 120.5
      vertex -350 245 129.5
      vertex -351.913 245.381 129.5
    endloop
  endfacet
  facet normal -0.195327 -0.980738 -0
    outer loop
      vertex -350 245 129.5
      vertex -351.913 245.381 120.5
      vertex -350 245 120.5
    endloop
  endfacet
  facet normal 0.195327 -0.980738 0
    outer loop
      vertex -350 245 120.5
      vertex -348.087 245.381 129.5
      vertex -350 245 129.5
    endloop
  endfacet
  facet normal 0.195327 -0.980738 0
    outer loop
      vertex -348.087 245.381 129.5
      vertex -350 245 120.5
      vertex -348.087 245.381 120.5
    endloop
  endfacet
  facet normal 0.555055 -0.831814 0
    outer loop
      vertex -348.087 245.381 120.5
      vertex -346.464 246.464 129.5
      vertex -348.087 245.381 129.5
    endloop
  endfacet
  facet normal 0.555055 -0.831814 0
    outer loop
      vertex -346.464 246.464 129.5
      vertex -348.087 245.381 120.5
      vertex -346.464 246.464 120.5
    endloop
  endfacet
  facet normal -0.831814 0.555055 0
    outer loop
      vertex -354.619 251.913 120.5
      vertex -353.536 253.536 129.5
      vertex -353.536 253.536 120.5
    endloop
  endfacet
  facet normal -0.831814 0.555055 0
    outer loop
      vertex -353.536 253.536 129.5
      vertex -354.619 251.913 120.5
      vertex -354.619 251.913 129.5
    endloop
  endfacet
  facet normal -0.980738 0.195327 0
    outer loop
      vertex -355 250 120.5
      vertex -354.619 251.913 129.5
      vertex -354.619 251.913 120.5
    endloop
  endfacet
  facet normal -0.980738 0.195327 0
    outer loop
      vertex -354.619 251.913 129.5
      vertex -355 250 120.5
      vertex -355 250 129.5
    endloop
  endfacet
  facet normal -0.555055 0.831814 0
    outer loop
      vertex -351.913 254.619 120.5
      vertex -353.536 253.536 129.5
      vertex -351.913 254.619 129.5
    endloop
  endfacet
  facet normal -0.555055 0.831814 0
    outer loop
      vertex -353.536 253.536 129.5
      vertex -351.913 254.619 120.5
      vertex -353.536 253.536 120.5
    endloop
  endfacet
  facet normal 1 0 0
    outer loop
      vertex -300 280 130.5
      vertex -300 200 130.5
      vertex -300 280 130
    endloop
  endfacet
  facet normal 1 -0 0
    outer loop
      vertex -300 280 130
      vertex -300 300 129.5
      vertex -300 300 130
    endloop
  endfacet
  facet normal 1 0 0
    outer loop
      vertex -300 200 129.5
      vertex -300 280 130
      vertex -300 200 130.5
    endloop
  endfacet
  facet normal 1 0 0
    outer loop
      vertex -300 280 130
      vertex -300 200 129.5
      vertex -300 300 129.5
    endloop
  endfacet
  facet normal -0 0 1
    outer loop
      vertex -380 280 130.5
      vertex -300 200 130.5
      vertex -300 280 130.5
    endloop
  endfacet
  facet normal 0 0 1
    outer loop
      vertex -300 200 130.5
      vertex -380 280 130.5
      vertex -380 200 130.5
    endloop
  endfacet
  facet normal 0 0 -1
    outer loop
      vertex -300 200 129.5
      vertex -345 250 129.5
      vertex -300 300 129.5
    endloop
  endfacet
  facet normal 0 0 -1
    outer loop
      vertex -300 200 129.5
      vertex -345.381 248.087 129.5
      vertex -345 250 129.5
    endloop
  endfacet
  facet normal 0 0 -1
    outer loop
      vertex -300 200 129.5
      vertex -346.464 246.464 129.5
      vertex -345.381 248.087 129.5
    endloop
  endfacet
  facet normal 0 0 -1
    outer loop
      vertex -300 200 129.5
      vertex -348.087 245.381 129.5
      vertex -346.464 246.464 129.5
    endloop
  endfacet
  facet normal 0 0 -1
    outer loop
      vertex -300 200 129.5
      vertex -350 245 129.5
      vertex -348.087 245.381 129.5
    endloop
  endfacet
  facet normal 0 0 -1
    outer loop
      vertex -400 200 129.5
      vertex -350 245 129.5
      vertex -300 200 129.5
    endloop
  endfacet
  facet normal -0 0 -1
    outer loop
      vertex -350 245 129.5
      vertex -400 200 129.5
      vertex -351.913 245.381 129.5
    endloop
  endfacet
  facet normal -0 0 -1
    outer loop
      vertex -354.619 248.087 129.5
      vertex -400 200 129.5
      vertex -355 250 129.5
    endloop
  endfacet
  facet normal -0 0 -1
    outer loop
      vertex -353.536 246.464 129.5
      vertex -400 200 129.5
      vertex -354.619 248.087 129.5
    endloop
  endfacet
  facet normal -0 0 -1
    outer loop
      vertex -351.913 245.381 129.5
      vertex -400 200 129.5
      vertex -353.536 246.464 129.5
    endloop
  endfacet
  facet normal 0 0 -1
    outer loop
      vertex -345.381 251.913 129.5
      vertex -300 300 129.5
      vertex -345 250 129.5
    endloop
  endfacet
  facet normal 0 0 -1
    outer loop
      vertex -346.464 253.536 129.5
      vertex -300 300 129.5
      vertex -345.381 251.913 129.5
    endloop
  endfacet
  facet normal 0 0 -1
    outer loop
      vertex -348.087 254.619 129.5
      vertex -300 300 129.5
      vertex -346.464 253.536 129.5
    endloop
  endfacet
  facet normal 0 0 -1
    outer loop
      vertex -350 255 129.5
      vertex -300 300 129.5
      vertex -348.087 254.619 129.5
    endloop
  endfacet
  facet normal 0 0 -1
    outer loop
      vertex -400 300 129.5
      vertex -350 255 129.5
      vertex -351.913 254.619 129.5
    endloop
  endfacet
  facet normal 0 0 -1
    outer loop
      vertex -400 300 129.5
      vertex -351.913 254.619 129.5
      vertex -353.536 253.536 129.5
    endloop
  endfacet
  facet normal 0 0 -1
    outer loop
      vertex -400 300 129.5
      vertex -355 250 129.5
      vertex -400 200 129.5
    endloop
  endfacet
  facet normal 0 0 -1
    outer loop
      vertex -355 250 129.5
      vertex -400 300 129.5
      vertex -354.619 251.913 129.5
    endloop
  endfacet
  facet normal 0 0 -1
    outer loop
      vertex -350 255 129.5
      vertex -400 300 129.5
      vertex -300 300 129.5
    endloop
  endfacet
  facet normal 0 0 -1
    outer loop
      vertex -354.619 251.913 129.5
      vertex -400 300 129.5
      vertex -353.536 253.536 129.5
    endloop
  endfacet
  facet normal 0 -1 0
    outer loop
      vertex -400 200 130
      vertex -400 200 129.5
      vertex -380 200 130
    endloop
  endfacet
  facet normal 0 -1 0
    outer loop
      vertex -380 200 130
      vertex -300 200 130.5
      vertex -380 200 130.5
    endloop
  endfacet
  facet normal 0 -1 0
    outer loop
      vertex -300 200 129.5
      vertex -380 200 130
      vertex -400 200 129.5
    endloop
  endfacet
  facet normal 0 -1 0
    outer loop
      vertex -380 200 130
      vertex -300 200 129.5
      vertex -300 200 130.5
    endloop
  endfacet
  facet normal -1 0 0
    outer loop
      vertex -350 -278.125 100
      vertex -350 -277.125 119.5
      vertex -350 -277.125 100
    endloop
  endfacet
  facet normal -1 -0 0
    outer loop
      vertex -350 -277.125 119.5
      vertex -350 -278.125 100
      vertex -350 -278.125 119.5
    endloop
  endfacet
  facet normal 1 -0 0
    outer loop
      vertex -300 -278.125 120
      vertex -300 -277.125 50
      vertex -300 -277.125 120
    endloop
  endfacet
  facet normal 1 0 0
    outer loop
      vertex -300 -277.125 50
      vertex -300 -278.125 120
      vertex -300 -278.125 50
    endloop
  endfacet
  facet normal 0 -1 0
    outer loop
      vertex -350 -278.125 100
      vertex -312.75 -278.125 64.7631
      vertex -310.955 -278.125 65.4164
    endloop
  endfacet
  facet normal 0 -1 0
    outer loop
      vertex -350 -278.125 100
      vertex -314.213 -278.125 63.5353
      vertex -312.75 -278.125 64.7631
    endloop
  endfacet
  facet normal 0 -1 0
    outer loop
      vertex -350 -278.125 100
      vertex -315.168 -278.125 61.8811
      vertex -314.213 -278.125 63.5353
    endloop
  endfacet
  facet normal 0 -1 0
    outer loop
      vertex -320 -278.125 50
      vertex -315.168 -278.125 61.8811
      vertex -350 -278.125 100
    endloop
  endfacet
  facet normal 0 -1 0
    outer loop
      vertex -315.168 -278.125 61.8811
      vertex -320 -278.125 50
      vertex -315.5 -278.125 60
    endloop
  endfacet
  facet normal 0 -1 -0
    outer loop
      vertex -315.5 -278.125 60
      vertex -320 -278.125 50
      vertex -315.168 -278.125 58.1189
    endloop
  endfacet
  facet normal 0 -1 -0
    outer loop
      vertex -310.955 -278.125 54.5836
      vertex -320 -278.125 50
      vertex -309.045 -278.125 54.5836
    endloop
  endfacet
  facet normal 0 -1 -0
    outer loop
      vertex -312.75 -278.125 55.2369
      vertex -320 -278.125 50
      vertex -310.955 -278.125 54.5836
    endloop
  endfacet
  facet normal 0 -1 -0
    outer loop
      vertex -314.213 -278.125 56.4647
      vertex -320 -278.125 50
      vertex -312.75 -278.125 55.2369
    endloop
  endfacet
  facet normal 0 -1 -0
    outer loop
      vertex -315.168 -278.125 58.1189
      vertex -320 -278.125 50
      vertex -314.213 -278.125 56.4647
    endloop
  endfacet
  facet normal 0 -1 0
    outer loop
      vertex -350 -278.125 119.5
      vertex -338.75 -278.125 120.5
      vertex -361.25 -278.125 120.5
    endloop
  endfacet
  facet normal 0 -1 0
    outer loop
      vertex -350 -278.125 119.5
      vertex -361.25 -278.125 120.5
      vertex -361.25 -278.125 119.5
    endloop
  endfacet
  facet normal 0 -1 -0
    outer loop
      vertex -338.75 -278.125 120.5
      vertex -350 -278.125 119.5
      vertex -338.75 -278.125 120
    endloop
  endfacet
  facet normal 0 -1 0
    outer loop
      vertex -350 -278.125 100
      vertex -338.75 -278.125 120
      vertex -350 -278.125 119.5
    endloop
  endfacet
  facet normal 0 -1 -0
    outer loop
      vertex -338.75 -278.125 120
      vertex -350 -278.125 100
      vertex -300 -278.125 120
    endloop
  endfacet
  facet normal 0 -1 0
    outer loop
      vertex -310.955 -278.125 65.4164
      vertex -300 -278.125 120
      vertex -350 -278.125 100
    endloop
  endfacet
  facet normal 0 -1 0
    outer loop
      vertex -309.045 -278.125 65.4164
      vertex -300 -278.125 120
      vertex -310.955 -278.125 65.4164
    endloop
  endfacet
  facet normal 0 -1 0
    outer loop
      vertex -307.25 -278.125 64.7631
      vertex -300 -278.125 120
      vertex -309.045 -278.125 65.4164
    endloop
  endfacet
  facet normal 0 -1 0
    outer loop
      vertex -305.787 -278.125 63.5353
      vertex -300 -278.125 120
      vertex -307.25 -278.125 64.7631
    endloop
  endfacet
  facet normal 0 -1 0
    outer loop
      vertex -304.832 -278.125 61.8811
      vertex -300 -278.125 120
      vertex -305.787 -278.125 63.5353
    endloop
  endfacet
  facet normal 0 -1 0
    outer loop
      vertex -300 -278.125 50
      vertex -304.832 -278.125 61.8811
      vertex -304.5 -278.125 60
    endloop
  endfacet
  facet normal 0 -1 0
    outer loop
      vertex -300 -278.125 50
      vertex -309.045 -278.125 54.5836
      vertex -320 -278.125 50
    endloop
  endfacet
  facet normal 0 -1 0
    outer loop
      vertex -304.832 -278.125 61.8811
      vertex -300 -278.125 50
      vertex -300 -278.125 120
    endloop
  endfacet
  facet normal 0 -1 0
    outer loop
      vertex -304.832 -278.125 58.1189
      vertex -300 -278.125 50
      vertex -304.5 -278.125 60
    endloop
  endfacet
  facet normal 0 -1 0
    outer loop
      vertex -305.787 -278.125 56.4647
      vertex -300 -278.125 50
      vertex -304.832 -278.125 58.1189
    endloop
  endfacet
  facet normal 0 -1 0
    outer loop
      vertex -307.25 -278.125 55.2369
      vertex -300 -278.125 50
      vertex -305.787 -278.125 56.4647
    endloop
  endfacet
  facet normal 0 -1 0
    outer loop
      vertex -309.045 -278.125 54.5836
      vertex -300 -278.125 50
      vertex -307.25 -278.125 55.2369
    endloop
  endfacet
  facet normal -0.857493 0 -0.514496
    outer loop
      vertex -320 -278.125 50
      vertex -350 -277.125 100
      vertex -320 -277.125 50
    endloop
  endfacet
  facet normal -0.857493 -0 -0.514496
    outer loop
      vertex -350 -277.125 100
      vertex -320 -278.125 50
      vertex -350 -278.125 100
    endloop
  endfacet
  facet normal -0 0 1
    outer loop
      vertex -338.75 -277.125 120
      vertex -300 -278.125 120
      vertex -300 -277.125 120
    endloop
  endfacet
  facet normal 0 0 1
    outer loop
      vertex -300 -278.125 120
      vertex -338.75 -277.125 120
      vertex -338.75 -278.125 120
    endloop
  endfacet
  facet normal 0 0 -1
    outer loop
      vertex -320 -278.125 50
      vertex -300 -277.125 50
      vertex -300 -278.125 50
    endloop
  endfacet
  facet normal -0 0 -1
    outer loop
      vertex -300 -277.125 50
      vertex -320 -278.125 50
      vertex -320 -277.125 50
    endloop
  endfacet
  facet normal 0 1 0
    outer loop
      vertex -300 -277.125 120
      vertex -338.75 -277.125 119.5
      vertex -338.75 -277.125 120
    endloop
  endfacet
  facet normal 0 1 0
    outer loop
      vertex -338.75 -277.125 119.5
      vertex -350 -277.125 100
      vertex -350 -277.125 119.5
    endloop
  endfacet
  facet normal 0 1 0
    outer loop
      vertex -300 -277.125 120
      vertex -350 -277.125 100
      vertex -338.75 -277.125 119.5
    endloop
  endfacet
  facet normal 0 1 0
    outer loop
      vertex -310.955 -277.125 65.4164
      vertex -300 -277.125 120
      vertex -309.045 -277.125 65.4164
    endloop
  endfacet
  facet normal 0 1 0
    outer loop
      vertex -300 -277.125 120
      vertex -307.25 -277.125 64.7631
      vertex -309.045 -277.125 65.4164
    endloop
  endfacet
  facet normal 0 1 0
    outer loop
      vertex -300 -277.125 120
      vertex -305.787 -277.125 63.5353
      vertex -307.25 -277.125 64.7631
    endloop
  endfacet
  facet normal 0 1 0
    outer loop
      vertex -300 -277.125 120
      vertex -304.832 -277.125 61.8811
      vertex -305.787 -277.125 63.5353
    endloop
  endfacet
  facet normal 0 1 -0
    outer loop
      vertex -300 -277.125 50
      vertex -304.832 -277.125 61.8811
      vertex -300 -277.125 120
    endloop
  endfacet
  facet normal 0 1 0
    outer loop
      vertex -309.045 -277.125 54.5836
      vertex -300 -277.125 50
      vertex -310.955 -277.125 54.5836
    endloop
  endfacet
  facet normal 0 1 0
    outer loop
      vertex -307.25 -277.125 55.2369
      vertex -300 -277.125 50
      vertex -309.045 -277.125 54.5836
    endloop
  endfacet
  facet normal 0 1 0
    outer loop
      vertex -305.787 -277.125 56.4647
      vertex -300 -277.125 50
      vertex -307.25 -277.125 55.2369
    endloop
  endfacet
  facet normal 0 1 0
    outer loop
      vertex -304.832 -277.125 58.1189
      vertex -300 -277.125 50
      vertex -305.787 -277.125 56.4647
    endloop
  endfacet
  facet normal 0 1 0
    outer loop
      vertex -304.5 -277.125 60
      vertex -300 -277.125 50
      vertex -304.832 -277.125 58.1189
    endloop
  endfacet
  facet normal 0 1 0
    outer loop
      vertex -304.832 -277.125 61.8811
      vertex -300 -277.125 50
      vertex -304.5 -277.125 60
    endloop
  endfacet
  facet normal 0 1 0
    outer loop
      vertex -300 -277.125 120
      vertex -310.955 -277.125 65.4164
      vertex -350 -277.125 100
    endloop
  endfacet
  facet normal 0 1 -0
    outer loop
      vertex -312.75 -277.125 64.7631
      vertex -350 -277.125 100
      vertex -310.955 -277.125 65.4164
    endloop
  endfacet
  facet normal 0 1 -0
    outer loop
      vertex -314.213 -277.125 63.5353
      vertex -350 -277.125 100
      vertex -312.75 -277.125 64.7631
    endloop
  endfacet
  facet normal 0 1 -0
    outer loop
      vertex -315.168 -277.125 61.8811
      vertex -350 -277.125 100
      vertex -314.213 -277.125 63.5353
    endloop
  endfacet
  facet normal 0 1 0
    outer loop
      vertex -320 -277.125 50
      vertex -315.168 -277.125 61.8811
      vertex -315.5 -277.125 60
    endloop
  endfacet
  facet normal 0 1 0
    outer loop
      vertex -320 -277.125 50
      vertex -315.5 -277.125 60
      vertex -315.168 -277.125 58.1189
    endloop
  endfacet
  facet normal 0 1 0
    outer loop
      vertex -320 -277.125 50
      vertex -315.168 -277.125 58.1189
      vertex -314.213 -277.125 56.4647
    endloop
  endfacet
  facet normal 0 1 0
    outer loop
      vertex -320 -277.125 50
      vertex -310.955 -277.125 54.5836
      vertex -300 -277.125 50
    endloop
  endfacet
  facet normal 0 1 0
    outer loop
      vertex -315.168 -277.125 61.8811
      vertex -320 -277.125 50
      vertex -350 -277.125 100
    endloop
  endfacet
  facet normal 0 1 0
    outer loop
      vertex -312.75 -277.125 55.2369
      vertex -320 -277.125 50
      vertex -314.213 -277.125 56.4647
    endloop
  endfacet
  facet normal 0 1 0
    outer loop
      vertex -310.955 -277.125 54.5836
      vertex -320 -277.125 50
      vertex -312.75 -277.125 55.2369
    endloop
  endfacet
  facet normal -1 0 0
    outer loop
      vertex -350 -222.875 100
      vertex -350 -221.875 119.5
      vertex -350 -221.875 100
    endloop
  endfacet
  facet normal -1 -0 0
    outer loop
      vertex -350 -221.875 119.5
      vertex -350 -222.875 100
      vertex -350 -222.875 119.5
    endloop
  endfacet
  facet normal 0 -1 0
    outer loop
      vertex -350 -222.875 119.5
      vertex -350 -222.875 100
      vertex -338.75 -222.875 119.5
    endloop
  endfacet
  facet normal 0 -1 0
    outer loop
      vertex -338.75 -222.875 119.5
      vertex -300 -222.875 120
      vertex -338.75 -222.875 120
    endloop
  endfacet
  facet normal 0 -1 0
    outer loop
      vertex -350 -222.875 100
      vertex -300 -222.875 120
      vertex -338.75 -222.875 119.5
    endloop
  endfacet
  facet normal 0 -1 0
    outer loop
      vertex -310.955 -222.875 65.4164
      vertex -300 -222.875 120
      vertex -350 -222.875 100
    endloop
  endfacet
  facet normal 0 -1 0
    outer loop
      vertex -309.045 -222.875 65.4164
      vertex -300 -222.875 120
      vertex -310.955 -222.875 65.4164
    endloop
  endfacet
  facet normal 0 -1 0
    outer loop
      vertex -307.25 -222.875 64.7631
      vertex -300 -222.875 120
      vertex -309.045 -222.875 65.4164
    endloop
  endfacet
  facet normal 0 -1 0
    outer loop
      vertex -305.787 -222.875 63.5353
      vertex -300 -222.875 120
      vertex -307.25 -222.875 64.7631
    endloop
  endfacet
  facet normal 0 -1 0
    outer loop
      vertex -304.832 -222.875 61.8811
      vertex -300 -222.875 120
      vertex -305.787 -222.875 63.5353
    endloop
  endfacet
  facet normal 0 -1 0
    outer loop
      vertex -300 -222.875 50
      vertex -304.832 -222.875 61.8811
      vertex -304.5 -222.875 60
    endloop
  endfacet
  facet normal 0 -1 0
    outer loop
      vertex -300 -222.875 50
      vertex -309.045 -222.875 54.5836
      vertex -320 -222.875 50
    endloop
  endfacet
  facet normal 0 -1 0
    outer loop
      vertex -304.832 -222.875 61.8811
      vertex -300 -222.875 50
      vertex -300 -222.875 120
    endloop
  endfacet
  facet normal 0 -1 0
    outer loop
      vertex -304.832 -222.875 58.1189
      vertex -300 -222.875 50
      vertex -304.5 -222.875 60
    endloop
  endfacet
  facet normal 0 -1 0
    outer loop
      vertex -305.787 -222.875 56.4647
      vertex -300 -222.875 50
      vertex -304.832 -222.875 58.1189
    endloop
  endfacet
  facet normal 0 -1 0
    outer loop
      vertex -307.25 -222.875 55.2369
      vertex -300 -222.875 50
      vertex -305.787 -222.875 56.4647
    endloop
  endfacet
  facet normal 0 -1 0
    outer loop
      vertex -309.045 -222.875 54.5836
      vertex -300 -222.875 50
      vertex -307.25 -222.875 55.2369
    endloop
  endfacet
  facet normal 0 -1 0
    outer loop
      vertex -350 -222.875 100
      vertex -312.75 -222.875 64.7631
      vertex -310.955 -222.875 65.4164
    endloop
  endfacet
  facet normal 0 -1 0
    outer loop
      vertex -350 -222.875 100
      vertex -314.213 -222.875 63.5353
      vertex -312.75 -222.875 64.7631
    endloop
  endfacet
  facet normal 0 -1 0
    outer loop
      vertex -350 -222.875 100
      vertex -315.168 -222.875 61.8811
      vertex -314.213 -222.875 63.5353
    endloop
  endfacet
  facet normal 0 -1 0
    outer loop
      vertex -320 -222.875 50
      vertex -315.168 -222.875 61.8811
      vertex -350 -222.875 100
    endloop
  endfacet
  facet normal 0 -1 0
    outer loop
      vertex -315.168 -222.875 61.8811
      vertex -320 -222.875 50
      vertex -315.5 -222.875 60
    endloop
  endfacet
  facet normal 0 -1 -0
    outer loop
      vertex -315.5 -222.875 60
      vertex -320 -222.875 50
      vertex -315.168 -222.875 58.1189
    endloop
  endfacet
  facet normal 0 -1 -0
    outer loop
      vertex -310.955 -222.875 54.5836
      vertex -320 -222.875 50
      vertex -309.045 -222.875 54.5836
    endloop
  endfacet
  facet normal 0 -1 -0
    outer loop
      vertex -312.75 -222.875 55.2369
      vertex -320 -222.875 50
      vertex -310.955 -222.875 54.5836
    endloop
  endfacet
  facet normal 0 -1 -0
    outer loop
      vertex -314.213 -222.875 56.4647
      vertex -320 -222.875 50
      vertex -312.75 -222.875 55.2369
    endloop
  endfacet
  facet normal 0 -1 -0
    outer loop
      vertex -315.168 -222.875 58.1189
      vertex -320 -222.875 50
      vertex -314.213 -222.875 56.4647
    endloop
  endfacet
  facet normal 1 -0 0
    outer loop
      vertex -300 -222.875 120
      vertex -300 -221.875 50
      vertex -300 -221.875 120
    endloop
  endfacet
  facet normal 1 0 0
    outer loop
      vertex -300 -221.875 50
      vertex -300 -222.875 120
      vertex -300 -222.875 50
    endloop
  endfacet
  facet normal -0.857493 0 -0.514496
    outer loop
      vertex -320 -222.875 50
      vertex -350 -221.875 100
      vertex -320 -221.875 50
    endloop
  endfacet
  facet normal -0.857493 -0 -0.514496
    outer loop
      vertex -350 -221.875 100
      vertex -320 -222.875 50
      vertex -350 -222.875 100
    endloop
  endfacet
  facet normal 0 0 -1
    outer loop
      vertex -320 -222.875 50
      vertex -300 -221.875 50
      vertex -300 -222.875 50
    endloop
  endfacet
  facet normal -0 0 -1
    outer loop
      vertex -300 -221.875 50
      vertex -320 -222.875 50
      vertex -320 -221.875 50
    endloop
  endfacet
  facet normal -0 0 1
    outer loop
      vertex -338.75 -221.875 120
      vertex -300 -222.875 120
      vertex -300 -221.875 120
    endloop
  endfacet
  facet normal 0 0 1
    outer loop
      vertex -300 -222.875 120
      vertex -338.75 -221.875 120
      vertex -338.75 -222.875 120
    endloop
  endfacet
  facet normal 0 1 0
    outer loop
      vertex -350 -221.875 100
      vertex -338.75 -221.875 120
      vertex -300 -221.875 120
    endloop
  endfacet
  facet normal 0 1 0
    outer loop
      vertex -338.75 -221.875 120
      vertex -350 -221.875 100
      vertex -350 -221.875 119.5
    endloop
  endfacet
  facet normal 0 1 0
    outer loop
      vertex -310.955 -221.875 65.4164
      vertex -300 -221.875 120
      vertex -309.045 -221.875 65.4164
    endloop
  endfacet
  facet normal 0 1 0
    outer loop
      vertex -300 -221.875 120
      vertex -307.25 -221.875 64.7631
      vertex -309.045 -221.875 65.4164
    endloop
  endfacet
  facet normal 0 1 0
    outer loop
      vertex -300 -221.875 120
      vertex -305.787 -221.875 63.5353
      vertex -307.25 -221.875 64.7631
    endloop
  endfacet
  facet normal 0 1 0
    outer loop
      vertex -300 -221.875 120
      vertex -304.832 -221.875 61.8811
      vertex -305.787 -221.875 63.5353
    endloop
  endfacet
  facet normal 0 1 -0
    outer loop
      vertex -300 -221.875 50
      vertex -304.832 -221.875 61.8811
      vertex -300 -221.875 120
    endloop
  endfacet
  facet normal 0 1 0
    outer loop
      vertex -309.045 -221.875 54.5836
      vertex -300 -221.875 50
      vertex -310.955 -221.875 54.5836
    endloop
  endfacet
  facet normal 0 1 0
    outer loop
      vertex -307.25 -221.875 55.2369
      vertex -300 -221.875 50
      vertex -309.045 -221.875 54.5836
    endloop
  endfacet
  facet normal 0 1 0
    outer loop
      vertex -305.787 -221.875 56.4647
      vertex -300 -221.875 50
      vertex -307.25 -221.875 55.2369
    endloop
  endfacet
  facet normal 0 1 0
    outer loop
      vertex -304.832 -221.875 58.1189
      vertex -300 -221.875 50
      vertex -305.787 -221.875 56.4647
    endloop
  endfacet
  facet normal 0 1 0
    outer loop
      vertex -304.5 -221.875 60
      vertex -300 -221.875 50
      vertex -304.832 -221.875 58.1189
    endloop
  endfacet
  facet normal 0 1 0
    outer loop
      vertex -304.832 -221.875 61.8811
      vertex -300 -221.875 50
      vertex -304.5 -221.875 60
    endloop
  endfacet
  facet normal 0 1 0
    outer loop
      vertex -350 -221.875 119.5
      vertex -338.75 -221.875 120.5
      vertex -338.75 -221.875 120
    endloop
  endfacet
  facet normal 0 1 0
    outer loop
      vertex -338.75 -221.875 120.5
      vertex -350 -221.875 119.5
      vertex -361.25 -221.875 120.5
    endloop
  endfacet
  facet normal 0 1 0
    outer loop
      vertex -361.25 -221.875 120.5
      vertex -350 -221.875 119.5
      vertex -361.25 -221.875 119.5
    endloop
  endfacet
  facet normal 0 1 0
    outer loop
      vertex -300 -221.875 120
      vertex -310.955 -221.875 65.4164
      vertex -350 -221.875 100
    endloop
  endfacet
  facet normal 0 1 -0
    outer loop
      vertex -312.75 -221.875 64.7631
      vertex -350 -221.875 100
      vertex -310.955 -221.875 65.4164
    endloop
  endfacet
  facet normal 0 1 -0
    outer loop
      vertex -314.213 -221.875 63.5353
      vertex -350 -221.875 100
      vertex -312.75 -221.875 64.7631
    endloop
  endfacet
  facet normal 0 1 -0
    outer loop
      vertex -315.168 -221.875 61.8811
      vertex -350 -221.875 100
      vertex -314.213 -221.875 63.5353
    endloop
  endfacet
  facet normal 0 1 0
    outer loop
      vertex -320 -221.875 50
      vertex -315.168 -221.875 61.8811
      vertex -315.5 -221.875 60
    endloop
  endfacet
  facet normal 0 1 0
    outer loop
      vertex -320 -221.875 50
      vertex -315.5 -221.875 60
      vertex -315.168 -221.875 58.1189
    endloop
  endfacet
  facet normal 0 1 0
    outer loop
      vertex -320 -221.875 50
      vertex -315.168 -221.875 58.1189
      vertex -314.213 -221.875 56.4647
    endloop
  endfacet
  facet normal 0 1 0
    outer loop
      vertex -320 -221.875 50
      vertex -310.955 -221.875 54.5836
      vertex -300 -221.875 50
    endloop
  endfacet
  facet normal 0 1 0
    outer loop
      vertex -315.168 -221.875 61.8811
      vertex -320 -221.875 50
      vertex -350 -221.875 100
    endloop
  endfacet
  facet normal 0 1 0
    outer loop
      vertex -312.75 -221.875 55.2369
      vertex -320 -221.875 50
      vertex -314.213 -221.875 56.4647
    endloop
  endfacet
  facet normal 0 1 0
    outer loop
      vertex -310.955 -221.875 54.5836
      vertex -320 -221.875 50
      vertex -312.75 -221.875 55.2369
    endloop
  endfacet
  facet normal 1 0 0
    outer loop
      vertex -338.75 -221.875 120.5
      vertex -338.75 -222.875 120
      vertex -338.75 -221.875 120
    endloop
  endfacet
  facet normal 1 0 0
    outer loop
      vertex -338.75 -222.875 120
      vertex -338.75 -277.125 120
      vertex -338.75 -222.875 119.5
    endloop
  endfacet
  facet normal 1 0 0
    outer loop
      vertex -338.75 -221.875 120.5
      vertex -338.75 -277.125 120
      vertex -338.75 -222.875 120
    endloop
  endfacet
  facet normal 1 -0 0
    outer loop
      vertex -338.75 -278.125 120.5
      vertex -338.75 -277.125 120
      vertex -338.75 -221.875 120.5
    endloop
  endfacet
  facet normal 1 0 0
    outer loop
      vertex -338.75 -277.125 120
      vertex -338.75 -278.125 120.5
      vertex -338.75 -278.125 120
    endloop
  endfacet
  facet normal 1 0 0
    outer loop
      vertex -338.75 -222.875 119.5
      vertex -338.75 -277.125 120
      vertex -338.75 -277.125 119.5
    endloop
  endfacet
  facet normal 0 0 1
    outer loop
      vertex -338.75 -221.875 120.5
      vertex -345 -250 120.5
      vertex -338.75 -278.125 120.5
    endloop
  endfacet
  facet normal 0 0 1
    outer loop
      vertex -338.75 -221.875 120.5
      vertex -345.381 -248.087 120.5
      vertex -345 -250 120.5
    endloop
  endfacet
  facet normal 0 0 1
    outer loop
      vertex -338.75 -221.875 120.5
      vertex -346.464 -246.464 120.5
      vertex -345.381 -248.087 120.5
    endloop
  endfacet
  facet normal 0 0 1
    outer loop
      vertex -338.75 -221.875 120.5
      vertex -348.087 -245.381 120.5
      vertex -346.464 -246.464 120.5
    endloop
  endfacet
  facet normal 0 0 1
    outer loop
      vertex -338.75 -221.875 120.5
      vertex -350 -245 120.5
      vertex -348.087 -245.381 120.5
    endloop
  endfacet
  facet normal -0 0 1
    outer loop
      vertex -361.25 -221.875 120.5
      vertex -350 -245 120.5
      vertex -338.75 -221.875 120.5
    endloop
  endfacet
  facet normal 0 0 1
    outer loop
      vertex -350 -245 120.5
      vertex -361.25 -221.875 120.5
      vertex -351.913 -245.381 120.5
    endloop
  endfacet
  facet normal 0 0 1
    outer loop
      vertex -351.913 -245.381 120.5
      vertex -361.25 -221.875 120.5
      vertex -353.536 -246.464 120.5
    endloop
  endfacet
  facet normal 0 0 1
    outer loop
      vertex -354.619 -248.087 120.5
      vertex -361.25 -221.875 120.5
      vertex -355 -250 120.5
    endloop
  endfacet
  facet normal 0 0 1
    outer loop
      vertex -353.536 -246.464 120.5
      vertex -361.25 -221.875 120.5
      vertex -354.619 -248.087 120.5
    endloop
  endfacet
  facet normal -0 0 1
    outer loop
      vertex -345.381 -251.913 120.5
      vertex -338.75 -278.125 120.5
      vertex -345 -250 120.5
    endloop
  endfacet
  facet normal -0 0 1
    outer loop
      vertex -346.464 -253.536 120.5
      vertex -338.75 -278.125 120.5
      vertex -345.381 -251.913 120.5
    endloop
  endfacet
  facet normal -0 0 1
    outer loop
      vertex -348.087 -254.619 120.5
      vertex -338.75 -278.125 120.5
      vertex -346.464 -253.536 120.5
    endloop
  endfacet
  facet normal -0 0 1
    outer loop
      vertex -350 -255 120.5
      vertex -338.75 -278.125 120.5
      vertex -348.087 -254.619 120.5
    endloop
  endfacet
  facet normal 0 0 1
    outer loop
      vertex -361.25 -278.125 120.5
      vertex -350 -255 120.5
      vertex -351.913 -254.619 120.5
    endloop
  endfacet
  facet normal 0 0 1
    outer loop
      vertex -361.25 -278.125 120.5
      vertex -351.913 -254.619 120.5
      vertex -353.536 -253.536 120.5
    endloop
  endfacet
  facet normal 0 0 1
    outer loop
      vertex -361.25 -278.125 120.5
      vertex -353.536 -253.536 120.5
      vertex -354.619 -251.913 120.5
    endloop
  endfacet
  facet normal 0 0 1
    outer loop
      vertex -361.25 -278.125 120.5
      vertex -355 -250 120.5
      vertex -361.25 -221.875 120.5
    endloop
  endfacet
  facet normal 0 0 1
    outer loop
      vertex -350 -255 120.5
      vertex -361.25 -278.125 120.5
      vertex -338.75 -278.125 120.5
    endloop
  endfacet
  facet normal 0 0 1
    outer loop
      vertex -355 -250 120.5
      vertex -361.25 -278.125 120.5
      vertex -354.619 -251.913 120.5
    endloop
  endfacet
  facet normal 0 0 -1
    outer loop
      vertex -361.25 -278.125 119.5
      vertex -350 -277.125 119.5
      vertex -350 -278.125 119.5
    endloop
  endfacet
  facet normal -0 0 -1
    outer loop
      vertex -350 -277.125 119.5
      vertex -361.25 -278.125 119.5
      vertex -350 -222.875 119.5
    endloop
  endfacet
  facet normal 0 0 -1
    outer loop
      vertex -361.25 -221.875 119.5
      vertex -350 -222.875 119.5
      vertex -361.25 -278.125 119.5
    endloop
  endfacet
  facet normal 0 0 -1
    outer loop
      vertex -350 -222.875 119.5
      vertex -361.25 -221.875 119.5
      vertex -350 -221.875 119.5
    endloop
  endfacet
  facet normal 0 0 -1
    outer loop
      vertex -350 -277.125 119.5
      vertex -338.75 -222.875 119.5
      vertex -338.75 -277.125 119.5
    endloop
  endfacet
  facet normal -0 0 -1
    outer loop
      vertex -338.75 -222.875 119.5
      vertex -350 -277.125 119.5
      vertex -350 -222.875 119.5
    endloop
  endfacet
  facet normal -1 0 0
    outer loop
      vertex -361.25 -278.125 119.5
      vertex -361.25 -221.875 120.5
      vertex -361.25 -221.875 119.5
    endloop
  endfacet
  facet normal -1 -0 0
    outer loop
      vertex -361.25 -221.875 120.5
      vertex -361.25 -278.125 119.5
      vertex -361.25 -278.125 120.5
    endloop
  endfacet
  facet normal -0.866037 0 -0.499979
    outer loop
      vertex -304.832 -278.125 61.8811
      vertex -305.787 -277.125 63.5353
      vertex -304.832 -277.125 61.8811
    endloop
  endfacet
  facet normal -0.866037 -0 -0.499979
    outer loop
      vertex -305.787 -277.125 63.5353
      vertex -304.832 -278.125 61.8811
      vertex -305.787 -278.125 63.5353
    endloop
  endfacet
  facet normal -0.866037 0 -0.499979
    outer loop
      vertex -304.832 -222.875 61.8811
      vertex -305.787 -221.875 63.5353
      vertex -304.832 -221.875 61.8811
    endloop
  endfacet
  facet normal -0.866037 -0 -0.499979
    outer loop
      vertex -305.787 -221.875 63.5353
      vertex -304.832 -222.875 61.8811
      vertex -305.787 -222.875 63.5353
    endloop
  endfacet
  facet normal -0.98478 0 -0.173806
    outer loop
      vertex -304.5 -278.125 60
      vertex -304.832 -277.125 61.8811
      vertex -304.5 -277.125 60
    endloop
  endfacet
  facet normal -0.98478 -0 -0.173806
    outer loop
      vertex -304.832 -277.125 61.8811
      vertex -304.5 -278.125 60
      vertex -304.832 -278.125 61.8811
    endloop
  endfacet
  facet normal -0.98478 0 -0.173806
    outer loop
      vertex -304.5 -222.875 60
      vertex -304.832 -221.875 61.8811
      vertex -304.5 -221.875 60
    endloop
  endfacet
  facet normal -0.98478 -0 -0.173806
    outer loop
      vertex -304.832 -221.875 61.8811
      vertex -304.5 -222.875 60
      vertex -304.832 -222.875 61.8811
    endloop
  endfacet
  facet normal 0.98478 -0 0.173806
    outer loop
      vertex -315.5 -278.125 60
      vertex -315.168 -277.125 58.1189
      vertex -315.5 -277.125 60
    endloop
  endfacet
  facet normal 0.98478 0 0.173806
    outer loop
      vertex -315.168 -277.125 58.1189
      vertex -315.5 -278.125 60
      vertex -315.168 -278.125 58.1189
    endloop
  endfacet
  facet normal 0.98478 -0 0.173806
    outer loop
      vertex -315.5 -222.875 60
      vertex -315.168 -221.875 58.1189
      vertex -315.5 -221.875 60
    endloop
  endfacet
  facet normal 0.98478 0 0.173806
    outer loop
      vertex -315.168 -221.875 58.1189
      vertex -315.5 -222.875 60
      vertex -315.168 -222.875 58.1189
    endloop
  endfacet
  facet normal 0.866037 0 -0.499979
    outer loop
      vertex -314.213 -278.125 63.5353
      vertex -315.168 -277.125 61.8811
      vertex -314.213 -277.125 63.5353
    endloop
  endfacet
  facet normal 0.866037 0 -0.499979
    outer loop
      vertex -315.168 -277.125 61.8811
      vertex -314.213 -278.125 63.5353
      vertex -315.168 -278.125 61.8811
    endloop
  endfacet
  facet normal 0.866037 0 -0.499979
    outer loop
      vertex -314.213 -222.875 63.5353
      vertex -315.168 -221.875 61.8811
      vertex -314.213 -221.875 63.5353
    endloop
  endfacet
  facet normal 0.866037 0 -0.499979
    outer loop
      vertex -315.168 -221.875 61.8811
      vertex -314.213 -222.875 63.5353
      vertex -315.168 -222.875 61.8811
    endloop
  endfacet
  facet normal -0.342008 0 0.939697
    outer loop
      vertex -309.045 -277.125 54.5836
      vertex -307.25 -278.125 55.2369
      vertex -307.25 -277.125 55.2369
    endloop
  endfacet
  facet normal -0.342008 0 0.939697
    outer loop
      vertex -307.25 -278.125 55.2369
      vertex -309.045 -277.125 54.5836
      vertex -309.045 -278.125 54.5836
    endloop
  endfacet
  facet normal -0.342008 0 0.939697
    outer loop
      vertex -309.045 -221.875 54.5836
      vertex -307.25 -222.875 55.2369
      vertex -307.25 -221.875 55.2369
    endloop
  endfacet
  facet normal -0.342008 0 0.939697
    outer loop
      vertex -307.25 -222.875 55.2369
      vertex -309.045 -221.875 54.5836
      vertex -309.045 -222.875 54.5836
    endloop
  endfacet
  facet normal -0 0 1
    outer loop
      vertex -310.955 -277.125 54.5836
      vertex -309.045 -278.125 54.5836
      vertex -309.045 -277.125 54.5836
    endloop
  endfacet
  facet normal 0 0 1
    outer loop
      vertex -309.045 -278.125 54.5836
      vertex -310.955 -277.125 54.5836
      vertex -310.955 -278.125 54.5836
    endloop
  endfacet
  facet normal -0 0 1
    outer loop
      vertex -310.955 -221.875 54.5836
      vertex -309.045 -222.875 54.5836
      vertex -309.045 -221.875 54.5836
    endloop
  endfacet
  facet normal 0 0 1
    outer loop
      vertex -309.045 -222.875 54.5836
      vertex -310.955 -221.875 54.5836
      vertex -310.955 -222.875 54.5836
    endloop
  endfacet
  facet normal -0.642848 0 -0.765994
    outer loop
      vertex -307.25 -278.125 64.7631
      vertex -305.787 -277.125 63.5353
      vertex -305.787 -278.125 63.5353
    endloop
  endfacet
  facet normal -0.642848 0 -0.765994
    outer loop
      vertex -305.787 -277.125 63.5353
      vertex -307.25 -278.125 64.7631
      vertex -307.25 -277.125 64.7631
    endloop
  endfacet
  facet normal -0.642848 0 -0.765994
    outer loop
      vertex -307.25 -222.875 64.7631
      vertex -305.787 -221.875 63.5353
      vertex -305.787 -222.875 63.5353
    endloop
  endfacet
  facet normal -0.642848 0 -0.765994
    outer loop
      vertex -305.787 -221.875 63.5353
      vertex -307.25 -222.875 64.7631
      vertex -307.25 -221.875 64.7631
    endloop
  endfacet
  facet normal 0.642848 0 -0.765994
    outer loop
      vertex -314.213 -278.125 63.5353
      vertex -312.75 -277.125 64.7631
      vertex -312.75 -278.125 64.7631
    endloop
  endfacet
  facet normal 0.642848 0 -0.765994
    outer loop
      vertex -312.75 -277.125 64.7631
      vertex -314.213 -278.125 63.5353
      vertex -314.213 -277.125 63.5353
    endloop
  endfacet
  facet normal 0.642848 0 -0.765994
    outer loop
      vertex -314.213 -222.875 63.5353
      vertex -312.75 -221.875 64.7631
      vertex -312.75 -222.875 64.7631
    endloop
  endfacet
  facet normal 0.642848 0 -0.765994
    outer loop
      vertex -312.75 -221.875 64.7631
      vertex -314.213 -222.875 63.5353
      vertex -314.213 -221.875 63.5353
    endloop
  endfacet
  facet normal 0.342008 0 0.939697
    outer loop
      vertex -312.75 -277.125 55.2369
      vertex -310.955 -278.125 54.5836
      vertex -310.955 -277.125 54.5836
    endloop
  endfacet
  facet normal 0.342008 0 0.939697
    outer loop
      vertex -310.955 -278.125 54.5836
      vertex -312.75 -277.125 55.2369
      vertex -312.75 -278.125 55.2369
    endloop
  endfacet
  facet normal 0.342008 0 0.939697
    outer loop
      vertex -312.75 -221.875 55.2369
      vertex -310.955 -222.875 54.5836
      vertex -310.955 -221.875 54.5836
    endloop
  endfacet
  facet normal 0.342008 0 0.939697
    outer loop
      vertex -310.955 -222.875 54.5836
      vertex -312.75 -221.875 55.2369
      vertex -312.75 -222.875 55.2369
    endloop
  endfacet
  facet normal 0.342008 0 -0.939697
    outer loop
      vertex -312.75 -278.125 64.7631
      vertex -310.955 -277.125 65.4164
      vertex -310.955 -278.125 65.4164
    endloop
  endfacet
  facet normal 0.342008 0 -0.939697
    outer loop
      vertex -310.955 -277.125 65.4164
      vertex -312.75 -278.125 64.7631
      vertex -312.75 -277.125 64.7631
    endloop
  endfacet
  facet normal 0.342008 0 -0.939697
    outer loop
      vertex -312.75 -222.875 64.7631
      vertex -310.955 -221.875 65.4164
      vertex -310.955 -222.875 65.4164
    endloop
  endfacet
  facet normal 0.342008 0 -0.939697
    outer loop
      vertex -310.955 -221.875 65.4164
      vertex -312.75 -222.875 64.7631
      vertex -312.75 -221.875 64.7631
    endloop
  endfacet
  facet normal -0.342008 0 -0.939697
    outer loop
      vertex -309.045 -278.125 65.4164
      vertex -307.25 -277.125 64.7631
      vertex -307.25 -278.125 64.7631
    endloop
  endfacet
  facet normal -0.342008 0 -0.939697
    outer loop
      vertex -307.25 -277.125 64.7631
      vertex -309.045 -278.125 65.4164
      vertex -309.045 -277.125 65.4164
    endloop
  endfacet
  facet normal -0.342008 0 -0.939697
    outer loop
      vertex -309.045 -222.875 65.4164
      vertex -307.25 -221.875 64.7631
      vertex -307.25 -222.875 64.7631
    endloop
  endfacet
  facet normal -0.342008 0 -0.939697
    outer loop
      vertex -307.25 -221.875 64.7631
      vertex -309.045 -222.875 65.4164
      vertex -309.045 -221.875 65.4164
    endloop
  endfacet
  facet normal -0.642848 0 0.765994
    outer loop
      vertex -307.25 -277.125 55.2369
      vertex -305.787 -278.125 56.4647
      vertex -305.787 -277.125 56.4647
    endloop
  endfacet
  facet normal -0.642848 0 0.765994
    outer loop
      vertex -305.787 -278.125 56.4647
      vertex -307.25 -277.125 55.2369
      vertex -307.25 -278.125 55.2369
    endloop
  endfacet
  facet normal -0.642848 0 0.765994
    outer loop
      vertex -307.25 -221.875 55.2369
      vertex -305.787 -222.875 56.4647
      vertex -305.787 -221.875 56.4647
    endloop
  endfacet
  facet normal -0.642848 0 0.765994
    outer loop
      vertex -305.787 -222.875 56.4647
      vertex -307.25 -221.875 55.2369
      vertex -307.25 -222.875 55.2369
    endloop
  endfacet
  facet normal 0.98478 0 -0.173806
    outer loop
      vertex -315.168 -278.125 61.8811
      vertex -315.5 -277.125 60
      vertex -315.168 -277.125 61.8811
    endloop
  endfacet
  facet normal 0.98478 0 -0.173806
    outer loop
      vertex -315.5 -277.125 60
      vertex -315.168 -278.125 61.8811
      vertex -315.5 -278.125 60
    endloop
  endfacet
  facet normal 0.98478 0 -0.173806
    outer loop
      vertex -315.168 -222.875 61.8811
      vertex -315.5 -221.875 60
      vertex -315.168 -221.875 61.8811
    endloop
  endfacet
  facet normal 0.98478 0 -0.173806
    outer loop
      vertex -315.5 -221.875 60
      vertex -315.168 -222.875 61.8811
      vertex -315.5 -222.875 60
    endloop
  endfacet
  facet normal -0.98478 0 0.173806
    outer loop
      vertex -304.832 -278.125 58.1189
      vertex -304.5 -277.125 60
      vertex -304.832 -277.125 58.1189
    endloop
  endfacet
  facet normal -0.98478 0 0.173806
    outer loop
      vertex -304.5 -277.125 60
      vertex -304.832 -278.125 58.1189
      vertex -304.5 -278.125 60
    endloop
  endfacet
  facet normal -0.98478 0 0.173806
    outer loop
      vertex -304.832 -222.875 58.1189
      vertex -304.5 -221.875 60
      vertex -304.832 -221.875 58.1189
    endloop
  endfacet
  facet normal -0.98478 0 0.173806
    outer loop
      vertex -304.5 -221.875 60
      vertex -304.832 -222.875 58.1189
      vertex -304.5 -222.875 60
    endloop
  endfacet
  facet normal 0 0 -1
    outer loop
      vertex -310.955 -278.125 65.4164
      vertex -309.045 -277.125 65.4164
      vertex -309.045 -278.125 65.4164
    endloop
  endfacet
  facet normal -0 0 -1
    outer loop
      vertex -309.045 -277.125 65.4164
      vertex -310.955 -278.125 65.4164
      vertex -310.955 -277.125 65.4164
    endloop
  endfacet
  facet normal 0 0 -1
    outer loop
      vertex -310.955 -222.875 65.4164
      vertex -309.045 -221.875 65.4164
      vertex -309.045 -222.875 65.4164
    endloop
  endfacet
  facet normal -0 0 -1
    outer loop
      vertex -309.045 -221.875 65.4164
      vertex -310.955 -222.875 65.4164
      vertex -310.955 -221.875 65.4164
    endloop
  endfacet
  facet normal 0.866037 -0 0.499979
    outer loop
      vertex -315.168 -278.125 58.1189
      vertex -314.213 -277.125 56.4647
      vertex -315.168 -277.125 58.1189
    endloop
  endfacet
  facet normal 0.866037 0 0.499979
    outer loop
      vertex -314.213 -277.125 56.4647
      vertex -315.168 -278.125 58.1189
      vertex -314.213 -278.125 56.4647
    endloop
  endfacet
  facet normal 0.866037 -0 0.499979
    outer loop
      vertex -315.168 -222.875 58.1189
      vertex -314.213 -221.875 56.4647
      vertex -315.168 -221.875 58.1189
    endloop
  endfacet
  facet normal 0.866037 0 0.499979
    outer loop
      vertex -314.213 -221.875 56.4647
      vertex -315.168 -222.875 58.1189
      vertex -314.213 -222.875 56.4647
    endloop
  endfacet
  facet normal -0.866037 0 0.499979
    outer loop
      vertex -305.787 -278.125 56.4647
      vertex -304.832 -277.125 58.1189
      vertex -305.787 -277.125 56.4647
    endloop
  endfacet
  facet normal -0.866037 0 0.499979
    outer loop
      vertex -304.832 -277.125 58.1189
      vertex -305.787 -278.125 56.4647
      vertex -304.832 -278.125 58.1189
    endloop
  endfacet
  facet normal -0.866037 0 0.499979
    outer loop
      vertex -305.787 -222.875 56.4647
      vertex -304.832 -221.875 58.1189
      vertex -305.787 -221.875 56.4647
    endloop
  endfacet
  facet normal -0.866037 0 0.499979
    outer loop
      vertex -304.832 -221.875 58.1189
      vertex -305.787 -222.875 56.4647
      vertex -304.832 -222.875 58.1189
    endloop
  endfacet
  facet normal 0.642848 0 0.765994
    outer loop
      vertex -314.213 -277.125 56.4647
      vertex -312.75 -278.125 55.2369
      vertex -312.75 -277.125 55.2369
    endloop
  endfacet
  facet normal 0.642848 0 0.765994
    outer loop
      vertex -312.75 -278.125 55.2369
      vertex -314.213 -277.125 56.4647
      vertex -314.213 -278.125 56.4647
    endloop
  endfacet
  facet normal 0.642848 0 0.765994
    outer loop
      vertex -314.213 -221.875 56.4647
      vertex -312.75 -222.875 55.2369
      vertex -312.75 -221.875 55.2369
    endloop
  endfacet
  facet normal 0.642848 0 0.765994
    outer loop
      vertex -312.75 -222.875 55.2369
      vertex -314.213 -221.875 56.4647
      vertex -314.213 -222.875 56.4647
    endloop
  endfacet
  facet normal 0.9877 0 -0.156363
    outer loop
      vertex -250.329 -272.5 53.7283
      vertex -251.311 -227.5 47.5253
      vertex -250.329 -227.5 53.7283
    endloop
  endfacet
  facet normal 0.9877 0 -0.156363
    outer loop
      vertex -251.311 -227.5 47.5253
      vertex -250.329 -272.5 53.7283
      vertex -251.311 -272.5 47.5253
    endloop
  endfacet
  facet normal 0.9877 -0 0.156363
    outer loop
      vertex -251.311 -272.5 72.4747
      vertex -250.329 -227.5 66.2717
      vertex -251.311 -227.5 72.4747
    endloop
  endfacet
  facet normal 0.9877 0 0.156363
    outer loop
      vertex -250.329 -227.5 66.2717
      vertex -251.311 -272.5 72.4747
      vertex -250.329 -272.5 66.2717
    endloop
  endfacet
  facet normal 0.998627 -0 0.0523858
    outer loop
      vertex -250.329 -272.5 66.2717
      vertex -250 -227.5 60
      vertex -250.329 -227.5 66.2717
    endloop
  endfacet
  facet normal 0.998627 0 0.0523858
    outer loop
      vertex -250 -227.5 60
      vertex -250.329 -272.5 66.2717
      vertex -250 -272.5 60
    endloop
  endfacet
  facet normal 0.965904 -0 0.258899
    outer loop
      vertex -252.937 -272.5 78.541
      vertex -251.311 -227.5 72.4747
      vertex -252.937 -227.5 78.541
    endloop
  endfacet
  facet normal 0.965904 0 0.258899
    outer loop
      vertex -251.311 -227.5 72.4747
      vertex -252.937 -272.5 78.541
      vertex -251.311 -272.5 72.4747
    endloop
  endfacet
  facet normal 0.838634 -0 0.544696
    outer loop
      vertex -261.459 -272.5 95.2671
      vertex -258.038 -227.5 90
      vertex -261.459 -227.5 95.2671
    endloop
  endfacet
  facet normal 0.838634 0 0.544696
    outer loop
      vertex -258.038 -227.5 90
      vertex -261.459 -272.5 95.2671
      vertex -258.038 -272.5 90
    endloop
  endfacet
  facet normal -0.156363 0 0.9877
    outer loop
      vertex -322.475 -227.5 118.689
      vertex -316.272 -272.5 119.671
      vertex -316.272 -227.5 119.671
    endloop
  endfacet
  facet normal -0.156363 0 0.9877
    outer loop
      vertex -316.272 -272.5 119.671
      vertex -322.475 -227.5 118.689
      vertex -322.475 -272.5 118.689
    endloop
  endfacet
  facet normal -0.965904 0 -0.258899
    outer loop
      vertex -367.063 -272.5 41.459
      vertex -368.689 -227.5 47.5253
      vertex -367.063 -227.5 41.459
    endloop
  endfacet
  facet normal -0.965904 -0 -0.258899
    outer loop
      vertex -368.689 -227.5 47.5253
      vertex -367.063 -272.5 41.459
      vertex -368.689 -272.5 47.5253
    endloop
  endfacet
  facet normal -0.453979 0 -0.891013
    outer loop
      vertex -340 -272.5 8.03848
      vertex -334.404 -227.5 5.18727
      vertex -334.404 -272.5 5.18727
    endloop
  endfacet
  facet normal -0.453979 0 -0.891013
    outer loop
      vertex -334.404 -227.5 5.18727
      vertex -340 -272.5 8.03848
      vertex -340 -227.5 8.03848
    endloop
  endfacet
  facet normal 0.998627 0 -0.0523858
    outer loop
      vertex -250 -272.5 60
      vertex -250.329 -227.5 53.7283
      vertex -250 -227.5 60
    endloop
  endfacet
  facet normal 0.998627 0 -0.0523858
    outer loop
      vertex -250.329 -227.5 53.7283
      vertex -250 -272.5 60
      vertex -250.329 -272.5 53.7283
    endloop
  endfacet
  facet normal 0.258832 0 -0.965922
    outer loop
      vertex -297.525 -272.5 1.31114
      vertex -291.459 -227.5 2.93661
      vertex -291.459 -272.5 2.93661
    endloop
  endfacet
  facet normal 0.258832 0 -0.965922
    outer loop
      vertex -291.459 -227.5 2.93661
      vertex -297.525 -272.5 1.31114
      vertex -297.525 -227.5 1.31114
    endloop
  endfacet
  facet normal -0.629296 0 -0.777166
    outer loop
      vertex -350.148 -272.5 15.4113
      vertex -345.267 -227.5 11.459
      vertex -345.267 -272.5 11.459
    endloop
  endfacet
  facet normal -0.629296 0 -0.777166
    outer loop
      vertex -345.267 -227.5 11.459
      vertex -350.148 -272.5 15.4113
      vertex -350.148 -227.5 15.4113
    endloop
  endfacet
  facet normal -0.156434 0 -0.987688
    outer loop
      vertex -322.475 -272.5 1.31114
      vertex -316.272 -227.5 0.328687
      vertex -316.272 -272.5 0.328687
    endloop
  endfacet
  facet normal -0.156434 0 -0.987688
    outer loop
      vertex -316.272 -227.5 0.328687
      vertex -322.475 -272.5 1.31114
      vertex -322.475 -227.5 1.31114
    endloop
  endfacet
  facet normal -0.707099 0 -0.707115
    outer loop
      vertex -354.589 -272.5 19.8522
      vertex -350.148 -227.5 15.4113
      vertex -350.148 -272.5 15.4113
    endloop
  endfacet
  facet normal -0.707099 0 -0.707115
    outer loop
      vertex -350.148 -227.5 15.4113
      vertex -354.589 -272.5 19.8522
      vertex -354.589 -227.5 19.8522
    endloop
  endfacet
  facet normal -0.965904 0 0.258899
    outer loop
      vertex -368.689 -272.5 72.4747
      vertex -367.063 -227.5 78.541
      vertex -368.689 -227.5 72.4747
    endloop
  endfacet
  facet normal -0.965904 0 0.258899
    outer loop
      vertex -367.063 -227.5 78.541
      vertex -368.689 -272.5 72.4747
      vertex -367.063 -272.5 78.541
    endloop
  endfacet
  facet normal -0.544649 0 -0.838664
    outer loop
      vertex -345.267 -272.5 11.459
      vertex -340 -227.5 8.03848
      vertex -340 -272.5 8.03848
    endloop
  endfacet
  facet normal -0.544649 0 -0.838664
    outer loop
      vertex -340 -227.5 8.03848
      vertex -345.267 -272.5 11.459
      vertex -345.267 -227.5 11.459
    endloop
  endfacet
  facet normal 0.629267 0 0.777189
    outer loop
      vertex -274.733 -227.5 108.541
      vertex -269.852 -272.5 104.589
      vertex -269.852 -227.5 104.589
    endloop
  endfacet
  facet normal 0.629267 0 0.777189
    outer loop
      vertex -269.852 -272.5 104.589
      vertex -274.733 -227.5 108.541
      vertex -274.733 -272.5 108.541
    endloop
  endfacet
  facet normal 0.156363 0 0.9877
    outer loop
      vertex -303.728 -227.5 119.671
      vertex -297.525 -272.5 118.689
      vertex -297.525 -227.5 118.689
    endloop
  endfacet
  facet normal 0.156363 0 0.9877
    outer loop
      vertex -297.525 -272.5 118.689
      vertex -303.728 -227.5 119.671
      vertex -303.728 -272.5 119.671
    endloop
  endfacet
  facet normal 0.544703 0 0.838629
    outer loop
      vertex -280 -227.5 111.962
      vertex -274.733 -272.5 108.541
      vertex -274.733 -227.5 108.541
    endloop
  endfacet
  facet normal 0.544703 0 0.838629
    outer loop
      vertex -274.733 -272.5 108.541
      vertex -280 -227.5 111.962
      vertex -280 -272.5 111.962
    endloop
  endfacet
  facet normal 0.358377 0 -0.933577
    outer loop
      vertex -291.459 -272.5 2.93661
      vertex -285.596 -227.5 5.18727
      vertex -285.596 -272.5 5.18727
    endloop
  endfacet
  facet normal 0.358377 0 -0.933577
    outer loop
      vertex -285.596 -227.5 5.18727
      vertex -291.459 -272.5 2.93661
      vertex -291.459 -227.5 2.93661
    endloop
  endfacet
  facet normal -0.258911 0 0.965901
    outer loop
      vertex -328.541 -227.5 117.063
      vertex -322.475 -272.5 118.689
      vertex -322.475 -227.5 118.689
    endloop
  endfacet
  facet normal -0.258911 0 0.965901
    outer loop
      vertex -322.475 -272.5 118.689
      vertex -328.541 -227.5 117.063
      vertex -328.541 -272.5 117.063
    endloop
  endfacet
  facet normal 0.0523833 0 0.998627
    outer loop
      vertex -310 -227.5 120
      vertex -303.728 -272.5 119.671
      vertex -303.728 -227.5 119.671
    endloop
  endfacet
  facet normal 0.0523833 0 0.998627
    outer loop
      vertex -303.728 -272.5 119.671
      vertex -310 -227.5 120
      vertex -310 -272.5 120
    endloop
  endfacet
  facet normal 0.358285 0 0.933612
    outer loop
      vertex -291.459 -227.5 117.063
      vertex -285.596 -272.5 114.813
      vertex -285.596 -227.5 114.813
    endloop
  endfacet
  facet normal 0.358285 0 0.933612
    outer loop
      vertex -285.596 -272.5 114.813
      vertex -291.459 -227.5 117.063
      vertex -291.459 -272.5 117.063
    endloop
  endfacet
  facet normal 0.965904 0 -0.258899
    outer loop
      vertex -251.311 -272.5 47.5253
      vertex -252.937 -227.5 41.459
      vertex -251.311 -227.5 47.5253
    endloop
  endfacet
  facet normal 0.965904 0 -0.258899
    outer loop
      vertex -252.937 -227.5 41.459
      vertex -251.311 -272.5 47.5253
      vertex -252.937 -272.5 41.459
    endloop
  endfacet
  facet normal 0.453952 0 0.891026
    outer loop
      vertex -285.596 -227.5 114.813
      vertex -280 -272.5 111.962
      vertex -280 -227.5 111.962
    endloop
  endfacet
  facet normal 0.453952 0 0.891026
    outer loop
      vertex -280 -272.5 111.962
      vertex -285.596 -227.5 114.813
      vertex -285.596 -272.5 114.813
    endloop
  endfacet
  facet normal -0.453952 0 0.891026
    outer loop
      vertex -340 -227.5 111.962
      vertex -334.404 -272.5 114.813
      vertex -334.404 -227.5 114.813
    endloop
  endfacet
  facet normal -0.453952 0 0.891026
    outer loop
      vertex -334.404 -272.5 114.813
      vertex -340 -227.5 111.962
      vertex -340 -272.5 111.962
    endloop
  endfacet
  facet normal 0.156434 0 -0.987688
    outer loop
      vertex -303.728 -272.5 0.328687
      vertex -297.525 -227.5 1.31114
      vertex -297.525 -272.5 1.31114
    endloop
  endfacet
  facet normal 0.156434 0 -0.987688
    outer loop
      vertex -297.525 -227.5 1.31114
      vertex -303.728 -272.5 0.328687
      vertex -303.728 -227.5 0.328687
    endloop
  endfacet
  facet normal -0.258832 0 -0.965922
    outer loop
      vertex -328.541 -272.5 2.93661
      vertex -322.475 -227.5 1.31114
      vertex -322.475 -272.5 1.31114
    endloop
  endfacet
  facet normal -0.258832 0 -0.965922
    outer loop
      vertex -322.475 -227.5 1.31114
      vertex -328.541 -272.5 2.93661
      vertex -328.541 -227.5 2.93661
    endloop
  endfacet
  facet normal 0.77717 0 -0.62929
    outer loop
      vertex -261.459 -272.5 24.7329
      vertex -265.411 -227.5 19.8522
      vertex -261.459 -227.5 24.7329
    endloop
  endfacet
  facet normal 0.77717 0 -0.62929
    outer loop
      vertex -265.411 -227.5 19.8522
      vertex -261.459 -272.5 24.7329
      vertex -265.411 -272.5 19.8522
    endloop
  endfacet
  facet normal 0.89102 0 -0.453965
    outer loop
      vertex -255.187 -272.5 35.5958
      vertex -258.038 -227.5 30
      vertex -255.187 -227.5 35.5958
    endloop
  endfacet
  facet normal 0.89102 0 -0.453965
    outer loop
      vertex -258.038 -227.5 30
      vertex -255.187 -272.5 35.5958
      vertex -258.038 -272.5 30
    endloop
  endfacet
  facet normal -0.707107 0 0.707107
    outer loop
      vertex -354.589 -272.5 100.148
      vertex -350.148 -227.5 104.589
      vertex -354.589 -227.5 100.148
    endloop
  endfacet
  facet normal -0.707107 0 0.707107
    outer loop
      vertex -350.148 -227.5 104.589
      vertex -354.589 -272.5 100.148
      vertex -350.148 -272.5 104.589
    endloop
  endfacet
  facet normal 0.0523336 0 -0.99863
    outer loop
      vertex -310 -272.5 0
      vertex -303.728 -227.5 0.328687
      vertex -303.728 -272.5 0.328687
    endloop
  endfacet
  facet normal 0.0523336 0 -0.99863
    outer loop
      vertex -303.728 -227.5 0.328687
      vertex -310 -272.5 0
      vertex -310 -227.5 0
    endloop
  endfacet
  facet normal -0.358285 0 0.933612
    outer loop
      vertex -334.404 -227.5 114.813
      vertex -328.541 -272.5 117.063
      vertex -328.541 -227.5 117.063
    endloop
  endfacet
  facet normal -0.358285 0 0.933612
    outer loop
      vertex -328.541 -272.5 117.063
      vertex -334.404 -227.5 114.813
      vertex -334.404 -272.5 114.813
    endloop
  endfacet
  facet normal -0.0523833 0 0.998627
    outer loop
      vertex -316.272 -227.5 119.671
      vertex -310 -272.5 120
      vertex -310 -227.5 120
    endloop
  endfacet
  facet normal -0.0523833 0 0.998627
    outer loop
      vertex -310 -272.5 120
      vertex -316.272 -227.5 119.671
      vertex -316.272 -272.5 119.671
    endloop
  endfacet
  facet normal 0.453979 0 -0.891013
    outer loop
      vertex -285.596 -272.5 5.18727
      vertex -280 -227.5 8.03848
      vertex -280 -272.5 8.03848
    endloop
  endfacet
  facet normal 0.453979 0 -0.891013
    outer loop
      vertex -280 -227.5 8.03848
      vertex -285.596 -272.5 5.18727
      vertex -285.596 -227.5 5.18727
    endloop
  endfacet
  facet normal -0.933616 0 0.358275
    outer loop
      vertex -367.063 -272.5 78.541
      vertex -364.813 -227.5 84.4042
      vertex -367.063 -227.5 78.541
    endloop
  endfacet
  facet normal -0.933616 0 0.358275
    outer loop
      vertex -364.813 -227.5 84.4042
      vertex -367.063 -272.5 78.541
      vertex -364.813 -272.5 84.4042
    endloop
  endfacet
  facet normal -0.89102 0 0.453965
    outer loop
      vertex -364.813 -272.5 84.4042
      vertex -361.962 -227.5 90
      vertex -364.813 -227.5 84.4042
    endloop
  endfacet
  facet normal -0.89102 0 0.453965
    outer loop
      vertex -361.962 -227.5 90
      vertex -364.813 -272.5 84.4042
      vertex -361.962 -272.5 90
    endloop
  endfacet
  facet normal 0.777183 -0 0.629275
    outer loop
      vertex -265.411 -272.5 100.148
      vertex -261.459 -227.5 95.2671
      vertex -265.411 -227.5 100.148
    endloop
  endfacet
  facet normal 0.777183 0 0.629275
    outer loop
      vertex -261.459 -227.5 95.2671
      vertex -265.411 -272.5 100.148
      vertex -261.459 -272.5 95.2671
    endloop
  endfacet
  facet normal 0.258911 0 0.965901
    outer loop
      vertex -297.525 -227.5 118.689
      vertex -291.459 -272.5 117.063
      vertex -291.459 -227.5 117.063
    endloop
  endfacet
  facet normal 0.258911 0 0.965901
    outer loop
      vertex -291.459 -272.5 117.063
      vertex -297.525 -227.5 118.689
      vertex -297.525 -272.5 118.689
    endloop
  endfacet
  facet normal 0.933616 -0 0.358275
    outer loop
      vertex -255.187 -272.5 84.4042
      vertex -252.937 -227.5 78.541
      vertex -255.187 -227.5 84.4042
    endloop
  endfacet
  facet normal 0.933616 0 0.358275
    outer loop
      vertex -252.937 -227.5 78.541
      vertex -255.187 -272.5 84.4042
      vertex -252.937 -272.5 78.541
    endloop
  endfacet
  facet normal 0.838634 0 -0.544696
    outer loop
      vertex -258.038 -272.5 30
      vertex -261.459 -227.5 24.7329
      vertex -258.038 -227.5 30
    endloop
  endfacet
  facet normal 0.838634 0 -0.544696
    outer loop
      vertex -261.459 -227.5 24.7329
      vertex -258.038 -272.5 30
      vertex -261.459 -272.5 24.7329
    endloop
  endfacet
  facet normal -0.998627 0 -0.0523858
    outer loop
      vertex -369.671 -272.5 53.7283
      vertex -370 -227.5 60
      vertex -369.671 -227.5 53.7283
    endloop
  endfacet
  facet normal -0.998627 -0 -0.0523858
    outer loop
      vertex -370 -227.5 60
      vertex -369.671 -272.5 53.7283
      vertex -370 -272.5 60
    endloop
  endfacet
  facet normal 0 1 0
    outer loop
      vertex -310 -227.5 70
      vertex -310 -227.5 120
      vertex -303.728 -227.5 119.671
    endloop
  endfacet
  facet normal 0 1 0
    outer loop
      vertex -308.955 -227.5 69.9452
      vertex -303.728 -227.5 119.671
      vertex -297.525 -227.5 118.689
    endloop
  endfacet
  facet normal 0 1 0
    outer loop
      vertex -310 -227.5 120
      vertex -310 -227.5 70
      vertex -316.272 -227.5 119.671
    endloop
  endfacet
  facet normal 0 1 0
    outer loop
      vertex -307.921 -227.5 69.7815
      vertex -297.525 -227.5 118.689
      vertex -291.459 -227.5 117.063
    endloop
  endfacet
  facet normal 0 1 -0
    outer loop
      vertex -311.045 -227.5 69.9452
      vertex -316.272 -227.5 119.671
      vertex -310 -227.5 70
    endloop
  endfacet
  facet normal 0 1 0
    outer loop
      vertex -306.91 -227.5 69.5106
      vertex -291.459 -227.5 117.063
      vertex -285.596 -227.5 114.813
    endloop
  endfacet
  facet normal 0 1 0
    outer loop
      vertex -316.272 -227.5 119.671
      vertex -311.045 -227.5 69.9452
      vertex -322.475 -227.5 118.689
    endloop
  endfacet
  facet normal 0 1 0
    outer loop
      vertex -305.933 -227.5 69.1355
      vertex -285.596 -227.5 114.813
      vertex -280 -227.5 111.962
    endloop
  endfacet
  facet normal 0 1 -0
    outer loop
      vertex -312.079 -227.5 69.7815
      vertex -322.475 -227.5 118.689
      vertex -311.045 -227.5 69.9452
    endloop
  endfacet
  facet normal 0 1 0
    outer loop
      vertex -305 -227.5 68.6603
      vertex -280 -227.5 111.962
      vertex -274.733 -227.5 108.541
    endloop
  endfacet
  facet normal 0 1 0
    outer loop
      vertex -322.475 -227.5 118.689
      vertex -312.079 -227.5 69.7815
      vertex -328.541 -227.5 117.063
    endloop
  endfacet
  facet normal 0 1 0
    outer loop
      vertex -304.122 -227.5 68.0902
      vertex -274.733 -227.5 108.541
      vertex -269.852 -227.5 104.589
    endloop
  endfacet
  facet normal 0 1 -0
    outer loop
      vertex -313.09 -227.5 69.5106
      vertex -328.541 -227.5 117.063
      vertex -312.079 -227.5 69.7815
    endloop
  endfacet
  facet normal 0 1 0
    outer loop
      vertex -303.309 -227.5 67.4314
      vertex -269.852 -227.5 104.589
      vertex -265.411 -227.5 100.148
    endloop
  endfacet
  facet normal 0 1 0
    outer loop
      vertex -328.541 -227.5 117.063
      vertex -313.09 -227.5 69.5106
      vertex -334.404 -227.5 114.813
    endloop
  endfacet
  facet normal 0 1 0
    outer loop
      vertex -302.569 -227.5 66.6913
      vertex -265.411 -227.5 100.148
      vertex -261.459 -227.5 95.2671
    endloop
  endfacet
  facet normal 0 1 -0
    outer loop
      vertex -314.067 -227.5 69.1355
      vertex -334.404 -227.5 114.813
      vertex -313.09 -227.5 69.5106
    endloop
  endfacet
  facet normal 0 1 0
    outer loop
      vertex -301.91 -227.5 65.8779
      vertex -261.459 -227.5 95.2671
      vertex -258.038 -227.5 90
    endloop
  endfacet
  facet normal 0 1 0
    outer loop
      vertex -334.404 -227.5 114.813
      vertex -314.067 -227.5 69.1355
      vertex -340 -227.5 111.962
    endloop
  endfacet
  facet normal 0 1 0
    outer loop
      vertex -301.34 -227.5 65
      vertex -258.038 -227.5 90
      vertex -255.187 -227.5 84.4042
    endloop
  endfacet
  facet normal 0 1 -0
    outer loop
      vertex -315 -227.5 68.6603
      vertex -340 -227.5 111.962
      vertex -314.067 -227.5 69.1355
    endloop
  endfacet
  facet normal 0 1 0
    outer loop
      vertex -300.865 -227.5 64.0674
      vertex -255.187 -227.5 84.4042
      vertex -252.937 -227.5 78.541
    endloop
  endfacet
  facet normal 0 1 0
    outer loop
      vertex -340 -227.5 111.962
      vertex -315 -227.5 68.6603
      vertex -345.267 -227.5 108.541
    endloop
  endfacet
  facet normal 0 1 0
    outer loop
      vertex -300.489 -227.5 63.0902
      vertex -252.937 -227.5 78.541
      vertex -251.311 -227.5 72.4747
    endloop
  endfacet
  facet normal 0 1 -0
    outer loop
      vertex -315.878 -227.5 68.0902
      vertex -345.267 -227.5 108.541
      vertex -315 -227.5 68.6603
    endloop
  endfacet
  facet normal 0 1 0
    outer loop
      vertex -345.267 -227.5 108.541
      vertex -315.878 -227.5 68.0902
      vertex -350.148 -227.5 104.589
    endloop
  endfacet
  facet normal 0 1 0
    outer loop
      vertex -303.728 -227.5 119.671
      vertex -308.955 -227.5 69.9452
      vertex -310 -227.5 70
    endloop
  endfacet
  facet normal 0 1 0
    outer loop
      vertex -297.525 -227.5 118.689
      vertex -307.921 -227.5 69.7815
      vertex -308.955 -227.5 69.9452
    endloop
  endfacet
  facet normal 0 1 0
    outer loop
      vertex -291.459 -227.5 117.063
      vertex -306.91 -227.5 69.5106
      vertex -307.921 -227.5 69.7815
    endloop
  endfacet
  facet normal 0 1 0
    outer loop
      vertex -285.596 -227.5 114.813
      vertex -305.933 -227.5 69.1355
      vertex -306.91 -227.5 69.5106
    endloop
  endfacet
  facet normal 0 1 0
    outer loop
      vertex -280 -227.5 111.962
      vertex -305 -227.5 68.6603
      vertex -305.933 -227.5 69.1355
    endloop
  endfacet
  facet normal 0 1 0
    outer loop
      vertex -274.733 -227.5 108.541
      vertex -304.122 -227.5 68.0902
      vertex -305 -227.5 68.6603
    endloop
  endfacet
  facet normal 0 1 0
    outer loop
      vertex -269.852 -227.5 104.589
      vertex -303.309 -227.5 67.4314
      vertex -304.122 -227.5 68.0902
    endloop
  endfacet
  facet normal 0 1 0
    outer loop
      vertex -265.411 -227.5 100.148
      vertex -302.569 -227.5 66.6913
      vertex -303.309 -227.5 67.4314
    endloop
  endfacet
  facet normal 0 1 0
    outer loop
      vertex -300.219 -227.5 62.0791
      vertex -251.311 -227.5 72.4747
      vertex -250.329 -227.5 66.2717
    endloop
  endfacet
  facet normal 0 1 0
    outer loop
      vertex -261.459 -227.5 95.2671
      vertex -301.91 -227.5 65.8779
      vertex -302.569 -227.5 66.6913
    endloop
  endfacet
  facet normal 0 1 0
    outer loop
      vertex -258.038 -227.5 90
      vertex -301.34 -227.5 65
      vertex -301.91 -227.5 65.8779
    endloop
  endfacet
  facet normal 0 1 0
    outer loop
      vertex -255.187 -227.5 84.4042
      vertex -300.865 -227.5 64.0674
      vertex -301.34 -227.5 65
    endloop
  endfacet
  facet normal 0 1 0
    outer loop
      vertex -252.937 -227.5 78.541
      vertex -300.489 -227.5 63.0902
      vertex -300.865 -227.5 64.0674
    endloop
  endfacet
  facet normal 0 1 0
    outer loop
      vertex -251.311 -227.5 72.4747
      vertex -300.219 -227.5 62.0791
      vertex -300.489 -227.5 63.0902
    endloop
  endfacet
  facet normal 0 1 0
    outer loop
      vertex -250.329 -227.5 66.2717
      vertex -300.055 -227.5 61.0453
      vertex -300.219 -227.5 62.0791
    endloop
  endfacet
  facet normal 0 1 0
    outer loop
      vertex -250 -227.5 60
      vertex -300.055 -227.5 61.0453
      vertex -250.329 -227.5 66.2717
    endloop
  endfacet
  facet normal 0 1 0
    outer loop
      vertex -250 -227.5 60
      vertex -300 -227.5 60
      vertex -300.055 -227.5 61.0453
    endloop
  endfacet
  facet normal 0 1 0
    outer loop
      vertex -250 -227.5 60
      vertex -300.055 -227.5 58.9547
      vertex -300 -227.5 60
    endloop
  endfacet
  facet normal 0 1 -0
    outer loop
      vertex -250.329 -227.5 53.7283
      vertex -300.055 -227.5 58.9547
      vertex -250 -227.5 60
    endloop
  endfacet
  facet normal 0 1 0
    outer loop
      vertex -300.055 -227.5 58.9547
      vertex -250.329 -227.5 53.7283
      vertex -300.219 -227.5 57.9209
    endloop
  endfacet
  facet normal 0 1 -0
    outer loop
      vertex -251.311 -227.5 47.5253
      vertex -300.219 -227.5 57.9209
      vertex -250.329 -227.5 53.7283
    endloop
  endfacet
  facet normal 0 1 0
    outer loop
      vertex -300.219 -227.5 57.9209
      vertex -251.311 -227.5 47.5253
      vertex -300.489 -227.5 56.9098
    endloop
  endfacet
  facet normal 0 1 -0
    outer loop
      vertex -252.937 -227.5 41.459
      vertex -300.489 -227.5 56.9098
      vertex -251.311 -227.5 47.5253
    endloop
  endfacet
  facet normal 0 1 0
    outer loop
      vertex -300.489 -227.5 56.9098
      vertex -252.937 -227.5 41.459
      vertex -300.865 -227.5 55.9326
    endloop
  endfacet
  facet normal 0 1 -0
    outer loop
      vertex -255.187 -227.5 35.5958
      vertex -300.865 -227.5 55.9326
      vertex -252.937 -227.5 41.459
    endloop
  endfacet
  facet normal 0 1 0
    outer loop
      vertex -300.865 -227.5 55.9326
      vertex -255.187 -227.5 35.5958
      vertex -301.34 -227.5 55
    endloop
  endfacet
  facet normal 0 1 -0
    outer loop
      vertex -258.038 -227.5 30
      vertex -301.34 -227.5 55
      vertex -255.187 -227.5 35.5958
    endloop
  endfacet
  facet normal 0 1 0
    outer loop
      vertex -301.34 -227.5 55
      vertex -258.038 -227.5 30
      vertex -301.91 -227.5 54.1221
    endloop
  endfacet
  facet normal 0 1 -0
    outer loop
      vertex -261.459 -227.5 24.7329
      vertex -301.91 -227.5 54.1221
      vertex -258.038 -227.5 30
    endloop
  endfacet
  facet normal 0 1 0
    outer loop
      vertex -301.91 -227.5 54.1221
      vertex -261.459 -227.5 24.7329
      vertex -302.569 -227.5 53.3087
    endloop
  endfacet
  facet normal 0 1 -0
    outer loop
      vertex -265.411 -227.5 19.8522
      vertex -302.569 -227.5 53.3087
      vertex -261.459 -227.5 24.7329
    endloop
  endfacet
  facet normal 0 1 0
    outer loop
      vertex -302.569 -227.5 53.3087
      vertex -265.411 -227.5 19.8522
      vertex -303.309 -227.5 52.5686
    endloop
  endfacet
  facet normal 0 1 0
    outer loop
      vertex -303.309 -227.5 52.5686
      vertex -269.852 -227.5 15.4113
      vertex -304.122 -227.5 51.9098
    endloop
  endfacet
  facet normal 0 1 -0
    outer loop
      vertex -269.852 -227.5 15.4113
      vertex -303.309 -227.5 52.5686
      vertex -265.411 -227.5 19.8522
    endloop
  endfacet
  facet normal 0 1 -0
    outer loop
      vertex -316.691 -227.5 67.4314
      vertex -350.148 -227.5 104.589
      vertex -315.878 -227.5 68.0902
    endloop
  endfacet
  facet normal 0 1 0
    outer loop
      vertex -350.148 -227.5 104.589
      vertex -316.691 -227.5 67.4314
      vertex -354.589 -227.5 100.148
    endloop
  endfacet
  facet normal 0 1 -0
    outer loop
      vertex -317.431 -227.5 66.6913
      vertex -354.589 -227.5 100.148
      vertex -316.691 -227.5 67.4314
    endloop
  endfacet
  facet normal 0 1 0
    outer loop
      vertex -354.589 -227.5 100.148
      vertex -317.431 -227.5 66.6913
      vertex -358.541 -227.5 95.2671
    endloop
  endfacet
  facet normal 0 1 -0
    outer loop
      vertex -318.09 -227.5 65.8779
      vertex -358.541 -227.5 95.2671
      vertex -317.431 -227.5 66.6913
    endloop
  endfacet
  facet normal 0 1 0
    outer loop
      vertex -358.541 -227.5 95.2671
      vertex -318.09 -227.5 65.8779
      vertex -361.962 -227.5 90
    endloop
  endfacet
  facet normal 0 1 -0
    outer loop
      vertex -318.66 -227.5 65
      vertex -361.962 -227.5 90
      vertex -318.09 -227.5 65.8779
    endloop
  endfacet
  facet normal 0 1 0
    outer loop
      vertex -361.962 -227.5 90
      vertex -318.66 -227.5 65
      vertex -364.813 -227.5 84.4042
    endloop
  endfacet
  facet normal 0 1 -0
    outer loop
      vertex -319.135 -227.5 64.0674
      vertex -364.813 -227.5 84.4042
      vertex -318.66 -227.5 65
    endloop
  endfacet
  facet normal 0 1 0
    outer loop
      vertex -364.813 -227.5 84.4042
      vertex -319.135 -227.5 64.0674
      vertex -367.063 -227.5 78.541
    endloop
  endfacet
  facet normal 0 1 -0
    outer loop
      vertex -319.511 -227.5 63.0902
      vertex -367.063 -227.5 78.541
      vertex -319.135 -227.5 64.0674
    endloop
  endfacet
  facet normal 0 1 0
    outer loop
      vertex -367.063 -227.5 78.541
      vertex -319.511 -227.5 63.0902
      vertex -368.689 -227.5 72.4747
    endloop
  endfacet
  facet normal 0 1 -0
    outer loop
      vertex -319.781 -227.5 62.0791
      vertex -368.689 -227.5 72.4747
      vertex -319.511 -227.5 63.0902
    endloop
  endfacet
  facet normal 0 1 0
    outer loop
      vertex -368.689 -227.5 72.4747
      vertex -319.781 -227.5 62.0791
      vertex -369.671 -227.5 66.2717
    endloop
  endfacet
  facet normal 0 1 -0
    outer loop
      vertex -319.945 -227.5 61.0453
      vertex -369.671 -227.5 66.2717
      vertex -319.781 -227.5 62.0791
    endloop
  endfacet
  facet normal 0 1 -0
    outer loop
      vertex -320 -227.5 60
      vertex -369.671 -227.5 66.2717
      vertex -319.945 -227.5 61.0453
    endloop
  endfacet
  facet normal 0 1 0
    outer loop
      vertex -320 -227.5 60
      vertex -370 -227.5 60
      vertex -369.671 -227.5 66.2717
    endloop
  endfacet
  facet normal 0 1 0
    outer loop
      vertex -319.945 -227.5 58.9547
      vertex -370 -227.5 60
      vertex -320 -227.5 60
    endloop
  endfacet
  facet normal 0 1 0
    outer loop
      vertex -369.671 -227.5 53.7283
      vertex -319.945 -227.5 58.9547
      vertex -319.781 -227.5 57.9209
    endloop
  endfacet
  facet normal 0 1 0
    outer loop
      vertex -368.689 -227.5 47.5253
      vertex -319.781 -227.5 57.9209
      vertex -319.511 -227.5 56.9098
    endloop
  endfacet
  facet normal 0 1 0
    outer loop
      vertex -367.063 -227.5 41.459
      vertex -319.511 -227.5 56.9098
      vertex -319.135 -227.5 55.9326
    endloop
  endfacet
  facet normal 0 1 0
    outer loop
      vertex -364.813 -227.5 35.5958
      vertex -319.135 -227.5 55.9326
      vertex -318.66 -227.5 55
    endloop
  endfacet
  facet normal 0 1 0
    outer loop
      vertex -361.962 -227.5 30
      vertex -318.66 -227.5 55
      vertex -318.09 -227.5 54.1221
    endloop
  endfacet
  facet normal 0 1 0
    outer loop
      vertex -319.945 -227.5 58.9547
      vertex -369.671 -227.5 53.7283
      vertex -370 -227.5 60
    endloop
  endfacet
  facet normal 0 1 0
    outer loop
      vertex -358.541 -227.5 24.7329
      vertex -318.09 -227.5 54.1221
      vertex -317.431 -227.5 53.3087
    endloop
  endfacet
  facet normal 0 1 0
    outer loop
      vertex -354.589 -227.5 19.8522
      vertex -317.431 -227.5 53.3087
      vertex -316.691 -227.5 52.5686
    endloop
  endfacet
  facet normal 0 1 0
    outer loop
      vertex -350.148 -227.5 15.4113
      vertex -316.691 -227.5 52.5686
      vertex -315.878 -227.5 51.9098
    endloop
  endfacet
  facet normal 0 1 0
    outer loop
      vertex -345.267 -227.5 11.459
      vertex -315.878 -227.5 51.9098
      vertex -315 -227.5 51.3397
    endloop
  endfacet
  facet normal 0 1 0
    outer loop
      vertex -340 -227.5 8.03848
      vertex -315 -227.5 51.3397
      vertex -314.067 -227.5 50.8645
    endloop
  endfacet
  facet normal 0 1 0
    outer loop
      vertex -334.404 -227.5 5.18727
      vertex -314.067 -227.5 50.8645
      vertex -313.09 -227.5 50.4894
    endloop
  endfacet
  facet normal 0 1 0
    outer loop
      vertex -328.541 -227.5 2.93661
      vertex -313.09 -227.5 50.4894
      vertex -312.079 -227.5 50.2185
    endloop
  endfacet
  facet normal 0 1 0
    outer loop
      vertex -322.475 -227.5 1.31114
      vertex -312.079 -227.5 50.2185
      vertex -311.045 -227.5 50.0548
    endloop
  endfacet
  facet normal 0 1 0
    outer loop
      vertex -319.781 -227.5 57.9209
      vertex -368.689 -227.5 47.5253
      vertex -369.671 -227.5 53.7283
    endloop
  endfacet
  facet normal 0 1 0
    outer loop
      vertex -316.272 -227.5 0.328687
      vertex -311.045 -227.5 50.0548
      vertex -310 -227.5 50
    endloop
  endfacet
  facet normal 0 1 -0
    outer loop
      vertex -274.733 -227.5 11.459
      vertex -304.122 -227.5 51.9098
      vertex -269.852 -227.5 15.4113
    endloop
  endfacet
  facet normal 0 1 0
    outer loop
      vertex -304.122 -227.5 51.9098
      vertex -274.733 -227.5 11.459
      vertex -305 -227.5 51.3397
    endloop
  endfacet
  facet normal 0 1 0
    outer loop
      vertex -319.511 -227.5 56.9098
      vertex -367.063 -227.5 41.459
      vertex -368.689 -227.5 47.5253
    endloop
  endfacet
  facet normal 0 1 -0
    outer loop
      vertex -280 -227.5 8.03848
      vertex -305 -227.5 51.3397
      vertex -274.733 -227.5 11.459
    endloop
  endfacet
  facet normal 0 1 0
    outer loop
      vertex -319.135 -227.5 55.9326
      vertex -364.813 -227.5 35.5958
      vertex -367.063 -227.5 41.459
    endloop
  endfacet
  facet normal 0 1 0
    outer loop
      vertex -305 -227.5 51.3397
      vertex -280 -227.5 8.03848
      vertex -305.933 -227.5 50.8645
    endloop
  endfacet
  facet normal 0 1 0
    outer loop
      vertex -318.66 -227.5 55
      vertex -361.962 -227.5 30
      vertex -364.813 -227.5 35.5958
    endloop
  endfacet
  facet normal 0 1 -0
    outer loop
      vertex -285.596 -227.5 5.18727
      vertex -305.933 -227.5 50.8645
      vertex -280 -227.5 8.03848
    endloop
  endfacet
  facet normal 0 1 0
    outer loop
      vertex -318.09 -227.5 54.1221
      vertex -358.541 -227.5 24.7329
      vertex -361.962 -227.5 30
    endloop
  endfacet
  facet normal 0 1 0
    outer loop
      vertex -305.933 -227.5 50.8645
      vertex -285.596 -227.5 5.18727
      vertex -306.91 -227.5 50.4894
    endloop
  endfacet
  facet normal 0 1 0
    outer loop
      vertex -317.431 -227.5 53.3087
      vertex -354.589 -227.5 19.8522
      vertex -358.541 -227.5 24.7329
    endloop
  endfacet
  facet normal 0 1 -0
    outer loop
      vertex -291.459 -227.5 2.93661
      vertex -306.91 -227.5 50.4894
      vertex -285.596 -227.5 5.18727
    endloop
  endfacet
  facet normal 0 1 0
    outer loop
      vertex -316.691 -227.5 52.5686
      vertex -350.148 -227.5 15.4113
      vertex -354.589 -227.5 19.8522
    endloop
  endfacet
  facet normal 0 1 0
    outer loop
      vertex -306.91 -227.5 50.4894
      vertex -291.459 -227.5 2.93661
      vertex -307.921 -227.5 50.2185
    endloop
  endfacet
  facet normal 0 1 0
    outer loop
      vertex -315.878 -227.5 51.9098
      vertex -345.267 -227.5 11.459
      vertex -350.148 -227.5 15.4113
    endloop
  endfacet
  facet normal 0 1 -0
    outer loop
      vertex -297.525 -227.5 1.31114
      vertex -307.921 -227.5 50.2185
      vertex -291.459 -227.5 2.93661
    endloop
  endfacet
  facet normal 0 1 0
    outer loop
      vertex -315 -227.5 51.3397
      vertex -340 -227.5 8.03848
      vertex -345.267 -227.5 11.459
    endloop
  endfacet
  facet normal 0 1 0
    outer loop
      vertex -307.921 -227.5 50.2185
      vertex -297.525 -227.5 1.31114
      vertex -308.955 -227.5 50.0548
    endloop
  endfacet
  facet normal 0 1 0
    outer loop
      vertex -314.067 -227.5 50.8645
      vertex -334.404 -227.5 5.18727
      vertex -340 -227.5 8.03848
    endloop
  endfacet
  facet normal 0 1 -0
    outer loop
      vertex -303.728 -227.5 0.328687
      vertex -308.955 -227.5 50.0548
      vertex -297.525 -227.5 1.31114
    endloop
  endfacet
  facet normal 0 1 0
    outer loop
      vertex -313.09 -227.5 50.4894
      vertex -328.541 -227.5 2.93661
      vertex -334.404 -227.5 5.18727
    endloop
  endfacet
  facet normal 0 1 0
    outer loop
      vertex -308.955 -227.5 50.0548
      vertex -303.728 -227.5 0.328687
      vertex -310 -227.5 50
    endloop
  endfacet
  facet normal 0 1 0
    outer loop
      vertex -312.079 -227.5 50.2185
      vertex -322.475 -227.5 1.31114
      vertex -328.541 -227.5 2.93661
    endloop
  endfacet
  facet normal 0 1 0
    outer loop
      vertex -310 -227.5 0
      vertex -310 -227.5 50
      vertex -303.728 -227.5 0.328687
    endloop
  endfacet
  facet normal 0 1 0
    outer loop
      vertex -311.045 -227.5 50.0548
      vertex -316.272 -227.5 0.328687
      vertex -322.475 -227.5 1.31114
    endloop
  endfacet
  facet normal 0 1 0
    outer loop
      vertex -310 -227.5 50
      vertex -310 -227.5 0
      vertex -316.272 -227.5 0.328687
    endloop
  endfacet
  facet normal 0.707107 -0 0.707107
    outer loop
      vertex -269.852 -272.5 104.589
      vertex -265.411 -227.5 100.148
      vertex -269.852 -227.5 104.589
    endloop
  endfacet
  facet normal 0.707107 0 0.707107
    outer loop
      vertex -265.411 -227.5 100.148
      vertex -269.852 -272.5 104.589
      vertex -265.411 -272.5 100.148
    endloop
  endfacet
  facet normal 0.89102 -0 0.453965
    outer loop
      vertex -258.038 -272.5 90
      vertex -255.187 -227.5 84.4042
      vertex -258.038 -227.5 90
    endloop
  endfacet
  facet normal 0.89102 0 0.453965
    outer loop
      vertex -255.187 -227.5 84.4042
      vertex -258.038 -272.5 90
      vertex -255.187 -272.5 84.4042
    endloop
  endfacet
  facet normal -0.838634 0 0.544696
    outer loop
      vertex -361.962 -272.5 90
      vertex -358.541 -227.5 95.2671
      vertex -361.962 -227.5 90
    endloop
  endfacet
  facet normal -0.838634 0 0.544696
    outer loop
      vertex -358.541 -227.5 95.2671
      vertex -361.962 -272.5 90
      vertex -358.541 -272.5 95.2671
    endloop
  endfacet
  facet normal -0.9877 0 0.156363
    outer loop
      vertex -369.671 -272.5 66.2717
      vertex -368.689 -227.5 72.4747
      vertex -369.671 -227.5 66.2717
    endloop
  endfacet
  facet normal -0.9877 0 0.156363
    outer loop
      vertex -368.689 -227.5 72.4747
      vertex -369.671 -272.5 66.2717
      vertex -368.689 -272.5 72.4747
    endloop
  endfacet
  facet normal 0 -1 0
    outer loop
      vertex -310 -272.5 70
      vertex -310 -272.5 120
      vertex -316.272 -272.5 119.671
    endloop
  endfacet
  facet normal 0 -1 0
    outer loop
      vertex -311.045 -272.5 69.9452
      vertex -316.272 -272.5 119.671
      vertex -322.475 -272.5 118.689
    endloop
  endfacet
  facet normal 0 -1 0
    outer loop
      vertex -310 -272.5 120
      vertex -310 -272.5 70
      vertex -303.728 -272.5 119.671
    endloop
  endfacet
  facet normal 0 -1 0
    outer loop
      vertex -312.079 -272.5 69.7815
      vertex -322.475 -272.5 118.689
      vertex -328.541 -272.5 117.063
    endloop
  endfacet
  facet normal 0 -1 0
    outer loop
      vertex -308.955 -272.5 69.9452
      vertex -303.728 -272.5 119.671
      vertex -310 -272.5 70
    endloop
  endfacet
  facet normal 0 -1 0
    outer loop
      vertex -313.09 -272.5 69.5106
      vertex -328.541 -272.5 117.063
      vertex -334.404 -272.5 114.813
    endloop
  endfacet
  facet normal 0 -1 -0
    outer loop
      vertex -303.728 -272.5 119.671
      vertex -308.955 -272.5 69.9452
      vertex -297.525 -272.5 118.689
    endloop
  endfacet
  facet normal 0 -1 0
    outer loop
      vertex -314.067 -272.5 69.1355
      vertex -334.404 -272.5 114.813
      vertex -340 -272.5 111.962
    endloop
  endfacet
  facet normal 0 -1 0
    outer loop
      vertex -307.921 -272.5 69.7815
      vertex -297.525 -272.5 118.689
      vertex -308.955 -272.5 69.9452
    endloop
  endfacet
  facet normal 0 -1 0
    outer loop
      vertex -315 -272.5 68.6603
      vertex -340 -272.5 111.962
      vertex -345.267 -272.5 108.541
    endloop
  endfacet
  facet normal 0 -1 -0
    outer loop
      vertex -297.525 -272.5 118.689
      vertex -307.921 -272.5 69.7815
      vertex -291.459 -272.5 117.063
    endloop
  endfacet
  facet normal 0 -1 0
    outer loop
      vertex -315.878 -272.5 68.0902
      vertex -345.267 -272.5 108.541
      vertex -350.148 -272.5 104.589
    endloop
  endfacet
  facet normal 0 -1 0
    outer loop
      vertex -306.91 -272.5 69.5106
      vertex -291.459 -272.5 117.063
      vertex -307.921 -272.5 69.7815
    endloop
  endfacet
  facet normal 0 -1 0
    outer loop
      vertex -316.691 -272.5 67.4314
      vertex -350.148 -272.5 104.589
      vertex -354.589 -272.5 100.148
    endloop
  endfacet
  facet normal 0 -1 -0
    outer loop
      vertex -291.459 -272.5 117.063
      vertex -306.91 -272.5 69.5106
      vertex -285.596 -272.5 114.813
    endloop
  endfacet
  facet normal 0 -1 0
    outer loop
      vertex -317.431 -272.5 66.6913
      vertex -354.589 -272.5 100.148
      vertex -358.541 -272.5 95.2671
    endloop
  endfacet
  facet normal 0 -1 0
    outer loop
      vertex -305.933 -272.5 69.1355
      vertex -285.596 -272.5 114.813
      vertex -306.91 -272.5 69.5106
    endloop
  endfacet
  facet normal 0 -1 0
    outer loop
      vertex -318.09 -272.5 65.8779
      vertex -358.541 -272.5 95.2671
      vertex -361.962 -272.5 90
    endloop
  endfacet
  facet normal 0 -1 -0
    outer loop
      vertex -285.596 -272.5 114.813
      vertex -305.933 -272.5 69.1355
      vertex -280 -272.5 111.962
    endloop
  endfacet
  facet normal 0 -1 0
    outer loop
      vertex -318.66 -272.5 65
      vertex -361.962 -272.5 90
      vertex -364.813 -272.5 84.4042
    endloop
  endfacet
  facet normal 0 -1 0
    outer loop
      vertex -305 -272.5 68.6603
      vertex -280 -272.5 111.962
      vertex -305.933 -272.5 69.1355
    endloop
  endfacet
  facet normal 0 -1 0
    outer loop
      vertex -319.135 -272.5 64.0674
      vertex -364.813 -272.5 84.4042
      vertex -367.063 -272.5 78.541
    endloop
  endfacet
  facet normal 0 -1 -0
    outer loop
      vertex -280 -272.5 111.962
      vertex -305 -272.5 68.6603
      vertex -274.733 -272.5 108.541
    endloop
  endfacet
  facet normal 0 -1 0
    outer loop
      vertex -319.511 -272.5 63.0902
      vertex -367.063 -272.5 78.541
      vertex -368.689 -272.5 72.4747
    endloop
  endfacet
  facet normal 0 -1 0
    outer loop
      vertex -304.122 -272.5 68.0902
      vertex -274.733 -272.5 108.541
      vertex -305 -272.5 68.6603
    endloop
  endfacet
  facet normal 0 -1 -0
    outer loop
      vertex -274.733 -272.5 108.541
      vertex -304.122 -272.5 68.0902
      vertex -269.852 -272.5 104.589
    endloop
  endfacet
  facet normal 0 -1 0
    outer loop
      vertex -316.272 -272.5 119.671
      vertex -311.045 -272.5 69.9452
      vertex -310 -272.5 70
    endloop
  endfacet
  facet normal 0 -1 0
    outer loop
      vertex -322.475 -272.5 118.689
      vertex -312.079 -272.5 69.7815
      vertex -311.045 -272.5 69.9452
    endloop
  endfacet
  facet normal 0 -1 0
    outer loop
      vertex -328.541 -272.5 117.063
      vertex -313.09 -272.5 69.5106
      vertex -312.079 -272.5 69.7815
    endloop
  endfacet
  facet normal 0 -1 0
    outer loop
      vertex -334.404 -272.5 114.813
      vertex -314.067 -272.5 69.1355
      vertex -313.09 -272.5 69.5106
    endloop
  endfacet
  facet normal 0 -1 0
    outer loop
      vertex -340 -272.5 111.962
      vertex -315 -272.5 68.6603
      vertex -314.067 -272.5 69.1355
    endloop
  endfacet
  facet normal 0 -1 0
    outer loop
      vertex -345.267 -272.5 108.541
      vertex -315.878 -272.5 68.0902
      vertex -315 -272.5 68.6603
    endloop
  endfacet
  facet normal 0 -1 0
    outer loop
      vertex -350.148 -272.5 104.589
      vertex -316.691 -272.5 67.4314
      vertex -315.878 -272.5 68.0902
    endloop
  endfacet
  facet normal 0 -1 0
    outer loop
      vertex -354.589 -272.5 100.148
      vertex -317.431 -272.5 66.6913
      vertex -316.691 -272.5 67.4314
    endloop
  endfacet
  facet normal 0 -1 0
    outer loop
      vertex -319.781 -272.5 62.0791
      vertex -368.689 -272.5 72.4747
      vertex -369.671 -272.5 66.2717
    endloop
  endfacet
  facet normal 0 -1 0
    outer loop
      vertex -358.541 -272.5 95.2671
      vertex -318.09 -272.5 65.8779
      vertex -317.431 -272.5 66.6913
    endloop
  endfacet
  facet normal 0 -1 0
    outer loop
      vertex -361.962 -272.5 90
      vertex -318.66 -272.5 65
      vertex -318.09 -272.5 65.8779
    endloop
  endfacet
  facet normal 0 -1 0
    outer loop
      vertex -364.813 -272.5 84.4042
      vertex -319.135 -272.5 64.0674
      vertex -318.66 -272.5 65
    endloop
  endfacet
  facet normal 0 -1 0
    outer loop
      vertex -367.063 -272.5 78.541
      vertex -319.511 -272.5 63.0902
      vertex -319.135 -272.5 64.0674
    endloop
  endfacet
  facet normal 0 -1 0
    outer loop
      vertex -368.689 -272.5 72.4747
      vertex -319.781 -272.5 62.0791
      vertex -319.511 -272.5 63.0902
    endloop
  endfacet
  facet normal 0 -1 0
    outer loop
      vertex -369.671 -272.5 66.2717
      vertex -319.945 -272.5 61.0453
      vertex -319.781 -272.5 62.0791
    endloop
  endfacet
  facet normal 0 -1 0
    outer loop
      vertex -370 -272.5 60
      vertex -319.945 -272.5 61.0453
      vertex -369.671 -272.5 66.2717
    endloop
  endfacet
  facet normal 0 -1 0
    outer loop
      vertex -370 -272.5 60
      vertex -320 -272.5 60
      vertex -319.945 -272.5 61.0453
    endloop
  endfacet
  facet normal 0 -1 0
    outer loop
      vertex -370 -272.5 60
      vertex -319.945 -272.5 58.9547
      vertex -320 -272.5 60
    endloop
  endfacet
  facet normal 0 -1 0
    outer loop
      vertex -369.671 -272.5 53.7283
      vertex -319.945 -272.5 58.9547
      vertex -370 -272.5 60
    endloop
  endfacet
  facet normal 0 -1 -0
    outer loop
      vertex -319.945 -272.5 58.9547
      vertex -369.671 -272.5 53.7283
      vertex -319.781 -272.5 57.9209
    endloop
  endfacet
  facet normal 0 -1 0
    outer loop
      vertex -368.689 -272.5 47.5253
      vertex -319.781 -272.5 57.9209
      vertex -369.671 -272.5 53.7283
    endloop
  endfacet
  facet normal 0 -1 -0
    outer loop
      vertex -319.781 -272.5 57.9209
      vertex -368.689 -272.5 47.5253
      vertex -319.511 -272.5 56.9098
    endloop
  endfacet
  facet normal 0 -1 0
    outer loop
      vertex -367.063 -272.5 41.459
      vertex -319.511 -272.5 56.9098
      vertex -368.689 -272.5 47.5253
    endloop
  endfacet
  facet normal 0 -1 -0
    outer loop
      vertex -319.511 -272.5 56.9098
      vertex -367.063 -272.5 41.459
      vertex -319.135 -272.5 55.9326
    endloop
  endfacet
  facet normal 0 -1 0
    outer loop
      vertex -364.813 -272.5 35.5958
      vertex -319.135 -272.5 55.9326
      vertex -367.063 -272.5 41.459
    endloop
  endfacet
  facet normal 0 -1 -0
    outer loop
      vertex -319.135 -272.5 55.9326
      vertex -364.813 -272.5 35.5958
      vertex -318.66 -272.5 55
    endloop
  endfacet
  facet normal 0 -1 0
    outer loop
      vertex -361.962 -272.5 30
      vertex -318.66 -272.5 55
      vertex -364.813 -272.5 35.5958
    endloop
  endfacet
  facet normal 0 -1 -0
    outer loop
      vertex -318.66 -272.5 55
      vertex -361.962 -272.5 30
      vertex -318.09 -272.5 54.1221
    endloop
  endfacet
  facet normal 0 -1 0
    outer loop
      vertex -358.541 -272.5 24.7329
      vertex -318.09 -272.5 54.1221
      vertex -361.962 -272.5 30
    endloop
  endfacet
  facet normal 0 -1 -0
    outer loop
      vertex -318.09 -272.5 54.1221
      vertex -358.541 -272.5 24.7329
      vertex -317.431 -272.5 53.3087
    endloop
  endfacet
  facet normal 0 -1 0
    outer loop
      vertex -354.589 -272.5 19.8522
      vertex -317.431 -272.5 53.3087
      vertex -358.541 -272.5 24.7329
    endloop
  endfacet
  facet normal 0 -1 -0
    outer loop
      vertex -317.431 -272.5 53.3087
      vertex -354.589 -272.5 19.8522
      vertex -316.691 -272.5 52.5686
    endloop
  endfacet
  facet normal 0 -1 -0
    outer loop
      vertex -316.691 -272.5 52.5686
      vertex -350.148 -272.5 15.4113
      vertex -315.878 -272.5 51.9098
    endloop
  endfacet
  facet normal 0 -1 0
    outer loop
      vertex -350.148 -272.5 15.4113
      vertex -316.691 -272.5 52.5686
      vertex -354.589 -272.5 19.8522
    endloop
  endfacet
  facet normal 0 -1 0
    outer loop
      vertex -303.309 -272.5 67.4314
      vertex -269.852 -272.5 104.589
      vertex -304.122 -272.5 68.0902
    endloop
  endfacet
  facet normal 0 -1 -0
    outer loop
      vertex -269.852 -272.5 104.589
      vertex -303.309 -272.5 67.4314
      vertex -265.411 -272.5 100.148
    endloop
  endfacet
  facet normal 0 -1 0
    outer loop
      vertex -302.569 -272.5 66.6913
      vertex -265.411 -272.5 100.148
      vertex -303.309 -272.5 67.4314
    endloop
  endfacet
  facet normal 0 -1 -0
    outer loop
      vertex -265.411 -272.5 100.148
      vertex -302.569 -272.5 66.6913
      vertex -261.459 -272.5 95.2671
    endloop
  endfacet
  facet normal 0 -1 0
    outer loop
      vertex -301.91 -272.5 65.8779
      vertex -261.459 -272.5 95.2671
      vertex -302.569 -272.5 66.6913
    endloop
  endfacet
  facet normal 0 -1 -0
    outer loop
      vertex -261.459 -272.5 95.2671
      vertex -301.91 -272.5 65.8779
      vertex -258.038 -272.5 90
    endloop
  endfacet
  facet normal 0 -1 0
    outer loop
      vertex -301.34 -272.5 65
      vertex -258.038 -272.5 90
      vertex -301.91 -272.5 65.8779
    endloop
  endfacet
  facet normal 0 -1 -0
    outer loop
      vertex -258.038 -272.5 90
      vertex -301.34 -272.5 65
      vertex -255.187 -272.5 84.4042
    endloop
  endfacet
  facet normal 0 -1 0
    outer loop
      vertex -300.865 -272.5 64.0674
      vertex -255.187 -272.5 84.4042
      vertex -301.34 -272.5 65
    endloop
  endfacet
  facet normal 0 -1 -0
    outer loop
      vertex -255.187 -272.5 84.4042
      vertex -300.865 -272.5 64.0674
      vertex -252.937 -272.5 78.541
    endloop
  endfacet
  facet normal 0 -1 0
    outer loop
      vertex -300.489 -272.5 63.0902
      vertex -252.937 -272.5 78.541
      vertex -300.865 -272.5 64.0674
    endloop
  endfacet
  facet normal 0 -1 -0
    outer loop
      vertex -252.937 -272.5 78.541
      vertex -300.489 -272.5 63.0902
      vertex -251.311 -272.5 72.4747
    endloop
  endfacet
  facet normal 0 -1 0
    outer loop
      vertex -300.219 -272.5 62.0791
      vertex -251.311 -272.5 72.4747
      vertex -300.489 -272.5 63.0902
    endloop
  endfacet
  facet normal 0 -1 -0
    outer loop
      vertex -251.311 -272.5 72.4747
      vertex -300.219 -272.5 62.0791
      vertex -250.329 -272.5 66.2717
    endloop
  endfacet
  facet normal 0 -1 0
    outer loop
      vertex -300.055 -272.5 61.0453
      vertex -250.329 -272.5 66.2717
      vertex -300.219 -272.5 62.0791
    endloop
  endfacet
  facet normal 0 -1 0
    outer loop
      vertex -300 -272.5 60
      vertex -250.329 -272.5 66.2717
      vertex -300.055 -272.5 61.0453
    endloop
  endfacet
  facet normal 0 -1 0
    outer loop
      vertex -300 -272.5 60
      vertex -250 -272.5 60
      vertex -250.329 -272.5 66.2717
    endloop
  endfacet
  facet normal 0 -1 0
    outer loop
      vertex -300.055 -272.5 58.9547
      vertex -250 -272.5 60
      vertex -300 -272.5 60
    endloop
  endfacet
  facet normal 0 -1 0
    outer loop
      vertex -250.329 -272.5 53.7283
      vertex -300.055 -272.5 58.9547
      vertex -300.219 -272.5 57.9209
    endloop
  endfacet
  facet normal 0 -1 0
    outer loop
      vertex -251.311 -272.5 47.5253
      vertex -300.219 -272.5 57.9209
      vertex -300.489 -272.5 56.9098
    endloop
  endfacet
  facet normal 0 -1 0
    outer loop
      vertex -252.937 -272.5 41.459
      vertex -300.489 -272.5 56.9098
      vertex -300.865 -272.5 55.9326
    endloop
  endfacet
  facet normal 0 -1 0
    outer loop
      vertex -255.187 -272.5 35.5958
      vertex -300.865 -272.5 55.9326
      vertex -301.34 -272.5 55
    endloop
  endfacet
  facet normal 0 -1 0
    outer loop
      vertex -258.038 -272.5 30
      vertex -301.34 -272.5 55
      vertex -301.91 -272.5 54.1221
    endloop
  endfacet
  facet normal 0 -1 0
    outer loop
      vertex -300.055 -272.5 58.9547
      vertex -250.329 -272.5 53.7283
      vertex -250 -272.5 60
    endloop
  endfacet
  facet normal 0 -1 0
    outer loop
      vertex -261.459 -272.5 24.7329
      vertex -301.91 -272.5 54.1221
      vertex -302.569 -272.5 53.3087
    endloop
  endfacet
  facet normal 0 -1 0
    outer loop
      vertex -265.411 -272.5 19.8522
      vertex -302.569 -272.5 53.3087
      vertex -303.309 -272.5 52.5686
    endloop
  endfacet
  facet normal 0 -1 0
    outer loop
      vertex -269.852 -272.5 15.4113
      vertex -303.309 -272.5 52.5686
      vertex -304.122 -272.5 51.9098
    endloop
  endfacet
  facet normal 0 -1 0
    outer loop
      vertex -274.733 -272.5 11.459
      vertex -304.122 -272.5 51.9098
      vertex -305 -272.5 51.3397
    endloop
  endfacet
  facet normal 0 -1 0
    outer loop
      vertex -280 -272.5 8.03848
      vertex -305 -272.5 51.3397
      vertex -305.933 -272.5 50.8645
    endloop
  endfacet
  facet normal 0 -1 0
    outer loop
      vertex -285.596 -272.5 5.18727
      vertex -305.933 -272.5 50.8645
      vertex -306.91 -272.5 50.4894
    endloop
  endfacet
  facet normal 0 -1 0
    outer loop
      vertex -291.459 -272.5 2.93661
      vertex -306.91 -272.5 50.4894
      vertex -307.921 -272.5 50.2185
    endloop
  endfacet
  facet normal 0 -1 0
    outer loop
      vertex -297.525 -272.5 1.31114
      vertex -307.921 -272.5 50.2185
      vertex -308.955 -272.5 50.0548
    endloop
  endfacet
  facet normal 0 -1 0
    outer loop
      vertex -300.219 -272.5 57.9209
      vertex -251.311 -272.5 47.5253
      vertex -250.329 -272.5 53.7283
    endloop
  endfacet
  facet normal 0 -1 0
    outer loop
      vertex -303.728 -272.5 0.328687
      vertex -308.955 -272.5 50.0548
      vertex -310 -272.5 50
    endloop
  endfacet
  facet normal 0 -1 0
    outer loop
      vertex -345.267 -272.5 11.459
      vertex -315.878 -272.5 51.9098
      vertex -350.148 -272.5 15.4113
    endloop
  endfacet
  facet normal 0 -1 -0
    outer loop
      vertex -315.878 -272.5 51.9098
      vertex -345.267 -272.5 11.459
      vertex -315 -272.5 51.3397
    endloop
  endfacet
  facet normal 0 -1 0
    outer loop
      vertex -300.489 -272.5 56.9098
      vertex -252.937 -272.5 41.459
      vertex -251.311 -272.5 47.5253
    endloop
  endfacet
  facet normal 0 -1 0
    outer loop
      vertex -340 -272.5 8.03848
      vertex -315 -272.5 51.3397
      vertex -345.267 -272.5 11.459
    endloop
  endfacet
  facet normal 0 -1 0
    outer loop
      vertex -300.865 -272.5 55.9326
      vertex -255.187 -272.5 35.5958
      vertex -252.937 -272.5 41.459
    endloop
  endfacet
  facet normal 0 -1 -0
    outer loop
      vertex -315 -272.5 51.3397
      vertex -340 -272.5 8.03848
      vertex -314.067 -272.5 50.8645
    endloop
  endfacet
  facet normal 0 -1 0
    outer loop
      vertex -301.34 -272.5 55
      vertex -258.038 -272.5 30
      vertex -255.187 -272.5 35.5958
    endloop
  endfacet
  facet normal 0 -1 0
    outer loop
      vertex -334.404 -272.5 5.18727
      vertex -314.067 -272.5 50.8645
      vertex -340 -272.5 8.03848
    endloop
  endfacet
  facet normal 0 -1 0
    outer loop
      vertex -301.91 -272.5 54.1221
      vertex -261.459 -272.5 24.7329
      vertex -258.038 -272.5 30
    endloop
  endfacet
  facet normal 0 -1 -0
    outer loop
      vertex -314.067 -272.5 50.8645
      vertex -334.404 -272.5 5.18727
      vertex -313.09 -272.5 50.4894
    endloop
  endfacet
  facet normal 0 -1 0
    outer loop
      vertex -302.569 -272.5 53.3087
      vertex -265.411 -272.5 19.8522
      vertex -261.459 -272.5 24.7329
    endloop
  endfacet
  facet normal 0 -1 0
    outer loop
      vertex -328.541 -272.5 2.93661
      vertex -313.09 -272.5 50.4894
      vertex -334.404 -272.5 5.18727
    endloop
  endfacet
  facet normal 0 -1 0
    outer loop
      vertex -303.309 -272.5 52.5686
      vertex -269.852 -272.5 15.4113
      vertex -265.411 -272.5 19.8522
    endloop
  endfacet
  facet normal 0 -1 -0
    outer loop
      vertex -313.09 -272.5 50.4894
      vertex -328.541 -272.5 2.93661
      vertex -312.079 -272.5 50.2185
    endloop
  endfacet
  facet normal 0 -1 0
    outer loop
      vertex -304.122 -272.5 51.9098
      vertex -274.733 -272.5 11.459
      vertex -269.852 -272.5 15.4113
    endloop
  endfacet
  facet normal 0 -1 0
    outer loop
      vertex -322.475 -272.5 1.31114
      vertex -312.079 -272.5 50.2185
      vertex -328.541 -272.5 2.93661
    endloop
  endfacet
  facet normal 0 -1 0
    outer loop
      vertex -305 -272.5 51.3397
      vertex -280 -272.5 8.03848
      vertex -274.733 -272.5 11.459
    endloop
  endfacet
  facet normal 0 -1 -0
    outer loop
      vertex -312.079 -272.5 50.2185
      vertex -322.475 -272.5 1.31114
      vertex -311.045 -272.5 50.0548
    endloop
  endfacet
  facet normal 0 -1 0
    outer loop
      vertex -305.933 -272.5 50.8645
      vertex -285.596 -272.5 5.18727
      vertex -280 -272.5 8.03848
    endloop
  endfacet
  facet normal 0 -1 0
    outer loop
      vertex -316.272 -272.5 0.328687
      vertex -311.045 -272.5 50.0548
      vertex -322.475 -272.5 1.31114
    endloop
  endfacet
  facet normal 0 -1 0
    outer loop
      vertex -306.91 -272.5 50.4894
      vertex -291.459 -272.5 2.93661
      vertex -285.596 -272.5 5.18727
    endloop
  endfacet
  facet normal 0 -1 -0
    outer loop
      vertex -311.045 -272.5 50.0548
      vertex -316.272 -272.5 0.328687
      vertex -310 -272.5 50
    endloop
  endfacet
  facet normal 0 -1 0
    outer loop
      vertex -307.921 -272.5 50.2185
      vertex -297.525 -272.5 1.31114
      vertex -291.459 -272.5 2.93661
    endloop
  endfacet
  facet normal 0 -1 0
    outer loop
      vertex -310 -272.5 0
      vertex -310 -272.5 50
      vertex -316.272 -272.5 0.328687
    endloop
  endfacet
  facet normal 0 -1 0
    outer loop
      vertex -308.955 -272.5 50.0548
      vertex -303.728 -272.5 0.328687
      vertex -297.525 -272.5 1.31114
    endloop
  endfacet
  facet normal 0 -1 0
    outer loop
      vertex -310 -272.5 50
      vertex -310 -272.5 0
      vertex -303.728 -272.5 0.328687
    endloop
  endfacet
  facet normal -0.777183 0 0.629275
    outer loop
      vertex -358.541 -272.5 95.2671
      vertex -354.589 -227.5 100.148
      vertex -358.541 -227.5 95.2671
    endloop
  endfacet
  facet normal -0.777183 0 0.629275
    outer loop
      vertex -354.589 -227.5 100.148
      vertex -358.541 -272.5 95.2671
      vertex -354.589 -272.5 100.148
    endloop
  endfacet
  facet normal -0.629267 0 0.777189
    outer loop
      vertex -350.148 -227.5 104.589
      vertex -345.267 -272.5 108.541
      vertex -345.267 -227.5 108.541
    endloop
  endfacet
  facet normal -0.629267 0 0.777189
    outer loop
      vertex -345.267 -272.5 108.541
      vertex -350.148 -227.5 104.589
      vertex -350.148 -272.5 104.589
    endloop
  endfacet
  facet normal -0.544703 0 0.838629
    outer loop
      vertex -345.267 -227.5 108.541
      vertex -340 -272.5 111.962
      vertex -340 -227.5 111.962
    endloop
  endfacet
  facet normal -0.544703 0 0.838629
    outer loop
      vertex -340 -272.5 111.962
      vertex -345.267 -227.5 108.541
      vertex -345.267 -272.5 108.541
    endloop
  endfacet
  facet normal -0.89102 0 -0.453965
    outer loop
      vertex -361.962 -272.5 30
      vertex -364.813 -227.5 35.5958
      vertex -361.962 -227.5 30
    endloop
  endfacet
  facet normal -0.89102 -0 -0.453965
    outer loop
      vertex -364.813 -227.5 35.5958
      vertex -361.962 -272.5 30
      vertex -364.813 -272.5 35.5958
    endloop
  endfacet
  facet normal 0.629296 0 -0.777166
    outer loop
      vertex -274.733 -272.5 11.459
      vertex -269.852 -227.5 15.4113
      vertex -269.852 -272.5 15.4113
    endloop
  endfacet
  facet normal 0.629296 0 -0.777166
    outer loop
      vertex -269.852 -227.5 15.4113
      vertex -274.733 -272.5 11.459
      vertex -274.733 -227.5 11.459
    endloop
  endfacet
  facet normal -0.358377 0 -0.933577
    outer loop
      vertex -334.404 -272.5 5.18727
      vertex -328.541 -227.5 2.93661
      vertex -328.541 -272.5 2.93661
    endloop
  endfacet
  facet normal -0.358377 0 -0.933577
    outer loop
      vertex -328.541 -227.5 2.93661
      vertex -334.404 -272.5 5.18727
      vertex -334.404 -227.5 5.18727
    endloop
  endfacet
  facet normal -0.838634 0 -0.544696
    outer loop
      vertex -358.541 -272.5 24.7329
      vertex -361.962 -227.5 30
      vertex -358.541 -227.5 24.7329
    endloop
  endfacet
  facet normal -0.838634 -0 -0.544696
    outer loop
      vertex -361.962 -227.5 30
      vertex -358.541 -272.5 24.7329
      vertex -361.962 -272.5 30
    endloop
  endfacet
  facet normal -0.9877 0 -0.156363
    outer loop
      vertex -368.689 -272.5 47.5253
      vertex -369.671 -227.5 53.7283
      vertex -368.689 -227.5 47.5253
    endloop
  endfacet
  facet normal -0.9877 -0 -0.156363
    outer loop
      vertex -369.671 -227.5 53.7283
      vertex -368.689 -272.5 47.5253
      vertex -369.671 -272.5 53.7283
    endloop
  endfacet
  facet normal -0.933616 0 -0.358275
    outer loop
      vertex -364.813 -272.5 35.5958
      vertex -367.063 -227.5 41.459
      vertex -364.813 -227.5 35.5958
    endloop
  endfacet
  facet normal -0.933616 -0 -0.358275
    outer loop
      vertex -367.063 -227.5 41.459
      vertex -364.813 -272.5 35.5958
      vertex -367.063 -272.5 41.459
    endloop
  endfacet
  facet normal -0.77717 0 -0.62929
    outer loop
      vertex -354.589 -272.5 19.8522
      vertex -358.541 -227.5 24.7329
      vertex -354.589 -227.5 19.8522
    endloop
  endfacet
  facet normal -0.77717 -0 -0.62929
    outer loop
      vertex -358.541 -227.5 24.7329
      vertex -354.589 -272.5 19.8522
      vertex -358.541 -272.5 24.7329
    endloop
  endfacet
  facet normal 0.544649 0 -0.838664
    outer loop
      vertex -280 -272.5 8.03848
      vertex -274.733 -227.5 11.459
      vertex -274.733 -272.5 11.459
    endloop
  endfacet
  facet normal 0.544649 0 -0.838664
    outer loop
      vertex -274.733 -227.5 11.459
      vertex -280 -272.5 8.03848
      vertex -280 -227.5 8.03848
    endloop
  endfacet
  facet normal 0.933616 0 -0.358275
    outer loop
      vertex -252.937 -272.5 41.459
      vertex -255.187 -227.5 35.5958
      vertex -252.937 -227.5 41.459
    endloop
  endfacet
  facet normal 0.933616 0 -0.358275
    outer loop
      vertex -255.187 -227.5 35.5958
      vertex -252.937 -272.5 41.459
      vertex -255.187 -272.5 35.5958
    endloop
  endfacet
  facet normal -0.0523336 0 -0.99863
    outer loop
      vertex -316.272 -272.5 0.328687
      vertex -310 -227.5 0
      vertex -310 -272.5 0
    endloop
  endfacet
  facet normal -0.0523336 0 -0.99863
    outer loop
      vertex -310 -227.5 0
      vertex -316.272 -272.5 0.328687
      vertex -316.272 -227.5 0.328687
    endloop
  endfacet
  facet normal -0.998627 0 0.0523858
    outer loop
      vertex -370 -272.5 60
      vertex -369.671 -227.5 66.2717
      vertex -370 -227.5 60
    endloop
  endfacet
  facet normal -0.998627 0 0.0523858
    outer loop
      vertex -369.671 -227.5 66.2717
      vertex -370 -272.5 60
      vertex -369.671 -272.5 66.2717
    endloop
  endfacet
  facet normal 0.707099 0 -0.707115
    outer loop
      vertex -269.852 -272.5 15.4113
      vertex -265.411 -227.5 19.8522
      vertex -265.411 -272.5 19.8522
    endloop
  endfacet
  facet normal 0.707099 0 -0.707115
    outer loop
      vertex -265.411 -227.5 19.8522
      vertex -269.852 -272.5 15.4113
      vertex -269.852 -227.5 15.4113
    endloop
  endfacet
  facet normal -0.98765 0 0.156679
    outer loop
      vertex -300.219 -272.5 57.9209
      vertex -300.055 -227.5 58.9547
      vertex -300.219 -227.5 57.9209
    endloop
  endfacet
  facet normal -0.98765 0 0.156679
    outer loop
      vertex -300.055 -227.5 58.9547
      vertex -300.219 -272.5 57.9209
      vertex -300.055 -272.5 58.9547
    endloop
  endfacet
  facet normal -0.98765 0 -0.156679
    outer loop
      vertex -300.055 -272.5 61.0453
      vertex -300.219 -227.5 62.0791
      vertex -300.055 -227.5 61.0453
    endloop
  endfacet
  facet normal -0.98765 -0 -0.156679
    outer loop
      vertex -300.219 -227.5 62.0791
      vertex -300.055 -272.5 61.0453
      vertex -300.219 -272.5 62.0791
    endloop
  endfacet
  facet normal -0.998619 0 -0.0525438
    outer loop
      vertex -300 -272.5 60
      vertex -300.055 -227.5 61.0453
      vertex -300 -227.5 60
    endloop
  endfacet
  facet normal -0.998619 -0 -0.0525438
    outer loop
      vertex -300.055 -227.5 61.0453
      vertex -300 -272.5 60
      vertex -300.055 -272.5 61.0453
    endloop
  endfacet
  facet normal -0.966146 0 -0.257996
    outer loop
      vertex -300.219 -272.5 62.0791
      vertex -300.489 -227.5 63.0902
      vertex -300.219 -227.5 62.0791
    endloop
  endfacet
  facet normal -0.966146 -0 -0.257996
    outer loop
      vertex -300.489 -227.5 63.0902
      vertex -300.219 -272.5 62.0791
      vertex -300.489 -272.5 63.0902
    endloop
  endfacet
  facet normal -0.838721 0 -0.544562
    outer loop
      vertex -301.34 -272.5 65
      vertex -301.91 -227.5 65.8779
      vertex -301.34 -227.5 65
    endloop
  endfacet
  facet normal -0.838721 -0 -0.544562
    outer loop
      vertex -301.91 -227.5 65.8779
      vertex -301.34 -272.5 65
      vertex -301.91 -272.5 65.8779
    endloop
  endfacet
  facet normal 0.0523682 0 -0.998628
    outer loop
      vertex -311.045 -272.5 69.9452
      vertex -310 -227.5 70
      vertex -310 -272.5 70
    endloop
  endfacet
  facet normal 0.0523682 0 -0.998628
    outer loop
      vertex -310 -227.5 70
      vertex -311.045 -272.5 69.9452
      vertex -311.045 -227.5 69.9452
    endloop
  endfacet
  facet normal -0.998619 0 0.0525438
    outer loop
      vertex -300.055 -272.5 58.9547
      vertex -300 -227.5 60
      vertex -300.055 -227.5 58.9547
    endloop
  endfacet
  facet normal -0.998619 0 0.0525438
    outer loop
      vertex -300 -227.5 60
      vertex -300.055 -272.5 58.9547
      vertex -300 -272.5 60
    endloop
  endfacet
  facet normal -0.776996 0 -0.629506
    outer loop
      vertex -301.91 -272.5 65.8779
      vertex -302.569 -227.5 66.6913
      vertex -301.91 -227.5 65.8779
    endloop
  endfacet
  facet normal -0.776996 -0 -0.629506
    outer loop
      vertex -302.569 -227.5 66.6913
      vertex -301.91 -272.5 65.8779
      vertex -302.569 -272.5 66.6913
    endloop
  endfacet
  facet normal 0.98765 -0 0.156679
    outer loop
      vertex -319.945 -272.5 58.9547
      vertex -319.781 -227.5 57.9209
      vertex -319.945 -227.5 58.9547
    endloop
  endfacet
  facet normal 0.98765 0 0.156679
    outer loop
      vertex -319.781 -227.5 57.9209
      vertex -319.945 -272.5 58.9547
      vertex -319.781 -272.5 57.9209
    endloop
  endfacet
  facet normal 0.891077 0 -0.453851
    outer loop
      vertex -318.66 -272.5 65
      vertex -319.135 -227.5 64.0674
      vertex -318.66 -227.5 65
    endloop
  endfacet
  facet normal 0.891077 0 -0.453851
    outer loop
      vertex -319.135 -227.5 64.0674
      vertex -318.66 -272.5 65
      vertex -319.135 -272.5 64.0674
    endloop
  endfacet
  facet normal -0.258822 0 -0.965925
    outer loop
      vertex -307.921 -272.5 69.7815
      vertex -306.91 -227.5 69.5106
      vertex -306.91 -272.5 69.5106
    endloop
  endfacet
  facet normal -0.258822 0 -0.965925
    outer loop
      vertex -306.91 -227.5 69.5106
      vertex -307.921 -272.5 69.7815
      vertex -307.921 -227.5 69.7815
    endloop
  endfacet
  facet normal -0.358422 0 -0.93356
    outer loop
      vertex -306.91 -272.5 69.5106
      vertex -305.933 -227.5 69.1355
      vertex -305.933 -272.5 69.1355
    endloop
  endfacet
  facet normal -0.358422 0 -0.93356
    outer loop
      vertex -305.933 -227.5 69.1355
      vertex -306.91 -272.5 69.5106
      vertex -306.91 -227.5 69.5106
    endloop
  endfacet
  facet normal 0.966146 -0 0.257996
    outer loop
      vertex -319.781 -272.5 57.9209
      vertex -319.511 -227.5 56.9098
      vertex -319.781 -227.5 57.9209
    endloop
  endfacet
  facet normal 0.966146 0 0.257996
    outer loop
      vertex -319.511 -227.5 56.9098
      vertex -319.781 -272.5 57.9209
      vertex -319.511 -272.5 56.9098
    endloop
  endfacet
  facet normal -0.629578 0 -0.776938
    outer loop
      vertex -304.122 -272.5 68.0902
      vertex -303.309 -227.5 67.4314
      vertex -303.309 -272.5 67.4314
    endloop
  endfacet
  facet normal -0.629578 0 -0.776938
    outer loop
      vertex -303.309 -227.5 67.4314
      vertex -304.122 -272.5 68.0902
      vertex -304.122 -227.5 68.0902
    endloop
  endfacet
  facet normal -0.358422 0 0.93356
    outer loop
      vertex -306.91 -227.5 50.4894
      vertex -305.933 -272.5 50.8645
      vertex -305.933 -227.5 50.8645
    endloop
  endfacet
  facet normal -0.358422 0 0.93356
    outer loop
      vertex -305.933 -272.5 50.8645
      vertex -306.91 -227.5 50.4894
      vertex -306.91 -272.5 50.4894
    endloop
  endfacet
  facet normal 0.776996 0 -0.629506
    outer loop
      vertex -317.431 -272.5 66.6913
      vertex -318.09 -227.5 65.8779
      vertex -317.431 -227.5 66.6913
    endloop
  endfacet
  facet normal 0.776996 0 -0.629506
    outer loop
      vertex -318.09 -227.5 65.8779
      vertex -317.431 -272.5 66.6913
      vertex -318.09 -272.5 65.8779
    endloop
  endfacet
  facet normal 0.258822 0 -0.965925
    outer loop
      vertex -313.09 -272.5 69.5106
      vertex -312.079 -227.5 69.7815
      vertex -312.079 -272.5 69.7815
    endloop
  endfacet
  facet normal 0.258822 0 -0.965925
    outer loop
      vertex -312.079 -227.5 69.7815
      vertex -313.09 -272.5 69.5106
      vertex -313.09 -227.5 69.5106
    endloop
  endfacet
  facet normal 0.707155 0 -0.707059
    outer loop
      vertex -316.691 -272.5 67.4314
      vertex -317.431 -227.5 66.6913
      vertex -316.691 -227.5 67.4314
    endloop
  endfacet
  facet normal 0.707155 0 -0.707059
    outer loop
      vertex -317.431 -227.5 66.6913
      vertex -316.691 -272.5 67.4314
      vertex -317.431 -272.5 66.6913
    endloop
  endfacet
  facet normal 0.544585 0 -0.838705
    outer loop
      vertex -315.878 -272.5 68.0902
      vertex -315 -227.5 68.6603
      vertex -315 -272.5 68.6603
    endloop
  endfacet
  facet normal 0.544585 0 -0.838705
    outer loop
      vertex -315 -227.5 68.6603
      vertex -315.878 -272.5 68.0902
      vertex -315.878 -227.5 68.0902
    endloop
  endfacet
  facet normal -0.966146 0 0.257996
    outer loop
      vertex -300.489 -272.5 56.9098
      vertex -300.219 -227.5 57.9209
      vertex -300.489 -227.5 56.9098
    endloop
  endfacet
  facet normal -0.966146 0 0.257996
    outer loop
      vertex -300.219 -227.5 57.9209
      vertex -300.489 -272.5 56.9098
      vertex -300.219 -272.5 57.9209
    endloop
  endfacet
  facet normal -0.0523682 0 0.998628
    outer loop
      vertex -310 -227.5 50
      vertex -308.955 -272.5 50.0548
      vertex -308.955 -227.5 50.0548
    endloop
  endfacet
  facet normal -0.0523682 0 0.998628
    outer loop
      vertex -308.955 -272.5 50.0548
      vertex -310 -227.5 50
      vertex -310 -272.5 50
    endloop
  endfacet
  facet normal -0.544585 0 -0.838705
    outer loop
      vertex -305 -272.5 68.6603
      vertex -304.122 -227.5 68.0902
      vertex -304.122 -272.5 68.0902
    endloop
  endfacet
  facet normal -0.544585 0 -0.838705
    outer loop
      vertex -304.122 -227.5 68.0902
      vertex -305 -272.5 68.6603
      vertex -305 -227.5 68.6603
    endloop
  endfacet
  facet normal 0.838721 -0 0.544562
    outer loop
      vertex -318.66 -272.5 55
      vertex -318.09 -227.5 54.1221
      vertex -318.66 -227.5 55
    endloop
  endfacet
  facet normal 0.838721 0 0.544562
    outer loop
      vertex -318.09 -227.5 54.1221
      vertex -318.66 -272.5 55
      vertex -318.09 -272.5 54.1221
    endloop
  endfacet
  facet normal -0.15637 0 0.987699
    outer loop
      vertex -308.955 -227.5 50.0548
      vertex -307.921 -272.5 50.2185
      vertex -307.921 -227.5 50.2185
    endloop
  endfacet
  facet normal -0.15637 0 0.987699
    outer loop
      vertex -307.921 -272.5 50.2185
      vertex -308.955 -227.5 50.0548
      vertex -308.955 -272.5 50.0548
    endloop
  endfacet
  facet normal 0.15637 0 0.987699
    outer loop
      vertex -312.079 -227.5 50.2185
      vertex -311.045 -272.5 50.0548
      vertex -311.045 -227.5 50.0548
    endloop
  endfacet
  facet normal 0.15637 0 0.987699
    outer loop
      vertex -311.045 -272.5 50.0548
      vertex -312.079 -227.5 50.2185
      vertex -312.079 -272.5 50.2185
    endloop
  endfacet
  facet normal 0.453849 0 -0.891079
    outer loop
      vertex -315 -272.5 68.6603
      vertex -314.067 -227.5 69.1355
      vertex -314.067 -272.5 69.1355
    endloop
  endfacet
  facet normal 0.453849 0 -0.891079
    outer loop
      vertex -314.067 -227.5 69.1355
      vertex -315 -272.5 68.6603
      vertex -315 -227.5 68.6603
    endloop
  endfacet
  facet normal 0.453849 0 0.891079
    outer loop
      vertex -315 -227.5 51.3397
      vertex -314.067 -272.5 50.8645
      vertex -314.067 -227.5 50.8645
    endloop
  endfacet
  facet normal 0.453849 0 0.891079
    outer loop
      vertex -314.067 -272.5 50.8645
      vertex -315 -227.5 51.3397
      vertex -315 -272.5 51.3397
    endloop
  endfacet
  facet normal 0.358422 0 -0.93356
    outer loop
      vertex -314.067 -272.5 69.1355
      vertex -313.09 -227.5 69.5106
      vertex -313.09 -272.5 69.5106
    endloop
  endfacet
  facet normal 0.358422 0 -0.93356
    outer loop
      vertex -313.09 -227.5 69.5106
      vertex -314.067 -272.5 69.1355
      vertex -314.067 -227.5 69.1355
    endloop
  endfacet
  facet normal -0.453849 0 -0.891079
    outer loop
      vertex -305.933 -272.5 69.1355
      vertex -305 -227.5 68.6603
      vertex -305 -272.5 68.6603
    endloop
  endfacet
  facet normal -0.453849 0 -0.891079
    outer loop
      vertex -305 -227.5 68.6603
      vertex -305.933 -272.5 69.1355
      vertex -305.933 -227.5 69.1355
    endloop
  endfacet
  facet normal -0.891077 0 0.453851
    outer loop
      vertex -301.34 -272.5 55
      vertex -300.865 -227.5 55.9326
      vertex -301.34 -227.5 55
    endloop
  endfacet
  facet normal -0.891077 0 0.453851
    outer loop
      vertex -300.865 -227.5 55.9326
      vertex -301.34 -272.5 55
      vertex -300.865 -272.5 55.9326
    endloop
  endfacet
  facet normal -0.707155 0 -0.707059
    outer loop
      vertex -302.569 -272.5 66.6913
      vertex -303.309 -227.5 67.4314
      vertex -302.569 -227.5 66.6913
    endloop
  endfacet
  facet normal -0.707155 -0 -0.707059
    outer loop
      vertex -303.309 -227.5 67.4314
      vertex -302.569 -272.5 66.6913
      vertex -303.309 -272.5 67.4314
    endloop
  endfacet
  facet normal 0.629578 0 0.776938
    outer loop
      vertex -316.691 -227.5 52.5686
      vertex -315.878 -272.5 51.9098
      vertex -315.878 -227.5 51.9098
    endloop
  endfacet
  facet normal 0.629578 0 0.776938
    outer loop
      vertex -315.878 -272.5 51.9098
      vertex -316.691 -227.5 52.5686
      vertex -316.691 -272.5 52.5686
    endloop
  endfacet
  facet normal -0.838721 0 0.544562
    outer loop
      vertex -301.91 -272.5 54.1221
      vertex -301.34 -227.5 55
      vertex -301.91 -227.5 54.1221
    endloop
  endfacet
  facet normal -0.838721 0 0.544562
    outer loop
      vertex -301.34 -227.5 55
      vertex -301.91 -272.5 54.1221
      vertex -301.34 -272.5 55
    endloop
  endfacet
  facet normal -0.453849 0 0.891079
    outer loop
      vertex -305.933 -227.5 50.8645
      vertex -305 -272.5 51.3397
      vertex -305 -227.5 51.3397
    endloop
  endfacet
  facet normal -0.453849 0 0.891079
    outer loop
      vertex -305 -272.5 51.3397
      vertex -305.933 -227.5 50.8645
      vertex -305.933 -272.5 50.8645
    endloop
  endfacet
  facet normal 0.15637 0 -0.987699
    outer loop
      vertex -312.079 -272.5 69.7815
      vertex -311.045 -227.5 69.9452
      vertex -311.045 -272.5 69.9452
    endloop
  endfacet
  facet normal 0.15637 0 -0.987699
    outer loop
      vertex -311.045 -227.5 69.9452
      vertex -312.079 -272.5 69.7815
      vertex -312.079 -227.5 69.7815
    endloop
  endfacet
  facet normal -0.933296 0 -0.359107
    outer loop
      vertex -300.489 -272.5 63.0902
      vertex -300.865 -227.5 64.0674
      vertex -300.489 -227.5 63.0902
    endloop
  endfacet
  facet normal -0.933296 -0 -0.359107
    outer loop
      vertex -300.865 -227.5 64.0674
      vertex -300.489 -272.5 63.0902
      vertex -300.865 -272.5 64.0674
    endloop
  endfacet
  facet normal -0.776996 0 0.629506
    outer loop
      vertex -302.569 -272.5 53.3087
      vertex -301.91 -227.5 54.1221
      vertex -302.569 -227.5 53.3087
    endloop
  endfacet
  facet normal -0.776996 0 0.629506
    outer loop
      vertex -301.91 -227.5 54.1221
      vertex -302.569 -272.5 53.3087
      vertex -301.91 -272.5 54.1221
    endloop
  endfacet
  facet normal 0.98765 0 -0.156679
    outer loop
      vertex -319.781 -272.5 62.0791
      vertex -319.945 -227.5 61.0453
      vertex -319.781 -227.5 62.0791
    endloop
  endfacet
  facet normal 0.98765 0 -0.156679
    outer loop
      vertex -319.945 -227.5 61.0453
      vertex -319.781 -272.5 62.0791
      vertex -319.945 -272.5 61.0453
    endloop
  endfacet
  facet normal -0.0523682 0 -0.998628
    outer loop
      vertex -310 -272.5 70
      vertex -308.955 -227.5 69.9452
      vertex -308.955 -272.5 69.9452
    endloop
  endfacet
  facet normal -0.0523682 0 -0.998628
    outer loop
      vertex -308.955 -227.5 69.9452
      vertex -310 -272.5 70
      vertex -310 -227.5 70
    endloop
  endfacet
  facet normal -0.891077 0 -0.453851
    outer loop
      vertex -300.865 -272.5 64.0674
      vertex -301.34 -227.5 65
      vertex -300.865 -227.5 64.0674
    endloop
  endfacet
  facet normal -0.891077 -0 -0.453851
    outer loop
      vertex -301.34 -227.5 65
      vertex -300.865 -272.5 64.0674
      vertex -301.34 -272.5 65
    endloop
  endfacet
  facet normal 0.838721 0 -0.544562
    outer loop
      vertex -318.09 -272.5 65.8779
      vertex -318.66 -227.5 65
      vertex -318.09 -227.5 65.8779
    endloop
  endfacet
  facet normal 0.838721 0 -0.544562
    outer loop
      vertex -318.66 -227.5 65
      vertex -318.09 -272.5 65.8779
      vertex -318.66 -272.5 65
    endloop
  endfacet
  facet normal 0.629578 0 -0.776938
    outer loop
      vertex -316.691 -272.5 67.4314
      vertex -315.878 -227.5 68.0902
      vertex -315.878 -272.5 68.0902
    endloop
  endfacet
  facet normal 0.629578 0 -0.776938
    outer loop
      vertex -315.878 -227.5 68.0902
      vertex -316.691 -272.5 67.4314
      vertex -316.691 -227.5 67.4314
    endloop
  endfacet
  facet normal 0.933296 -0 0.359107
    outer loop
      vertex -319.511 -272.5 56.9098
      vertex -319.135 -227.5 55.9326
      vertex -319.511 -227.5 56.9098
    endloop
  endfacet
  facet normal 0.933296 0 0.359107
    outer loop
      vertex -319.135 -227.5 55.9326
      vertex -319.511 -272.5 56.9098
      vertex -319.135 -272.5 55.9326
    endloop
  endfacet
  facet normal 0.933296 0 -0.359107
    outer loop
      vertex -319.135 -272.5 64.0674
      vertex -319.511 -227.5 63.0902
      vertex -319.135 -227.5 64.0674
    endloop
  endfacet
  facet normal 0.933296 0 -0.359107
    outer loop
      vertex -319.511 -227.5 63.0902
      vertex -319.135 -272.5 64.0674
      vertex -319.511 -272.5 63.0902
    endloop
  endfacet
  facet normal 0.891077 -0 0.453851
    outer loop
      vertex -319.135 -272.5 55.9326
      vertex -318.66 -227.5 55
      vertex -319.135 -227.5 55.9326
    endloop
  endfacet
  facet normal 0.891077 0 0.453851
    outer loop
      vertex -318.66 -227.5 55
      vertex -319.135 -272.5 55.9326
      vertex -318.66 -272.5 55
    endloop
  endfacet
  facet normal -0.258822 0 0.965925
    outer loop
      vertex -307.921 -227.5 50.2185
      vertex -306.91 -272.5 50.4894
      vertex -306.91 -227.5 50.4894
    endloop
  endfacet
  facet normal -0.258822 0 0.965925
    outer loop
      vertex -306.91 -272.5 50.4894
      vertex -307.921 -227.5 50.2185
      vertex -307.921 -272.5 50.2185
    endloop
  endfacet
  facet normal -0.629578 0 0.776938
    outer loop
      vertex -304.122 -227.5 51.9098
      vertex -303.309 -272.5 52.5686
      vertex -303.309 -227.5 52.5686
    endloop
  endfacet
  facet normal -0.629578 0 0.776938
    outer loop
      vertex -303.309 -272.5 52.5686
      vertex -304.122 -227.5 51.9098
      vertex -304.122 -272.5 51.9098
    endloop
  endfacet
  facet normal 0.258822 0 0.965925
    outer loop
      vertex -313.09 -227.5 50.4894
      vertex -312.079 -272.5 50.2185
      vertex -312.079 -227.5 50.2185
    endloop
  endfacet
  facet normal 0.258822 0 0.965925
    outer loop
      vertex -312.079 -272.5 50.2185
      vertex -313.09 -227.5 50.4894
      vertex -313.09 -272.5 50.4894
    endloop
  endfacet
  facet normal 0.998619 -0 0.0525438
    outer loop
      vertex -320 -272.5 60
      vertex -319.945 -227.5 58.9547
      vertex -320 -227.5 60
    endloop
  endfacet
  facet normal 0.998619 0 0.0525438
    outer loop
      vertex -319.945 -227.5 58.9547
      vertex -320 -272.5 60
      vertex -319.945 -272.5 58.9547
    endloop
  endfacet
  facet normal -0.15637 0 -0.987699
    outer loop
      vertex -308.955 -272.5 69.9452
      vertex -307.921 -227.5 69.7815
      vertex -307.921 -272.5 69.7815
    endloop
  endfacet
  facet normal -0.15637 0 -0.987699
    outer loop
      vertex -307.921 -227.5 69.7815
      vertex -308.955 -272.5 69.9452
      vertex -308.955 -227.5 69.9452
    endloop
  endfacet
  facet normal 0.776996 -0 0.629506
    outer loop
      vertex -318.09 -272.5 54.1221
      vertex -317.431 -227.5 53.3087
      vertex -318.09 -227.5 54.1221
    endloop
  endfacet
  facet normal 0.776996 0 0.629506
    outer loop
      vertex -317.431 -227.5 53.3087
      vertex -318.09 -272.5 54.1221
      vertex -317.431 -272.5 53.3087
    endloop
  endfacet
  facet normal 0.966146 0 -0.257996
    outer loop
      vertex -319.511 -272.5 63.0902
      vertex -319.781 -227.5 62.0791
      vertex -319.511 -227.5 63.0902
    endloop
  endfacet
  facet normal 0.966146 0 -0.257996
    outer loop
      vertex -319.781 -227.5 62.0791
      vertex -319.511 -272.5 63.0902
      vertex -319.781 -272.5 62.0791
    endloop
  endfacet
  facet normal 0.707155 -0 0.707059
    outer loop
      vertex -317.431 -272.5 53.3087
      vertex -316.691 -227.5 52.5686
      vertex -317.431 -227.5 53.3087
    endloop
  endfacet
  facet normal 0.707155 0 0.707059
    outer loop
      vertex -316.691 -227.5 52.5686
      vertex -317.431 -272.5 53.3087
      vertex -316.691 -272.5 52.5686
    endloop
  endfacet
  facet normal -0.544585 0 0.838705
    outer loop
      vertex -305 -227.5 51.3397
      vertex -304.122 -272.5 51.9098
      vertex -304.122 -227.5 51.9098
    endloop
  endfacet
  facet normal -0.544585 0 0.838705
    outer loop
      vertex -304.122 -272.5 51.9098
      vertex -305 -227.5 51.3397
      vertex -305 -272.5 51.3397
    endloop
  endfacet
  facet normal -0.933296 0 0.359107
    outer loop
      vertex -300.865 -272.5 55.9326
      vertex -300.489 -227.5 56.9098
      vertex -300.865 -227.5 55.9326
    endloop
  endfacet
  facet normal -0.933296 0 0.359107
    outer loop
      vertex -300.489 -227.5 56.9098
      vertex -300.865 -272.5 55.9326
      vertex -300.489 -272.5 56.9098
    endloop
  endfacet
  facet normal 0.358422 0 0.93356
    outer loop
      vertex -314.067 -227.5 50.8645
      vertex -313.09 -272.5 50.4894
      vertex -313.09 -227.5 50.4894
    endloop
  endfacet
  facet normal 0.358422 0 0.93356
    outer loop
      vertex -313.09 -272.5 50.4894
      vertex -314.067 -227.5 50.8645
      vertex -314.067 -272.5 50.8645
    endloop
  endfacet
  facet normal 0.0523682 0 0.998628
    outer loop
      vertex -311.045 -227.5 50.0548
      vertex -310 -272.5 50
      vertex -310 -227.5 50
    endloop
  endfacet
  facet normal 0.0523682 0 0.998628
    outer loop
      vertex -310 -272.5 50
      vertex -311.045 -227.5 50.0548
      vertex -311.045 -272.5 50.0548
    endloop
  endfacet
  facet normal 0.998619 0 -0.0525438
    outer loop
      vertex -319.945 -272.5 61.0453
      vertex -320 -227.5 60
      vertex -319.945 -227.5 61.0453
    endloop
  endfacet
  facet normal 0.998619 0 -0.0525438
    outer loop
      vertex -320 -227.5 60
      vertex -319.945 -272.5 61.0453
      vertex -320 -272.5 60
    endloop
  endfacet
  facet normal 0.544585 0 0.838705
    outer loop
      vertex -315.878 -227.5 51.9098
      vertex -315 -272.5 51.3397
      vertex -315 -227.5 51.3397
    endloop
  endfacet
  facet normal 0.544585 0 0.838705
    outer loop
      vertex -315 -272.5 51.3397
      vertex -315.878 -227.5 51.9098
      vertex -315.878 -272.5 51.9098
    endloop
  endfacet
  facet normal -0.707155 0 0.707059
    outer loop
      vertex -303.309 -272.5 52.5686
      vertex -302.569 -227.5 53.3087
      vertex -303.309 -227.5 52.5686
    endloop
  endfacet
  facet normal -0.707155 0 0.707059
    outer loop
      vertex -302.569 -227.5 53.3087
      vertex -303.309 -272.5 52.5686
      vertex -302.569 -272.5 53.3087
    endloop
  endfacet
  facet normal -0.555055 -0.831814 0
    outer loop
      vertex -353.536 -253.536 120.5
      vertex -351.913 -254.619 129.5
      vertex -353.536 -253.536 129.5
    endloop
  endfacet
  facet normal -0.555055 -0.831814 -0
    outer loop
      vertex -351.913 -254.619 129.5
      vertex -353.536 -253.536 120.5
      vertex -351.913 -254.619 120.5
    endloop
  endfacet
  facet normal 0.831814 -0.555055 0
    outer loop
      vertex -346.464 -253.536 129.5
      vertex -345.381 -251.913 120.5
      vertex -345.381 -251.913 129.5
    endloop
  endfacet
  facet normal 0.831814 -0.555055 0
    outer loop
      vertex -345.381 -251.913 120.5
      vertex -346.464 -253.536 129.5
      vertex -346.464 -253.536 120.5
    endloop
  endfacet
  facet normal 0.980738 -0.195327 0
    outer loop
      vertex -345.381 -251.913 129.5
      vertex -345 -250 120.5
      vertex -345 -250 129.5
    endloop
  endfacet
  facet normal 0.980738 -0.195327 0
    outer loop
      vertex -345 -250 120.5
      vertex -345.381 -251.913 129.5
      vertex -345.381 -251.913 120.5
    endloop
  endfacet
  facet normal -0.831814 -0.555055 0
    outer loop
      vertex -353.536 -253.536 120.5
      vertex -354.619 -251.913 129.5
      vertex -354.619 -251.913 120.5
    endloop
  endfacet
  facet normal -0.831814 -0.555055 0
    outer loop
      vertex -354.619 -251.913 129.5
      vertex -353.536 -253.536 120.5
      vertex -353.536 -253.536 129.5
    endloop
  endfacet
  facet normal -0.195327 0.980738 0
    outer loop
      vertex -350 -245 120.5
      vertex -351.913 -245.381 129.5
      vertex -350 -245 129.5
    endloop
  endfacet
  facet normal -0.195327 0.980738 0
    outer loop
      vertex -351.913 -245.381 129.5
      vertex -350 -245 120.5
      vertex -351.913 -245.381 120.5
    endloop
  endfacet
  facet normal 0.195327 0.980738 -0
    outer loop
      vertex -348.087 -245.381 120.5
      vertex -350 -245 129.5
      vertex -348.087 -245.381 129.5
    endloop
  endfacet
  facet normal 0.195327 0.980738 0
    outer loop
      vertex -350 -245 129.5
      vertex -348.087 -245.381 120.5
      vertex -350 -245 120.5
    endloop
  endfacet
  facet normal 0.555055 0.831814 -0
    outer loop
      vertex -346.464 -246.464 120.5
      vertex -348.087 -245.381 129.5
      vertex -346.464 -246.464 129.5
    endloop
  endfacet
  facet normal 0.555055 0.831814 0
    outer loop
      vertex -348.087 -245.381 129.5
      vertex -346.464 -246.464 120.5
      vertex -348.087 -245.381 120.5
    endloop
  endfacet
  facet normal 0.831814 0.555055 0
    outer loop
      vertex -345.381 -248.087 129.5
      vertex -346.464 -246.464 120.5
      vertex -346.464 -246.464 129.5
    endloop
  endfacet
  facet normal 0.831814 0.555055 0
    outer loop
      vertex -346.464 -246.464 120.5
      vertex -345.381 -248.087 129.5
      vertex -345.381 -248.087 120.5
    endloop
  endfacet
  facet normal -0.980738 -0.195327 0
    outer loop
      vertex -354.619 -251.913 120.5
      vertex -355 -250 129.5
      vertex -355 -250 120.5
    endloop
  endfacet
  facet normal -0.980738 -0.195327 0
    outer loop
      vertex -355 -250 129.5
      vertex -354.619 -251.913 120.5
      vertex -354.619 -251.913 129.5
    endloop
  endfacet
  facet normal 0.980738 0.195327 0
    outer loop
      vertex -345 -250 129.5
      vertex -345.381 -248.087 120.5
      vertex -345.381 -248.087 129.5
    endloop
  endfacet
  facet normal 0.980738 0.195327 0
    outer loop
      vertex -345.381 -248.087 120.5
      vertex -345 -250 129.5
      vertex -345 -250 120.5
    endloop
  endfacet
  facet normal -0.195327 -0.980738 0
    outer loop
      vertex -351.913 -254.619 120.5
      vertex -350 -255 129.5
      vertex -351.913 -254.619 129.5
    endloop
  endfacet
  facet normal -0.195327 -0.980738 -0
    outer loop
      vertex -350 -255 129.5
      vertex -351.913 -254.619 120.5
      vertex -350 -255 120.5
    endloop
  endfacet
  facet normal 0.195327 -0.980738 0
    outer loop
      vertex -350 -255 120.5
      vertex -348.087 -254.619 129.5
      vertex -350 -255 129.5
    endloop
  endfacet
  facet normal 0.195327 -0.980738 0
    outer loop
      vertex -348.087 -254.619 129.5
      vertex -350 -255 120.5
      vertex -348.087 -254.619 120.5
    endloop
  endfacet
  facet normal 0.555055 -0.831814 0
    outer loop
      vertex -348.087 -254.619 120.5
      vertex -346.464 -253.536 129.5
      vertex -348.087 -254.619 129.5
    endloop
  endfacet
  facet normal 0.555055 -0.831814 0
    outer loop
      vertex -346.464 -253.536 129.5
      vertex -348.087 -254.619 120.5
      vertex -346.464 -253.536 120.5
    endloop
  endfacet
  facet normal -0.831814 0.555055 0
    outer loop
      vertex -354.619 -248.087 120.5
      vertex -353.536 -246.464 129.5
      vertex -353.536 -246.464 120.5
    endloop
  endfacet
  facet normal -0.831814 0.555055 0
    outer loop
      vertex -353.536 -246.464 129.5
      vertex -354.619 -248.087 120.5
      vertex -354.619 -248.087 129.5
    endloop
  endfacet
  facet normal -0.980738 0.195327 0
    outer loop
      vertex -355 -250 120.5
      vertex -354.619 -248.087 129.5
      vertex -354.619 -248.087 120.5
    endloop
  endfacet
  facet normal -0.980738 0.195327 0
    outer loop
      vertex -354.619 -248.087 129.5
      vertex -355 -250 120.5
      vertex -355 -250 129.5
    endloop
  endfacet
  facet normal -0.555055 0.831814 0
    outer loop
      vertex -351.913 -245.381 120.5
      vertex -353.536 -246.464 129.5
      vertex -351.913 -245.381 129.5
    endloop
  endfacet
  facet normal -0.555055 0.831814 0
    outer loop
      vertex -353.536 -246.464 129.5
      vertex -351.913 -245.381 120.5
      vertex -353.536 -246.464 120.5
    endloop
  endfacet
  facet normal 1 -0 0
    outer loop
      vertex -300 -280 130.5
      vertex -300 -200 129.5
      vertex -300 -200 130.5
    endloop
  endfacet
  facet normal 1 -0 0
    outer loop
      vertex -300 -280 130
      vertex -300 -200 129.5
      vertex -300 -280 130.5
    endloop
  endfacet
  facet normal 1 0 0
    outer loop
      vertex -300 -300 129.5
      vertex -300 -280 130
      vertex -300 -300 130
    endloop
  endfacet
  facet normal 1 0 0
    outer loop
      vertex -300 -280 130
      vertex -300 -300 129.5
      vertex -300 -200 129.5
    endloop
  endfacet
  facet normal -0 0 1
    outer loop
      vertex -380 -200 130.5
      vertex -300 -280 130.5
      vertex -300 -200 130.5
    endloop
  endfacet
  facet normal 0 0 1
    outer loop
      vertex -300 -280 130.5
      vertex -380 -200 130.5
      vertex -380 -280 130.5
    endloop
  endfacet
  facet normal 0 0 -1
    outer loop
      vertex -300 -300 129.5
      vertex -345 -250 129.5
      vertex -300 -200 129.5
    endloop
  endfacet
  facet normal 0 0 -1
    outer loop
      vertex -300 -300 129.5
      vertex -345.381 -251.913 129.5
      vertex -345 -250 129.5
    endloop
  endfacet
  facet normal 0 0 -1
    outer loop
      vertex -300 -300 129.5
      vertex -346.464 -253.536 129.5
      vertex -345.381 -251.913 129.5
    endloop
  endfacet
  facet normal 0 0 -1
    outer loop
      vertex -300 -300 129.5
      vertex -348.087 -254.619 129.5
      vertex -346.464 -253.536 129.5
    endloop
  endfacet
  facet normal 0 0 -1
    outer loop
      vertex -300 -300 129.5
      vertex -350 -255 129.5
      vertex -348.087 -254.619 129.5
    endloop
  endfacet
  facet normal 0 0 -1
    outer loop
      vertex -400 -300 129.5
      vertex -350 -255 129.5
      vertex -300 -300 129.5
    endloop
  endfacet
  facet normal -0 0 -1
    outer loop
      vertex -350 -255 129.5
      vertex -400 -300 129.5
      vertex -351.913 -254.619 129.5
    endloop
  endfacet
  facet normal -0 0 -1
    outer loop
      vertex -354.619 -251.913 129.5
      vertex -400 -300 129.5
      vertex -355 -250 129.5
    endloop
  endfacet
  facet normal -0 0 -1
    outer loop
      vertex -353.536 -253.536 129.5
      vertex -400 -300 129.5
      vertex -354.619 -251.913 129.5
    endloop
  endfacet
  facet normal -0 0 -1
    outer loop
      vertex -351.913 -254.619 129.5
      vertex -400 -300 129.5
      vertex -353.536 -253.536 129.5
    endloop
  endfacet
  facet normal 0 0 -1
    outer loop
      vertex -345.381 -248.087 129.5
      vertex -300 -200 129.5
      vertex -345 -250 129.5
    endloop
  endfacet
  facet normal 0 0 -1
    outer loop
      vertex -346.464 -246.464 129.5
      vertex -300 -200 129.5
      vertex -345.381 -248.087 129.5
    endloop
  endfacet
  facet normal 0 0 -1
    outer loop
      vertex -348.087 -245.381 129.5
      vertex -300 -200 129.5
      vertex -346.464 -246.464 129.5
    endloop
  endfacet
  facet normal 0 0 -1
    outer loop
      vertex -350 -245 129.5
      vertex -300 -200 129.5
      vertex -348.087 -245.381 129.5
    endloop
  endfacet
  facet normal 0 0 -1
    outer loop
      vertex -400 -200 129.5
      vertex -350 -245 129.5
      vertex -351.913 -245.381 129.5
    endloop
  endfacet
  facet normal 0 0 -1
    outer loop
      vertex -400 -200 129.5
      vertex -351.913 -245.381 129.5
      vertex -353.536 -246.464 129.5
    endloop
  endfacet
  facet normal 0 0 -1
    outer loop
      vertex -400 -200 129.5
      vertex -355 -250 129.5
      vertex -400 -300 129.5
    endloop
  endfacet
  facet normal 0 0 -1
    outer loop
      vertex -355 -250 129.5
      vertex -400 -200 129.5
      vertex -354.619 -248.087 129.5
    endloop
  endfacet
  facet normal 0 0 -1
    outer loop
      vertex -350 -245 129.5
      vertex -400 -200 129.5
      vertex -300 -200 129.5
    endloop
  endfacet
  facet normal 0 0 -1
    outer loop
      vertex -354.619 -248.087 129.5
      vertex -400 -200 129.5
      vertex -353.536 -246.464 129.5
    endloop
  endfacet
  facet normal 0 1 0
    outer loop
      vertex -300 -200 130.5
      vertex -380 -200 130
      vertex -380 -200 130.5
    endloop
  endfacet
  facet normal 0 1 -0
    outer loop
      vertex -300 -200 129.5
      vertex -380 -200 130
      vertex -300 -200 130.5
    endloop
  endfacet
  facet normal 0 1 0
    outer loop
      vertex -400 -200 129.5
      vertex -380 -200 130
      vertex -300 -200 129.5
    endloop
  endfacet
  facet normal 0 1 0
    outer loop
      vertex -380 -200 130
      vertex -400 -200 129.5
      vertex -400 -200 130
    endloop
  endfacet
  facet normal 0 -1 0
    outer loop
      vertex -138.7 -250 170
      vertex -250 -250 183
      vertex -250 -250 170
    endloop
  endfacet
  facet normal 0 -1 0
    outer loop
      vertex -118.7 -250 170
      vertex -250 -250 183
      vertex -138.7 -250 170
    endloop
  endfacet
  facet normal 0 -1 0
    outer loop
      vertex -250 -250 183
      vertex -118.7 -250 170
      vertex 250 -250 183
    endloop
  endfacet
  facet normal 0 -1 0
    outer loop
      vertex 118.7 -250 170
      vertex 250 -250 183
      vertex -118.7 -250 170
    endloop
  endfacet
  facet normal 0 -1 0
    outer loop
      vertex 138.7 -250 170
      vertex 250 -250 183
      vertex 118.7 -250 170
    endloop
  endfacet
  facet normal 0 -1 -0
    outer loop
      vertex 250 -250 183
      vertex 138.7 -250 170
      vertex 250 -250 170
    endloop
  endfacet
  facet normal 0 0 1
    outer loop
      vertex 237.5 5 183
      vertex 250 250 183
      vertex 237.5 235 183
    endloop
  endfacet
  facet normal 0 0 1
    outer loop
      vertex 250 250 183
      vertex 62.5 235 183
      vertex 237.5 235 183
    endloop
  endfacet
  facet normal 0 0 1
    outer loop
      vertex -250 250 183
      vertex 62.5 5 183
      vertex 62.5 235 183
    endloop
  endfacet
  facet normal 0 0 1
    outer loop
      vertex 62.5 5 183
      vertex -97 -107 183
      vertex -43 -107 183
    endloop
  endfacet
  facet normal 0 0 1
    outer loop
      vertex -97 -107 183
      vertex -123 -107 183
      vertex -97 -193 183
    endloop
  endfacet
  facet normal 0 -0 1
    outer loop
      vertex -123 -107 183
      vertex 62.5 5 183
      vertex -250 250 183
    endloop
  endfacet
  facet normal 0 0 1
    outer loop
      vertex 62.5 5 183
      vertex -123 -107 183
      vertex -97 -107 183
    endloop
  endfacet
  facet normal 0 0 1
    outer loop
      vertex -250 -250 183
      vertex -177 -107 183
      vertex -250 250 183
    endloop
  endfacet
  facet normal 0 0 1
    outer loop
      vertex -123 -107 183
      vertex -250 250 183
      vertex -177 -107 183
    endloop
  endfacet
  facet normal -0 0 1
    outer loop
      vertex -250 250 183
      vertex 62.5 235 183
      vertex 250 250 183
    endloop
  endfacet
  facet normal 0 0 1
    outer loop
      vertex 250 250 183
      vertex 237.5 5 183
      vertex 250 -250 183
    endloop
  endfacet
  facet normal -0 0 1
    outer loop
      vertex 62.5 5 183
      vertex 250 -250 183
      vertex 237.5 5 183
    endloop
  endfacet
  facet normal 0 0 1
    outer loop
      vertex -43 -193 183
      vertex 62.5 5 183
      vertex -43 -107 183
    endloop
  endfacet
  facet normal 0 0 1
    outer loop
      vertex 62.5 5 183
      vertex -43 -193 183
      vertex 250 -250 183
    endloop
  endfacet
  facet normal 0 0 1
    outer loop
      vertex -250 -250 183
      vertex -43 -193 183
      vertex -97 -193 183
    endloop
  endfacet
  facet normal 0 0 1
    outer loop
      vertex -123 -193 183
      vertex -97 -193 183
      vertex -123 -107 183
    endloop
  endfacet
  facet normal 0 0 1
    outer loop
      vertex -250 -250 183
      vertex -97 -193 183
      vertex -123 -193 183
    endloop
  endfacet
  facet normal 0 0 1
    outer loop
      vertex -250 -250 183
      vertex -123 -193 183
      vertex -177 -193 183
    endloop
  endfacet
  facet normal 0 0 1
    outer loop
      vertex -43 -193 183
      vertex -250 -250 183
      vertex 250 -250 183
    endloop
  endfacet
  facet normal 0 0 1
    outer loop
      vertex -177 -107 183
      vertex -250 -250 183
      vertex -177 -193 183
    endloop
  endfacet
  facet normal 0 1 0
    outer loop
      vertex 138.7 250 170
      vertex 250 250 183
      vertex 250 250 170
    endloop
  endfacet
  facet normal 0 1 0
    outer loop
      vertex 118.7 250 170
      vertex 250 250 183
      vertex 138.7 250 170
    endloop
  endfacet
  facet normal 0 1 0
    outer loop
      vertex 250 250 183
      vertex 118.7 250 170
      vertex -250 250 183
    endloop
  endfacet
  facet normal 0 1 -0
    outer loop
      vertex -118.7 250 170
      vertex -250 250 183
      vertex 118.7 250 170
    endloop
  endfacet
  facet normal 0 1 -0
    outer loop
      vertex -138.7 250 170
      vertex -250 250 183
      vertex -118.7 250 170
    endloop
  endfacet
  facet normal 0 1 0
    outer loop
      vertex -250 250 183
      vertex -138.7 250 170
      vertex -250 250 170
    endloop
  endfacet
  facet normal -1 0 0
    outer loop
      vertex -250 -100 170
      vertex -250 -250 170
      vertex -250 -100 181
    endloop
  endfacet
  facet normal -1 0 0
    outer loop
      vertex -250 100 181
      vertex -250 250 170
      vertex -250 100 170
    endloop
  endfacet
  facet normal -1 0 0
    outer loop
      vertex -250 250 170
      vertex -250 100 181
      vertex -250 250 183
    endloop
  endfacet
  facet normal -1 0 0
    outer loop
      vertex -250 -100 181
      vertex -250 250 183
      vertex -250 100 181
    endloop
  endfacet
  facet normal -1 0 0
    outer loop
      vertex -250 -100 181
      vertex -250 -250 183
      vertex -250 250 183
    endloop
  endfacet
  facet normal -1 0 0
    outer loop
      vertex -250 -250 183
      vertex -250 -100 181
      vertex -250 -250 170
    endloop
  endfacet
  facet normal 1 0 0
    outer loop
      vertex 250 250 183
      vertex 250 100 181
      vertex 250 250 170
    endloop
  endfacet
  facet normal 1 0 0
    outer loop
      vertex 250 250 183
      vertex 250 -100 181
      vertex 250 100 181
    endloop
  endfacet
  facet normal 1 -0 0
    outer loop
      vertex 250 -250 183
      vertex 250 -100 181
      vertex 250 250 183
    endloop
  endfacet
  facet normal 1 0 0
    outer loop
      vertex 250 -250 170
      vertex 250 -100 181
      vertex 250 -250 183
    endloop
  endfacet
  facet normal 1 0 0
    outer loop
      vertex 250 -100 181
      vertex 250 -250 170
      vertex 250 -100 170
    endloop
  endfacet
  facet normal 1 0 0
    outer loop
      vertex 250 250 170
      vertex 250 100 181
      vertex 250 100 170
    endloop
  endfacet
  facet normal 0 1 0
    outer loop
      vertex 138.7 -100 170
      vertex 250 -100 181
      vertex 250 -100 170
    endloop
  endfacet
  facet normal 0 1 0
    outer loop
      vertex 118.7 -100 170
      vertex 250 -100 181
      vertex 138.7 -100 170
    endloop
  endfacet
  facet normal 0 1 0
    outer loop
      vertex 250 -100 181
      vertex 118.7 -100 170
      vertex -250 -100 181
    endloop
  endfacet
  facet normal 0 1 -0
    outer loop
      vertex -118.7 -100 170
      vertex -250 -100 181
      vertex 118.7 -100 170
    endloop
  endfacet
  facet normal 0 1 -0
    outer loop
      vertex -138.7 -100 170
      vertex -250 -100 181
      vertex -118.7 -100 170
    endloop
  endfacet
  facet normal 0 1 0
    outer loop
      vertex -250 -100 181
      vertex -138.7 -100 170
      vertex -250 -100 170
    endloop
  endfacet
  facet normal 0 0 -1
    outer loop
      vertex -250 -100 181
      vertex 250 100 181
      vertex 250 -100 181
    endloop
  endfacet
  facet normal -0 0 -1
    outer loop
      vertex 250 100 181
      vertex -250 -100 181
      vertex -250 100 181
    endloop
  endfacet
  facet normal 0 -1 0
    outer loop
      vertex -138.7 100 170
      vertex -250 100 181
      vertex -250 100 170
    endloop
  endfacet
  facet normal 0 -1 0
    outer loop
      vertex -118.7 100 170
      vertex -250 100 181
      vertex -138.7 100 170
    endloop
  endfacet
  facet normal 0 -1 0
    outer loop
      vertex -250 100 181
      vertex -118.7 100 170
      vertex 250 100 181
    endloop
  endfacet
  facet normal 0 -1 0
    outer loop
      vertex 118.7 100 170
      vertex 250 100 181
      vertex -118.7 100 170
    endloop
  endfacet
  facet normal 0 -1 0
    outer loop
      vertex 138.7 100 170
      vertex 250 100 181
      vertex 118.7 100 170
    endloop
  endfacet
  facet normal 0 -1 -0
    outer loop
      vertex 250 100 181
      vertex 138.7 100 170
      vertex 250 100 170
    endloop
  endfacet
  facet normal 0 -1 0
    outer loop
      vertex 62.5 5 183
      vertex 237.5 5 408
      vertex 62.5 5 408
    endloop
  endfacet
  facet normal 0 -1 -0
    outer loop
      vertex 237.5 5 408
      vertex 62.5 5 183
      vertex 237.5 5 183
    endloop
  endfacet
  facet normal -0 0 1
    outer loop
      vertex 62.5 235 408
      vertex 237.5 5 408
      vertex 237.5 235 408
    endloop
  endfacet
  facet normal 0 0 1
    outer loop
      vertex 237.5 5 408
      vertex 62.5 235 408
      vertex 62.5 5 408
    endloop
  endfacet
  facet normal 0 1 -0
    outer loop
      vertex 237.5 235 183
      vertex 62.5 235 408
      vertex 237.5 235 408
    endloop
  endfacet
  facet normal 0 1 0
    outer loop
      vertex 62.5 235 408
      vertex 237.5 235 183
      vertex 62.5 235 183
    endloop
  endfacet
  facet normal -1 0 0
    outer loop
      vertex 62.5 5 183
      vertex 62.5 235 408
      vertex 62.5 235 183
    endloop
  endfacet
  facet normal -1 -0 0
    outer loop
      vertex 62.5 235 408
      vertex 62.5 5 183
      vertex 62.5 5 408
    endloop
  endfacet
  facet normal 1 -0 0
    outer loop
      vertex 237.5 5 408
      vertex 237.5 235 183
      vertex 237.5 235 408
    endloop
  endfacet
  facet normal 1 0 0
    outer loop
      vertex 237.5 235 183
      vertex 237.5 5 408
      vertex 237.5 5 183
    endloop
  endfacet
  facet normal 0 -1 0
    outer loop
      vertex -177 -193 183
      vertex -123 -193 200
      vertex -177 -193 200
    endloop
  endfacet
  facet normal 0 -1 -0
    outer loop
      vertex -123 -193 200
      vertex -177 -193 183
      vertex -123 -193 183
    endloop
  endfacet
  facet normal -0 0 1
    outer loop
      vertex -177 -107 200
      vertex -123 -193 200
      vertex -123 -107 200
    endloop
  endfacet
  facet normal 0 0 1
    outer loop
      vertex -123 -193 200
      vertex -177 -107 200
      vertex -177 -193 200
    endloop
  endfacet
  facet normal 0 1 -0
    outer loop
      vertex -123 -107 183
      vertex -177 -107 200
      vertex -123 -107 200
    endloop
  endfacet
  facet normal 0 1 0
    outer loop
      vertex -177 -107 200
      vertex -123 -107 183
      vertex -177 -107 183
    endloop
  endfacet
  facet normal -1 0 0
    outer loop
      vertex -177 -193 183
      vertex -177 -107 200
      vertex -177 -107 183
    endloop
  endfacet
  facet normal -1 -0 0
    outer loop
      vertex -177 -107 200
      vertex -177 -193 183
      vertex -177 -193 200
    endloop
  endfacet
  facet normal 1 -0 0
    outer loop
      vertex -123 -193 200
      vertex -123 -107 183
      vertex -123 -107 200
    endloop
  endfacet
  facet normal 1 0 0
    outer loop
      vertex -123 -107 183
      vertex -123 -193 200
      vertex -123 -193 183
    endloop
  endfacet
  facet normal 0 -1 0
    outer loop
      vertex -97 -193 183
      vertex -43 -193 200
      vertex -97 -193 200
    endloop
  endfacet
  facet normal 0 -1 -0
    outer loop
      vertex -43 -193 200
      vertex -97 -193 183
      vertex -43 -193 183
    endloop
  endfacet
  facet normal -0 0 1
    outer loop
      vertex -97 -107 200
      vertex -43 -193 200
      vertex -43 -107 200
    endloop
  endfacet
  facet normal 0 0 1
    outer loop
      vertex -43 -193 200
      vertex -97 -107 200
      vertex -97 -193 200
    endloop
  endfacet
  facet normal 0 1 -0
    outer loop
      vertex -43 -107 183
      vertex -97 -107 200
      vertex -43 -107 200
    endloop
  endfacet
  facet normal 0 1 0
    outer loop
      vertex -97 -107 200
      vertex -43 -107 183
      vertex -97 -107 183
    endloop
  endfacet
  facet normal -1 0 0
    outer loop
      vertex -97 -193 183
      vertex -97 -107 200
      vertex -97 -107 183
    endloop
  endfacet
  facet normal -1 -0 0
    outer loop
      vertex -97 -107 200
      vertex -97 -193 183
      vertex -97 -193 200
    endloop
  endfacet
  facet normal 1 -0 0
    outer loop
      vertex -43 -193 200
      vertex -43 -107 183
      vertex -43 -107 200
    endloop
  endfacet
  facet normal 1 0 0
    outer loop
      vertex -43 -107 183
      vertex -43 -193 200
      vertex -43 -193 183
    endloop
  endfacet
  facet normal 1 0 0
    outer loop
      vertex 400 325 2002
      vertex 400 321 1998
      vertex 400 325 280
    endloop
  endfacet
  facet normal 1 0 0
    outer loop
      vertex 400 325 2002
      vertex 400 -321 1998
      vertex 400 321 1998
    endloop
  endfacet
  facet normal 1 -0 0
    outer loop
      vertex 400 -325 2002
      vertex 400 -321 1998
      vertex 400 325 2002
    endloop
  endfacet
  facet normal 1 0 0
    outer loop
      vertex 400 -325 280
      vertex 400 -321 1998
      vertex 400 -325 2002
    endloop
  endfacet
  facet normal 1 0 0
    outer loop
      vertex 400 -321 1998
      vertex 400 -325 280
      vertex 400 -321 280
    endloop
  endfacet
  facet normal 1 0 0
    outer loop
      vertex 400 325 280
      vertex 400 321 1998
      vertex 400 321 280
    endloop
  endfacet
  facet normal 1 -0 0
    outer loop
      vertex 400 321 180
      vertex 400 325 130
      vertex 400 325 180
    endloop
  endfacet
  facet normal 1 0 0
    outer loop
      vertex 400 325 130
      vertex 400 321 180
      vertex 400 321 130
    endloop
  endfacet
  facet normal 1 -0 0
    outer loop
      vertex 400 -325 180
      vertex 400 -321 130
      vertex 400 -321 180
    endloop
  endfacet
  facet normal 1 0 0
    outer loop
      vertex 400 -321 130
      vertex 400 -325 180
      vertex 400 -325 130
    endloop
  endfacet
  facet normal 0 0 -1
    outer loop
      vertex 300 321 130
      vertex 400 325 130
      vertex 400 321 130
    endloop
  endfacet
  facet normal -0 0 -1
    outer loop
      vertex 400 325 130
      vertex 300 321 130
      vertex 300 325 130
    endloop
  endfacet
  facet normal -1 0 0
    outer loop
      vertex 300 -325 180
      vertex 300 -321 130
      vertex 300 -325 130
    endloop
  endfacet
  facet normal -1 0 0
    outer loop
      vertex 300 321 130
      vertex 300 325 180
      vertex 300 325 130
    endloop
  endfacet
  facet normal -1 -0 0
    outer loop
      vertex 300 325 180
      vertex 300 321 130
      vertex 300 325 280
    endloop
  endfacet
  facet normal -1 -0 0
    outer loop
      vertex 300 325 280
      vertex 300 321 130
      vertex 300 321 1998
    endloop
  endfacet
  facet normal -1 0 0
    outer loop
      vertex 300 325 280
      vertex 300 321 1998
      vertex 300 325 2002
    endloop
  endfacet
  facet normal -1 0 0
    outer loop
      vertex 300 -321 1998
      vertex 300 325 2002
      vertex 300 321 1998
    endloop
  endfacet
  facet normal -1 0 0
    outer loop
      vertex 300 -325 280
      vertex 300 -321 130
      vertex 300 -325 180
    endloop
  endfacet
  facet normal -1 0 0
    outer loop
      vertex 300 -321 130
      vertex 300 -325 280
      vertex 300 -321 1998
    endloop
  endfacet
  facet normal -1 0 0
    outer loop
      vertex 300 -321 1998
      vertex 300 -325 2002
      vertex 300 325 2002
    endloop
  endfacet
  facet normal -1 0 0
    outer loop
      vertex 300 -325 2002
      vertex 300 -321 1998
      vertex 300 -325 280
    endloop
  endfacet
  facet normal -1 0 0
    outer loop
      vertex 300 325 180
      vertex 300 329 280
      vertex 300 329 180
    endloop
  endfacet
  facet normal -1 -0 0
    outer loop
      vertex 300 329 280
      vertex 300 325 180
      vertex 300 325 280
    endloop
  endfacet
  facet normal -1 0 0
    outer loop
      vertex 300 -329 180
      vertex 300 -325 280
      vertex 300 -325 180
    endloop
  endfacet
  facet normal -1 -0 0
    outer loop
      vertex 300 -325 280
      vertex 300 -329 180
      vertex 300 -329 280
    endloop
  endfacet
  facet normal 0 1 -0
    outer loop
      vertex 400 325 280
      vertex 300 325 2002
      vertex 400 325 2002
    endloop
  endfacet
  facet normal 0 1 0
    outer loop
      vertex 300 325 2002
      vertex 400 325 280
      vertex 300 325 280
    endloop
  endfacet
  facet normal 0 1 -0
    outer loop
      vertex 400 325 130
      vertex 300 325 180
      vertex 400 325 180
    endloop
  endfacet
  facet normal 0 1 0
    outer loop
      vertex 300 325 180
      vertex 400 325 130
      vertex 300 325 130
    endloop
  endfacet
  facet normal 0 -1 0
    outer loop
      vertex 300 321 1998
      vertex 398 321 280
      vertex 400 321 1998
    endloop
  endfacet
  facet normal 0 -1 0
    outer loop
      vertex 300 321 130
      vertex 398 321 280
      vertex 300 321 1998
    endloop
  endfacet
  facet normal 0 -1 -0
    outer loop
      vertex 398 321 280
      vertex 300 321 130
      vertex 398 321 180
    endloop
  endfacet
  facet normal 0 -1 0
    outer loop
      vertex 400 321 130
      vertex 398 321 180
      vertex 300 321 130
    endloop
  endfacet
  facet normal 0 -1 0
    outer loop
      vertex 398 321 180
      vertex 400 321 130
      vertex 400 321 180
    endloop
  endfacet
  facet normal 0 -1 -0
    outer loop
      vertex 400 321 1998
      vertex 398 321 280
      vertex 400 321 280
    endloop
  endfacet
  facet normal 0 0 -1
    outer loop
      vertex 300 -325 130
      vertex 400 -321 130
      vertex 400 -325 130
    endloop
  endfacet
  facet normal -0 0 -1
    outer loop
      vertex 400 -321 130
      vertex 300 -325 130
      vertex 300 -321 130
    endloop
  endfacet
  facet normal 0 1 0
    outer loop
      vertex 400 -321 180
      vertex 400 -321 130
      vertex 398 -321 180
    endloop
  endfacet
  facet normal 0 1 0
    outer loop
      vertex 398 -321 280
      vertex 400 -321 1998
      vertex 400 -321 280
    endloop
  endfacet
  facet normal 0 1 0
    outer loop
      vertex 400 -321 1998
      vertex 398 -321 280
      vertex 300 -321 1998
    endloop
  endfacet
  facet normal 0 1 0
    outer loop
      vertex 300 -321 130
      vertex 398 -321 280
      vertex 398 -321 180
    endloop
  endfacet
  facet normal 0 1 0
    outer loop
      vertex 300 -321 130
      vertex 398 -321 180
      vertex 400 -321 130
    endloop
  endfacet
  facet normal 0 1 0
    outer loop
      vertex 398 -321 280
      vertex 300 -321 130
      vertex 300 -321 1998
    endloop
  endfacet
  facet normal 0 -1 0
    outer loop
      vertex 300 -325 280
      vertex 400 -325 2002
      vertex 300 -325 2002
    endloop
  endfacet
  facet normal 0 -1 -0
    outer loop
      vertex 400 -325 2002
      vertex 300 -325 280
      vertex 400 -325 280
    endloop
  endfacet
  facet normal 0 -1 0
    outer loop
      vertex 300 -325 130
      vertex 400 -325 180
      vertex 300 -325 180
    endloop
  endfacet
  facet normal 0 -1 -0
    outer loop
      vertex 400 -325 180
      vertex 300 -325 130
      vertex 400 -325 130
    endloop
  endfacet
  facet normal -0 0 1
    outer loop
      vertex 300 325 2002
      vertex 400 -325 2002
      vertex 400 325 2002
    endloop
  endfacet
  facet normal 0 0 1
    outer loop
      vertex 400 -325 2002
      vertex 300 325 2002
      vertex 300 -325 2002
    endloop
  endfacet
  facet normal 0 0 -1
    outer loop
      vertex 300 -321 1998
      vertex 400 321 1998
      vertex 400 -321 1998
    endloop
  endfacet
  facet normal -0 0 -1
    outer loop
      vertex 400 321 1998
      vertex 300 -321 1998
      vertex 300 321 1998
    endloop
  endfacet
  facet normal 1 -0 0
    outer loop
      vertex 400 325 280
      vertex 400 329 180
      vertex 400 329 280
    endloop
  endfacet
  facet normal 1 0 0
    outer loop
      vertex 400 329 180
      vertex 400 325 280
      vertex 400 325 180
    endloop
  endfacet
  facet normal -0 0 1
    outer loop
      vertex 398 -300 280
      vertex 400 -321 280
      vertex 400 -300 280
    endloop
  endfacet
  facet normal 0 0 1
    outer loop
      vertex 400 -321 280
      vertex 398 -300 280
      vertex 398 -321 280
    endloop
  endfacet
  facet normal -0 0 1
    outer loop
      vertex 398 280 280
      vertex 400 -280 280
      vertex 400 280 280
    endloop
  endfacet
  facet normal 0 0 1
    outer loop
      vertex 400 -280 280
      vertex 398 280 280
      vertex 398 -280 280
    endloop
  endfacet
  facet normal -0 0 1
    outer loop
      vertex 398 321 280
      vertex 400 300 280
      vertex 400 321 280
    endloop
  endfacet
  facet normal 0 0 1
    outer loop
      vertex 400 300 280
      vertex 398 321 280
      vertex 398 300 280
    endloop
  endfacet
  facet normal 0 0 1
    outer loop
      vertex 400 321 280
      vertex 402 325 280
      vertex 400 325 280
    endloop
  endfacet
  facet normal 0 0 1
    outer loop
      vertex 400 300 280
      vertex 402 325 280
      vertex 400 321 280
    endloop
  endfacet
  facet normal 0 0 1
    outer loop
      vertex 400 280 280
      vertex 402 325 280
      vertex 400 300 280
    endloop
  endfacet
  facet normal 0 0 1
    outer loop
      vertex 402 325 280
      vertex 400 280 280
      vertex 402 -325 280
    endloop
  endfacet
  facet normal -0 0 1
    outer loop
      vertex 400 -280 280
      vertex 402 -325 280
      vertex 400 280 280
    endloop
  endfacet
  facet normal -0 0 1
    outer loop
      vertex 400 -300 280
      vertex 402 -325 280
      vertex 400 -280 280
    endloop
  endfacet
  facet normal -0 0 1
    outer loop
      vertex 400 -321 280
      vertex 402 -325 280
      vertex 400 -300 280
    endloop
  endfacet
  facet normal 0 0 1
    outer loop
      vertex 402 -325 280
      vertex 400 -321 280
      vertex 400 -325 280
    endloop
  endfacet
  facet normal -0 0 1
    outer loop
      vertex 398 298.8 280
      vertex 398.8 281.2 280
      vertex 398.8 298.8 280
    endloop
  endfacet
  facet normal 0 0 1
    outer loop
      vertex 398.8 281.2 280
      vertex 398 298.8 280
      vertex 398 281.2 280
    endloop
  endfacet
  facet normal -0 0 1
    outer loop
      vertex 398 -281.2 280
      vertex 398.8 -298.8 280
      vertex 398.8 -281.2 280
    endloop
  endfacet
  facet normal 0 0 1
    outer loop
      vertex 398.8 -298.8 280
      vertex 398 -281.2 280
      vertex 398 -298.8 280
    endloop
  endfacet
  facet normal -0 0 1
    outer loop
      vertex 300 329 280
      vertex 400 325 280
      vertex 400 329 280
    endloop
  endfacet
  facet normal 0 0 1
    outer loop
      vertex 400 325 280
      vertex 300 329 280
      vertex 300 325 280
    endloop
  endfacet
  facet normal -0 0 1
    outer loop
      vertex 300 -325 280
      vertex 400 -329 280
      vertex 400 -325 280
    endloop
  endfacet
  facet normal 0 0 1
    outer loop
      vertex 400 -329 280
      vertex 300 -325 280
      vertex 300 -329 280
    endloop
  endfacet
  facet normal 0 0 -1
    outer loop
      vertex 400 321 180
      vertex 402 312.5 180
      vertex 400 312.5 180
    endloop
  endfacet
  facet normal 0 0 -1
    outer loop
      vertex 402 312.5 180
      vertex 400 321 180
      vertex 402 325 180
    endloop
  endfacet
  facet normal -0 0 -1
    outer loop
      vertex 402 325 180
      vertex 400 321 180
      vertex 400 325 180
    endloop
  endfacet
  facet normal 0 0 -1
    outer loop
      vertex 398 300 180
      vertex 400 312.5 180
      vertex 400 300 180
    endloop
  endfacet
  facet normal 0 0 -1
    outer loop
      vertex 398 321 180
      vertex 400 312.5 180
      vertex 398 300 180
    endloop
  endfacet
  facet normal 0 0 -1
    outer loop
      vertex 400 312.5 180
      vertex 398 321 180
      vertex 400 321 180
    endloop
  endfacet
  facet normal 0 0 -1
    outer loop
      vertex 400 -321 180
      vertex 402 -325 180
      vertex 400 -325 180
    endloop
  endfacet
  facet normal 0 0 -1
    outer loop
      vertex 402 -325 180
      vertex 400 -321 180
      vertex 402 -312.5 180
    endloop
  endfacet
  facet normal 0 0 -1
    outer loop
      vertex 400 -321 180
      vertex 400 -312.5 180
      vertex 402 -312.5 180
    endloop
  endfacet
  facet normal 0 0 -1
    outer loop
      vertex 398 -321 180
      vertex 400 -312.5 180
      vertex 400 -321 180
    endloop
  endfacet
  facet normal 0 0 -1
    outer loop
      vertex 398 -300 180
      vertex 400 -312.5 180
      vertex 398 -321 180
    endloop
  endfacet
  facet normal 0 0 -1
    outer loop
      vertex 400 -312.5 180
      vertex 398 -300 180
      vertex 400 -300 180
    endloop
  endfacet
  facet normal 0 0 -1
    outer loop
      vertex 398 -280 180
      vertex 400 -237.5 180
      vertex 400 -280 180
    endloop
  endfacet
  facet normal -0 0 -1
    outer loop
      vertex 400 -237.5 180
      vertex 398 -280 180
      vertex 400 237.5 180
    endloop
  endfacet
  facet normal 0 0 -1
    outer loop
      vertex 398 280 180
      vertex 400 237.5 180
      vertex 398 -280 180
    endloop
  endfacet
  facet normal 0 0 -1
    outer loop
      vertex 400 237.5 180
      vertex 398 280 180
      vertex 400 280 180
    endloop
  endfacet
  facet normal 0 0 -1
    outer loop
      vertex 400 -237.5 180
      vertex 402 237.5 180
      vertex 402 -237.5 180
    endloop
  endfacet
  facet normal -0 0 -1
    outer loop
      vertex 402 237.5 180
      vertex 400 -237.5 180
      vertex 400 237.5 180
    endloop
  endfacet
  facet normal 0 0 -1
    outer loop
      vertex 398 281.2 180
      vertex 398.8 298.8 180
      vertex 398.8 281.2 180
    endloop
  endfacet
  facet normal -0 0 -1
    outer loop
      vertex 398.8 298.8 180
      vertex 398 281.2 180
      vertex 398 298.8 180
    endloop
  endfacet
  facet normal 0 0 -1
    outer loop
      vertex 398 -298.8 180
      vertex 398.8 -281.2 180
      vertex 398.8 -298.8 180
    endloop
  endfacet
  facet normal -0 0 -1
    outer loop
      vertex 398.8 -281.2 180
      vertex 398 -298.8 180
      vertex 398 -281.2 180
    endloop
  endfacet
  facet normal 0 0 -1
    outer loop
      vertex 300 325 180
      vertex 400 329 180
      vertex 400 325 180
    endloop
  endfacet
  facet normal -0 0 -1
    outer loop
      vertex 400 329 180
      vertex 300 325 180
      vertex 300 329 180
    endloop
  endfacet
  facet normal 0 0 -1
    outer loop
      vertex 300 -329 180
      vertex 400 -325 180
      vertex 400 -329 180
    endloop
  endfacet
  facet normal -0 0 -1
    outer loop
      vertex 400 -325 180
      vertex 300 -329 180
      vertex 300 -325 180
    endloop
  endfacet
  facet normal 0 1 -0
    outer loop
      vertex 400 329 180
      vertex 300 329 280
      vertex 400 329 280
    endloop
  endfacet
  facet normal 0 1 0
    outer loop
      vertex 300 329 280
      vertex 400 329 180
      vertex 300 329 180
    endloop
  endfacet
  facet normal 0 1 -0
    outer loop
      vertex 402 325 180
      vertex 400 325 280
      vertex 402 325 280
    endloop
  endfacet
  facet normal 0 1 0
    outer loop
      vertex 400 325 280
      vertex 402 325 180
      vertex 400 325 180
    endloop
  endfacet
  facet normal 1 -0 0
    outer loop
      vertex 400 -329 280
      vertex 400 -325 180
      vertex 400 -325 280
    endloop
  endfacet
  facet normal 1 0 0
    outer loop
      vertex 400 -325 180
      vertex 400 -329 280
      vertex 400 -329 180
    endloop
  endfacet
  facet normal 0 -1 0
    outer loop
      vertex 400 -325 180
      vertex 402 -325 280
      vertex 400 -325 280
    endloop
  endfacet
  facet normal 0 -1 -0
    outer loop
      vertex 402 -325 280
      vertex 400 -325 180
      vertex 402 -325 180
    endloop
  endfacet
  facet normal 0 -1 0
    outer loop
      vertex 300 -329 180
      vertex 400 -329 280
      vertex 300 -329 280
    endloop
  endfacet
  facet normal 0 -1 -0
    outer loop
      vertex 400 -329 280
      vertex 300 -329 180
      vertex 400 -329 180
    endloop
  endfacet
  facet normal 1 0 0
    outer loop
      vertex 402 325 280
      vertex 402 312.5 253
      vertex 402 325 180
    endloop
  endfacet
  facet normal 1 0 0
    outer loop
      vertex 402 325 280
      vertex 402 237.5 253
      vertex 402 312.5 253
    endloop
  endfacet
  facet normal 1 0 0
    outer loop
      vertex 402 237.5 253
      vertex 402 -237.5 253
      vertex 402 237.5 180
    endloop
  endfacet
  facet normal 1 0 0
    outer loop
      vertex 402 325 280
      vertex 402 -237.5 253
      vertex 402 237.5 253
    endloop
  endfacet
  facet normal 1 -0 0
    outer loop
      vertex 402 -325 280
      vertex 402 -237.5 253
      vertex 402 325 280
    endloop
  endfacet
  facet normal 1 0 0
    outer loop
      vertex 402 -237.5 253
      vertex 402 -325 280
      vertex 402 -312.5 253
    endloop
  endfacet
  facet normal 1 0 0
    outer loop
      vertex 402 -325 180
      vertex 402 -312.5 253
      vertex 402 -325 280
    endloop
  endfacet
  facet normal 1 0 0
    outer loop
      vertex 402 -312.5 253
      vertex 402 -325 180
      vertex 402 -312.5 180
    endloop
  endfacet
  facet normal 1 0 0
    outer loop
      vertex 402 325 180
      vertex 402 312.5 253
      vertex 402 312.5 180
    endloop
  endfacet
  facet normal 1 0 0
    outer loop
      vertex 402 237.5 180
      vertex 402 -237.5 253
      vertex 402 -237.5 180
    endloop
  endfacet
  facet normal -1 0 0
    outer loop
      vertex 398 300 180
      vertex 398 321 280
      vertex 398 321 180
    endloop
  endfacet
  facet normal -1 -0 0
    outer loop
      vertex 398 321 280
      vertex 398 300 180
      vertex 398 300 280
    endloop
  endfacet
  facet normal -1 0 0
    outer loop
      vertex 398 -321 180
      vertex 398 -300 280
      vertex 398 -300 180
    endloop
  endfacet
  facet normal -1 -0 0
    outer loop
      vertex 398 -300 280
      vertex 398 -321 180
      vertex 398 -321 280
    endloop
  endfacet
  facet normal -1 0 0
    outer loop
      vertex 398 -280 180
      vertex 398 280 280
      vertex 398 280 180
    endloop
  endfacet
  facet normal -1 -0 0
    outer loop
      vertex 398 280 280
      vertex 398 -280 180
      vertex 398 -280 280
    endloop
  endfacet
  facet normal -1 0 0
    outer loop
      vertex 398 281.2 180
      vertex 398 298.8 280
      vertex 398 298.8 180
    endloop
  endfacet
  facet normal -1 -0 0
    outer loop
      vertex 398 298.8 280
      vertex 398 281.2 180
      vertex 398 281.2 280
    endloop
  endfacet
  facet normal -1 0 0
    outer loop
      vertex 398 -298.8 180
      vertex 398 -281.2 280
      vertex 398 -281.2 180
    endloop
  endfacet
  facet normal -1 -0 0
    outer loop
      vertex 398 -281.2 280
      vertex 398 -298.8 180
      vertex 398 -298.8 280
    endloop
  endfacet
  facet normal 1 -0 0
    outer loop
      vertex 404 237.5 253
      vertex 404 312.5 180
      vertex 404 312.5 253
    endloop
  endfacet
  facet normal 1 0 0
    outer loop
      vertex 404 312.5 180
      vertex 404 237.5 253
      vertex 404 237.5 180
    endloop
  endfacet
  facet normal -0 0 1
    outer loop
      vertex 402 312.5 253
      vertex 404 237.5 253
      vertex 404 312.5 253
    endloop
  endfacet
  facet normal 0 0 1
    outer loop
      vertex 404 237.5 253
      vertex 402 312.5 253
      vertex 402 237.5 253
    endloop
  endfacet
  facet normal 0 1 -0
    outer loop
      vertex 1100 312.5 176
      vertex 404 312.5 180
      vertex 1100 312.5 180
    endloop
  endfacet
  facet normal 0 1 0
    outer loop
      vertex 400 312.5 176
      vertex 404 312.5 180
      vertex 1100 312.5 176
    endloop
  endfacet
  facet normal 0 1 0
    outer loop
      vertex 404 312.5 180
      vertex 400 312.5 176
      vertex 402 312.5 180
    endloop
  endfacet
  facet normal 0 1 0
    outer loop
      vertex 402 312.5 180
      vertex 400 312.5 176
      vertex 400 312.5 180
    endloop
  endfacet
  facet normal 0 1 -0
    outer loop
      vertex 404 312.5 180
      vertex 402 312.5 253
      vertex 404 312.5 253
    endloop
  endfacet
  facet normal 0 1 0
    outer loop
      vertex 402 312.5 253
      vertex 404 312.5 180
      vertex 402 312.5 180
    endloop
  endfacet
  facet normal 0 -1 0
    outer loop
      vertex 400 237.5 176
      vertex 402 237.5 180
      vertex 400 237.5 180
    endloop
  endfacet
  facet normal 0 -1 -0
    outer loop
      vertex 402 237.5 180
      vertex 400 237.5 176
      vertex 404 237.5 180
    endloop
  endfacet
  facet normal 0 -1 0
    outer loop
      vertex 1100 237.5 176
      vertex 404 237.5 180
      vertex 400 237.5 176
    endloop
  endfacet
  facet normal 0 -1 0
    outer loop
      vertex 404 237.5 180
      vertex 1100 237.5 176
      vertex 1100 237.5 180
    endloop
  endfacet
  facet normal 0 -1 0
    outer loop
      vertex 402 237.5 180
      vertex 404 237.5 253
      vertex 402 237.5 253
    endloop
  endfacet
  facet normal 0 -1 -0
    outer loop
      vertex 404 237.5 253
      vertex 402 237.5 180
      vertex 404 237.5 180
    endloop
  endfacet
  facet normal 1 -0 0
    outer loop
      vertex 1100 237.5 180
      vertex 1100 312.5 176
      vertex 1100 312.5 180
    endloop
  endfacet
  facet normal 1 0 0
    outer loop
      vertex 1100 312.5 176
      vertex 1100 237.5 180
      vertex 1100 237.5 176
    endloop
  endfacet
  facet normal -0 0 1
    outer loop
      vertex 404 312.5 180
      vertex 1100 237.5 180
      vertex 1100 312.5 180
    endloop
  endfacet
  facet normal 0 0 1
    outer loop
      vertex 1100 237.5 180
      vertex 404 312.5 180
      vertex 404 237.5 180
    endloop
  endfacet
  facet normal 0 0 -1
    outer loop
      vertex 400 280 176
      vertex 1100 237.5 176
      vertex 400 237.5 176
    endloop
  endfacet
  facet normal 0 0 -1
    outer loop
      vertex 1100 237.5 176
      vertex 400 280 176
      vertex 1100 312.5 176
    endloop
  endfacet
  facet normal 0 0 -1
    outer loop
      vertex 400 300 176
      vertex 1100 312.5 176
      vertex 400 280 176
    endloop
  endfacet
  facet normal -0 0 -1
    outer loop
      vertex 1100 312.5 176
      vertex 400 300 176
      vertex 400 312.5 176
    endloop
  endfacet
  facet normal 1 -0 0
    outer loop
      vertex 404 -312.5 253
      vertex 404 -237.5 180
      vertex 404 -237.5 253
    endloop
  endfacet
  facet normal 1 0 0
    outer loop
      vertex 404 -237.5 180
      vertex 404 -312.5 253
      vertex 404 -312.5 180
    endloop
  endfacet
  facet normal -0 0 1
    outer loop
      vertex 402 -237.5 253
      vertex 404 -312.5 253
      vertex 404 -237.5 253
    endloop
  endfacet
  facet normal 0 0 1
    outer loop
      vertex 404 -312.5 253
      vertex 402 -237.5 253
      vertex 402 -312.5 253
    endloop
  endfacet
  facet normal 0 1 -0
    outer loop
      vertex 1100 -237.5 176
      vertex 404 -237.5 180
      vertex 1100 -237.5 180
    endloop
  endfacet
  facet normal 0 1 0
    outer loop
      vertex 400 -237.5 176
      vertex 404 -237.5 180
      vertex 1100 -237.5 176
    endloop
  endfacet
  facet normal 0 1 0
    outer loop
      vertex 404 -237.5 180
      vertex 400 -237.5 176
      vertex 402 -237.5 180
    endloop
  endfacet
  facet normal 0 1 0
    outer loop
      vertex 402 -237.5 180
      vertex 400 -237.5 176
      vertex 400 -237.5 180
    endloop
  endfacet
  facet normal 0 1 -0
    outer loop
      vertex 404 -237.5 180
      vertex 402 -237.5 253
      vertex 404 -237.5 253
    endloop
  endfacet
  facet normal 0 1 0
    outer loop
      vertex 402 -237.5 253
      vertex 404 -237.5 180
      vertex 402 -237.5 180
    endloop
  endfacet
  facet normal 0 -1 0
    outer loop
      vertex 400 -312.5 176
      vertex 402 -312.5 180
      vertex 400 -312.5 180
    endloop
  endfacet
  facet normal 0 -1 -0
    outer loop
      vertex 402 -312.5 180
      vertex 400 -312.5 176
      vertex 404 -312.5 180
    endloop
  endfacet
  facet normal 0 -1 0
    outer loop
      vertex 1100 -312.5 176
      vertex 404 -312.5 180
      vertex 400 -312.5 176
    endloop
  endfacet
  facet normal 0 -1 0
    outer loop
      vertex 404 -312.5 180
      vertex 1100 -312.5 176
      vertex 1100 -312.5 180
    endloop
  endfacet
  facet normal 0 -1 0
    outer loop
      vertex 402 -312.5 180
      vertex 404 -312.5 253
      vertex 402 -312.5 253
    endloop
  endfacet
  facet normal 0 -1 -0
    outer loop
      vertex 404 -312.5 253
      vertex 402 -312.5 180
      vertex 404 -312.5 180
    endloop
  endfacet
  facet normal 1 -0 0
    outer loop
      vertex 1100 -312.5 180
      vertex 1100 -237.5 176
      vertex 1100 -237.5 180
    endloop
  endfacet
  facet normal 1 0 0
    outer loop
      vertex 1100 -237.5 176
      vertex 1100 -312.5 180
      vertex 1100 -312.5 176
    endloop
  endfacet
  facet normal -0 0 1
    outer loop
      vertex 404 -237.5 180
      vertex 1100 -312.5 180
      vertex 1100 -237.5 180
    endloop
  endfacet
  facet normal 0 0 1
    outer loop
      vertex 1100 -312.5 180
      vertex 404 -237.5 180
      vertex 404 -312.5 180
    endloop
  endfacet
  facet normal 0 0 -1
    outer loop
      vertex 400 -300 176
      vertex 1100 -312.5 176
      vertex 400 -312.5 176
    endloop
  endfacet
  facet normal 0 0 -1
    outer loop
      vertex 400 -280 176
      vertex 1100 -312.5 176
      vertex 400 -300 176
    endloop
  endfacet
  facet normal 0 0 -1
    outer loop
      vertex 1100 -312.5 176
      vertex 400 -280 176
      vertex 1100 -237.5 176
    endloop
  endfacet
  facet normal -0 0 -1
    outer loop
      vertex 1100 -237.5 176
      vertex 400 -280 176
      vertex 400 -237.5 176
    endloop
  endfacet
endsolid OpenSCAD_Model
