solid OpenSCAD_Model
  facet normal -0.743092 0 -0.669189
    outer loop
      vertex -316.691 -278.125 52.5686
      vertex -318.09 -272.5 54.1221
      vertex -316.691 -272.5 52.5686
    endloop
  endfacet
  facet normal -0.743092 -0 -0.669189
    outer loop
      vertex -318.09 -272.5 54.1221
      vertex -316.691 -278.125 52.5686
      vertex -318.09 -278.125 54.1221
    endloop
  endfacet
  facet normal -0.743092 0 -0.669189
    outer loop
      vertex -316.691 -227.5 52.5686
      vertex -318.09 -221.875 54.1221
      vertex -316.691 -221.875 52.5686
    endloop
  endfacet
  facet normal -0.743092 -0 -0.669189
    outer loop
      vertex -318.09 -221.875 54.1221
      vertex -316.691 -227.5 52.5686
      vertex -318.09 -227.5 54.1221
    endloop
  endfacet
  facet normal 0.951062 -0 0.309001
    outer loop
      vertex -300.865 -227.5 64.0674
      vertex -300.219 -221.875 62.0791
      vertex -300.865 -221.875 64.0674
    endloop
  endfacet
  facet normal 0.951062 0 0.309001
    outer loop
      vertex -300.219 -221.875 62.0791
      vertex -300.865 -227.5 64.0674
      vertex -300.219 -227.5 62.0791
    endloop
  endfacet
  facet normal 0.951062 -0 0.309001
    outer loop
      vertex -300.865 -278.125 64.0674
      vertex -300.219 -272.5 62.0791
      vertex -300.865 -272.5 64.0674
    endloop
  endfacet
  facet normal 0.951062 0 0.309001
    outer loop
      vertex -300.219 -272.5 62.0791
      vertex -300.865 -278.125 64.0674
      vertex -300.219 -278.125 62.0791
    endloop
  endfacet
  facet normal 0.994498 -0 0.104755
    outer loop
      vertex -300.219 -227.5 62.0791
      vertex -300 -221.875 60
      vertex -300.219 -221.875 62.0791
    endloop
  endfacet
  facet normal 0.994498 0 0.104755
    outer loop
      vertex -300 -221.875 60
      vertex -300.219 -227.5 62.0791
      vertex -300 -227.5 60
    endloop
  endfacet
  facet normal 0.994498 -0 0.104755
    outer loop
      vertex -300.219 -278.125 62.0791
      vertex -300 -272.5 60
      vertex -300.219 -272.5 62.0791
    endloop
  endfacet
  facet normal 0.994498 0 0.104755
    outer loop
      vertex -300 -272.5 60
      vertex -300.219 -278.125 62.0791
      vertex -300 -278.125 60
    endloop
  endfacet
  facet normal 0.866086 -0 0.499895
    outer loop
      vertex -301.91 -227.5 65.8779
      vertex -300.865 -221.875 64.0674
      vertex -301.91 -221.875 65.8779
    endloop
  endfacet
  facet normal 0.866086 0 0.499895
    outer loop
      vertex -300.865 -221.875 64.0674
      vertex -301.91 -227.5 65.8779
      vertex -300.865 -227.5 64.0674
    endloop
  endfacet
  facet normal 0.866086 -0 0.499895
    outer loop
      vertex -301.91 -278.125 65.8779
      vertex -300.865 -272.5 64.0674
      vertex -301.91 -272.5 65.8779
    endloop
  endfacet
  facet normal 0.866086 0 0.499895
    outer loop
      vertex -300.865 -272.5 64.0674
      vertex -301.91 -278.125 65.8779
      vertex -300.865 -278.125 64.0674
    endloop
  endfacet
  facet normal 0.951062 0 -0.309001
    outer loop
      vertex -300.219 -278.125 57.9209
      vertex -300.865 -272.5 55.9326
      vertex -300.219 -272.5 57.9209
    endloop
  endfacet
  facet normal 0.951062 0 -0.309001
    outer loop
      vertex -300.865 -272.5 55.9326
      vertex -300.219 -278.125 57.9209
      vertex -300.865 -278.125 55.9326
    endloop
  endfacet
  facet normal 0.951062 0 -0.309001
    outer loop
      vertex -300.219 -227.5 57.9209
      vertex -300.865 -221.875 55.9326
      vertex -300.219 -221.875 57.9209
    endloop
  endfacet
  facet normal 0.951062 0 -0.309001
    outer loop
      vertex -300.865 -221.875 55.9326
      vertex -300.219 -227.5 57.9209
      vertex -300.865 -227.5 55.9326
    endloop
  endfacet
  facet normal 0.587884 0 -0.808945
    outer loop
      vertex -305 -278.125 51.3397
      vertex -303.309 -272.5 52.5686
      vertex -303.309 -278.125 52.5686
    endloop
  endfacet
  facet normal 0.587884 0 -0.808945
    outer loop
      vertex -303.309 -272.5 52.5686
      vertex -305 -278.125 51.3397
      vertex -305 -272.5 51.3397
    endloop
  endfacet
  facet normal 0.587884 0 -0.808945
    outer loop
      vertex -305 -227.5 51.3397
      vertex -303.309 -221.875 52.5686
      vertex -303.309 -227.5 52.5686
    endloop
  endfacet
  facet normal 0.587884 0 -0.808945
    outer loop
      vertex -303.309 -221.875 52.5686
      vertex -305 -227.5 51.3397
      vertex -305 -221.875 51.3397
    endloop
  endfacet
  facet normal 0.743092 0 -0.669189
    outer loop
      vertex -301.91 -227.5 54.1221
      vertex -303.309 -221.875 52.5686
      vertex -301.91 -221.875 54.1221
    endloop
  endfacet
  facet normal 0.743092 0 -0.669189
    outer loop
      vertex -303.309 -221.875 52.5686
      vertex -301.91 -227.5 54.1221
      vertex -303.309 -227.5 52.5686
    endloop
  endfacet
  facet normal 0.743092 0 -0.669189
    outer loop
      vertex -301.91 -278.125 54.1221
      vertex -303.309 -272.5 52.5686
      vertex -301.91 -272.5 54.1221
    endloop
  endfacet
  facet normal 0.743092 0 -0.669189
    outer loop
      vertex -303.309 -272.5 52.5686
      vertex -301.91 -278.125 54.1221
      vertex -303.309 -278.125 52.5686
    endloop
  endfacet
  facet normal 0.994498 0 -0.104755
    outer loop
      vertex -300 -227.5 60
      vertex -300.219 -221.875 57.9209
      vertex -300 -221.875 60
    endloop
  endfacet
  facet normal 0.994498 0 -0.104755
    outer loop
      vertex -300.219 -221.875 57.9209
      vertex -300 -227.5 60
      vertex -300.219 -227.5 57.9209
    endloop
  endfacet
  facet normal 0.994498 0 -0.104755
    outer loop
      vertex -300 -278.125 60
      vertex -300.219 -272.5 57.9209
      vertex -300 -272.5 60
    endloop
  endfacet
  facet normal 0.994498 0 -0.104755
    outer loop
      vertex -300.219 -272.5 57.9209
      vertex -300 -278.125 60
      vertex -300.219 -278.125 57.9209
    endloop
  endfacet
  facet normal -0.406702 0 -0.913561
    outer loop
      vertex -315 -278.125 51.3397
      vertex -313.09 -272.5 50.4894
      vertex -313.09 -278.125 50.4894
    endloop
  endfacet
  facet normal -0.406702 0 -0.913561
    outer loop
      vertex -313.09 -272.5 50.4894
      vertex -315 -278.125 51.3397
      vertex -315 -272.5 51.3397
    endloop
  endfacet
  facet normal -0.406702 0 -0.913561
    outer loop
      vertex -315 -227.5 51.3397
      vertex -313.09 -221.875 50.4894
      vertex -313.09 -227.5 50.4894
    endloop
  endfacet
  facet normal -0.406702 0 -0.913561
    outer loop
      vertex -313.09 -221.875 50.4894
      vertex -315 -227.5 51.3397
      vertex -315 -221.875 51.3397
    endloop
  endfacet
  facet normal 0.406702 0 0.913561
    outer loop
      vertex -306.91 -272.5 69.5106
      vertex -305 -278.125 68.6603
      vertex -305 -272.5 68.6603
    endloop
  endfacet
  facet normal 0.406702 0 0.913561
    outer loop
      vertex -305 -278.125 68.6603
      vertex -306.91 -272.5 69.5106
      vertex -306.91 -278.125 69.5106
    endloop
  endfacet
  facet normal 0.406702 0 0.913561
    outer loop
      vertex -306.91 -221.875 69.5106
      vertex -305 -227.5 68.6603
      vertex -305 -221.875 68.6603
    endloop
  endfacet
  facet normal 0.406702 0 0.913561
    outer loop
      vertex -305 -227.5 68.6603
      vertex -306.91 -221.875 69.5106
      vertex -306.91 -227.5 69.5106
    endloop
  endfacet
  facet normal 0.743092 -0 0.669189
    outer loop
      vertex -303.309 -227.5 67.4314
      vertex -301.91 -221.875 65.8779
      vertex -303.309 -221.875 67.4314
    endloop
  endfacet
  facet normal 0.743092 0 0.669189
    outer loop
      vertex -301.91 -221.875 65.8779
      vertex -303.309 -227.5 67.4314
      vertex -301.91 -227.5 65.8779
    endloop
  endfacet
  facet normal 0.743092 -0 0.669189
    outer loop
      vertex -303.309 -278.125 67.4314
      vertex -301.91 -272.5 65.8779
      vertex -303.309 -272.5 67.4314
    endloop
  endfacet
  facet normal 0.743092 0 0.669189
    outer loop
      vertex -301.91 -272.5 65.8779
      vertex -303.309 -278.125 67.4314
      vertex -301.91 -278.125 65.8779
    endloop
  endfacet
  facet normal -0.587884 0 -0.808945
    outer loop
      vertex -316.691 -278.125 52.5686
      vertex -315 -272.5 51.3397
      vertex -315 -278.125 51.3397
    endloop
  endfacet
  facet normal -0.587884 0 -0.808945
    outer loop
      vertex -315 -272.5 51.3397
      vertex -316.691 -278.125 52.5686
      vertex -316.691 -272.5 52.5686
    endloop
  endfacet
  facet normal -0.587884 0 -0.808945
    outer loop
      vertex -316.691 -227.5 52.5686
      vertex -315 -221.875 51.3397
      vertex -315 -227.5 51.3397
    endloop
  endfacet
  facet normal -0.587884 0 -0.808945
    outer loop
      vertex -315 -221.875 51.3397
      vertex -316.691 -227.5 52.5686
      vertex -316.691 -221.875 52.5686
    endloop
  endfacet
  facet normal -0.743092 0 0.669189
    outer loop
      vertex -318.09 -278.125 65.8779
      vertex -316.691 -272.5 67.4314
      vertex -318.09 -272.5 65.8779
    endloop
  endfacet
  facet normal -0.743092 0 0.669189
    outer loop
      vertex -316.691 -272.5 67.4314
      vertex -318.09 -278.125 65.8779
      vertex -316.691 -278.125 67.4314
    endloop
  endfacet
  facet normal -0.743092 0 0.669189
    outer loop
      vertex -318.09 -227.5 65.8779
      vertex -316.691 -221.875 67.4314
      vertex -318.09 -221.875 65.8779
    endloop
  endfacet
  facet normal -0.743092 0 0.669189
    outer loop
      vertex -316.691 -221.875 67.4314
      vertex -318.09 -227.5 65.8779
      vertex -316.691 -227.5 67.4314
    endloop
  endfacet
  facet normal -0 0 1
    outer loop
      vertex -311.045 -221.875 69.9452
      vertex -308.955 -227.5 69.9452
      vertex -308.955 -221.875 69.9452
    endloop
  endfacet
  facet normal 0 0 1
    outer loop
      vertex -308.955 -227.5 69.9452
      vertex -311.045 -221.875 69.9452
      vertex -311.045 -227.5 69.9452
    endloop
  endfacet
  facet normal -0 0 1
    outer loop
      vertex -311.045 -272.5 69.9452
      vertex -308.955 -278.125 69.9452
      vertex -308.955 -272.5 69.9452
    endloop
  endfacet
  facet normal 0 0 1
    outer loop
      vertex -308.955 -278.125 69.9452
      vertex -311.045 -272.5 69.9452
      vertex -311.045 -278.125 69.9452
    endloop
  endfacet
  facet normal 0.406702 0 -0.913561
    outer loop
      vertex -306.91 -278.125 50.4894
      vertex -305 -272.5 51.3397
      vertex -305 -278.125 51.3397
    endloop
  endfacet
  facet normal 0.406702 0 -0.913561
    outer loop
      vertex -305 -272.5 51.3397
      vertex -306.91 -278.125 50.4894
      vertex -306.91 -272.5 50.4894
    endloop
  endfacet
  facet normal 0.406702 0 -0.913561
    outer loop
      vertex -306.91 -227.5 50.4894
      vertex -305 -221.875 51.3397
      vertex -305 -227.5 51.3397
    endloop
  endfacet
  facet normal 0.406702 0 -0.913561
    outer loop
      vertex -305 -221.875 51.3397
      vertex -306.91 -227.5 50.4894
      vertex -306.91 -221.875 50.4894
    endloop
  endfacet
  facet normal 0.207876 0 -0.978155
    outer loop
      vertex -308.955 -278.125 50.0548
      vertex -306.91 -272.5 50.4894
      vertex -306.91 -278.125 50.4894
    endloop
  endfacet
  facet normal 0.207876 0 -0.978155
    outer loop
      vertex -306.91 -272.5 50.4894
      vertex -308.955 -278.125 50.0548
      vertex -308.955 -272.5 50.0548
    endloop
  endfacet
  facet normal 0.207876 0 -0.978155
    outer loop
      vertex -308.955 -227.5 50.0548
      vertex -306.91 -221.875 50.4894
      vertex -306.91 -227.5 50.4894
    endloop
  endfacet
  facet normal 0.207876 0 -0.978155
    outer loop
      vertex -306.91 -221.875 50.4894
      vertex -308.955 -227.5 50.0548
      vertex -308.955 -221.875 50.0548
    endloop
  endfacet
  facet normal -0.951062 0 0.309001
    outer loop
      vertex -319.781 -227.5 62.0791
      vertex -319.135 -221.875 64.0674
      vertex -319.781 -221.875 62.0791
    endloop
  endfacet
  facet normal -0.951062 0 0.309001
    outer loop
      vertex -319.135 -221.875 64.0674
      vertex -319.781 -227.5 62.0791
      vertex -319.135 -227.5 64.0674
    endloop
  endfacet
  facet normal -0.951062 0 0.309001
    outer loop
      vertex -319.781 -278.125 62.0791
      vertex -319.135 -272.5 64.0674
      vertex -319.781 -272.5 62.0791
    endloop
  endfacet
  facet normal -0.951062 0 0.309001
    outer loop
      vertex -319.135 -272.5 64.0674
      vertex -319.781 -278.125 62.0791
      vertex -319.135 -278.125 64.0674
    endloop
  endfacet
  facet normal 0 1 -0
    outer loop
      vertex -308.059 -221.875 67.2444
      vertex -308.955 -221.875 69.9452
      vertex -306.91 -221.875 69.5106
    endloop
  endfacet
  facet normal 0 1 0
    outer loop
      vertex -308.955 -221.875 69.9452
      vertex -310 -221.875 67.5
      vertex -311.045 -221.875 69.9452
    endloop
  endfacet
  facet normal 0 1 -0
    outer loop
      vertex -306.25 -221.875 66.4952
      vertex -306.91 -221.875 69.5106
      vertex -305 -221.875 68.6603
    endloop
  endfacet
  facet normal 0 1 0
    outer loop
      vertex -311.941 -221.875 67.2444
      vertex -311.045 -221.875 69.9452
      vertex -310 -221.875 67.5
    endloop
  endfacet
  facet normal 0 1 0
    outer loop
      vertex -311.045 -221.875 69.9452
      vertex -311.941 -221.875 67.2444
      vertex -313.09 -221.875 69.5106
    endloop
  endfacet
  facet normal 0 1 0
    outer loop
      vertex -306.25 -221.875 66.4952
      vertex -305 -221.875 68.6603
      vertex -303.309 -221.875 67.4314
    endloop
  endfacet
  facet normal 0 1 0
    outer loop
      vertex -308.955 -221.875 69.9452
      vertex -308.059 -221.875 67.2444
      vertex -310 -221.875 67.5
    endloop
  endfacet
  facet normal 0 1 0
    outer loop
      vertex -306.91 -221.875 69.5106
      vertex -306.25 -221.875 66.4952
      vertex -308.059 -221.875 67.2444
    endloop
  endfacet
  facet normal 0 1 0
    outer loop
      vertex -304.697 -221.875 65.3033
      vertex -303.309 -221.875 67.4314
      vertex -301.91 -221.875 65.8779
    endloop
  endfacet
  facet normal 0 1 0
    outer loop
      vertex -303.309 -221.875 67.4314
      vertex -304.697 -221.875 65.3033
      vertex -306.25 -221.875 66.4952
    endloop
  endfacet
  facet normal 0 1 0
    outer loop
      vertex -303.505 -221.875 63.75
      vertex -301.91 -221.875 65.8779
      vertex -300.865 -221.875 64.0674
    endloop
  endfacet
  facet normal 0 1 0
    outer loop
      vertex -301.91 -221.875 65.8779
      vertex -303.505 -221.875 63.75
      vertex -304.697 -221.875 65.3033
    endloop
  endfacet
  facet normal 0 1 0
    outer loop
      vertex -302.756 -221.875 61.9411
      vertex -300.865 -221.875 64.0674
      vertex -300.219 -221.875 62.0791
    endloop
  endfacet
  facet normal 0 1 0
    outer loop
      vertex -300.865 -221.875 64.0674
      vertex -302.756 -221.875 61.9411
      vertex -303.505 -221.875 63.75
    endloop
  endfacet
  facet normal 0 1 0
    outer loop
      vertex -302.5 -221.875 60
      vertex -300.219 -221.875 62.0791
      vertex -300 -221.875 60
    endloop
  endfacet
  facet normal 0 1 0
    outer loop
      vertex -300.219 -221.875 62.0791
      vertex -302.5 -221.875 60
      vertex -302.756 -221.875 61.9411
    endloop
  endfacet
  facet normal 0 1 -0
    outer loop
      vertex -300.219 -221.875 57.9209
      vertex -302.5 -221.875 60
      vertex -300 -221.875 60
    endloop
  endfacet
  facet normal 0 1 0
    outer loop
      vertex -302.5 -221.875 60
      vertex -300.219 -221.875 57.9209
      vertex -302.756 -221.875 58.0589
    endloop
  endfacet
  facet normal 0 1 -0
    outer loop
      vertex -300.865 -221.875 55.9326
      vertex -302.756 -221.875 58.0589
      vertex -300.219 -221.875 57.9209
    endloop
  endfacet
  facet normal 0 1 0
    outer loop
      vertex -302.756 -221.875 58.0589
      vertex -300.865 -221.875 55.9326
      vertex -303.505 -221.875 56.25
    endloop
  endfacet
  facet normal 0 1 -0
    outer loop
      vertex -301.91 -221.875 54.1221
      vertex -303.505 -221.875 56.25
      vertex -300.865 -221.875 55.9326
    endloop
  endfacet
  facet normal 0 1 0
    outer loop
      vertex -303.505 -221.875 56.25
      vertex -301.91 -221.875 54.1221
      vertex -304.697 -221.875 54.6967
    endloop
  endfacet
  facet normal 0 1 -0
    outer loop
      vertex -303.309 -221.875 52.5686
      vertex -304.697 -221.875 54.6967
      vertex -301.91 -221.875 54.1221
    endloop
  endfacet
  facet normal 0 1 0
    outer loop
      vertex -304.697 -221.875 54.6967
      vertex -303.309 -221.875 52.5686
      vertex -306.25 -221.875 53.5048
    endloop
  endfacet
  facet normal 0 1 -0
    outer loop
      vertex -305 -221.875 51.3397
      vertex -306.25 -221.875 53.5048
      vertex -303.309 -221.875 52.5686
    endloop
  endfacet
  facet normal 0 1 0
    outer loop
      vertex -306.91 -221.875 50.4894
      vertex -306.25 -221.875 53.5048
      vertex -305 -221.875 51.3397
    endloop
  endfacet
  facet normal 0 1 0
    outer loop
      vertex -306.25 -221.875 53.5048
      vertex -306.91 -221.875 50.4894
      vertex -308.059 -221.875 52.7556
    endloop
  endfacet
  facet normal 0 1 0
    outer loop
      vertex -313.75 -221.875 66.4952
      vertex -313.09 -221.875 69.5106
      vertex -311.941 -221.875 67.2444
    endloop
  endfacet
  facet normal 0 1 0
    outer loop
      vertex -313.09 -221.875 69.5106
      vertex -313.75 -221.875 66.4952
      vertex -315 -221.875 68.6603
    endloop
  endfacet
  facet normal 0 1 0
    outer loop
      vertex -315 -221.875 68.6603
      vertex -313.75 -221.875 66.4952
      vertex -316.691 -221.875 67.4314
    endloop
  endfacet
  facet normal 0 1 -0
    outer loop
      vertex -315.303 -221.875 65.3033
      vertex -316.691 -221.875 67.4314
      vertex -313.75 -221.875 66.4952
    endloop
  endfacet
  facet normal 0 1 0
    outer loop
      vertex -316.691 -221.875 67.4314
      vertex -315.303 -221.875 65.3033
      vertex -318.09 -221.875 65.8779
    endloop
  endfacet
  facet normal 0 1 -0
    outer loop
      vertex -316.495 -221.875 63.75
      vertex -318.09 -221.875 65.8779
      vertex -315.303 -221.875 65.3033
    endloop
  endfacet
  facet normal 0 1 0
    outer loop
      vertex -318.09 -221.875 65.8779
      vertex -316.495 -221.875 63.75
      vertex -319.135 -221.875 64.0674
    endloop
  endfacet
  facet normal 0 1 -0
    outer loop
      vertex -317.244 -221.875 61.9411
      vertex -319.135 -221.875 64.0674
      vertex -316.495 -221.875 63.75
    endloop
  endfacet
  facet normal 0 1 0
    outer loop
      vertex -319.135 -221.875 64.0674
      vertex -317.244 -221.875 61.9411
      vertex -319.781 -221.875 62.0791
    endloop
  endfacet
  facet normal 0 1 -0
    outer loop
      vertex -317.5 -221.875 60
      vertex -319.781 -221.875 62.0791
      vertex -317.244 -221.875 61.9411
    endloop
  endfacet
  facet normal 0 1 0
    outer loop
      vertex -317.5 -221.875 60
      vertex -320 -221.875 60
      vertex -319.781 -221.875 62.0791
    endloop
  endfacet
  facet normal 0 1 0
    outer loop
      vertex -319.781 -221.875 57.9209
      vertex -317.5 -221.875 60
      vertex -317.244 -221.875 58.0589
    endloop
  endfacet
  facet normal 0 1 0
    outer loop
      vertex -317.5 -221.875 60
      vertex -319.781 -221.875 57.9209
      vertex -320 -221.875 60
    endloop
  endfacet
  facet normal 0 1 0
    outer loop
      vertex -319.135 -221.875 55.9326
      vertex -317.244 -221.875 58.0589
      vertex -316.495 -221.875 56.25
    endloop
  endfacet
  facet normal 0 1 0
    outer loop
      vertex -317.244 -221.875 58.0589
      vertex -319.135 -221.875 55.9326
      vertex -319.781 -221.875 57.9209
    endloop
  endfacet
  facet normal 0 1 0
    outer loop
      vertex -318.09 -221.875 54.1221
      vertex -316.495 -221.875 56.25
      vertex -315.303 -221.875 54.6967
    endloop
  endfacet
  facet normal 0 1 0
    outer loop
      vertex -316.495 -221.875 56.25
      vertex -318.09 -221.875 54.1221
      vertex -319.135 -221.875 55.9326
    endloop
  endfacet
  facet normal 0 1 0
    outer loop
      vertex -316.691 -221.875 52.5686
      vertex -315.303 -221.875 54.6967
      vertex -313.75 -221.875 53.5048
    endloop
  endfacet
  facet normal 0 1 -0
    outer loop
      vertex -313.09 -221.875 50.4894
      vertex -313.75 -221.875 53.5048
      vertex -311.941 -221.875 52.7556
    endloop
  endfacet
  facet normal 0 1 0
    outer loop
      vertex -315.303 -221.875 54.6967
      vertex -316.691 -221.875 52.5686
      vertex -318.09 -221.875 54.1221
    endloop
  endfacet
  facet normal 0 1 -0
    outer loop
      vertex -311.045 -221.875 50.0548
      vertex -311.941 -221.875 52.7556
      vertex -310 -221.875 52.5
    endloop
  endfacet
  facet normal 0 1 0
    outer loop
      vertex -308.955 -221.875 50.0548
      vertex -308.059 -221.875 52.7556
      vertex -306.91 -221.875 50.4894
    endloop
  endfacet
  facet normal 0 1 0
    outer loop
      vertex -313.75 -221.875 53.5048
      vertex -315 -221.875 51.3397
      vertex -316.691 -221.875 52.5686
    endloop
  endfacet
  facet normal 0 1 0
    outer loop
      vertex -308.059 -221.875 52.7556
      vertex -308.955 -221.875 50.0548
      vertex -310 -221.875 52.5
    endloop
  endfacet
  facet normal 0 1 0
    outer loop
      vertex -313.75 -221.875 53.5048
      vertex -313.09 -221.875 50.4894
      vertex -315 -221.875 51.3397
    endloop
  endfacet
  facet normal 0 1 0
    outer loop
      vertex -311.045 -221.875 50.0548
      vertex -310 -221.875 52.5
      vertex -308.955 -221.875 50.0548
    endloop
  endfacet
  facet normal 0 1 0
    outer loop
      vertex -311.941 -221.875 52.7556
      vertex -311.045 -221.875 50.0548
      vertex -313.09 -221.875 50.4894
    endloop
  endfacet
  facet normal -0.951062 0 -0.309001
    outer loop
      vertex -319.135 -278.125 55.9326
      vertex -319.781 -272.5 57.9209
      vertex -319.135 -272.5 55.9326
    endloop
  endfacet
  facet normal -0.951062 -0 -0.309001
    outer loop
      vertex -319.781 -272.5 57.9209
      vertex -319.135 -278.125 55.9326
      vertex -319.781 -278.125 57.9209
    endloop
  endfacet
  facet normal -0.951062 0 -0.309001
    outer loop
      vertex -319.135 -227.5 55.9326
      vertex -319.781 -221.875 57.9209
      vertex -319.135 -221.875 55.9326
    endloop
  endfacet
  facet normal -0.951062 -0 -0.309001
    outer loop
      vertex -319.781 -221.875 57.9209
      vertex -319.135 -227.5 55.9326
      vertex -319.781 -227.5 57.9209
    endloop
  endfacet
  facet normal -0.406702 0 0.913561
    outer loop
      vertex -315 -272.5 68.6603
      vertex -313.09 -278.125 69.5106
      vertex -313.09 -272.5 69.5106
    endloop
  endfacet
  facet normal -0.406702 0 0.913561
    outer loop
      vertex -313.09 -278.125 69.5106
      vertex -315 -272.5 68.6603
      vertex -315 -278.125 68.6603
    endloop
  endfacet
  facet normal -0.406702 0 0.913561
    outer loop
      vertex -315 -221.875 68.6603
      vertex -313.09 -227.5 69.5106
      vertex -313.09 -221.875 69.5106
    endloop
  endfacet
  facet normal -0.406702 0 0.913561
    outer loop
      vertex -313.09 -227.5 69.5106
      vertex -315 -221.875 68.6603
      vertex -315 -227.5 68.6603
    endloop
  endfacet
  facet normal 0 -1 0
    outer loop
      vertex -313.09 -278.125 69.5106
      vertex -308.955 -278.125 69.9452
      vertex -311.045 -278.125 69.9452
    endloop
  endfacet
  facet normal 0 -1 0
    outer loop
      vertex -313.09 -278.125 69.5106
      vertex -306.91 -278.125 69.5106
      vertex -308.955 -278.125 69.9452
    endloop
  endfacet
  facet normal 0 -1 0
    outer loop
      vertex -315 -278.125 68.6603
      vertex -306.91 -278.125 69.5106
      vertex -313.09 -278.125 69.5106
    endloop
  endfacet
  facet normal 0 -1 0
    outer loop
      vertex -315 -278.125 68.6603
      vertex -305 -278.125 68.6603
      vertex -306.91 -278.125 69.5106
    endloop
  endfacet
  facet normal 0 -1 0
    outer loop
      vertex -316.691 -278.125 67.4314
      vertex -305 -278.125 68.6603
      vertex -315 -278.125 68.6603
    endloop
  endfacet
  facet normal 0 -1 0
    outer loop
      vertex -316.691 -278.125 67.4314
      vertex -303.309 -278.125 67.4314
      vertex -305 -278.125 68.6603
    endloop
  endfacet
  facet normal 0 -1 0
    outer loop
      vertex -318.09 -278.125 65.8779
      vertex -303.309 -278.125 67.4314
      vertex -316.691 -278.125 67.4314
    endloop
  endfacet
  facet normal 0 -1 0
    outer loop
      vertex -318.09 -278.125 65.8779
      vertex -301.91 -278.125 65.8779
      vertex -303.309 -278.125 67.4314
    endloop
  endfacet
  facet normal 0 -1 0
    outer loop
      vertex -319.135 -278.125 64.0674
      vertex -301.91 -278.125 65.8779
      vertex -318.09 -278.125 65.8779
    endloop
  endfacet
  facet normal 0 -1 0
    outer loop
      vertex -319.135 -278.125 64.0674
      vertex -300.865 -278.125 64.0674
      vertex -301.91 -278.125 65.8779
    endloop
  endfacet
  facet normal 0 -1 0
    outer loop
      vertex -319.781 -278.125 62.0791
      vertex -300.865 -278.125 64.0674
      vertex -319.135 -278.125 64.0674
    endloop
  endfacet
  facet normal 0 -1 0
    outer loop
      vertex -319.781 -278.125 62.0791
      vertex -300.219 -278.125 62.0791
      vertex -300.865 -278.125 64.0674
    endloop
  endfacet
  facet normal 0 -1 0
    outer loop
      vertex -320 -278.125 60
      vertex -300.219 -278.125 62.0791
      vertex -319.781 -278.125 62.0791
    endloop
  endfacet
  facet normal 0 -1 0
    outer loop
      vertex -320 -278.125 60
      vertex -300 -278.125 60
      vertex -300.219 -278.125 62.0791
    endloop
  endfacet
  facet normal 0 -1 0
    outer loop
      vertex -319.781 -278.125 57.9209
      vertex -300 -278.125 60
      vertex -320 -278.125 60
    endloop
  endfacet
  facet normal 0 -1 0
    outer loop
      vertex -319.781 -278.125 57.9209
      vertex -300.219 -278.125 57.9209
      vertex -300 -278.125 60
    endloop
  endfacet
  facet normal 0 -1 0
    outer loop
      vertex -319.135 -278.125 55.9326
      vertex -300.219 -278.125 57.9209
      vertex -319.781 -278.125 57.9209
    endloop
  endfacet
  facet normal 0 -1 0
    outer loop
      vertex -319.135 -278.125 55.9326
      vertex -300.865 -278.125 55.9326
      vertex -300.219 -278.125 57.9209
    endloop
  endfacet
  facet normal 0 -1 0
    outer loop
      vertex -318.09 -278.125 54.1221
      vertex -300.865 -278.125 55.9326
      vertex -319.135 -278.125 55.9326
    endloop
  endfacet
  facet normal 0 -1 0
    outer loop
      vertex -318.09 -278.125 54.1221
      vertex -301.91 -278.125 54.1221
      vertex -300.865 -278.125 55.9326
    endloop
  endfacet
  facet normal 0 -1 0
    outer loop
      vertex -316.691 -278.125 52.5686
      vertex -301.91 -278.125 54.1221
      vertex -318.09 -278.125 54.1221
    endloop
  endfacet
  facet normal 0 -1 0
    outer loop
      vertex -316.691 -278.125 52.5686
      vertex -303.309 -278.125 52.5686
      vertex -301.91 -278.125 54.1221
    endloop
  endfacet
  facet normal 0 -1 0
    outer loop
      vertex -315 -278.125 51.3397
      vertex -303.309 -278.125 52.5686
      vertex -316.691 -278.125 52.5686
    endloop
  endfacet
  facet normal 0 -1 0
    outer loop
      vertex -315 -278.125 51.3397
      vertex -305 -278.125 51.3397
      vertex -303.309 -278.125 52.5686
    endloop
  endfacet
  facet normal 0 -1 0
    outer loop
      vertex -313.09 -278.125 50.4894
      vertex -305 -278.125 51.3397
      vertex -315 -278.125 51.3397
    endloop
  endfacet
  facet normal 0 -1 0
    outer loop
      vertex -313.09 -278.125 50.4894
      vertex -306.91 -278.125 50.4894
      vertex -305 -278.125 51.3397
    endloop
  endfacet
  facet normal 0 -1 0
    outer loop
      vertex -311.045 -278.125 50.0548
      vertex -306.91 -278.125 50.4894
      vertex -313.09 -278.125 50.4894
    endloop
  endfacet
  facet normal 0 -1 0
    outer loop
      vertex -306.91 -278.125 50.4894
      vertex -311.045 -278.125 50.0548
      vertex -308.955 -278.125 50.0548
    endloop
  endfacet
  facet normal -0.207876 0 -0.978155
    outer loop
      vertex -313.09 -227.5 50.4894
      vertex -311.045 -221.875 50.0548
      vertex -311.045 -227.5 50.0548
    endloop
  endfacet
  facet normal -0.207876 0 -0.978155
    outer loop
      vertex -311.045 -221.875 50.0548
      vertex -313.09 -227.5 50.4894
      vertex -313.09 -221.875 50.4894
    endloop
  endfacet
  facet normal -0.207876 0 -0.978155
    outer loop
      vertex -313.09 -278.125 50.4894
      vertex -311.045 -272.5 50.0548
      vertex -311.045 -278.125 50.0548
    endloop
  endfacet
  facet normal -0.207876 0 -0.978155
    outer loop
      vertex -311.045 -272.5 50.0548
      vertex -313.09 -278.125 50.4894
      vertex -313.09 -272.5 50.4894
    endloop
  endfacet
  facet normal 0.207876 0 0.978155
    outer loop
      vertex -308.955 -272.5 69.9452
      vertex -306.91 -278.125 69.5106
      vertex -306.91 -272.5 69.5106
    endloop
  endfacet
  facet normal 0.207876 0 0.978155
    outer loop
      vertex -306.91 -278.125 69.5106
      vertex -308.955 -272.5 69.9452
      vertex -308.955 -278.125 69.9452
    endloop
  endfacet
  facet normal 0.207876 0 0.978155
    outer loop
      vertex -308.955 -221.875 69.9452
      vertex -306.91 -227.5 69.5106
      vertex -306.91 -221.875 69.5106
    endloop
  endfacet
  facet normal 0.207876 0 0.978155
    outer loop
      vertex -306.91 -227.5 69.5106
      vertex -308.955 -221.875 69.9452
      vertex -308.955 -227.5 69.9452
    endloop
  endfacet
  facet normal -0.994498 0 -0.104755
    outer loop
      vertex -319.781 -278.125 57.9209
      vertex -320 -272.5 60
      vertex -319.781 -272.5 57.9209
    endloop
  endfacet
  facet normal -0.994498 -0 -0.104755
    outer loop
      vertex -320 -272.5 60
      vertex -319.781 -278.125 57.9209
      vertex -320 -278.125 60
    endloop
  endfacet
  facet normal -0.994498 0 -0.104755
    outer loop
      vertex -319.781 -227.5 57.9209
      vertex -320 -221.875 60
      vertex -319.781 -221.875 57.9209
    endloop
  endfacet
  facet normal -0.994498 -0 -0.104755
    outer loop
      vertex -320 -221.875 60
      vertex -319.781 -227.5 57.9209
      vertex -320 -227.5 60
    endloop
  endfacet
  facet normal -0.994498 0 0.104755
    outer loop
      vertex -320 -227.5 60
      vertex -319.781 -221.875 62.0791
      vertex -320 -221.875 60
    endloop
  endfacet
  facet normal -0.994498 0 0.104755
    outer loop
      vertex -319.781 -221.875 62.0791
      vertex -320 -227.5 60
      vertex -319.781 -227.5 62.0791
    endloop
  endfacet
  facet normal -0.994498 0 0.104755
    outer loop
      vertex -320 -278.125 60
      vertex -319.781 -272.5 62.0791
      vertex -320 -272.5 60
    endloop
  endfacet
  facet normal -0.994498 0 0.104755
    outer loop
      vertex -319.781 -272.5 62.0791
      vertex -320 -278.125 60
      vertex -319.781 -278.125 62.0791
    endloop
  endfacet
  facet normal -0.866086 0 -0.499895
    outer loop
      vertex -318.09 -278.125 54.1221
      vertex -319.135 -272.5 55.9326
      vertex -318.09 -272.5 54.1221
    endloop
  endfacet
  facet normal -0.866086 -0 -0.499895
    outer loop
      vertex -319.135 -272.5 55.9326
      vertex -318.09 -278.125 54.1221
      vertex -319.135 -278.125 55.9326
    endloop
  endfacet
  facet normal -0.866086 0 -0.499895
    outer loop
      vertex -318.09 -227.5 54.1221
      vertex -319.135 -221.875 55.9326
      vertex -318.09 -221.875 54.1221
    endloop
  endfacet
  facet normal -0.866086 -0 -0.499895
    outer loop
      vertex -319.135 -221.875 55.9326
      vertex -318.09 -227.5 54.1221
      vertex -319.135 -227.5 55.9326
    endloop
  endfacet
  facet normal -0.866086 0 0.499895
    outer loop
      vertex -319.135 -227.5 64.0674
      vertex -318.09 -221.875 65.8779
      vertex -319.135 -221.875 64.0674
    endloop
  endfacet
  facet normal -0.866086 0 0.499895
    outer loop
      vertex -318.09 -221.875 65.8779
      vertex -319.135 -227.5 64.0674
      vertex -318.09 -227.5 65.8779
    endloop
  endfacet
  facet normal -0.866086 0 0.499895
    outer loop
      vertex -319.135 -278.125 64.0674
      vertex -318.09 -272.5 65.8779
      vertex -319.135 -272.5 64.0674
    endloop
  endfacet
  facet normal -0.866086 0 0.499895
    outer loop
      vertex -318.09 -272.5 65.8779
      vertex -319.135 -278.125 64.0674
      vertex -318.09 -278.125 65.8779
    endloop
  endfacet
  facet normal 0.866086 0 -0.499895
    outer loop
      vertex -300.865 -278.125 55.9326
      vertex -301.91 -272.5 54.1221
      vertex -300.865 -272.5 55.9326
    endloop
  endfacet
  facet normal 0.866086 0 -0.499895
    outer loop
      vertex -301.91 -272.5 54.1221
      vertex -300.865 -278.125 55.9326
      vertex -301.91 -278.125 54.1221
    endloop
  endfacet
  facet normal 0.866086 0 -0.499895
    outer loop
      vertex -300.865 -227.5 55.9326
      vertex -301.91 -221.875 54.1221
      vertex -300.865 -221.875 55.9326
    endloop
  endfacet
  facet normal 0.866086 0 -0.499895
    outer loop
      vertex -301.91 -221.875 54.1221
      vertex -300.865 -227.5 55.9326
      vertex -301.91 -227.5 54.1221
    endloop
  endfacet
  facet normal 0.587884 0 0.808945
    outer loop
      vertex -305 -221.875 68.6603
      vertex -303.309 -227.5 67.4314
      vertex -303.309 -221.875 67.4314
    endloop
  endfacet
  facet normal 0.587884 0 0.808945
    outer loop
      vertex -303.309 -227.5 67.4314
      vertex -305 -221.875 68.6603
      vertex -305 -227.5 68.6603
    endloop
  endfacet
  facet normal 0.587884 0 0.808945
    outer loop
      vertex -305 -272.5 68.6603
      vertex -303.309 -278.125 67.4314
      vertex -303.309 -272.5 67.4314
    endloop
  endfacet
  facet normal 0.587884 0 0.808945
    outer loop
      vertex -303.309 -278.125 67.4314
      vertex -305 -272.5 68.6603
      vertex -305 -278.125 68.6603
    endloop
  endfacet
  facet normal -0.587884 0 0.808945
    outer loop
      vertex -316.691 -272.5 67.4314
      vertex -315 -278.125 68.6603
      vertex -315 -272.5 68.6603
    endloop
  endfacet
  facet normal -0.587884 0 0.808945
    outer loop
      vertex -315 -278.125 68.6603
      vertex -316.691 -272.5 67.4314
      vertex -316.691 -278.125 67.4314
    endloop
  endfacet
  facet normal -0.587884 0 0.808945
    outer loop
      vertex -316.691 -221.875 67.4314
      vertex -315 -227.5 68.6603
      vertex -315 -221.875 68.6603
    endloop
  endfacet
  facet normal -0.587884 0 0.808945
    outer loop
      vertex -315 -227.5 68.6603
      vertex -316.691 -221.875 67.4314
      vertex -316.691 -227.5 67.4314
    endloop
  endfacet
  facet normal -0.207876 0 0.978155
    outer loop
      vertex -313.09 -272.5 69.5106
      vertex -311.045 -278.125 69.9452
      vertex -311.045 -272.5 69.9452
    endloop
  endfacet
  facet normal -0.207876 0 0.978155
    outer loop
      vertex -311.045 -278.125 69.9452
      vertex -313.09 -272.5 69.5106
      vertex -313.09 -278.125 69.5106
    endloop
  endfacet
  facet normal -0.207876 0 0.978155
    outer loop
      vertex -313.09 -221.875 69.5106
      vertex -311.045 -227.5 69.9452
      vertex -311.045 -221.875 69.9452
    endloop
  endfacet
  facet normal -0.207876 0 0.978155
    outer loop
      vertex -311.045 -227.5 69.9452
      vertex -313.09 -221.875 69.5106
      vertex -313.09 -227.5 69.5106
    endloop
  endfacet
  facet normal 0 0 -1
    outer loop
      vertex -311.045 -227.5 50.0548
      vertex -308.955 -221.875 50.0548
      vertex -308.955 -227.5 50.0548
    endloop
  endfacet
  facet normal -0 0 -1
    outer loop
      vertex -308.955 -221.875 50.0548
      vertex -311.045 -227.5 50.0548
      vertex -311.045 -221.875 50.0548
    endloop
  endfacet
  facet normal 0 0 -1
    outer loop
      vertex -311.045 -278.125 50.0548
      vertex -308.955 -272.5 50.0548
      vertex -308.955 -278.125 50.0548
    endloop
  endfacet
  facet normal -0 0 -1
    outer loop
      vertex -308.955 -272.5 50.0548
      vertex -311.045 -278.125 50.0548
      vertex -311.045 -272.5 50.0548
    endloop
  endfacet
  facet normal -0.743153 0 -0.669122
    outer loop
      vertex -350.148 -272.5 15.4113
      vertex -358.541 -227.5 24.7329
      vertex -350.148 -227.5 15.4113
    endloop
  endfacet
  facet normal -0.743153 -0 -0.669122
    outer loop
      vertex -358.541 -227.5 24.7329
      vertex -350.148 -272.5 15.4113
      vertex -358.541 -272.5 24.7329
    endloop
  endfacet
  facet normal 0.95106 -0 0.309008
    outer loop
      vertex -255.187 -272.5 84.4042
      vertex -251.311 -227.5 72.4747
      vertex -255.187 -227.5 84.4042
    endloop
  endfacet
  facet normal 0.95106 0 0.309008
    outer loop
      vertex -251.311 -227.5 72.4747
      vertex -255.187 -272.5 84.4042
      vertex -251.311 -272.5 72.4747
    endloop
  endfacet
  facet normal 0.994523 -0 0.104517
    outer loop
      vertex -251.311 -272.5 72.4747
      vertex -250 -227.5 60
      vertex -251.311 -227.5 72.4747
    endloop
  endfacet
  facet normal 0.994523 0 0.104517
    outer loop
      vertex -250 -227.5 60
      vertex -251.311 -272.5 72.4747
      vertex -250 -272.5 60
    endloop
  endfacet
  facet normal 0.866015 -0 0.500018
    outer loop
      vertex -261.459 -272.5 95.2671
      vertex -255.187 -227.5 84.4042
      vertex -261.459 -227.5 95.2671
    endloop
  endfacet
  facet normal 0.866015 0 0.500018
    outer loop
      vertex -255.187 -227.5 84.4042
      vertex -261.459 -272.5 95.2671
      vertex -255.187 -272.5 84.4042
    endloop
  endfacet
  facet normal 0.95106 0 -0.309008
    outer loop
      vertex -251.311 -272.5 47.5253
      vertex -255.187 -227.5 35.5958
      vertex -251.311 -227.5 47.5253
    endloop
  endfacet
  facet normal 0.95106 0 -0.309008
    outer loop
      vertex -255.187 -227.5 35.5958
      vertex -251.311 -272.5 47.5253
      vertex -255.187 -272.5 35.5958
    endloop
  endfacet
  facet normal -0.587788 0 0.809015
    outer loop
      vertex -350.148 -227.5 104.589
      vertex -340 -272.5 111.962
      vertex -340 -227.5 111.962
    endloop
  endfacet
  facet normal -0.587788 0 0.809015
    outer loop
      vertex -340 -272.5 111.962
      vertex -350.148 -227.5 104.589
      vertex -350.148 -272.5 104.589
    endloop
  endfacet
  facet normal 0.587778 0 -0.809022
    outer loop
      vertex -280 -272.5 8.03848
      vertex -269.852 -227.5 15.4113
      vertex -269.852 -272.5 15.4113
    endloop
  endfacet
  facet normal 0.587778 0 -0.809022
    outer loop
      vertex -269.852 -227.5 15.4113
      vertex -280 -272.5 8.03848
      vertex -280 -227.5 8.03848
    endloop
  endfacet
  facet normal 0.743153 0 -0.669122
    outer loop
      vertex -261.459 -272.5 24.7329
      vertex -269.852 -227.5 15.4113
      vertex -261.459 -227.5 24.7329
    endloop
  endfacet
  facet normal 0.743153 0 -0.669122
    outer loop
      vertex -269.852 -227.5 15.4113
      vertex -261.459 -272.5 24.7329
      vertex -269.852 -272.5 15.4113
    endloop
  endfacet
  facet normal 0.994523 0 -0.104517
    outer loop
      vertex -250 -272.5 60
      vertex -251.311 -227.5 47.5253
      vertex -250 -227.5 60
    endloop
  endfacet
  facet normal 0.994523 0 -0.104517
    outer loop
      vertex -251.311 -227.5 47.5253
      vertex -250 -272.5 60
      vertex -251.311 -272.5 47.5253
    endloop
  endfacet
  facet normal -0.406736 0 -0.913546
    outer loop
      vertex -340 -272.5 8.03848
      vertex -328.541 -227.5 2.93661
      vertex -328.541 -272.5 2.93661
    endloop
  endfacet
  facet normal -0.406736 0 -0.913546
    outer loop
      vertex -328.541 -227.5 2.93661
      vertex -340 -272.5 8.03848
      vertex -340 -227.5 8.03848
    endloop
  endfacet
  facet normal 0.406678 0 0.913571
    outer loop
      vertex -291.459 -227.5 117.063
      vertex -280 -272.5 111.962
      vertex -280 -227.5 111.962
    endloop
  endfacet
  facet normal 0.406678 0 0.913571
    outer loop
      vertex -280 -272.5 111.962
      vertex -291.459 -227.5 117.063
      vertex -291.459 -272.5 117.063
    endloop
  endfacet
  facet normal 0.743164 -0 0.66911
    outer loop
      vertex -269.852 -272.5 104.589
      vertex -261.459 -227.5 95.2671
      vertex -269.852 -227.5 104.589
    endloop
  endfacet
  facet normal 0.743164 0 0.66911
    outer loop
      vertex -261.459 -227.5 95.2671
      vertex -269.852 -272.5 104.589
      vertex -261.459 -272.5 95.2671
    endloop
  endfacet
  facet normal -0.587778 0 -0.809022
    outer loop
      vertex -350.148 -272.5 15.4113
      vertex -340 -227.5 8.03848
      vertex -340 -272.5 8.03848
    endloop
  endfacet
  facet normal -0.587778 0 -0.809022
    outer loop
      vertex -340 -227.5 8.03848
      vertex -350.148 -272.5 15.4113
      vertex -350.148 -227.5 15.4113
    endloop
  endfacet
  facet normal -0.743164 0 0.66911
    outer loop
      vertex -358.541 -272.5 95.2671
      vertex -350.148 -227.5 104.589
      vertex -358.541 -227.5 95.2671
    endloop
  endfacet
  facet normal -0.743164 0 0.66911
    outer loop
      vertex -350.148 -227.5 104.589
      vertex -358.541 -272.5 95.2671
      vertex -350.148 -272.5 104.589
    endloop
  endfacet
  facet normal -0 0 1
    outer loop
      vertex -316.272 -227.5 119.671
      vertex -303.728 -272.5 119.671
      vertex -303.728 -227.5 119.671
    endloop
  endfacet
  facet normal 0 0 1
    outer loop
      vertex -303.728 -272.5 119.671
      vertex -316.272 -227.5 119.671
      vertex -316.272 -272.5 119.671
    endloop
  endfacet
  facet normal 0.406736 0 -0.913546
    outer loop
      vertex -291.459 -272.5 2.93661
      vertex -280 -227.5 8.03848
      vertex -280 -272.5 8.03848
    endloop
  endfacet
  facet normal 0.406736 0 -0.913546
    outer loop
      vertex -280 -227.5 8.03848
      vertex -291.459 -272.5 2.93661
      vertex -291.459 -227.5 2.93661
    endloop
  endfacet
  facet normal 0.207917 0 -0.978147
    outer loop
      vertex -303.728 -272.5 0.328687
      vertex -291.459 -227.5 2.93661
      vertex -291.459 -272.5 2.93661
    endloop
  endfacet
  facet normal 0.207917 0 -0.978147
    outer loop
      vertex -291.459 -227.5 2.93661
      vertex -303.728 -272.5 0.328687
      vertex -303.728 -227.5 0.328687
    endloop
  endfacet
  facet normal -0.95106 0 0.309008
    outer loop
      vertex -368.689 -272.5 72.4747
      vertex -364.813 -227.5 84.4042
      vertex -368.689 -227.5 72.4747
    endloop
  endfacet
  facet normal -0.95106 0 0.309008
    outer loop
      vertex -364.813 -227.5 84.4042
      vertex -368.689 -272.5 72.4747
      vertex -364.813 -272.5 84.4042
    endloop
  endfacet
  facet normal 0 1 0
    outer loop
      vertex -308.955 -227.5 69.9452
      vertex -303.728 -227.5 119.671
      vertex -291.459 -227.5 117.063
    endloop
  endfacet
  facet normal 0 1 0
    outer loop
      vertex -303.728 -227.5 119.671
      vertex -308.955 -227.5 69.9452
      vertex -316.272 -227.5 119.671
    endloop
  endfacet
  facet normal 0 1 0
    outer loop
      vertex -306.91 -227.5 69.5106
      vertex -291.459 -227.5 117.063
      vertex -280 -227.5 111.962
    endloop
  endfacet
  facet normal 0 1 -0
    outer loop
      vertex -311.045 -227.5 69.9452
      vertex -316.272 -227.5 119.671
      vertex -308.955 -227.5 69.9452
    endloop
  endfacet
  facet normal 0 1 0
    outer loop
      vertex -305 -227.5 68.6603
      vertex -280 -227.5 111.962
      vertex -269.852 -227.5 104.589
    endloop
  endfacet
  facet normal 0 1 0
    outer loop
      vertex -316.272 -227.5 119.671
      vertex -311.045 -227.5 69.9452
      vertex -328.541 -227.5 117.063
    endloop
  endfacet
  facet normal 0 1 0
    outer loop
      vertex -303.309 -227.5 67.4314
      vertex -269.852 -227.5 104.589
      vertex -261.459 -227.5 95.2671
    endloop
  endfacet
  facet normal 0 1 -0
    outer loop
      vertex -313.09 -227.5 69.5106
      vertex -328.541 -227.5 117.063
      vertex -311.045 -227.5 69.9452
    endloop
  endfacet
  facet normal 0 1 0
    outer loop
      vertex -301.91 -227.5 65.8779
      vertex -261.459 -227.5 95.2671
      vertex -255.187 -227.5 84.4042
    endloop
  endfacet
  facet normal 0 1 0
    outer loop
      vertex -328.541 -227.5 117.063
      vertex -313.09 -227.5 69.5106
      vertex -340 -227.5 111.962
    endloop
  endfacet
  facet normal 0 1 0
    outer loop
      vertex -300.865 -227.5 64.0674
      vertex -255.187 -227.5 84.4042
      vertex -251.311 -227.5 72.4747
    endloop
  endfacet
  facet normal 0 1 -0
    outer loop
      vertex -315 -227.5 68.6603
      vertex -340 -227.5 111.962
      vertex -313.09 -227.5 69.5106
    endloop
  endfacet
  facet normal 0 1 0
    outer loop
      vertex -340 -227.5 111.962
      vertex -315 -227.5 68.6603
      vertex -350.148 -227.5 104.589
    endloop
  endfacet
  facet normal 0 1 0
    outer loop
      vertex -291.459 -227.5 117.063
      vertex -306.91 -227.5 69.5106
      vertex -308.955 -227.5 69.9452
    endloop
  endfacet
  facet normal 0 1 0
    outer loop
      vertex -280 -227.5 111.962
      vertex -305 -227.5 68.6603
      vertex -306.91 -227.5 69.5106
    endloop
  endfacet
  facet normal 0 1 0
    outer loop
      vertex -269.852 -227.5 104.589
      vertex -303.309 -227.5 67.4314
      vertex -305 -227.5 68.6603
    endloop
  endfacet
  facet normal 0 1 0
    outer loop
      vertex -261.459 -227.5 95.2671
      vertex -301.91 -227.5 65.8779
      vertex -303.309 -227.5 67.4314
    endloop
  endfacet
  facet normal 0 1 0
    outer loop
      vertex -255.187 -227.5 84.4042
      vertex -300.865 -227.5 64.0674
      vertex -301.91 -227.5 65.8779
    endloop
  endfacet
  facet normal 0 1 0
    outer loop
      vertex -251.311 -227.5 72.4747
      vertex -300.219 -227.5 62.0791
      vertex -300.865 -227.5 64.0674
    endloop
  endfacet
  facet normal 0 1 0
    outer loop
      vertex -250 -227.5 60
      vertex -300.219 -227.5 62.0791
      vertex -251.311 -227.5 72.4747
    endloop
  endfacet
  facet normal 0 1 0
    outer loop
      vertex -250 -227.5 60
      vertex -300 -227.5 60
      vertex -300.219 -227.5 62.0791
    endloop
  endfacet
  facet normal 0 1 0
    outer loop
      vertex -250 -227.5 60
      vertex -300.219 -227.5 57.9209
      vertex -300 -227.5 60
    endloop
  endfacet
  facet normal 0 1 -0
    outer loop
      vertex -251.311 -227.5 47.5253
      vertex -300.219 -227.5 57.9209
      vertex -250 -227.5 60
    endloop
  endfacet
  facet normal 0 1 0
    outer loop
      vertex -300.219 -227.5 57.9209
      vertex -251.311 -227.5 47.5253
      vertex -300.865 -227.5 55.9326
    endloop
  endfacet
  facet normal 0 1 -0
    outer loop
      vertex -255.187 -227.5 35.5958
      vertex -300.865 -227.5 55.9326
      vertex -251.311 -227.5 47.5253
    endloop
  endfacet
  facet normal 0 1 0
    outer loop
      vertex -300.865 -227.5 55.9326
      vertex -255.187 -227.5 35.5958
      vertex -301.91 -227.5 54.1221
    endloop
  endfacet
  facet normal 0 1 -0
    outer loop
      vertex -261.459 -227.5 24.7329
      vertex -301.91 -227.5 54.1221
      vertex -255.187 -227.5 35.5958
    endloop
  endfacet
  facet normal 0 1 0
    outer loop
      vertex -301.91 -227.5 54.1221
      vertex -261.459 -227.5 24.7329
      vertex -303.309 -227.5 52.5686
    endloop
  endfacet
  facet normal 0 1 0
    outer loop
      vertex -303.309 -227.5 52.5686
      vertex -269.852 -227.5 15.4113
      vertex -305 -227.5 51.3397
    endloop
  endfacet
  facet normal 0 1 -0
    outer loop
      vertex -269.852 -227.5 15.4113
      vertex -303.309 -227.5 52.5686
      vertex -261.459 -227.5 24.7329
    endloop
  endfacet
  facet normal 0 1 -0
    outer loop
      vertex -316.691 -227.5 67.4314
      vertex -350.148 -227.5 104.589
      vertex -315 -227.5 68.6603
    endloop
  endfacet
  facet normal 0 1 0
    outer loop
      vertex -350.148 -227.5 104.589
      vertex -316.691 -227.5 67.4314
      vertex -358.541 -227.5 95.2671
    endloop
  endfacet
  facet normal 0 1 -0
    outer loop
      vertex -318.09 -227.5 65.8779
      vertex -358.541 -227.5 95.2671
      vertex -316.691 -227.5 67.4314
    endloop
  endfacet
  facet normal 0 1 0
    outer loop
      vertex -358.541 -227.5 95.2671
      vertex -318.09 -227.5 65.8779
      vertex -364.813 -227.5 84.4042
    endloop
  endfacet
  facet normal 0 1 -0
    outer loop
      vertex -319.135 -227.5 64.0674
      vertex -364.813 -227.5 84.4042
      vertex -318.09 -227.5 65.8779
    endloop
  endfacet
  facet normal 0 1 0
    outer loop
      vertex -364.813 -227.5 84.4042
      vertex -319.135 -227.5 64.0674
      vertex -368.689 -227.5 72.4747
    endloop
  endfacet
  facet normal 0 1 -0
    outer loop
      vertex -319.781 -227.5 62.0791
      vertex -368.689 -227.5 72.4747
      vertex -319.135 -227.5 64.0674
    endloop
  endfacet
  facet normal 0 1 -0
    outer loop
      vertex -320 -227.5 60
      vertex -368.689 -227.5 72.4747
      vertex -319.781 -227.5 62.0791
    endloop
  endfacet
  facet normal 0 1 0
    outer loop
      vertex -320 -227.5 60
      vertex -370 -227.5 60
      vertex -368.689 -227.5 72.4747
    endloop
  endfacet
  facet normal 0 1 0
    outer loop
      vertex -319.781 -227.5 57.9209
      vertex -370 -227.5 60
      vertex -320 -227.5 60
    endloop
  endfacet
  facet normal 0 1 0
    outer loop
      vertex -368.689 -227.5 47.5253
      vertex -319.781 -227.5 57.9209
      vertex -319.135 -227.5 55.9326
    endloop
  endfacet
  facet normal 0 1 0
    outer loop
      vertex -364.813 -227.5 35.5958
      vertex -319.135 -227.5 55.9326
      vertex -318.09 -227.5 54.1221
    endloop
  endfacet
  facet normal 0 1 0
    outer loop
      vertex -358.541 -227.5 24.7329
      vertex -318.09 -227.5 54.1221
      vertex -316.691 -227.5 52.5686
    endloop
  endfacet
  facet normal 0 1 0
    outer loop
      vertex -350.148 -227.5 15.4113
      vertex -316.691 -227.5 52.5686
      vertex -315 -227.5 51.3397
    endloop
  endfacet
  facet normal 0 1 0
    outer loop
      vertex -340 -227.5 8.03848
      vertex -315 -227.5 51.3397
      vertex -313.09 -227.5 50.4894
    endloop
  endfacet
  facet normal 0 1 0
    outer loop
      vertex -328.541 -227.5 2.93661
      vertex -313.09 -227.5 50.4894
      vertex -311.045 -227.5 50.0548
    endloop
  endfacet
  facet normal 0 1 0
    outer loop
      vertex -319.781 -227.5 57.9209
      vertex -368.689 -227.5 47.5253
      vertex -370 -227.5 60
    endloop
  endfacet
  facet normal 0 1 -0
    outer loop
      vertex -280 -227.5 8.03848
      vertex -305 -227.5 51.3397
      vertex -269.852 -227.5 15.4113
    endloop
  endfacet
  facet normal 0 1 0
    outer loop
      vertex -305 -227.5 51.3397
      vertex -280 -227.5 8.03848
      vertex -306.91 -227.5 50.4894
    endloop
  endfacet
  facet normal 0 1 0
    outer loop
      vertex -319.135 -227.5 55.9326
      vertex -364.813 -227.5 35.5958
      vertex -368.689 -227.5 47.5253
    endloop
  endfacet
  facet normal 0 1 -0
    outer loop
      vertex -291.459 -227.5 2.93661
      vertex -306.91 -227.5 50.4894
      vertex -280 -227.5 8.03848
    endloop
  endfacet
  facet normal 0 1 0
    outer loop
      vertex -318.09 -227.5 54.1221
      vertex -358.541 -227.5 24.7329
      vertex -364.813 -227.5 35.5958
    endloop
  endfacet
  facet normal 0 1 0
    outer loop
      vertex -306.91 -227.5 50.4894
      vertex -291.459 -227.5 2.93661
      vertex -308.955 -227.5 50.0548
    endloop
  endfacet
  facet normal 0 1 0
    outer loop
      vertex -316.691 -227.5 52.5686
      vertex -350.148 -227.5 15.4113
      vertex -358.541 -227.5 24.7329
    endloop
  endfacet
  facet normal 0 1 -0
    outer loop
      vertex -303.728 -227.5 0.328687
      vertex -308.955 -227.5 50.0548
      vertex -291.459 -227.5 2.93661
    endloop
  endfacet
  facet normal 0 1 0
    outer loop
      vertex -315 -227.5 51.3397
      vertex -340 -227.5 8.03848
      vertex -350.148 -227.5 15.4113
    endloop
  endfacet
  facet normal 0 1 0
    outer loop
      vertex -308.955 -227.5 50.0548
      vertex -303.728 -227.5 0.328687
      vertex -311.045 -227.5 50.0548
    endloop
  endfacet
  facet normal 0 1 0
    outer loop
      vertex -313.09 -227.5 50.4894
      vertex -328.541 -227.5 2.93661
      vertex -340 -227.5 8.03848
    endloop
  endfacet
  facet normal 0 1 0
    outer loop
      vertex -316.272 -227.5 0.328687
      vertex -311.045 -227.5 50.0548
      vertex -303.728 -227.5 0.328687
    endloop
  endfacet
  facet normal 0 1 0
    outer loop
      vertex -311.045 -227.5 50.0548
      vertex -316.272 -227.5 0.328687
      vertex -328.541 -227.5 2.93661
    endloop
  endfacet
  facet normal -0.95106 0 -0.309008
    outer loop
      vertex -364.813 -272.5 35.5958
      vertex -368.689 -227.5 47.5253
      vertex -364.813 -227.5 35.5958
    endloop
  endfacet
  facet normal -0.95106 -0 -0.309008
    outer loop
      vertex -368.689 -227.5 47.5253
      vertex -364.813 -272.5 35.5958
      vertex -368.689 -272.5 47.5253
    endloop
  endfacet
  facet normal -0.406678 0 0.913571
    outer loop
      vertex -340 -227.5 111.962
      vertex -328.541 -272.5 117.063
      vertex -328.541 -227.5 117.063
    endloop
  endfacet
  facet normal -0.406678 0 0.913571
    outer loop
      vertex -328.541 -272.5 117.063
      vertex -340 -227.5 111.962
      vertex -340 -272.5 111.962
    endloop
  endfacet
  facet normal 0 -1 0
    outer loop
      vertex -311.045 -272.5 69.9452
      vertex -316.272 -272.5 119.671
      vertex -328.541 -272.5 117.063
    endloop
  endfacet
  facet normal 0 -1 0
    outer loop
      vertex -316.272 -272.5 119.671
      vertex -311.045 -272.5 69.9452
      vertex -303.728 -272.5 119.671
    endloop
  endfacet
  facet normal 0 -1 0
    outer loop
      vertex -313.09 -272.5 69.5106
      vertex -328.541 -272.5 117.063
      vertex -340 -272.5 111.962
    endloop
  endfacet
  facet normal 0 -1 0
    outer loop
      vertex -308.955 -272.5 69.9452
      vertex -303.728 -272.5 119.671
      vertex -311.045 -272.5 69.9452
    endloop
  endfacet
  facet normal 0 -1 0
    outer loop
      vertex -315 -272.5 68.6603
      vertex -340 -272.5 111.962
      vertex -350.148 -272.5 104.589
    endloop
  endfacet
  facet normal 0 -1 -0
    outer loop
      vertex -303.728 -272.5 119.671
      vertex -308.955 -272.5 69.9452
      vertex -291.459 -272.5 117.063
    endloop
  endfacet
  facet normal 0 -1 0
    outer loop
      vertex -316.691 -272.5 67.4314
      vertex -350.148 -272.5 104.589
      vertex -358.541 -272.5 95.2671
    endloop
  endfacet
  facet normal 0 -1 0
    outer loop
      vertex -306.91 -272.5 69.5106
      vertex -291.459 -272.5 117.063
      vertex -308.955 -272.5 69.9452
    endloop
  endfacet
  facet normal 0 -1 0
    outer loop
      vertex -318.09 -272.5 65.8779
      vertex -358.541 -272.5 95.2671
      vertex -364.813 -272.5 84.4042
    endloop
  endfacet
  facet normal 0 -1 -0
    outer loop
      vertex -291.459 -272.5 117.063
      vertex -306.91 -272.5 69.5106
      vertex -280 -272.5 111.962
    endloop
  endfacet
  facet normal 0 -1 0
    outer loop
      vertex -319.135 -272.5 64.0674
      vertex -364.813 -272.5 84.4042
      vertex -368.689 -272.5 72.4747
    endloop
  endfacet
  facet normal 0 -1 0
    outer loop
      vertex -305 -272.5 68.6603
      vertex -280 -272.5 111.962
      vertex -306.91 -272.5 69.5106
    endloop
  endfacet
  facet normal 0 -1 -0
    outer loop
      vertex -280 -272.5 111.962
      vertex -305 -272.5 68.6603
      vertex -269.852 -272.5 104.589
    endloop
  endfacet
  facet normal 0 -1 0
    outer loop
      vertex -328.541 -272.5 117.063
      vertex -313.09 -272.5 69.5106
      vertex -311.045 -272.5 69.9452
    endloop
  endfacet
  facet normal 0 -1 0
    outer loop
      vertex -340 -272.5 111.962
      vertex -315 -272.5 68.6603
      vertex -313.09 -272.5 69.5106
    endloop
  endfacet
  facet normal 0 -1 0
    outer loop
      vertex -350.148 -272.5 104.589
      vertex -316.691 -272.5 67.4314
      vertex -315 -272.5 68.6603
    endloop
  endfacet
  facet normal 0 -1 0
    outer loop
      vertex -358.541 -272.5 95.2671
      vertex -318.09 -272.5 65.8779
      vertex -316.691 -272.5 67.4314
    endloop
  endfacet
  facet normal 0 -1 0
    outer loop
      vertex -364.813 -272.5 84.4042
      vertex -319.135 -272.5 64.0674
      vertex -318.09 -272.5 65.8779
    endloop
  endfacet
  facet normal 0 -1 0
    outer loop
      vertex -368.689 -272.5 72.4747
      vertex -319.781 -272.5 62.0791
      vertex -319.135 -272.5 64.0674
    endloop
  endfacet
  facet normal 0 -1 0
    outer loop
      vertex -370 -272.5 60
      vertex -319.781 -272.5 62.0791
      vertex -368.689 -272.5 72.4747
    endloop
  endfacet
  facet normal 0 -1 0
    outer loop
      vertex -370 -272.5 60
      vertex -320 -272.5 60
      vertex -319.781 -272.5 62.0791
    endloop
  endfacet
  facet normal 0 -1 0
    outer loop
      vertex -370 -272.5 60
      vertex -319.781 -272.5 57.9209
      vertex -320 -272.5 60
    endloop
  endfacet
  facet normal 0 -1 0
    outer loop
      vertex -368.689 -272.5 47.5253
      vertex -319.781 -272.5 57.9209
      vertex -370 -272.5 60
    endloop
  endfacet
  facet normal 0 -1 -0
    outer loop
      vertex -319.781 -272.5 57.9209
      vertex -368.689 -272.5 47.5253
      vertex -319.135 -272.5 55.9326
    endloop
  endfacet
  facet normal 0 -1 0
    outer loop
      vertex -364.813 -272.5 35.5958
      vertex -319.135 -272.5 55.9326
      vertex -368.689 -272.5 47.5253
    endloop
  endfacet
  facet normal 0 -1 -0
    outer loop
      vertex -319.135 -272.5 55.9326
      vertex -364.813 -272.5 35.5958
      vertex -318.09 -272.5 54.1221
    endloop
  endfacet
  facet normal 0 -1 0
    outer loop
      vertex -358.541 -272.5 24.7329
      vertex -318.09 -272.5 54.1221
      vertex -364.813 -272.5 35.5958
    endloop
  endfacet
  facet normal 0 -1 -0
    outer loop
      vertex -318.09 -272.5 54.1221
      vertex -358.541 -272.5 24.7329
      vertex -316.691 -272.5 52.5686
    endloop
  endfacet
  facet normal 0 -1 -0
    outer loop
      vertex -316.691 -272.5 52.5686
      vertex -350.148 -272.5 15.4113
      vertex -315 -272.5 51.3397
    endloop
  endfacet
  facet normal 0 -1 0
    outer loop
      vertex -350.148 -272.5 15.4113
      vertex -316.691 -272.5 52.5686
      vertex -358.541 -272.5 24.7329
    endloop
  endfacet
  facet normal 0 -1 0
    outer loop
      vertex -303.309 -272.5 67.4314
      vertex -269.852 -272.5 104.589
      vertex -305 -272.5 68.6603
    endloop
  endfacet
  facet normal 0 -1 -0
    outer loop
      vertex -269.852 -272.5 104.589
      vertex -303.309 -272.5 67.4314
      vertex -261.459 -272.5 95.2671
    endloop
  endfacet
  facet normal 0 -1 0
    outer loop
      vertex -301.91 -272.5 65.8779
      vertex -261.459 -272.5 95.2671
      vertex -303.309 -272.5 67.4314
    endloop
  endfacet
  facet normal 0 -1 -0
    outer loop
      vertex -261.459 -272.5 95.2671
      vertex -301.91 -272.5 65.8779
      vertex -255.187 -272.5 84.4042
    endloop
  endfacet
  facet normal 0 -1 0
    outer loop
      vertex -300.865 -272.5 64.0674
      vertex -255.187 -272.5 84.4042
      vertex -301.91 -272.5 65.8779
    endloop
  endfacet
  facet normal 0 -1 -0
    outer loop
      vertex -255.187 -272.5 84.4042
      vertex -300.865 -272.5 64.0674
      vertex -251.311 -272.5 72.4747
    endloop
  endfacet
  facet normal 0 -1 0
    outer loop
      vertex -300.219 -272.5 62.0791
      vertex -251.311 -272.5 72.4747
      vertex -300.865 -272.5 64.0674
    endloop
  endfacet
  facet normal 0 -1 0
    outer loop
      vertex -300 -272.5 60
      vertex -251.311 -272.5 72.4747
      vertex -300.219 -272.5 62.0791
    endloop
  endfacet
  facet normal 0 -1 0
    outer loop
      vertex -300 -272.5 60
      vertex -250 -272.5 60
      vertex -251.311 -272.5 72.4747
    endloop
  endfacet
  facet normal 0 -1 0
    outer loop
      vertex -300.219 -272.5 57.9209
      vertex -250 -272.5 60
      vertex -300 -272.5 60
    endloop
  endfacet
  facet normal 0 -1 0
    outer loop
      vertex -251.311 -272.5 47.5253
      vertex -300.219 -272.5 57.9209
      vertex -300.865 -272.5 55.9326
    endloop
  endfacet
  facet normal 0 -1 0
    outer loop
      vertex -255.187 -272.5 35.5958
      vertex -300.865 -272.5 55.9326
      vertex -301.91 -272.5 54.1221
    endloop
  endfacet
  facet normal 0 -1 0
    outer loop
      vertex -261.459 -272.5 24.7329
      vertex -301.91 -272.5 54.1221
      vertex -303.309 -272.5 52.5686
    endloop
  endfacet
  facet normal 0 -1 0
    outer loop
      vertex -269.852 -272.5 15.4113
      vertex -303.309 -272.5 52.5686
      vertex -305 -272.5 51.3397
    endloop
  endfacet
  facet normal 0 -1 0
    outer loop
      vertex -280 -272.5 8.03848
      vertex -305 -272.5 51.3397
      vertex -306.91 -272.5 50.4894
    endloop
  endfacet
  facet normal 0 -1 0
    outer loop
      vertex -291.459 -272.5 2.93661
      vertex -306.91 -272.5 50.4894
      vertex -308.955 -272.5 50.0548
    endloop
  endfacet
  facet normal 0 -1 0
    outer loop
      vertex -300.219 -272.5 57.9209
      vertex -251.311 -272.5 47.5253
      vertex -250 -272.5 60
    endloop
  endfacet
  facet normal 0 -1 0
    outer loop
      vertex -340 -272.5 8.03848
      vertex -315 -272.5 51.3397
      vertex -350.148 -272.5 15.4113
    endloop
  endfacet
  facet normal 0 -1 -0
    outer loop
      vertex -315 -272.5 51.3397
      vertex -340 -272.5 8.03848
      vertex -313.09 -272.5 50.4894
    endloop
  endfacet
  facet normal 0 -1 0
    outer loop
      vertex -300.865 -272.5 55.9326
      vertex -255.187 -272.5 35.5958
      vertex -251.311 -272.5 47.5253
    endloop
  endfacet
  facet normal 0 -1 0
    outer loop
      vertex -328.541 -272.5 2.93661
      vertex -313.09 -272.5 50.4894
      vertex -340 -272.5 8.03848
    endloop
  endfacet
  facet normal 0 -1 0
    outer loop
      vertex -301.91 -272.5 54.1221
      vertex -261.459 -272.5 24.7329
      vertex -255.187 -272.5 35.5958
    endloop
  endfacet
  facet normal 0 -1 -0
    outer loop
      vertex -313.09 -272.5 50.4894
      vertex -328.541 -272.5 2.93661
      vertex -311.045 -272.5 50.0548
    endloop
  endfacet
  facet normal 0 -1 0
    outer loop
      vertex -303.309 -272.5 52.5686
      vertex -269.852 -272.5 15.4113
      vertex -261.459 -272.5 24.7329
    endloop
  endfacet
  facet normal 0 -1 0
    outer loop
      vertex -316.272 -272.5 0.328687
      vertex -311.045 -272.5 50.0548
      vertex -328.541 -272.5 2.93661
    endloop
  endfacet
  facet normal 0 -1 0
    outer loop
      vertex -305 -272.5 51.3397
      vertex -280 -272.5 8.03848
      vertex -269.852 -272.5 15.4113
    endloop
  endfacet
  facet normal 0 -1 -0
    outer loop
      vertex -311.045 -272.5 50.0548
      vertex -316.272 -272.5 0.328687
      vertex -308.955 -272.5 50.0548
    endloop
  endfacet
  facet normal 0 -1 0
    outer loop
      vertex -306.91 -272.5 50.4894
      vertex -291.459 -272.5 2.93661
      vertex -280 -272.5 8.03848
    endloop
  endfacet
  facet normal 0 -1 0
    outer loop
      vertex -303.728 -272.5 0.328687
      vertex -308.955 -272.5 50.0548
      vertex -316.272 -272.5 0.328687
    endloop
  endfacet
  facet normal 0 -1 0
    outer loop
      vertex -308.955 -272.5 50.0548
      vertex -303.728 -272.5 0.328687
      vertex -291.459 -272.5 2.93661
    endloop
  endfacet
  facet normal -0.207917 0 -0.978147
    outer loop
      vertex -328.541 -272.5 2.93661
      vertex -316.272 -227.5 0.328687
      vertex -316.272 -272.5 0.328687
    endloop
  endfacet
  facet normal -0.207917 0 -0.978147
    outer loop
      vertex -316.272 -227.5 0.328687
      vertex -328.541 -272.5 2.93661
      vertex -328.541 -227.5 2.93661
    endloop
  endfacet
  facet normal 0.207923 0 0.978145
    outer loop
      vertex -303.728 -227.5 119.671
      vertex -291.459 -272.5 117.063
      vertex -291.459 -227.5 117.063
    endloop
  endfacet
  facet normal 0.207923 0 0.978145
    outer loop
      vertex -291.459 -272.5 117.063
      vertex -303.728 -227.5 119.671
      vertex -303.728 -272.5 119.671
    endloop
  endfacet
  facet normal -0.994523 0 -0.104517
    outer loop
      vertex -368.689 -272.5 47.5253
      vertex -370 -227.5 60
      vertex -368.689 -227.5 47.5253
    endloop
  endfacet
  facet normal -0.994523 -0 -0.104517
    outer loop
      vertex -370 -227.5 60
      vertex -368.689 -272.5 47.5253
      vertex -370 -272.5 60
    endloop
  endfacet
  facet normal -0.866015 0 -0.500018
    outer loop
      vertex -358.541 -272.5 24.7329
      vertex -364.813 -227.5 35.5958
      vertex -358.541 -227.5 24.7329
    endloop
  endfacet
  facet normal -0.866015 -0 -0.500018
    outer loop
      vertex -364.813 -227.5 35.5958
      vertex -358.541 -272.5 24.7329
      vertex -364.813 -272.5 35.5958
    endloop
  endfacet
  facet normal -0.866015 0 0.500018
    outer loop
      vertex -364.813 -272.5 84.4042
      vertex -358.541 -227.5 95.2671
      vertex -364.813 -227.5 84.4042
    endloop
  endfacet
  facet normal -0.866015 0 0.500018
    outer loop
      vertex -358.541 -227.5 95.2671
      vertex -364.813 -272.5 84.4042
      vertex -358.541 -272.5 95.2671
    endloop
  endfacet
  facet normal 0.866015 0 -0.500018
    outer loop
      vertex -255.187 -272.5 35.5958
      vertex -261.459 -227.5 24.7329
      vertex -255.187 -227.5 35.5958
    endloop
  endfacet
  facet normal 0.866015 0 -0.500018
    outer loop
      vertex -261.459 -227.5 24.7329
      vertex -255.187 -272.5 35.5958
      vertex -261.459 -272.5 24.7329
    endloop
  endfacet
  facet normal 0.587788 0 0.809015
    outer loop
      vertex -280 -227.5 111.962
      vertex -269.852 -272.5 104.589
      vertex -269.852 -227.5 104.589
    endloop
  endfacet
  facet normal 0.587788 0 0.809015
    outer loop
      vertex -269.852 -272.5 104.589
      vertex -280 -227.5 111.962
      vertex -280 -272.5 111.962
    endloop
  endfacet
  facet normal -0.207923 0 0.978145
    outer loop
      vertex -328.541 -227.5 117.063
      vertex -316.272 -272.5 119.671
      vertex -316.272 -227.5 119.671
    endloop
  endfacet
  facet normal -0.207923 0 0.978145
    outer loop
      vertex -316.272 -272.5 119.671
      vertex -328.541 -227.5 117.063
      vertex -328.541 -272.5 117.063
    endloop
  endfacet
  facet normal 0 0 -1
    outer loop
      vertex -316.272 -272.5 0.328687
      vertex -303.728 -227.5 0.328687
      vertex -303.728 -272.5 0.328687
    endloop
  endfacet
  facet normal -0 0 -1
    outer loop
      vertex -303.728 -227.5 0.328687
      vertex -316.272 -272.5 0.328687
      vertex -316.272 -227.5 0.328687
    endloop
  endfacet
  facet normal -0.994523 0 0.104517
    outer loop
      vertex -370 -272.5 60
      vertex -368.689 -227.5 72.4747
      vertex -370 -227.5 60
    endloop
  endfacet
  facet normal -0.994523 0 0.104517
    outer loop
      vertex -368.689 -227.5 72.4747
      vertex -370 -272.5 60
      vertex -368.689 -272.5 72.4747
    endloop
  endfacet
  facet normal -0.743092 0 -0.669189
    outer loop
      vertex -316.691 221.875 52.5686
      vertex -318.09 227.5 54.1221
      vertex -316.691 227.5 52.5686
    endloop
  endfacet
  facet normal -0.743092 -0 -0.669189
    outer loop
      vertex -318.09 227.5 54.1221
      vertex -316.691 221.875 52.5686
      vertex -318.09 221.875 54.1221
    endloop
  endfacet
  facet normal -0.743092 0 -0.669189
    outer loop
      vertex -316.691 272.5 52.5686
      vertex -318.09 278.125 54.1221
      vertex -316.691 278.125 52.5686
    endloop
  endfacet
  facet normal -0.743092 -0 -0.669189
    outer loop
      vertex -318.09 278.125 54.1221
      vertex -316.691 272.5 52.5686
      vertex -318.09 272.5 54.1221
    endloop
  endfacet
  facet normal 0.951062 -0 0.309001
    outer loop
      vertex -300.865 272.5 64.0674
      vertex -300.219 278.125 62.0791
      vertex -300.865 278.125 64.0674
    endloop
  endfacet
  facet normal 0.951062 0 0.309001
    outer loop
      vertex -300.219 278.125 62.0791
      vertex -300.865 272.5 64.0674
      vertex -300.219 272.5 62.0791
    endloop
  endfacet
  facet normal 0.951062 -0 0.309001
    outer loop
      vertex -300.865 221.875 64.0674
      vertex -300.219 227.5 62.0791
      vertex -300.865 227.5 64.0674
    endloop
  endfacet
  facet normal 0.951062 0 0.309001
    outer loop
      vertex -300.219 227.5 62.0791
      vertex -300.865 221.875 64.0674
      vertex -300.219 221.875 62.0791
    endloop
  endfacet
  facet normal 0.994498 -0 0.104755
    outer loop
      vertex -300.219 272.5 62.0791
      vertex -300 278.125 60
      vertex -300.219 278.125 62.0791
    endloop
  endfacet
  facet normal 0.994498 0 0.104755
    outer loop
      vertex -300 278.125 60
      vertex -300.219 272.5 62.0791
      vertex -300 272.5 60
    endloop
  endfacet
  facet normal 0.994498 -0 0.104755
    outer loop
      vertex -300.219 221.875 62.0791
      vertex -300 227.5 60
      vertex -300.219 227.5 62.0791
    endloop
  endfacet
  facet normal 0.994498 0 0.104755
    outer loop
      vertex -300 227.5 60
      vertex -300.219 221.875 62.0791
      vertex -300 221.875 60
    endloop
  endfacet
  facet normal 0.866086 -0 0.499895
    outer loop
      vertex -301.91 272.5 65.8779
      vertex -300.865 278.125 64.0674
      vertex -301.91 278.125 65.8779
    endloop
  endfacet
  facet normal 0.866086 0 0.499895
    outer loop
      vertex -300.865 278.125 64.0674
      vertex -301.91 272.5 65.8779
      vertex -300.865 272.5 64.0674
    endloop
  endfacet
  facet normal 0.866086 -0 0.499895
    outer loop
      vertex -301.91 221.875 65.8779
      vertex -300.865 227.5 64.0674
      vertex -301.91 227.5 65.8779
    endloop
  endfacet
  facet normal 0.866086 0 0.499895
    outer loop
      vertex -300.865 227.5 64.0674
      vertex -301.91 221.875 65.8779
      vertex -300.865 221.875 64.0674
    endloop
  endfacet
  facet normal 0.951062 0 -0.309001
    outer loop
      vertex -300.219 221.875 57.9209
      vertex -300.865 227.5 55.9326
      vertex -300.219 227.5 57.9209
    endloop
  endfacet
  facet normal 0.951062 0 -0.309001
    outer loop
      vertex -300.865 227.5 55.9326
      vertex -300.219 221.875 57.9209
      vertex -300.865 221.875 55.9326
    endloop
  endfacet
  facet normal 0.951062 0 -0.309001
    outer loop
      vertex -300.219 272.5 57.9209
      vertex -300.865 278.125 55.9326
      vertex -300.219 278.125 57.9209
    endloop
  endfacet
  facet normal 0.951062 0 -0.309001
    outer loop
      vertex -300.865 278.125 55.9326
      vertex -300.219 272.5 57.9209
      vertex -300.865 272.5 55.9326
    endloop
  endfacet
  facet normal 0.587884 0 -0.808945
    outer loop
      vertex -305 221.875 51.3397
      vertex -303.309 227.5 52.5686
      vertex -303.309 221.875 52.5686
    endloop
  endfacet
  facet normal 0.587884 0 -0.808945
    outer loop
      vertex -303.309 227.5 52.5686
      vertex -305 221.875 51.3397
      vertex -305 227.5 51.3397
    endloop
  endfacet
  facet normal 0.587884 0 -0.808945
    outer loop
      vertex -305 272.5 51.3397
      vertex -303.309 278.125 52.5686
      vertex -303.309 272.5 52.5686
    endloop
  endfacet
  facet normal 0.587884 0 -0.808945
    outer loop
      vertex -303.309 278.125 52.5686
      vertex -305 272.5 51.3397
      vertex -305 278.125 51.3397
    endloop
  endfacet
  facet normal 0.743092 0 -0.669189
    outer loop
      vertex -301.91 272.5 54.1221
      vertex -303.309 278.125 52.5686
      vertex -301.91 278.125 54.1221
    endloop
  endfacet
  facet normal 0.743092 0 -0.669189
    outer loop
      vertex -303.309 278.125 52.5686
      vertex -301.91 272.5 54.1221
      vertex -303.309 272.5 52.5686
    endloop
  endfacet
  facet normal 0.743092 0 -0.669189
    outer loop
      vertex -301.91 221.875 54.1221
      vertex -303.309 227.5 52.5686
      vertex -301.91 227.5 54.1221
    endloop
  endfacet
  facet normal 0.743092 0 -0.669189
    outer loop
      vertex -303.309 227.5 52.5686
      vertex -301.91 221.875 54.1221
      vertex -303.309 221.875 52.5686
    endloop
  endfacet
  facet normal 0.994498 0 -0.104755
    outer loop
      vertex -300 272.5 60
      vertex -300.219 278.125 57.9209
      vertex -300 278.125 60
    endloop
  endfacet
  facet normal 0.994498 0 -0.104755
    outer loop
      vertex -300.219 278.125 57.9209
      vertex -300 272.5 60
      vertex -300.219 272.5 57.9209
    endloop
  endfacet
  facet normal 0.994498 0 -0.104755
    outer loop
      vertex -300 221.875 60
      vertex -300.219 227.5 57.9209
      vertex -300 227.5 60
    endloop
  endfacet
  facet normal 0.994498 0 -0.104755
    outer loop
      vertex -300.219 227.5 57.9209
      vertex -300 221.875 60
      vertex -300.219 221.875 57.9209
    endloop
  endfacet
  facet normal -0.406702 0 -0.913561
    outer loop
      vertex -315 221.875 51.3397
      vertex -313.09 227.5 50.4894
      vertex -313.09 221.875 50.4894
    endloop
  endfacet
  facet normal -0.406702 0 -0.913561
    outer loop
      vertex -313.09 227.5 50.4894
      vertex -315 221.875 51.3397
      vertex -315 227.5 51.3397
    endloop
  endfacet
  facet normal -0.406702 0 -0.913561
    outer loop
      vertex -315 272.5 51.3397
      vertex -313.09 278.125 50.4894
      vertex -313.09 272.5 50.4894
    endloop
  endfacet
  facet normal -0.406702 0 -0.913561
    outer loop
      vertex -313.09 278.125 50.4894
      vertex -315 272.5 51.3397
      vertex -315 278.125 51.3397
    endloop
  endfacet
  facet normal 0.406702 0 0.913561
    outer loop
      vertex -306.91 227.5 69.5106
      vertex -305 221.875 68.6603
      vertex -305 227.5 68.6603
    endloop
  endfacet
  facet normal 0.406702 0 0.913561
    outer loop
      vertex -305 221.875 68.6603
      vertex -306.91 227.5 69.5106
      vertex -306.91 221.875 69.5106
    endloop
  endfacet
  facet normal 0.406702 0 0.913561
    outer loop
      vertex -306.91 278.125 69.5106
      vertex -305 272.5 68.6603
      vertex -305 278.125 68.6603
    endloop
  endfacet
  facet normal 0.406702 0 0.913561
    outer loop
      vertex -305 272.5 68.6603
      vertex -306.91 278.125 69.5106
      vertex -306.91 272.5 69.5106
    endloop
  endfacet
  facet normal 0.743092 -0 0.669189
    outer loop
      vertex -303.309 272.5 67.4314
      vertex -301.91 278.125 65.8779
      vertex -303.309 278.125 67.4314
    endloop
  endfacet
  facet normal 0.743092 0 0.669189
    outer loop
      vertex -301.91 278.125 65.8779
      vertex -303.309 272.5 67.4314
      vertex -301.91 272.5 65.8779
    endloop
  endfacet
  facet normal 0.743092 -0 0.669189
    outer loop
      vertex -303.309 221.875 67.4314
      vertex -301.91 227.5 65.8779
      vertex -303.309 227.5 67.4314
    endloop
  endfacet
  facet normal 0.743092 0 0.669189
    outer loop
      vertex -301.91 227.5 65.8779
      vertex -303.309 221.875 67.4314
      vertex -301.91 221.875 65.8779
    endloop
  endfacet
  facet normal -0.587884 0 -0.808945
    outer loop
      vertex -316.691 221.875 52.5686
      vertex -315 227.5 51.3397
      vertex -315 221.875 51.3397
    endloop
  endfacet
  facet normal -0.587884 0 -0.808945
    outer loop
      vertex -315 227.5 51.3397
      vertex -316.691 221.875 52.5686
      vertex -316.691 227.5 52.5686
    endloop
  endfacet
  facet normal -0.587884 0 -0.808945
    outer loop
      vertex -316.691 272.5 52.5686
      vertex -315 278.125 51.3397
      vertex -315 272.5 51.3397
    endloop
  endfacet
  facet normal -0.587884 0 -0.808945
    outer loop
      vertex -315 278.125 51.3397
      vertex -316.691 272.5 52.5686
      vertex -316.691 278.125 52.5686
    endloop
  endfacet
  facet normal -0.743092 0 0.669189
    outer loop
      vertex -318.09 221.875 65.8779
      vertex -316.691 227.5 67.4314
      vertex -318.09 227.5 65.8779
    endloop
  endfacet
  facet normal -0.743092 0 0.669189
    outer loop
      vertex -316.691 227.5 67.4314
      vertex -318.09 221.875 65.8779
      vertex -316.691 221.875 67.4314
    endloop
  endfacet
  facet normal -0.743092 0 0.669189
    outer loop
      vertex -318.09 272.5 65.8779
      vertex -316.691 278.125 67.4314
      vertex -318.09 278.125 65.8779
    endloop
  endfacet
  facet normal -0.743092 0 0.669189
    outer loop
      vertex -316.691 278.125 67.4314
      vertex -318.09 272.5 65.8779
      vertex -316.691 272.5 67.4314
    endloop
  endfacet
  facet normal -0 0 1
    outer loop
      vertex -311.045 278.125 69.9452
      vertex -308.955 272.5 69.9452
      vertex -308.955 278.125 69.9452
    endloop
  endfacet
  facet normal 0 0 1
    outer loop
      vertex -308.955 272.5 69.9452
      vertex -311.045 278.125 69.9452
      vertex -311.045 272.5 69.9452
    endloop
  endfacet
  facet normal -0 0 1
    outer loop
      vertex -311.045 227.5 69.9452
      vertex -308.955 221.875 69.9452
      vertex -308.955 227.5 69.9452
    endloop
  endfacet
  facet normal 0 0 1
    outer loop
      vertex -308.955 221.875 69.9452
      vertex -311.045 227.5 69.9452
      vertex -311.045 221.875 69.9452
    endloop
  endfacet
  facet normal 0.406702 0 -0.913561
    outer loop
      vertex -306.91 221.875 50.4894
      vertex -305 227.5 51.3397
      vertex -305 221.875 51.3397
    endloop
  endfacet
  facet normal 0.406702 0 -0.913561
    outer loop
      vertex -305 227.5 51.3397
      vertex -306.91 221.875 50.4894
      vertex -306.91 227.5 50.4894
    endloop
  endfacet
  facet normal 0.406702 0 -0.913561
    outer loop
      vertex -306.91 272.5 50.4894
      vertex -305 278.125 51.3397
      vertex -305 272.5 51.3397
    endloop
  endfacet
  facet normal 0.406702 0 -0.913561
    outer loop
      vertex -305 278.125 51.3397
      vertex -306.91 272.5 50.4894
      vertex -306.91 278.125 50.4894
    endloop
  endfacet
  facet normal 0.207876 0 -0.978155
    outer loop
      vertex -308.955 221.875 50.0548
      vertex -306.91 227.5 50.4894
      vertex -306.91 221.875 50.4894
    endloop
  endfacet
  facet normal 0.207876 0 -0.978155
    outer loop
      vertex -306.91 227.5 50.4894
      vertex -308.955 221.875 50.0548
      vertex -308.955 227.5 50.0548
    endloop
  endfacet
  facet normal 0.207876 0 -0.978155
    outer loop
      vertex -308.955 272.5 50.0548
      vertex -306.91 278.125 50.4894
      vertex -306.91 272.5 50.4894
    endloop
  endfacet
  facet normal 0.207876 0 -0.978155
    outer loop
      vertex -306.91 278.125 50.4894
      vertex -308.955 272.5 50.0548
      vertex -308.955 278.125 50.0548
    endloop
  endfacet
  facet normal -0.951062 0 0.309001
    outer loop
      vertex -319.781 272.5 62.0791
      vertex -319.135 278.125 64.0674
      vertex -319.781 278.125 62.0791
    endloop
  endfacet
  facet normal -0.951062 0 0.309001
    outer loop
      vertex -319.135 278.125 64.0674
      vertex -319.781 272.5 62.0791
      vertex -319.135 272.5 64.0674
    endloop
  endfacet
  facet normal -0.951062 0 0.309001
    outer loop
      vertex -319.781 221.875 62.0791
      vertex -319.135 227.5 64.0674
      vertex -319.781 227.5 62.0791
    endloop
  endfacet
  facet normal -0.951062 0 0.309001
    outer loop
      vertex -319.135 227.5 64.0674
      vertex -319.781 221.875 62.0791
      vertex -319.135 221.875 64.0674
    endloop
  endfacet
  facet normal 0 1 0
    outer loop
      vertex -306.91 278.125 69.5106
      vertex -311.045 278.125 69.9452
      vertex -308.955 278.125 69.9452
    endloop
  endfacet
  facet normal 0 1 0
    outer loop
      vertex -306.91 278.125 69.5106
      vertex -313.09 278.125 69.5106
      vertex -311.045 278.125 69.9452
    endloop
  endfacet
  facet normal 0 1 0
    outer loop
      vertex -305 278.125 68.6603
      vertex -313.09 278.125 69.5106
      vertex -306.91 278.125 69.5106
    endloop
  endfacet
  facet normal 0 1 0
    outer loop
      vertex -305 278.125 68.6603
      vertex -315 278.125 68.6603
      vertex -313.09 278.125 69.5106
    endloop
  endfacet
  facet normal 0 1 0
    outer loop
      vertex -303.309 278.125 67.4314
      vertex -315 278.125 68.6603
      vertex -305 278.125 68.6603
    endloop
  endfacet
  facet normal 0 1 0
    outer loop
      vertex -303.309 278.125 67.4314
      vertex -316.691 278.125 67.4314
      vertex -315 278.125 68.6603
    endloop
  endfacet
  facet normal 0 1 0
    outer loop
      vertex -301.91 278.125 65.8779
      vertex -316.691 278.125 67.4314
      vertex -303.309 278.125 67.4314
    endloop
  endfacet
  facet normal 0 1 0
    outer loop
      vertex -301.91 278.125 65.8779
      vertex -318.09 278.125 65.8779
      vertex -316.691 278.125 67.4314
    endloop
  endfacet
  facet normal 0 1 0
    outer loop
      vertex -300.865 278.125 64.0674
      vertex -318.09 278.125 65.8779
      vertex -301.91 278.125 65.8779
    endloop
  endfacet
  facet normal 0 1 0
    outer loop
      vertex -300.865 278.125 64.0674
      vertex -319.135 278.125 64.0674
      vertex -318.09 278.125 65.8779
    endloop
  endfacet
  facet normal 0 1 0
    outer loop
      vertex -300.219 278.125 62.0791
      vertex -319.135 278.125 64.0674
      vertex -300.865 278.125 64.0674
    endloop
  endfacet
  facet normal 0 1 0
    outer loop
      vertex -300.219 278.125 62.0791
      vertex -319.781 278.125 62.0791
      vertex -319.135 278.125 64.0674
    endloop
  endfacet
  facet normal 0 1 0
    outer loop
      vertex -300 278.125 60
      vertex -319.781 278.125 62.0791
      vertex -300.219 278.125 62.0791
    endloop
  endfacet
  facet normal 0 1 0
    outer loop
      vertex -300 278.125 60
      vertex -320 278.125 60
      vertex -319.781 278.125 62.0791
    endloop
  endfacet
  facet normal 0 1 -0
    outer loop
      vertex -300.219 278.125 57.9209
      vertex -320 278.125 60
      vertex -300 278.125 60
    endloop
  endfacet
  facet normal 0 1 0
    outer loop
      vertex -300.219 278.125 57.9209
      vertex -319.781 278.125 57.9209
      vertex -320 278.125 60
    endloop
  endfacet
  facet normal 0 1 -0
    outer loop
      vertex -300.865 278.125 55.9326
      vertex -319.781 278.125 57.9209
      vertex -300.219 278.125 57.9209
    endloop
  endfacet
  facet normal 0 1 0
    outer loop
      vertex -300.865 278.125 55.9326
      vertex -319.135 278.125 55.9326
      vertex -319.781 278.125 57.9209
    endloop
  endfacet
  facet normal 0 1 -0
    outer loop
      vertex -301.91 278.125 54.1221
      vertex -319.135 278.125 55.9326
      vertex -300.865 278.125 55.9326
    endloop
  endfacet
  facet normal 0 1 0
    outer loop
      vertex -301.91 278.125 54.1221
      vertex -318.09 278.125 54.1221
      vertex -319.135 278.125 55.9326
    endloop
  endfacet
  facet normal 0 1 -0
    outer loop
      vertex -303.309 278.125 52.5686
      vertex -318.09 278.125 54.1221
      vertex -301.91 278.125 54.1221
    endloop
  endfacet
  facet normal 0 1 0
    outer loop
      vertex -303.309 278.125 52.5686
      vertex -316.691 278.125 52.5686
      vertex -318.09 278.125 54.1221
    endloop
  endfacet
  facet normal 0 1 -0
    outer loop
      vertex -305 278.125 51.3397
      vertex -316.691 278.125 52.5686
      vertex -303.309 278.125 52.5686
    endloop
  endfacet
  facet normal 0 1 0
    outer loop
      vertex -305 278.125 51.3397
      vertex -315 278.125 51.3397
      vertex -316.691 278.125 52.5686
    endloop
  endfacet
  facet normal 0 1 -0
    outer loop
      vertex -306.91 278.125 50.4894
      vertex -315 278.125 51.3397
      vertex -305 278.125 51.3397
    endloop
  endfacet
  facet normal 0 1 0
    outer loop
      vertex -306.91 278.125 50.4894
      vertex -313.09 278.125 50.4894
      vertex -315 278.125 51.3397
    endloop
  endfacet
  facet normal 0 1 -0
    outer loop
      vertex -308.955 278.125 50.0548
      vertex -313.09 278.125 50.4894
      vertex -306.91 278.125 50.4894
    endloop
  endfacet
  facet normal 0 1 0
    outer loop
      vertex -313.09 278.125 50.4894
      vertex -308.955 278.125 50.0548
      vertex -311.045 278.125 50.0548
    endloop
  endfacet
  facet normal -0.951062 0 -0.309001
    outer loop
      vertex -319.135 221.875 55.9326
      vertex -319.781 227.5 57.9209
      vertex -319.135 227.5 55.9326
    endloop
  endfacet
  facet normal -0.951062 -0 -0.309001
    outer loop
      vertex -319.781 227.5 57.9209
      vertex -319.135 221.875 55.9326
      vertex -319.781 221.875 57.9209
    endloop
  endfacet
  facet normal -0.951062 0 -0.309001
    outer loop
      vertex -319.135 272.5 55.9326
      vertex -319.781 278.125 57.9209
      vertex -319.135 278.125 55.9326
    endloop
  endfacet
  facet normal -0.951062 -0 -0.309001
    outer loop
      vertex -319.781 278.125 57.9209
      vertex -319.135 272.5 55.9326
      vertex -319.781 272.5 57.9209
    endloop
  endfacet
  facet normal -0.406702 0 0.913561
    outer loop
      vertex -315 227.5 68.6603
      vertex -313.09 221.875 69.5106
      vertex -313.09 227.5 69.5106
    endloop
  endfacet
  facet normal -0.406702 0 0.913561
    outer loop
      vertex -313.09 221.875 69.5106
      vertex -315 227.5 68.6603
      vertex -315 221.875 68.6603
    endloop
  endfacet
  facet normal -0.406702 0 0.913561
    outer loop
      vertex -315 278.125 68.6603
      vertex -313.09 272.5 69.5106
      vertex -313.09 278.125 69.5106
    endloop
  endfacet
  facet normal -0.406702 0 0.913561
    outer loop
      vertex -313.09 272.5 69.5106
      vertex -315 278.125 68.6603
      vertex -315 272.5 68.6603
    endloop
  endfacet
  facet normal 0 -1 0
    outer loop
      vertex -311.941 221.875 67.2444
      vertex -311.045 221.875 69.9452
      vertex -313.09 221.875 69.5106
    endloop
  endfacet
  facet normal 0 -1 0
    outer loop
      vertex -311.045 221.875 69.9452
      vertex -310 221.875 67.5
      vertex -308.955 221.875 69.9452
    endloop
  endfacet
  facet normal 0 -1 0
    outer loop
      vertex -313.75 221.875 66.4952
      vertex -313.09 221.875 69.5106
      vertex -315 221.875 68.6603
    endloop
  endfacet
  facet normal 0 -1 0
    outer loop
      vertex -308.059 221.875 67.2444
      vertex -308.955 221.875 69.9452
      vertex -310 221.875 67.5
    endloop
  endfacet
  facet normal 0 -1 0
    outer loop
      vertex -308.955 221.875 69.9452
      vertex -308.059 221.875 67.2444
      vertex -306.91 221.875 69.5106
    endloop
  endfacet
  facet normal 0 -1 0
    outer loop
      vertex -313.75 221.875 66.4952
      vertex -315 221.875 68.6603
      vertex -316.691 221.875 67.4314
    endloop
  endfacet
  facet normal 0 -1 -0
    outer loop
      vertex -311.045 221.875 69.9452
      vertex -311.941 221.875 67.2444
      vertex -310 221.875 67.5
    endloop
  endfacet
  facet normal 0 -1 -0
    outer loop
      vertex -313.09 221.875 69.5106
      vertex -313.75 221.875 66.4952
      vertex -311.941 221.875 67.2444
    endloop
  endfacet
  facet normal 0 -1 0
    outer loop
      vertex -315.303 221.875 65.3033
      vertex -316.691 221.875 67.4314
      vertex -318.09 221.875 65.8779
    endloop
  endfacet
  facet normal 0 -1 0
    outer loop
      vertex -316.691 221.875 67.4314
      vertex -315.303 221.875 65.3033
      vertex -313.75 221.875 66.4952
    endloop
  endfacet
  facet normal 0 -1 0
    outer loop
      vertex -316.495 221.875 63.75
      vertex -318.09 221.875 65.8779
      vertex -319.135 221.875 64.0674
    endloop
  endfacet
  facet normal 0 -1 0
    outer loop
      vertex -318.09 221.875 65.8779
      vertex -316.495 221.875 63.75
      vertex -315.303 221.875 65.3033
    endloop
  endfacet
  facet normal 0 -1 0
    outer loop
      vertex -317.244 221.875 61.9411
      vertex -319.135 221.875 64.0674
      vertex -319.781 221.875 62.0791
    endloop
  endfacet
  facet normal 0 -1 0
    outer loop
      vertex -319.135 221.875 64.0674
      vertex -317.244 221.875 61.9411
      vertex -316.495 221.875 63.75
    endloop
  endfacet
  facet normal 0 -1 0
    outer loop
      vertex -317.5 221.875 60
      vertex -319.781 221.875 62.0791
      vertex -320 221.875 60
    endloop
  endfacet
  facet normal 0 -1 0
    outer loop
      vertex -319.781 221.875 62.0791
      vertex -317.5 221.875 60
      vertex -317.244 221.875 61.9411
    endloop
  endfacet
  facet normal 0 -1 0
    outer loop
      vertex -319.781 221.875 57.9209
      vertex -317.5 221.875 60
      vertex -320 221.875 60
    endloop
  endfacet
  facet normal 0 -1 -0
    outer loop
      vertex -317.5 221.875 60
      vertex -319.781 221.875 57.9209
      vertex -317.244 221.875 58.0589
    endloop
  endfacet
  facet normal 0 -1 0
    outer loop
      vertex -319.135 221.875 55.9326
      vertex -317.244 221.875 58.0589
      vertex -319.781 221.875 57.9209
    endloop
  endfacet
  facet normal 0 -1 -0
    outer loop
      vertex -317.244 221.875 58.0589
      vertex -319.135 221.875 55.9326
      vertex -316.495 221.875 56.25
    endloop
  endfacet
  facet normal 0 -1 0
    outer loop
      vertex -318.09 221.875 54.1221
      vertex -316.495 221.875 56.25
      vertex -319.135 221.875 55.9326
    endloop
  endfacet
  facet normal 0 -1 -0
    outer loop
      vertex -316.495 221.875 56.25
      vertex -318.09 221.875 54.1221
      vertex -315.303 221.875 54.6967
    endloop
  endfacet
  facet normal 0 -1 0
    outer loop
      vertex -316.691 221.875 52.5686
      vertex -315.303 221.875 54.6967
      vertex -318.09 221.875 54.1221
    endloop
  endfacet
  facet normal 0 -1 -0
    outer loop
      vertex -315.303 221.875 54.6967
      vertex -316.691 221.875 52.5686
      vertex -313.75 221.875 53.5048
    endloop
  endfacet
  facet normal 0 -1 0
    outer loop
      vertex -315 221.875 51.3397
      vertex -313.75 221.875 53.5048
      vertex -316.691 221.875 52.5686
    endloop
  endfacet
  facet normal 0 -1 0
    outer loop
      vertex -313.09 221.875 50.4894
      vertex -313.75 221.875 53.5048
      vertex -315 221.875 51.3397
    endloop
  endfacet
  facet normal 0 -1 0
    outer loop
      vertex -313.75 221.875 53.5048
      vertex -313.09 221.875 50.4894
      vertex -311.941 221.875 52.7556
    endloop
  endfacet
  facet normal 0 -1 0
    outer loop
      vertex -306.25 221.875 66.4952
      vertex -306.91 221.875 69.5106
      vertex -308.059 221.875 67.2444
    endloop
  endfacet
  facet normal 0 -1 0
    outer loop
      vertex -306.91 221.875 69.5106
      vertex -306.25 221.875 66.4952
      vertex -305 221.875 68.6603
    endloop
  endfacet
  facet normal 0 -1 -0
    outer loop
      vertex -305 221.875 68.6603
      vertex -306.25 221.875 66.4952
      vertex -303.309 221.875 67.4314
    endloop
  endfacet
  facet normal 0 -1 0
    outer loop
      vertex -304.697 221.875 65.3033
      vertex -303.309 221.875 67.4314
      vertex -306.25 221.875 66.4952
    endloop
  endfacet
  facet normal 0 -1 -0
    outer loop
      vertex -303.309 221.875 67.4314
      vertex -304.697 221.875 65.3033
      vertex -301.91 221.875 65.8779
    endloop
  endfacet
  facet normal 0 -1 0
    outer loop
      vertex -303.505 221.875 63.75
      vertex -301.91 221.875 65.8779
      vertex -304.697 221.875 65.3033
    endloop
  endfacet
  facet normal 0 -1 -0
    outer loop
      vertex -301.91 221.875 65.8779
      vertex -303.505 221.875 63.75
      vertex -300.865 221.875 64.0674
    endloop
  endfacet
  facet normal 0 -1 0
    outer loop
      vertex -302.756 221.875 61.9411
      vertex -300.865 221.875 64.0674
      vertex -303.505 221.875 63.75
    endloop
  endfacet
  facet normal 0 -1 -0
    outer loop
      vertex -300.865 221.875 64.0674
      vertex -302.756 221.875 61.9411
      vertex -300.219 221.875 62.0791
    endloop
  endfacet
  facet normal 0 -1 0
    outer loop
      vertex -302.5 221.875 60
      vertex -300.219 221.875 62.0791
      vertex -302.756 221.875 61.9411
    endloop
  endfacet
  facet normal 0 -1 0
    outer loop
      vertex -302.5 221.875 60
      vertex -300 221.875 60
      vertex -300.219 221.875 62.0791
    endloop
  endfacet
  facet normal 0 -1 0
    outer loop
      vertex -300.219 221.875 57.9209
      vertex -302.5 221.875 60
      vertex -302.756 221.875 58.0589
    endloop
  endfacet
  facet normal 0 -1 0
    outer loop
      vertex -302.5 221.875 60
      vertex -300.219 221.875 57.9209
      vertex -300 221.875 60
    endloop
  endfacet
  facet normal 0 -1 0
    outer loop
      vertex -300.865 221.875 55.9326
      vertex -302.756 221.875 58.0589
      vertex -303.505 221.875 56.25
    endloop
  endfacet
  facet normal 0 -1 0
    outer loop
      vertex -302.756 221.875 58.0589
      vertex -300.865 221.875 55.9326
      vertex -300.219 221.875 57.9209
    endloop
  endfacet
  facet normal 0 -1 0
    outer loop
      vertex -301.91 221.875 54.1221
      vertex -303.505 221.875 56.25
      vertex -304.697 221.875 54.6967
    endloop
  endfacet
  facet normal 0 -1 0
    outer loop
      vertex -303.505 221.875 56.25
      vertex -301.91 221.875 54.1221
      vertex -300.865 221.875 55.9326
    endloop
  endfacet
  facet normal 0 -1 0
    outer loop
      vertex -303.309 221.875 52.5686
      vertex -304.697 221.875 54.6967
      vertex -306.25 221.875 53.5048
    endloop
  endfacet
  facet normal 0 -1 0
    outer loop
      vertex -306.91 221.875 50.4894
      vertex -306.25 221.875 53.5048
      vertex -308.059 221.875 52.7556
    endloop
  endfacet
  facet normal 0 -1 0
    outer loop
      vertex -304.697 221.875 54.6967
      vertex -303.309 221.875 52.5686
      vertex -301.91 221.875 54.1221
    endloop
  endfacet
  facet normal 0 -1 0
    outer loop
      vertex -308.955 221.875 50.0548
      vertex -308.059 221.875 52.7556
      vertex -310 221.875 52.5
    endloop
  endfacet
  facet normal 0 -1 0
    outer loop
      vertex -311.045 221.875 50.0548
      vertex -311.941 221.875 52.7556
      vertex -313.09 221.875 50.4894
    endloop
  endfacet
  facet normal 0 -1 0
    outer loop
      vertex -306.25 221.875 53.5048
      vertex -305 221.875 51.3397
      vertex -303.309 221.875 52.5686
    endloop
  endfacet
  facet normal 0 -1 0
    outer loop
      vertex -311.941 221.875 52.7556
      vertex -311.045 221.875 50.0548
      vertex -310 221.875 52.5
    endloop
  endfacet
  facet normal 0 -1 -0
    outer loop
      vertex -306.25 221.875 53.5048
      vertex -306.91 221.875 50.4894
      vertex -305 221.875 51.3397
    endloop
  endfacet
  facet normal 0 -1 0
    outer loop
      vertex -308.955 221.875 50.0548
      vertex -310 221.875 52.5
      vertex -311.045 221.875 50.0548
    endloop
  endfacet
  facet normal 0 -1 -0
    outer loop
      vertex -308.059 221.875 52.7556
      vertex -308.955 221.875 50.0548
      vertex -306.91 221.875 50.4894
    endloop
  endfacet
  facet normal -0.207876 0 -0.978155
    outer loop
      vertex -313.09 272.5 50.4894
      vertex -311.045 278.125 50.0548
      vertex -311.045 272.5 50.0548
    endloop
  endfacet
  facet normal -0.207876 0 -0.978155
    outer loop
      vertex -311.045 278.125 50.0548
      vertex -313.09 272.5 50.4894
      vertex -313.09 278.125 50.4894
    endloop
  endfacet
  facet normal -0.207876 0 -0.978155
    outer loop
      vertex -313.09 221.875 50.4894
      vertex -311.045 227.5 50.0548
      vertex -311.045 221.875 50.0548
    endloop
  endfacet
  facet normal -0.207876 0 -0.978155
    outer loop
      vertex -311.045 227.5 50.0548
      vertex -313.09 221.875 50.4894
      vertex -313.09 227.5 50.4894
    endloop
  endfacet
  facet normal 0.207876 0 0.978155
    outer loop
      vertex -308.955 227.5 69.9452
      vertex -306.91 221.875 69.5106
      vertex -306.91 227.5 69.5106
    endloop
  endfacet
  facet normal 0.207876 0 0.978155
    outer loop
      vertex -306.91 221.875 69.5106
      vertex -308.955 227.5 69.9452
      vertex -308.955 221.875 69.9452
    endloop
  endfacet
  facet normal 0.207876 0 0.978155
    outer loop
      vertex -308.955 278.125 69.9452
      vertex -306.91 272.5 69.5106
      vertex -306.91 278.125 69.5106
    endloop
  endfacet
  facet normal 0.207876 0 0.978155
    outer loop
      vertex -306.91 272.5 69.5106
      vertex -308.955 278.125 69.9452
      vertex -308.955 272.5 69.9452
    endloop
  endfacet
  facet normal -0.994498 0 -0.104755
    outer loop
      vertex -319.781 221.875 57.9209
      vertex -320 227.5 60
      vertex -319.781 227.5 57.9209
    endloop
  endfacet
  facet normal -0.994498 -0 -0.104755
    outer loop
      vertex -320 227.5 60
      vertex -319.781 221.875 57.9209
      vertex -320 221.875 60
    endloop
  endfacet
  facet normal -0.994498 0 -0.104755
    outer loop
      vertex -319.781 272.5 57.9209
      vertex -320 278.125 60
      vertex -319.781 278.125 57.9209
    endloop
  endfacet
  facet normal -0.994498 -0 -0.104755
    outer loop
      vertex -320 278.125 60
      vertex -319.781 272.5 57.9209
      vertex -320 272.5 60
    endloop
  endfacet
  facet normal -0.994498 0 0.104755
    outer loop
      vertex -320 272.5 60
      vertex -319.781 278.125 62.0791
      vertex -320 278.125 60
    endloop
  endfacet
  facet normal -0.994498 0 0.104755
    outer loop
      vertex -319.781 278.125 62.0791
      vertex -320 272.5 60
      vertex -319.781 272.5 62.0791
    endloop
  endfacet
  facet normal -0.994498 0 0.104755
    outer loop
      vertex -320 221.875 60
      vertex -319.781 227.5 62.0791
      vertex -320 227.5 60
    endloop
  endfacet
  facet normal -0.994498 0 0.104755
    outer loop
      vertex -319.781 227.5 62.0791
      vertex -320 221.875 60
      vertex -319.781 221.875 62.0791
    endloop
  endfacet
  facet normal -0.866086 0 -0.499895
    outer loop
      vertex -318.09 221.875 54.1221
      vertex -319.135 227.5 55.9326
      vertex -318.09 227.5 54.1221
    endloop
  endfacet
  facet normal -0.866086 -0 -0.499895
    outer loop
      vertex -319.135 227.5 55.9326
      vertex -318.09 221.875 54.1221
      vertex -319.135 221.875 55.9326
    endloop
  endfacet
  facet normal -0.866086 0 -0.499895
    outer loop
      vertex -318.09 272.5 54.1221
      vertex -319.135 278.125 55.9326
      vertex -318.09 278.125 54.1221
    endloop
  endfacet
  facet normal -0.866086 -0 -0.499895
    outer loop
      vertex -319.135 278.125 55.9326
      vertex -318.09 272.5 54.1221
      vertex -319.135 272.5 55.9326
    endloop
  endfacet
  facet normal -0.866086 0 0.499895
    outer loop
      vertex -319.135 272.5 64.0674
      vertex -318.09 278.125 65.8779
      vertex -319.135 278.125 64.0674
    endloop
  endfacet
  facet normal -0.866086 0 0.499895
    outer loop
      vertex -318.09 278.125 65.8779
      vertex -319.135 272.5 64.0674
      vertex -318.09 272.5 65.8779
    endloop
  endfacet
  facet normal -0.866086 0 0.499895
    outer loop
      vertex -319.135 221.875 64.0674
      vertex -318.09 227.5 65.8779
      vertex -319.135 227.5 64.0674
    endloop
  endfacet
  facet normal -0.866086 0 0.499895
    outer loop
      vertex -318.09 227.5 65.8779
      vertex -319.135 221.875 64.0674
      vertex -318.09 221.875 65.8779
    endloop
  endfacet
  facet normal 0.866086 0 -0.499895
    outer loop
      vertex -300.865 221.875 55.9326
      vertex -301.91 227.5 54.1221
      vertex -300.865 227.5 55.9326
    endloop
  endfacet
  facet normal 0.866086 0 -0.499895
    outer loop
      vertex -301.91 227.5 54.1221
      vertex -300.865 221.875 55.9326
      vertex -301.91 221.875 54.1221
    endloop
  endfacet
  facet normal 0.866086 0 -0.499895
    outer loop
      vertex -300.865 272.5 55.9326
      vertex -301.91 278.125 54.1221
      vertex -300.865 278.125 55.9326
    endloop
  endfacet
  facet normal 0.866086 0 -0.499895
    outer loop
      vertex -301.91 278.125 54.1221
      vertex -300.865 272.5 55.9326
      vertex -301.91 272.5 54.1221
    endloop
  endfacet
  facet normal 0.587884 0 0.808945
    outer loop
      vertex -305 278.125 68.6603
      vertex -303.309 272.5 67.4314
      vertex -303.309 278.125 67.4314
    endloop
  endfacet
  facet normal 0.587884 0 0.808945
    outer loop
      vertex -303.309 272.5 67.4314
      vertex -305 278.125 68.6603
      vertex -305 272.5 68.6603
    endloop
  endfacet
  facet normal 0.587884 0 0.808945
    outer loop
      vertex -305 227.5 68.6603
      vertex -303.309 221.875 67.4314
      vertex -303.309 227.5 67.4314
    endloop
  endfacet
  facet normal 0.587884 0 0.808945
    outer loop
      vertex -303.309 221.875 67.4314
      vertex -305 227.5 68.6603
      vertex -305 221.875 68.6603
    endloop
  endfacet
  facet normal -0.587884 0 0.808945
    outer loop
      vertex -316.691 227.5 67.4314
      vertex -315 221.875 68.6603
      vertex -315 227.5 68.6603
    endloop
  endfacet
  facet normal -0.587884 0 0.808945
    outer loop
      vertex -315 221.875 68.6603
      vertex -316.691 227.5 67.4314
      vertex -316.691 221.875 67.4314
    endloop
  endfacet
  facet normal -0.587884 0 0.808945
    outer loop
      vertex -316.691 278.125 67.4314
      vertex -315 272.5 68.6603
      vertex -315 278.125 68.6603
    endloop
  endfacet
  facet normal -0.587884 0 0.808945
    outer loop
      vertex -315 272.5 68.6603
      vertex -316.691 278.125 67.4314
      vertex -316.691 272.5 67.4314
    endloop
  endfacet
  facet normal -0.207876 0 0.978155
    outer loop
      vertex -313.09 227.5 69.5106
      vertex -311.045 221.875 69.9452
      vertex -311.045 227.5 69.9452
    endloop
  endfacet
  facet normal -0.207876 0 0.978155
    outer loop
      vertex -311.045 221.875 69.9452
      vertex -313.09 227.5 69.5106
      vertex -313.09 221.875 69.5106
    endloop
  endfacet
  facet normal -0.207876 0 0.978155
    outer loop
      vertex -313.09 278.125 69.5106
      vertex -311.045 272.5 69.9452
      vertex -311.045 278.125 69.9452
    endloop
  endfacet
  facet normal -0.207876 0 0.978155
    outer loop
      vertex -311.045 272.5 69.9452
      vertex -313.09 278.125 69.5106
      vertex -313.09 272.5 69.5106
    endloop
  endfacet
  facet normal 0 0 -1
    outer loop
      vertex -311.045 272.5 50.0548
      vertex -308.955 278.125 50.0548
      vertex -308.955 272.5 50.0548
    endloop
  endfacet
  facet normal -0 0 -1
    outer loop
      vertex -308.955 278.125 50.0548
      vertex -311.045 272.5 50.0548
      vertex -311.045 278.125 50.0548
    endloop
  endfacet
  facet normal 0 0 -1
    outer loop
      vertex -311.045 221.875 50.0548
      vertex -308.955 227.5 50.0548
      vertex -308.955 221.875 50.0548
    endloop
  endfacet
  facet normal -0 0 -1
    outer loop
      vertex -308.955 227.5 50.0548
      vertex -311.045 221.875 50.0548
      vertex -311.045 227.5 50.0548
    endloop
  endfacet
  facet normal -0.743153 0 -0.669122
    outer loop
      vertex -350.148 227.5 15.4113
      vertex -358.541 272.5 24.7329
      vertex -350.148 272.5 15.4113
    endloop
  endfacet
  facet normal -0.743153 -0 -0.669122
    outer loop
      vertex -358.541 272.5 24.7329
      vertex -350.148 227.5 15.4113
      vertex -358.541 227.5 24.7329
    endloop
  endfacet
  facet normal 0.95106 -0 0.309008
    outer loop
      vertex -255.187 227.5 84.4042
      vertex -251.311 272.5 72.4747
      vertex -255.187 272.5 84.4042
    endloop
  endfacet
  facet normal 0.95106 0 0.309008
    outer loop
      vertex -251.311 272.5 72.4747
      vertex -255.187 227.5 84.4042
      vertex -251.311 227.5 72.4747
    endloop
  endfacet
  facet normal 0.994523 -0 0.104517
    outer loop
      vertex -251.311 227.5 72.4747
      vertex -250 272.5 60
      vertex -251.311 272.5 72.4747
    endloop
  endfacet
  facet normal 0.994523 0 0.104517
    outer loop
      vertex -250 272.5 60
      vertex -251.311 227.5 72.4747
      vertex -250 227.5 60
    endloop
  endfacet
  facet normal 0.866015 -0 0.500018
    outer loop
      vertex -261.459 227.5 95.2671
      vertex -255.187 272.5 84.4042
      vertex -261.459 272.5 95.2671
    endloop
  endfacet
  facet normal 0.866015 0 0.500018
    outer loop
      vertex -255.187 272.5 84.4042
      vertex -261.459 227.5 95.2671
      vertex -255.187 227.5 84.4042
    endloop
  endfacet
  facet normal 0.95106 0 -0.309008
    outer loop
      vertex -251.311 227.5 47.5253
      vertex -255.187 272.5 35.5958
      vertex -251.311 272.5 47.5253
    endloop
  endfacet
  facet normal 0.95106 0 -0.309008
    outer loop
      vertex -255.187 272.5 35.5958
      vertex -251.311 227.5 47.5253
      vertex -255.187 227.5 35.5958
    endloop
  endfacet
  facet normal -0.587788 0 0.809015
    outer loop
      vertex -350.148 272.5 104.589
      vertex -340 227.5 111.962
      vertex -340 272.5 111.962
    endloop
  endfacet
  facet normal -0.587788 0 0.809015
    outer loop
      vertex -340 227.5 111.962
      vertex -350.148 272.5 104.589
      vertex -350.148 227.5 104.589
    endloop
  endfacet
  facet normal 0.587778 0 -0.809022
    outer loop
      vertex -280 227.5 8.03848
      vertex -269.852 272.5 15.4113
      vertex -269.852 227.5 15.4113
    endloop
  endfacet
  facet normal 0.587778 0 -0.809022
    outer loop
      vertex -269.852 272.5 15.4113
      vertex -280 227.5 8.03848
      vertex -280 272.5 8.03848
    endloop
  endfacet
  facet normal 0.743153 0 -0.669122
    outer loop
      vertex -261.459 227.5 24.7329
      vertex -269.852 272.5 15.4113
      vertex -261.459 272.5 24.7329
    endloop
  endfacet
  facet normal 0.743153 0 -0.669122
    outer loop
      vertex -269.852 272.5 15.4113
      vertex -261.459 227.5 24.7329
      vertex -269.852 227.5 15.4113
    endloop
  endfacet
  facet normal 0.994523 0 -0.104517
    outer loop
      vertex -250 227.5 60
      vertex -251.311 272.5 47.5253
      vertex -250 272.5 60
    endloop
  endfacet
  facet normal 0.994523 0 -0.104517
    outer loop
      vertex -251.311 272.5 47.5253
      vertex -250 227.5 60
      vertex -251.311 227.5 47.5253
    endloop
  endfacet
  facet normal -0.406736 0 -0.913546
    outer loop
      vertex -340 227.5 8.03848
      vertex -328.541 272.5 2.93661
      vertex -328.541 227.5 2.93661
    endloop
  endfacet
  facet normal -0.406736 0 -0.913546
    outer loop
      vertex -328.541 272.5 2.93661
      vertex -340 227.5 8.03848
      vertex -340 272.5 8.03848
    endloop
  endfacet
  facet normal 0.406678 0 0.913571
    outer loop
      vertex -291.459 272.5 117.063
      vertex -280 227.5 111.962
      vertex -280 272.5 111.962
    endloop
  endfacet
  facet normal 0.406678 0 0.913571
    outer loop
      vertex -280 227.5 111.962
      vertex -291.459 272.5 117.063
      vertex -291.459 227.5 117.063
    endloop
  endfacet
  facet normal 0.743164 -0 0.66911
    outer loop
      vertex -269.852 227.5 104.589
      vertex -261.459 272.5 95.2671
      vertex -269.852 272.5 104.589
    endloop
  endfacet
  facet normal 0.743164 0 0.66911
    outer loop
      vertex -261.459 272.5 95.2671
      vertex -269.852 227.5 104.589
      vertex -261.459 227.5 95.2671
    endloop
  endfacet
  facet normal -0.587778 0 -0.809022
    outer loop
      vertex -350.148 227.5 15.4113
      vertex -340 272.5 8.03848
      vertex -340 227.5 8.03848
    endloop
  endfacet
  facet normal -0.587778 0 -0.809022
    outer loop
      vertex -340 272.5 8.03848
      vertex -350.148 227.5 15.4113
      vertex -350.148 272.5 15.4113
    endloop
  endfacet
  facet normal -0.743164 0 0.66911
    outer loop
      vertex -358.541 227.5 95.2671
      vertex -350.148 272.5 104.589
      vertex -358.541 272.5 95.2671
    endloop
  endfacet
  facet normal -0.743164 0 0.66911
    outer loop
      vertex -350.148 272.5 104.589
      vertex -358.541 227.5 95.2671
      vertex -350.148 227.5 104.589
    endloop
  endfacet
  facet normal -0 0 1
    outer loop
      vertex -316.272 272.5 119.671
      vertex -303.728 227.5 119.671
      vertex -303.728 272.5 119.671
    endloop
  endfacet
  facet normal 0 0 1
    outer loop
      vertex -303.728 227.5 119.671
      vertex -316.272 272.5 119.671
      vertex -316.272 227.5 119.671
    endloop
  endfacet
  facet normal 0.406736 0 -0.913546
    outer loop
      vertex -291.459 227.5 2.93661
      vertex -280 272.5 8.03848
      vertex -280 227.5 8.03848
    endloop
  endfacet
  facet normal 0.406736 0 -0.913546
    outer loop
      vertex -280 272.5 8.03848
      vertex -291.459 227.5 2.93661
      vertex -291.459 272.5 2.93661
    endloop
  endfacet
  facet normal 0.207917 0 -0.978147
    outer loop
      vertex -303.728 227.5 0.328687
      vertex -291.459 272.5 2.93661
      vertex -291.459 227.5 2.93661
    endloop
  endfacet
  facet normal 0.207917 0 -0.978147
    outer loop
      vertex -291.459 272.5 2.93661
      vertex -303.728 227.5 0.328687
      vertex -303.728 272.5 0.328687
    endloop
  endfacet
  facet normal -0.95106 0 0.309008
    outer loop
      vertex -368.689 227.5 72.4747
      vertex -364.813 272.5 84.4042
      vertex -368.689 272.5 72.4747
    endloop
  endfacet
  facet normal -0.95106 0 0.309008
    outer loop
      vertex -364.813 272.5 84.4042
      vertex -368.689 227.5 72.4747
      vertex -364.813 227.5 84.4042
    endloop
  endfacet
  facet normal 0 1 0
    outer loop
      vertex -308.955 272.5 69.9452
      vertex -303.728 272.5 119.671
      vertex -291.459 272.5 117.063
    endloop
  endfacet
  facet normal 0 1 0
    outer loop
      vertex -303.728 272.5 119.671
      vertex -308.955 272.5 69.9452
      vertex -316.272 272.5 119.671
    endloop
  endfacet
  facet normal 0 1 0
    outer loop
      vertex -306.91 272.5 69.5106
      vertex -291.459 272.5 117.063
      vertex -280 272.5 111.962
    endloop
  endfacet
  facet normal 0 1 -0
    outer loop
      vertex -311.045 272.5 69.9452
      vertex -316.272 272.5 119.671
      vertex -308.955 272.5 69.9452
    endloop
  endfacet
  facet normal 0 1 0
    outer loop
      vertex -305 272.5 68.6603
      vertex -280 272.5 111.962
      vertex -269.852 272.5 104.589
    endloop
  endfacet
  facet normal 0 1 0
    outer loop
      vertex -316.272 272.5 119.671
      vertex -311.045 272.5 69.9452
      vertex -328.541 272.5 117.063
    endloop
  endfacet
  facet normal 0 1 0
    outer loop
      vertex -303.309 272.5 67.4314
      vertex -269.852 272.5 104.589
      vertex -261.459 272.5 95.2671
    endloop
  endfacet
  facet normal 0 1 -0
    outer loop
      vertex -313.09 272.5 69.5106
      vertex -328.541 272.5 117.063
      vertex -311.045 272.5 69.9452
    endloop
  endfacet
  facet normal 0 1 0
    outer loop
      vertex -301.91 272.5 65.8779
      vertex -261.459 272.5 95.2671
      vertex -255.187 272.5 84.4042
    endloop
  endfacet
  facet normal 0 1 0
    outer loop
      vertex -328.541 272.5 117.063
      vertex -313.09 272.5 69.5106
      vertex -340 272.5 111.962
    endloop
  endfacet
  facet normal 0 1 0
    outer loop
      vertex -300.865 272.5 64.0674
      vertex -255.187 272.5 84.4042
      vertex -251.311 272.5 72.4747
    endloop
  endfacet
  facet normal 0 1 -0
    outer loop
      vertex -315 272.5 68.6603
      vertex -340 272.5 111.962
      vertex -313.09 272.5 69.5106
    endloop
  endfacet
  facet normal 0 1 0
    outer loop
      vertex -340 272.5 111.962
      vertex -315 272.5 68.6603
      vertex -350.148 272.5 104.589
    endloop
  endfacet
  facet normal 0 1 0
    outer loop
      vertex -291.459 272.5 117.063
      vertex -306.91 272.5 69.5106
      vertex -308.955 272.5 69.9452
    endloop
  endfacet
  facet normal 0 1 0
    outer loop
      vertex -280 272.5 111.962
      vertex -305 272.5 68.6603
      vertex -306.91 272.5 69.5106
    endloop
  endfacet
  facet normal 0 1 0
    outer loop
      vertex -269.852 272.5 104.589
      vertex -303.309 272.5 67.4314
      vertex -305 272.5 68.6603
    endloop
  endfacet
  facet normal 0 1 0
    outer loop
      vertex -261.459 272.5 95.2671
      vertex -301.91 272.5 65.8779
      vertex -303.309 272.5 67.4314
    endloop
  endfacet
  facet normal 0 1 0
    outer loop
      vertex -255.187 272.5 84.4042
      vertex -300.865 272.5 64.0674
      vertex -301.91 272.5 65.8779
    endloop
  endfacet
  facet normal 0 1 0
    outer loop
      vertex -251.311 272.5 72.4747
      vertex -300.219 272.5 62.0791
      vertex -300.865 272.5 64.0674
    endloop
  endfacet
  facet normal 0 1 0
    outer loop
      vertex -250 272.5 60
      vertex -300.219 272.5 62.0791
      vertex -251.311 272.5 72.4747
    endloop
  endfacet
  facet normal 0 1 0
    outer loop
      vertex -250 272.5 60
      vertex -300 272.5 60
      vertex -300.219 272.5 62.0791
    endloop
  endfacet
  facet normal 0 1 0
    outer loop
      vertex -250 272.5 60
      vertex -300.219 272.5 57.9209
      vertex -300 272.5 60
    endloop
  endfacet
  facet normal 0 1 -0
    outer loop
      vertex -251.311 272.5 47.5253
      vertex -300.219 272.5 57.9209
      vertex -250 272.5 60
    endloop
  endfacet
  facet normal 0 1 0
    outer loop
      vertex -300.219 272.5 57.9209
      vertex -251.311 272.5 47.5253
      vertex -300.865 272.5 55.9326
    endloop
  endfacet
  facet normal 0 1 -0
    outer loop
      vertex -255.187 272.5 35.5958
      vertex -300.865 272.5 55.9326
      vertex -251.311 272.5 47.5253
    endloop
  endfacet
  facet normal 0 1 0
    outer loop
      vertex -300.865 272.5 55.9326
      vertex -255.187 272.5 35.5958
      vertex -301.91 272.5 54.1221
    endloop
  endfacet
  facet normal 0 1 -0
    outer loop
      vertex -261.459 272.5 24.7329
      vertex -301.91 272.5 54.1221
      vertex -255.187 272.5 35.5958
    endloop
  endfacet
  facet normal 0 1 0
    outer loop
      vertex -301.91 272.5 54.1221
      vertex -261.459 272.5 24.7329
      vertex -303.309 272.5 52.5686
    endloop
  endfacet
  facet normal 0 1 0
    outer loop
      vertex -303.309 272.5 52.5686
      vertex -269.852 272.5 15.4113
      vertex -305 272.5 51.3397
    endloop
  endfacet
  facet normal 0 1 -0
    outer loop
      vertex -269.852 272.5 15.4113
      vertex -303.309 272.5 52.5686
      vertex -261.459 272.5 24.7329
    endloop
  endfacet
  facet normal 0 1 -0
    outer loop
      vertex -316.691 272.5 67.4314
      vertex -350.148 272.5 104.589
      vertex -315 272.5 68.6603
    endloop
  endfacet
  facet normal 0 1 0
    outer loop
      vertex -350.148 272.5 104.589
      vertex -316.691 272.5 67.4314
      vertex -358.541 272.5 95.2671
    endloop
  endfacet
  facet normal 0 1 -0
    outer loop
      vertex -318.09 272.5 65.8779
      vertex -358.541 272.5 95.2671
      vertex -316.691 272.5 67.4314
    endloop
  endfacet
  facet normal 0 1 0
    outer loop
      vertex -358.541 272.5 95.2671
      vertex -318.09 272.5 65.8779
      vertex -364.813 272.5 84.4042
    endloop
  endfacet
  facet normal 0 1 -0
    outer loop
      vertex -319.135 272.5 64.0674
      vertex -364.813 272.5 84.4042
      vertex -318.09 272.5 65.8779
    endloop
  endfacet
  facet normal 0 1 0
    outer loop
      vertex -364.813 272.5 84.4042
      vertex -319.135 272.5 64.0674
      vertex -368.689 272.5 72.4747
    endloop
  endfacet
  facet normal 0 1 -0
    outer loop
      vertex -319.781 272.5 62.0791
      vertex -368.689 272.5 72.4747
      vertex -319.135 272.5 64.0674
    endloop
  endfacet
  facet normal 0 1 -0
    outer loop
      vertex -320 272.5 60
      vertex -368.689 272.5 72.4747
      vertex -319.781 272.5 62.0791
    endloop
  endfacet
  facet normal 0 1 0
    outer loop
      vertex -320 272.5 60
      vertex -370 272.5 60
      vertex -368.689 272.5 72.4747
    endloop
  endfacet
  facet normal 0 1 0
    outer loop
      vertex -319.781 272.5 57.9209
      vertex -370 272.5 60
      vertex -320 272.5 60
    endloop
  endfacet
  facet normal 0 1 0
    outer loop
      vertex -368.689 272.5 47.5253
      vertex -319.781 272.5 57.9209
      vertex -319.135 272.5 55.9326
    endloop
  endfacet
  facet normal 0 1 0
    outer loop
      vertex -364.813 272.5 35.5958
      vertex -319.135 272.5 55.9326
      vertex -318.09 272.5 54.1221
    endloop
  endfacet
  facet normal 0 1 0
    outer loop
      vertex -358.541 272.5 24.7329
      vertex -318.09 272.5 54.1221
      vertex -316.691 272.5 52.5686
    endloop
  endfacet
  facet normal 0 1 0
    outer loop
      vertex -350.148 272.5 15.4113
      vertex -316.691 272.5 52.5686
      vertex -315 272.5 51.3397
    endloop
  endfacet
  facet normal 0 1 0
    outer loop
      vertex -340 272.5 8.03848
      vertex -315 272.5 51.3397
      vertex -313.09 272.5 50.4894
    endloop
  endfacet
  facet normal 0 1 0
    outer loop
      vertex -328.541 272.5 2.93661
      vertex -313.09 272.5 50.4894
      vertex -311.045 272.5 50.0548
    endloop
  endfacet
  facet normal 0 1 0
    outer loop
      vertex -319.781 272.5 57.9209
      vertex -368.689 272.5 47.5253
      vertex -370 272.5 60
    endloop
  endfacet
  facet normal 0 1 -0
    outer loop
      vertex -280 272.5 8.03848
      vertex -305 272.5 51.3397
      vertex -269.852 272.5 15.4113
    endloop
  endfacet
  facet normal 0 1 0
    outer loop
      vertex -305 272.5 51.3397
      vertex -280 272.5 8.03848
      vertex -306.91 272.5 50.4894
    endloop
  endfacet
  facet normal 0 1 0
    outer loop
      vertex -319.135 272.5 55.9326
      vertex -364.813 272.5 35.5958
      vertex -368.689 272.5 47.5253
    endloop
  endfacet
  facet normal 0 1 -0
    outer loop
      vertex -291.459 272.5 2.93661
      vertex -306.91 272.5 50.4894
      vertex -280 272.5 8.03848
    endloop
  endfacet
  facet normal 0 1 0
    outer loop
      vertex -318.09 272.5 54.1221
      vertex -358.541 272.5 24.7329
      vertex -364.813 272.5 35.5958
    endloop
  endfacet
  facet normal 0 1 0
    outer loop
      vertex -306.91 272.5 50.4894
      vertex -291.459 272.5 2.93661
      vertex -308.955 272.5 50.0548
    endloop
  endfacet
  facet normal 0 1 0
    outer loop
      vertex -316.691 272.5 52.5686
      vertex -350.148 272.5 15.4113
      vertex -358.541 272.5 24.7329
    endloop
  endfacet
  facet normal 0 1 -0
    outer loop
      vertex -303.728 272.5 0.328687
      vertex -308.955 272.5 50.0548
      vertex -291.459 272.5 2.93661
    endloop
  endfacet
  facet normal 0 1 0
    outer loop
      vertex -315 272.5 51.3397
      vertex -340 272.5 8.03848
      vertex -350.148 272.5 15.4113
    endloop
  endfacet
  facet normal 0 1 0
    outer loop
      vertex -308.955 272.5 50.0548
      vertex -303.728 272.5 0.328687
      vertex -311.045 272.5 50.0548
    endloop
  endfacet
  facet normal 0 1 0
    outer loop
      vertex -313.09 272.5 50.4894
      vertex -328.541 272.5 2.93661
      vertex -340 272.5 8.03848
    endloop
  endfacet
  facet normal 0 1 0
    outer loop
      vertex -316.272 272.5 0.328687
      vertex -311.045 272.5 50.0548
      vertex -303.728 272.5 0.328687
    endloop
  endfacet
  facet normal 0 1 0
    outer loop
      vertex -311.045 272.5 50.0548
      vertex -316.272 272.5 0.328687
      vertex -328.541 272.5 2.93661
    endloop
  endfacet
  facet normal -0.95106 0 -0.309008
    outer loop
      vertex -364.813 227.5 35.5958
      vertex -368.689 272.5 47.5253
      vertex -364.813 272.5 35.5958
    endloop
  endfacet
  facet normal -0.95106 -0 -0.309008
    outer loop
      vertex -368.689 272.5 47.5253
      vertex -364.813 227.5 35.5958
      vertex -368.689 227.5 47.5253
    endloop
  endfacet
  facet normal -0.406678 0 0.913571
    outer loop
      vertex -340 272.5 111.962
      vertex -328.541 227.5 117.063
      vertex -328.541 272.5 117.063
    endloop
  endfacet
  facet normal -0.406678 0 0.913571
    outer loop
      vertex -328.541 227.5 117.063
      vertex -340 272.5 111.962
      vertex -340 227.5 111.962
    endloop
  endfacet
  facet normal 0 -1 0
    outer loop
      vertex -311.045 227.5 69.9452
      vertex -316.272 227.5 119.671
      vertex -328.541 227.5 117.063
    endloop
  endfacet
  facet normal 0 -1 0
    outer loop
      vertex -316.272 227.5 119.671
      vertex -311.045 227.5 69.9452
      vertex -303.728 227.5 119.671
    endloop
  endfacet
  facet normal 0 -1 0
    outer loop
      vertex -313.09 227.5 69.5106
      vertex -328.541 227.5 117.063
      vertex -340 227.5 111.962
    endloop
  endfacet
  facet normal 0 -1 0
    outer loop
      vertex -308.955 227.5 69.9452
      vertex -303.728 227.5 119.671
      vertex -311.045 227.5 69.9452
    endloop
  endfacet
  facet normal 0 -1 0
    outer loop
      vertex -315 227.5 68.6603
      vertex -340 227.5 111.962
      vertex -350.148 227.5 104.589
    endloop
  endfacet
  facet normal 0 -1 -0
    outer loop
      vertex -303.728 227.5 119.671
      vertex -308.955 227.5 69.9452
      vertex -291.459 227.5 117.063
    endloop
  endfacet
  facet normal 0 -1 0
    outer loop
      vertex -316.691 227.5 67.4314
      vertex -350.148 227.5 104.589
      vertex -358.541 227.5 95.2671
    endloop
  endfacet
  facet normal 0 -1 0
    outer loop
      vertex -306.91 227.5 69.5106
      vertex -291.459 227.5 117.063
      vertex -308.955 227.5 69.9452
    endloop
  endfacet
  facet normal 0 -1 0
    outer loop
      vertex -318.09 227.5 65.8779
      vertex -358.541 227.5 95.2671
      vertex -364.813 227.5 84.4042
    endloop
  endfacet
  facet normal 0 -1 -0
    outer loop
      vertex -291.459 227.5 117.063
      vertex -306.91 227.5 69.5106
      vertex -280 227.5 111.962
    endloop
  endfacet
  facet normal 0 -1 0
    outer loop
      vertex -319.135 227.5 64.0674
      vertex -364.813 227.5 84.4042
      vertex -368.689 227.5 72.4747
    endloop
  endfacet
  facet normal 0 -1 0
    outer loop
      vertex -305 227.5 68.6603
      vertex -280 227.5 111.962
      vertex -306.91 227.5 69.5106
    endloop
  endfacet
  facet normal 0 -1 -0
    outer loop
      vertex -280 227.5 111.962
      vertex -305 227.5 68.6603
      vertex -269.852 227.5 104.589
    endloop
  endfacet
  facet normal 0 -1 0
    outer loop
      vertex -328.541 227.5 117.063
      vertex -313.09 227.5 69.5106
      vertex -311.045 227.5 69.9452
    endloop
  endfacet
  facet normal 0 -1 0
    outer loop
      vertex -340 227.5 111.962
      vertex -315 227.5 68.6603
      vertex -313.09 227.5 69.5106
    endloop
  endfacet
  facet normal 0 -1 0
    outer loop
      vertex -350.148 227.5 104.589
      vertex -316.691 227.5 67.4314
      vertex -315 227.5 68.6603
    endloop
  endfacet
  facet normal 0 -1 0
    outer loop
      vertex -358.541 227.5 95.2671
      vertex -318.09 227.5 65.8779
      vertex -316.691 227.5 67.4314
    endloop
  endfacet
  facet normal 0 -1 0
    outer loop
      vertex -364.813 227.5 84.4042
      vertex -319.135 227.5 64.0674
      vertex -318.09 227.5 65.8779
    endloop
  endfacet
  facet normal 0 -1 0
    outer loop
      vertex -368.689 227.5 72.4747
      vertex -319.781 227.5 62.0791
      vertex -319.135 227.5 64.0674
    endloop
  endfacet
  facet normal 0 -1 0
    outer loop
      vertex -370 227.5 60
      vertex -319.781 227.5 62.0791
      vertex -368.689 227.5 72.4747
    endloop
  endfacet
  facet normal 0 -1 0
    outer loop
      vertex -370 227.5 60
      vertex -320 227.5 60
      vertex -319.781 227.5 62.0791
    endloop
  endfacet
  facet normal 0 -1 0
    outer loop
      vertex -370 227.5 60
      vertex -319.781 227.5 57.9209
      vertex -320 227.5 60
    endloop
  endfacet
  facet normal 0 -1 0
    outer loop
      vertex -368.689 227.5 47.5253
      vertex -319.781 227.5 57.9209
      vertex -370 227.5 60
    endloop
  endfacet
  facet normal 0 -1 -0
    outer loop
      vertex -319.781 227.5 57.9209
      vertex -368.689 227.5 47.5253
      vertex -319.135 227.5 55.9326
    endloop
  endfacet
  facet normal 0 -1 0
    outer loop
      vertex -364.813 227.5 35.5958
      vertex -319.135 227.5 55.9326
      vertex -368.689 227.5 47.5253
    endloop
  endfacet
  facet normal 0 -1 -0
    outer loop
      vertex -319.135 227.5 55.9326
      vertex -364.813 227.5 35.5958
      vertex -318.09 227.5 54.1221
    endloop
  endfacet
  facet normal 0 -1 0
    outer loop
      vertex -358.541 227.5 24.7329
      vertex -318.09 227.5 54.1221
      vertex -364.813 227.5 35.5958
    endloop
  endfacet
  facet normal 0 -1 -0
    outer loop
      vertex -318.09 227.5 54.1221
      vertex -358.541 227.5 24.7329
      vertex -316.691 227.5 52.5686
    endloop
  endfacet
  facet normal 0 -1 -0
    outer loop
      vertex -316.691 227.5 52.5686
      vertex -350.148 227.5 15.4113
      vertex -315 227.5 51.3397
    endloop
  endfacet
  facet normal 0 -1 0
    outer loop
      vertex -350.148 227.5 15.4113
      vertex -316.691 227.5 52.5686
      vertex -358.541 227.5 24.7329
    endloop
  endfacet
  facet normal 0 -1 0
    outer loop
      vertex -303.309 227.5 67.4314
      vertex -269.852 227.5 104.589
      vertex -305 227.5 68.6603
    endloop
  endfacet
  facet normal 0 -1 -0
    outer loop
      vertex -269.852 227.5 104.589
      vertex -303.309 227.5 67.4314
      vertex -261.459 227.5 95.2671
    endloop
  endfacet
  facet normal 0 -1 0
    outer loop
      vertex -301.91 227.5 65.8779
      vertex -261.459 227.5 95.2671
      vertex -303.309 227.5 67.4314
    endloop
  endfacet
  facet normal 0 -1 -0
    outer loop
      vertex -261.459 227.5 95.2671
      vertex -301.91 227.5 65.8779
      vertex -255.187 227.5 84.4042
    endloop
  endfacet
  facet normal 0 -1 0
    outer loop
      vertex -300.865 227.5 64.0674
      vertex -255.187 227.5 84.4042
      vertex -301.91 227.5 65.8779
    endloop
  endfacet
  facet normal 0 -1 -0
    outer loop
      vertex -255.187 227.5 84.4042
      vertex -300.865 227.5 64.0674
      vertex -251.311 227.5 72.4747
    endloop
  endfacet
  facet normal 0 -1 0
    outer loop
      vertex -300.219 227.5 62.0791
      vertex -251.311 227.5 72.4747
      vertex -300.865 227.5 64.0674
    endloop
  endfacet
  facet normal 0 -1 0
    outer loop
      vertex -300 227.5 60
      vertex -251.311 227.5 72.4747
      vertex -300.219 227.5 62.0791
    endloop
  endfacet
  facet normal 0 -1 0
    outer loop
      vertex -300 227.5 60
      vertex -250 227.5 60
      vertex -251.311 227.5 72.4747
    endloop
  endfacet
  facet normal 0 -1 0
    outer loop
      vertex -300.219 227.5 57.9209
      vertex -250 227.5 60
      vertex -300 227.5 60
    endloop
  endfacet
  facet normal 0 -1 0
    outer loop
      vertex -251.311 227.5 47.5253
      vertex -300.219 227.5 57.9209
      vertex -300.865 227.5 55.9326
    endloop
  endfacet
  facet normal 0 -1 0
    outer loop
      vertex -255.187 227.5 35.5958
      vertex -300.865 227.5 55.9326
      vertex -301.91 227.5 54.1221
    endloop
  endfacet
  facet normal 0 -1 0
    outer loop
      vertex -261.459 227.5 24.7329
      vertex -301.91 227.5 54.1221
      vertex -303.309 227.5 52.5686
    endloop
  endfacet
  facet normal 0 -1 0
    outer loop
      vertex -269.852 227.5 15.4113
      vertex -303.309 227.5 52.5686
      vertex -305 227.5 51.3397
    endloop
  endfacet
  facet normal 0 -1 0
    outer loop
      vertex -280 227.5 8.03848
      vertex -305 227.5 51.3397
      vertex -306.91 227.5 50.4894
    endloop
  endfacet
  facet normal 0 -1 0
    outer loop
      vertex -291.459 227.5 2.93661
      vertex -306.91 227.5 50.4894
      vertex -308.955 227.5 50.0548
    endloop
  endfacet
  facet normal 0 -1 0
    outer loop
      vertex -300.219 227.5 57.9209
      vertex -251.311 227.5 47.5253
      vertex -250 227.5 60
    endloop
  endfacet
  facet normal 0 -1 0
    outer loop
      vertex -340 227.5 8.03848
      vertex -315 227.5 51.3397
      vertex -350.148 227.5 15.4113
    endloop
  endfacet
  facet normal 0 -1 -0
    outer loop
      vertex -315 227.5 51.3397
      vertex -340 227.5 8.03848
      vertex -313.09 227.5 50.4894
    endloop
  endfacet
  facet normal 0 -1 0
    outer loop
      vertex -300.865 227.5 55.9326
      vertex -255.187 227.5 35.5958
      vertex -251.311 227.5 47.5253
    endloop
  endfacet
  facet normal 0 -1 0
    outer loop
      vertex -328.541 227.5 2.93661
      vertex -313.09 227.5 50.4894
      vertex -340 227.5 8.03848
    endloop
  endfacet
  facet normal 0 -1 0
    outer loop
      vertex -301.91 227.5 54.1221
      vertex -261.459 227.5 24.7329
      vertex -255.187 227.5 35.5958
    endloop
  endfacet
  facet normal 0 -1 -0
    outer loop
      vertex -313.09 227.5 50.4894
      vertex -328.541 227.5 2.93661
      vertex -311.045 227.5 50.0548
    endloop
  endfacet
  facet normal 0 -1 0
    outer loop
      vertex -303.309 227.5 52.5686
      vertex -269.852 227.5 15.4113
      vertex -261.459 227.5 24.7329
    endloop
  endfacet
  facet normal 0 -1 0
    outer loop
      vertex -316.272 227.5 0.328687
      vertex -311.045 227.5 50.0548
      vertex -328.541 227.5 2.93661
    endloop
  endfacet
  facet normal 0 -1 0
    outer loop
      vertex -305 227.5 51.3397
      vertex -280 227.5 8.03848
      vertex -269.852 227.5 15.4113
    endloop
  endfacet
  facet normal 0 -1 -0
    outer loop
      vertex -311.045 227.5 50.0548
      vertex -316.272 227.5 0.328687
      vertex -308.955 227.5 50.0548
    endloop
  endfacet
  facet normal 0 -1 0
    outer loop
      vertex -306.91 227.5 50.4894
      vertex -291.459 227.5 2.93661
      vertex -280 227.5 8.03848
    endloop
  endfacet
  facet normal 0 -1 0
    outer loop
      vertex -303.728 227.5 0.328687
      vertex -308.955 227.5 50.0548
      vertex -316.272 227.5 0.328687
    endloop
  endfacet
  facet normal 0 -1 0
    outer loop
      vertex -308.955 227.5 50.0548
      vertex -303.728 227.5 0.328687
      vertex -291.459 227.5 2.93661
    endloop
  endfacet
  facet normal -0.207917 0 -0.978147
    outer loop
      vertex -328.541 227.5 2.93661
      vertex -316.272 272.5 0.328687
      vertex -316.272 227.5 0.328687
    endloop
  endfacet
  facet normal -0.207917 0 -0.978147
    outer loop
      vertex -316.272 272.5 0.328687
      vertex -328.541 227.5 2.93661
      vertex -328.541 272.5 2.93661
    endloop
  endfacet
  facet normal 0.207923 0 0.978145
    outer loop
      vertex -303.728 272.5 119.671
      vertex -291.459 227.5 117.063
      vertex -291.459 272.5 117.063
    endloop
  endfacet
  facet normal 0.207923 0 0.978145
    outer loop
      vertex -291.459 227.5 117.063
      vertex -303.728 272.5 119.671
      vertex -303.728 227.5 119.671
    endloop
  endfacet
  facet normal -0.994523 0 -0.104517
    outer loop
      vertex -368.689 227.5 47.5253
      vertex -370 272.5 60
      vertex -368.689 272.5 47.5253
    endloop
  endfacet
  facet normal -0.994523 -0 -0.104517
    outer loop
      vertex -370 272.5 60
      vertex -368.689 227.5 47.5253
      vertex -370 227.5 60
    endloop
  endfacet
  facet normal -0.866015 0 -0.500018
    outer loop
      vertex -358.541 227.5 24.7329
      vertex -364.813 272.5 35.5958
      vertex -358.541 272.5 24.7329
    endloop
  endfacet
  facet normal -0.866015 -0 -0.500018
    outer loop
      vertex -364.813 272.5 35.5958
      vertex -358.541 227.5 24.7329
      vertex -364.813 227.5 35.5958
    endloop
  endfacet
  facet normal -0.866015 0 0.500018
    outer loop
      vertex -364.813 227.5 84.4042
      vertex -358.541 272.5 95.2671
      vertex -364.813 272.5 84.4042
    endloop
  endfacet
  facet normal -0.866015 0 0.500018
    outer loop
      vertex -358.541 272.5 95.2671
      vertex -364.813 227.5 84.4042
      vertex -358.541 227.5 95.2671
    endloop
  endfacet
  facet normal 0.866015 0 -0.500018
    outer loop
      vertex -255.187 227.5 35.5958
      vertex -261.459 272.5 24.7329
      vertex -255.187 272.5 35.5958
    endloop
  endfacet
  facet normal 0.866015 0 -0.500018
    outer loop
      vertex -261.459 272.5 24.7329
      vertex -255.187 227.5 35.5958
      vertex -261.459 227.5 24.7329
    endloop
  endfacet
  facet normal 0.587788 0 0.809015
    outer loop
      vertex -280 272.5 111.962
      vertex -269.852 227.5 104.589
      vertex -269.852 272.5 104.589
    endloop
  endfacet
  facet normal 0.587788 0 0.809015
    outer loop
      vertex -269.852 227.5 104.589
      vertex -280 272.5 111.962
      vertex -280 227.5 111.962
    endloop
  endfacet
  facet normal -0.207923 0 0.978145
    outer loop
      vertex -328.541 272.5 117.063
      vertex -316.272 227.5 119.671
      vertex -316.272 272.5 119.671
    endloop
  endfacet
  facet normal -0.207923 0 0.978145
    outer loop
      vertex -316.272 227.5 119.671
      vertex -328.541 272.5 117.063
      vertex -328.541 227.5 117.063
    endloop
  endfacet
  facet normal 0 0 -1
    outer loop
      vertex -316.272 227.5 0.328687
      vertex -303.728 272.5 0.328687
      vertex -303.728 227.5 0.328687
    endloop
  endfacet
  facet normal -0 0 -1
    outer loop
      vertex -303.728 272.5 0.328687
      vertex -316.272 227.5 0.328687
      vertex -316.272 272.5 0.328687
    endloop
  endfacet
  facet normal -0.994523 0 0.104517
    outer loop
      vertex -370 227.5 60
      vertex -368.689 272.5 72.4747
      vertex -370 272.5 60
    endloop
  endfacet
  facet normal -0.994523 0 0.104517
    outer loop
      vertex -368.689 272.5 72.4747
      vertex -370 227.5 60
      vertex -368.689 227.5 72.4747
    endloop
  endfacet
  facet normal 0.923928 -0 0.382565
    outer loop
      vertex -303.505 -221.875 63.75
      vertex -302.756 221.875 61.9411
      vertex -303.505 221.875 63.75
    endloop
  endfacet
  facet normal 0.923928 0 0.382565
    outer loop
      vertex -302.756 221.875 61.9411
      vertex -303.505 -221.875 63.75
      vertex -302.756 -221.875 61.9411
    endloop
  endfacet
  facet normal 0.991415 -0 0.130752
    outer loop
      vertex -302.756 -221.875 61.9411
      vertex -302.5 221.875 60
      vertex -302.756 221.875 61.9411
    endloop
  endfacet
  facet normal 0.991415 0 0.130752
    outer loop
      vertex -302.5 221.875 60
      vertex -302.756 -221.875 61.9411
      vertex -302.5 -221.875 60
    endloop
  endfacet
  facet normal -0.793326 0 0.608797
    outer loop
      vertex -316.495 -221.875 63.75
      vertex -315.303 221.875 65.3033
      vertex -316.495 221.875 63.75
    endloop
  endfacet
  facet normal -0.793326 0 0.608797
    outer loop
      vertex -315.303 221.875 65.3033
      vertex -316.495 -221.875 63.75
      vertex -315.303 -221.875 65.3033
    endloop
  endfacet
  facet normal -0.608839 0 0.793294
    outer loop
      vertex -315.303 221.875 65.3033
      vertex -313.75 -221.875 66.4952
      vertex -313.75 221.875 66.4952
    endloop
  endfacet
  facet normal -0.608839 0 0.793294
    outer loop
      vertex -313.75 -221.875 66.4952
      vertex -315.303 221.875 65.3033
      vertex -315.303 -221.875 65.3033
    endloop
  endfacet
  facet normal 0.382634 0 -0.9239
    outer loop
      vertex -308.059 -221.875 52.7556
      vertex -306.25 221.875 53.5048
      vertex -306.25 -221.875 53.5048
    endloop
  endfacet
  facet normal 0.382634 0 -0.9239
    outer loop
      vertex -306.25 221.875 53.5048
      vertex -308.059 -221.875 52.7556
      vertex -308.059 221.875 52.7556
    endloop
  endfacet
  facet normal -0.923928 0 0.382565
    outer loop
      vertex -317.244 -221.875 61.9411
      vertex -316.495 221.875 63.75
      vertex -317.244 221.875 61.9411
    endloop
  endfacet
  facet normal -0.923928 0 0.382565
    outer loop
      vertex -316.495 221.875 63.75
      vertex -317.244 -221.875 61.9411
      vertex -316.495 -221.875 63.75
    endloop
  endfacet
  facet normal 0.793326 -0 0.608797
    outer loop
      vertex -304.697 -221.875 65.3033
      vertex -303.505 221.875 63.75
      vertex -304.697 221.875 65.3033
    endloop
  endfacet
  facet normal 0.793326 0 0.608797
    outer loop
      vertex -303.505 221.875 63.75
      vertex -304.697 -221.875 65.3033
      vertex -303.505 -221.875 63.75
    endloop
  endfacet
  facet normal -0.382634 0 -0.9239
    outer loop
      vertex -313.75 -221.875 53.5048
      vertex -311.941 221.875 52.7556
      vertex -311.941 -221.875 52.7556
    endloop
  endfacet
  facet normal -0.382634 0 -0.9239
    outer loop
      vertex -311.941 221.875 52.7556
      vertex -313.75 -221.875 53.5048
      vertex -313.75 221.875 53.5048
    endloop
  endfacet
  facet normal 0.130558 0 -0.991441
    outer loop
      vertex -310 -221.875 52.5
      vertex -308.059 221.875 52.7556
      vertex -308.059 -221.875 52.7556
    endloop
  endfacet
  facet normal 0.130558 0 -0.991441
    outer loop
      vertex -308.059 221.875 52.7556
      vertex -310 -221.875 52.5
      vertex -310 221.875 52.5
    endloop
  endfacet
  facet normal 0.608839 0 -0.793294
    outer loop
      vertex -306.25 -221.875 53.5048
      vertex -304.697 221.875 54.6967
      vertex -304.697 -221.875 54.6967
    endloop
  endfacet
  facet normal 0.608839 0 -0.793294
    outer loop
      vertex -304.697 221.875 54.6967
      vertex -306.25 -221.875 53.5048
      vertex -306.25 221.875 53.5048
    endloop
  endfacet
  facet normal 0.608839 0 0.793294
    outer loop
      vertex -306.25 221.875 66.4952
      vertex -304.697 -221.875 65.3033
      vertex -304.697 221.875 65.3033
    endloop
  endfacet
  facet normal 0.608839 0 0.793294
    outer loop
      vertex -304.697 -221.875 65.3033
      vertex -306.25 221.875 66.4952
      vertex -306.25 -221.875 66.4952
    endloop
  endfacet
  facet normal 0.130558 0 0.991441
    outer loop
      vertex -310 221.875 67.5
      vertex -308.059 -221.875 67.2444
      vertex -308.059 221.875 67.2444
    endloop
  endfacet
  facet normal 0.130558 0 0.991441
    outer loop
      vertex -308.059 -221.875 67.2444
      vertex -310 221.875 67.5
      vertex -310 -221.875 67.5
    endloop
  endfacet
  facet normal -0.793326 0 -0.608797
    outer loop
      vertex -315.303 -221.875 54.6967
      vertex -316.495 221.875 56.25
      vertex -315.303 221.875 54.6967
    endloop
  endfacet
  facet normal -0.793326 -0 -0.608797
    outer loop
      vertex -316.495 221.875 56.25
      vertex -315.303 -221.875 54.6967
      vertex -316.495 -221.875 56.25
    endloop
  endfacet
  facet normal 0.991415 0 -0.130752
    outer loop
      vertex -302.5 -221.875 60
      vertex -302.756 221.875 58.0589
      vertex -302.5 221.875 60
    endloop
  endfacet
  facet normal 0.991415 0 -0.130752
    outer loop
      vertex -302.756 221.875 58.0589
      vertex -302.5 -221.875 60
      vertex -302.756 -221.875 58.0589
    endloop
  endfacet
  facet normal 0.793326 0 -0.608797
    outer loop
      vertex -303.505 -221.875 56.25
      vertex -304.697 221.875 54.6967
      vertex -303.505 221.875 56.25
    endloop
  endfacet
  facet normal 0.793326 0 -0.608797
    outer loop
      vertex -304.697 221.875 54.6967
      vertex -303.505 -221.875 56.25
      vertex -304.697 -221.875 54.6967
    endloop
  endfacet
  facet normal -0.130558 0 -0.991441
    outer loop
      vertex -311.941 -221.875 52.7556
      vertex -310 221.875 52.5
      vertex -310 -221.875 52.5
    endloop
  endfacet
  facet normal -0.130558 0 -0.991441
    outer loop
      vertex -310 221.875 52.5
      vertex -311.941 -221.875 52.7556
      vertex -311.941 221.875 52.7556
    endloop
  endfacet
  facet normal -0.130558 0 0.991441
    outer loop
      vertex -311.941 221.875 67.2444
      vertex -310 -221.875 67.5
      vertex -310 221.875 67.5
    endloop
  endfacet
  facet normal -0.130558 0 0.991441
    outer loop
      vertex -310 -221.875 67.5
      vertex -311.941 221.875 67.2444
      vertex -311.941 -221.875 67.2444
    endloop
  endfacet
  facet normal -0.991415 0 0.130752
    outer loop
      vertex -317.5 -221.875 60
      vertex -317.244 221.875 61.9411
      vertex -317.5 221.875 60
    endloop
  endfacet
  facet normal -0.991415 0 0.130752
    outer loop
      vertex -317.244 221.875 61.9411
      vertex -317.5 -221.875 60
      vertex -317.244 -221.875 61.9411
    endloop
  endfacet
  facet normal 0.923928 0 -0.382565
    outer loop
      vertex -302.756 -221.875 58.0589
      vertex -303.505 221.875 56.25
      vertex -302.756 221.875 58.0589
    endloop
  endfacet
  facet normal 0.923928 0 -0.382565
    outer loop
      vertex -303.505 221.875 56.25
      vertex -302.756 -221.875 58.0589
      vertex -303.505 -221.875 56.25
    endloop
  endfacet
  facet normal -0.382634 0 0.9239
    outer loop
      vertex -313.75 221.875 66.4952
      vertex -311.941 -221.875 67.2444
      vertex -311.941 221.875 67.2444
    endloop
  endfacet
  facet normal -0.382634 0 0.9239
    outer loop
      vertex -311.941 -221.875 67.2444
      vertex -313.75 221.875 66.4952
      vertex -313.75 -221.875 66.4952
    endloop
  endfacet
  facet normal 0.382634 0 0.9239
    outer loop
      vertex -308.059 221.875 67.2444
      vertex -306.25 -221.875 66.4952
      vertex -306.25 221.875 66.4952
    endloop
  endfacet
  facet normal 0.382634 0 0.9239
    outer loop
      vertex -306.25 -221.875 66.4952
      vertex -308.059 221.875 67.2444
      vertex -308.059 -221.875 67.2444
    endloop
  endfacet
  facet normal -0.923928 0 -0.382565
    outer loop
      vertex -316.495 -221.875 56.25
      vertex -317.244 221.875 58.0589
      vertex -316.495 221.875 56.25
    endloop
  endfacet
  facet normal -0.923928 -0 -0.382565
    outer loop
      vertex -317.244 221.875 58.0589
      vertex -316.495 -221.875 56.25
      vertex -317.244 -221.875 58.0589
    endloop
  endfacet
  facet normal -0.991415 0 -0.130752
    outer loop
      vertex -317.244 -221.875 58.0589
      vertex -317.5 221.875 60
      vertex -317.244 221.875 58.0589
    endloop
  endfacet
  facet normal -0.991415 -0 -0.130752
    outer loop
      vertex -317.5 221.875 60
      vertex -317.244 -221.875 58.0589
      vertex -317.5 -221.875 60
    endloop
  endfacet
  facet normal -0.608839 0 -0.793294
    outer loop
      vertex -315.303 -221.875 54.6967
      vertex -313.75 221.875 53.5048
      vertex -313.75 -221.875 53.5048
    endloop
  endfacet
  facet normal -0.608839 0 -0.793294
    outer loop
      vertex -313.75 221.875 53.5048
      vertex -315.303 -221.875 54.6967
      vertex -315.303 221.875 54.6967
    endloop
  endfacet
  facet normal 0 -1 0
    outer loop
      vertex -400 -300 440
      vertex -380 -300 420
      vertex 200 -300 440
    endloop
  endfacet
  facet normal 0 -1 0
    outer loop
      vertex -400 -300 440
      vertex -380 -300 140
      vertex -380 -300 420
    endloop
  endfacet
  facet normal 0 -1 -0
    outer loop
      vertex -380 -300 140
      vertex -400 -300 100
      vertex 180 -300 140
    endloop
  endfacet
  facet normal 0 -1 0
    outer loop
      vertex -400 -300 100
      vertex -380 -300 140
      vertex -400 -300 440
    endloop
  endfacet
  facet normal 0 -1 0
    outer loop
      vertex 180 -300 420
      vertex 200 -300 440
      vertex -380 -300 420
    endloop
  endfacet
  facet normal 0 -1 0
    outer loop
      vertex 180 -300 140
      vertex 200 -300 440
      vertex 180 -300 420
    endloop
  endfacet
  facet normal 0 -1 0
    outer loop
      vertex 180 -300 140
      vertex 200 -300 100
      vertex 200 -300 440
    endloop
  endfacet
  facet normal 0 -1 0
    outer loop
      vertex 200 -300 100
      vertex 180 -300 140
      vertex -400 -300 100
    endloop
  endfacet
  facet normal -0 0 1
    outer loop
      vertex -400 280 140
      vertex -380 -280 140
      vertex -380 280 140
    endloop
  endfacet
  facet normal 0 0 1
    outer loop
      vertex -380 -280 140
      vertex -400 280 140
      vertex -400 -280 140
    endloop
  endfacet
  facet normal 0 0 1
    outer loop
      vertex 180 300 140
      vertex 5.7 280 140
      vertex 180 280 140
    endloop
  endfacet
  facet normal 0 0 1
    outer loop
      vertex 5.7 280 140
      vertex -14.3 280 140
      vertex 5.7 250 140
    endloop
  endfacet
  facet normal 0 0 1
    outer loop
      vertex 180 300 140
      vertex -14.3 280 140
      vertex 5.7 280 140
    endloop
  endfacet
  facet normal 0 0 1
    outer loop
      vertex 180 300 140
      vertex -185.7 280 140
      vertex -14.3 280 140
    endloop
  endfacet
  facet normal 0 0 1
    outer loop
      vertex -185.7 280 140
      vertex -205.7 280 140
      vertex -185.7 250 140
    endloop
  endfacet
  facet normal -0 0 1
    outer loop
      vertex -380 300 140
      vertex -185.7 280 140
      vertex 180 300 140
    endloop
  endfacet
  facet normal 0 0 1
    outer loop
      vertex -185.7 280 140
      vertex -380 300 140
      vertex -205.7 280 140
    endloop
  endfacet
  facet normal 0 0 1
    outer loop
      vertex -205.7 280 140
      vertex -380 300 140
      vertex -380 280 140
    endloop
  endfacet
  facet normal 0 0 1
    outer loop
      vertex 5.7 250 140
      vertex -14.3 280 140
      vertex -14.3 250 140
    endloop
  endfacet
  facet normal 0 0 1
    outer loop
      vertex -185.7 250 140
      vertex -205.7 280 140
      vertex -205.7 250 140
    endloop
  endfacet
  facet normal -0 0 1
    outer loop
      vertex 180 280 140
      vertex 200 -280 140
      vertex 200 280 140
    endloop
  endfacet
  facet normal 0 0 1
    outer loop
      vertex 200 -280 140
      vertex 180 280 140
      vertex 180 -280 140
    endloop
  endfacet
  facet normal 0 0 1
    outer loop
      vertex -185.7 -250 140
      vertex -205.7 -250 140
      vertex -185.7 -280 140
    endloop
  endfacet
  facet normal 0 0 1
    outer loop
      vertex 5.7 -250 140
      vertex -14.3 -250 140
      vertex 5.7 -280 140
    endloop
  endfacet
  facet normal -0 0 1
    outer loop
      vertex 5.7 -280 140
      vertex 180 -300 140
      vertex 180 -280 140
    endloop
  endfacet
  facet normal 0 0 1
    outer loop
      vertex -14.3 -280 140
      vertex 5.7 -280 140
      vertex -14.3 -250 140
    endloop
  endfacet
  facet normal -0 0 1
    outer loop
      vertex -14.3 -280 140
      vertex 180 -300 140
      vertex 5.7 -280 140
    endloop
  endfacet
  facet normal -0 0 1
    outer loop
      vertex -185.7 -280 140
      vertex 180 -300 140
      vertex -14.3 -280 140
    endloop
  endfacet
  facet normal 0 0 1
    outer loop
      vertex -205.7 -280 140
      vertex -185.7 -280 140
      vertex -205.7 -250 140
    endloop
  endfacet
  facet normal 0 0 1
    outer loop
      vertex -380 -300 140
      vertex -185.7 -280 140
      vertex -205.7 -280 140
    endloop
  endfacet
  facet normal 0 0 1
    outer loop
      vertex -380 -300 140
      vertex -205.7 -280 140
      vertex -380 -280 140
    endloop
  endfacet
  facet normal 0 0 1
    outer loop
      vertex -185.7 -280 140
      vertex -380 -300 140
      vertex 180 -300 140
    endloop
  endfacet
  facet normal 0 0 -1
    outer loop
      vertex -350 -250 140
      vertex -205.7 250 140
      vertex -205.7 -250 140
    endloop
  endfacet
  facet normal -0 0 -1
    outer loop
      vertex -205.7 250 140
      vertex -350 -250 140
      vertex -350 250 140
    endloop
  endfacet
  facet normal 0 0 -1
    outer loop
      vertex 5.7 -250 140
      vertex 150 250 140
      vertex 150 -250 140
    endloop
  endfacet
  facet normal -0 0 -1
    outer loop
      vertex 150 250 140
      vertex 5.7 -250 140
      vertex 5.7 250 140
    endloop
  endfacet
  facet normal 0 0 -1
    outer loop
      vertex -185.7 -250 140
      vertex -14.3 250 140
      vertex -14.3 -250 140
    endloop
  endfacet
  facet normal -0 0 -1
    outer loop
      vertex -14.3 250 140
      vertex -185.7 -250 140
      vertex -185.7 250 140
    endloop
  endfacet
  facet normal -1 0 0
    outer loop
      vertex 180 -280 100
      vertex 180 280 140
      vertex 180 280 100
    endloop
  endfacet
  facet normal -1 -0 0
    outer loop
      vertex 180 280 140
      vertex 180 -280 100
      vertex 180 -280 140
    endloop
  endfacet
  facet normal 0 1 0
    outer loop
      vertex 200 300 440
      vertex 180 300 420
      vertex -400 300 440
    endloop
  endfacet
  facet normal 0 1 0
    outer loop
      vertex 200 300 440
      vertex 180 300 140
      vertex 180 300 420
    endloop
  endfacet
  facet normal 0 1 0
    outer loop
      vertex 180 300 140
      vertex 200 300 100
      vertex -380 300 140
    endloop
  endfacet
  facet normal 0 1 -0
    outer loop
      vertex 200 300 100
      vertex 180 300 140
      vertex 200 300 440
    endloop
  endfacet
  facet normal 0 1 -0
    outer loop
      vertex -380 300 420
      vertex -400 300 440
      vertex 180 300 420
    endloop
  endfacet
  facet normal 0 1 -0
    outer loop
      vertex -380 300 140
      vertex -400 300 440
      vertex -380 300 420
    endloop
  endfacet
  facet normal 0 1 0
    outer loop
      vertex -380 300 140
      vertex -400 300 100
      vertex -400 300 440
    endloop
  endfacet
  facet normal 0 1 0
    outer loop
      vertex -400 300 100
      vertex -380 300 140
      vertex 200 300 100
    endloop
  endfacet
  facet normal 0 0 -1
    outer loop
      vertex 200 -300 100
      vertex 180 -280 100
      vertex 200 300 100
    endloop
  endfacet
  facet normal 0 0 -1
    outer loop
      vertex 200 -300 100
      vertex 5.7 -280 100
      vertex 180 -280 100
    endloop
  endfacet
  facet normal 0 0 -1
    outer loop
      vertex 5.7 -280 100
      vertex -14.3 -280 100
      vertex 5.7 280 100
    endloop
  endfacet
  facet normal 0 0 -1
    outer loop
      vertex 200 -300 100
      vertex -14.3 -280 100
      vertex 5.7 -280 100
    endloop
  endfacet
  facet normal 0 0 -1
    outer loop
      vertex 200 -300 100
      vertex -185.7 -280 100
      vertex -14.3 -280 100
    endloop
  endfacet
  facet normal 0 0 -1
    outer loop
      vertex -185.7 -280 100
      vertex -205.7 -280 100
      vertex -185.7 280 100
    endloop
  endfacet
  facet normal 0 0 -1
    outer loop
      vertex -400 -300 100
      vertex -185.7 -280 100
      vertex 200 -300 100
    endloop
  endfacet
  facet normal -0 0 -1
    outer loop
      vertex -185.7 -280 100
      vertex -400 -300 100
      vertex -205.7 -280 100
    endloop
  endfacet
  facet normal -0 0 -1
    outer loop
      vertex -380 -280 100
      vertex -400 -300 100
      vertex -380 280 100
    endloop
  endfacet
  facet normal -0 0 -1
    outer loop
      vertex -205.7 -280 100
      vertex -400 -300 100
      vertex -380 -280 100
    endloop
  endfacet
  facet normal 0 0 -1
    outer loop
      vertex 180 280 100
      vertex 200 300 100
      vertex 180 -280 100
    endloop
  endfacet
  facet normal 0 0 -1
    outer loop
      vertex 5.7 280 100
      vertex 200 300 100
      vertex 180 280 100
    endloop
  endfacet
  facet normal 0 0 -1
    outer loop
      vertex -14.3 280 100
      vertex 5.7 280 100
      vertex -14.3 -280 100
    endloop
  endfacet
  facet normal 0 0 -1
    outer loop
      vertex -14.3 280 100
      vertex 200 300 100
      vertex 5.7 280 100
    endloop
  endfacet
  facet normal 0 0 -1
    outer loop
      vertex -185.7 280 100
      vertex 200 300 100
      vertex -14.3 280 100
    endloop
  endfacet
  facet normal 0 0 -1
    outer loop
      vertex -205.7 280 100
      vertex -185.7 280 100
      vertex -205.7 -280 100
    endloop
  endfacet
  facet normal 0 0 -1
    outer loop
      vertex -400 300 100
      vertex -185.7 280 100
      vertex -205.7 280 100
    endloop
  endfacet
  facet normal 0 0 -1
    outer loop
      vertex -400 300 100
      vertex -205.7 280 100
      vertex -380 280 100
    endloop
  endfacet
  facet normal 0 0 -1
    outer loop
      vertex -185.7 280 100
      vertex -400 300 100
      vertex 200 300 100
    endloop
  endfacet
  facet normal 0 0 -1
    outer loop
      vertex -400 300 100
      vertex -380 280 100
      vertex -400 -300 100
    endloop
  endfacet
  facet normal 1 -0 0
    outer loop
      vertex 200 -280 249
      vertex 200 280 229
      vertex 200 280 249
    endloop
  endfacet
  facet normal 1 0 0
    outer loop
      vertex 200 280 229
      vertex 200 -280 249
      vertex 200 -280 229
    endloop
  endfacet
  facet normal 1 0 0
    outer loop
      vertex 200 280 249
      vertex 200 300 440
      vertex 200 280 420
    endloop
  endfacet
  facet normal 1 0 0
    outer loop
      vertex 200 300 440
      vertex 200 -280 420
      vertex 200 280 420
    endloop
  endfacet
  facet normal 1 0 0
    outer loop
      vertex 200 -300 440
      vertex 200 -280 249
      vertex 200 -280 420
    endloop
  endfacet
  facet normal 1 0 0
    outer loop
      vertex 200 -300 100
      vertex 200 -280 249
      vertex 200 -300 440
    endloop
  endfacet
  facet normal 1 0 0
    outer loop
      vertex 200 -280 249
      vertex 200 -300 100
      vertex 200 -280 229
    endloop
  endfacet
  facet normal 1 -0 0
    outer loop
      vertex 200 -300 440
      vertex 200 -280 420
      vertex 200 300 440
    endloop
  endfacet
  facet normal 1 0 0
    outer loop
      vertex 200 300 440
      vertex 200 280 249
      vertex 200 300 100
    endloop
  endfacet
  facet normal 1 -0 0
    outer loop
      vertex 200 280 229
      vertex 200 300 100
      vertex 200 280 249
    endloop
  endfacet
  facet normal 1 -0 0
    outer loop
      vertex 200 280 140
      vertex 200 300 100
      vertex 200 280 229
    endloop
  endfacet
  facet normal 1 -0 0
    outer loop
      vertex 200 -280 140
      vertex 200 300 100
      vertex 200 280 140
    endloop
  endfacet
  facet normal 1 0 0
    outer loop
      vertex 200 -280 140
      vertex 200 -300 100
      vertex 200 300 100
    endloop
  endfacet
  facet normal 1 0 0
    outer loop
      vertex 200 -280 229
      vertex 200 -300 100
      vertex 200 -280 140
    endloop
  endfacet
  facet normal -1 0 0
    outer loop
      vertex -14.3 280 100
      vertex -14.3 250 140
      vertex -14.3 280 140
    endloop
  endfacet
  facet normal -1 0 0
    outer loop
      vertex -14.3 280 100
      vertex -14.3 -250 140
      vertex -14.3 250 140
    endloop
  endfacet
  facet normal -1 0 0
    outer loop
      vertex -14.3 -280 100
      vertex -14.3 -250 140
      vertex -14.3 280 100
    endloop
  endfacet
  facet normal -1 -0 0
    outer loop
      vertex -14.3 -250 140
      vertex -14.3 -280 100
      vertex -14.3 -280 140
    endloop
  endfacet
  facet normal 1 -0 0
    outer loop
      vertex 5.7 250 140
      vertex 5.7 280 100
      vertex 5.7 280 140
    endloop
  endfacet
  facet normal 1 -0 0
    outer loop
      vertex 5.7 -250 140
      vertex 5.7 280 100
      vertex 5.7 250 140
    endloop
  endfacet
  facet normal 1 0 0
    outer loop
      vertex 5.7 -280 100
      vertex 5.7 -250 140
      vertex 5.7 -280 140
    endloop
  endfacet
  facet normal 1 0 0
    outer loop
      vertex 5.7 -250 140
      vertex 5.7 -280 100
      vertex 5.7 280 100
    endloop
  endfacet
  facet normal -1 0 0
    outer loop
      vertex -205.7 280 100
      vertex -205.7 250 140
      vertex -205.7 280 140
    endloop
  endfacet
  facet normal -1 0 0
    outer loop
      vertex -205.7 280 100
      vertex -205.7 -250 140
      vertex -205.7 250 140
    endloop
  endfacet
  facet normal -1 0 0
    outer loop
      vertex -205.7 -280 100
      vertex -205.7 -250 140
      vertex -205.7 280 100
    endloop
  endfacet
  facet normal -1 -0 0
    outer loop
      vertex -205.7 -250 140
      vertex -205.7 -280 100
      vertex -205.7 -280 140
    endloop
  endfacet
  facet normal 1 -0 0
    outer loop
      vertex -185.7 250 140
      vertex -185.7 280 100
      vertex -185.7 280 140
    endloop
  endfacet
  facet normal 1 -0 0
    outer loop
      vertex -185.7 -250 140
      vertex -185.7 280 100
      vertex -185.7 250 140
    endloop
  endfacet
  facet normal 1 0 0
    outer loop
      vertex -185.7 -280 100
      vertex -185.7 -250 140
      vertex -185.7 -280 140
    endloop
  endfacet
  facet normal 1 0 0
    outer loop
      vertex -185.7 -250 140
      vertex -185.7 -280 100
      vertex -185.7 280 100
    endloop
  endfacet
  facet normal -1 0 0
    outer loop
      vertex -400 300 100
      vertex -400 280 140
      vertex -400 300 440
    endloop
  endfacet
  facet normal -1 0 0
    outer loop
      vertex -400 300 100
      vertex -400 -280 140
      vertex -400 280 140
    endloop
  endfacet
  facet normal -1 0 0
    outer loop
      vertex -400 -300 440
      vertex -400 -280 140
      vertex -400 -300 100
    endloop
  endfacet
  facet normal -1 0 0
    outer loop
      vertex -400 -300 100
      vertex -400 -280 140
      vertex -400 300 100
    endloop
  endfacet
  facet normal -1 0 0
    outer loop
      vertex -400 280 420
      vertex -400 300 440
      vertex -400 280 140
    endloop
  endfacet
  facet normal -1 0 0
    outer loop
      vertex -400 -280 420
      vertex -400 300 440
      vertex -400 280 420
    endloop
  endfacet
  facet normal -1 0 0
    outer loop
      vertex -400 -280 420
      vertex -400 -300 440
      vertex -400 300 440
    endloop
  endfacet
  facet normal -1 0 0
    outer loop
      vertex -400 -280 140
      vertex -400 -300 440
      vertex -400 -280 420
    endloop
  endfacet
  facet normal 1 -0 0
    outer loop
      vertex -380 -280 140
      vertex -380 280 100
      vertex -380 280 140
    endloop
  endfacet
  facet normal 1 0 0
    outer loop
      vertex -380 280 100
      vertex -380 -280 140
      vertex -380 -280 100
    endloop
  endfacet
  facet normal 0 -1 0
    outer loop
      vertex -380 280 100
      vertex -205.7 280 140
      vertex -380 280 140
    endloop
  endfacet
  facet normal 0 -1 -0
    outer loop
      vertex -205.7 280 140
      vertex -380 280 100
      vertex -205.7 280 100
    endloop
  endfacet
  facet normal 0 -1 0
    outer loop
      vertex -185.7 280 100
      vertex -14.3 280 140
      vertex -185.7 280 140
    endloop
  endfacet
  facet normal 0 -1 -0
    outer loop
      vertex -14.3 280 140
      vertex -185.7 280 100
      vertex -14.3 280 100
    endloop
  endfacet
  facet normal 0 -1 0
    outer loop
      vertex 5.7 280 100
      vertex 180 280 140
      vertex 5.7 280 140
    endloop
  endfacet
  facet normal 0 -1 -0
    outer loop
      vertex 180 280 140
      vertex 5.7 280 100
      vertex 180 280 100
    endloop
  endfacet
  facet normal 0 1 -0
    outer loop
      vertex -205.7 -280 100
      vertex -380 -280 140
      vertex -205.7 -280 140
    endloop
  endfacet
  facet normal 0 1 0
    outer loop
      vertex -380 -280 140
      vertex -205.7 -280 100
      vertex -380 -280 100
    endloop
  endfacet
  facet normal 0 1 -0
    outer loop
      vertex -14.3 -280 100
      vertex -185.7 -280 140
      vertex -14.3 -280 140
    endloop
  endfacet
  facet normal 0 1 0
    outer loop
      vertex -185.7 -280 140
      vertex -14.3 -280 100
      vertex -185.7 -280 100
    endloop
  endfacet
  facet normal 0 1 -0
    outer loop
      vertex 180 -280 100
      vertex 5.7 -280 140
      vertex 180 -280 140
    endloop
  endfacet
  facet normal 0 1 0
    outer loop
      vertex 5.7 -280 140
      vertex 180 -280 100
      vertex 5.7 -280 100
    endloop
  endfacet
  facet normal -0.555374 0 0.831601
    outer loop
      vertex 291.464 283.75 53.5355
      vertex 293.087 278.125 54.6194
      vertex 293.087 283.75 54.6194
    endloop
  endfacet
  facet normal -0.555374 0 0.831601
    outer loop
      vertex 293.087 278.125 54.6194
      vertex 291.464 283.75 53.5355
      vertex 291.464 278.125 53.5355
    endloop
  endfacet
  facet normal -0.555374 0 0.831601
    outer loop
      vertex 291.464 277.125 53.5355
      vertex 293.087 272.5 54.6194
      vertex 293.087 277.125 54.6194
    endloop
  endfacet
  facet normal -0.555374 0 0.831601
    outer loop
      vertex 293.087 272.5 54.6194
      vertex 291.464 277.125 53.5355
      vertex 291.464 272.5 53.5355
    endloop
  endfacet
  facet normal -0.555374 0 0.831601
    outer loop
      vertex 291.464 221.875 53.5355
      vertex 293.087 216.25 54.6194
      vertex 293.087 221.875 54.6194
    endloop
  endfacet
  facet normal -0.555374 0 0.831601
    outer loop
      vertex 293.087 216.25 54.6194
      vertex 291.464 221.875 53.5355
      vertex 291.464 216.25 53.5355
    endloop
  endfacet
  facet normal -0.555374 0 0.831601
    outer loop
      vertex 291.464 227.5 53.5355
      vertex 293.087 222.875 54.6194
      vertex 293.087 227.5 54.6194
    endloop
  endfacet
  facet normal -0.555374 0 0.831601
    outer loop
      vertex 293.087 222.875 54.6194
      vertex 291.464 227.5 53.5355
      vertex 291.464 222.875 53.5355
    endloop
  endfacet
  facet normal 0.831671 -0 0.555268
    outer loop
      vertex 298.536 278.125 53.5355
      vertex 299.619 283.75 51.9134
      vertex 298.536 283.75 53.5355
    endloop
  endfacet
  facet normal 0.831671 0 0.555268
    outer loop
      vertex 299.619 283.75 51.9134
      vertex 298.536 278.125 53.5355
      vertex 299.619 278.125 51.9134
    endloop
  endfacet
  facet normal 0.831671 -0 0.555268
    outer loop
      vertex 298.536 272.5 53.5355
      vertex 299.619 277.125 51.9134
      vertex 298.536 277.125 53.5355
    endloop
  endfacet
  facet normal 0.831671 0 0.555268
    outer loop
      vertex 299.619 277.125 51.9134
      vertex 298.536 272.5 53.5355
      vertex 299.619 272.5 51.9134
    endloop
  endfacet
  facet normal 0.831671 -0 0.555268
    outer loop
      vertex 298.536 216.25 53.5355
      vertex 299.619 221.875 51.9134
      vertex 298.536 221.875 53.5355
    endloop
  endfacet
  facet normal 0.831671 0 0.555268
    outer loop
      vertex 299.619 221.875 51.9134
      vertex 298.536 216.25 53.5355
      vertex 299.619 216.25 51.9134
    endloop
  endfacet
  facet normal 0.831671 -0 0.555268
    outer loop
      vertex 298.536 222.875 53.5355
      vertex 299.619 227.5 51.9134
      vertex 298.536 227.5 53.5355
    endloop
  endfacet
  facet normal 0.831671 0 0.555268
    outer loop
      vertex 299.619 227.5 51.9134
      vertex 298.536 222.875 53.5355
      vertex 299.619 222.875 51.9134
    endloop
  endfacet
  facet normal 0.980746 -0 0.195288
    outer loop
      vertex 299.619 278.125 51.9134
      vertex 300 283.75 50
      vertex 299.619 283.75 51.9134
    endloop
  endfacet
  facet normal 0.980746 0 0.195288
    outer loop
      vertex 300 283.75 50
      vertex 299.619 278.125 51.9134
      vertex 300 278.125 50
    endloop
  endfacet
  facet normal 0.980746 -0 0.195288
    outer loop
      vertex 299.619 272.5 51.9134
      vertex 300 277.125 50
      vertex 299.619 277.125 51.9134
    endloop
  endfacet
  facet normal 0.980746 0 0.195288
    outer loop
      vertex 300 277.125 50
      vertex 299.619 272.5 51.9134
      vertex 300 272.5 50
    endloop
  endfacet
  facet normal 0.980746 -0 0.195288
    outer loop
      vertex 299.619 216.25 51.9134
      vertex 300 221.875 50
      vertex 299.619 221.875 51.9134
    endloop
  endfacet
  facet normal 0.980746 0 0.195288
    outer loop
      vertex 300 221.875 50
      vertex 299.619 216.25 51.9134
      vertex 300 216.25 50
    endloop
  endfacet
  facet normal 0.980746 -0 0.195288
    outer loop
      vertex 299.619 222.875 51.9134
      vertex 300 227.5 50
      vertex 299.619 227.5 51.9134
    endloop
  endfacet
  facet normal 0.980746 0 0.195288
    outer loop
      vertex 300 227.5 50
      vertex 299.619 222.875 51.9134
      vertex 300 222.875 50
    endloop
  endfacet
  facet normal -0.831671 0 0.555268
    outer loop
      vertex 290.381 278.125 51.9134
      vertex 291.464 283.75 53.5355
      vertex 290.381 283.75 51.9134
    endloop
  endfacet
  facet normal -0.831671 0 0.555268
    outer loop
      vertex 291.464 283.75 53.5355
      vertex 290.381 278.125 51.9134
      vertex 291.464 278.125 53.5355
    endloop
  endfacet
  facet normal -0.831671 0 0.555268
    outer loop
      vertex 290.381 272.5 51.9134
      vertex 291.464 277.125 53.5355
      vertex 290.381 277.125 51.9134
    endloop
  endfacet
  facet normal -0.831671 0 0.555268
    outer loop
      vertex 291.464 277.125 53.5355
      vertex 290.381 272.5 51.9134
      vertex 291.464 272.5 53.5355
    endloop
  endfacet
  facet normal -0.831671 0 0.555268
    outer loop
      vertex 290.381 216.25 51.9134
      vertex 291.464 221.875 53.5355
      vertex 290.381 221.875 51.9134
    endloop
  endfacet
  facet normal -0.831671 0 0.555268
    outer loop
      vertex 291.464 221.875 53.5355
      vertex 290.381 216.25 51.9134
      vertex 291.464 216.25 53.5355
    endloop
  endfacet
  facet normal -0.831671 0 0.555268
    outer loop
      vertex 290.381 222.875 51.9134
      vertex 291.464 227.5 53.5355
      vertex 290.381 227.5 51.9134
    endloop
  endfacet
  facet normal -0.831671 0 0.555268
    outer loop
      vertex 291.464 227.5 53.5355
      vertex 290.381 222.875 51.9134
      vertex 291.464 222.875 53.5355
    endloop
  endfacet
  facet normal -0.19513 0 -0.980777
    outer loop
      vertex 293.087 278.125 45.3806
      vertex 295 283.75 45
      vertex 295 278.125 45
    endloop
  endfacet
  facet normal -0.19513 0 -0.980777
    outer loop
      vertex 295 283.75 45
      vertex 293.087 278.125 45.3806
      vertex 293.087 283.75 45.3806
    endloop
  endfacet
  facet normal -0.19513 0 -0.980777
    outer loop
      vertex 293.087 272.5 45.3806
      vertex 295 277.125 45
      vertex 295 272.5 45
    endloop
  endfacet
  facet normal -0.19513 0 -0.980777
    outer loop
      vertex 295 277.125 45
      vertex 293.087 272.5 45.3806
      vertex 293.087 277.125 45.3806
    endloop
  endfacet
  facet normal -0.19513 0 -0.980777
    outer loop
      vertex 293.087 216.25 45.3806
      vertex 295 221.875 45
      vertex 295 216.25 45
    endloop
  endfacet
  facet normal -0.19513 0 -0.980777
    outer loop
      vertex 295 221.875 45
      vertex 293.087 216.25 45.3806
      vertex 293.087 221.875 45.3806
    endloop
  endfacet
  facet normal -0.19513 0 -0.980777
    outer loop
      vertex 293.087 222.875 45.3806
      vertex 295 227.5 45
      vertex 295 222.875 45
    endloop
  endfacet
  facet normal -0.19513 0 -0.980777
    outer loop
      vertex 295 227.5 45
      vertex 293.087 222.875 45.3806
      vertex 293.087 227.5 45.3806
    endloop
  endfacet
  facet normal 0.19513 0 -0.980777
    outer loop
      vertex 295 278.125 45
      vertex 296.913 283.75 45.3806
      vertex 296.913 278.125 45.3806
    endloop
  endfacet
  facet normal 0.19513 0 -0.980777
    outer loop
      vertex 296.913 283.75 45.3806
      vertex 295 278.125 45
      vertex 295 283.75 45
    endloop
  endfacet
  facet normal 0.19513 0 -0.980777
    outer loop
      vertex 295 272.5 45
      vertex 296.913 277.125 45.3806
      vertex 296.913 272.5 45.3806
    endloop
  endfacet
  facet normal 0.19513 0 -0.980777
    outer loop
      vertex 296.913 277.125 45.3806
      vertex 295 272.5 45
      vertex 295 277.125 45
    endloop
  endfacet
  facet normal 0.19513 0 -0.980777
    outer loop
      vertex 295 216.25 45
      vertex 296.913 221.875 45.3806
      vertex 296.913 216.25 45.3806
    endloop
  endfacet
  facet normal 0.19513 0 -0.980777
    outer loop
      vertex 296.913 221.875 45.3806
      vertex 295 216.25 45
      vertex 295 221.875 45
    endloop
  endfacet
  facet normal 0.19513 0 -0.980777
    outer loop
      vertex 295 222.875 45
      vertex 296.913 227.5 45.3806
      vertex 296.913 222.875 45.3806
    endloop
  endfacet
  facet normal 0.19513 0 -0.980777
    outer loop
      vertex 296.913 227.5 45.3806
      vertex 295 222.875 45
      vertex 295 227.5 45
    endloop
  endfacet
  facet normal 0.555374 0 -0.831601
    outer loop
      vertex 296.913 278.125 45.3806
      vertex 298.536 283.75 46.4645
      vertex 298.536 278.125 46.4645
    endloop
  endfacet
  facet normal 0.555374 0 -0.831601
    outer loop
      vertex 298.536 283.75 46.4645
      vertex 296.913 278.125 45.3806
      vertex 296.913 283.75 45.3806
    endloop
  endfacet
  facet normal 0.555374 0 -0.831601
    outer loop
      vertex 296.913 272.5 45.3806
      vertex 298.536 277.125 46.4645
      vertex 298.536 272.5 46.4645
    endloop
  endfacet
  facet normal 0.555374 0 -0.831601
    outer loop
      vertex 298.536 277.125 46.4645
      vertex 296.913 272.5 45.3806
      vertex 296.913 277.125 45.3806
    endloop
  endfacet
  facet normal 0.555374 0 -0.831601
    outer loop
      vertex 296.913 216.25 45.3806
      vertex 298.536 221.875 46.4645
      vertex 298.536 216.25 46.4645
    endloop
  endfacet
  facet normal 0.555374 0 -0.831601
    outer loop
      vertex 298.536 221.875 46.4645
      vertex 296.913 216.25 45.3806
      vertex 296.913 221.875 45.3806
    endloop
  endfacet
  facet normal 0.555374 0 -0.831601
    outer loop
      vertex 296.913 222.875 45.3806
      vertex 298.536 227.5 46.4645
      vertex 298.536 222.875 46.4645
    endloop
  endfacet
  facet normal 0.555374 0 -0.831601
    outer loop
      vertex 298.536 227.5 46.4645
      vertex 296.913 222.875 45.3806
      vertex 296.913 227.5 45.3806
    endloop
  endfacet
  facet normal 0.831671 0 -0.555268
    outer loop
      vertex 299.619 216.25 48.0866
      vertex 298.536 221.875 46.4645
      vertex 299.619 221.875 48.0866
    endloop
  endfacet
  facet normal 0.831671 0 -0.555268
    outer loop
      vertex 298.536 221.875 46.4645
      vertex 299.619 216.25 48.0866
      vertex 298.536 216.25 46.4645
    endloop
  endfacet
  facet normal 0.831671 0 -0.555268
    outer loop
      vertex 299.619 222.875 48.0866
      vertex 298.536 227.5 46.4645
      vertex 299.619 227.5 48.0866
    endloop
  endfacet
  facet normal 0.831671 0 -0.555268
    outer loop
      vertex 298.536 227.5 46.4645
      vertex 299.619 222.875 48.0866
      vertex 298.536 222.875 46.4645
    endloop
  endfacet
  facet normal 0.831671 0 -0.555268
    outer loop
      vertex 299.619 278.125 48.0866
      vertex 298.536 283.75 46.4645
      vertex 299.619 283.75 48.0866
    endloop
  endfacet
  facet normal 0.831671 0 -0.555268
    outer loop
      vertex 298.536 283.75 46.4645
      vertex 299.619 278.125 48.0866
      vertex 298.536 278.125 46.4645
    endloop
  endfacet
  facet normal 0.831671 0 -0.555268
    outer loop
      vertex 299.619 272.5 48.0866
      vertex 298.536 277.125 46.4645
      vertex 299.619 277.125 48.0866
    endloop
  endfacet
  facet normal 0.831671 0 -0.555268
    outer loop
      vertex 298.536 277.125 46.4645
      vertex 299.619 272.5 48.0866
      vertex 298.536 272.5 46.4645
    endloop
  endfacet
  facet normal -0.980746 0 0.195288
    outer loop
      vertex 290 278.125 50
      vertex 290.381 283.75 51.9134
      vertex 290 283.75 50
    endloop
  endfacet
  facet normal -0.980746 0 0.195288
    outer loop
      vertex 290.381 283.75 51.9134
      vertex 290 278.125 50
      vertex 290.381 278.125 51.9134
    endloop
  endfacet
  facet normal -0.980746 0 0.195288
    outer loop
      vertex 290 272.5 50
      vertex 290.381 277.125 51.9134
      vertex 290 277.125 50
    endloop
  endfacet
  facet normal -0.980746 0 0.195288
    outer loop
      vertex 290.381 277.125 51.9134
      vertex 290 272.5 50
      vertex 290.381 272.5 51.9134
    endloop
  endfacet
  facet normal -0.980746 0 0.195288
    outer loop
      vertex 290 216.25 50
      vertex 290.381 221.875 51.9134
      vertex 290 221.875 50
    endloop
  endfacet
  facet normal -0.980746 0 0.195288
    outer loop
      vertex 290.381 221.875 51.9134
      vertex 290 216.25 50
      vertex 290.381 216.25 51.9134
    endloop
  endfacet
  facet normal -0.980746 0 0.195288
    outer loop
      vertex 290 222.875 50
      vertex 290.381 227.5 51.9134
      vertex 290 227.5 50
    endloop
  endfacet
  facet normal -0.980746 0 0.195288
    outer loop
      vertex 290.381 227.5 51.9134
      vertex 290 222.875 50
      vertex 290.381 222.875 51.9134
    endloop
  endfacet
  facet normal 0.980746 0 -0.195288
    outer loop
      vertex 300 278.125 50
      vertex 299.619 283.75 48.0866
      vertex 300 283.75 50
    endloop
  endfacet
  facet normal 0.980746 0 -0.195288
    outer loop
      vertex 299.619 283.75 48.0866
      vertex 300 278.125 50
      vertex 299.619 278.125 48.0866
    endloop
  endfacet
  facet normal 0.980746 0 -0.195288
    outer loop
      vertex 300 272.5 50
      vertex 299.619 277.125 48.0866
      vertex 300 277.125 50
    endloop
  endfacet
  facet normal 0.980746 0 -0.195288
    outer loop
      vertex 299.619 277.125 48.0866
      vertex 300 272.5 50
      vertex 299.619 272.5 48.0866
    endloop
  endfacet
  facet normal 0.980746 0 -0.195288
    outer loop
      vertex 300 216.25 50
      vertex 299.619 221.875 48.0866
      vertex 300 221.875 50
    endloop
  endfacet
  facet normal 0.980746 0 -0.195288
    outer loop
      vertex 299.619 221.875 48.0866
      vertex 300 216.25 50
      vertex 299.619 216.25 48.0866
    endloop
  endfacet
  facet normal 0.980746 0 -0.195288
    outer loop
      vertex 300 222.875 50
      vertex 299.619 227.5 48.0866
      vertex 300 227.5 50
    endloop
  endfacet
  facet normal 0.980746 0 -0.195288
    outer loop
      vertex 299.619 227.5 48.0866
      vertex 300 222.875 50
      vertex 299.619 222.875 48.0866
    endloop
  endfacet
  facet normal 0 1 0
    outer loop
      vertex 296.913 283.75 54.6194
      vertex 293.087 283.75 54.6194
      vertex 295 283.75 55
    endloop
  endfacet
  facet normal 0 1 0
    outer loop
      vertex 298.536 283.75 53.5355
      vertex 293.087 283.75 54.6194
      vertex 296.913 283.75 54.6194
    endloop
  endfacet
  facet normal 0 1 0
    outer loop
      vertex 298.536 283.75 53.5355
      vertex 291.464 283.75 53.5355
      vertex 293.087 283.75 54.6194
    endloop
  endfacet
  facet normal 0 1 0
    outer loop
      vertex 299.619 283.75 51.9134
      vertex 291.464 283.75 53.5355
      vertex 298.536 283.75 53.5355
    endloop
  endfacet
  facet normal 0 1 0
    outer loop
      vertex 299.619 283.75 51.9134
      vertex 290.381 283.75 51.9134
      vertex 291.464 283.75 53.5355
    endloop
  endfacet
  facet normal 0 1 0
    outer loop
      vertex 300 283.75 50
      vertex 290.381 283.75 51.9134
      vertex 299.619 283.75 51.9134
    endloop
  endfacet
  facet normal 0 1 0
    outer loop
      vertex 300 283.75 50
      vertex 290 283.75 50
      vertex 290.381 283.75 51.9134
    endloop
  endfacet
  facet normal 0 1 -0
    outer loop
      vertex 299.619 283.75 48.0866
      vertex 290 283.75 50
      vertex 300 283.75 50
    endloop
  endfacet
  facet normal 0 1 0
    outer loop
      vertex 299.619 283.75 48.0866
      vertex 290.381 283.75 48.0866
      vertex 290 283.75 50
    endloop
  endfacet
  facet normal 0 1 -0
    outer loop
      vertex 298.536 283.75 46.4645
      vertex 290.381 283.75 48.0866
      vertex 299.619 283.75 48.0866
    endloop
  endfacet
  facet normal 0 1 0
    outer loop
      vertex 298.536 283.75 46.4645
      vertex 291.464 283.75 46.4645
      vertex 290.381 283.75 48.0866
    endloop
  endfacet
  facet normal 0 1 -0
    outer loop
      vertex 296.913 283.75 45.3806
      vertex 291.464 283.75 46.4645
      vertex 298.536 283.75 46.4645
    endloop
  endfacet
  facet normal 0 1 0
    outer loop
      vertex 296.913 283.75 45.3806
      vertex 293.087 283.75 45.3806
      vertex 291.464 283.75 46.4645
    endloop
  endfacet
  facet normal -0 1 0
    outer loop
      vertex 293.087 283.75 45.3806
      vertex 296.913 283.75 45.3806
      vertex 295 283.75 45
    endloop
  endfacet
  facet normal -0.19513 0 0.980777
    outer loop
      vertex 293.087 221.875 54.6194
      vertex 295 216.25 55
      vertex 295 221.875 55
    endloop
  endfacet
  facet normal -0.19513 0 0.980777
    outer loop
      vertex 295 216.25 55
      vertex 293.087 221.875 54.6194
      vertex 293.087 216.25 54.6194
    endloop
  endfacet
  facet normal -0.19513 0 0.980777
    outer loop
      vertex 293.087 227.5 54.6194
      vertex 295 222.875 55
      vertex 295 227.5 55
    endloop
  endfacet
  facet normal -0.19513 0 0.980777
    outer loop
      vertex 295 222.875 55
      vertex 293.087 227.5 54.6194
      vertex 293.087 222.875 54.6194
    endloop
  endfacet
  facet normal -0.19513 0 0.980777
    outer loop
      vertex 293.087 283.75 54.6194
      vertex 295 278.125 55
      vertex 295 283.75 55
    endloop
  endfacet
  facet normal -0.19513 0 0.980777
    outer loop
      vertex 295 278.125 55
      vertex 293.087 283.75 54.6194
      vertex 293.087 278.125 54.6194
    endloop
  endfacet
  facet normal -0.19513 0 0.980777
    outer loop
      vertex 293.087 277.125 54.6194
      vertex 295 272.5 55
      vertex 295 277.125 55
    endloop
  endfacet
  facet normal -0.19513 0 0.980777
    outer loop
      vertex 295 272.5 55
      vertex 293.087 277.125 54.6194
      vertex 293.087 272.5 54.6194
    endloop
  endfacet
  facet normal 0.19513 0 0.980777
    outer loop
      vertex 295 221.875 55
      vertex 296.913 216.25 54.6194
      vertex 296.913 221.875 54.6194
    endloop
  endfacet
  facet normal 0.19513 0 0.980777
    outer loop
      vertex 296.913 216.25 54.6194
      vertex 295 221.875 55
      vertex 295 216.25 55
    endloop
  endfacet
  facet normal 0.19513 0 0.980777
    outer loop
      vertex 295 227.5 55
      vertex 296.913 222.875 54.6194
      vertex 296.913 227.5 54.6194
    endloop
  endfacet
  facet normal 0.19513 0 0.980777
    outer loop
      vertex 296.913 222.875 54.6194
      vertex 295 227.5 55
      vertex 295 222.875 55
    endloop
  endfacet
  facet normal 0.19513 0 0.980777
    outer loop
      vertex 295 283.75 55
      vertex 296.913 278.125 54.6194
      vertex 296.913 283.75 54.6194
    endloop
  endfacet
  facet normal 0.19513 0 0.980777
    outer loop
      vertex 296.913 278.125 54.6194
      vertex 295 283.75 55
      vertex 295 278.125 55
    endloop
  endfacet
  facet normal 0.19513 0 0.980777
    outer loop
      vertex 295 277.125 55
      vertex 296.913 272.5 54.6194
      vertex 296.913 277.125 54.6194
    endloop
  endfacet
  facet normal 0.19513 0 0.980777
    outer loop
      vertex 296.913 272.5 54.6194
      vertex 295 277.125 55
      vertex 295 272.5 55
    endloop
  endfacet
  facet normal 0.555374 0 0.831601
    outer loop
      vertex 296.913 221.875 54.6194
      vertex 298.536 216.25 53.5355
      vertex 298.536 221.875 53.5355
    endloop
  endfacet
  facet normal 0.555374 0 0.831601
    outer loop
      vertex 298.536 216.25 53.5355
      vertex 296.913 221.875 54.6194
      vertex 296.913 216.25 54.6194
    endloop
  endfacet
  facet normal 0.555374 0 0.831601
    outer loop
      vertex 296.913 227.5 54.6194
      vertex 298.536 222.875 53.5355
      vertex 298.536 227.5 53.5355
    endloop
  endfacet
  facet normal 0.555374 0 0.831601
    outer loop
      vertex 298.536 222.875 53.5355
      vertex 296.913 227.5 54.6194
      vertex 296.913 222.875 54.6194
    endloop
  endfacet
  facet normal 0.555374 0 0.831601
    outer loop
      vertex 296.913 283.75 54.6194
      vertex 298.536 278.125 53.5355
      vertex 298.536 283.75 53.5355
    endloop
  endfacet
  facet normal 0.555374 0 0.831601
    outer loop
      vertex 298.536 278.125 53.5355
      vertex 296.913 283.75 54.6194
      vertex 296.913 278.125 54.6194
    endloop
  endfacet
  facet normal 0.555374 0 0.831601
    outer loop
      vertex 296.913 277.125 54.6194
      vertex 298.536 272.5 53.5355
      vertex 298.536 277.125 53.5355
    endloop
  endfacet
  facet normal 0.555374 0 0.831601
    outer loop
      vertex 298.536 272.5 53.5355
      vertex 296.913 277.125 54.6194
      vertex 296.913 272.5 54.6194
    endloop
  endfacet
  facet normal -0.831671 0 -0.555268
    outer loop
      vertex 291.464 278.125 46.4645
      vertex 290.381 283.75 48.0866
      vertex 291.464 283.75 46.4645
    endloop
  endfacet
  facet normal -0.831671 -0 -0.555268
    outer loop
      vertex 290.381 283.75 48.0866
      vertex 291.464 278.125 46.4645
      vertex 290.381 278.125 48.0866
    endloop
  endfacet
  facet normal -0.831671 0 -0.555268
    outer loop
      vertex 291.464 272.5 46.4645
      vertex 290.381 277.125 48.0866
      vertex 291.464 277.125 46.4645
    endloop
  endfacet
  facet normal -0.831671 -0 -0.555268
    outer loop
      vertex 290.381 277.125 48.0866
      vertex 291.464 272.5 46.4645
      vertex 290.381 272.5 48.0866
    endloop
  endfacet
  facet normal -0.831671 0 -0.555268
    outer loop
      vertex 291.464 216.25 46.4645
      vertex 290.381 221.875 48.0866
      vertex 291.464 221.875 46.4645
    endloop
  endfacet
  facet normal -0.831671 -0 -0.555268
    outer loop
      vertex 290.381 221.875 48.0866
      vertex 291.464 216.25 46.4645
      vertex 290.381 216.25 48.0866
    endloop
  endfacet
  facet normal -0.831671 0 -0.555268
    outer loop
      vertex 291.464 222.875 46.4645
      vertex 290.381 227.5 48.0866
      vertex 291.464 227.5 46.4645
    endloop
  endfacet
  facet normal -0.831671 -0 -0.555268
    outer loop
      vertex 290.381 227.5 48.0866
      vertex 291.464 222.875 46.4645
      vertex 290.381 222.875 48.0866
    endloop
  endfacet
  facet normal 0 -1 0
    outer loop
      vertex 293.087 216.25 54.6194
      vertex 296.913 216.25 54.6194
      vertex 295 216.25 55
    endloop
  endfacet
  facet normal 0 -1 0
    outer loop
      vertex 291.464 216.25 53.5355
      vertex 296.913 216.25 54.6194
      vertex 293.087 216.25 54.6194
    endloop
  endfacet
  facet normal 0 -1 0
    outer loop
      vertex 291.464 216.25 53.5355
      vertex 298.536 216.25 53.5355
      vertex 296.913 216.25 54.6194
    endloop
  endfacet
  facet normal 0 -1 0
    outer loop
      vertex 290.381 216.25 51.9134
      vertex 298.536 216.25 53.5355
      vertex 291.464 216.25 53.5355
    endloop
  endfacet
  facet normal 0 -1 0
    outer loop
      vertex 290.381 216.25 51.9134
      vertex 299.619 216.25 51.9134
      vertex 298.536 216.25 53.5355
    endloop
  endfacet
  facet normal 0 -1 0
    outer loop
      vertex 290 216.25 50
      vertex 299.619 216.25 51.9134
      vertex 290.381 216.25 51.9134
    endloop
  endfacet
  facet normal 0 -1 0
    outer loop
      vertex 290 216.25 50
      vertex 300 216.25 50
      vertex 299.619 216.25 51.9134
    endloop
  endfacet
  facet normal 0 -1 0
    outer loop
      vertex 290.381 216.25 48.0866
      vertex 300 216.25 50
      vertex 290 216.25 50
    endloop
  endfacet
  facet normal 0 -1 0
    outer loop
      vertex 290.381 216.25 48.0866
      vertex 299.619 216.25 48.0866
      vertex 300 216.25 50
    endloop
  endfacet
  facet normal 0 -1 0
    outer loop
      vertex 291.464 216.25 46.4645
      vertex 299.619 216.25 48.0866
      vertex 290.381 216.25 48.0866
    endloop
  endfacet
  facet normal 0 -1 0
    outer loop
      vertex 291.464 216.25 46.4645
      vertex 298.536 216.25 46.4645
      vertex 299.619 216.25 48.0866
    endloop
  endfacet
  facet normal 0 -1 0
    outer loop
      vertex 293.087 216.25 45.3806
      vertex 298.536 216.25 46.4645
      vertex 291.464 216.25 46.4645
    endloop
  endfacet
  facet normal 0 -1 0
    outer loop
      vertex 293.087 216.25 45.3806
      vertex 296.913 216.25 45.3806
      vertex 298.536 216.25 46.4645
    endloop
  endfacet
  facet normal -0 -1 0
    outer loop
      vertex 296.913 216.25 45.3806
      vertex 293.087 216.25 45.3806
      vertex 295 216.25 45
    endloop
  endfacet
  facet normal -0.980746 0 -0.195288
    outer loop
      vertex 290.381 278.125 48.0866
      vertex 290 283.75 50
      vertex 290.381 283.75 48.0866
    endloop
  endfacet
  facet normal -0.980746 -0 -0.195288
    outer loop
      vertex 290 283.75 50
      vertex 290.381 278.125 48.0866
      vertex 290 278.125 50
    endloop
  endfacet
  facet normal -0.980746 0 -0.195288
    outer loop
      vertex 290.381 272.5 48.0866
      vertex 290 277.125 50
      vertex 290.381 277.125 48.0866
    endloop
  endfacet
  facet normal -0.980746 -0 -0.195288
    outer loop
      vertex 290 277.125 50
      vertex 290.381 272.5 48.0866
      vertex 290 272.5 50
    endloop
  endfacet
  facet normal -0.980746 0 -0.195288
    outer loop
      vertex 290.381 216.25 48.0866
      vertex 290 221.875 50
      vertex 290.381 221.875 48.0866
    endloop
  endfacet
  facet normal -0.980746 -0 -0.195288
    outer loop
      vertex 290 221.875 50
      vertex 290.381 216.25 48.0866
      vertex 290 216.25 50
    endloop
  endfacet
  facet normal -0.980746 0 -0.195288
    outer loop
      vertex 290.381 222.875 48.0866
      vertex 290 227.5 50
      vertex 290.381 227.5 48.0866
    endloop
  endfacet
  facet normal -0.980746 -0 -0.195288
    outer loop
      vertex 290 227.5 50
      vertex 290.381 222.875 48.0866
      vertex 290 222.875 50
    endloop
  endfacet
  facet normal -0.555374 0 -0.831601
    outer loop
      vertex 291.464 278.125 46.4645
      vertex 293.087 283.75 45.3806
      vertex 293.087 278.125 45.3806
    endloop
  endfacet
  facet normal -0.555374 0 -0.831601
    outer loop
      vertex 293.087 283.75 45.3806
      vertex 291.464 278.125 46.4645
      vertex 291.464 283.75 46.4645
    endloop
  endfacet
  facet normal -0.555374 0 -0.831601
    outer loop
      vertex 291.464 272.5 46.4645
      vertex 293.087 277.125 45.3806
      vertex 293.087 272.5 45.3806
    endloop
  endfacet
  facet normal -0.555374 0 -0.831601
    outer loop
      vertex 293.087 277.125 45.3806
      vertex 291.464 272.5 46.4645
      vertex 291.464 277.125 46.4645
    endloop
  endfacet
  facet normal -0.555374 0 -0.831601
    outer loop
      vertex 291.464 216.25 46.4645
      vertex 293.087 221.875 45.3806
      vertex 293.087 216.25 45.3806
    endloop
  endfacet
  facet normal -0.555374 0 -0.831601
    outer loop
      vertex 293.087 221.875 45.3806
      vertex 291.464 216.25 46.4645
      vertex 291.464 221.875 46.4645
    endloop
  endfacet
  facet normal -0.555374 0 -0.831601
    outer loop
      vertex 291.464 222.875 46.4645
      vertex 293.087 227.5 45.3806
      vertex 293.087 222.875 45.3806
    endloop
  endfacet
  facet normal -0.555374 0 -0.831601
    outer loop
      vertex 293.087 227.5 45.3806
      vertex 291.464 222.875 46.4645
      vertex 291.464 227.5 46.4645
    endloop
  endfacet
  facet normal -0.743153 0 -0.669122
    outer loop
      vertex 254.852 227.5 5.41131
      vertex 246.459 272.5 14.7329
      vertex 254.852 272.5 5.41131
    endloop
  endfacet
  facet normal -0.743153 -0 -0.669122
    outer loop
      vertex 246.459 272.5 14.7329
      vertex 254.852 227.5 5.41131
      vertex 246.459 227.5 14.7329
    endloop
  endfacet
  facet normal 0.95106 -0 0.309008
    outer loop
      vertex 349.813 227.5 74.4042
      vertex 353.689 272.5 62.4747
      vertex 349.813 272.5 74.4042
    endloop
  endfacet
  facet normal 0.95106 0 0.309008
    outer loop
      vertex 353.689 272.5 62.4747
      vertex 349.813 227.5 74.4042
      vertex 353.689 227.5 62.4747
    endloop
  endfacet
  facet normal 0.994523 -0 0.104517
    outer loop
      vertex 353.689 227.5 62.4747
      vertex 355 272.5 50
      vertex 353.689 272.5 62.4747
    endloop
  endfacet
  facet normal 0.994523 0 0.104517
    outer loop
      vertex 355 272.5 50
      vertex 353.689 227.5 62.4747
      vertex 355 227.5 50
    endloop
  endfacet
  facet normal 0.866015 -0 0.500018
    outer loop
      vertex 343.541 227.5 85.2671
      vertex 349.813 272.5 74.4042
      vertex 343.541 272.5 85.2671
    endloop
  endfacet
  facet normal 0.866015 0 0.500018
    outer loop
      vertex 349.813 272.5 74.4042
      vertex 343.541 227.5 85.2671
      vertex 349.813 227.5 74.4042
    endloop
  endfacet
  facet normal 0.95106 0 -0.309008
    outer loop
      vertex 353.689 227.5 37.5253
      vertex 349.813 272.5 25.5958
      vertex 353.689 272.5 37.5253
    endloop
  endfacet
  facet normal 0.95106 0 -0.309008
    outer loop
      vertex 349.813 272.5 25.5958
      vertex 353.689 227.5 37.5253
      vertex 349.813 227.5 25.5958
    endloop
  endfacet
  facet normal 0.587779 0 -0.809022
    outer loop
      vertex 325 227.5 -1.96152
      vertex 335.148 272.5 5.41131
      vertex 335.148 227.5 5.41131
    endloop
  endfacet
  facet normal 0.587779 0 -0.809022
    outer loop
      vertex 335.148 272.5 5.41131
      vertex 325 227.5 -1.96152
      vertex 325 272.5 -1.96152
    endloop
  endfacet
  facet normal 0.743153 0 -0.669122
    outer loop
      vertex 343.541 227.5 14.7329
      vertex 335.148 272.5 5.41131
      vertex 343.541 272.5 14.7329
    endloop
  endfacet
  facet normal 0.743153 0 -0.669122
    outer loop
      vertex 335.148 272.5 5.41131
      vertex 343.541 227.5 14.7329
      vertex 335.148 227.5 5.41131
    endloop
  endfacet
  facet normal 0.994523 0 -0.104517
    outer loop
      vertex 355 227.5 50
      vertex 353.689 272.5 37.5253
      vertex 355 272.5 50
    endloop
  endfacet
  facet normal 0.994523 0 -0.104517
    outer loop
      vertex 353.689 272.5 37.5253
      vertex 355 227.5 50
      vertex 353.689 227.5 37.5253
    endloop
  endfacet
  facet normal -0.406736 0 -0.913546
    outer loop
      vertex 265 227.5 -1.96152
      vertex 276.459 272.5 -7.06339
      vertex 276.459 227.5 -7.06339
    endloop
  endfacet
  facet normal -0.406736 0 -0.913546
    outer loop
      vertex 276.459 272.5 -7.06339
      vertex 265 227.5 -1.96152
      vertex 265 272.5 -1.96152
    endloop
  endfacet
  facet normal 0.406678 0 0.913571
    outer loop
      vertex 313.541 272.5 107.063
      vertex 325 227.5 101.962
      vertex 325 272.5 101.962
    endloop
  endfacet
  facet normal 0.406678 0 0.913571
    outer loop
      vertex 325 227.5 101.962
      vertex 313.541 272.5 107.063
      vertex 313.541 227.5 107.063
    endloop
  endfacet
  facet normal 0.743153 -0 0.669122
    outer loop
      vertex 335.148 227.5 94.5887
      vertex 343.541 272.5 85.2671
      vertex 335.148 272.5 94.5887
    endloop
  endfacet
  facet normal 0.743153 0 0.669122
    outer loop
      vertex 343.541 272.5 85.2671
      vertex 335.148 227.5 94.5887
      vertex 343.541 227.5 85.2671
    endloop
  endfacet
  facet normal -0.587779 0 -0.809022
    outer loop
      vertex 254.852 227.5 5.41131
      vertex 265 272.5 -1.96152
      vertex 265 227.5 -1.96152
    endloop
  endfacet
  facet normal -0.587779 0 -0.809022
    outer loop
      vertex 265 272.5 -1.96152
      vertex 254.852 227.5 5.41131
      vertex 254.852 272.5 5.41131
    endloop
  endfacet
  facet normal -0.743153 0 0.669122
    outer loop
      vertex 246.459 227.5 85.2671
      vertex 254.852 272.5 94.5887
      vertex 246.459 272.5 85.2671
    endloop
  endfacet
  facet normal -0.743153 0 0.669122
    outer loop
      vertex 254.852 272.5 94.5887
      vertex 246.459 227.5 85.2671
      vertex 254.852 227.5 94.5887
    endloop
  endfacet
  facet normal -0 0 1
    outer loop
      vertex 288.728 272.5 109.671
      vertex 301.272 227.5 109.671
      vertex 301.272 272.5 109.671
    endloop
  endfacet
  facet normal 0 0 1
    outer loop
      vertex 301.272 227.5 109.671
      vertex 288.728 272.5 109.671
      vertex 288.728 227.5 109.671
    endloop
  endfacet
  facet normal 0.406736 0 -0.913546
    outer loop
      vertex 313.541 227.5 -7.06339
      vertex 325 272.5 -1.96152
      vertex 325 227.5 -1.96152
    endloop
  endfacet
  facet normal 0.406736 0 -0.913546
    outer loop
      vertex 325 272.5 -1.96152
      vertex 313.541 227.5 -7.06339
      vertex 313.541 272.5 -7.06339
    endloop
  endfacet
  facet normal 0.207917 0 -0.978147
    outer loop
      vertex 301.272 227.5 -9.67131
      vertex 313.541 272.5 -7.06339
      vertex 313.541 227.5 -7.06339
    endloop
  endfacet
  facet normal 0.207917 0 -0.978147
    outer loop
      vertex 313.541 272.5 -7.06339
      vertex 301.272 227.5 -9.67131
      vertex 301.272 272.5 -9.67131
    endloop
  endfacet
  facet normal -0.95106 0 0.309008
    outer loop
      vertex 236.311 227.5 62.4747
      vertex 240.187 272.5 74.4042
      vertex 236.311 272.5 62.4747
    endloop
  endfacet
  facet normal -0.95106 0 0.309008
    outer loop
      vertex 240.187 272.5 74.4042
      vertex 236.311 227.5 62.4747
      vertex 240.187 227.5 74.4042
    endloop
  endfacet
  facet normal 0 1 0
    outer loop
      vertex 296.913 272.5 54.6194
      vertex 301.272 272.5 109.671
      vertex 313.541 272.5 107.063
    endloop
  endfacet
  facet normal 0 1 0
    outer loop
      vertex 301.272 272.5 109.671
      vertex 295 272.5 55
      vertex 288.728 272.5 109.671
    endloop
  endfacet
  facet normal 0 1 0
    outer loop
      vertex 296.913 272.5 54.6194
      vertex 313.541 272.5 107.063
      vertex 325 272.5 101.962
    endloop
  endfacet
  facet normal 0 1 -0
    outer loop
      vertex 293.087 272.5 54.6194
      vertex 288.728 272.5 109.671
      vertex 295 272.5 55
    endloop
  endfacet
  facet normal 0 1 0
    outer loop
      vertex 298.536 272.5 53.5355
      vertex 325 272.5 101.962
      vertex 335.148 272.5 94.5887
    endloop
  endfacet
  facet normal 0 1 0
    outer loop
      vertex 288.728 272.5 109.671
      vertex 293.087 272.5 54.6194
      vertex 276.459 272.5 107.063
    endloop
  endfacet
  facet normal 0 1 0
    outer loop
      vertex 298.536 272.5 53.5355
      vertex 335.148 272.5 94.5887
      vertex 343.541 272.5 85.2671
    endloop
  endfacet
  facet normal 0 1 0
    outer loop
      vertex 276.459 272.5 107.063
      vertex 293.087 272.5 54.6194
      vertex 265 272.5 101.962
    endloop
  endfacet
  facet normal 0 1 0
    outer loop
      vertex 299.619 272.5 51.9134
      vertex 343.541 272.5 85.2671
      vertex 349.813 272.5 74.4042
    endloop
  endfacet
  facet normal 0 1 -0
    outer loop
      vertex 291.464 272.5 53.5355
      vertex 265 272.5 101.962
      vertex 293.087 272.5 54.6194
    endloop
  endfacet
  facet normal 0 1 0
    outer loop
      vertex 299.619 272.5 51.9134
      vertex 349.813 272.5 74.4042
      vertex 353.689 272.5 62.4747
    endloop
  endfacet
  facet normal 0 1 0
    outer loop
      vertex 265 272.5 101.962
      vertex 291.464 272.5 53.5355
      vertex 254.852 272.5 94.5887
    endloop
  endfacet
  facet normal 0 1 0
    outer loop
      vertex 254.852 272.5 94.5887
      vertex 291.464 272.5 53.5355
      vertex 246.459 272.5 85.2671
    endloop
  endfacet
  facet normal 0 1 0
    outer loop
      vertex 301.272 272.5 109.671
      vertex 296.913 272.5 54.6194
      vertex 295 272.5 55
    endloop
  endfacet
  facet normal 0 1 0
    outer loop
      vertex 325 272.5 101.962
      vertex 298.536 272.5 53.5355
      vertex 296.913 272.5 54.6194
    endloop
  endfacet
  facet normal 0 1 0
    outer loop
      vertex 343.541 272.5 85.2671
      vertex 299.619 272.5 51.9134
      vertex 298.536 272.5 53.5355
    endloop
  endfacet
  facet normal 0 1 0
    outer loop
      vertex 300 272.5 50
      vertex 353.689 272.5 62.4747
      vertex 355 272.5 50
    endloop
  endfacet
  facet normal 0 1 0
    outer loop
      vertex 353.689 272.5 62.4747
      vertex 300 272.5 50
      vertex 299.619 272.5 51.9134
    endloop
  endfacet
  facet normal 0 1 -0
    outer loop
      vertex 353.689 272.5 37.5253
      vertex 300 272.5 50
      vertex 355 272.5 50
    endloop
  endfacet
  facet normal 0 1 0
    outer loop
      vertex 300 272.5 50
      vertex 353.689 272.5 37.5253
      vertex 299.619 272.5 48.0866
    endloop
  endfacet
  facet normal 0 1 -0
    outer loop
      vertex 349.813 272.5 25.5958
      vertex 299.619 272.5 48.0866
      vertex 353.689 272.5 37.5253
    endloop
  endfacet
  facet normal 0 1 -0
    outer loop
      vertex 343.541 272.5 14.7329
      vertex 299.619 272.5 48.0866
      vertex 349.813 272.5 25.5958
    endloop
  endfacet
  facet normal 0 1 0
    outer loop
      vertex 299.619 272.5 48.0866
      vertex 343.541 272.5 14.7329
      vertex 298.536 272.5 46.4645
    endloop
  endfacet
  facet normal 0 1 -0
    outer loop
      vertex 290.381 272.5 51.9134
      vertex 246.459 272.5 85.2671
      vertex 291.464 272.5 53.5355
    endloop
  endfacet
  facet normal 0 1 0
    outer loop
      vertex 246.459 272.5 85.2671
      vertex 290.381 272.5 51.9134
      vertex 240.187 272.5 74.4042
    endloop
  endfacet
  facet normal 0 1 0
    outer loop
      vertex 240.187 272.5 74.4042
      vertex 290.381 272.5 51.9134
      vertex 236.311 272.5 62.4747
    endloop
  endfacet
  facet normal 0 1 -0
    outer loop
      vertex 290 272.5 50
      vertex 236.311 272.5 62.4747
      vertex 290.381 272.5 51.9134
    endloop
  endfacet
  facet normal 0 1 0
    outer loop
      vertex 290 272.5 50
      vertex 235 272.5 50
      vertex 236.311 272.5 62.4747
    endloop
  endfacet
  facet normal 0 1 0
    outer loop
      vertex 236.311 272.5 37.5253
      vertex 290 272.5 50
      vertex 290.381 272.5 48.0866
    endloop
  endfacet
  facet normal 0 1 0
    outer loop
      vertex 246.459 272.5 14.7329
      vertex 290.381 272.5 48.0866
      vertex 291.464 272.5 46.4645
    endloop
  endfacet
  facet normal 0 1 0
    outer loop
      vertex 265 272.5 -1.96152
      vertex 291.464 272.5 46.4645
      vertex 293.087 272.5 45.3806
    endloop
  endfacet
  facet normal 0 1 0
    outer loop
      vertex 288.728 272.5 -9.67131
      vertex 293.087 272.5 45.3806
      vertex 295 272.5 45
    endloop
  endfacet
  facet normal 0 1 -0
    outer loop
      vertex 335.148 272.5 5.41131
      vertex 298.536 272.5 46.4645
      vertex 343.541 272.5 14.7329
    endloop
  endfacet
  facet normal 0 1 0
    outer loop
      vertex 290 272.5 50
      vertex 236.311 272.5 37.5253
      vertex 235 272.5 50
    endloop
  endfacet
  facet normal 0 1 -0
    outer loop
      vertex 325 272.5 -1.96152
      vertex 298.536 272.5 46.4645
      vertex 335.148 272.5 5.41131
    endloop
  endfacet
  facet normal 0 1 0
    outer loop
      vertex 290.381 272.5 48.0866
      vertex 240.187 272.5 25.5958
      vertex 236.311 272.5 37.5253
    endloop
  endfacet
  facet normal 0 1 0
    outer loop
      vertex 298.536 272.5 46.4645
      vertex 325 272.5 -1.96152
      vertex 296.913 272.5 45.3806
    endloop
  endfacet
  facet normal 0 1 0
    outer loop
      vertex 290.381 272.5 48.0866
      vertex 246.459 272.5 14.7329
      vertex 240.187 272.5 25.5958
    endloop
  endfacet
  facet normal 0 1 -0
    outer loop
      vertex 313.541 272.5 -7.06339
      vertex 296.913 272.5 45.3806
      vertex 325 272.5 -1.96152
    endloop
  endfacet
  facet normal 0 1 0
    outer loop
      vertex 291.464 272.5 46.4645
      vertex 254.852 272.5 5.41131
      vertex 246.459 272.5 14.7329
    endloop
  endfacet
  facet normal 0 1 -0
    outer loop
      vertex 301.272 272.5 -9.67131
      vertex 296.913 272.5 45.3806
      vertex 313.541 272.5 -7.06339
    endloop
  endfacet
  facet normal 0 1 0
    outer loop
      vertex 291.464 272.5 46.4645
      vertex 265 272.5 -1.96152
      vertex 254.852 272.5 5.41131
    endloop
  endfacet
  facet normal 0 1 0
    outer loop
      vertex 296.913 272.5 45.3806
      vertex 301.272 272.5 -9.67131
      vertex 295 272.5 45
    endloop
  endfacet
  facet normal 0 1 0
    outer loop
      vertex 293.087 272.5 45.3806
      vertex 276.459 272.5 -7.06339
      vertex 265 272.5 -1.96152
    endloop
  endfacet
  facet normal 0 1 0
    outer loop
      vertex 288.728 272.5 -9.67131
      vertex 295 272.5 45
      vertex 301.272 272.5 -9.67131
    endloop
  endfacet
  facet normal 0 1 0
    outer loop
      vertex 293.087 272.5 45.3806
      vertex 288.728 272.5 -9.67131
      vertex 276.459 272.5 -7.06339
    endloop
  endfacet
  facet normal -0.95106 0 -0.309008
    outer loop
      vertex 240.187 227.5 25.5958
      vertex 236.311 272.5 37.5253
      vertex 240.187 272.5 25.5958
    endloop
  endfacet
  facet normal -0.95106 -0 -0.309008
    outer loop
      vertex 236.311 272.5 37.5253
      vertex 240.187 227.5 25.5958
      vertex 236.311 227.5 37.5253
    endloop
  endfacet
  facet normal -0.406678 0 0.913571
    outer loop
      vertex 265 272.5 101.962
      vertex 276.459 227.5 107.063
      vertex 276.459 272.5 107.063
    endloop
  endfacet
  facet normal -0.406678 0 0.913571
    outer loop
      vertex 276.459 227.5 107.063
      vertex 265 272.5 101.962
      vertex 265 227.5 101.962
    endloop
  endfacet
  facet normal 0 -1 0
    outer loop
      vertex 293.087 227.5 54.6194
      vertex 288.728 227.5 109.671
      vertex 276.459 227.5 107.063
    endloop
  endfacet
  facet normal 0 -1 0
    outer loop
      vertex 288.728 227.5 109.671
      vertex 295 227.5 55
      vertex 301.272 227.5 109.671
    endloop
  endfacet
  facet normal 0 -1 0
    outer loop
      vertex 293.087 227.5 54.6194
      vertex 276.459 227.5 107.063
      vertex 265 227.5 101.962
    endloop
  endfacet
  facet normal 0 -1 0
    outer loop
      vertex 296.913 227.5 54.6194
      vertex 301.272 227.5 109.671
      vertex 295 227.5 55
    endloop
  endfacet
  facet normal 0 -1 0
    outer loop
      vertex 291.464 227.5 53.5355
      vertex 265 227.5 101.962
      vertex 254.852 227.5 94.5887
    endloop
  endfacet
  facet normal 0 -1 -0
    outer loop
      vertex 301.272 227.5 109.671
      vertex 296.913 227.5 54.6194
      vertex 313.541 227.5 107.063
    endloop
  endfacet
  facet normal 0 -1 0
    outer loop
      vertex 291.464 227.5 53.5355
      vertex 254.852 227.5 94.5887
      vertex 246.459 227.5 85.2671
    endloop
  endfacet
  facet normal 0 -1 -0
    outer loop
      vertex 313.541 227.5 107.063
      vertex 296.913 227.5 54.6194
      vertex 325 227.5 101.962
    endloop
  endfacet
  facet normal 0 -1 0
    outer loop
      vertex 290.381 227.5 51.9134
      vertex 246.459 227.5 85.2671
      vertex 240.187 227.5 74.4042
    endloop
  endfacet
  facet normal 0 -1 0
    outer loop
      vertex 298.536 227.5 53.5355
      vertex 325 227.5 101.962
      vertex 296.913 227.5 54.6194
    endloop
  endfacet
  facet normal 0 -1 0
    outer loop
      vertex 290.381 227.5 51.9134
      vertex 240.187 227.5 74.4042
      vertex 236.311 227.5 62.4747
    endloop
  endfacet
  facet normal 0 -1 -0
    outer loop
      vertex 325 227.5 101.962
      vertex 298.536 227.5 53.5355
      vertex 335.148 227.5 94.5887
    endloop
  endfacet
  facet normal 0 -1 -0
    outer loop
      vertex 335.148 227.5 94.5887
      vertex 298.536 227.5 53.5355
      vertex 343.541 227.5 85.2671
    endloop
  endfacet
  facet normal 0 -1 0
    outer loop
      vertex 288.728 227.5 109.671
      vertex 293.087 227.5 54.6194
      vertex 295 227.5 55
    endloop
  endfacet
  facet normal 0 -1 0
    outer loop
      vertex 265 227.5 101.962
      vertex 291.464 227.5 53.5355
      vertex 293.087 227.5 54.6194
    endloop
  endfacet
  facet normal 0 -1 0
    outer loop
      vertex 246.459 227.5 85.2671
      vertex 290.381 227.5 51.9134
      vertex 291.464 227.5 53.5355
    endloop
  endfacet
  facet normal 0 -1 0
    outer loop
      vertex 290 227.5 50
      vertex 236.311 227.5 62.4747
      vertex 235 227.5 50
    endloop
  endfacet
  facet normal 0 -1 0
    outer loop
      vertex 236.311 227.5 62.4747
      vertex 290 227.5 50
      vertex 290.381 227.5 51.9134
    endloop
  endfacet
  facet normal 0 -1 0
    outer loop
      vertex 236.311 227.5 37.5253
      vertex 290 227.5 50
      vertex 235 227.5 50
    endloop
  endfacet
  facet normal 0 -1 -0
    outer loop
      vertex 290 227.5 50
      vertex 236.311 227.5 37.5253
      vertex 290.381 227.5 48.0866
    endloop
  endfacet
  facet normal 0 -1 0
    outer loop
      vertex 240.187 227.5 25.5958
      vertex 290.381 227.5 48.0866
      vertex 236.311 227.5 37.5253
    endloop
  endfacet
  facet normal 0 -1 0
    outer loop
      vertex 246.459 227.5 14.7329
      vertex 290.381 227.5 48.0866
      vertex 240.187 227.5 25.5958
    endloop
  endfacet
  facet normal 0 -1 -0
    outer loop
      vertex 290.381 227.5 48.0866
      vertex 246.459 227.5 14.7329
      vertex 291.464 227.5 46.4645
    endloop
  endfacet
  facet normal 0 -1 0
    outer loop
      vertex 299.619 227.5 51.9134
      vertex 343.541 227.5 85.2671
      vertex 298.536 227.5 53.5355
    endloop
  endfacet
  facet normal 0 -1 -0
    outer loop
      vertex 343.541 227.5 85.2671
      vertex 299.619 227.5 51.9134
      vertex 349.813 227.5 74.4042
    endloop
  endfacet
  facet normal 0 -1 -0
    outer loop
      vertex 349.813 227.5 74.4042
      vertex 299.619 227.5 51.9134
      vertex 353.689 227.5 62.4747
    endloop
  endfacet
  facet normal 0 -1 0
    outer loop
      vertex 300 227.5 50
      vertex 353.689 227.5 62.4747
      vertex 299.619 227.5 51.9134
    endloop
  endfacet
  facet normal 0 -1 0
    outer loop
      vertex 300 227.5 50
      vertex 355 227.5 50
      vertex 353.689 227.5 62.4747
    endloop
  endfacet
  facet normal 0 -1 0
    outer loop
      vertex 353.689 227.5 37.5253
      vertex 300 227.5 50
      vertex 299.619 227.5 48.0866
    endloop
  endfacet
  facet normal 0 -1 0
    outer loop
      vertex 343.541 227.5 14.7329
      vertex 299.619 227.5 48.0866
      vertex 298.536 227.5 46.4645
    endloop
  endfacet
  facet normal 0 -1 0
    outer loop
      vertex 325 227.5 -1.96152
      vertex 298.536 227.5 46.4645
      vertex 296.913 227.5 45.3806
    endloop
  endfacet
  facet normal 0 -1 0
    outer loop
      vertex 301.272 227.5 -9.67131
      vertex 296.913 227.5 45.3806
      vertex 295 227.5 45
    endloop
  endfacet
  facet normal 0 -1 0
    outer loop
      vertex 254.852 227.5 5.41131
      vertex 291.464 227.5 46.4645
      vertex 246.459 227.5 14.7329
    endloop
  endfacet
  facet normal 0 -1 0
    outer loop
      vertex 300 227.5 50
      vertex 353.689 227.5 37.5253
      vertex 355 227.5 50
    endloop
  endfacet
  facet normal 0 -1 0
    outer loop
      vertex 265 227.5 -1.96152
      vertex 291.464 227.5 46.4645
      vertex 254.852 227.5 5.41131
    endloop
  endfacet
  facet normal 0 -1 0
    outer loop
      vertex 299.619 227.5 48.0866
      vertex 349.813 227.5 25.5958
      vertex 353.689 227.5 37.5253
    endloop
  endfacet
  facet normal 0 -1 -0
    outer loop
      vertex 291.464 227.5 46.4645
      vertex 265 227.5 -1.96152
      vertex 293.087 227.5 45.3806
    endloop
  endfacet
  facet normal 0 -1 0
    outer loop
      vertex 299.619 227.5 48.0866
      vertex 343.541 227.5 14.7329
      vertex 349.813 227.5 25.5958
    endloop
  endfacet
  facet normal 0 -1 0
    outer loop
      vertex 276.459 227.5 -7.06339
      vertex 293.087 227.5 45.3806
      vertex 265 227.5 -1.96152
    endloop
  endfacet
  facet normal 0 -1 0
    outer loop
      vertex 298.536 227.5 46.4645
      vertex 335.148 227.5 5.41131
      vertex 343.541 227.5 14.7329
    endloop
  endfacet
  facet normal 0 -1 0
    outer loop
      vertex 288.728 227.5 -9.67131
      vertex 293.087 227.5 45.3806
      vertex 276.459 227.5 -7.06339
    endloop
  endfacet
  facet normal 0 -1 0
    outer loop
      vertex 298.536 227.5 46.4645
      vertex 325 227.5 -1.96152
      vertex 335.148 227.5 5.41131
    endloop
  endfacet
  facet normal 0 -1 -0
    outer loop
      vertex 293.087 227.5 45.3806
      vertex 288.728 227.5 -9.67131
      vertex 295 227.5 45
    endloop
  endfacet
  facet normal 0 -1 0
    outer loop
      vertex 296.913 227.5 45.3806
      vertex 313.541 227.5 -7.06339
      vertex 325 227.5 -1.96152
    endloop
  endfacet
  facet normal 0 -1 0
    outer loop
      vertex 301.272 227.5 -9.67131
      vertex 295 227.5 45
      vertex 288.728 227.5 -9.67131
    endloop
  endfacet
  facet normal 0 -1 0
    outer loop
      vertex 296.913 227.5 45.3806
      vertex 301.272 227.5 -9.67131
      vertex 313.541 227.5 -7.06339
    endloop
  endfacet
  facet normal -0.207917 0 -0.978147
    outer loop
      vertex 276.459 227.5 -7.06339
      vertex 288.728 272.5 -9.67131
      vertex 288.728 227.5 -9.67131
    endloop
  endfacet
  facet normal -0.207917 0 -0.978147
    outer loop
      vertex 288.728 272.5 -9.67131
      vertex 276.459 227.5 -7.06339
      vertex 276.459 272.5 -7.06339
    endloop
  endfacet
  facet normal 0.207923 0 0.978145
    outer loop
      vertex 301.272 272.5 109.671
      vertex 313.541 227.5 107.063
      vertex 313.541 272.5 107.063
    endloop
  endfacet
  facet normal 0.207923 0 0.978145
    outer loop
      vertex 313.541 227.5 107.063
      vertex 301.272 272.5 109.671
      vertex 301.272 227.5 109.671
    endloop
  endfacet
  facet normal -0.994523 0 -0.104517
    outer loop
      vertex 236.311 227.5 37.5253
      vertex 235 272.5 50
      vertex 236.311 272.5 37.5253
    endloop
  endfacet
  facet normal -0.994523 -0 -0.104517
    outer loop
      vertex 235 272.5 50
      vertex 236.311 227.5 37.5253
      vertex 235 227.5 50
    endloop
  endfacet
  facet normal -0.866015 0 -0.500018
    outer loop
      vertex 246.459 227.5 14.7329
      vertex 240.187 272.5 25.5958
      vertex 246.459 272.5 14.7329
    endloop
  endfacet
  facet normal -0.866015 -0 -0.500018
    outer loop
      vertex 240.187 272.5 25.5958
      vertex 246.459 227.5 14.7329
      vertex 240.187 227.5 25.5958
    endloop
  endfacet
  facet normal -0.866015 0 0.500018
    outer loop
      vertex 240.187 227.5 74.4042
      vertex 246.459 272.5 85.2671
      vertex 240.187 272.5 74.4042
    endloop
  endfacet
  facet normal -0.866015 0 0.500018
    outer loop
      vertex 246.459 272.5 85.2671
      vertex 240.187 227.5 74.4042
      vertex 246.459 227.5 85.2671
    endloop
  endfacet
  facet normal 0.866015 0 -0.500018
    outer loop
      vertex 349.813 227.5 25.5958
      vertex 343.541 272.5 14.7329
      vertex 349.813 272.5 25.5958
    endloop
  endfacet
  facet normal 0.866015 0 -0.500018
    outer loop
      vertex 343.541 272.5 14.7329
      vertex 349.813 227.5 25.5958
      vertex 343.541 227.5 14.7329
    endloop
  endfacet
  facet normal 0.587803 0 0.809004
    outer loop
      vertex 325 272.5 101.962
      vertex 335.148 227.5 94.5887
      vertex 335.148 272.5 94.5887
    endloop
  endfacet
  facet normal 0.587803 0 0.809004
    outer loop
      vertex 335.148 227.5 94.5887
      vertex 325 272.5 101.962
      vertex 325 227.5 101.962
    endloop
  endfacet
  facet normal -0.587803 0 0.809004
    outer loop
      vertex 254.852 272.5 94.5887
      vertex 265 227.5 101.962
      vertex 265 272.5 101.962
    endloop
  endfacet
  facet normal -0.587803 0 0.809004
    outer loop
      vertex 265 227.5 101.962
      vertex 254.852 272.5 94.5887
      vertex 254.852 227.5 94.5887
    endloop
  endfacet
  facet normal -0.207923 0 0.978145
    outer loop
      vertex 276.459 272.5 107.063
      vertex 288.728 227.5 109.671
      vertex 288.728 272.5 109.671
    endloop
  endfacet
  facet normal -0.207923 0 0.978145
    outer loop
      vertex 288.728 227.5 109.671
      vertex 276.459 272.5 107.063
      vertex 276.459 227.5 107.063
    endloop
  endfacet
  facet normal 0 0 -1
    outer loop
      vertex 288.728 227.5 -9.67131
      vertex 301.272 272.5 -9.67131
      vertex 301.272 227.5 -9.67131
    endloop
  endfacet
  facet normal -0 0 -1
    outer loop
      vertex 301.272 272.5 -9.67131
      vertex 288.728 227.5 -9.67131
      vertex 288.728 272.5 -9.67131
    endloop
  endfacet
  facet normal -0.994523 0 0.104517
    outer loop
      vertex 235 227.5 50
      vertex 236.311 272.5 62.4747
      vertex 235 272.5 50
    endloop
  endfacet
  facet normal -0.994523 0 0.104517
    outer loop
      vertex 236.311 272.5 62.4747
      vertex 235 227.5 50
      vertex 236.311 227.5 62.4747
    endloop
  endfacet
  facet normal -1 0 0
    outer loop
      vertex 285 277.125 40
      vertex 285 278.125 100
      vertex 285 278.125 40
    endloop
  endfacet
  facet normal -1 -0 0
    outer loop
      vertex 285 278.125 100
      vertex 285 277.125 40
      vertex 285 277.125 100
    endloop
  endfacet
  facet normal 0 -1 0
    outer loop
      vertex 295 277.125 115
      vertex 315 277.125 114.5
      vertex 315 277.125 115
    endloop
  endfacet
  facet normal 0 -1 0
    outer loop
      vertex 285 277.125 100
      vertex 315 277.125 114.5
      vertex 295 277.125 115
    endloop
  endfacet
  facet normal 0 -1 0
    outer loop
      vertex 335 277.125 95
      vertex 315 277.125 114.5
      vertex 285 277.125 100
    endloop
  endfacet
  facet normal 0 -1 0
    outer loop
      vertex 315 277.125 114.5
      vertex 335 277.125 95
      vertex 335 277.125 114.5
    endloop
  endfacet
  facet normal 0 -1 0
    outer loop
      vertex 296.913 277.125 54.6194
      vertex 285 277.125 100
      vertex 295 277.125 55
    endloop
  endfacet
  facet normal 0 -1 0
    outer loop
      vertex 285 277.125 100
      vertex 293.087 277.125 54.6194
      vertex 295 277.125 55
    endloop
  endfacet
  facet normal 0 -1 0
    outer loop
      vertex 285 277.125 100
      vertex 291.464 277.125 53.5355
      vertex 293.087 277.125 54.6194
    endloop
  endfacet
  facet normal 0 -1 0
    outer loop
      vertex 285 277.125 100
      vertex 290.381 277.125 51.9134
      vertex 291.464 277.125 53.5355
    endloop
  endfacet
  facet normal 0 -1 0
    outer loop
      vertex 285 277.125 40
      vertex 290.381 277.125 51.9134
      vertex 285 277.125 100
    endloop
  endfacet
  facet normal 0 -1 -0
    outer loop
      vertex 293.087 277.125 45.3806
      vertex 285 277.125 40
      vertex 295 277.125 45
    endloop
  endfacet
  facet normal 0 -1 -0
    outer loop
      vertex 291.464 277.125 46.4645
      vertex 285 277.125 40
      vertex 293.087 277.125 45.3806
    endloop
  endfacet
  facet normal 0 -1 -0
    outer loop
      vertex 290.381 277.125 48.0866
      vertex 285 277.125 40
      vertex 291.464 277.125 46.4645
    endloop
  endfacet
  facet normal 0 -1 -0
    outer loop
      vertex 290 277.125 50
      vertex 285 277.125 40
      vertex 290.381 277.125 48.0866
    endloop
  endfacet
  facet normal 0 -1 0
    outer loop
      vertex 290.381 277.125 51.9134
      vertex 285 277.125 40
      vertex 290 277.125 50
    endloop
  endfacet
  facet normal 0 -1 0
    outer loop
      vertex 285 277.125 100
      vertex 296.913 277.125 54.6194
      vertex 335 277.125 95
    endloop
  endfacet
  facet normal 0 -1 0
    outer loop
      vertex 298.536 277.125 53.5355
      vertex 335 277.125 95
      vertex 296.913 277.125 54.6194
    endloop
  endfacet
  facet normal 0 -1 0
    outer loop
      vertex 299.619 277.125 51.9134
      vertex 335 277.125 95
      vertex 298.536 277.125 53.5355
    endloop
  endfacet
  facet normal 0 -1 0
    outer loop
      vertex 305 277.125 40
      vertex 299.619 277.125 51.9134
      vertex 300 277.125 50
    endloop
  endfacet
  facet normal 0 -1 0
    outer loop
      vertex 305 277.125 40
      vertex 300 277.125 50
      vertex 299.619 277.125 48.0866
    endloop
  endfacet
  facet normal 0 -1 0
    outer loop
      vertex 305 277.125 40
      vertex 299.619 277.125 48.0866
      vertex 298.536 277.125 46.4645
    endloop
  endfacet
  facet normal 0 -1 0
    outer loop
      vertex 305 277.125 40
      vertex 295 277.125 45
      vertex 285 277.125 40
    endloop
  endfacet
  facet normal 0 -1 0
    outer loop
      vertex 299.619 277.125 51.9134
      vertex 305 277.125 40
      vertex 335 277.125 95
    endloop
  endfacet
  facet normal 0 -1 0
    outer loop
      vertex 296.913 277.125 45.3806
      vertex 305 277.125 40
      vertex 298.536 277.125 46.4645
    endloop
  endfacet
  facet normal 0 -1 0
    outer loop
      vertex 295 277.125 45
      vertex 305 277.125 40
      vertex 296.913 277.125 45.3806
    endloop
  endfacet
  facet normal 1 0 0
    outer loop
      vertex 335 245 115.5
      vertex 335 222.875 114.5
      vertex 335 245 115
    endloop
  endfacet
  facet normal 1 -0 0
    outer loop
      vertex 335 221.875 115.5
      vertex 335 222.875 114.5
      vertex 335 245 115.5
    endloop
  endfacet
  facet normal 1 0 0
    outer loop
      vertex 335 221.875 95
      vertex 335 222.875 114.5
      vertex 335 221.875 115.5
    endloop
  endfacet
  facet normal 1 0 0
    outer loop
      vertex 335 222.875 114.5
      vertex 335 221.875 95
      vertex 335 222.875 95
    endloop
  endfacet
  facet normal 1 0 0
    outer loop
      vertex 335 278.125 115.5
      vertex 335 277.125 114.5
      vertex 335 278.125 95
    endloop
  endfacet
  facet normal 1 -0 0
    outer loop
      vertex 335 255 115.5
      vertex 335 277.125 114.5
      vertex 335 278.125 115.5
    endloop
  endfacet
  facet normal 1 -0 0
    outer loop
      vertex 335 255 115
      vertex 335 277.125 114.5
      vertex 335 255 115.5
    endloop
  endfacet
  facet normal 1 -0 0
    outer loop
      vertex 335 245 115
      vertex 335 277.125 114.5
      vertex 335 255 115
    endloop
  endfacet
  facet normal 1 0 0
    outer loop
      vertex 335 277.125 114.5
      vertex 335 245 115
      vertex 335 222.875 114.5
    endloop
  endfacet
  facet normal 1 0 0
    outer loop
      vertex 335 278.125 95
      vertex 335 277.125 114.5
      vertex 335 277.125 95
    endloop
  endfacet
  facet normal -0.83205 0 0.5547
    outer loop
      vertex 285 277.125 100
      vertex 295 278.125 115
      vertex 285 278.125 100
    endloop
  endfacet
  facet normal -0.83205 0 0.5547
    outer loop
      vertex 295 278.125 115
      vertex 285 277.125 100
      vertex 295 277.125 115
    endloop
  endfacet
  facet normal -0 0 1
    outer loop
      vertex 295 278.125 115
      vertex 315 277.125 115
      vertex 315 278.125 115
    endloop
  endfacet
  facet normal 0 0 1
    outer loop
      vertex 315 277.125 115
      vertex 295 278.125 115
      vertex 295 277.125 115
    endloop
  endfacet
  facet normal 0 0 -1
    outer loop
      vertex 285 277.125 40
      vertex 305 278.125 40
      vertex 305 277.125 40
    endloop
  endfacet
  facet normal -0 0 -1
    outer loop
      vertex 305 278.125 40
      vertex 285 277.125 40
      vertex 285 278.125 40
    endloop
  endfacet
  facet normal 0.877896 0 -0.478852
    outer loop
      vertex 335 277.125 95
      vertex 305 278.125 40
      vertex 335 278.125 95
    endloop
  endfacet
  facet normal 0.877896 0 -0.478852
    outer loop
      vertex 305 278.125 40
      vertex 335 277.125 95
      vertex 305 277.125 40
    endloop
  endfacet
  facet normal 0 1 0
    outer loop
      vertex 285 278.125 100
      vertex 296.913 278.125 54.6194
      vertex 295 278.125 55
    endloop
  endfacet
  facet normal 0 1 0
    outer loop
      vertex 335 278.125 95
      vertex 298.536 278.125 53.5355
      vertex 296.913 278.125 54.6194
    endloop
  endfacet
  facet normal 0 1 0
    outer loop
      vertex 335 278.125 95
      vertex 299.619 278.125 51.9134
      vertex 298.536 278.125 53.5355
    endloop
  endfacet
  facet normal 0 1 -0
    outer loop
      vertex 305 278.125 40
      vertex 299.619 278.125 51.9134
      vertex 335 278.125 95
    endloop
  endfacet
  facet normal 0 1 0
    outer loop
      vertex 299.619 278.125 51.9134
      vertex 305 278.125 40
      vertex 300 278.125 50
    endloop
  endfacet
  facet normal 0 1 0
    outer loop
      vertex 300 278.125 50
      vertex 305 278.125 40
      vertex 299.619 278.125 48.0866
    endloop
  endfacet
  facet normal 0 1 0
    outer loop
      vertex 296.913 278.125 45.3806
      vertex 305 278.125 40
      vertex 295 278.125 45
    endloop
  endfacet
  facet normal 0 1 0
    outer loop
      vertex 298.536 278.125 46.4645
      vertex 305 278.125 40
      vertex 296.913 278.125 45.3806
    endloop
  endfacet
  facet normal 0 1 0
    outer loop
      vertex 299.619 278.125 48.0866
      vertex 305 278.125 40
      vertex 298.536 278.125 46.4645
    endloop
  endfacet
  facet normal 0 1 0
    outer loop
      vertex 335 278.125 115.5
      vertex 315 278.125 115
      vertex 315 278.125 115.5
    endloop
  endfacet
  facet normal 0 1 0
    outer loop
      vertex 315 278.125 115
      vertex 285 278.125 100
      vertex 295 278.125 115
    endloop
  endfacet
  facet normal 0 1 -0
    outer loop
      vertex 335 278.125 95
      vertex 315 278.125 115
      vertex 335 278.125 115.5
    endloop
  endfacet
  facet normal 0 1 0
    outer loop
      vertex 315 278.125 115
      vertex 335 278.125 95
      vertex 285 278.125 100
    endloop
  endfacet
  facet normal 0 1 -0
    outer loop
      vertex 296.913 278.125 54.6194
      vertex 285 278.125 100
      vertex 335 278.125 95
    endloop
  endfacet
  facet normal 0 1 -0
    outer loop
      vertex 293.087 278.125 54.6194
      vertex 285 278.125 100
      vertex 295 278.125 55
    endloop
  endfacet
  facet normal 0 1 -0
    outer loop
      vertex 291.464 278.125 53.5355
      vertex 285 278.125 100
      vertex 293.087 278.125 54.6194
    endloop
  endfacet
  facet normal 0 1 -0
    outer loop
      vertex 290.381 278.125 51.9134
      vertex 285 278.125 100
      vertex 291.464 278.125 53.5355
    endloop
  endfacet
  facet normal 0 1 0
    outer loop
      vertex 285 278.125 40
      vertex 290.381 278.125 51.9134
      vertex 290 278.125 50
    endloop
  endfacet
  facet normal 0 1 0
    outer loop
      vertex 285 278.125 40
      vertex 295 278.125 45
      vertex 305 278.125 40
    endloop
  endfacet
  facet normal 0 1 0
    outer loop
      vertex 290.381 278.125 51.9134
      vertex 285 278.125 40
      vertex 285 278.125 100
    endloop
  endfacet
  facet normal 0 1 0
    outer loop
      vertex 290.381 278.125 48.0866
      vertex 285 278.125 40
      vertex 290 278.125 50
    endloop
  endfacet
  facet normal 0 1 0
    outer loop
      vertex 291.464 278.125 46.4645
      vertex 285 278.125 40
      vertex 290.381 278.125 48.0866
    endloop
  endfacet
  facet normal 0 1 0
    outer loop
      vertex 293.087 278.125 45.3806
      vertex 285 278.125 40
      vertex 291.464 278.125 46.4645
    endloop
  endfacet
  facet normal 0 1 0
    outer loop
      vertex 295 278.125 45
      vertex 285 278.125 40
      vertex 293.087 278.125 45.3806
    endloop
  endfacet
  facet normal 0 -1 -0
    outer loop
      vertex 295 221.875 115
      vertex 285 221.875 100
      vertex 315 221.875 115
    endloop
  endfacet
  facet normal 0 -1 0
    outer loop
      vertex 315 221.875 115
      vertex 335 221.875 115.5
      vertex 315 221.875 115.5
    endloop
  endfacet
  facet normal 0 -1 0
    outer loop
      vertex 335 221.875 95
      vertex 315 221.875 115
      vertex 285 221.875 100
    endloop
  endfacet
  facet normal 0 -1 0
    outer loop
      vertex 315 221.875 115
      vertex 335 221.875 95
      vertex 335 221.875 115.5
    endloop
  endfacet
  facet normal 0 -1 0
    outer loop
      vertex 296.913 221.875 54.6194
      vertex 285 221.875 100
      vertex 295 221.875 55
    endloop
  endfacet
  facet normal 0 -1 0
    outer loop
      vertex 285 221.875 100
      vertex 293.087 221.875 54.6194
      vertex 295 221.875 55
    endloop
  endfacet
  facet normal 0 -1 0
    outer loop
      vertex 285 221.875 100
      vertex 291.464 221.875 53.5355
      vertex 293.087 221.875 54.6194
    endloop
  endfacet
  facet normal 0 -1 0
    outer loop
      vertex 285 221.875 100
      vertex 290.381 221.875 51.9134
      vertex 291.464 221.875 53.5355
    endloop
  endfacet
  facet normal 0 -1 0
    outer loop
      vertex 285 221.875 40
      vertex 290.381 221.875 51.9134
      vertex 285 221.875 100
    endloop
  endfacet
  facet normal 0 -1 -0
    outer loop
      vertex 293.087 221.875 45.3806
      vertex 285 221.875 40
      vertex 295 221.875 45
    endloop
  endfacet
  facet normal 0 -1 -0
    outer loop
      vertex 291.464 221.875 46.4645
      vertex 285 221.875 40
      vertex 293.087 221.875 45.3806
    endloop
  endfacet
  facet normal 0 -1 -0
    outer loop
      vertex 290.381 221.875 48.0866
      vertex 285 221.875 40
      vertex 291.464 221.875 46.4645
    endloop
  endfacet
  facet normal 0 -1 -0
    outer loop
      vertex 290 221.875 50
      vertex 285 221.875 40
      vertex 290.381 221.875 48.0866
    endloop
  endfacet
  facet normal 0 -1 0
    outer loop
      vertex 290.381 221.875 51.9134
      vertex 285 221.875 40
      vertex 290 221.875 50
    endloop
  endfacet
  facet normal 0 -1 0
    outer loop
      vertex 285 221.875 100
      vertex 296.913 221.875 54.6194
      vertex 335 221.875 95
    endloop
  endfacet
  facet normal 0 -1 0
    outer loop
      vertex 298.536 221.875 53.5355
      vertex 335 221.875 95
      vertex 296.913 221.875 54.6194
    endloop
  endfacet
  facet normal 0 -1 0
    outer loop
      vertex 299.619 221.875 51.9134
      vertex 335 221.875 95
      vertex 298.536 221.875 53.5355
    endloop
  endfacet
  facet normal 0 -1 0
    outer loop
      vertex 305 221.875 40
      vertex 299.619 221.875 51.9134
      vertex 300 221.875 50
    endloop
  endfacet
  facet normal 0 -1 0
    outer loop
      vertex 305 221.875 40
      vertex 300 221.875 50
      vertex 299.619 221.875 48.0866
    endloop
  endfacet
  facet normal 0 -1 0
    outer loop
      vertex 305 221.875 40
      vertex 299.619 221.875 48.0866
      vertex 298.536 221.875 46.4645
    endloop
  endfacet
  facet normal 0 -1 0
    outer loop
      vertex 305 221.875 40
      vertex 295 221.875 45
      vertex 285 221.875 40
    endloop
  endfacet
  facet normal 0 -1 0
    outer loop
      vertex 299.619 221.875 51.9134
      vertex 305 221.875 40
      vertex 335 221.875 95
    endloop
  endfacet
  facet normal 0 -1 0
    outer loop
      vertex 296.913 221.875 45.3806
      vertex 305 221.875 40
      vertex 298.536 221.875 46.4645
    endloop
  endfacet
  facet normal 0 -1 0
    outer loop
      vertex 295 221.875 45
      vertex 305 221.875 40
      vertex 296.913 221.875 45.3806
    endloop
  endfacet
  facet normal -0.83205 0 0.5547
    outer loop
      vertex 285 221.875 100
      vertex 295 222.875 115
      vertex 285 222.875 100
    endloop
  endfacet
  facet normal -0.83205 0 0.5547
    outer loop
      vertex 295 222.875 115
      vertex 285 221.875 100
      vertex 295 221.875 115
    endloop
  endfacet
  facet normal 0 0 -1
    outer loop
      vertex 285 221.875 40
      vertex 305 222.875 40
      vertex 305 221.875 40
    endloop
  endfacet
  facet normal -0 0 -1
    outer loop
      vertex 305 222.875 40
      vertex 285 221.875 40
      vertex 285 222.875 40
    endloop
  endfacet
  facet normal -0 0 1
    outer loop
      vertex 295 222.875 115
      vertex 315 221.875 115
      vertex 315 222.875 115
    endloop
  endfacet
  facet normal 0 0 1
    outer loop
      vertex 315 221.875 115
      vertex 295 222.875 115
      vertex 295 221.875 115
    endloop
  endfacet
  facet normal -1 0 0
    outer loop
      vertex 285 221.875 40
      vertex 285 222.875 100
      vertex 285 222.875 40
    endloop
  endfacet
  facet normal -1 -0 0
    outer loop
      vertex 285 222.875 100
      vertex 285 221.875 40
      vertex 285 221.875 100
    endloop
  endfacet
  facet normal 0.877896 0 -0.478852
    outer loop
      vertex 335 221.875 95
      vertex 305 222.875 40
      vertex 335 222.875 95
    endloop
  endfacet
  facet normal 0.877896 0 -0.478852
    outer loop
      vertex 305 222.875 40
      vertex 335 221.875 95
      vertex 305 221.875 40
    endloop
  endfacet
  facet normal 0 1 0
    outer loop
      vertex 285 222.875 100
      vertex 296.913 222.875 54.6194
      vertex 295 222.875 55
    endloop
  endfacet
  facet normal 0 1 0
    outer loop
      vertex 335 222.875 95
      vertex 298.536 222.875 53.5355
      vertex 296.913 222.875 54.6194
    endloop
  endfacet
  facet normal 0 1 0
    outer loop
      vertex 335 222.875 95
      vertex 299.619 222.875 51.9134
      vertex 298.536 222.875 53.5355
    endloop
  endfacet
  facet normal 0 1 -0
    outer loop
      vertex 305 222.875 40
      vertex 299.619 222.875 51.9134
      vertex 335 222.875 95
    endloop
  endfacet
  facet normal 0 1 0
    outer loop
      vertex 299.619 222.875 51.9134
      vertex 305 222.875 40
      vertex 300 222.875 50
    endloop
  endfacet
  facet normal 0 1 0
    outer loop
      vertex 300 222.875 50
      vertex 305 222.875 40
      vertex 299.619 222.875 48.0866
    endloop
  endfacet
  facet normal 0 1 0
    outer loop
      vertex 296.913 222.875 45.3806
      vertex 305 222.875 40
      vertex 295 222.875 45
    endloop
  endfacet
  facet normal 0 1 0
    outer loop
      vertex 298.536 222.875 46.4645
      vertex 305 222.875 40
      vertex 296.913 222.875 45.3806
    endloop
  endfacet
  facet normal 0 1 0
    outer loop
      vertex 299.619 222.875 48.0866
      vertex 305 222.875 40
      vertex 298.536 222.875 46.4645
    endloop
  endfacet
  facet normal 0 1 -0
    outer loop
      vertex 335 222.875 95
      vertex 315 222.875 114.5
      vertex 335 222.875 114.5
    endloop
  endfacet
  facet normal 0 1 0
    outer loop
      vertex 315 222.875 114.5
      vertex 335 222.875 95
      vertex 285 222.875 100
    endloop
  endfacet
  facet normal 0 1 -0
    outer loop
      vertex 296.913 222.875 54.6194
      vertex 285 222.875 100
      vertex 335 222.875 95
    endloop
  endfacet
  facet normal 0 1 -0
    outer loop
      vertex 293.087 222.875 54.6194
      vertex 285 222.875 100
      vertex 295 222.875 55
    endloop
  endfacet
  facet normal 0 1 -0
    outer loop
      vertex 291.464 222.875 53.5355
      vertex 285 222.875 100
      vertex 293.087 222.875 54.6194
    endloop
  endfacet
  facet normal 0 1 -0
    outer loop
      vertex 290.381 222.875 51.9134
      vertex 285 222.875 100
      vertex 291.464 222.875 53.5355
    endloop
  endfacet
  facet normal 0 1 0
    outer loop
      vertex 285 222.875 40
      vertex 290.381 222.875 51.9134
      vertex 290 222.875 50
    endloop
  endfacet
  facet normal 0 1 0
    outer loop
      vertex 285 222.875 40
      vertex 295 222.875 45
      vertex 305 222.875 40
    endloop
  endfacet
  facet normal 0 1 0
    outer loop
      vertex 290.381 222.875 51.9134
      vertex 285 222.875 40
      vertex 285 222.875 100
    endloop
  endfacet
  facet normal 0 1 0
    outer loop
      vertex 290.381 222.875 48.0866
      vertex 285 222.875 40
      vertex 290 222.875 50
    endloop
  endfacet
  facet normal 0 1 0
    outer loop
      vertex 291.464 222.875 46.4645
      vertex 285 222.875 40
      vertex 290.381 222.875 48.0866
    endloop
  endfacet
  facet normal 0 1 0
    outer loop
      vertex 293.087 222.875 45.3806
      vertex 285 222.875 40
      vertex 291.464 222.875 46.4645
    endloop
  endfacet
  facet normal 0 1 0
    outer loop
      vertex 295 222.875 45
      vertex 285 222.875 40
      vertex 293.087 222.875 45.3806
    endloop
  endfacet
  facet normal 0 1 -0
    outer loop
      vertex 315 222.875 114.5
      vertex 295 222.875 115
      vertex 315 222.875 115
    endloop
  endfacet
  facet normal 0 1 0
    outer loop
      vertex 295 222.875 115
      vertex 315 222.875 114.5
      vertex 285 222.875 100
    endloop
  endfacet
  facet normal 0 0 1
    outer loop
      vertex 335 278.125 115.5
      vertex 333.087 254.619 115.5
      vertex 335 255 115.5
    endloop
  endfacet
  facet normal -0 0 1
    outer loop
      vertex 315 278.125 115.5
      vertex 333.087 254.619 115.5
      vertex 335 278.125 115.5
    endloop
  endfacet
  facet normal 0 0 1
    outer loop
      vertex 333.087 254.619 115.5
      vertex 315 278.125 115.5
      vertex 331.464 253.536 115.5
    endloop
  endfacet
  facet normal 0 0 1
    outer loop
      vertex 331.464 253.536 115.5
      vertex 315 278.125 115.5
      vertex 330.381 251.913 115.5
    endloop
  endfacet
  facet normal 0 0 1
    outer loop
      vertex 330.381 251.913 115.5
      vertex 315 278.125 115.5
      vertex 330 250 115.5
    endloop
  endfacet
  facet normal 0 0 1
    outer loop
      vertex 333.087 245.381 115.5
      vertex 335 221.875 115.5
      vertex 335 245 115.5
    endloop
  endfacet
  facet normal 0 0 1
    outer loop
      vertex 315 221.875 115.5
      vertex 333.087 245.381 115.5
      vertex 331.464 246.464 115.5
    endloop
  endfacet
  facet normal 0 0 1
    outer loop
      vertex 315 221.875 115.5
      vertex 331.464 246.464 115.5
      vertex 330.381 248.087 115.5
    endloop
  endfacet
  facet normal 0 0 1
    outer loop
      vertex 315 221.875 115.5
      vertex 330.381 248.087 115.5
      vertex 330 250 115.5
    endloop
  endfacet
  facet normal 0 0 1
    outer loop
      vertex 315 221.875 115.5
      vertex 330 250 115.5
      vertex 315 278.125 115.5
    endloop
  endfacet
  facet normal 0 0 1
    outer loop
      vertex 333.087 245.381 115.5
      vertex 315 221.875 115.5
      vertex 335 221.875 115.5
    endloop
  endfacet
  facet normal 0 0 -1
    outer loop
      vertex 315 222.875 114.5
      vertex 335 277.125 114.5
      vertex 335 222.875 114.5
    endloop
  endfacet
  facet normal -0 0 -1
    outer loop
      vertex 335 277.125 114.5
      vertex 315 222.875 114.5
      vertex 315 277.125 114.5
    endloop
  endfacet
  facet normal -1 0 0
    outer loop
      vertex 315 277.125 114.5
      vertex 315 222.875 114.5
      vertex 315 277.125 115
    endloop
  endfacet
  facet normal -1 0 0
    outer loop
      vertex 315 277.125 115
      vertex 315 278.125 115.5
      vertex 315 278.125 115
    endloop
  endfacet
  facet normal -1 0 0
    outer loop
      vertex 315 222.875 115
      vertex 315 277.125 115
      vertex 315 222.875 114.5
    endloop
  endfacet
  facet normal -1 0 0
    outer loop
      vertex 315 277.125 115
      vertex 315 222.875 115
      vertex 315 278.125 115.5
    endloop
  endfacet
  facet normal -1 0 0
    outer loop
      vertex 315 221.875 115.5
      vertex 315 222.875 115
      vertex 315 221.875 115
    endloop
  endfacet
  facet normal -1 0 0
    outer loop
      vertex 315 222.875 115
      vertex 315 221.875 115.5
      vertex 315 278.125 115.5
    endloop
  endfacet
  facet normal 1 -0 0
    outer loop
      vertex 385 200 120
      vertex 385 300 119.5
      vertex 385 300 120
    endloop
  endfacet
  facet normal 1 0 0
    outer loop
      vertex 385 300 119.5
      vertex 385 200 120
      vertex 385 200 119.5
    endloop
  endfacet
  facet normal -0 0 1
    outer loop
      vertex 295 300 120.5
      vertex 375 200 120.5
      vertex 375 300 120.5
    endloop
  endfacet
  facet normal 0 0 1
    outer loop
      vertex 375 200 120.5
      vertex 295 300 120.5
      vertex 295 200 120.5
    endloop
  endfacet
  facet normal 0 0 -1
    outer loop
      vertex 385 200 119.5
      vertex 340 250 119.5
      vertex 385 300 119.5
    endloop
  endfacet
  facet normal 0 0 -1
    outer loop
      vertex 385 200 119.5
      vertex 339.619 248.087 119.5
      vertex 340 250 119.5
    endloop
  endfacet
  facet normal 0 0 -1
    outer loop
      vertex 385 200 119.5
      vertex 338.536 246.464 119.5
      vertex 339.619 248.087 119.5
    endloop
  endfacet
  facet normal 0 0 -1
    outer loop
      vertex 385 200 119.5
      vertex 336.913 245.381 119.5
      vertex 338.536 246.464 119.5
    endloop
  endfacet
  facet normal 0 0 -1
    outer loop
      vertex 385 200 119.5
      vertex 335 245 119.5
      vertex 336.913 245.381 119.5
    endloop
  endfacet
  facet normal 0 0 -1
    outer loop
      vertex 285 200 119.5
      vertex 335 245 119.5
      vertex 385 200 119.5
    endloop
  endfacet
  facet normal -0 0 -1
    outer loop
      vertex 335 245 119.5
      vertex 285 200 119.5
      vertex 333.087 245.381 119.5
    endloop
  endfacet
  facet normal -0 0 -1
    outer loop
      vertex 330.381 248.087 119.5
      vertex 285 200 119.5
      vertex 330 250 119.5
    endloop
  endfacet
  facet normal -0 0 -1
    outer loop
      vertex 331.464 246.464 119.5
      vertex 285 200 119.5
      vertex 330.381 248.087 119.5
    endloop
  endfacet
  facet normal -0 0 -1
    outer loop
      vertex 333.087 245.381 119.5
      vertex 285 200 119.5
      vertex 331.464 246.464 119.5
    endloop
  endfacet
  facet normal 0 0 -1
    outer loop
      vertex 339.619 251.913 119.5
      vertex 385 300 119.5
      vertex 340 250 119.5
    endloop
  endfacet
  facet normal 0 0 -1
    outer loop
      vertex 338.536 253.536 119.5
      vertex 385 300 119.5
      vertex 339.619 251.913 119.5
    endloop
  endfacet
  facet normal 0 0 -1
    outer loop
      vertex 336.913 254.619 119.5
      vertex 385 300 119.5
      vertex 338.536 253.536 119.5
    endloop
  endfacet
  facet normal 0 0 -1
    outer loop
      vertex 335 255 119.5
      vertex 385 300 119.5
      vertex 336.913 254.619 119.5
    endloop
  endfacet
  facet normal 0 0 -1
    outer loop
      vertex 285 300 119.5
      vertex 335 255 119.5
      vertex 333.087 254.619 119.5
    endloop
  endfacet
  facet normal 0 0 -1
    outer loop
      vertex 285 300 119.5
      vertex 333.087 254.619 119.5
      vertex 331.464 253.536 119.5
    endloop
  endfacet
  facet normal 0 0 -1
    outer loop
      vertex 285 300 119.5
      vertex 330 250 119.5
      vertex 285 200 119.5
    endloop
  endfacet
  facet normal 0 0 -1
    outer loop
      vertex 330 250 119.5
      vertex 285 300 119.5
      vertex 330.381 251.913 119.5
    endloop
  endfacet
  facet normal 0 0 -1
    outer loop
      vertex 335 255 119.5
      vertex 285 300 119.5
      vertex 385 300 119.5
    endloop
  endfacet
  facet normal 0 0 -1
    outer loop
      vertex 330.381 251.913 119.5
      vertex 285 300 119.5
      vertex 331.464 253.536 119.5
    endloop
  endfacet
  facet normal -1 0 0
    outer loop
      vertex 285 200 119.5
      vertex 285 300 120
      vertex 285 300 119.5
    endloop
  endfacet
  facet normal -1 -0 0
    outer loop
      vertex 285 300 120
      vertex 285 200 119.5
      vertex 285 200 120
    endloop
  endfacet
  facet normal 0 1 -0
    outer loop
      vertex 385 300 120
      vertex 375 300 140
      vertex 395 300 140
    endloop
  endfacet
  facet normal 0 1 0
    outer loop
      vertex 375 300 140
      vertex 385 300 120
      vertex 375 300 120.5
    endloop
  endfacet
  facet normal 0 1 0
    outer loop
      vertex 385 300 120
      vertex 395 300 140
      vertex 395 300 120
    endloop
  endfacet
  facet normal 0 1 0
    outer loop
      vertex 285 300 120
      vertex 295 300 140
      vertex 295 300 120.5
    endloop
  endfacet
  facet normal 0 1 -0
    outer loop
      vertex 385 300 119.5
      vertex 375 300 120.5
      vertex 385 300 120
    endloop
  endfacet
  facet normal 0 1 0
    outer loop
      vertex 375 300 120.5
      vertex 385 300 119.5
      vertex 295 300 120.5
    endloop
  endfacet
  facet normal 0 1 0
    outer loop
      vertex 295 300 140
      vertex 285 300 120
      vertex 275 300 140
    endloop
  endfacet
  facet normal 0 1 0
    outer loop
      vertex 275 300 140
      vertex 285 300 120
      vertex 275 300 120
    endloop
  endfacet
  facet normal 0 1 0
    outer loop
      vertex 285 300 119.5
      vertex 295 300 120.5
      vertex 385 300 119.5
    endloop
  endfacet
  facet normal 0 1 0
    outer loop
      vertex 295 300 120.5
      vertex 285 300 119.5
      vertex 285 300 120
    endloop
  endfacet
  facet normal 0 -1 0
    outer loop
      vertex 285 200 119.5
      vertex 295 200 120
      vertex 285 200 120
    endloop
  endfacet
  facet normal 0 -1 -0
    outer loop
      vertex 295 200 120
      vertex 285 200 119.5
      vertex 375 200 120
    endloop
  endfacet
  facet normal 0 -1 0
    outer loop
      vertex 385 200 119.5
      vertex 375 200 120
      vertex 285 200 119.5
    endloop
  endfacet
  facet normal 0 -1 0
    outer loop
      vertex 375 200 120
      vertex 385 200 119.5
      vertex 385 200 120
    endloop
  endfacet
  facet normal 0 -1 0
    outer loop
      vertex 295 200 120
      vertex 375 200 120.5
      vertex 295 200 120.5
    endloop
  endfacet
  facet normal 0 -1 -0
    outer loop
      vertex 375 200 120.5
      vertex 295 200 120
      vertex 375 200 120
    endloop
  endfacet
  facet normal -0.555055 0.831814 0
    outer loop
      vertex 333.087 254.619 115.5
      vertex 331.464 253.536 119.5
      vertex 333.087 254.619 119.5
    endloop
  endfacet
  facet normal -0.555055 0.831814 0
    outer loop
      vertex 331.464 253.536 119.5
      vertex 333.087 254.619 115.5
      vertex 331.464 253.536 115.5
    endloop
  endfacet
  facet normal 0.831814 0.555055 0
    outer loop
      vertex 339.619 251.913 119.5
      vertex 338.536 253.536 115
      vertex 338.536 253.536 119.5
    endloop
  endfacet
  facet normal 0.831814 0.555055 0
    outer loop
      vertex 338.536 253.536 115
      vertex 339.619 251.913 119.5
      vertex 339.619 251.913 115
    endloop
  endfacet
  facet normal 0.980738 0.195327 0
    outer loop
      vertex 340 250 119.5
      vertex 339.619 251.913 115
      vertex 339.619 251.913 119.5
    endloop
  endfacet
  facet normal 0.980738 0.195327 0
    outer loop
      vertex 339.619 251.913 115
      vertex 340 250 119.5
      vertex 340 250 115
    endloop
  endfacet
  facet normal -0.831814 0.555055 0
    outer loop
      vertex 330.381 251.913 115.5
      vertex 331.464 253.536 119.5
      vertex 331.464 253.536 115.5
    endloop
  endfacet
  facet normal -0.831814 0.555055 0
    outer loop
      vertex 331.464 253.536 119.5
      vertex 330.381 251.913 115.5
      vertex 330.381 251.913 119.5
    endloop
  endfacet
  facet normal -0.195327 -0.980738 0
    outer loop
      vertex 333.087 245.381 115.5
      vertex 335 245 119.5
      vertex 333.087 245.381 119.5
    endloop
  endfacet
  facet normal -0.195327 -0.980738 -0
    outer loop
      vertex 335 245 119.5
      vertex 333.087 245.381 115.5
      vertex 335 245 115.5
    endloop
  endfacet
  facet normal 0.195327 -0.980738 0
    outer loop
      vertex 335 245 115.5
      vertex 336.913 245.381 119.5
      vertex 335 245 119.5
    endloop
  endfacet
  facet normal 0.195327 -0.980738 0
    outer loop
      vertex 336.913 245.381 115
      vertex 335 245 115.5
      vertex 335 245 115
    endloop
  endfacet
  facet normal 0.195327 -0.980738 0
    outer loop
      vertex 335 245 115.5
      vertex 336.913 245.381 115
      vertex 336.913 245.381 119.5
    endloop
  endfacet
  facet normal 0.555055 -0.831814 0
    outer loop
      vertex 336.913 245.381 115
      vertex 338.536 246.464 119.5
      vertex 336.913 245.381 119.5
    endloop
  endfacet
  facet normal 0.555055 -0.831814 0
    outer loop
      vertex 338.536 246.464 119.5
      vertex 336.913 245.381 115
      vertex 338.536 246.464 115
    endloop
  endfacet
  facet normal 0.831814 -0.555055 0
    outer loop
      vertex 338.536 246.464 119.5
      vertex 339.619 248.087 115
      vertex 339.619 248.087 119.5
    endloop
  endfacet
  facet normal 0.831814 -0.555055 0
    outer loop
      vertex 339.619 248.087 115
      vertex 338.536 246.464 119.5
      vertex 338.536 246.464 115
    endloop
  endfacet
  facet normal -0.980738 0.195327 0
    outer loop
      vertex 330 250 115.5
      vertex 330.381 251.913 119.5
      vertex 330.381 251.913 115.5
    endloop
  endfacet
  facet normal -0.980738 0.195327 0
    outer loop
      vertex 330.381 251.913 119.5
      vertex 330 250 115.5
      vertex 330 250 119.5
    endloop
  endfacet
  facet normal 0.980738 -0.195327 0
    outer loop
      vertex 339.619 248.087 119.5
      vertex 340 250 115
      vertex 340 250 119.5
    endloop
  endfacet
  facet normal 0.980738 -0.195327 0
    outer loop
      vertex 340 250 115
      vertex 339.619 248.087 119.5
      vertex 339.619 248.087 115
    endloop
  endfacet
  facet normal 0 0 -1
    outer loop
      vertex 339.619 248.087 115
      vertex 339.619 251.913 115
      vertex 340 250 115
    endloop
  endfacet
  facet normal 0 0 -1
    outer loop
      vertex 338.536 246.464 115
      vertex 339.619 251.913 115
      vertex 339.619 248.087 115
    endloop
  endfacet
  facet normal 0 0 -1
    outer loop
      vertex 338.536 246.464 115
      vertex 338.536 253.536 115
      vertex 339.619 251.913 115
    endloop
  endfacet
  facet normal 0 0 -1
    outer loop
      vertex 336.913 245.381 115
      vertex 338.536 253.536 115
      vertex 338.536 246.464 115
    endloop
  endfacet
  facet normal 0 0 -1
    outer loop
      vertex 336.913 245.381 115
      vertex 336.913 254.619 115
      vertex 338.536 253.536 115
    endloop
  endfacet
  facet normal 0 0 -1
    outer loop
      vertex 335 245 115
      vertex 336.913 254.619 115
      vertex 336.913 245.381 115
    endloop
  endfacet
  facet normal -0 0 -1
    outer loop
      vertex 336.913 254.619 115
      vertex 335 245 115
      vertex 335 255 115
    endloop
  endfacet
  facet normal -0.195327 0.980738 0
    outer loop
      vertex 335 255 115.5
      vertex 333.087 254.619 119.5
      vertex 335 255 119.5
    endloop
  endfacet
  facet normal -0.195327 0.980738 0
    outer loop
      vertex 333.087 254.619 119.5
      vertex 335 255 115.5
      vertex 333.087 254.619 115.5
    endloop
  endfacet
  facet normal 0.195327 0.980738 0
    outer loop
      vertex 336.913 254.619 119.5
      vertex 335 255 115.5
      vertex 335 255 119.5
    endloop
  endfacet
  facet normal 0.195327 0.980738 -0
    outer loop
      vertex 336.913 254.619 115
      vertex 335 255 115.5
      vertex 336.913 254.619 119.5
    endloop
  endfacet
  facet normal 0.195327 0.980738 0
    outer loop
      vertex 335 255 115.5
      vertex 336.913 254.619 115
      vertex 335 255 115
    endloop
  endfacet
  facet normal 0.555055 0.831814 -0
    outer loop
      vertex 338.536 253.536 115
      vertex 336.913 254.619 119.5
      vertex 338.536 253.536 119.5
    endloop
  endfacet
  facet normal 0.555055 0.831814 0
    outer loop
      vertex 336.913 254.619 119.5
      vertex 338.536 253.536 115
      vertex 336.913 254.619 115
    endloop
  endfacet
  facet normal -0.831814 -0.555055 0
    outer loop
      vertex 331.464 246.464 115.5
      vertex 330.381 248.087 119.5
      vertex 330.381 248.087 115.5
    endloop
  endfacet
  facet normal -0.831814 -0.555055 0
    outer loop
      vertex 330.381 248.087 119.5
      vertex 331.464 246.464 115.5
      vertex 331.464 246.464 119.5
    endloop
  endfacet
  facet normal -0.980738 -0.195327 0
    outer loop
      vertex 330.381 248.087 115.5
      vertex 330 250 119.5
      vertex 330 250 115.5
    endloop
  endfacet
  facet normal -0.980738 -0.195327 0
    outer loop
      vertex 330 250 119.5
      vertex 330.381 248.087 115.5
      vertex 330.381 248.087 119.5
    endloop
  endfacet
  facet normal -0.555055 -0.831814 0
    outer loop
      vertex 331.464 246.464 115.5
      vertex 333.087 245.381 119.5
      vertex 331.464 246.464 119.5
    endloop
  endfacet
  facet normal -0.555055 -0.831814 -0
    outer loop
      vertex 333.087 245.381 119.5
      vertex 331.464 246.464 115.5
      vertex 333.087 245.381 115.5
    endloop
  endfacet
  facet normal -0.555374 0 0.831601
    outer loop
      vertex 291.464 -216.25 53.5355
      vertex 293.087 -221.875 54.6194
      vertex 293.087 -216.25 54.6194
    endloop
  endfacet
  facet normal -0.555374 0 0.831601
    outer loop
      vertex 293.087 -221.875 54.6194
      vertex 291.464 -216.25 53.5355
      vertex 291.464 -221.875 53.5355
    endloop
  endfacet
  facet normal -0.555374 0 0.831601
    outer loop
      vertex 291.464 -222.875 53.5355
      vertex 293.087 -227.5 54.6194
      vertex 293.087 -222.875 54.6194
    endloop
  endfacet
  facet normal -0.555374 0 0.831601
    outer loop
      vertex 293.087 -227.5 54.6194
      vertex 291.464 -222.875 53.5355
      vertex 291.464 -227.5 53.5355
    endloop
  endfacet
  facet normal -0.555374 0 0.831601
    outer loop
      vertex 291.464 -278.125 53.5355
      vertex 293.087 -283.75 54.6194
      vertex 293.087 -278.125 54.6194
    endloop
  endfacet
  facet normal -0.555374 0 0.831601
    outer loop
      vertex 293.087 -283.75 54.6194
      vertex 291.464 -278.125 53.5355
      vertex 291.464 -283.75 53.5355
    endloop
  endfacet
  facet normal -0.555374 0 0.831601
    outer loop
      vertex 291.464 -272.5 53.5355
      vertex 293.087 -277.125 54.6194
      vertex 293.087 -272.5 54.6194
    endloop
  endfacet
  facet normal -0.555374 0 0.831601
    outer loop
      vertex 293.087 -277.125 54.6194
      vertex 291.464 -272.5 53.5355
      vertex 291.464 -277.125 53.5355
    endloop
  endfacet
  facet normal 0.831671 -0 0.555268
    outer loop
      vertex 298.536 -221.875 53.5355
      vertex 299.619 -216.25 51.9134
      vertex 298.536 -216.25 53.5355
    endloop
  endfacet
  facet normal 0.831671 0 0.555268
    outer loop
      vertex 299.619 -216.25 51.9134
      vertex 298.536 -221.875 53.5355
      vertex 299.619 -221.875 51.9134
    endloop
  endfacet
  facet normal 0.831671 -0 0.555268
    outer loop
      vertex 298.536 -227.5 53.5355
      vertex 299.619 -222.875 51.9134
      vertex 298.536 -222.875 53.5355
    endloop
  endfacet
  facet normal 0.831671 0 0.555268
    outer loop
      vertex 299.619 -222.875 51.9134
      vertex 298.536 -227.5 53.5355
      vertex 299.619 -227.5 51.9134
    endloop
  endfacet
  facet normal 0.831671 -0 0.555268
    outer loop
      vertex 298.536 -283.75 53.5355
      vertex 299.619 -278.125 51.9134
      vertex 298.536 -278.125 53.5355
    endloop
  endfacet
  facet normal 0.831671 0 0.555268
    outer loop
      vertex 299.619 -278.125 51.9134
      vertex 298.536 -283.75 53.5355
      vertex 299.619 -283.75 51.9134
    endloop
  endfacet
  facet normal 0.831671 -0 0.555268
    outer loop
      vertex 298.536 -277.125 53.5355
      vertex 299.619 -272.5 51.9134
      vertex 298.536 -272.5 53.5355
    endloop
  endfacet
  facet normal 0.831671 0 0.555268
    outer loop
      vertex 299.619 -272.5 51.9134
      vertex 298.536 -277.125 53.5355
      vertex 299.619 -277.125 51.9134
    endloop
  endfacet
  facet normal 0.980746 -0 0.195288
    outer loop
      vertex 299.619 -221.875 51.9134
      vertex 300 -216.25 50
      vertex 299.619 -216.25 51.9134
    endloop
  endfacet
  facet normal 0.980746 0 0.195288
    outer loop
      vertex 300 -216.25 50
      vertex 299.619 -221.875 51.9134
      vertex 300 -221.875 50
    endloop
  endfacet
  facet normal 0.980746 -0 0.195288
    outer loop
      vertex 299.619 -227.5 51.9134
      vertex 300 -222.875 50
      vertex 299.619 -222.875 51.9134
    endloop
  endfacet
  facet normal 0.980746 0 0.195288
    outer loop
      vertex 300 -222.875 50
      vertex 299.619 -227.5 51.9134
      vertex 300 -227.5 50
    endloop
  endfacet
  facet normal 0.980746 -0 0.195288
    outer loop
      vertex 299.619 -283.75 51.9134
      vertex 300 -278.125 50
      vertex 299.619 -278.125 51.9134
    endloop
  endfacet
  facet normal 0.980746 0 0.195288
    outer loop
      vertex 300 -278.125 50
      vertex 299.619 -283.75 51.9134
      vertex 300 -283.75 50
    endloop
  endfacet
  facet normal 0.980746 -0 0.195288
    outer loop
      vertex 299.619 -277.125 51.9134
      vertex 300 -272.5 50
      vertex 299.619 -272.5 51.9134
    endloop
  endfacet
  facet normal 0.980746 0 0.195288
    outer loop
      vertex 300 -272.5 50
      vertex 299.619 -277.125 51.9134
      vertex 300 -277.125 50
    endloop
  endfacet
  facet normal -0.831671 0 0.555268
    outer loop
      vertex 290.381 -221.875 51.9134
      vertex 291.464 -216.25 53.5355
      vertex 290.381 -216.25 51.9134
    endloop
  endfacet
  facet normal -0.831671 0 0.555268
    outer loop
      vertex 291.464 -216.25 53.5355
      vertex 290.381 -221.875 51.9134
      vertex 291.464 -221.875 53.5355
    endloop
  endfacet
  facet normal -0.831671 0 0.555268
    outer loop
      vertex 290.381 -227.5 51.9134
      vertex 291.464 -222.875 53.5355
      vertex 290.381 -222.875 51.9134
    endloop
  endfacet
  facet normal -0.831671 0 0.555268
    outer loop
      vertex 291.464 -222.875 53.5355
      vertex 290.381 -227.5 51.9134
      vertex 291.464 -227.5 53.5355
    endloop
  endfacet
  facet normal -0.831671 0 0.555268
    outer loop
      vertex 290.381 -283.75 51.9134
      vertex 291.464 -278.125 53.5355
      vertex 290.381 -278.125 51.9134
    endloop
  endfacet
  facet normal -0.831671 0 0.555268
    outer loop
      vertex 291.464 -278.125 53.5355
      vertex 290.381 -283.75 51.9134
      vertex 291.464 -283.75 53.5355
    endloop
  endfacet
  facet normal -0.831671 0 0.555268
    outer loop
      vertex 290.381 -277.125 51.9134
      vertex 291.464 -272.5 53.5355
      vertex 290.381 -272.5 51.9134
    endloop
  endfacet
  facet normal -0.831671 0 0.555268
    outer loop
      vertex 291.464 -272.5 53.5355
      vertex 290.381 -277.125 51.9134
      vertex 291.464 -277.125 53.5355
    endloop
  endfacet
  facet normal -0.19513 0 -0.980777
    outer loop
      vertex 293.087 -221.875 45.3806
      vertex 295 -216.25 45
      vertex 295 -221.875 45
    endloop
  endfacet
  facet normal -0.19513 0 -0.980777
    outer loop
      vertex 295 -216.25 45
      vertex 293.087 -221.875 45.3806
      vertex 293.087 -216.25 45.3806
    endloop
  endfacet
  facet normal -0.19513 0 -0.980777
    outer loop
      vertex 293.087 -227.5 45.3806
      vertex 295 -222.875 45
      vertex 295 -227.5 45
    endloop
  endfacet
  facet normal -0.19513 0 -0.980777
    outer loop
      vertex 295 -222.875 45
      vertex 293.087 -227.5 45.3806
      vertex 293.087 -222.875 45.3806
    endloop
  endfacet
  facet normal -0.19513 0 -0.980777
    outer loop
      vertex 293.087 -283.75 45.3806
      vertex 295 -278.125 45
      vertex 295 -283.75 45
    endloop
  endfacet
  facet normal -0.19513 0 -0.980777
    outer loop
      vertex 295 -278.125 45
      vertex 293.087 -283.75 45.3806
      vertex 293.087 -278.125 45.3806
    endloop
  endfacet
  facet normal -0.19513 0 -0.980777
    outer loop
      vertex 293.087 -277.125 45.3806
      vertex 295 -272.5 45
      vertex 295 -277.125 45
    endloop
  endfacet
  facet normal -0.19513 0 -0.980777
    outer loop
      vertex 295 -272.5 45
      vertex 293.087 -277.125 45.3806
      vertex 293.087 -272.5 45.3806
    endloop
  endfacet
  facet normal 0.19513 0 -0.980777
    outer loop
      vertex 295 -221.875 45
      vertex 296.913 -216.25 45.3806
      vertex 296.913 -221.875 45.3806
    endloop
  endfacet
  facet normal 0.19513 0 -0.980777
    outer loop
      vertex 296.913 -216.25 45.3806
      vertex 295 -221.875 45
      vertex 295 -216.25 45
    endloop
  endfacet
  facet normal 0.19513 0 -0.980777
    outer loop
      vertex 295 -227.5 45
      vertex 296.913 -222.875 45.3806
      vertex 296.913 -227.5 45.3806
    endloop
  endfacet
  facet normal 0.19513 0 -0.980777
    outer loop
      vertex 296.913 -222.875 45.3806
      vertex 295 -227.5 45
      vertex 295 -222.875 45
    endloop
  endfacet
  facet normal 0.19513 0 -0.980777
    outer loop
      vertex 295 -283.75 45
      vertex 296.913 -278.125 45.3806
      vertex 296.913 -283.75 45.3806
    endloop
  endfacet
  facet normal 0.19513 0 -0.980777
    outer loop
      vertex 296.913 -278.125 45.3806
      vertex 295 -283.75 45
      vertex 295 -278.125 45
    endloop
  endfacet
  facet normal 0.19513 0 -0.980777
    outer loop
      vertex 295 -277.125 45
      vertex 296.913 -272.5 45.3806
      vertex 296.913 -277.125 45.3806
    endloop
  endfacet
  facet normal 0.19513 0 -0.980777
    outer loop
      vertex 296.913 -272.5 45.3806
      vertex 295 -277.125 45
      vertex 295 -272.5 45
    endloop
  endfacet
  facet normal 0.555374 0 -0.831601
    outer loop
      vertex 296.913 -221.875 45.3806
      vertex 298.536 -216.25 46.4645
      vertex 298.536 -221.875 46.4645
    endloop
  endfacet
  facet normal 0.555374 0 -0.831601
    outer loop
      vertex 298.536 -216.25 46.4645
      vertex 296.913 -221.875 45.3806
      vertex 296.913 -216.25 45.3806
    endloop
  endfacet
  facet normal 0.555374 0 -0.831601
    outer loop
      vertex 296.913 -227.5 45.3806
      vertex 298.536 -222.875 46.4645
      vertex 298.536 -227.5 46.4645
    endloop
  endfacet
  facet normal 0.555374 0 -0.831601
    outer loop
      vertex 298.536 -222.875 46.4645
      vertex 296.913 -227.5 45.3806
      vertex 296.913 -222.875 45.3806
    endloop
  endfacet
  facet normal 0.555374 0 -0.831601
    outer loop
      vertex 296.913 -283.75 45.3806
      vertex 298.536 -278.125 46.4645
      vertex 298.536 -283.75 46.4645
    endloop
  endfacet
  facet normal 0.555374 0 -0.831601
    outer loop
      vertex 298.536 -278.125 46.4645
      vertex 296.913 -283.75 45.3806
      vertex 296.913 -278.125 45.3806
    endloop
  endfacet
  facet normal 0.555374 0 -0.831601
    outer loop
      vertex 296.913 -277.125 45.3806
      vertex 298.536 -272.5 46.4645
      vertex 298.536 -277.125 46.4645
    endloop
  endfacet
  facet normal 0.555374 0 -0.831601
    outer loop
      vertex 298.536 -272.5 46.4645
      vertex 296.913 -277.125 45.3806
      vertex 296.913 -272.5 45.3806
    endloop
  endfacet
  facet normal 0.831671 0 -0.555268
    outer loop
      vertex 299.619 -283.75 48.0866
      vertex 298.536 -278.125 46.4645
      vertex 299.619 -278.125 48.0866
    endloop
  endfacet
  facet normal 0.831671 0 -0.555268
    outer loop
      vertex 298.536 -278.125 46.4645
      vertex 299.619 -283.75 48.0866
      vertex 298.536 -283.75 46.4645
    endloop
  endfacet
  facet normal 0.831671 0 -0.555268
    outer loop
      vertex 299.619 -277.125 48.0866
      vertex 298.536 -272.5 46.4645
      vertex 299.619 -272.5 48.0866
    endloop
  endfacet
  facet normal 0.831671 0 -0.555268
    outer loop
      vertex 298.536 -272.5 46.4645
      vertex 299.619 -277.125 48.0866
      vertex 298.536 -277.125 46.4645
    endloop
  endfacet
  facet normal 0.831671 0 -0.555268
    outer loop
      vertex 299.619 -221.875 48.0866
      vertex 298.536 -216.25 46.4645
      vertex 299.619 -216.25 48.0866
    endloop
  endfacet
  facet normal 0.831671 0 -0.555268
    outer loop
      vertex 298.536 -216.25 46.4645
      vertex 299.619 -221.875 48.0866
      vertex 298.536 -221.875 46.4645
    endloop
  endfacet
  facet normal 0.831671 0 -0.555268
    outer loop
      vertex 299.619 -227.5 48.0866
      vertex 298.536 -222.875 46.4645
      vertex 299.619 -222.875 48.0866
    endloop
  endfacet
  facet normal 0.831671 0 -0.555268
    outer loop
      vertex 298.536 -222.875 46.4645
      vertex 299.619 -227.5 48.0866
      vertex 298.536 -227.5 46.4645
    endloop
  endfacet
  facet normal -0.980746 0 0.195288
    outer loop
      vertex 290 -221.875 50
      vertex 290.381 -216.25 51.9134
      vertex 290 -216.25 50
    endloop
  endfacet
  facet normal -0.980746 0 0.195288
    outer loop
      vertex 290.381 -216.25 51.9134
      vertex 290 -221.875 50
      vertex 290.381 -221.875 51.9134
    endloop
  endfacet
  facet normal -0.980746 0 0.195288
    outer loop
      vertex 290 -227.5 50
      vertex 290.381 -222.875 51.9134
      vertex 290 -222.875 50
    endloop
  endfacet
  facet normal -0.980746 0 0.195288
    outer loop
      vertex 290.381 -222.875 51.9134
      vertex 290 -227.5 50
      vertex 290.381 -227.5 51.9134
    endloop
  endfacet
  facet normal -0.980746 0 0.195288
    outer loop
      vertex 290 -283.75 50
      vertex 290.381 -278.125 51.9134
      vertex 290 -278.125 50
    endloop
  endfacet
  facet normal -0.980746 0 0.195288
    outer loop
      vertex 290.381 -278.125 51.9134
      vertex 290 -283.75 50
      vertex 290.381 -283.75 51.9134
    endloop
  endfacet
  facet normal -0.980746 0 0.195288
    outer loop
      vertex 290 -277.125 50
      vertex 290.381 -272.5 51.9134
      vertex 290 -272.5 50
    endloop
  endfacet
  facet normal -0.980746 0 0.195288
    outer loop
      vertex 290.381 -272.5 51.9134
      vertex 290 -277.125 50
      vertex 290.381 -277.125 51.9134
    endloop
  endfacet
  facet normal 0.980746 0 -0.195288
    outer loop
      vertex 300 -221.875 50
      vertex 299.619 -216.25 48.0866
      vertex 300 -216.25 50
    endloop
  endfacet
  facet normal 0.980746 0 -0.195288
    outer loop
      vertex 299.619 -216.25 48.0866
      vertex 300 -221.875 50
      vertex 299.619 -221.875 48.0866
    endloop
  endfacet
  facet normal 0.980746 0 -0.195288
    outer loop
      vertex 300 -227.5 50
      vertex 299.619 -222.875 48.0866
      vertex 300 -222.875 50
    endloop
  endfacet
  facet normal 0.980746 0 -0.195288
    outer loop
      vertex 299.619 -222.875 48.0866
      vertex 300 -227.5 50
      vertex 299.619 -227.5 48.0866
    endloop
  endfacet
  facet normal 0.980746 0 -0.195288
    outer loop
      vertex 300 -283.75 50
      vertex 299.619 -278.125 48.0866
      vertex 300 -278.125 50
    endloop
  endfacet
  facet normal 0.980746 0 -0.195288
    outer loop
      vertex 299.619 -278.125 48.0866
      vertex 300 -283.75 50
      vertex 299.619 -283.75 48.0866
    endloop
  endfacet
  facet normal 0.980746 0 -0.195288
    outer loop
      vertex 300 -277.125 50
      vertex 299.619 -272.5 48.0866
      vertex 300 -272.5 50
    endloop
  endfacet
  facet normal 0.980746 0 -0.195288
    outer loop
      vertex 299.619 -272.5 48.0866
      vertex 300 -277.125 50
      vertex 299.619 -277.125 48.0866
    endloop
  endfacet
  facet normal 0 1 0
    outer loop
      vertex 296.913 -216.25 54.6194
      vertex 293.087 -216.25 54.6194
      vertex 295 -216.25 55
    endloop
  endfacet
  facet normal 0 1 0
    outer loop
      vertex 298.536 -216.25 53.5355
      vertex 293.087 -216.25 54.6194
      vertex 296.913 -216.25 54.6194
    endloop
  endfacet
  facet normal 0 1 0
    outer loop
      vertex 298.536 -216.25 53.5355
      vertex 291.464 -216.25 53.5355
      vertex 293.087 -216.25 54.6194
    endloop
  endfacet
  facet normal 0 1 0
    outer loop
      vertex 299.619 -216.25 51.9134
      vertex 291.464 -216.25 53.5355
      vertex 298.536 -216.25 53.5355
    endloop
  endfacet
  facet normal 0 1 0
    outer loop
      vertex 299.619 -216.25 51.9134
      vertex 290.381 -216.25 51.9134
      vertex 291.464 -216.25 53.5355
    endloop
  endfacet
  facet normal 0 1 0
    outer loop
      vertex 300 -216.25 50
      vertex 290.381 -216.25 51.9134
      vertex 299.619 -216.25 51.9134
    endloop
  endfacet
  facet normal 0 1 0
    outer loop
      vertex 300 -216.25 50
      vertex 290 -216.25 50
      vertex 290.381 -216.25 51.9134
    endloop
  endfacet
  facet normal 0 1 -0
    outer loop
      vertex 299.619 -216.25 48.0866
      vertex 290 -216.25 50
      vertex 300 -216.25 50
    endloop
  endfacet
  facet normal 0 1 0
    outer loop
      vertex 299.619 -216.25 48.0866
      vertex 290.381 -216.25 48.0866
      vertex 290 -216.25 50
    endloop
  endfacet
  facet normal 0 1 -0
    outer loop
      vertex 298.536 -216.25 46.4645
      vertex 290.381 -216.25 48.0866
      vertex 299.619 -216.25 48.0866
    endloop
  endfacet
  facet normal 0 1 0
    outer loop
      vertex 298.536 -216.25 46.4645
      vertex 291.464 -216.25 46.4645
      vertex 290.381 -216.25 48.0866
    endloop
  endfacet
  facet normal 0 1 -0
    outer loop
      vertex 296.913 -216.25 45.3806
      vertex 291.464 -216.25 46.4645
      vertex 298.536 -216.25 46.4645
    endloop
  endfacet
  facet normal 0 1 0
    outer loop
      vertex 296.913 -216.25 45.3806
      vertex 293.087 -216.25 45.3806
      vertex 291.464 -216.25 46.4645
    endloop
  endfacet
  facet normal -0 1 0
    outer loop
      vertex 293.087 -216.25 45.3806
      vertex 296.913 -216.25 45.3806
      vertex 295 -216.25 45
    endloop
  endfacet
  facet normal -0.19513 0 0.980777
    outer loop
      vertex 293.087 -278.125 54.6194
      vertex 295 -283.75 55
      vertex 295 -278.125 55
    endloop
  endfacet
  facet normal -0.19513 0 0.980777
    outer loop
      vertex 295 -283.75 55
      vertex 293.087 -278.125 54.6194
      vertex 293.087 -283.75 54.6194
    endloop
  endfacet
  facet normal -0.19513 0 0.980777
    outer loop
      vertex 293.087 -272.5 54.6194
      vertex 295 -277.125 55
      vertex 295 -272.5 55
    endloop
  endfacet
  facet normal -0.19513 0 0.980777
    outer loop
      vertex 295 -277.125 55
      vertex 293.087 -272.5 54.6194
      vertex 293.087 -277.125 54.6194
    endloop
  endfacet
  facet normal -0.19513 0 0.980777
    outer loop
      vertex 293.087 -216.25 54.6194
      vertex 295 -221.875 55
      vertex 295 -216.25 55
    endloop
  endfacet
  facet normal -0.19513 0 0.980777
    outer loop
      vertex 295 -221.875 55
      vertex 293.087 -216.25 54.6194
      vertex 293.087 -221.875 54.6194
    endloop
  endfacet
  facet normal -0.19513 0 0.980777
    outer loop
      vertex 293.087 -222.875 54.6194
      vertex 295 -227.5 55
      vertex 295 -222.875 55
    endloop
  endfacet
  facet normal -0.19513 0 0.980777
    outer loop
      vertex 295 -227.5 55
      vertex 293.087 -222.875 54.6194
      vertex 293.087 -227.5 54.6194
    endloop
  endfacet
  facet normal 0.19513 0 0.980777
    outer loop
      vertex 295 -278.125 55
      vertex 296.913 -283.75 54.6194
      vertex 296.913 -278.125 54.6194
    endloop
  endfacet
  facet normal 0.19513 0 0.980777
    outer loop
      vertex 296.913 -283.75 54.6194
      vertex 295 -278.125 55
      vertex 295 -283.75 55
    endloop
  endfacet
  facet normal 0.19513 0 0.980777
    outer loop
      vertex 295 -272.5 55
      vertex 296.913 -277.125 54.6194
      vertex 296.913 -272.5 54.6194
    endloop
  endfacet
  facet normal 0.19513 0 0.980777
    outer loop
      vertex 296.913 -277.125 54.6194
      vertex 295 -272.5 55
      vertex 295 -277.125 55
    endloop
  endfacet
  facet normal 0.19513 0 0.980777
    outer loop
      vertex 295 -216.25 55
      vertex 296.913 -221.875 54.6194
      vertex 296.913 -216.25 54.6194
    endloop
  endfacet
  facet normal 0.19513 0 0.980777
    outer loop
      vertex 296.913 -221.875 54.6194
      vertex 295 -216.25 55
      vertex 295 -221.875 55
    endloop
  endfacet
  facet normal 0.19513 0 0.980777
    outer loop
      vertex 295 -222.875 55
      vertex 296.913 -227.5 54.6194
      vertex 296.913 -222.875 54.6194
    endloop
  endfacet
  facet normal 0.19513 0 0.980777
    outer loop
      vertex 296.913 -227.5 54.6194
      vertex 295 -222.875 55
      vertex 295 -227.5 55
    endloop
  endfacet
  facet normal 0.555374 0 0.831601
    outer loop
      vertex 296.913 -278.125 54.6194
      vertex 298.536 -283.75 53.5355
      vertex 298.536 -278.125 53.5355
    endloop
  endfacet
  facet normal 0.555374 0 0.831601
    outer loop
      vertex 298.536 -283.75 53.5355
      vertex 296.913 -278.125 54.6194
      vertex 296.913 -283.75 54.6194
    endloop
  endfacet
  facet normal 0.555374 0 0.831601
    outer loop
      vertex 296.913 -272.5 54.6194
      vertex 298.536 -277.125 53.5355
      vertex 298.536 -272.5 53.5355
    endloop
  endfacet
  facet normal 0.555374 0 0.831601
    outer loop
      vertex 298.536 -277.125 53.5355
      vertex 296.913 -272.5 54.6194
      vertex 296.913 -277.125 54.6194
    endloop
  endfacet
  facet normal 0.555374 0 0.831601
    outer loop
      vertex 296.913 -216.25 54.6194
      vertex 298.536 -221.875 53.5355
      vertex 298.536 -216.25 53.5355
    endloop
  endfacet
  facet normal 0.555374 0 0.831601
    outer loop
      vertex 298.536 -221.875 53.5355
      vertex 296.913 -216.25 54.6194
      vertex 296.913 -221.875 54.6194
    endloop
  endfacet
  facet normal 0.555374 0 0.831601
    outer loop
      vertex 296.913 -222.875 54.6194
      vertex 298.536 -227.5 53.5355
      vertex 298.536 -222.875 53.5355
    endloop
  endfacet
  facet normal 0.555374 0 0.831601
    outer loop
      vertex 298.536 -227.5 53.5355
      vertex 296.913 -222.875 54.6194
      vertex 296.913 -227.5 54.6194
    endloop
  endfacet
  facet normal -0.831671 0 -0.555268
    outer loop
      vertex 291.464 -221.875 46.4645
      vertex 290.381 -216.25 48.0866
      vertex 291.464 -216.25 46.4645
    endloop
  endfacet
  facet normal -0.831671 -0 -0.555268
    outer loop
      vertex 290.381 -216.25 48.0866
      vertex 291.464 -221.875 46.4645
      vertex 290.381 -221.875 48.0866
    endloop
  endfacet
  facet normal -0.831671 0 -0.555268
    outer loop
      vertex 291.464 -227.5 46.4645
      vertex 290.381 -222.875 48.0866
      vertex 291.464 -222.875 46.4645
    endloop
  endfacet
  facet normal -0.831671 -0 -0.555268
    outer loop
      vertex 290.381 -222.875 48.0866
      vertex 291.464 -227.5 46.4645
      vertex 290.381 -227.5 48.0866
    endloop
  endfacet
  facet normal -0.831671 0 -0.555268
    outer loop
      vertex 291.464 -283.75 46.4645
      vertex 290.381 -278.125 48.0866
      vertex 291.464 -278.125 46.4645
    endloop
  endfacet
  facet normal -0.831671 -0 -0.555268
    outer loop
      vertex 290.381 -278.125 48.0866
      vertex 291.464 -283.75 46.4645
      vertex 290.381 -283.75 48.0866
    endloop
  endfacet
  facet normal -0.831671 0 -0.555268
    outer loop
      vertex 291.464 -277.125 46.4645
      vertex 290.381 -272.5 48.0866
      vertex 291.464 -272.5 46.4645
    endloop
  endfacet
  facet normal -0.831671 -0 -0.555268
    outer loop
      vertex 290.381 -272.5 48.0866
      vertex 291.464 -277.125 46.4645
      vertex 290.381 -277.125 48.0866
    endloop
  endfacet
  facet normal 0 -1 0
    outer loop
      vertex 293.087 -283.75 54.6194
      vertex 296.913 -283.75 54.6194
      vertex 295 -283.75 55
    endloop
  endfacet
  facet normal 0 -1 0
    outer loop
      vertex 291.464 -283.75 53.5355
      vertex 296.913 -283.75 54.6194
      vertex 293.087 -283.75 54.6194
    endloop
  endfacet
  facet normal 0 -1 0
    outer loop
      vertex 291.464 -283.75 53.5355
      vertex 298.536 -283.75 53.5355
      vertex 296.913 -283.75 54.6194
    endloop
  endfacet
  facet normal 0 -1 0
    outer loop
      vertex 290.381 -283.75 51.9134
      vertex 298.536 -283.75 53.5355
      vertex 291.464 -283.75 53.5355
    endloop
  endfacet
  facet normal 0 -1 0
    outer loop
      vertex 290.381 -283.75 51.9134
      vertex 299.619 -283.75 51.9134
      vertex 298.536 -283.75 53.5355
    endloop
  endfacet
  facet normal 0 -1 0
    outer loop
      vertex 290 -283.75 50
      vertex 299.619 -283.75 51.9134
      vertex 290.381 -283.75 51.9134
    endloop
  endfacet
  facet normal 0 -1 0
    outer loop
      vertex 290 -283.75 50
      vertex 300 -283.75 50
      vertex 299.619 -283.75 51.9134
    endloop
  endfacet
  facet normal 0 -1 0
    outer loop
      vertex 290.381 -283.75 48.0866
      vertex 300 -283.75 50
      vertex 290 -283.75 50
    endloop
  endfacet
  facet normal 0 -1 0
    outer loop
      vertex 290.381 -283.75 48.0866
      vertex 299.619 -283.75 48.0866
      vertex 300 -283.75 50
    endloop
  endfacet
  facet normal 0 -1 0
    outer loop
      vertex 291.464 -283.75 46.4645
      vertex 299.619 -283.75 48.0866
      vertex 290.381 -283.75 48.0866
    endloop
  endfacet
  facet normal 0 -1 0
    outer loop
      vertex 291.464 -283.75 46.4645
      vertex 298.536 -283.75 46.4645
      vertex 299.619 -283.75 48.0866
    endloop
  endfacet
  facet normal 0 -1 0
    outer loop
      vertex 293.087 -283.75 45.3806
      vertex 298.536 -283.75 46.4645
      vertex 291.464 -283.75 46.4645
    endloop
  endfacet
  facet normal 0 -1 0
    outer loop
      vertex 293.087 -283.75 45.3806
      vertex 296.913 -283.75 45.3806
      vertex 298.536 -283.75 46.4645
    endloop
  endfacet
  facet normal -0 -1 0
    outer loop
      vertex 296.913 -283.75 45.3806
      vertex 293.087 -283.75 45.3806
      vertex 295 -283.75 45
    endloop
  endfacet
  facet normal -0.980746 0 -0.195288
    outer loop
      vertex 290.381 -221.875 48.0866
      vertex 290 -216.25 50
      vertex 290.381 -216.25 48.0866
    endloop
  endfacet
  facet normal -0.980746 -0 -0.195288
    outer loop
      vertex 290 -216.25 50
      vertex 290.381 -221.875 48.0866
      vertex 290 -221.875 50
    endloop
  endfacet
  facet normal -0.980746 0 -0.195288
    outer loop
      vertex 290.381 -227.5 48.0866
      vertex 290 -222.875 50
      vertex 290.381 -222.875 48.0866
    endloop
  endfacet
  facet normal -0.980746 -0 -0.195288
    outer loop
      vertex 290 -222.875 50
      vertex 290.381 -227.5 48.0866
      vertex 290 -227.5 50
    endloop
  endfacet
  facet normal -0.980746 0 -0.195288
    outer loop
      vertex 290.381 -283.75 48.0866
      vertex 290 -278.125 50
      vertex 290.381 -278.125 48.0866
    endloop
  endfacet
  facet normal -0.980746 -0 -0.195288
    outer loop
      vertex 290 -278.125 50
      vertex 290.381 -283.75 48.0866
      vertex 290 -283.75 50
    endloop
  endfacet
  facet normal -0.980746 0 -0.195288
    outer loop
      vertex 290.381 -277.125 48.0866
      vertex 290 -272.5 50
      vertex 290.381 -272.5 48.0866
    endloop
  endfacet
  facet normal -0.980746 -0 -0.195288
    outer loop
      vertex 290 -272.5 50
      vertex 290.381 -277.125 48.0866
      vertex 290 -277.125 50
    endloop
  endfacet
  facet normal -0.555374 0 -0.831601
    outer loop
      vertex 291.464 -221.875 46.4645
      vertex 293.087 -216.25 45.3806
      vertex 293.087 -221.875 45.3806
    endloop
  endfacet
  facet normal -0.555374 0 -0.831601
    outer loop
      vertex 293.087 -216.25 45.3806
      vertex 291.464 -221.875 46.4645
      vertex 291.464 -216.25 46.4645
    endloop
  endfacet
  facet normal -0.555374 0 -0.831601
    outer loop
      vertex 291.464 -227.5 46.4645
      vertex 293.087 -222.875 45.3806
      vertex 293.087 -227.5 45.3806
    endloop
  endfacet
  facet normal -0.555374 0 -0.831601
    outer loop
      vertex 293.087 -222.875 45.3806
      vertex 291.464 -227.5 46.4645
      vertex 291.464 -222.875 46.4645
    endloop
  endfacet
  facet normal -0.555374 0 -0.831601
    outer loop
      vertex 291.464 -283.75 46.4645
      vertex 293.087 -278.125 45.3806
      vertex 293.087 -283.75 45.3806
    endloop
  endfacet
  facet normal -0.555374 0 -0.831601
    outer loop
      vertex 293.087 -278.125 45.3806
      vertex 291.464 -283.75 46.4645
      vertex 291.464 -278.125 46.4645
    endloop
  endfacet
  facet normal -0.555374 0 -0.831601
    outer loop
      vertex 291.464 -277.125 46.4645
      vertex 293.087 -272.5 45.3806
      vertex 293.087 -277.125 45.3806
    endloop
  endfacet
  facet normal -0.555374 0 -0.831601
    outer loop
      vertex 293.087 -272.5 45.3806
      vertex 291.464 -277.125 46.4645
      vertex 291.464 -272.5 46.4645
    endloop
  endfacet
  facet normal -0.743153 0 -0.669122
    outer loop
      vertex 254.852 -272.5 5.41131
      vertex 246.459 -227.5 14.7329
      vertex 254.852 -227.5 5.41131
    endloop
  endfacet
  facet normal -0.743153 -0 -0.669122
    outer loop
      vertex 246.459 -227.5 14.7329
      vertex 254.852 -272.5 5.41131
      vertex 246.459 -272.5 14.7329
    endloop
  endfacet
  facet normal 0.95106 -0 0.309008
    outer loop
      vertex 349.813 -272.5 74.4042
      vertex 353.689 -227.5 62.4747
      vertex 349.813 -227.5 74.4042
    endloop
  endfacet
  facet normal 0.95106 0 0.309008
    outer loop
      vertex 353.689 -227.5 62.4747
      vertex 349.813 -272.5 74.4042
      vertex 353.689 -272.5 62.4747
    endloop
  endfacet
  facet normal 0.994523 -0 0.104517
    outer loop
      vertex 353.689 -272.5 62.4747
      vertex 355 -227.5 50
      vertex 353.689 -227.5 62.4747
    endloop
  endfacet
  facet normal 0.994523 0 0.104517
    outer loop
      vertex 355 -227.5 50
      vertex 353.689 -272.5 62.4747
      vertex 355 -272.5 50
    endloop
  endfacet
  facet normal 0.866015 -0 0.500018
    outer loop
      vertex 343.541 -272.5 85.2671
      vertex 349.813 -227.5 74.4042
      vertex 343.541 -227.5 85.2671
    endloop
  endfacet
  facet normal 0.866015 0 0.500018
    outer loop
      vertex 349.813 -227.5 74.4042
      vertex 343.541 -272.5 85.2671
      vertex 349.813 -272.5 74.4042
    endloop
  endfacet
  facet normal 0.95106 0 -0.309008
    outer loop
      vertex 353.689 -272.5 37.5253
      vertex 349.813 -227.5 25.5958
      vertex 353.689 -227.5 37.5253
    endloop
  endfacet
  facet normal 0.95106 0 -0.309008
    outer loop
      vertex 349.813 -227.5 25.5958
      vertex 353.689 -272.5 37.5253
      vertex 349.813 -272.5 25.5958
    endloop
  endfacet
  facet normal 0.587779 0 -0.809022
    outer loop
      vertex 325 -272.5 -1.96152
      vertex 335.148 -227.5 5.41131
      vertex 335.148 -272.5 5.41131
    endloop
  endfacet
  facet normal 0.587779 0 -0.809022
    outer loop
      vertex 335.148 -227.5 5.41131
      vertex 325 -272.5 -1.96152
      vertex 325 -227.5 -1.96152
    endloop
  endfacet
  facet normal 0.743153 0 -0.669122
    outer loop
      vertex 343.541 -272.5 14.7329
      vertex 335.148 -227.5 5.41131
      vertex 343.541 -227.5 14.7329
    endloop
  endfacet
  facet normal 0.743153 0 -0.669122
    outer loop
      vertex 335.148 -227.5 5.41131
      vertex 343.541 -272.5 14.7329
      vertex 335.148 -272.5 5.41131
    endloop
  endfacet
  facet normal 0.994523 0 -0.104517
    outer loop
      vertex 355 -272.5 50
      vertex 353.689 -227.5 37.5253
      vertex 355 -227.5 50
    endloop
  endfacet
  facet normal 0.994523 0 -0.104517
    outer loop
      vertex 353.689 -227.5 37.5253
      vertex 355 -272.5 50
      vertex 353.689 -272.5 37.5253
    endloop
  endfacet
  facet normal -0.406736 0 -0.913546
    outer loop
      vertex 265 -272.5 -1.96152
      vertex 276.459 -227.5 -7.06339
      vertex 276.459 -272.5 -7.06339
    endloop
  endfacet
  facet normal -0.406736 0 -0.913546
    outer loop
      vertex 276.459 -227.5 -7.06339
      vertex 265 -272.5 -1.96152
      vertex 265 -227.5 -1.96152
    endloop
  endfacet
  facet normal 0.406678 0 0.913571
    outer loop
      vertex 313.541 -227.5 107.063
      vertex 325 -272.5 101.962
      vertex 325 -227.5 101.962
    endloop
  endfacet
  facet normal 0.406678 0 0.913571
    outer loop
      vertex 325 -272.5 101.962
      vertex 313.541 -227.5 107.063
      vertex 313.541 -272.5 107.063
    endloop
  endfacet
  facet normal 0.743153 -0 0.669122
    outer loop
      vertex 335.148 -272.5 94.5887
      vertex 343.541 -227.5 85.2671
      vertex 335.148 -227.5 94.5887
    endloop
  endfacet
  facet normal 0.743153 0 0.669122
    outer loop
      vertex 343.541 -227.5 85.2671
      vertex 335.148 -272.5 94.5887
      vertex 343.541 -272.5 85.2671
    endloop
  endfacet
  facet normal -0.587779 0 -0.809022
    outer loop
      vertex 254.852 -272.5 5.41131
      vertex 265 -227.5 -1.96152
      vertex 265 -272.5 -1.96152
    endloop
  endfacet
  facet normal -0.587779 0 -0.809022
    outer loop
      vertex 265 -227.5 -1.96152
      vertex 254.852 -272.5 5.41131
      vertex 254.852 -227.5 5.41131
    endloop
  endfacet
  facet normal -0.743153 0 0.669122
    outer loop
      vertex 246.459 -272.5 85.2671
      vertex 254.852 -227.5 94.5887
      vertex 246.459 -227.5 85.2671
    endloop
  endfacet
  facet normal -0.743153 0 0.669122
    outer loop
      vertex 254.852 -227.5 94.5887
      vertex 246.459 -272.5 85.2671
      vertex 254.852 -272.5 94.5887
    endloop
  endfacet
  facet normal -0 0 1
    outer loop
      vertex 288.728 -227.5 109.671
      vertex 301.272 -272.5 109.671
      vertex 301.272 -227.5 109.671
    endloop
  endfacet
  facet normal 0 0 1
    outer loop
      vertex 301.272 -272.5 109.671
      vertex 288.728 -227.5 109.671
      vertex 288.728 -272.5 109.671
    endloop
  endfacet
  facet normal 0.406736 0 -0.913546
    outer loop
      vertex 313.541 -272.5 -7.06339
      vertex 325 -227.5 -1.96152
      vertex 325 -272.5 -1.96152
    endloop
  endfacet
  facet normal 0.406736 0 -0.913546
    outer loop
      vertex 325 -227.5 -1.96152
      vertex 313.541 -272.5 -7.06339
      vertex 313.541 -227.5 -7.06339
    endloop
  endfacet
  facet normal 0.207917 0 -0.978147
    outer loop
      vertex 301.272 -272.5 -9.67131
      vertex 313.541 -227.5 -7.06339
      vertex 313.541 -272.5 -7.06339
    endloop
  endfacet
  facet normal 0.207917 0 -0.978147
    outer loop
      vertex 313.541 -227.5 -7.06339
      vertex 301.272 -272.5 -9.67131
      vertex 301.272 -227.5 -9.67131
    endloop
  endfacet
  facet normal -0.95106 0 0.309008
    outer loop
      vertex 236.311 -272.5 62.4747
      vertex 240.187 -227.5 74.4042
      vertex 236.311 -227.5 62.4747
    endloop
  endfacet
  facet normal -0.95106 0 0.309008
    outer loop
      vertex 240.187 -227.5 74.4042
      vertex 236.311 -272.5 62.4747
      vertex 240.187 -272.5 74.4042
    endloop
  endfacet
  facet normal 0 1 0
    outer loop
      vertex 296.913 -227.5 54.6194
      vertex 301.272 -227.5 109.671
      vertex 313.541 -227.5 107.063
    endloop
  endfacet
  facet normal 0 1 0
    outer loop
      vertex 301.272 -227.5 109.671
      vertex 295 -227.5 55
      vertex 288.728 -227.5 109.671
    endloop
  endfacet
  facet normal 0 1 0
    outer loop
      vertex 296.913 -227.5 54.6194
      vertex 313.541 -227.5 107.063
      vertex 325 -227.5 101.962
    endloop
  endfacet
  facet normal 0 1 -0
    outer loop
      vertex 293.087 -227.5 54.6194
      vertex 288.728 -227.5 109.671
      vertex 295 -227.5 55
    endloop
  endfacet
  facet normal 0 1 0
    outer loop
      vertex 298.536 -227.5 53.5355
      vertex 325 -227.5 101.962
      vertex 335.148 -227.5 94.5887
    endloop
  endfacet
  facet normal 0 1 0
    outer loop
      vertex 288.728 -227.5 109.671
      vertex 293.087 -227.5 54.6194
      vertex 276.459 -227.5 107.063
    endloop
  endfacet
  facet normal 0 1 0
    outer loop
      vertex 298.536 -227.5 53.5355
      vertex 335.148 -227.5 94.5887
      vertex 343.541 -227.5 85.2671
    endloop
  endfacet
  facet normal 0 1 0
    outer loop
      vertex 276.459 -227.5 107.063
      vertex 293.087 -227.5 54.6194
      vertex 265 -227.5 101.962
    endloop
  endfacet
  facet normal 0 1 0
    outer loop
      vertex 299.619 -227.5 51.9134
      vertex 343.541 -227.5 85.2671
      vertex 349.813 -227.5 74.4042
    endloop
  endfacet
  facet normal 0 1 -0
    outer loop
      vertex 291.464 -227.5 53.5355
      vertex 265 -227.5 101.962
      vertex 293.087 -227.5 54.6194
    endloop
  endfacet
  facet normal 0 1 0
    outer loop
      vertex 299.619 -227.5 51.9134
      vertex 349.813 -227.5 74.4042
      vertex 353.689 -227.5 62.4747
    endloop
  endfacet
  facet normal 0 1 0
    outer loop
      vertex 265 -227.5 101.962
      vertex 291.464 -227.5 53.5355
      vertex 254.852 -227.5 94.5887
    endloop
  endfacet
  facet normal 0 1 0
    outer loop
      vertex 254.852 -227.5 94.5887
      vertex 291.464 -227.5 53.5355
      vertex 246.459 -227.5 85.2671
    endloop
  endfacet
  facet normal 0 1 0
    outer loop
      vertex 301.272 -227.5 109.671
      vertex 296.913 -227.5 54.6194
      vertex 295 -227.5 55
    endloop
  endfacet
  facet normal 0 1 0
    outer loop
      vertex 325 -227.5 101.962
      vertex 298.536 -227.5 53.5355
      vertex 296.913 -227.5 54.6194
    endloop
  endfacet
  facet normal 0 1 0
    outer loop
      vertex 343.541 -227.5 85.2671
      vertex 299.619 -227.5 51.9134
      vertex 298.536 -227.5 53.5355
    endloop
  endfacet
  facet normal 0 1 0
    outer loop
      vertex 300 -227.5 50
      vertex 353.689 -227.5 62.4747
      vertex 355 -227.5 50
    endloop
  endfacet
  facet normal 0 1 0
    outer loop
      vertex 353.689 -227.5 62.4747
      vertex 300 -227.5 50
      vertex 299.619 -227.5 51.9134
    endloop
  endfacet
  facet normal 0 1 -0
    outer loop
      vertex 353.689 -227.5 37.5253
      vertex 300 -227.5 50
      vertex 355 -227.5 50
    endloop
  endfacet
  facet normal 0 1 0
    outer loop
      vertex 300 -227.5 50
      vertex 353.689 -227.5 37.5253
      vertex 299.619 -227.5 48.0866
    endloop
  endfacet
  facet normal 0 1 -0
    outer loop
      vertex 349.813 -227.5 25.5958
      vertex 299.619 -227.5 48.0866
      vertex 353.689 -227.5 37.5253
    endloop
  endfacet
  facet normal 0 1 -0
    outer loop
      vertex 343.541 -227.5 14.7329
      vertex 299.619 -227.5 48.0866
      vertex 349.813 -227.5 25.5958
    endloop
  endfacet
  facet normal 0 1 0
    outer loop
      vertex 299.619 -227.5 48.0866
      vertex 343.541 -227.5 14.7329
      vertex 298.536 -227.5 46.4645
    endloop
  endfacet
  facet normal 0 1 -0
    outer loop
      vertex 290.381 -227.5 51.9134
      vertex 246.459 -227.5 85.2671
      vertex 291.464 -227.5 53.5355
    endloop
  endfacet
  facet normal 0 1 0
    outer loop
      vertex 246.459 -227.5 85.2671
      vertex 290.381 -227.5 51.9134
      vertex 240.187 -227.5 74.4042
    endloop
  endfacet
  facet normal 0 1 0
    outer loop
      vertex 240.187 -227.5 74.4042
      vertex 290.381 -227.5 51.9134
      vertex 236.311 -227.5 62.4747
    endloop
  endfacet
  facet normal 0 1 -0
    outer loop
      vertex 290 -227.5 50
      vertex 236.311 -227.5 62.4747
      vertex 290.381 -227.5 51.9134
    endloop
  endfacet
  facet normal 0 1 0
    outer loop
      vertex 290 -227.5 50
      vertex 235 -227.5 50
      vertex 236.311 -227.5 62.4747
    endloop
  endfacet
  facet normal 0 1 0
    outer loop
      vertex 236.311 -227.5 37.5253
      vertex 290 -227.5 50
      vertex 290.381 -227.5 48.0866
    endloop
  endfacet
  facet normal 0 1 0
    outer loop
      vertex 246.459 -227.5 14.7329
      vertex 290.381 -227.5 48.0866
      vertex 291.464 -227.5 46.4645
    endloop
  endfacet
  facet normal 0 1 0
    outer loop
      vertex 265 -227.5 -1.96152
      vertex 291.464 -227.5 46.4645
      vertex 293.087 -227.5 45.3806
    endloop
  endfacet
  facet normal 0 1 0
    outer loop
      vertex 288.728 -227.5 -9.67131
      vertex 293.087 -227.5 45.3806
      vertex 295 -227.5 45
    endloop
  endfacet
  facet normal 0 1 -0
    outer loop
      vertex 335.148 -227.5 5.41131
      vertex 298.536 -227.5 46.4645
      vertex 343.541 -227.5 14.7329
    endloop
  endfacet
  facet normal 0 1 0
    outer loop
      vertex 290 -227.5 50
      vertex 236.311 -227.5 37.5253
      vertex 235 -227.5 50
    endloop
  endfacet
  facet normal 0 1 -0
    outer loop
      vertex 325 -227.5 -1.96152
      vertex 298.536 -227.5 46.4645
      vertex 335.148 -227.5 5.41131
    endloop
  endfacet
  facet normal 0 1 0
    outer loop
      vertex 290.381 -227.5 48.0866
      vertex 240.187 -227.5 25.5958
      vertex 236.311 -227.5 37.5253
    endloop
  endfacet
  facet normal 0 1 0
    outer loop
      vertex 298.536 -227.5 46.4645
      vertex 325 -227.5 -1.96152
      vertex 296.913 -227.5 45.3806
    endloop
  endfacet
  facet normal 0 1 0
    outer loop
      vertex 290.381 -227.5 48.0866
      vertex 246.459 -227.5 14.7329
      vertex 240.187 -227.5 25.5958
    endloop
  endfacet
  facet normal 0 1 -0
    outer loop
      vertex 313.541 -227.5 -7.06339
      vertex 296.913 -227.5 45.3806
      vertex 325 -227.5 -1.96152
    endloop
  endfacet
  facet normal 0 1 0
    outer loop
      vertex 291.464 -227.5 46.4645
      vertex 254.852 -227.5 5.41131
      vertex 246.459 -227.5 14.7329
    endloop
  endfacet
  facet normal 0 1 -0
    outer loop
      vertex 301.272 -227.5 -9.67131
      vertex 296.913 -227.5 45.3806
      vertex 313.541 -227.5 -7.06339
    endloop
  endfacet
  facet normal 0 1 0
    outer loop
      vertex 291.464 -227.5 46.4645
      vertex 265 -227.5 -1.96152
      vertex 254.852 -227.5 5.41131
    endloop
  endfacet
  facet normal 0 1 0
    outer loop
      vertex 296.913 -227.5 45.3806
      vertex 301.272 -227.5 -9.67131
      vertex 295 -227.5 45
    endloop
  endfacet
  facet normal 0 1 0
    outer loop
      vertex 293.087 -227.5 45.3806
      vertex 276.459 -227.5 -7.06339
      vertex 265 -227.5 -1.96152
    endloop
  endfacet
  facet normal 0 1 0
    outer loop
      vertex 288.728 -227.5 -9.67131
      vertex 295 -227.5 45
      vertex 301.272 -227.5 -9.67131
    endloop
  endfacet
  facet normal 0 1 0
    outer loop
      vertex 293.087 -227.5 45.3806
      vertex 288.728 -227.5 -9.67131
      vertex 276.459 -227.5 -7.06339
    endloop
  endfacet
  facet normal -0.95106 0 -0.309008
    outer loop
      vertex 240.187 -272.5 25.5958
      vertex 236.311 -227.5 37.5253
      vertex 240.187 -227.5 25.5958
    endloop
  endfacet
  facet normal -0.95106 -0 -0.309008
    outer loop
      vertex 236.311 -227.5 37.5253
      vertex 240.187 -272.5 25.5958
      vertex 236.311 -272.5 37.5253
    endloop
  endfacet
  facet normal -0.406678 0 0.913571
    outer loop
      vertex 265 -227.5 101.962
      vertex 276.459 -272.5 107.063
      vertex 276.459 -227.5 107.063
    endloop
  endfacet
  facet normal -0.406678 0 0.913571
    outer loop
      vertex 276.459 -272.5 107.063
      vertex 265 -227.5 101.962
      vertex 265 -272.5 101.962
    endloop
  endfacet
  facet normal 0 -1 0
    outer loop
      vertex 293.087 -272.5 54.6194
      vertex 288.728 -272.5 109.671
      vertex 276.459 -272.5 107.063
    endloop
  endfacet
  facet normal 0 -1 0
    outer loop
      vertex 288.728 -272.5 109.671
      vertex 295 -272.5 55
      vertex 301.272 -272.5 109.671
    endloop
  endfacet
  facet normal 0 -1 0
    outer loop
      vertex 293.087 -272.5 54.6194
      vertex 276.459 -272.5 107.063
      vertex 265 -272.5 101.962
    endloop
  endfacet
  facet normal 0 -1 0
    outer loop
      vertex 296.913 -272.5 54.6194
      vertex 301.272 -272.5 109.671
      vertex 295 -272.5 55
    endloop
  endfacet
  facet normal 0 -1 0
    outer loop
      vertex 291.464 -272.5 53.5355
      vertex 265 -272.5 101.962
      vertex 254.852 -272.5 94.5887
    endloop
  endfacet
  facet normal 0 -1 -0
    outer loop
      vertex 301.272 -272.5 109.671
      vertex 296.913 -272.5 54.6194
      vertex 313.541 -272.5 107.063
    endloop
  endfacet
  facet normal 0 -1 0
    outer loop
      vertex 291.464 -272.5 53.5355
      vertex 254.852 -272.5 94.5887
      vertex 246.459 -272.5 85.2671
    endloop
  endfacet
  facet normal 0 -1 -0
    outer loop
      vertex 313.541 -272.5 107.063
      vertex 296.913 -272.5 54.6194
      vertex 325 -272.5 101.962
    endloop
  endfacet
  facet normal 0 -1 0
    outer loop
      vertex 290.381 -272.5 51.9134
      vertex 246.459 -272.5 85.2671
      vertex 240.187 -272.5 74.4042
    endloop
  endfacet
  facet normal 0 -1 0
    outer loop
      vertex 298.536 -272.5 53.5355
      vertex 325 -272.5 101.962
      vertex 296.913 -272.5 54.6194
    endloop
  endfacet
  facet normal 0 -1 0
    outer loop
      vertex 290.381 -272.5 51.9134
      vertex 240.187 -272.5 74.4042
      vertex 236.311 -272.5 62.4747
    endloop
  endfacet
  facet normal 0 -1 -0
    outer loop
      vertex 325 -272.5 101.962
      vertex 298.536 -272.5 53.5355
      vertex 335.148 -272.5 94.5887
    endloop
  endfacet
  facet normal 0 -1 -0
    outer loop
      vertex 335.148 -272.5 94.5887
      vertex 298.536 -272.5 53.5355
      vertex 343.541 -272.5 85.2671
    endloop
  endfacet
  facet normal 0 -1 0
    outer loop
      vertex 288.728 -272.5 109.671
      vertex 293.087 -272.5 54.6194
      vertex 295 -272.5 55
    endloop
  endfacet
  facet normal 0 -1 0
    outer loop
      vertex 265 -272.5 101.962
      vertex 291.464 -272.5 53.5355
      vertex 293.087 -272.5 54.6194
    endloop
  endfacet
  facet normal 0 -1 0
    outer loop
      vertex 246.459 -272.5 85.2671
      vertex 290.381 -272.5 51.9134
      vertex 291.464 -272.5 53.5355
    endloop
  endfacet
  facet normal 0 -1 0
    outer loop
      vertex 290 -272.5 50
      vertex 236.311 -272.5 62.4747
      vertex 235 -272.5 50
    endloop
  endfacet
  facet normal 0 -1 0
    outer loop
      vertex 236.311 -272.5 62.4747
      vertex 290 -272.5 50
      vertex 290.381 -272.5 51.9134
    endloop
  endfacet
  facet normal 0 -1 0
    outer loop
      vertex 236.311 -272.5 37.5253
      vertex 290 -272.5 50
      vertex 235 -272.5 50
    endloop
  endfacet
  facet normal 0 -1 -0
    outer loop
      vertex 290 -272.5 50
      vertex 236.311 -272.5 37.5253
      vertex 290.381 -272.5 48.0866
    endloop
  endfacet
  facet normal 0 -1 0
    outer loop
      vertex 240.187 -272.5 25.5958
      vertex 290.381 -272.5 48.0866
      vertex 236.311 -272.5 37.5253
    endloop
  endfacet
  facet normal 0 -1 0
    outer loop
      vertex 246.459 -272.5 14.7329
      vertex 290.381 -272.5 48.0866
      vertex 240.187 -272.5 25.5958
    endloop
  endfacet
  facet normal 0 -1 -0
    outer loop
      vertex 290.381 -272.5 48.0866
      vertex 246.459 -272.5 14.7329
      vertex 291.464 -272.5 46.4645
    endloop
  endfacet
  facet normal 0 -1 0
    outer loop
      vertex 299.619 -272.5 51.9134
      vertex 343.541 -272.5 85.2671
      vertex 298.536 -272.5 53.5355
    endloop
  endfacet
  facet normal 0 -1 -0
    outer loop
      vertex 343.541 -272.5 85.2671
      vertex 299.619 -272.5 51.9134
      vertex 349.813 -272.5 74.4042
    endloop
  endfacet
  facet normal 0 -1 -0
    outer loop
      vertex 349.813 -272.5 74.4042
      vertex 299.619 -272.5 51.9134
      vertex 353.689 -272.5 62.4747
    endloop
  endfacet
  facet normal 0 -1 0
    outer loop
      vertex 300 -272.5 50
      vertex 353.689 -272.5 62.4747
      vertex 299.619 -272.5 51.9134
    endloop
  endfacet
  facet normal 0 -1 0
    outer loop
      vertex 300 -272.5 50
      vertex 355 -272.5 50
      vertex 353.689 -272.5 62.4747
    endloop
  endfacet
  facet normal 0 -1 0
    outer loop
      vertex 353.689 -272.5 37.5253
      vertex 300 -272.5 50
      vertex 299.619 -272.5 48.0866
    endloop
  endfacet
  facet normal 0 -1 0
    outer loop
      vertex 343.541 -272.5 14.7329
      vertex 299.619 -272.5 48.0866
      vertex 298.536 -272.5 46.4645
    endloop
  endfacet
  facet normal 0 -1 0
    outer loop
      vertex 325 -272.5 -1.96152
      vertex 298.536 -272.5 46.4645
      vertex 296.913 -272.5 45.3806
    endloop
  endfacet
  facet normal 0 -1 0
    outer loop
      vertex 301.272 -272.5 -9.67131
      vertex 296.913 -272.5 45.3806
      vertex 295 -272.5 45
    endloop
  endfacet
  facet normal 0 -1 0
    outer loop
      vertex 254.852 -272.5 5.41131
      vertex 291.464 -272.5 46.4645
      vertex 246.459 -272.5 14.7329
    endloop
  endfacet
  facet normal 0 -1 0
    outer loop
      vertex 300 -272.5 50
      vertex 353.689 -272.5 37.5253
      vertex 355 -272.5 50
    endloop
  endfacet
  facet normal 0 -1 0
    outer loop
      vertex 265 -272.5 -1.96152
      vertex 291.464 -272.5 46.4645
      vertex 254.852 -272.5 5.41131
    endloop
  endfacet
  facet normal 0 -1 0
    outer loop
      vertex 299.619 -272.5 48.0866
      vertex 349.813 -272.5 25.5958
      vertex 353.689 -272.5 37.5253
    endloop
  endfacet
  facet normal 0 -1 -0
    outer loop
      vertex 291.464 -272.5 46.4645
      vertex 265 -272.5 -1.96152
      vertex 293.087 -272.5 45.3806
    endloop
  endfacet
  facet normal 0 -1 0
    outer loop
      vertex 299.619 -272.5 48.0866
      vertex 343.541 -272.5 14.7329
      vertex 349.813 -272.5 25.5958
    endloop
  endfacet
  facet normal 0 -1 0
    outer loop
      vertex 276.459 -272.5 -7.06339
      vertex 293.087 -272.5 45.3806
      vertex 265 -272.5 -1.96152
    endloop
  endfacet
  facet normal 0 -1 0
    outer loop
      vertex 298.536 -272.5 46.4645
      vertex 335.148 -272.5 5.41131
      vertex 343.541 -272.5 14.7329
    endloop
  endfacet
  facet normal 0 -1 0
    outer loop
      vertex 288.728 -272.5 -9.67131
      vertex 293.087 -272.5 45.3806
      vertex 276.459 -272.5 -7.06339
    endloop
  endfacet
  facet normal 0 -1 0
    outer loop
      vertex 298.536 -272.5 46.4645
      vertex 325 -272.5 -1.96152
      vertex 335.148 -272.5 5.41131
    endloop
  endfacet
  facet normal 0 -1 -0
    outer loop
      vertex 293.087 -272.5 45.3806
      vertex 288.728 -272.5 -9.67131
      vertex 295 -272.5 45
    endloop
  endfacet
  facet normal 0 -1 0
    outer loop
      vertex 296.913 -272.5 45.3806
      vertex 313.541 -272.5 -7.06339
      vertex 325 -272.5 -1.96152
    endloop
  endfacet
  facet normal 0 -1 0
    outer loop
      vertex 301.272 -272.5 -9.67131
      vertex 295 -272.5 45
      vertex 288.728 -272.5 -9.67131
    endloop
  endfacet
  facet normal 0 -1 0
    outer loop
      vertex 296.913 -272.5 45.3806
      vertex 301.272 -272.5 -9.67131
      vertex 313.541 -272.5 -7.06339
    endloop
  endfacet
  facet normal -0.207917 0 -0.978147
    outer loop
      vertex 276.459 -272.5 -7.06339
      vertex 288.728 -227.5 -9.67131
      vertex 288.728 -272.5 -9.67131
    endloop
  endfacet
  facet normal -0.207917 0 -0.978147
    outer loop
      vertex 288.728 -227.5 -9.67131
      vertex 276.459 -272.5 -7.06339
      vertex 276.459 -227.5 -7.06339
    endloop
  endfacet
  facet normal 0.207923 0 0.978145
    outer loop
      vertex 301.272 -227.5 109.671
      vertex 313.541 -272.5 107.063
      vertex 313.541 -227.5 107.063
    endloop
  endfacet
  facet normal 0.207923 0 0.978145
    outer loop
      vertex 313.541 -272.5 107.063
      vertex 301.272 -227.5 109.671
      vertex 301.272 -272.5 109.671
    endloop
  endfacet
  facet normal -0.994523 0 -0.104517
    outer loop
      vertex 236.311 -272.5 37.5253
      vertex 235 -227.5 50
      vertex 236.311 -227.5 37.5253
    endloop
  endfacet
  facet normal -0.994523 -0 -0.104517
    outer loop
      vertex 235 -227.5 50
      vertex 236.311 -272.5 37.5253
      vertex 235 -272.5 50
    endloop
  endfacet
  facet normal -0.866015 0 -0.500018
    outer loop
      vertex 246.459 -272.5 14.7329
      vertex 240.187 -227.5 25.5958
      vertex 246.459 -227.5 14.7329
    endloop
  endfacet
  facet normal -0.866015 -0 -0.500018
    outer loop
      vertex 240.187 -227.5 25.5958
      vertex 246.459 -272.5 14.7329
      vertex 240.187 -272.5 25.5958
    endloop
  endfacet
  facet normal -0.866015 0 0.500018
    outer loop
      vertex 240.187 -272.5 74.4042
      vertex 246.459 -227.5 85.2671
      vertex 240.187 -227.5 74.4042
    endloop
  endfacet
  facet normal -0.866015 0 0.500018
    outer loop
      vertex 246.459 -227.5 85.2671
      vertex 240.187 -272.5 74.4042
      vertex 246.459 -272.5 85.2671
    endloop
  endfacet
  facet normal 0.866015 0 -0.500018
    outer loop
      vertex 349.813 -272.5 25.5958
      vertex 343.541 -227.5 14.7329
      vertex 349.813 -227.5 25.5958
    endloop
  endfacet
  facet normal 0.866015 0 -0.500018
    outer loop
      vertex 343.541 -227.5 14.7329
      vertex 349.813 -272.5 25.5958
      vertex 343.541 -272.5 14.7329
    endloop
  endfacet
  facet normal 0.587803 0 0.809004
    outer loop
      vertex 325 -227.5 101.962
      vertex 335.148 -272.5 94.5887
      vertex 335.148 -227.5 94.5887
    endloop
  endfacet
  facet normal 0.587803 0 0.809004
    outer loop
      vertex 335.148 -272.5 94.5887
      vertex 325 -227.5 101.962
      vertex 325 -272.5 101.962
    endloop
  endfacet
  facet normal -0.587803 0 0.809004
    outer loop
      vertex 254.852 -227.5 94.5887
      vertex 265 -272.5 101.962
      vertex 265 -227.5 101.962
    endloop
  endfacet
  facet normal -0.587803 0 0.809004
    outer loop
      vertex 265 -272.5 101.962
      vertex 254.852 -227.5 94.5887
      vertex 254.852 -272.5 94.5887
    endloop
  endfacet
  facet normal -0.207923 0 0.978145
    outer loop
      vertex 276.459 -227.5 107.063
      vertex 288.728 -272.5 109.671
      vertex 288.728 -227.5 109.671
    endloop
  endfacet
  facet normal -0.207923 0 0.978145
    outer loop
      vertex 288.728 -272.5 109.671
      vertex 276.459 -227.5 107.063
      vertex 276.459 -272.5 107.063
    endloop
  endfacet
  facet normal 0 0 -1
    outer loop
      vertex 288.728 -272.5 -9.67131
      vertex 301.272 -227.5 -9.67131
      vertex 301.272 -272.5 -9.67131
    endloop
  endfacet
  facet normal -0 0 -1
    outer loop
      vertex 301.272 -227.5 -9.67131
      vertex 288.728 -272.5 -9.67131
      vertex 288.728 -227.5 -9.67131
    endloop
  endfacet
  facet normal -0.994523 0 0.104517
    outer loop
      vertex 235 -272.5 50
      vertex 236.311 -227.5 62.4747
      vertex 235 -227.5 50
    endloop
  endfacet
  facet normal -0.994523 0 0.104517
    outer loop
      vertex 236.311 -227.5 62.4747
      vertex 235 -272.5 50
      vertex 236.311 -272.5 62.4747
    endloop
  endfacet
  facet normal -1 0 0
    outer loop
      vertex 285 -222.875 40
      vertex 285 -221.875 100
      vertex 285 -221.875 40
    endloop
  endfacet
  facet normal -1 -0 0
    outer loop
      vertex 285 -221.875 100
      vertex 285 -222.875 40
      vertex 285 -222.875 100
    endloop
  endfacet
  facet normal 0 -1 0
    outer loop
      vertex 295 -222.875 115
      vertex 315 -222.875 114.5
      vertex 315 -222.875 115
    endloop
  endfacet
  facet normal 0 -1 0
    outer loop
      vertex 285 -222.875 100
      vertex 315 -222.875 114.5
      vertex 295 -222.875 115
    endloop
  endfacet
  facet normal 0 -1 0
    outer loop
      vertex 335 -222.875 95
      vertex 315 -222.875 114.5
      vertex 285 -222.875 100
    endloop
  endfacet
  facet normal 0 -1 0
    outer loop
      vertex 315 -222.875 114.5
      vertex 335 -222.875 95
      vertex 335 -222.875 114.5
    endloop
  endfacet
  facet normal 0 -1 0
    outer loop
      vertex 296.913 -222.875 54.6194
      vertex 285 -222.875 100
      vertex 295 -222.875 55
    endloop
  endfacet
  facet normal 0 -1 0
    outer loop
      vertex 285 -222.875 100
      vertex 293.087 -222.875 54.6194
      vertex 295 -222.875 55
    endloop
  endfacet
  facet normal 0 -1 0
    outer loop
      vertex 285 -222.875 100
      vertex 291.464 -222.875 53.5355
      vertex 293.087 -222.875 54.6194
    endloop
  endfacet
  facet normal 0 -1 0
    outer loop
      vertex 285 -222.875 100
      vertex 290.381 -222.875 51.9134
      vertex 291.464 -222.875 53.5355
    endloop
  endfacet
  facet normal 0 -1 0
    outer loop
      vertex 285 -222.875 40
      vertex 290.381 -222.875 51.9134
      vertex 285 -222.875 100
    endloop
  endfacet
  facet normal 0 -1 -0
    outer loop
      vertex 293.087 -222.875 45.3806
      vertex 285 -222.875 40
      vertex 295 -222.875 45
    endloop
  endfacet
  facet normal 0 -1 -0
    outer loop
      vertex 291.464 -222.875 46.4645
      vertex 285 -222.875 40
      vertex 293.087 -222.875 45.3806
    endloop
  endfacet
  facet normal 0 -1 -0
    outer loop
      vertex 290.381 -222.875 48.0866
      vertex 285 -222.875 40
      vertex 291.464 -222.875 46.4645
    endloop
  endfacet
  facet normal 0 -1 -0
    outer loop
      vertex 290 -222.875 50
      vertex 285 -222.875 40
      vertex 290.381 -222.875 48.0866
    endloop
  endfacet
  facet normal 0 -1 0
    outer loop
      vertex 290.381 -222.875 51.9134
      vertex 285 -222.875 40
      vertex 290 -222.875 50
    endloop
  endfacet
  facet normal 0 -1 0
    outer loop
      vertex 285 -222.875 100
      vertex 296.913 -222.875 54.6194
      vertex 335 -222.875 95
    endloop
  endfacet
  facet normal 0 -1 0
    outer loop
      vertex 298.536 -222.875 53.5355
      vertex 335 -222.875 95
      vertex 296.913 -222.875 54.6194
    endloop
  endfacet
  facet normal 0 -1 0
    outer loop
      vertex 299.619 -222.875 51.9134
      vertex 335 -222.875 95
      vertex 298.536 -222.875 53.5355
    endloop
  endfacet
  facet normal 0 -1 0
    outer loop
      vertex 305 -222.875 40
      vertex 299.619 -222.875 51.9134
      vertex 300 -222.875 50
    endloop
  endfacet
  facet normal 0 -1 0
    outer loop
      vertex 305 -222.875 40
      vertex 300 -222.875 50
      vertex 299.619 -222.875 48.0866
    endloop
  endfacet
  facet normal 0 -1 0
    outer loop
      vertex 305 -222.875 40
      vertex 299.619 -222.875 48.0866
      vertex 298.536 -222.875 46.4645
    endloop
  endfacet
  facet normal 0 -1 0
    outer loop
      vertex 305 -222.875 40
      vertex 295 -222.875 45
      vertex 285 -222.875 40
    endloop
  endfacet
  facet normal 0 -1 0
    outer loop
      vertex 299.619 -222.875 51.9134
      vertex 305 -222.875 40
      vertex 335 -222.875 95
    endloop
  endfacet
  facet normal 0 -1 0
    outer loop
      vertex 296.913 -222.875 45.3806
      vertex 305 -222.875 40
      vertex 298.536 -222.875 46.4645
    endloop
  endfacet
  facet normal 0 -1 0
    outer loop
      vertex 295 -222.875 45
      vertex 305 -222.875 40
      vertex 296.913 -222.875 45.3806
    endloop
  endfacet
  facet normal 1 0 0
    outer loop
      vertex 335 -255 115.5
      vertex 335 -277.125 114.5
      vertex 335 -255 115
    endloop
  endfacet
  facet normal 1 -0 0
    outer loop
      vertex 335 -278.125 115.5
      vertex 335 -277.125 114.5
      vertex 335 -255 115.5
    endloop
  endfacet
  facet normal 1 0 0
    outer loop
      vertex 335 -278.125 95
      vertex 335 -277.125 114.5
      vertex 335 -278.125 115.5
    endloop
  endfacet
  facet normal 1 0 0
    outer loop
      vertex 335 -277.125 114.5
      vertex 335 -278.125 95
      vertex 335 -277.125 95
    endloop
  endfacet
  facet normal 1 0 0
    outer loop
      vertex 335 -221.875 115.5
      vertex 335 -222.875 114.5
      vertex 335 -221.875 95
    endloop
  endfacet
  facet normal 1 -0 0
    outer loop
      vertex 335 -245 115.5
      vertex 335 -222.875 114.5
      vertex 335 -221.875 115.5
    endloop
  endfacet
  facet normal 1 -0 0
    outer loop
      vertex 335 -245 115
      vertex 335 -222.875 114.5
      vertex 335 -245 115.5
    endloop
  endfacet
  facet normal 1 -0 0
    outer loop
      vertex 335 -255 115
      vertex 335 -222.875 114.5
      vertex 335 -245 115
    endloop
  endfacet
  facet normal 1 0 0
    outer loop
      vertex 335 -222.875 114.5
      vertex 335 -255 115
      vertex 335 -277.125 114.5
    endloop
  endfacet
  facet normal 1 0 0
    outer loop
      vertex 335 -221.875 95
      vertex 335 -222.875 114.5
      vertex 335 -222.875 95
    endloop
  endfacet
  facet normal -0.83205 0 0.5547
    outer loop
      vertex 285 -222.875 100
      vertex 295 -221.875 115
      vertex 285 -221.875 100
    endloop
  endfacet
  facet normal -0.83205 0 0.5547
    outer loop
      vertex 295 -221.875 115
      vertex 285 -222.875 100
      vertex 295 -222.875 115
    endloop
  endfacet
  facet normal -0 0 1
    outer loop
      vertex 295 -221.875 115
      vertex 315 -222.875 115
      vertex 315 -221.875 115
    endloop
  endfacet
  facet normal 0 0 1
    outer loop
      vertex 315 -222.875 115
      vertex 295 -221.875 115
      vertex 295 -222.875 115
    endloop
  endfacet
  facet normal 0 0 -1
    outer loop
      vertex 285 -222.875 40
      vertex 305 -221.875 40
      vertex 305 -222.875 40
    endloop
  endfacet
  facet normal -0 0 -1
    outer loop
      vertex 305 -221.875 40
      vertex 285 -222.875 40
      vertex 285 -221.875 40
    endloop
  endfacet
  facet normal 0.877896 0 -0.478852
    outer loop
      vertex 335 -222.875 95
      vertex 305 -221.875 40
      vertex 335 -221.875 95
    endloop
  endfacet
  facet normal 0.877896 0 -0.478852
    outer loop
      vertex 305 -221.875 40
      vertex 335 -222.875 95
      vertex 305 -222.875 40
    endloop
  endfacet
  facet normal 0 1 0
    outer loop
      vertex 285 -221.875 100
      vertex 296.913 -221.875 54.6194
      vertex 295 -221.875 55
    endloop
  endfacet
  facet normal 0 1 0
    outer loop
      vertex 335 -221.875 95
      vertex 298.536 -221.875 53.5355
      vertex 296.913 -221.875 54.6194
    endloop
  endfacet
  facet normal 0 1 0
    outer loop
      vertex 335 -221.875 95
      vertex 299.619 -221.875 51.9134
      vertex 298.536 -221.875 53.5355
    endloop
  endfacet
  facet normal 0 1 -0
    outer loop
      vertex 305 -221.875 40
      vertex 299.619 -221.875 51.9134
      vertex 335 -221.875 95
    endloop
  endfacet
  facet normal 0 1 0
    outer loop
      vertex 299.619 -221.875 51.9134
      vertex 305 -221.875 40
      vertex 300 -221.875 50
    endloop
  endfacet
  facet normal 0 1 0
    outer loop
      vertex 300 -221.875 50
      vertex 305 -221.875 40
      vertex 299.619 -221.875 48.0866
    endloop
  endfacet
  facet normal 0 1 0
    outer loop
      vertex 296.913 -221.875 45.3806
      vertex 305 -221.875 40
      vertex 295 -221.875 45
    endloop
  endfacet
  facet normal 0 1 0
    outer loop
      vertex 298.536 -221.875 46.4645
      vertex 305 -221.875 40
      vertex 296.913 -221.875 45.3806
    endloop
  endfacet
  facet normal 0 1 0
    outer loop
      vertex 299.619 -221.875 48.0866
      vertex 305 -221.875 40
      vertex 298.536 -221.875 46.4645
    endloop
  endfacet
  facet normal 0 1 0
    outer loop
      vertex 335 -221.875 115.5
      vertex 315 -221.875 115
      vertex 315 -221.875 115.5
    endloop
  endfacet
  facet normal 0 1 0
    outer loop
      vertex 315 -221.875 115
      vertex 285 -221.875 100
      vertex 295 -221.875 115
    endloop
  endfacet
  facet normal 0 1 -0
    outer loop
      vertex 335 -221.875 95
      vertex 315 -221.875 115
      vertex 335 -221.875 115.5
    endloop
  endfacet
  facet normal 0 1 0
    outer loop
      vertex 315 -221.875 115
      vertex 335 -221.875 95
      vertex 285 -221.875 100
    endloop
  endfacet
  facet normal 0 1 -0
    outer loop
      vertex 296.913 -221.875 54.6194
      vertex 285 -221.875 100
      vertex 335 -221.875 95
    endloop
  endfacet
  facet normal 0 1 -0
    outer loop
      vertex 293.087 -221.875 54.6194
      vertex 285 -221.875 100
      vertex 295 -221.875 55
    endloop
  endfacet
  facet normal 0 1 -0
    outer loop
      vertex 291.464 -221.875 53.5355
      vertex 285 -221.875 100
      vertex 293.087 -221.875 54.6194
    endloop
  endfacet
  facet normal 0 1 -0
    outer loop
      vertex 290.381 -221.875 51.9134
      vertex 285 -221.875 100
      vertex 291.464 -221.875 53.5355
    endloop
  endfacet
  facet normal 0 1 0
    outer loop
      vertex 285 -221.875 40
      vertex 290.381 -221.875 51.9134
      vertex 290 -221.875 50
    endloop
  endfacet
  facet normal 0 1 0
    outer loop
      vertex 285 -221.875 40
      vertex 295 -221.875 45
      vertex 305 -221.875 40
    endloop
  endfacet
  facet normal 0 1 0
    outer loop
      vertex 290.381 -221.875 51.9134
      vertex 285 -221.875 40
      vertex 285 -221.875 100
    endloop
  endfacet
  facet normal 0 1 0
    outer loop
      vertex 290.381 -221.875 48.0866
      vertex 285 -221.875 40
      vertex 290 -221.875 50
    endloop
  endfacet
  facet normal 0 1 0
    outer loop
      vertex 291.464 -221.875 46.4645
      vertex 285 -221.875 40
      vertex 290.381 -221.875 48.0866
    endloop
  endfacet
  facet normal 0 1 0
    outer loop
      vertex 293.087 -221.875 45.3806
      vertex 285 -221.875 40
      vertex 291.464 -221.875 46.4645
    endloop
  endfacet
  facet normal 0 1 0
    outer loop
      vertex 295 -221.875 45
      vertex 285 -221.875 40
      vertex 293.087 -221.875 45.3806
    endloop
  endfacet
  facet normal 0 -1 -0
    outer loop
      vertex 295 -278.125 115
      vertex 285 -278.125 100
      vertex 315 -278.125 115
    endloop
  endfacet
  facet normal 0 -1 0
    outer loop
      vertex 315 -278.125 115
      vertex 335 -278.125 115.5
      vertex 315 -278.125 115.5
    endloop
  endfacet
  facet normal 0 -1 0
    outer loop
      vertex 335 -278.125 95
      vertex 315 -278.125 115
      vertex 285 -278.125 100
    endloop
  endfacet
  facet normal 0 -1 0
    outer loop
      vertex 315 -278.125 115
      vertex 335 -278.125 95
      vertex 335 -278.125 115.5
    endloop
  endfacet
  facet normal 0 -1 0
    outer loop
      vertex 296.913 -278.125 54.6194
      vertex 285 -278.125 100
      vertex 295 -278.125 55
    endloop
  endfacet
  facet normal 0 -1 0
    outer loop
      vertex 285 -278.125 100
      vertex 293.087 -278.125 54.6194
      vertex 295 -278.125 55
    endloop
  endfacet
  facet normal 0 -1 0
    outer loop
      vertex 285 -278.125 100
      vertex 291.464 -278.125 53.5355
      vertex 293.087 -278.125 54.6194
    endloop
  endfacet
  facet normal 0 -1 0
    outer loop
      vertex 285 -278.125 100
      vertex 290.381 -278.125 51.9134
      vertex 291.464 -278.125 53.5355
    endloop
  endfacet
  facet normal 0 -1 0
    outer loop
      vertex 285 -278.125 40
      vertex 290.381 -278.125 51.9134
      vertex 285 -278.125 100
    endloop
  endfacet
  facet normal 0 -1 -0
    outer loop
      vertex 293.087 -278.125 45.3806
      vertex 285 -278.125 40
      vertex 295 -278.125 45
    endloop
  endfacet
  facet normal 0 -1 -0
    outer loop
      vertex 291.464 -278.125 46.4645
      vertex 285 -278.125 40
      vertex 293.087 -278.125 45.3806
    endloop
  endfacet
  facet normal 0 -1 -0
    outer loop
      vertex 290.381 -278.125 48.0866
      vertex 285 -278.125 40
      vertex 291.464 -278.125 46.4645
    endloop
  endfacet
  facet normal 0 -1 -0
    outer loop
      vertex 290 -278.125 50
      vertex 285 -278.125 40
      vertex 290.381 -278.125 48.0866
    endloop
  endfacet
  facet normal 0 -1 0
    outer loop
      vertex 290.381 -278.125 51.9134
      vertex 285 -278.125 40
      vertex 290 -278.125 50
    endloop
  endfacet
  facet normal 0 -1 0
    outer loop
      vertex 285 -278.125 100
      vertex 296.913 -278.125 54.6194
      vertex 335 -278.125 95
    endloop
  endfacet
  facet normal 0 -1 0
    outer loop
      vertex 298.536 -278.125 53.5355
      vertex 335 -278.125 95
      vertex 296.913 -278.125 54.6194
    endloop
  endfacet
  facet normal 0 -1 0
    outer loop
      vertex 299.619 -278.125 51.9134
      vertex 335 -278.125 95
      vertex 298.536 -278.125 53.5355
    endloop
  endfacet
  facet normal 0 -1 0
    outer loop
      vertex 305 -278.125 40
      vertex 299.619 -278.125 51.9134
      vertex 300 -278.125 50
    endloop
  endfacet
  facet normal 0 -1 0
    outer loop
      vertex 305 -278.125 40
      vertex 300 -278.125 50
      vertex 299.619 -278.125 48.0866
    endloop
  endfacet
  facet normal 0 -1 0
    outer loop
      vertex 305 -278.125 40
      vertex 299.619 -278.125 48.0866
      vertex 298.536 -278.125 46.4645
    endloop
  endfacet
  facet normal 0 -1 0
    outer loop
      vertex 305 -278.125 40
      vertex 295 -278.125 45
      vertex 285 -278.125 40
    endloop
  endfacet
  facet normal 0 -1 0
    outer loop
      vertex 299.619 -278.125 51.9134
      vertex 305 -278.125 40
      vertex 335 -278.125 95
    endloop
  endfacet
  facet normal 0 -1 0
    outer loop
      vertex 296.913 -278.125 45.3806
      vertex 305 -278.125 40
      vertex 298.536 -278.125 46.4645
    endloop
  endfacet
  facet normal 0 -1 0
    outer loop
      vertex 295 -278.125 45
      vertex 305 -278.125 40
      vertex 296.913 -278.125 45.3806
    endloop
  endfacet
  facet normal -0.83205 0 0.5547
    outer loop
      vertex 285 -278.125 100
      vertex 295 -277.125 115
      vertex 285 -277.125 100
    endloop
  endfacet
  facet normal -0.83205 0 0.5547
    outer loop
      vertex 295 -277.125 115
      vertex 285 -278.125 100
      vertex 295 -278.125 115
    endloop
  endfacet
  facet normal 0 0 -1
    outer loop
      vertex 285 -278.125 40
      vertex 305 -277.125 40
      vertex 305 -278.125 40
    endloop
  endfacet
  facet normal -0 0 -1
    outer loop
      vertex 305 -277.125 40
      vertex 285 -278.125 40
      vertex 285 -277.125 40
    endloop
  endfacet
  facet normal -0 0 1
    outer loop
      vertex 295 -277.125 115
      vertex 315 -278.125 115
      vertex 315 -277.125 115
    endloop
  endfacet
  facet normal 0 0 1
    outer loop
      vertex 315 -278.125 115
      vertex 295 -277.125 115
      vertex 295 -278.125 115
    endloop
  endfacet
  facet normal -1 0 0
    outer loop
      vertex 285 -278.125 40
      vertex 285 -277.125 100
      vertex 285 -277.125 40
    endloop
  endfacet
  facet normal -1 -0 0
    outer loop
      vertex 285 -277.125 100
      vertex 285 -278.125 40
      vertex 285 -278.125 100
    endloop
  endfacet
  facet normal 0.877896 0 -0.478852
    outer loop
      vertex 335 -278.125 95
      vertex 305 -277.125 40
      vertex 335 -277.125 95
    endloop
  endfacet
  facet normal 0.877896 0 -0.478852
    outer loop
      vertex 305 -277.125 40
      vertex 335 -278.125 95
      vertex 305 -278.125 40
    endloop
  endfacet
  facet normal 0 1 0
    outer loop
      vertex 285 -277.125 100
      vertex 296.913 -277.125 54.6194
      vertex 295 -277.125 55
    endloop
  endfacet
  facet normal 0 1 0
    outer loop
      vertex 335 -277.125 95
      vertex 298.536 -277.125 53.5355
      vertex 296.913 -277.125 54.6194
    endloop
  endfacet
  facet normal 0 1 0
    outer loop
      vertex 335 -277.125 95
      vertex 299.619 -277.125 51.9134
      vertex 298.536 -277.125 53.5355
    endloop
  endfacet
  facet normal 0 1 -0
    outer loop
      vertex 305 -277.125 40
      vertex 299.619 -277.125 51.9134
      vertex 335 -277.125 95
    endloop
  endfacet
  facet normal 0 1 0
    outer loop
      vertex 299.619 -277.125 51.9134
      vertex 305 -277.125 40
      vertex 300 -277.125 50
    endloop
  endfacet
  facet normal 0 1 0
    outer loop
      vertex 300 -277.125 50
      vertex 305 -277.125 40
      vertex 299.619 -277.125 48.0866
    endloop
  endfacet
  facet normal 0 1 0
    outer loop
      vertex 296.913 -277.125 45.3806
      vertex 305 -277.125 40
      vertex 295 -277.125 45
    endloop
  endfacet
  facet normal 0 1 0
    outer loop
      vertex 298.536 -277.125 46.4645
      vertex 305 -277.125 40
      vertex 296.913 -277.125 45.3806
    endloop
  endfacet
  facet normal 0 1 0
    outer loop
      vertex 299.619 -277.125 48.0866
      vertex 305 -277.125 40
      vertex 298.536 -277.125 46.4645
    endloop
  endfacet
  facet normal 0 1 -0
    outer loop
      vertex 335 -277.125 95
      vertex 315 -277.125 114.5
      vertex 335 -277.125 114.5
    endloop
  endfacet
  facet normal 0 1 0
    outer loop
      vertex 315 -277.125 114.5
      vertex 335 -277.125 95
      vertex 285 -277.125 100
    endloop
  endfacet
  facet normal 0 1 -0
    outer loop
      vertex 296.913 -277.125 54.6194
      vertex 285 -277.125 100
      vertex 335 -277.125 95
    endloop
  endfacet
  facet normal 0 1 -0
    outer loop
      vertex 293.087 -277.125 54.6194
      vertex 285 -277.125 100
      vertex 295 -277.125 55
    endloop
  endfacet
  facet normal 0 1 -0
    outer loop
      vertex 291.464 -277.125 53.5355
      vertex 285 -277.125 100
      vertex 293.087 -277.125 54.6194
    endloop
  endfacet
  facet normal 0 1 -0
    outer loop
      vertex 290.381 -277.125 51.9134
      vertex 285 -277.125 100
      vertex 291.464 -277.125 53.5355
    endloop
  endfacet
  facet normal 0 1 0
    outer loop
      vertex 285 -277.125 40
      vertex 290.381 -277.125 51.9134
      vertex 290 -277.125 50
    endloop
  endfacet
  facet normal 0 1 0
    outer loop
      vertex 285 -277.125 40
      vertex 295 -277.125 45
      vertex 305 -277.125 40
    endloop
  endfacet
  facet normal 0 1 0
    outer loop
      vertex 290.381 -277.125 51.9134
      vertex 285 -277.125 40
      vertex 285 -277.125 100
    endloop
  endfacet
  facet normal 0 1 0
    outer loop
      vertex 290.381 -277.125 48.0866
      vertex 285 -277.125 40
      vertex 290 -277.125 50
    endloop
  endfacet
  facet normal 0 1 0
    outer loop
      vertex 291.464 -277.125 46.4645
      vertex 285 -277.125 40
      vertex 290.381 -277.125 48.0866
    endloop
  endfacet
  facet normal 0 1 0
    outer loop
      vertex 293.087 -277.125 45.3806
      vertex 285 -277.125 40
      vertex 291.464 -277.125 46.4645
    endloop
  endfacet
  facet normal 0 1 0
    outer loop
      vertex 295 -277.125 45
      vertex 285 -277.125 40
      vertex 293.087 -277.125 45.3806
    endloop
  endfacet
  facet normal 0 1 -0
    outer loop
      vertex 315 -277.125 114.5
      vertex 295 -277.125 115
      vertex 315 -277.125 115
    endloop
  endfacet
  facet normal 0 1 0
    outer loop
      vertex 295 -277.125 115
      vertex 315 -277.125 114.5
      vertex 285 -277.125 100
    endloop
  endfacet
  facet normal 0 0 1
    outer loop
      vertex 335 -221.875 115.5
      vertex 333.087 -245.381 115.5
      vertex 335 -245 115.5
    endloop
  endfacet
  facet normal -0 0 1
    outer loop
      vertex 315 -221.875 115.5
      vertex 333.087 -245.381 115.5
      vertex 335 -221.875 115.5
    endloop
  endfacet
  facet normal 0 0 1
    outer loop
      vertex 333.087 -245.381 115.5
      vertex 315 -221.875 115.5
      vertex 331.464 -246.464 115.5
    endloop
  endfacet
  facet normal 0 0 1
    outer loop
      vertex 331.464 -246.464 115.5
      vertex 315 -221.875 115.5
      vertex 330.381 -248.087 115.5
    endloop
  endfacet
  facet normal 0 0 1
    outer loop
      vertex 330.381 -248.087 115.5
      vertex 315 -221.875 115.5
      vertex 330 -250 115.5
    endloop
  endfacet
  facet normal 0 0 1
    outer loop
      vertex 333.087 -254.619 115.5
      vertex 335 -278.125 115.5
      vertex 335 -255 115.5
    endloop
  endfacet
  facet normal 0 0 1
    outer loop
      vertex 315 -278.125 115.5
      vertex 333.087 -254.619 115.5
      vertex 331.464 -253.536 115.5
    endloop
  endfacet
  facet normal 0 0 1
    outer loop
      vertex 315 -278.125 115.5
      vertex 331.464 -253.536 115.5
      vertex 330.381 -251.913 115.5
    endloop
  endfacet
  facet normal 0 0 1
    outer loop
      vertex 315 -278.125 115.5
      vertex 330.381 -251.913 115.5
      vertex 330 -250 115.5
    endloop
  endfacet
  facet normal 0 0 1
    outer loop
      vertex 315 -278.125 115.5
      vertex 330 -250 115.5
      vertex 315 -221.875 115.5
    endloop
  endfacet
  facet normal 0 0 1
    outer loop
      vertex 333.087 -254.619 115.5
      vertex 315 -278.125 115.5
      vertex 335 -278.125 115.5
    endloop
  endfacet
  facet normal 0 0 -1
    outer loop
      vertex 315 -277.125 114.5
      vertex 335 -222.875 114.5
      vertex 335 -277.125 114.5
    endloop
  endfacet
  facet normal -0 0 -1
    outer loop
      vertex 335 -222.875 114.5
      vertex 315 -277.125 114.5
      vertex 315 -222.875 114.5
    endloop
  endfacet
  facet normal -1 0 0
    outer loop
      vertex 315 -222.875 114.5
      vertex 315 -277.125 114.5
      vertex 315 -222.875 115
    endloop
  endfacet
  facet normal -1 0 0
    outer loop
      vertex 315 -222.875 115
      vertex 315 -221.875 115.5
      vertex 315 -221.875 115
    endloop
  endfacet
  facet normal -1 0 0
    outer loop
      vertex 315 -277.125 115
      vertex 315 -222.875 115
      vertex 315 -277.125 114.5
    endloop
  endfacet
  facet normal -1 0 0
    outer loop
      vertex 315 -222.875 115
      vertex 315 -277.125 115
      vertex 315 -221.875 115.5
    endloop
  endfacet
  facet normal -1 0 0
    outer loop
      vertex 315 -278.125 115.5
      vertex 315 -277.125 115
      vertex 315 -278.125 115
    endloop
  endfacet
  facet normal -1 0 0
    outer loop
      vertex 315 -277.125 115
      vertex 315 -278.125 115.5
      vertex 315 -221.875 115.5
    endloop
  endfacet
  facet normal 1 -0 0
    outer loop
      vertex 385 -300 120
      vertex 385 -200 119.5
      vertex 385 -200 120
    endloop
  endfacet
  facet normal 1 0 0
    outer loop
      vertex 385 -200 119.5
      vertex 385 -300 120
      vertex 385 -300 119.5
    endloop
  endfacet
  facet normal -0 0 1
    outer loop
      vertex 295 -200 120.5
      vertex 375 -300 120.5
      vertex 375 -200 120.5
    endloop
  endfacet
  facet normal 0 0 1
    outer loop
      vertex 375 -300 120.5
      vertex 295 -200 120.5
      vertex 295 -300 120.5
    endloop
  endfacet
  facet normal 0 0 -1
    outer loop
      vertex 385 -300 119.5
      vertex 340 -250 119.5
      vertex 385 -200 119.5
    endloop
  endfacet
  facet normal 0 0 -1
    outer loop
      vertex 385 -300 119.5
      vertex 339.619 -251.913 119.5
      vertex 340 -250 119.5
    endloop
  endfacet
  facet normal 0 0 -1
    outer loop
      vertex 385 -300 119.5
      vertex 338.536 -253.536 119.5
      vertex 339.619 -251.913 119.5
    endloop
  endfacet
  facet normal 0 0 -1
    outer loop
      vertex 385 -300 119.5
      vertex 336.913 -254.619 119.5
      vertex 338.536 -253.536 119.5
    endloop
  endfacet
  facet normal 0 0 -1
    outer loop
      vertex 385 -300 119.5
      vertex 335 -255 119.5
      vertex 336.913 -254.619 119.5
    endloop
  endfacet
  facet normal 0 0 -1
    outer loop
      vertex 285 -300 119.5
      vertex 335 -255 119.5
      vertex 385 -300 119.5
    endloop
  endfacet
  facet normal -0 0 -1
    outer loop
      vertex 335 -255 119.5
      vertex 285 -300 119.5
      vertex 333.087 -254.619 119.5
    endloop
  endfacet
  facet normal -0 0 -1
    outer loop
      vertex 330.381 -251.913 119.5
      vertex 285 -300 119.5
      vertex 330 -250 119.5
    endloop
  endfacet
  facet normal -0 0 -1
    outer loop
      vertex 331.464 -253.536 119.5
      vertex 285 -300 119.5
      vertex 330.381 -251.913 119.5
    endloop
  endfacet
  facet normal -0 0 -1
    outer loop
      vertex 333.087 -254.619 119.5
      vertex 285 -300 119.5
      vertex 331.464 -253.536 119.5
    endloop
  endfacet
  facet normal 0 0 -1
    outer loop
      vertex 339.619 -248.087 119.5
      vertex 385 -200 119.5
      vertex 340 -250 119.5
    endloop
  endfacet
  facet normal 0 0 -1
    outer loop
      vertex 338.536 -246.464 119.5
      vertex 385 -200 119.5
      vertex 339.619 -248.087 119.5
    endloop
  endfacet
  facet normal 0 0 -1
    outer loop
      vertex 336.913 -245.381 119.5
      vertex 385 -200 119.5
      vertex 338.536 -246.464 119.5
    endloop
  endfacet
  facet normal 0 0 -1
    outer loop
      vertex 335 -245 119.5
      vertex 385 -200 119.5
      vertex 336.913 -245.381 119.5
    endloop
  endfacet
  facet normal 0 0 -1
    outer loop
      vertex 285 -200 119.5
      vertex 335 -245 119.5
      vertex 333.087 -245.381 119.5
    endloop
  endfacet
  facet normal 0 0 -1
    outer loop
      vertex 285 -200 119.5
      vertex 333.087 -245.381 119.5
      vertex 331.464 -246.464 119.5
    endloop
  endfacet
  facet normal 0 0 -1
    outer loop
      vertex 285 -200 119.5
      vertex 330 -250 119.5
      vertex 285 -300 119.5
    endloop
  endfacet
  facet normal 0 0 -1
    outer loop
      vertex 330 -250 119.5
      vertex 285 -200 119.5
      vertex 330.381 -248.087 119.5
    endloop
  endfacet
  facet normal 0 0 -1
    outer loop
      vertex 335 -245 119.5
      vertex 285 -200 119.5
      vertex 385 -200 119.5
    endloop
  endfacet
  facet normal 0 0 -1
    outer loop
      vertex 330.381 -248.087 119.5
      vertex 285 -200 119.5
      vertex 331.464 -246.464 119.5
    endloop
  endfacet
  facet normal -1 0 0
    outer loop
      vertex 285 -300 119.5
      vertex 285 -200 120
      vertex 285 -200 119.5
    endloop
  endfacet
  facet normal -1 -0 0
    outer loop
      vertex 285 -200 120
      vertex 285 -300 119.5
      vertex 285 -300 120
    endloop
  endfacet
  facet normal 0 1 -0
    outer loop
      vertex 385 -200 119.5
      vertex 375 -200 120
      vertex 385 -200 120
    endloop
  endfacet
  facet normal 0 1 0
    outer loop
      vertex 375 -200 120
      vertex 385 -200 119.5
      vertex 295 -200 120
    endloop
  endfacet
  facet normal 0 1 0
    outer loop
      vertex 285 -200 119.5
      vertex 295 -200 120
      vertex 385 -200 119.5
    endloop
  endfacet
  facet normal 0 1 0
    outer loop
      vertex 295 -200 120
      vertex 285 -200 119.5
      vertex 285 -200 120
    endloop
  endfacet
  facet normal 0 1 -0
    outer loop
      vertex 375 -200 120
      vertex 295 -200 120.5
      vertex 375 -200 120.5
    endloop
  endfacet
  facet normal 0 1 0
    outer loop
      vertex 295 -200 120.5
      vertex 375 -200 120
      vertex 295 -200 120
    endloop
  endfacet
  facet normal 0 -1 0
    outer loop
      vertex 285 -300 120
      vertex 295 -300 140
      vertex 275 -300 140
    endloop
  endfacet
  facet normal 0 -1 -0
    outer loop
      vertex 295 -300 140
      vertex 285 -300 120
      vertex 295 -300 120.5
    endloop
  endfacet
  facet normal 0 -1 0
    outer loop
      vertex 285 -300 120
      vertex 275 -300 140
      vertex 275 -300 120
    endloop
  endfacet
  facet normal 0 -1 0
    outer loop
      vertex 385 -300 120
      vertex 375 -300 140
      vertex 375 -300 120.5
    endloop
  endfacet
  facet normal 0 -1 0
    outer loop
      vertex 285 -300 119.5
      vertex 295 -300 120.5
      vertex 285 -300 120
    endloop
  endfacet
  facet normal 0 -1 -0
    outer loop
      vertex 295 -300 120.5
      vertex 285 -300 119.5
      vertex 375 -300 120.5
    endloop
  endfacet
  facet normal 0 -1 0
    outer loop
      vertex 375 -300 140
      vertex 385 -300 120
      vertex 395 -300 140
    endloop
  endfacet
  facet normal 0 -1 -0
    outer loop
      vertex 395 -300 140
      vertex 385 -300 120
      vertex 395 -300 120
    endloop
  endfacet
  facet normal 0 -1 0
    outer loop
      vertex 385 -300 119.5
      vertex 375 -300 120.5
      vertex 285 -300 119.5
    endloop
  endfacet
  facet normal 0 -1 0
    outer loop
      vertex 375 -300 120.5
      vertex 385 -300 119.5
      vertex 385 -300 120
    endloop
  endfacet
  facet normal -0.555055 0.831814 0
    outer loop
      vertex 333.087 -245.381 115.5
      vertex 331.464 -246.464 119.5
      vertex 333.087 -245.381 119.5
    endloop
  endfacet
  facet normal -0.555055 0.831814 0
    outer loop
      vertex 331.464 -246.464 119.5
      vertex 333.087 -245.381 115.5
      vertex 331.464 -246.464 115.5
    endloop
  endfacet
  facet normal 0.831814 0.555055 0
    outer loop
      vertex 339.619 -248.087 119.5
      vertex 338.536 -246.464 115
      vertex 338.536 -246.464 119.5
    endloop
  endfacet
  facet normal 0.831814 0.555055 0
    outer loop
      vertex 338.536 -246.464 115
      vertex 339.619 -248.087 119.5
      vertex 339.619 -248.087 115
    endloop
  endfacet
  facet normal 0.980738 0.195327 0
    outer loop
      vertex 340 -250 119.5
      vertex 339.619 -248.087 115
      vertex 339.619 -248.087 119.5
    endloop
  endfacet
  facet normal 0.980738 0.195327 0
    outer loop
      vertex 339.619 -248.087 115
      vertex 340 -250 119.5
      vertex 340 -250 115
    endloop
  endfacet
  facet normal -0.831814 0.555055 0
    outer loop
      vertex 330.381 -248.087 115.5
      vertex 331.464 -246.464 119.5
      vertex 331.464 -246.464 115.5
    endloop
  endfacet
  facet normal -0.831814 0.555055 0
    outer loop
      vertex 331.464 -246.464 119.5
      vertex 330.381 -248.087 115.5
      vertex 330.381 -248.087 119.5
    endloop
  endfacet
  facet normal -0.195327 -0.980738 0
    outer loop
      vertex 333.087 -254.619 115.5
      vertex 335 -255 119.5
      vertex 333.087 -254.619 119.5
    endloop
  endfacet
  facet normal -0.195327 -0.980738 -0
    outer loop
      vertex 335 -255 119.5
      vertex 333.087 -254.619 115.5
      vertex 335 -255 115.5
    endloop
  endfacet
  facet normal 0.195327 -0.980738 0
    outer loop
      vertex 335 -255 115.5
      vertex 336.913 -254.619 119.5
      vertex 335 -255 119.5
    endloop
  endfacet
  facet normal 0.195327 -0.980738 0
    outer loop
      vertex 336.913 -254.619 115
      vertex 335 -255 115.5
      vertex 335 -255 115
    endloop
  endfacet
  facet normal 0.195327 -0.980738 0
    outer loop
      vertex 335 -255 115.5
      vertex 336.913 -254.619 115
      vertex 336.913 -254.619 119.5
    endloop
  endfacet
  facet normal 0.555055 -0.831814 0
    outer loop
      vertex 336.913 -254.619 115
      vertex 338.536 -253.536 119.5
      vertex 336.913 -254.619 119.5
    endloop
  endfacet
  facet normal 0.555055 -0.831814 0
    outer loop
      vertex 338.536 -253.536 119.5
      vertex 336.913 -254.619 115
      vertex 338.536 -253.536 115
    endloop
  endfacet
  facet normal 0.831814 -0.555055 0
    outer loop
      vertex 338.536 -253.536 119.5
      vertex 339.619 -251.913 115
      vertex 339.619 -251.913 119.5
    endloop
  endfacet
  facet normal 0.831814 -0.555055 0
    outer loop
      vertex 339.619 -251.913 115
      vertex 338.536 -253.536 119.5
      vertex 338.536 -253.536 115
    endloop
  endfacet
  facet normal -0.980738 0.195327 0
    outer loop
      vertex 330 -250 115.5
      vertex 330.381 -248.087 119.5
      vertex 330.381 -248.087 115.5
    endloop
  endfacet
  facet normal -0.980738 0.195327 0
    outer loop
      vertex 330.381 -248.087 119.5
      vertex 330 -250 115.5
      vertex 330 -250 119.5
    endloop
  endfacet
  facet normal 0.980738 -0.195327 0
    outer loop
      vertex 339.619 -251.913 119.5
      vertex 340 -250 115
      vertex 340 -250 119.5
    endloop
  endfacet
  facet normal 0.980738 -0.195327 0
    outer loop
      vertex 340 -250 115
      vertex 339.619 -251.913 119.5
      vertex 339.619 -251.913 115
    endloop
  endfacet
  facet normal 0 0 -1
    outer loop
      vertex 339.619 -251.913 115
      vertex 339.619 -248.087 115
      vertex 340 -250 115
    endloop
  endfacet
  facet normal 0 0 -1
    outer loop
      vertex 338.536 -253.536 115
      vertex 339.619 -248.087 115
      vertex 339.619 -251.913 115
    endloop
  endfacet
  facet normal 0 0 -1
    outer loop
      vertex 338.536 -253.536 115
      vertex 338.536 -246.464 115
      vertex 339.619 -248.087 115
    endloop
  endfacet
  facet normal 0 0 -1
    outer loop
      vertex 336.913 -254.619 115
      vertex 338.536 -246.464 115
      vertex 338.536 -253.536 115
    endloop
  endfacet
  facet normal 0 0 -1
    outer loop
      vertex 336.913 -254.619 115
      vertex 336.913 -245.381 115
      vertex 338.536 -246.464 115
    endloop
  endfacet
  facet normal 0 0 -1
    outer loop
      vertex 335 -255 115
      vertex 336.913 -245.381 115
      vertex 336.913 -254.619 115
    endloop
  endfacet
  facet normal -0 0 -1
    outer loop
      vertex 336.913 -245.381 115
      vertex 335 -255 115
      vertex 335 -245 115
    endloop
  endfacet
  facet normal -0.195327 0.980738 0
    outer loop
      vertex 335 -245 115.5
      vertex 333.087 -245.381 119.5
      vertex 335 -245 119.5
    endloop
  endfacet
  facet normal -0.195327 0.980738 0
    outer loop
      vertex 333.087 -245.381 119.5
      vertex 335 -245 115.5
      vertex 333.087 -245.381 115.5
    endloop
  endfacet
  facet normal 0.195327 0.980738 0
    outer loop
      vertex 336.913 -245.381 119.5
      vertex 335 -245 115.5
      vertex 335 -245 119.5
    endloop
  endfacet
  facet normal 0.195327 0.980738 -0
    outer loop
      vertex 336.913 -245.381 115
      vertex 335 -245 115.5
      vertex 336.913 -245.381 119.5
    endloop
  endfacet
  facet normal 0.195327 0.980738 0
    outer loop
      vertex 335 -245 115.5
      vertex 336.913 -245.381 115
      vertex 335 -245 115
    endloop
  endfacet
  facet normal 0.555055 0.831814 -0
    outer loop
      vertex 338.536 -246.464 115
      vertex 336.913 -245.381 119.5
      vertex 338.536 -246.464 119.5
    endloop
  endfacet
  facet normal 0.555055 0.831814 0
    outer loop
      vertex 336.913 -245.381 119.5
      vertex 338.536 -246.464 115
      vertex 336.913 -245.381 115
    endloop
  endfacet
  facet normal -0.831814 -0.555055 0
    outer loop
      vertex 331.464 -253.536 115.5
      vertex 330.381 -251.913 119.5
      vertex 330.381 -251.913 115.5
    endloop
  endfacet
  facet normal -0.831814 -0.555055 0
    outer loop
      vertex 330.381 -251.913 119.5
      vertex 331.464 -253.536 115.5
      vertex 331.464 -253.536 119.5
    endloop
  endfacet
  facet normal -0.980738 -0.195327 0
    outer loop
      vertex 330.381 -251.913 115.5
      vertex 330 -250 119.5
      vertex 330 -250 115.5
    endloop
  endfacet
  facet normal -0.980738 -0.195327 0
    outer loop
      vertex 330 -250 119.5
      vertex 330.381 -251.913 115.5
      vertex 330.381 -251.913 119.5
    endloop
  endfacet
  facet normal -0.555055 -0.831814 0
    outer loop
      vertex 331.464 -253.536 115.5
      vertex 333.087 -254.619 119.5
      vertex 331.464 -253.536 119.5
    endloop
  endfacet
  facet normal -0.555055 -0.831814 -0
    outer loop
      vertex 333.087 -254.619 119.5
      vertex 331.464 -253.536 115.5
      vertex 333.087 -254.619 115.5
    endloop
  endfacet
  facet normal 1 0 0
    outer loop
      vertex 295 300 140
      vertex 295 200 120.5
      vertex 295 300 120.5
    endloop
  endfacet
  facet normal 1 0 0
    outer loop
      vertex 295 200 120.5
      vertex 295 50 120.5
      vertex 295 200 120
    endloop
  endfacet
  facet normal 1 -0 0
    outer loop
      vertex 295 10 130
      vertex 295 200 120.5
      vertex 295 300 140
    endloop
  endfacet
  facet normal 1 0 0
    outer loop
      vertex 295 200 120.5
      vertex 295 10 130
      vertex 295 50 120.5
    endloop
  endfacet
  facet normal 1 0 0
    outer loop
      vertex 295 300 140
      vertex 295 -10 130
      vertex 295 10 130
    endloop
  endfacet
  facet normal 1 0 0
    outer loop
      vertex 295 -10 130
      vertex 295 -50 120.5
      vertex 295 -10 120.5
    endloop
  endfacet
  facet normal 1 0 0
    outer loop
      vertex 295 -50 120.5
      vertex 295 -200 120.5
      vertex 295 -50 120
    endloop
  endfacet
  facet normal 1 0 0
    outer loop
      vertex 295 -10 130
      vertex 295 -200 120.5
      vertex 295 -50 120.5
    endloop
  endfacet
  facet normal 1 -0 0
    outer loop
      vertex 295 -300 140
      vertex 295 -10 130
      vertex 295 300 140
    endloop
  endfacet
  facet normal 1 0 0
    outer loop
      vertex 295 -300 140
      vertex 295 -200 120.5
      vertex 295 -10 130
    endloop
  endfacet
  facet normal 1 0 0
    outer loop
      vertex 295 -200 120.5
      vertex 295 -300 140
      vertex 295 -300 120.5
    endloop
  endfacet
  facet normal 1 0 0
    outer loop
      vertex 295 200 120
      vertex 295 50 120.5
      vertex 295 50 120
    endloop
  endfacet
  facet normal 1 0 0
    outer loop
      vertex 295 50 120.5
      vertex 295 10 130
      vertex 295 10 120.5
    endloop
  endfacet
  facet normal 1 0 0
    outer loop
      vertex 295 -50 120
      vertex 295 -200 120.5
      vertex 295 -200 120
    endloop
  endfacet
  facet normal -0 0 1
    outer loop
      vertex 275 300 140
      vertex 295 -300 140
      vertex 295 300 140
    endloop
  endfacet
  facet normal 0 0 1
    outer loop
      vertex 295 -300 140
      vertex 275 300 140
      vertex 275 -300 140
    endloop
  endfacet
  facet normal 0 0 -1
    outer loop
      vertex 275 -300 120
      vertex 285 -200 120
      vertex 285 -300 120
    endloop
  endfacet
  facet normal 0 0 -1
    outer loop
      vertex 275 -10 120
      vertex 285 -200 120
      vertex 275 -300 120
    endloop
  endfacet
  facet normal 0 0 -1
    outer loop
      vertex 285 -200 120
      vertex 275 -10 120
      vertex 285 -50 120
    endloop
  endfacet
  facet normal 0 0 -1
    outer loop
      vertex 285 -50 120
      vertex 275 -10 120
      vertex 285 -10 120
    endloop
  endfacet
  facet normal 0 0 -1
    outer loop
      vertex 285 -200 120
      vertex 295 -50 120
      vertex 295 -200 120
    endloop
  endfacet
  facet normal -0 0 -1
    outer loop
      vertex 295 -50 120
      vertex 285 -200 120
      vertex 285 -50 120
    endloop
  endfacet
  facet normal 0 0 -1
    outer loop
      vertex 275 10 120
      vertex 285 50 120
      vertex 285 10 120
    endloop
  endfacet
  facet normal -0 0 -1
    outer loop
      vertex 285 50 120
      vertex 275 10 120
      vertex 285 200 120
    endloop
  endfacet
  facet normal 0 0 -1
    outer loop
      vertex 275 300 120
      vertex 285 200 120
      vertex 275 10 120
    endloop
  endfacet
  facet normal 0 0 -1
    outer loop
      vertex 285 200 120
      vertex 275 300 120
      vertex 285 300 120
    endloop
  endfacet
  facet normal 0 0 -1
    outer loop
      vertex 285 50 120
      vertex 295 200 120
      vertex 295 50 120
    endloop
  endfacet
  facet normal -0 0 -1
    outer loop
      vertex 295 200 120
      vertex 285 50 120
      vertex 285 200 120
    endloop
  endfacet
  facet normal -1 0 0
    outer loop
      vertex 275 -10 120
      vertex 275 -300 120
      vertex 275 -10 130
    endloop
  endfacet
  facet normal -1 0 0
    outer loop
      vertex 275 10 130
      vertex 275 300 120
      vertex 275 10 120
    endloop
  endfacet
  facet normal -1 0 0
    outer loop
      vertex 275 300 120
      vertex 275 10 130
      vertex 275 300 140
    endloop
  endfacet
  facet normal -1 0 0
    outer loop
      vertex 275 -10 130
      vertex 275 300 140
      vertex 275 10 130
    endloop
  endfacet
  facet normal -1 0 0
    outer loop
      vertex 275 -10 130
      vertex 275 -300 140
      vertex 275 300 140
    endloop
  endfacet
  facet normal -1 0 0
    outer loop
      vertex 275 -300 140
      vertex 275 -10 130
      vertex 275 -300 120
    endloop
  endfacet
  facet normal 1 -0 0
    outer loop
      vertex 395 -300 140
      vertex 395 300 120
      vertex 395 300 140
    endloop
  endfacet
  facet normal 1 0 0
    outer loop
      vertex 395 300 120
      vertex 395 -300 140
      vertex 395 -300 120
    endloop
  endfacet
  facet normal -0 0 1
    outer loop
      vertex 375 300 140
      vertex 395 -300 140
      vertex 395 300 140
    endloop
  endfacet
  facet normal 0 0 1
    outer loop
      vertex 395 -300 140
      vertex 375 300 140
      vertex 375 -300 140
    endloop
  endfacet
  facet normal 0 0 -1
    outer loop
      vertex 375 50 120
      vertex 385 200 120
      vertex 385 50 120
    endloop
  endfacet
  facet normal -0 0 -1
    outer loop
      vertex 385 200 120
      vertex 375 50 120
      vertex 375 200 120
    endloop
  endfacet
  facet normal 0 0 -1
    outer loop
      vertex 375 -200 120
      vertex 385 -50 120
      vertex 385 -200 120
    endloop
  endfacet
  facet normal -0 0 -1
    outer loop
      vertex 385 -50 120
      vertex 375 -200 120
      vertex 375 -50 120
    endloop
  endfacet
  facet normal 0 0 -1
    outer loop
      vertex 385 -200 120
      vertex 395 -300 120
      vertex 385 -300 120
    endloop
  endfacet
  facet normal 0 0 -1
    outer loop
      vertex 385 -50 120
      vertex 395 -300 120
      vertex 385 -200 120
    endloop
  endfacet
  facet normal 0 0 -1
    outer loop
      vertex 395 -300 120
      vertex 385 -50 120
      vertex 395 300 120
    endloop
  endfacet
  facet normal 0 0 -1
    outer loop
      vertex 385 50 120
      vertex 395 300 120
      vertex 385 -50 120
    endloop
  endfacet
  facet normal 0 0 -1
    outer loop
      vertex 385 200 120
      vertex 395 300 120
      vertex 385 50 120
    endloop
  endfacet
  facet normal -0 0 -1
    outer loop
      vertex 395 300 120
      vertex 385 200 120
      vertex 385 300 120
    endloop
  endfacet
  facet normal -1 0 0
    outer loop
      vertex 375 -50 120
      vertex 375 -200 120
      vertex 375 -50 120.5
    endloop
  endfacet
  facet normal -1 0 0
    outer loop
      vertex 375 200 120
      vertex 375 50 120
      vertex 375 200 120.5
    endloop
  endfacet
  facet normal -1 0 0
    outer loop
      vertex 375 200 120.5
      vertex 375 300 140
      vertex 375 300 120.5
    endloop
  endfacet
  facet normal -1 0 0
    outer loop
      vertex 375 50 120.5
      vertex 375 200 120.5
      vertex 375 50 120
    endloop
  endfacet
  facet normal -1 0 0
    outer loop
      vertex 375 200 120.5
      vertex 375 50 120.5
      vertex 375 300 140
    endloop
  endfacet
  facet normal -1 0 0
    outer loop
      vertex 375 -50 120.5
      vertex 375 300 140
      vertex 375 50 120.5
    endloop
  endfacet
  facet normal -1 0 0
    outer loop
      vertex 375 -200 120.5
      vertex 375 -50 120.5
      vertex 375 -200 120
    endloop
  endfacet
  facet normal -1 0 0
    outer loop
      vertex 375 -300 140
      vertex 375 -50 120.5
      vertex 375 -200 120.5
    endloop
  endfacet
  facet normal -1 0 0
    outer loop
      vertex 375 -300 140
      vertex 375 -200 120.5
      vertex 375 -300 120.5
    endloop
  endfacet
  facet normal -1 0 0
    outer loop
      vertex 375 -50 120.5
      vertex 375 -300 140
      vertex 375 300 140
    endloop
  endfacet
  facet normal 0.923936 -0 0.382547
    outer loop
      vertex 221.495 10 123.75
      vertex 222.244 250 121.941
      vertex 221.495 250 123.75
    endloop
  endfacet
  facet normal 0.923936 0 0.382547
    outer loop
      vertex 222.244 250 121.941
      vertex 221.495 10 123.75
      vertex 222.244 10 121.941
    endloop
  endfacet
  facet normal 0.923936 -0 0.382547
    outer loop
      vertex 221.495 -250 123.75
      vertex 222.244 -10 121.941
      vertex 221.495 -10 123.75
    endloop
  endfacet
  facet normal 0.923936 0 0.382547
    outer loop
      vertex 222.244 -10 121.941
      vertex 221.495 -250 123.75
      vertex 222.244 -250 121.941
    endloop
  endfacet
  facet normal 0.991414 -0 0.130758
    outer loop
      vertex 222.244 10 121.941
      vertex 222.5 250 120
      vertex 222.244 250 121.941
    endloop
  endfacet
  facet normal 0.991414 0 0.130758
    outer loop
      vertex 222.5 250 120
      vertex 222.244 10 121.941
      vertex 222.5 10 120
    endloop
  endfacet
  facet normal 0.991414 -0 0.130758
    outer loop
      vertex 222.244 -250 121.941
      vertex 222.5 -10 120
      vertex 222.244 -10 121.941
    endloop
  endfacet
  facet normal 0.991414 0 0.130758
    outer loop
      vertex 222.5 -10 120
      vertex 222.244 -250 121.941
      vertex 222.5 -250 120
    endloop
  endfacet
  facet normal -0.793269 0 0.608871
    outer loop
      vertex 208.505 -250 123.75
      vertex 209.697 250 125.303
      vertex 208.505 250 123.75
    endloop
  endfacet
  facet normal -0.793269 0 0.608871
    outer loop
      vertex 209.697 250 125.303
      vertex 208.505 -250 123.75
      vertex 209.697 -250 125.303
    endloop
  endfacet
  facet normal 0.382547 0 -0.923936
    outer loop
      vertex 216.941 -250 112.756
      vertex 218.75 -10 113.505
      vertex 218.75 -250 113.505
    endloop
  endfacet
  facet normal 0.382547 0 -0.923936
    outer loop
      vertex 218.75 -10 113.505
      vertex 216.941 -250 112.756
      vertex 216.941 -10 112.756
    endloop
  endfacet
  facet normal 0.382547 0 -0.923936
    outer loop
      vertex 216.941 10 112.756
      vertex 218.75 250 113.505
      vertex 218.75 10 113.505
    endloop
  endfacet
  facet normal 0.382547 0 -0.923936
    outer loop
      vertex 218.75 250 113.505
      vertex 216.941 10 112.756
      vertex 216.941 250 112.756
    endloop
  endfacet
  facet normal -0.923936 0 0.382547
    outer loop
      vertex 207.756 -250 121.941
      vertex 208.505 250 123.75
      vertex 207.756 250 121.941
    endloop
  endfacet
  facet normal -0.923936 0 0.382547
    outer loop
      vertex 208.505 250 123.75
      vertex 207.756 -250 121.941
      vertex 208.505 -250 123.75
    endloop
  endfacet
  facet normal 0.793269 -0 0.608871
    outer loop
      vertex 220.303 10 125.303
      vertex 221.495 250 123.75
      vertex 220.303 250 125.303
    endloop
  endfacet
  facet normal 0.793269 0 0.608871
    outer loop
      vertex 221.495 250 123.75
      vertex 220.303 10 125.303
      vertex 221.495 10 123.75
    endloop
  endfacet
  facet normal 0.793269 -0 0.608871
    outer loop
      vertex 220.303 -250 125.303
      vertex 221.495 -10 123.75
      vertex 220.303 -10 125.303
    endloop
  endfacet
  facet normal 0.793269 0 0.608871
    outer loop
      vertex 221.495 -10 123.75
      vertex 220.303 -250 125.303
      vertex 221.495 -250 123.75
    endloop
  endfacet
  facet normal -0.382547 0 -0.923936
    outer loop
      vertex 211.25 -250 113.505
      vertex 213.059 250 112.756
      vertex 213.059 -250 112.756
    endloop
  endfacet
  facet normal -0.382547 0 -0.923936
    outer loop
      vertex 213.059 250 112.756
      vertex 211.25 -250 113.505
      vertex 211.25 250 113.505
    endloop
  endfacet
  facet normal 0.130758 0 -0.991414
    outer loop
      vertex 215 -250 112.5
      vertex 216.941 -10 112.756
      vertex 216.941 -250 112.756
    endloop
  endfacet
  facet normal 0.130758 0 -0.991414
    outer loop
      vertex 216.941 -10 112.756
      vertex 215 -250 112.5
      vertex 215 -10 112.5
    endloop
  endfacet
  facet normal 0.130758 0 -0.991414
    outer loop
      vertex 215 10 112.5
      vertex 216.941 250 112.756
      vertex 216.941 10 112.756
    endloop
  endfacet
  facet normal 0.130758 0 -0.991414
    outer loop
      vertex 216.941 250 112.756
      vertex 215 10 112.5
      vertex 215 250 112.5
    endloop
  endfacet
  facet normal 0 -1 0
    outer loop
      vertex 213.059 -250 127.244
      vertex 216.941 -250 127.244
      vertex 215 -250 127.5
    endloop
  endfacet
  facet normal 0 -1 0
    outer loop
      vertex 211.25 -250 126.495
      vertex 216.941 -250 127.244
      vertex 213.059 -250 127.244
    endloop
  endfacet
  facet normal 0 -1 0
    outer loop
      vertex 211.25 -250 126.495
      vertex 218.75 -250 126.495
      vertex 216.941 -250 127.244
    endloop
  endfacet
  facet normal 0 -1 0
    outer loop
      vertex 209.697 -250 125.303
      vertex 218.75 -250 126.495
      vertex 211.25 -250 126.495
    endloop
  endfacet
  facet normal 0 -1 0
    outer loop
      vertex 209.697 -250 125.303
      vertex 220.303 -250 125.303
      vertex 218.75 -250 126.495
    endloop
  endfacet
  facet normal 0 -1 0
    outer loop
      vertex 208.505 -250 123.75
      vertex 220.303 -250 125.303
      vertex 209.697 -250 125.303
    endloop
  endfacet
  facet normal 0 -1 0
    outer loop
      vertex 208.505 -250 123.75
      vertex 221.495 -250 123.75
      vertex 220.303 -250 125.303
    endloop
  endfacet
  facet normal 0 -1 0
    outer loop
      vertex 207.756 -250 121.941
      vertex 221.495 -250 123.75
      vertex 208.505 -250 123.75
    endloop
  endfacet
  facet normal 0 -1 0
    outer loop
      vertex 207.756 -250 121.941
      vertex 222.244 -250 121.941
      vertex 221.495 -250 123.75
    endloop
  endfacet
  facet normal 0 -1 0
    outer loop
      vertex 207.5 -250 120
      vertex 222.244 -250 121.941
      vertex 207.756 -250 121.941
    endloop
  endfacet
  facet normal 0 -1 0
    outer loop
      vertex 207.5 -250 120
      vertex 222.5 -250 120
      vertex 222.244 -250 121.941
    endloop
  endfacet
  facet normal 0 -1 0
    outer loop
      vertex 207.756 -250 118.059
      vertex 222.5 -250 120
      vertex 207.5 -250 120
    endloop
  endfacet
  facet normal 0 -1 0
    outer loop
      vertex 207.756 -250 118.059
      vertex 222.244 -250 118.059
      vertex 222.5 -250 120
    endloop
  endfacet
  facet normal 0 -1 0
    outer loop
      vertex 208.505 -250 116.25
      vertex 222.244 -250 118.059
      vertex 207.756 -250 118.059
    endloop
  endfacet
  facet normal 0 -1 0
    outer loop
      vertex 208.505 -250 116.25
      vertex 221.495 -250 116.25
      vertex 222.244 -250 118.059
    endloop
  endfacet
  facet normal 0 -1 0
    outer loop
      vertex 209.697 -250 114.697
      vertex 221.495 -250 116.25
      vertex 208.505 -250 116.25
    endloop
  endfacet
  facet normal 0 -1 0
    outer loop
      vertex 209.697 -250 114.697
      vertex 220.303 -250 114.697
      vertex 221.495 -250 116.25
    endloop
  endfacet
  facet normal 0 -1 0
    outer loop
      vertex 211.25 -250 113.505
      vertex 220.303 -250 114.697
      vertex 209.697 -250 114.697
    endloop
  endfacet
  facet normal 0 -1 0
    outer loop
      vertex 211.25 -250 113.505
      vertex 218.75 -250 113.505
      vertex 220.303 -250 114.697
    endloop
  endfacet
  facet normal 0 -1 0
    outer loop
      vertex 213.059 -250 112.756
      vertex 218.75 -250 113.505
      vertex 211.25 -250 113.505
    endloop
  endfacet
  facet normal 0 -1 0
    outer loop
      vertex 213.059 -250 112.756
      vertex 216.941 -250 112.756
      vertex 218.75 -250 113.505
    endloop
  endfacet
  facet normal -0 -1 0
    outer loop
      vertex 216.941 -250 112.756
      vertex 213.059 -250 112.756
      vertex 215 -250 112.5
    endloop
  endfacet
  facet normal 0.608871 0 -0.793269
    outer loop
      vertex 218.75 10 113.505
      vertex 220.303 250 114.697
      vertex 220.303 10 114.697
    endloop
  endfacet
  facet normal 0.608871 0 -0.793269
    outer loop
      vertex 220.303 250 114.697
      vertex 218.75 10 113.505
      vertex 218.75 250 113.505
    endloop
  endfacet
  facet normal 0.608871 0 -0.793269
    outer loop
      vertex 218.75 -250 113.505
      vertex 220.303 -10 114.697
      vertex 220.303 -250 114.697
    endloop
  endfacet
  facet normal 0.608871 0 -0.793269
    outer loop
      vertex 220.303 -10 114.697
      vertex 218.75 -250 113.505
      vertex 218.75 -10 113.505
    endloop
  endfacet
  facet normal 0.608871 0 0.793269
    outer loop
      vertex 218.75 250 126.495
      vertex 220.303 10 125.303
      vertex 220.303 250 125.303
    endloop
  endfacet
  facet normal 0.608871 0 0.793269
    outer loop
      vertex 220.303 10 125.303
      vertex 218.75 250 126.495
      vertex 218.75 10 126.495
    endloop
  endfacet
  facet normal 0.608871 0 0.793269
    outer loop
      vertex 218.75 -10 126.495
      vertex 220.303 -250 125.303
      vertex 220.303 -10 125.303
    endloop
  endfacet
  facet normal 0.608871 0 0.793269
    outer loop
      vertex 220.303 -250 125.303
      vertex 218.75 -10 126.495
      vertex 218.75 -250 126.495
    endloop
  endfacet
  facet normal 0.130758 0 0.991414
    outer loop
      vertex 215 250 127.5
      vertex 216.941 10 127.244
      vertex 216.941 250 127.244
    endloop
  endfacet
  facet normal 0.130758 0 0.991414
    outer loop
      vertex 216.941 10 127.244
      vertex 215 250 127.5
      vertex 215 10 127.5
    endloop
  endfacet
  facet normal 0.130758 0 0.991414
    outer loop
      vertex 215 -10 127.5
      vertex 216.941 -250 127.244
      vertex 216.941 -10 127.244
    endloop
  endfacet
  facet normal 0.130758 0 0.991414
    outer loop
      vertex 216.941 -250 127.244
      vertex 215 -10 127.5
      vertex 215 -250 127.5
    endloop
  endfacet
  facet normal -0.793269 0 -0.608871
    outer loop
      vertex 209.697 -250 114.697
      vertex 208.505 250 116.25
      vertex 209.697 250 114.697
    endloop
  endfacet
  facet normal -0.793269 -0 -0.608871
    outer loop
      vertex 208.505 250 116.25
      vertex 209.697 -250 114.697
      vertex 208.505 -250 116.25
    endloop
  endfacet
  facet normal 0.991414 0 -0.130758
    outer loop
      vertex 222.5 10 120
      vertex 222.244 250 118.059
      vertex 222.5 250 120
    endloop
  endfacet
  facet normal 0.991414 0 -0.130758
    outer loop
      vertex 222.244 250 118.059
      vertex 222.5 10 120
      vertex 222.244 10 118.059
    endloop
  endfacet
  facet normal 0.991414 0 -0.130758
    outer loop
      vertex 222.5 -250 120
      vertex 222.244 -10 118.059
      vertex 222.5 -10 120
    endloop
  endfacet
  facet normal 0.991414 0 -0.130758
    outer loop
      vertex 222.244 -10 118.059
      vertex 222.5 -250 120
      vertex 222.244 -250 118.059
    endloop
  endfacet
  facet normal -0.608871 0 0.793269
    outer loop
      vertex 209.697 250 125.303
      vertex 211.25 -250 126.495
      vertex 211.25 250 126.495
    endloop
  endfacet
  facet normal -0.608871 0 0.793269
    outer loop
      vertex 211.25 -250 126.495
      vertex 209.697 250 125.303
      vertex 209.697 -250 125.303
    endloop
  endfacet
  facet normal 0.793269 0 -0.608871
    outer loop
      vertex 221.495 -250 116.25
      vertex 220.303 -10 114.697
      vertex 221.495 -10 116.25
    endloop
  endfacet
  facet normal 0.793269 0 -0.608871
    outer loop
      vertex 220.303 -10 114.697
      vertex 221.495 -250 116.25
      vertex 220.303 -250 114.697
    endloop
  endfacet
  facet normal 0.793269 0 -0.608871
    outer loop
      vertex 221.495 10 116.25
      vertex 220.303 250 114.697
      vertex 221.495 250 116.25
    endloop
  endfacet
  facet normal 0.793269 0 -0.608871
    outer loop
      vertex 220.303 250 114.697
      vertex 221.495 10 116.25
      vertex 220.303 10 114.697
    endloop
  endfacet
  facet normal -0.130758 0 -0.991414
    outer loop
      vertex 213.059 -250 112.756
      vertex 215 -10 112.5
      vertex 215 -250 112.5
    endloop
  endfacet
  facet normal -0.130758 0 -0.991414
    outer loop
      vertex 215 -10 112.5
      vertex 213.059 -250 112.756
      vertex 215 10 112.5
    endloop
  endfacet
  facet normal -0.130758 -0 -0.991414
    outer loop
      vertex 213.059 250 112.756
      vertex 215 10 112.5
      vertex 213.059 -250 112.756
    endloop
  endfacet
  facet normal -0.130758 0 -0.991414
    outer loop
      vertex 215 10 112.5
      vertex 213.059 250 112.756
      vertex 215 250 112.5
    endloop
  endfacet
  facet normal -0.130758 0 0.991414
    outer loop
      vertex 213.059 250 127.244
      vertex 215 10 127.5
      vertex 215 250 127.5
    endloop
  endfacet
  facet normal -0.130758 0 0.991414
    outer loop
      vertex 215 10 127.5
      vertex 213.059 250 127.244
      vertex 215 -10 127.5
    endloop
  endfacet
  facet normal -0.130758 0 0.991414
    outer loop
      vertex 213.059 -250 127.244
      vertex 215 -10 127.5
      vertex 213.059 250 127.244
    endloop
  endfacet
  facet normal -0.130758 0 0.991414
    outer loop
      vertex 215 -10 127.5
      vertex 213.059 -250 127.244
      vertex 215 -250 127.5
    endloop
  endfacet
  facet normal -0.991414 0 0.130758
    outer loop
      vertex 207.5 -250 120
      vertex 207.756 250 121.941
      vertex 207.5 250 120
    endloop
  endfacet
  facet normal -0.991414 0 0.130758
    outer loop
      vertex 207.756 250 121.941
      vertex 207.5 -250 120
      vertex 207.756 -250 121.941
    endloop
  endfacet
  facet normal 0.923936 0 -0.382547
    outer loop
      vertex 222.244 -250 118.059
      vertex 221.495 -10 116.25
      vertex 222.244 -10 118.059
    endloop
  endfacet
  facet normal 0.923936 0 -0.382547
    outer loop
      vertex 221.495 -10 116.25
      vertex 222.244 -250 118.059
      vertex 221.495 -250 116.25
    endloop
  endfacet
  facet normal 0.923936 0 -0.382547
    outer loop
      vertex 222.244 10 118.059
      vertex 221.495 250 116.25
      vertex 222.244 250 118.059
    endloop
  endfacet
  facet normal 0.923936 0 -0.382547
    outer loop
      vertex 221.495 250 116.25
      vertex 222.244 10 118.059
      vertex 221.495 10 116.25
    endloop
  endfacet
  facet normal -0.382547 0 0.923936
    outer loop
      vertex 211.25 250 126.495
      vertex 213.059 -250 127.244
      vertex 213.059 250 127.244
    endloop
  endfacet
  facet normal -0.382547 0 0.923936
    outer loop
      vertex 213.059 -250 127.244
      vertex 211.25 250 126.495
      vertex 211.25 -250 126.495
    endloop
  endfacet
  facet normal 0.382547 0 0.923936
    outer loop
      vertex 216.941 250 127.244
      vertex 218.75 10 126.495
      vertex 218.75 250 126.495
    endloop
  endfacet
  facet normal 0.382547 0 0.923936
    outer loop
      vertex 218.75 10 126.495
      vertex 216.941 250 127.244
      vertex 216.941 10 127.244
    endloop
  endfacet
  facet normal 0.382547 0 0.923936
    outer loop
      vertex 216.941 -10 127.244
      vertex 218.75 -250 126.495
      vertex 218.75 -10 126.495
    endloop
  endfacet
  facet normal 0.382547 0 0.923936
    outer loop
      vertex 218.75 -250 126.495
      vertex 216.941 -10 127.244
      vertex 216.941 -250 127.244
    endloop
  endfacet
  facet normal -0.923936 0 -0.382547
    outer loop
      vertex 208.505 -250 116.25
      vertex 207.756 250 118.059
      vertex 208.505 250 116.25
    endloop
  endfacet
  facet normal -0.923936 -0 -0.382547
    outer loop
      vertex 207.756 250 118.059
      vertex 208.505 -250 116.25
      vertex 207.756 -250 118.059
    endloop
  endfacet
  facet normal -0.991414 0 -0.130758
    outer loop
      vertex 207.756 -250 118.059
      vertex 207.5 250 120
      vertex 207.756 250 118.059
    endloop
  endfacet
  facet normal -0.991414 -0 -0.130758
    outer loop
      vertex 207.5 250 120
      vertex 207.756 -250 118.059
      vertex 207.5 -250 120
    endloop
  endfacet
  facet normal -0.608871 0 -0.793269
    outer loop
      vertex 209.697 -250 114.697
      vertex 211.25 250 113.505
      vertex 211.25 -250 113.505
    endloop
  endfacet
  facet normal -0.608871 0 -0.793269
    outer loop
      vertex 211.25 250 113.505
      vertex 209.697 -250 114.697
      vertex 209.697 250 114.697
    endloop
  endfacet
  facet normal 0 1 0
    outer loop
      vertex 216.941 250 127.244
      vertex 213.059 250 127.244
      vertex 215 250 127.5
    endloop
  endfacet
  facet normal 0 1 0
    outer loop
      vertex 218.75 250 126.495
      vertex 213.059 250 127.244
      vertex 216.941 250 127.244
    endloop
  endfacet
  facet normal 0 1 0
    outer loop
      vertex 218.75 250 126.495
      vertex 211.25 250 126.495
      vertex 213.059 250 127.244
    endloop
  endfacet
  facet normal 0 1 0
    outer loop
      vertex 220.303 250 125.303
      vertex 211.25 250 126.495
      vertex 218.75 250 126.495
    endloop
  endfacet
  facet normal 0 1 0
    outer loop
      vertex 220.303 250 125.303
      vertex 209.697 250 125.303
      vertex 211.25 250 126.495
    endloop
  endfacet
  facet normal 0 1 0
    outer loop
      vertex 221.495 250 123.75
      vertex 209.697 250 125.303
      vertex 220.303 250 125.303
    endloop
  endfacet
  facet normal 0 1 0
    outer loop
      vertex 221.495 250 123.75
      vertex 208.505 250 123.75
      vertex 209.697 250 125.303
    endloop
  endfacet
  facet normal 0 1 0
    outer loop
      vertex 222.244 250 121.941
      vertex 208.505 250 123.75
      vertex 221.495 250 123.75
    endloop
  endfacet
  facet normal 0 1 0
    outer loop
      vertex 222.244 250 121.941
      vertex 207.756 250 121.941
      vertex 208.505 250 123.75
    endloop
  endfacet
  facet normal 0 1 0
    outer loop
      vertex 222.5 250 120
      vertex 207.756 250 121.941
      vertex 222.244 250 121.941
    endloop
  endfacet
  facet normal 0 1 0
    outer loop
      vertex 222.5 250 120
      vertex 207.5 250 120
      vertex 207.756 250 121.941
    endloop
  endfacet
  facet normal 0 1 -0
    outer loop
      vertex 222.244 250 118.059
      vertex 207.5 250 120
      vertex 222.5 250 120
    endloop
  endfacet
  facet normal 0 1 0
    outer loop
      vertex 222.244 250 118.059
      vertex 207.756 250 118.059
      vertex 207.5 250 120
    endloop
  endfacet
  facet normal 0 1 -0
    outer loop
      vertex 221.495 250 116.25
      vertex 207.756 250 118.059
      vertex 222.244 250 118.059
    endloop
  endfacet
  facet normal 0 1 0
    outer loop
      vertex 221.495 250 116.25
      vertex 208.505 250 116.25
      vertex 207.756 250 118.059
    endloop
  endfacet
  facet normal 0 1 -0
    outer loop
      vertex 220.303 250 114.697
      vertex 208.505 250 116.25
      vertex 221.495 250 116.25
    endloop
  endfacet
  facet normal 0 1 0
    outer loop
      vertex 220.303 250 114.697
      vertex 209.697 250 114.697
      vertex 208.505 250 116.25
    endloop
  endfacet
  facet normal 0 1 -0
    outer loop
      vertex 218.75 250 113.505
      vertex 209.697 250 114.697
      vertex 220.303 250 114.697
    endloop
  endfacet
  facet normal 0 1 0
    outer loop
      vertex 218.75 250 113.505
      vertex 211.25 250 113.505
      vertex 209.697 250 114.697
    endloop
  endfacet
  facet normal 0 1 -0
    outer loop
      vertex 216.941 250 112.756
      vertex 211.25 250 113.505
      vertex 218.75 250 113.505
    endloop
  endfacet
  facet normal 0 1 0
    outer loop
      vertex 216.941 250 112.756
      vertex 213.059 250 112.756
      vertex 211.25 250 113.505
    endloop
  endfacet
  facet normal -0 1 0
    outer loop
      vertex 213.059 250 112.756
      vertex 216.941 250 112.756
      vertex 215 250 112.5
    endloop
  endfacet
  facet normal 1 -0 0
    outer loop
      vertex 335 -10 130
      vertex 335 10 120.5
      vertex 335 10 130
    endloop
  endfacet
  facet normal 1 0 0
    outer loop
      vertex 335 10 120.5
      vertex 335 -10 130
      vertex 335 -10 120.5
    endloop
  endfacet
  facet normal -0 0 1
    outer loop
      vertex 215 10 130
      vertex 275 -10 130
      vertex 275 10 130
    endloop
  endfacet
  facet normal 0 0 1
    outer loop
      vertex 275 -10 130
      vertex 215 10 130
      vertex 215 -10 130
    endloop
  endfacet
  facet normal -0 0 1
    outer loop
      vertex 295 10 130
      vertex 335 -10 130
      vertex 335 10 130
    endloop
  endfacet
  facet normal 0 0 1
    outer loop
      vertex 335 -10 130
      vertex 295 10 130
      vertex 295 -10 130
    endloop
  endfacet
  facet normal 0 0 -1
    outer loop
      vertex 215 -10 110
      vertex 345 10 110
      vertex 345 -10 110
    endloop
  endfacet
  facet normal -0 0 -1
    outer loop
      vertex 345 10 110
      vertex 215 -10 110
      vertex 215 10 110
    endloop
  endfacet
  facet normal -1 0 0
    outer loop
      vertex 215 -10 127.5
      vertex 215 10 130
      vertex 215 10 127.5
    endloop
  endfacet
  facet normal -1 -0 0
    outer loop
      vertex 215 10 130
      vertex 215 -10 127.5
      vertex 215 -10 130
    endloop
  endfacet
  facet normal -1 0 0
    outer loop
      vertex 215 -10 110
      vertex 215 10 112.5
      vertex 215 10 110
    endloop
  endfacet
  facet normal -1 -0 0
    outer loop
      vertex 215 10 112.5
      vertex 215 -10 110
      vertex 215 -10 112.5
    endloop
  endfacet
  facet normal 0 1 -0
    outer loop
      vertex 345 10 110
      vertex 285 10 119.5
      vertex 345 10 119.5
    endloop
  endfacet
  facet normal 0 1 0
    outer loop
      vertex 215 10 110
      vertex 285 10 119.5
      vertex 345 10 110
    endloop
  endfacet
  facet normal 0 1 0
    outer loop
      vertex 285 10 119.5
      vertex 221.495 10 116.25
      vertex 222.244 10 118.059
    endloop
  endfacet
  facet normal 0 1 0
    outer loop
      vertex 285 10 119.5
      vertex 220.303 10 114.697
      vertex 221.495 10 116.25
    endloop
  endfacet
  facet normal 0 1 0
    outer loop
      vertex 285 10 119.5
      vertex 215 10 110
      vertex 220.303 10 114.697
    endloop
  endfacet
  facet normal 0 1 0
    outer loop
      vertex 220.303 10 114.697
      vertex 215 10 110
      vertex 218.75 10 113.505
    endloop
  endfacet
  facet normal 0 1 0
    outer loop
      vertex 218.75 10 113.505
      vertex 215 10 110
      vertex 216.941 10 112.756
    endloop
  endfacet
  facet normal 0 1 0
    outer loop
      vertex 216.941 10 112.756
      vertex 215 10 110
      vertex 215 10 112.5
    endloop
  endfacet
  facet normal 0 1 -0
    outer loop
      vertex 285 10 119.5
      vertex 275 10 120
      vertex 285 10 120
    endloop
  endfacet
  facet normal 0 1 0
    outer loop
      vertex 222.244 10 118.059
      vertex 275 10 120
      vertex 285 10 119.5
    endloop
  endfacet
  facet normal 0 1 0
    outer loop
      vertex 275 10 120
      vertex 222.244 10 118.059
      vertex 222.5 10 120
    endloop
  endfacet
  facet normal 0 1 -0
    outer loop
      vertex 220.303 10 125.303
      vertex 215 10 130
      vertex 275 10 130
    endloop
  endfacet
  facet normal 0 1 0
    outer loop
      vertex 215 10 130
      vertex 216.941 10 127.244
      vertex 215 10 127.5
    endloop
  endfacet
  facet normal 0 1 0
    outer loop
      vertex 215 10 130
      vertex 218.75 10 126.495
      vertex 216.941 10 127.244
    endloop
  endfacet
  facet normal 0 1 0
    outer loop
      vertex 215 10 130
      vertex 220.303 10 125.303
      vertex 218.75 10 126.495
    endloop
  endfacet
  facet normal 0 1 0
    outer loop
      vertex 275 10 130
      vertex 221.495 10 123.75
      vertex 220.303 10 125.303
    endloop
  endfacet
  facet normal 0 1 0
    outer loop
      vertex 275 10 130
      vertex 222.244 10 121.941
      vertex 221.495 10 123.75
    endloop
  endfacet
  facet normal 0 1 -0
    outer loop
      vertex 275 10 120
      vertex 222.244 10 121.941
      vertex 275 10 130
    endloop
  endfacet
  facet normal 0 1 0
    outer loop
      vertex 222.244 10 121.941
      vertex 275 10 120
      vertex 222.5 10 120
    endloop
  endfacet
  facet normal 0 1 -0
    outer loop
      vertex 335 10 120.5
      vertex 295 10 130
      vertex 335 10 130
    endloop
  endfacet
  facet normal 0 1 0
    outer loop
      vertex 295 10 130
      vertex 335 10 120.5
      vertex 295 10 120.5
    endloop
  endfacet
  facet normal 0 -1 0
    outer loop
      vertex 216.941 -10 127.244
      vertex 215 -10 130
      vertex 215 -10 127.5
    endloop
  endfacet
  facet normal 0 -1 0
    outer loop
      vertex 218.75 -10 126.495
      vertex 215 -10 130
      vertex 216.941 -10 127.244
    endloop
  endfacet
  facet normal 0 -1 0
    outer loop
      vertex 220.303 -10 125.303
      vertex 215 -10 130
      vertex 218.75 -10 126.495
    endloop
  endfacet
  facet normal 0 -1 0
    outer loop
      vertex 215 -10 130
      vertex 220.303 -10 125.303
      vertex 275 -10 130
    endloop
  endfacet
  facet normal 0 -1 0
    outer loop
      vertex 221.495 -10 123.75
      vertex 275 -10 130
      vertex 220.303 -10 125.303
    endloop
  endfacet
  facet normal 0 -1 0
    outer loop
      vertex 222.244 -10 121.941
      vertex 275 -10 130
      vertex 221.495 -10 123.75
    endloop
  endfacet
  facet normal 0 -1 0
    outer loop
      vertex 275 -10 120
      vertex 222.244 -10 121.941
      vertex 222.5 -10 120
    endloop
  endfacet
  facet normal 0 -1 0
    outer loop
      vertex 222.244 -10 121.941
      vertex 275 -10 120
      vertex 275 -10 130
    endloop
  endfacet
  facet normal 0 -1 0
    outer loop
      vertex 222.244 -10 118.059
      vertex 275 -10 120
      vertex 222.5 -10 120
    endloop
  endfacet
  facet normal 0 -1 0
    outer loop
      vertex 275 -10 120
      vertex 285 -10 119.5
      vertex 285 -10 120
    endloop
  endfacet
  facet normal 0 -1 0
    outer loop
      vertex 221.495 -10 116.25
      vertex 275 -10 120
      vertex 222.244 -10 118.059
    endloop
  endfacet
  facet normal 0 -1 0
    outer loop
      vertex 220.303 -10 114.697
      vertex 275 -10 120
      vertex 221.495 -10 116.25
    endloop
  endfacet
  facet normal 0 -1 0
    outer loop
      vertex 215 -10 110
      vertex 275 -10 120
      vertex 220.303 -10 114.697
    endloop
  endfacet
  facet normal 0 -1 -0
    outer loop
      vertex 275 -10 120
      vertex 215 -10 110
      vertex 285 -10 119.5
    endloop
  endfacet
  facet normal 0 -1 0
    outer loop
      vertex 215 -10 110
      vertex 220.303 -10 114.697
      vertex 218.75 -10 113.505
    endloop
  endfacet
  facet normal 0 -1 0
    outer loop
      vertex 215 -10 110
      vertex 218.75 -10 113.505
      vertex 216.941 -10 112.756
    endloop
  endfacet
  facet normal 0 -1 0
    outer loop
      vertex 215 -10 110
      vertex 216.941 -10 112.756
      vertex 215 -10 112.5
    endloop
  endfacet
  facet normal 0 -1 -0
    outer loop
      vertex 285 -10 119.5
      vertex 215 -10 110
      vertex 345 -10 110
    endloop
  endfacet
  facet normal 0 -1 0
    outer loop
      vertex 285 -10 119.5
      vertex 345 -10 110
      vertex 345 -10 119.5
    endloop
  endfacet
  facet normal 0 -1 0
    outer loop
      vertex 295 -10 120.5
      vertex 335 -10 130
      vertex 295 -10 130
    endloop
  endfacet
  facet normal 0 -1 -0
    outer loop
      vertex 335 -10 130
      vertex 295 -10 120.5
      vertex 335 -10 120.5
    endloop
  endfacet
  facet normal 1 -0 0
    outer loop
      vertex 345 -10 119.5
      vertex 345 10 110
      vertex 345 10 119.5
    endloop
  endfacet
  facet normal 1 0 0
    outer loop
      vertex 345 10 110
      vertex 345 -10 119.5
      vertex 345 -10 110
    endloop
  endfacet
  facet normal 1 -0 0
    outer loop
      vertex 385 -50 120
      vertex 385 50 119.5
      vertex 385 50 120
    endloop
  endfacet
  facet normal 1 0 0
    outer loop
      vertex 385 50 119.5
      vertex 385 -50 120
      vertex 385 -50 119.5
    endloop
  endfacet
  facet normal 0 0 1
    outer loop
      vertex 375 50 120.5
      vertex 335 10 120.5
      vertex 375 -50 120.5
    endloop
  endfacet
  facet normal -0 0 1
    outer loop
      vertex 295 50 120.5
      vertex 335 10 120.5
      vertex 375 50 120.5
    endloop
  endfacet
  facet normal 0 0 1
    outer loop
      vertex 335 10 120.5
      vertex 295 50 120.5
      vertex 295 10 120.5
    endloop
  endfacet
  facet normal -0 0 1
    outer loop
      vertex 335 -10 120.5
      vertex 375 -50 120.5
      vertex 335 10 120.5
    endloop
  endfacet
  facet normal 0 0 1
    outer loop
      vertex 295 -50 120.5
      vertex 335 -10 120.5
      vertex 295 -10 120.5
    endloop
  endfacet
  facet normal 0 0 1
    outer loop
      vertex 335 -10 120.5
      vertex 295 -50 120.5
      vertex 375 -50 120.5
    endloop
  endfacet
  facet normal 0 0 -1
    outer loop
      vertex 385 -50 119.5
      vertex 345 -10 119.5
      vertex 385 50 119.5
    endloop
  endfacet
  facet normal 0 0 -1
    outer loop
      vertex 285 -50 119.5
      vertex 345 -10 119.5
      vertex 385 -50 119.5
    endloop
  endfacet
  facet normal -0 0 -1
    outer loop
      vertex 345 -10 119.5
      vertex 285 -50 119.5
      vertex 285 -10 119.5
    endloop
  endfacet
  facet normal 0 0 -1
    outer loop
      vertex 345 10 119.5
      vertex 385 50 119.5
      vertex 345 -10 119.5
    endloop
  endfacet
  facet normal 0 0 -1
    outer loop
      vertex 285 50 119.5
      vertex 345 10 119.5
      vertex 285 10 119.5
    endloop
  endfacet
  facet normal 0 0 -1
    outer loop
      vertex 345 10 119.5
      vertex 285 50 119.5
      vertex 385 50 119.5
    endloop
  endfacet
  facet normal -1 0 0
    outer loop
      vertex 285 -50 119.5
      vertex 285 -10 120
      vertex 285 -10 119.5
    endloop
  endfacet
  facet normal -1 -0 0
    outer loop
      vertex 285 -10 120
      vertex 285 -50 119.5
      vertex 285 -50 120
    endloop
  endfacet
  facet normal -1 0 0
    outer loop
      vertex 285 10 119.5
      vertex 285 50 120
      vertex 285 50 119.5
    endloop
  endfacet
  facet normal -1 -0 0
    outer loop
      vertex 285 50 120
      vertex 285 10 119.5
      vertex 285 10 120
    endloop
  endfacet
  facet normal 0 1 -0
    outer loop
      vertex 385 50 119.5
      vertex 375 50 120
      vertex 385 50 120
    endloop
  endfacet
  facet normal 0 1 0
    outer loop
      vertex 375 50 120
      vertex 385 50 119.5
      vertex 295 50 120
    endloop
  endfacet
  facet normal 0 1 0
    outer loop
      vertex 285 50 119.5
      vertex 295 50 120
      vertex 385 50 119.5
    endloop
  endfacet
  facet normal 0 1 0
    outer loop
      vertex 295 50 120
      vertex 285 50 119.5
      vertex 285 50 120
    endloop
  endfacet
  facet normal 0 1 -0
    outer loop
      vertex 375 50 120
      vertex 295 50 120.5
      vertex 375 50 120.5
    endloop
  endfacet
  facet normal 0 1 0
    outer loop
      vertex 295 50 120.5
      vertex 375 50 120
      vertex 295 50 120
    endloop
  endfacet
  facet normal 0 -1 0
    outer loop
      vertex 285 -50 119.5
      vertex 295 -50 120
      vertex 285 -50 120
    endloop
  endfacet
  facet normal 0 -1 -0
    outer loop
      vertex 295 -50 120
      vertex 285 -50 119.5
      vertex 375 -50 120
    endloop
  endfacet
  facet normal 0 -1 0
    outer loop
      vertex 385 -50 119.5
      vertex 375 -50 120
      vertex 285 -50 119.5
    endloop
  endfacet
  facet normal 0 -1 0
    outer loop
      vertex 375 -50 120
      vertex 385 -50 119.5
      vertex 385 -50 120
    endloop
  endfacet
  facet normal 0 -1 0
    outer loop
      vertex 295 -50 120
      vertex 375 -50 120.5
      vertex 295 -50 120.5
    endloop
  endfacet
  facet normal 0 -1 -0
    outer loop
      vertex 375 -50 120.5
      vertex 295 -50 120
      vertex 375 -50 120
    endloop
  endfacet
  facet normal -1 0 0
    outer loop
      vertex -350 -250 140
      vertex -350 250 153
      vertex -350 250 140
    endloop
  endfacet
  facet normal -1 -0 0
    outer loop
      vertex -350 250 153
      vertex -350 -250 140
      vertex -350 -250 153
    endloop
  endfacet
  facet normal -0 0 1
    outer loop
      vertex -293 123 153
      vertex -207 97 153
      vertex -207 123 153
    endloop
  endfacet
  facet normal 0 0 1
    outer loop
      vertex -207 97 153
      vertex -293 123 153
      vertex -293 97 153
    endloop
  endfacet
  facet normal 0 0 1
    outer loop
      vertex 150 250 153
      vertex 135 -62.5 153
      vertex 150 -250 153
    endloop
  endfacet
  facet normal 0 0 1
    outer loop
      vertex 150 250 153
      vertex -95 -62.5 153
      vertex 135 -62.5 153
    endloop
  endfacet
  facet normal 0 0 1
    outer loop
      vertex 150 250 153
      vertex -207 123 153
      vertex -95 -62.5 153
    endloop
  endfacet
  facet normal 0 0 1
    outer loop
      vertex -207 123 153
      vertex 150 250 153
      vertex -207 177 153
    endloop
  endfacet
  facet normal -0 0 1
    outer loop
      vertex -350 250 153
      vertex -207 177 153
      vertex 150 250 153
    endloop
  endfacet
  facet normal 0 0 1
    outer loop
      vertex -350 250 153
      vertex -293 123 153
      vertex -293 177 153
    endloop
  endfacet
  facet normal 0 0 1
    outer loop
      vertex -293 123 153
      vertex -350 250 153
      vertex -293 97 153
    endloop
  endfacet
  facet normal 0 0 1
    outer loop
      vertex -293 97 153
      vertex -350 250 153
      vertex -293 43 153
    endloop
  endfacet
  facet normal 0 0 1
    outer loop
      vertex -207 177 153
      vertex -350 250 153
      vertex -293 177 153
    endloop
  endfacet
  facet normal -0 0 1
    outer loop
      vertex 135 -237.5 153
      vertex 150 -250 153
      vertex 135 -62.5 153
    endloop
  endfacet
  facet normal -0 0 1
    outer loop
      vertex -95 -237.5 153
      vertex 150 -250 153
      vertex 135 -237.5 153
    endloop
  endfacet
  facet normal -0 0 1
    outer loop
      vertex -207 97 153
      vertex -95 -62.5 153
      vertex -207 123 153
    endloop
  endfacet
  facet normal -0 0 1
    outer loop
      vertex -207 43 153
      vertex -95 -62.5 153
      vertex -207 97 153
    endloop
  endfacet
  facet normal -0 0 1
    outer loop
      vertex -293 43 153
      vertex -95 -62.5 153
      vertex -207 43 153
    endloop
  endfacet
  facet normal 0 0 1
    outer loop
      vertex -95 -62.5 153
      vertex -293 43 153
      vertex -350 -250 153
    endloop
  endfacet
  facet normal 0 0 1
    outer loop
      vertex -95 -237.5 153
      vertex -350 -250 153
      vertex 150 -250 153
    endloop
  endfacet
  facet normal 0 0 1
    outer loop
      vertex -95 -62.5 153
      vertex -350 -250 153
      vertex -95 -237.5 153
    endloop
  endfacet
  facet normal 0 0 1
    outer loop
      vertex -350 -250 153
      vertex -293 43 153
      vertex -350 250 153
    endloop
  endfacet
  facet normal 1 -0 0
    outer loop
      vertex 150 -250 153
      vertex 150 250 140
      vertex 150 250 153
    endloop
  endfacet
  facet normal 1 0 0
    outer loop
      vertex 150 250 140
      vertex 150 -250 153
      vertex 150 -250 140
    endloop
  endfacet
  facet normal 0 1 0
    outer loop
      vertex 5.7 250 140
      vertex 150 250 153
      vertex 150 250 140
    endloop
  endfacet
  facet normal 0 1 0
    outer loop
      vertex -14.3 250 140
      vertex 150 250 153
      vertex 5.7 250 140
    endloop
  endfacet
  facet normal 0 1 0
    outer loop
      vertex 150 250 153
      vertex -14.3 250 140
      vertex -350 250 153
    endloop
  endfacet
  facet normal 0 1 -0
    outer loop
      vertex -185.7 250 140
      vertex -350 250 153
      vertex -14.3 250 140
    endloop
  endfacet
  facet normal 0 1 -0
    outer loop
      vertex -205.7 250 140
      vertex -350 250 153
      vertex -185.7 250 140
    endloop
  endfacet
  facet normal 0 1 0
    outer loop
      vertex -350 250 153
      vertex -205.7 250 140
      vertex -350 250 140
    endloop
  endfacet
  facet normal 0 -1 0
    outer loop
      vertex -205.7 -250 140
      vertex -350 -250 153
      vertex -350 -250 140
    endloop
  endfacet
  facet normal 0 -1 0
    outer loop
      vertex -185.7 -250 140
      vertex -350 -250 153
      vertex -205.7 -250 140
    endloop
  endfacet
  facet normal 0 -1 0
    outer loop
      vertex -350 -250 153
      vertex -185.7 -250 140
      vertex 150 -250 153
    endloop
  endfacet
  facet normal 0 -1 0
    outer loop
      vertex -14.3 -250 140
      vertex 150 -250 153
      vertex -185.7 -250 140
    endloop
  endfacet
  facet normal 0 -1 0
    outer loop
      vertex 5.7 -250 140
      vertex 150 -250 153
      vertex -14.3 -250 140
    endloop
  endfacet
  facet normal 0 -1 -0
    outer loop
      vertex 150 -250 153
      vertex 5.7 -250 140
      vertex 150 -250 140
    endloop
  endfacet
  facet normal -1 0 0
    outer loop
      vertex -95 -237.5 153
      vertex -95 -62.5 371.5
      vertex -95 -62.5 153
    endloop
  endfacet
  facet normal -1 -0 0
    outer loop
      vertex -95 -62.5 371.5
      vertex -95 -237.5 153
      vertex -95 -237.5 371.5
    endloop
  endfacet
  facet normal -0 0 1
    outer loop
      vertex -95 -62.5 371.5
      vertex 135 -237.5 371.5
      vertex 135 -62.5 371.5
    endloop
  endfacet
  facet normal 0 0 1
    outer loop
      vertex 135 -237.5 371.5
      vertex -95 -62.5 371.5
      vertex -95 -237.5 371.5
    endloop
  endfacet
  facet normal 1 -0 0
    outer loop
      vertex 135 -237.5 371.5
      vertex 135 -62.5 153
      vertex 135 -62.5 371.5
    endloop
  endfacet
  facet normal 1 0 0
    outer loop
      vertex 135 -62.5 153
      vertex 135 -237.5 371.5
      vertex 135 -237.5 153
    endloop
  endfacet
  facet normal 0 1 -0
    outer loop
      vertex 135 -62.5 153
      vertex -95 -62.5 371.5
      vertex 135 -62.5 371.5
    endloop
  endfacet
  facet normal 0 1 0
    outer loop
      vertex -95 -62.5 371.5
      vertex 135 -62.5 153
      vertex -95 -62.5 153
    endloop
  endfacet
  facet normal 0 -1 0
    outer loop
      vertex -95 -237.5 153
      vertex 135 -237.5 371.5
      vertex -95 -237.5 371.5
    endloop
  endfacet
  facet normal 0 -1 -0
    outer loop
      vertex 135 -237.5 371.5
      vertex -95 -237.5 153
      vertex 135 -237.5 153
    endloop
  endfacet
  facet normal -1 0 0
    outer loop
      vertex -293 123 153
      vertex -293 177 163.5
      vertex -293 177 153
    endloop
  endfacet
  facet normal -1 -0 0
    outer loop
      vertex -293 177 163.5
      vertex -293 123 153
      vertex -293 123 163.5
    endloop
  endfacet
  facet normal -0 0 1
    outer loop
      vertex -293 177 163.5
      vertex -207 123 163.5
      vertex -207 177 163.5
    endloop
  endfacet
  facet normal 0 0 1
    outer loop
      vertex -207 123 163.5
      vertex -293 177 163.5
      vertex -293 123 163.5
    endloop
  endfacet
  facet normal 1 -0 0
    outer loop
      vertex -207 123 163.5
      vertex -207 177 153
      vertex -207 177 163.5
    endloop
  endfacet
  facet normal 1 0 0
    outer loop
      vertex -207 177 153
      vertex -207 123 163.5
      vertex -207 123 153
    endloop
  endfacet
  facet normal 0 1 -0
    outer loop
      vertex -207 177 153
      vertex -293 177 163.5
      vertex -207 177 163.5
    endloop
  endfacet
  facet normal 0 1 0
    outer loop
      vertex -293 177 163.5
      vertex -207 177 153
      vertex -293 177 153
    endloop
  endfacet
  facet normal 0 -1 0
    outer loop
      vertex -293 123 153
      vertex -207 123 163.5
      vertex -293 123 163.5
    endloop
  endfacet
  facet normal 0 -1 -0
    outer loop
      vertex -207 123 163.5
      vertex -293 123 153
      vertex -207 123 153
    endloop
  endfacet
  facet normal -1 0 0
    outer loop
      vertex -293 43 153
      vertex -293 97 163.5
      vertex -293 97 153
    endloop
  endfacet
  facet normal -1 -0 0
    outer loop
      vertex -293 97 163.5
      vertex -293 43 153
      vertex -293 43 163.5
    endloop
  endfacet
  facet normal -0 0 1
    outer loop
      vertex -293 97 163.5
      vertex -207 43 163.5
      vertex -207 97 163.5
    endloop
  endfacet
  facet normal 0 0 1
    outer loop
      vertex -207 43 163.5
      vertex -293 97 163.5
      vertex -293 43 163.5
    endloop
  endfacet
  facet normal 1 -0 0
    outer loop
      vertex -207 43 163.5
      vertex -207 97 153
      vertex -207 97 163.5
    endloop
  endfacet
  facet normal 1 0 0
    outer loop
      vertex -207 97 153
      vertex -207 43 163.5
      vertex -207 43 153
    endloop
  endfacet
  facet normal 0 1 -0
    outer loop
      vertex -207 97 153
      vertex -293 97 163.5
      vertex -207 97 163.5
    endloop
  endfacet
  facet normal 0 1 0
    outer loop
      vertex -293 97 163.5
      vertex -207 97 153
      vertex -293 97 153
    endloop
  endfacet
  facet normal 0 -1 0
    outer loop
      vertex -293 43 153
      vertex -207 43 163.5
      vertex -293 43 163.5
    endloop
  endfacet
  facet normal 0 -1 -0
    outer loop
      vertex -207 43 163.5
      vertex -293 43 153
      vertex -207 43 153
    endloop
  endfacet
  facet normal 0 0 -1
    outer loop
      vertex -90 -165 440
      vertex 85 165 440
      vertex 85 -165 440
    endloop
  endfacet
  facet normal -0 0 -1
    outer loop
      vertex 85 165 440
      vertex -90 -165 440
      vertex -90 165 440
    endloop
  endfacet
  facet normal 0 0 1
    outer loop
      vertex -380 -165 440
      vertex -385 -165 440
      vertex -380 -280 440
    endloop
  endfacet
  facet normal 0 0 1
    outer loop
      vertex -90 -165 440
      vertex -110 -165 440
      vertex -90 -280 440
    endloop
  endfacet
  facet normal 0 0 1
    outer loop
      vertex 200 300 440
      vertex 180 280 440
      vertex 200 -300 440
    endloop
  endfacet
  facet normal 0 0 1
    outer loop
      vertex 200 300 440
      vertex -90 280 440
      vertex 180 280 440
    endloop
  endfacet
  facet normal 0 0 1
    outer loop
      vertex -90 280 440
      vertex -110 280 440
      vertex -90 165 440
    endloop
  endfacet
  facet normal 0 0 1
    outer loop
      vertex 200 300 440
      vertex -110 280 440
      vertex -90 280 440
    endloop
  endfacet
  facet normal -0 0 1
    outer loop
      vertex -400 300 440
      vertex -110 280 440
      vertex 200 300 440
    endloop
  endfacet
  facet normal 0 0 1
    outer loop
      vertex -380 280 440
      vertex -385 165 440
      vertex -380 165 440
    endloop
  endfacet
  facet normal 0 0 1
    outer loop
      vertex -385 165 440
      vertex -400 300 440
      vertex -385 -165 440
    endloop
  endfacet
  facet normal 0 0 1
    outer loop
      vertex -380 280 440
      vertex -400 300 440
      vertex -385 165 440
    endloop
  endfacet
  facet normal 0 0 1
    outer loop
      vertex -110 280 440
      vertex -400 300 440
      vertex -380 280 440
    endloop
  endfacet
  facet normal -0 0 1
    outer loop
      vertex 180 -280 440
      vertex 200 -300 440
      vertex 180 280 440
    endloop
  endfacet
  facet normal -0 0 1
    outer loop
      vertex -90 -280 440
      vertex 200 -300 440
      vertex 180 -280 440
    endloop
  endfacet
  facet normal 0 0 1
    outer loop
      vertex -110 -280 440
      vertex -90 -280 440
      vertex -110 -165 440
    endloop
  endfacet
  facet normal -0 0 1
    outer loop
      vertex -110 -280 440
      vertex 200 -300 440
      vertex -90 -280 440
    endloop
  endfacet
  facet normal 0 0 1
    outer loop
      vertex -400 -300 440
      vertex -110 -280 440
      vertex -380 -280 440
    endloop
  endfacet
  facet normal 0 0 1
    outer loop
      vertex -110 -280 440
      vertex -400 -300 440
      vertex 200 -300 440
    endloop
  endfacet
  facet normal 0 0 1
    outer loop
      vertex -385 -165 440
      vertex -400 -300 440
      vertex -380 -280 440
    endloop
  endfacet
  facet normal 0 0 1
    outer loop
      vertex -400 -300 440
      vertex -385 -165 440
      vertex -400 300 440
    endloop
  endfacet
  facet normal 0 0 1
    outer loop
      vertex -90 165 440
      vertex -110 280 440
      vertex -110 165 440
    endloop
  endfacet
  facet normal 0 0 -1
    outer loop
      vertex -380 -165 440
      vertex -110 165 440
      vertex -110 -165 440
    endloop
  endfacet
  facet normal -0 0 -1
    outer loop
      vertex -110 165 440
      vertex -380 -165 440
      vertex -380 165 440
    endloop
  endfacet
  facet normal -1 0 0
    outer loop
      vertex 180 -300 140
      vertex 180 -280 229
      vertex 180 -280 140
    endloop
  endfacet
  facet normal -1 -0 0
    outer loop
      vertex 180 -280 229
      vertex 180 -300 140
      vertex 180 -280 249
    endloop
  endfacet
  facet normal -1 0 0
    outer loop
      vertex 180 -300 420
      vertex 180 -280 249
      vertex 180 -300 140
    endloop
  endfacet
  facet normal -1 0 0
    outer loop
      vertex 180 -280 249
      vertex 180 -300 420
      vertex 180 -280 420
    endloop
  endfacet
  facet normal -1 0 0
    outer loop
      vertex 180 -280 229
      vertex 180 280 249
      vertex 180 280 229
    endloop
  endfacet
  facet normal -1 -0 0
    outer loop
      vertex 180 280 249
      vertex 180 -280 229
      vertex 180 -280 249
    endloop
  endfacet
  facet normal -1 0 0
    outer loop
      vertex 180 280 229
      vertex 180 300 140
      vertex 180 280 140
    endloop
  endfacet
  facet normal -1 0 0
    outer loop
      vertex 180 280 249
      vertex 180 300 140
      vertex 180 280 229
    endloop
  endfacet
  facet normal -1 0 0
    outer loop
      vertex 180 300 140
      vertex 180 280 249
      vertex 180 300 420
    endloop
  endfacet
  facet normal -1 -0 0
    outer loop
      vertex 180 300 420
      vertex 180 280 249
      vertex 180 280 420
    endloop
  endfacet
  facet normal 0 -1 0
    outer loop
      vertex 180 280 249
      vertex 200 280 420
      vertex 180 280 420
    endloop
  endfacet
  facet normal 0 -1 -0
    outer loop
      vertex 200 280 420
      vertex 180 280 249
      vertex 200 280 249
    endloop
  endfacet
  facet normal 0 -1 0
    outer loop
      vertex 180 280 140
      vertex 200 280 229
      vertex 180 280 229
    endloop
  endfacet
  facet normal 0 -1 -0
    outer loop
      vertex 200 280 229
      vertex 180 280 140
      vertex 200 280 140
    endloop
  endfacet
  facet normal 0 1 -0
    outer loop
      vertex 200 -280 249
      vertex 180 -280 420
      vertex 200 -280 420
    endloop
  endfacet
  facet normal 0 1 0
    outer loop
      vertex 180 -280 420
      vertex 200 -280 249
      vertex 180 -280 249
    endloop
  endfacet
  facet normal 0 1 -0
    outer loop
      vertex 200 -280 140
      vertex 180 -280 229
      vertex 200 -280 229
    endloop
  endfacet
  facet normal 0 1 0
    outer loop
      vertex 180 -280 229
      vertex 200 -280 140
      vertex 180 -280 140
    endloop
  endfacet
  facet normal 1 -0 0
    outer loop
      vertex -380 -300 420
      vertex -380 -280 140
      vertex -380 -280 420
    endloop
  endfacet
  facet normal 1 0 0
    outer loop
      vertex -380 -280 140
      vertex -380 -300 420
      vertex -380 -300 140
    endloop
  endfacet
  facet normal 0 1 -0
    outer loop
      vertex -380 -280 140
      vertex -400 -280 420
      vertex -380 -280 420
    endloop
  endfacet
  facet normal 0 1 0
    outer loop
      vertex -400 -280 420
      vertex -380 -280 140
      vertex -400 -280 140
    endloop
  endfacet
  facet normal 1 -0 0
    outer loop
      vertex -380 280 420
      vertex -380 300 140
      vertex -380 300 420
    endloop
  endfacet
  facet normal 1 0 0
    outer loop
      vertex -380 300 140
      vertex -380 280 420
      vertex -380 280 140
    endloop
  endfacet
  facet normal 0 -1 0
    outer loop
      vertex -400 280 140
      vertex -380 280 420
      vertex -400 280 420
    endloop
  endfacet
  facet normal 0 -1 -0
    outer loop
      vertex -380 280 420
      vertex -400 280 140
      vertex -380 280 140
    endloop
  endfacet
  facet normal 0 0 -1
    outer loop
      vertex -400 -280 420
      vertex -380 280 420
      vertex -380 -280 420
    endloop
  endfacet
  facet normal -0 0 -1
    outer loop
      vertex -380 280 420
      vertex -400 -280 420
      vertex -400 280 420
    endloop
  endfacet
  facet normal 0 0 -1
    outer loop
      vertex 180 -300 420
      vertex -90 -280 420
      vertex 180 -280 420
    endloop
  endfacet
  facet normal 0 0 -1
    outer loop
      vertex -90 -280 420
      vertex -110 -280 420
      vertex -90 280 420
    endloop
  endfacet
  facet normal 0 0 -1
    outer loop
      vertex 180 -300 420
      vertex -110 -280 420
      vertex -90 -280 420
    endloop
  endfacet
  facet normal 0 0 -1
    outer loop
      vertex -380 -300 420
      vertex -110 -280 420
      vertex 180 -300 420
    endloop
  endfacet
  facet normal -0 0 -1
    outer loop
      vertex -110 -280 420
      vertex -380 -300 420
      vertex -380 -280 420
    endloop
  endfacet
  facet normal 0 0 -1
    outer loop
      vertex -90 280 420
      vertex 180 300 420
      vertex 180 280 420
    endloop
  endfacet
  facet normal 0 0 -1
    outer loop
      vertex -110 280 420
      vertex -90 280 420
      vertex -110 -280 420
    endloop
  endfacet
  facet normal 0 0 -1
    outer loop
      vertex -110 280 420
      vertex 180 300 420
      vertex -90 280 420
    endloop
  endfacet
  facet normal 0 0 -1
    outer loop
      vertex -380 300 420
      vertex -110 280 420
      vertex -380 280 420
    endloop
  endfacet
  facet normal 0 0 -1
    outer loop
      vertex -110 280 420
      vertex -380 300 420
      vertex 180 300 420
    endloop
  endfacet
  facet normal 0 0 -1
    outer loop
      vertex 180 -280 420
      vertex 200 280 420
      vertex 200 -280 420
    endloop
  endfacet
  facet normal -0 0 -1
    outer loop
      vertex 200 280 420
      vertex 180 -280 420
      vertex 180 280 420
    endloop
  endfacet
  facet normal 0 -1 0
    outer loop
      vertex -380 280 420
      vertex -110 280 440
      vertex -380 280 440
    endloop
  endfacet
  facet normal 0 -1 -0
    outer loop
      vertex -110 280 440
      vertex -380 280 420
      vertex -110 280 420
    endloop
  endfacet
  facet normal 0 -1 0
    outer loop
      vertex -90 280 420
      vertex 180 280 440
      vertex -90 280 440
    endloop
  endfacet
  facet normal 0 -1 -0
    outer loop
      vertex 180 280 440
      vertex -90 280 420
      vertex 180 280 420
    endloop
  endfacet
  facet normal 0 1 -0
    outer loop
      vertex -110 -280 420
      vertex -380 -280 440
      vertex -110 -280 440
    endloop
  endfacet
  facet normal 0 1 0
    outer loop
      vertex -380 -280 440
      vertex -110 -280 420
      vertex -380 -280 420
    endloop
  endfacet
  facet normal 0 1 -0
    outer loop
      vertex 180 -280 420
      vertex -90 -280 440
      vertex 180 -280 440
    endloop
  endfacet
  facet normal 0 1 0
    outer loop
      vertex -90 -280 440
      vertex 180 -280 420
      vertex -90 -280 420
    endloop
  endfacet
  facet normal -1 0 0
    outer loop
      vertex 180 -280 420
      vertex 180 280 440
      vertex 180 280 420
    endloop
  endfacet
  facet normal -1 -0 0
    outer loop
      vertex 180 280 440
      vertex 180 -280 420
      vertex 180 -280 440
    endloop
  endfacet
  facet normal 1 -0 0
    outer loop
      vertex -90 165 440
      vertex -90 280 420
      vertex -90 280 440
    endloop
  endfacet
  facet normal 1 -0 0
    outer loop
      vertex -90 -165 440
      vertex -90 280 420
      vertex -90 165 440
    endloop
  endfacet
  facet normal 1 0 0
    outer loop
      vertex -90 -280 420
      vertex -90 -165 440
      vertex -90 -280 440
    endloop
  endfacet
  facet normal 1 0 0
    outer loop
      vertex -90 -165 440
      vertex -90 -280 420
      vertex -90 280 420
    endloop
  endfacet
  facet normal -1 0 0
    outer loop
      vertex -110 280 420
      vertex -110 165 440
      vertex -110 280 440
    endloop
  endfacet
  facet normal -1 0 0
    outer loop
      vertex -110 280 420
      vertex -110 -165 440
      vertex -110 165 440
    endloop
  endfacet
  facet normal -1 0 0
    outer loop
      vertex -110 -280 420
      vertex -110 -165 440
      vertex -110 280 420
    endloop
  endfacet
  facet normal -1 -0 0
    outer loop
      vertex -110 -165 440
      vertex -110 -280 420
      vertex -110 -280 440
    endloop
  endfacet
  facet normal 1 -0 0
    outer loop
      vertex -380 165 440
      vertex -380 280 420
      vertex -380 280 440
    endloop
  endfacet
  facet normal 1 -0 0
    outer loop
      vertex -380 -165 440
      vertex -380 280 420
      vertex -380 165 440
    endloop
  endfacet
  facet normal 1 0 0
    outer loop
      vertex -380 -280 420
      vertex -380 -165 440
      vertex -380 -280 440
    endloop
  endfacet
  facet normal 1 0 0
    outer loop
      vertex -380 -165 440
      vertex -380 -280 420
      vertex -380 280 420
    endloop
  endfacet
  facet normal -0 0 1
    outer loop
      vertex 180 280 249
      vertex 200 -280 249
      vertex 200 280 249
    endloop
  endfacet
  facet normal 0 0 1
    outer loop
      vertex 200 -280 249
      vertex 180 280 249
      vertex 180 -280 249
    endloop
  endfacet
  facet normal 0 0 -1
    outer loop
      vertex 180 -280 229
      vertex 200 280 229
      vertex 200 -280 229
    endloop
  endfacet
  facet normal -0 0 -1
    outer loop
      vertex 200 280 229
      vertex 180 -280 229
      vertex 180 280 229
    endloop
  endfacet
  facet normal -1 0 0
    outer loop
      vertex 100 -321 549
      vertex 100 -325 549
      vertex 100 -321 1798
    endloop
  endfacet
  facet normal -1 0 0
    outer loop
      vertex 100 321 1798
      vertex 100 325 549
      vertex 100 321 549
    endloop
  endfacet
  facet normal -1 0 0
    outer loop
      vertex 100 325 549
      vertex 100 321 1798
      vertex 100 325 1802
    endloop
  endfacet
  facet normal -1 0 0
    outer loop
      vertex 100 -321 1798
      vertex 100 325 1802
      vertex 100 321 1798
    endloop
  endfacet
  facet normal -1 0 0
    outer loop
      vertex 100 -321 1798
      vertex 100 -325 1802
      vertex 100 325 1802
    endloop
  endfacet
  facet normal -1 0 0
    outer loop
      vertex 100 -325 1802
      vertex 100 -321 1798
      vertex 100 -325 549
    endloop
  endfacet
  facet normal -1 0 0
    outer loop
      vertex 100 321 100
      vertex 100 325 449
      vertex 100 325 100
    endloop
  endfacet
  facet normal -1 -0 0
    outer loop
      vertex 100 325 449
      vertex 100 321 100
      vertex 100 321 449
    endloop
  endfacet
  facet normal -1 0 0
    outer loop
      vertex 100 -325 100
      vertex 100 -321 449
      vertex 100 -321 100
    endloop
  endfacet
  facet normal -1 -0 0
    outer loop
      vertex 100 -321 449
      vertex 100 -325 100
      vertex 100 -325 449
    endloop
  endfacet
  facet normal 0 0 -1
    outer loop
      vertex 100 321 100
      vertex 200 325 100
      vertex 200 321 100
    endloop
  endfacet
  facet normal -0 0 -1
    outer loop
      vertex 200 325 100
      vertex 100 321 100
      vertex 100 325 100
    endloop
  endfacet
  facet normal 1 -0 0
    outer loop
      vertex 200 -329 549
      vertex 200 -325 449
      vertex 200 -325 549
    endloop
  endfacet
  facet normal 1 0 0
    outer loop
      vertex 200 -325 449
      vertex 200 -329 549
      vertex 200 -329 449
    endloop
  endfacet
  facet normal 1 -0 0
    outer loop
      vertex 200 321 1798
      vertex 200 325 549
      vertex 200 325 1802
    endloop
  endfacet
  facet normal 1 0 0
    outer loop
      vertex 200 325 549
      vertex 200 321 1798
      vertex 200 325 449
    endloop
  endfacet
  facet normal 1 0 0
    outer loop
      vertex 200 321 100
      vertex 200 325 449
      vertex 200 321 1798
    endloop
  endfacet
  facet normal 1 0 0
    outer loop
      vertex 200 325 1802
      vertex 200 -321 1798
      vertex 200 321 1798
    endloop
  endfacet
  facet normal 1 -0 0
    outer loop
      vertex 200 -325 1802
      vertex 200 -321 1798
      vertex 200 325 1802
    endloop
  endfacet
  facet normal 1 0 0
    outer loop
      vertex 200 -325 549
      vertex 200 -321 1798
      vertex 200 -325 1802
    endloop
  endfacet
  facet normal 1 0 0
    outer loop
      vertex 200 -321 1798
      vertex 200 -325 549
      vertex 200 -321 100
    endloop
  endfacet
  facet normal 1 -0 0
    outer loop
      vertex 200 -325 449
      vertex 200 -321 100
      vertex 200 -325 549
    endloop
  endfacet
  facet normal 1 0 0
    outer loop
      vertex 200 -321 100
      vertex 200 -325 449
      vertex 200 -325 100
    endloop
  endfacet
  facet normal 1 -0 0
    outer loop
      vertex 200 325 549
      vertex 200 329 449
      vertex 200 329 549
    endloop
  endfacet
  facet normal 1 0 0
    outer loop
      vertex 200 329 449
      vertex 200 325 549
      vertex 200 325 449
    endloop
  endfacet
  facet normal 1 0 0
    outer loop
      vertex 200 325 449
      vertex 200 321 100
      vertex 200 325 100
    endloop
  endfacet
  facet normal 0 1 -0
    outer loop
      vertex 200 325 549
      vertex 100 325 1802
      vertex 200 325 1802
    endloop
  endfacet
  facet normal 0 1 0
    outer loop
      vertex 100 325 1802
      vertex 200 325 549
      vertex 100 325 549
    endloop
  endfacet
  facet normal 0 1 -0
    outer loop
      vertex 200 325 100
      vertex 100 325 449
      vertex 200 325 449
    endloop
  endfacet
  facet normal 0 1 0
    outer loop
      vertex 100 325 449
      vertex 200 325 100
      vertex 100 325 100
    endloop
  endfacet
  facet normal 0 -1 0
    outer loop
      vertex 100 321 449
      vertex 100 321 100
      vertex 102 321 449
    endloop
  endfacet
  facet normal 0 -1 0
    outer loop
      vertex 102 321 549
      vertex 100 321 1798
      vertex 100 321 549
    endloop
  endfacet
  facet normal 0 -1 0
    outer loop
      vertex 100 321 1798
      vertex 102 321 549
      vertex 200 321 1798
    endloop
  endfacet
  facet normal 0 -1 0
    outer loop
      vertex 200 321 100
      vertex 102 321 549
      vertex 102 321 449
    endloop
  endfacet
  facet normal 0 -1 0
    outer loop
      vertex 200 321 100
      vertex 102 321 449
      vertex 100 321 100
    endloop
  endfacet
  facet normal 0 -1 0
    outer loop
      vertex 102 321 549
      vertex 200 321 100
      vertex 200 321 1798
    endloop
  endfacet
  facet normal 0 0 -1
    outer loop
      vertex 100 -325 100
      vertex 200 -321 100
      vertex 200 -325 100
    endloop
  endfacet
  facet normal -0 0 -1
    outer loop
      vertex 200 -321 100
      vertex 100 -325 100
      vertex 100 -321 100
    endloop
  endfacet
  facet normal 0 1 0
    outer loop
      vertex 200 -321 1798
      vertex 102 -321 549
      vertex 100 -321 1798
    endloop
  endfacet
  facet normal 0 1 -0
    outer loop
      vertex 200 -321 100
      vertex 102 -321 549
      vertex 200 -321 1798
    endloop
  endfacet
  facet normal 0 1 0
    outer loop
      vertex 102 -321 549
      vertex 200 -321 100
      vertex 102 -321 449
    endloop
  endfacet
  facet normal 0 1 0
    outer loop
      vertex 100 -321 100
      vertex 102 -321 449
      vertex 200 -321 100
    endloop
  endfacet
  facet normal 0 1 0
    outer loop
      vertex 102 -321 449
      vertex 100 -321 100
      vertex 100 -321 449
    endloop
  endfacet
  facet normal 0 1 0
    outer loop
      vertex 100 -321 1798
      vertex 102 -321 549
      vertex 100 -321 549
    endloop
  endfacet
  facet normal 0 -1 0
    outer loop
      vertex 100 -325 549
      vertex 200 -325 1802
      vertex 100 -325 1802
    endloop
  endfacet
  facet normal 0 -1 -0
    outer loop
      vertex 200 -325 1802
      vertex 100 -325 549
      vertex 200 -325 549
    endloop
  endfacet
  facet normal 0 -1 0
    outer loop
      vertex 100 -325 100
      vertex 200 -325 449
      vertex 100 -325 449
    endloop
  endfacet
  facet normal 0 -1 -0
    outer loop
      vertex 200 -325 449
      vertex 100 -325 100
      vertex 200 -325 100
    endloop
  endfacet
  facet normal -0 0 1
    outer loop
      vertex 100 325 1802
      vertex 200 -325 1802
      vertex 200 325 1802
    endloop
  endfacet
  facet normal 0 0 1
    outer loop
      vertex 200 -325 1802
      vertex 100 325 1802
      vertex 100 -325 1802
    endloop
  endfacet
  facet normal 0 0 -1
    outer loop
      vertex 100 -321 1798
      vertex 200 321 1798
      vertex 200 -321 1798
    endloop
  endfacet
  facet normal -0 0 -1
    outer loop
      vertex 200 321 1798
      vertex 100 -321 1798
      vertex 100 321 1798
    endloop
  endfacet
  facet normal -1 0 0
    outer loop
      vertex 100 325 449
      vertex 100 329 549
      vertex 100 329 449
    endloop
  endfacet
  facet normal -1 -0 0
    outer loop
      vertex 100 329 549
      vertex 100 325 449
      vertex 100 325 549
    endloop
  endfacet
  facet normal -0 0 1
    outer loop
      vertex 98 325 549
      vertex 100 321 549
      vertex 100 325 549
    endloop
  endfacet
  facet normal 0 0 1
    outer loop
      vertex 100 321 549
      vertex 98 325 549
      vertex 100 -321 549
    endloop
  endfacet
  facet normal 0 0 1
    outer loop
      vertex 98 -325 549
      vertex 100 -321 549
      vertex 98 325 549
    endloop
  endfacet
  facet normal 0 0 1
    outer loop
      vertex 100 -321 549
      vertex 98 -325 549
      vertex 100 -325 549
    endloop
  endfacet
  facet normal -0 0 1
    outer loop
      vertex 100 321 549
      vertex 102 -321 549
      vertex 102 321 549
    endloop
  endfacet
  facet normal 0 0 1
    outer loop
      vertex 102 -321 549
      vertex 100 321 549
      vertex 100 -321 549
    endloop
  endfacet
  facet normal -0 0 1
    outer loop
      vertex 100 329 549
      vertex 200 325 549
      vertex 200 329 549
    endloop
  endfacet
  facet normal 0 0 1
    outer loop
      vertex 200 325 549
      vertex 100 329 549
      vertex 100 325 549
    endloop
  endfacet
  facet normal -0 0 1
    outer loop
      vertex 100 -325 549
      vertex 200 -329 549
      vertex 200 -325 549
    endloop
  endfacet
  facet normal 0 0 1
    outer loop
      vertex 200 -329 549
      vertex 100 -325 549
      vertex 100 -329 549
    endloop
  endfacet
  facet normal 0 0 -1
    outer loop
      vertex 98 -237.5 449
      vertex 100 237.5 449
      vertex 100 -237.5 449
    endloop
  endfacet
  facet normal -0 0 -1
    outer loop
      vertex 100 237.5 449
      vertex 98 -237.5 449
      vertex 98 237.5 449
    endloop
  endfacet
  facet normal 0 0 -1
    outer loop
      vertex 100 -312.5 449
      vertex 102 -321 449
      vertex 100 -321 449
    endloop
  endfacet
  facet normal 0 0 -1
    outer loop
      vertex 100 -237.5 449
      vertex 102 -321 449
      vertex 100 -312.5 449
    endloop
  endfacet
  facet normal 0 0 -1
    outer loop
      vertex 102 -321 449
      vertex 100 -237.5 449
      vertex 102 321 449
    endloop
  endfacet
  facet normal 0 0 -1
    outer loop
      vertex 100 237.5 449
      vertex 102 321 449
      vertex 100 -237.5 449
    endloop
  endfacet
  facet normal 0 0 -1
    outer loop
      vertex 100 312.5 449
      vertex 102 321 449
      vertex 100 237.5 449
    endloop
  endfacet
  facet normal 0 0 -1
    outer loop
      vertex 100 312.5 449
      vertex 100 321 449
      vertex 102 321 449
    endloop
  endfacet
  facet normal 0 0 -1
    outer loop
      vertex 98 312.5 449
      vertex 100 321 449
      vertex 100 312.5 449
    endloop
  endfacet
  facet normal 0 0 -1
    outer loop
      vertex 98 325 449
      vertex 100 321 449
      vertex 98 312.5 449
    endloop
  endfacet
  facet normal 0 0 -1
    outer loop
      vertex 100 321 449
      vertex 98 325 449
      vertex 100 325 449
    endloop
  endfacet
  facet normal 0 0 -1
    outer loop
      vertex 98 -325 449
      vertex 100 -321 449
      vertex 100 -325 449
    endloop
  endfacet
  facet normal 0 0 -1
    outer loop
      vertex 98 -312.5 449
      vertex 100 -321 449
      vertex 98 -325 449
    endloop
  endfacet
  facet normal 0 0 -1
    outer loop
      vertex 100 -321 449
      vertex 98 -312.5 449
      vertex 100 -312.5 449
    endloop
  endfacet
  facet normal 0 0 -1
    outer loop
      vertex 100 325 449
      vertex 200 329 449
      vertex 200 325 449
    endloop
  endfacet
  facet normal -0 0 -1
    outer loop
      vertex 200 329 449
      vertex 100 325 449
      vertex 100 329 449
    endloop
  endfacet
  facet normal 0 0 -1
    outer loop
      vertex 100 -329 449
      vertex 200 -325 449
      vertex 200 -329 449
    endloop
  endfacet
  facet normal -0 0 -1
    outer loop
      vertex 200 -325 449
      vertex 100 -329 449
      vertex 100 -325 449
    endloop
  endfacet
  facet normal 0 1 -0
    outer loop
      vertex 200 329 449
      vertex 100 329 549
      vertex 200 329 549
    endloop
  endfacet
  facet normal 0 1 0
    outer loop
      vertex 100 329 549
      vertex 200 329 449
      vertex 100 329 449
    endloop
  endfacet
  facet normal 0 1 -0
    outer loop
      vertex 100 325 449
      vertex 98 325 549
      vertex 100 325 549
    endloop
  endfacet
  facet normal 0 1 0
    outer loop
      vertex 98 325 549
      vertex 100 325 449
      vertex 98 325 449
    endloop
  endfacet
  facet normal -1 0 0
    outer loop
      vertex 100 -329 449
      vertex 100 -325 549
      vertex 100 -325 449
    endloop
  endfacet
  facet normal -1 -0 0
    outer loop
      vertex 100 -325 549
      vertex 100 -329 449
      vertex 100 -329 549
    endloop
  endfacet
  facet normal 0 -1 0
    outer loop
      vertex 98 -325 449
      vertex 100 -325 549
      vertex 98 -325 549
    endloop
  endfacet
  facet normal 0 -1 -0
    outer loop
      vertex 100 -325 549
      vertex 98 -325 449
      vertex 100 -325 449
    endloop
  endfacet
  facet normal 0 -1 0
    outer loop
      vertex 100 -329 449
      vertex 200 -329 549
      vertex 100 -329 549
    endloop
  endfacet
  facet normal 0 -1 -0
    outer loop
      vertex 200 -329 549
      vertex 100 -329 449
      vertex 200 -329 449
    endloop
  endfacet
  facet normal -1 0 0
    outer loop
      vertex 98 -312.5 449
      vertex 98 -325 449
      vertex 98 -312.5 522
    endloop
  endfacet
  facet normal -1 0 0
    outer loop
      vertex 98 237.5 449
      vertex 98 -237.5 449
      vertex 98 237.5 522
    endloop
  endfacet
  facet normal -1 0 0
    outer loop
      vertex 98 312.5 522
      vertex 98 325 449
      vertex 98 312.5 449
    endloop
  endfacet
  facet normal -1 0 0
    outer loop
      vertex 98 325 449
      vertex 98 312.5 522
      vertex 98 325 549
    endloop
  endfacet
  facet normal -1 0 0
    outer loop
      vertex 98 237.5 522
      vertex 98 325 549
      vertex 98 312.5 522
    endloop
  endfacet
  facet normal -1 0 0
    outer loop
      vertex 98 -237.5 522
      vertex 98 237.5 522
      vertex 98 -237.5 449
    endloop
  endfacet
  facet normal -1 0 0
    outer loop
      vertex 98 237.5 522
      vertex 98 -237.5 522
      vertex 98 325 549
    endloop
  endfacet
  facet normal -1 0 0
    outer loop
      vertex 98 -325 549
      vertex 98 -237.5 522
      vertex 98 -312.5 522
    endloop
  endfacet
  facet normal -1 0 0
    outer loop
      vertex 98 -237.5 522
      vertex 98 -325 549
      vertex 98 325 549
    endloop
  endfacet
  facet normal -1 0 0
    outer loop
      vertex 98 -325 549
      vertex 98 -312.5 522
      vertex 98 -325 449
    endloop
  endfacet
  facet normal 1 -0 0
    outer loop
      vertex 102 -321 549
      vertex 102 321 449
      vertex 102 321 549
    endloop
  endfacet
  facet normal 1 0 0
    outer loop
      vertex 102 321 449
      vertex 102 -321 549
      vertex 102 -321 449
    endloop
  endfacet
  facet normal -1 0 0
    outer loop
      vertex 96 237.5 449
      vertex 96 312.5 522
      vertex 96 312.5 449
    endloop
  endfacet
  facet normal -1 -0 0
    outer loop
      vertex 96 312.5 522
      vertex 96 237.5 449
      vertex 96 237.5 522
    endloop
  endfacet
  facet normal -0 0 1
    outer loop
      vertex 96 312.5 522
      vertex 98 237.5 522
      vertex 98 312.5 522
    endloop
  endfacet
  facet normal 0 0 1
    outer loop
      vertex 98 237.5 522
      vertex 96 312.5 522
      vertex 96 237.5 522
    endloop
  endfacet
  facet normal 1 -0 0
    outer loop
      vertex 100 237.5 449
      vertex 100 312.5 445
      vertex 100 312.5 449
    endloop
  endfacet
  facet normal 1 0 0
    outer loop
      vertex 100 312.5 445
      vertex 100 237.5 449
      vertex 100 237.5 445
    endloop
  endfacet
  facet normal 0 1 -0
    outer loop
      vertex 100 312.5 445
      vertex 98 312.5 449
      vertex 100 312.5 449
    endloop
  endfacet
  facet normal 0 1 0
    outer loop
      vertex 98 312.5 449
      vertex 100 312.5 445
      vertex 96 312.5 449
    endloop
  endfacet
  facet normal 0 1 0
    outer loop
      vertex -400 312.5 445
      vertex 96 312.5 449
      vertex 100 312.5 445
    endloop
  endfacet
  facet normal 0 1 0
    outer loop
      vertex 96 312.5 449
      vertex -400 312.5 445
      vertex -400 312.5 449
    endloop
  endfacet
  facet normal 0 1 -0
    outer loop
      vertex 98 312.5 449
      vertex 96 312.5 522
      vertex 98 312.5 522
    endloop
  endfacet
  facet normal 0 1 0
    outer loop
      vertex 96 312.5 522
      vertex 98 312.5 449
      vertex 96 312.5 449
    endloop
  endfacet
  facet normal 0 -1 0
    outer loop
      vertex -400 237.5 445
      vertex 96 237.5 449
      vertex -400 237.5 449
    endloop
  endfacet
  facet normal 0 -1 0
    outer loop
      vertex 100 237.5 445
      vertex 96 237.5 449
      vertex -400 237.5 445
    endloop
  endfacet
  facet normal 0 -1 0
    outer loop
      vertex 96 237.5 449
      vertex 100 237.5 445
      vertex 98 237.5 449
    endloop
  endfacet
  facet normal 0 -1 0
    outer loop
      vertex 98 237.5 449
      vertex 100 237.5 445
      vertex 100 237.5 449
    endloop
  endfacet
  facet normal 0 -1 0
    outer loop
      vertex 96 237.5 449
      vertex 98 237.5 522
      vertex 96 237.5 522
    endloop
  endfacet
  facet normal 0 -1 -0
    outer loop
      vertex 98 237.5 522
      vertex 96 237.5 449
      vertex 98 237.5 449
    endloop
  endfacet
  facet normal -1 0 0
    outer loop
      vertex -400 237.5 445
      vertex -400 312.5 449
      vertex -400 312.5 445
    endloop
  endfacet
  facet normal -1 -0 0
    outer loop
      vertex -400 312.5 449
      vertex -400 237.5 445
      vertex -400 237.5 449
    endloop
  endfacet
  facet normal -0 0 1
    outer loop
      vertex -400 312.5 449
      vertex 96 237.5 449
      vertex 96 312.5 449
    endloop
  endfacet
  facet normal 0 0 1
    outer loop
      vertex 96 237.5 449
      vertex -400 312.5 449
      vertex -400 237.5 449
    endloop
  endfacet
  facet normal 0 0 -1
    outer loop
      vertex -400 237.5 445
      vertex 100 312.5 445
      vertex 100 237.5 445
    endloop
  endfacet
  facet normal -0 0 -1
    outer loop
      vertex 100 312.5 445
      vertex -400 237.5 445
      vertex -400 312.5 445
    endloop
  endfacet
  facet normal -1 0 0
    outer loop
      vertex 96 -312.5 449
      vertex 96 -237.5 522
      vertex 96 -237.5 449
    endloop
  endfacet
  facet normal -1 -0 0
    outer loop
      vertex 96 -237.5 522
      vertex 96 -312.5 449
      vertex 96 -312.5 522
    endloop
  endfacet
  facet normal -0 0 1
    outer loop
      vertex 96 -237.5 522
      vertex 98 -312.5 522
      vertex 98 -237.5 522
    endloop
  endfacet
  facet normal 0 0 1
    outer loop
      vertex 98 -312.5 522
      vertex 96 -237.5 522
      vertex 96 -312.5 522
    endloop
  endfacet
  facet normal 1 -0 0
    outer loop
      vertex 100 -312.5 449
      vertex 100 -237.5 445
      vertex 100 -237.5 449
    endloop
  endfacet
  facet normal 1 0 0
    outer loop
      vertex 100 -237.5 445
      vertex 100 -312.5 449
      vertex 100 -312.5 445
    endloop
  endfacet
  facet normal 0 1 -0
    outer loop
      vertex 100 -237.5 445
      vertex 98 -237.5 449
      vertex 100 -237.5 449
    endloop
  endfacet
  facet normal 0 1 0
    outer loop
      vertex 98 -237.5 449
      vertex 100 -237.5 445
      vertex 96 -237.5 449
    endloop
  endfacet
  facet normal 0 1 0
    outer loop
      vertex -400 -237.5 445
      vertex 96 -237.5 449
      vertex 100 -237.5 445
    endloop
  endfacet
  facet normal 0 1 0
    outer loop
      vertex 96 -237.5 449
      vertex -400 -237.5 445
      vertex -400 -237.5 449
    endloop
  endfacet
  facet normal 0 1 -0
    outer loop
      vertex 98 -237.5 449
      vertex 96 -237.5 522
      vertex 98 -237.5 522
    endloop
  endfacet
  facet normal 0 1 0
    outer loop
      vertex 96 -237.5 522
      vertex 98 -237.5 449
      vertex 96 -237.5 449
    endloop
  endfacet
  facet normal 0 -1 0
    outer loop
      vertex -400 -312.5 445
      vertex 96 -312.5 449
      vertex -400 -312.5 449
    endloop
  endfacet
  facet normal 0 -1 0
    outer loop
      vertex 100 -312.5 445
      vertex 96 -312.5 449
      vertex -400 -312.5 445
    endloop
  endfacet
  facet normal 0 -1 0
    outer loop
      vertex 96 -312.5 449
      vertex 100 -312.5 445
      vertex 98 -312.5 449
    endloop
  endfacet
  facet normal 0 -1 0
    outer loop
      vertex 98 -312.5 449
      vertex 100 -312.5 445
      vertex 100 -312.5 449
    endloop
  endfacet
  facet normal 0 -1 0
    outer loop
      vertex 96 -312.5 449
      vertex 98 -312.5 522
      vertex 96 -312.5 522
    endloop
  endfacet
  facet normal 0 -1 -0
    outer loop
      vertex 98 -312.5 522
      vertex 96 -312.5 449
      vertex 98 -312.5 449
    endloop
  endfacet
  facet normal -1 0 0
    outer loop
      vertex -400 -312.5 445
      vertex -400 -237.5 449
      vertex -400 -237.5 445
    endloop
  endfacet
  facet normal -1 -0 0
    outer loop
      vertex -400 -237.5 449
      vertex -400 -312.5 445
      vertex -400 -312.5 449
    endloop
  endfacet
  facet normal -0 0 1
    outer loop
      vertex -400 -237.5 449
      vertex 96 -312.5 449
      vertex 96 -237.5 449
    endloop
  endfacet
  facet normal 0 0 1
    outer loop
      vertex 96 -312.5 449
      vertex -400 -237.5 449
      vertex -400 -312.5 449
    endloop
  endfacet
  facet normal 0 0 -1
    outer loop
      vertex -400 -312.5 445
      vertex 100 -237.5 445
      vertex 100 -312.5 445
    endloop
  endfacet
  facet normal -0 0 -1
    outer loop
      vertex 100 -237.5 445
      vertex -400 -312.5 445
      vertex -400 -237.5 445
    endloop
  endfacet
  facet normal 1 -0 0
    outer loop
      vertex 85 -165 662.5
      vertex 85 165 440
      vertex 85 165 662.5
    endloop
  endfacet
  facet normal 1 0 0
    outer loop
      vertex 85 165 440
      vertex 85 -165 662.5
      vertex 85 -165 440
    endloop
  endfacet
  facet normal 0 0 1
    outer loop
      vertex 85 165 662.5
      vertex 80 160 662.5
      vertex 85 -165 662.5
    endloop
  endfacet
  facet normal 0 0 1
    outer loop
      vertex 85 165 662.5
      vertex -380 160 662.5
      vertex 80 160 662.5
    endloop
  endfacet
  facet normal 0 0 1
    outer loop
      vertex -380 160 662.5
      vertex -385 165 662.5
      vertex -380 -160 662.5
    endloop
  endfacet
  facet normal -0 0 1
    outer loop
      vertex -385 165 662.5
      vertex -380 160 662.5
      vertex 85 165 662.5
    endloop
  endfacet
  facet normal -0 0 1
    outer loop
      vertex 80 -160 662.5
      vertex 85 -165 662.5
      vertex 80 160 662.5
    endloop
  endfacet
  facet normal -0 0 1
    outer loop
      vertex -380 -160 662.5
      vertex 85 -165 662.5
      vertex 80 -160 662.5
    endloop
  endfacet
  facet normal 0 0 1
    outer loop
      vertex -380 -160 662.5
      vertex -385 -165 662.5
      vertex 85 -165 662.5
    endloop
  endfacet
  facet normal 0 0 1
    outer loop
      vertex -385 -165 662.5
      vertex -380 -160 662.5
      vertex -385 165 662.5
    endloop
  endfacet
  facet normal -1 0 0
    outer loop
      vertex -385 -165 440
      vertex -385 165 662.5
      vertex -385 165 440
    endloop
  endfacet
  facet normal -1 -0 0
    outer loop
      vertex -385 165 662.5
      vertex -385 -165 440
      vertex -385 -165 662.5
    endloop
  endfacet
  facet normal 0 1 0
    outer loop
      vertex -90 165 440
      vertex 85 165 662.5
      vertex 85 165 440
    endloop
  endfacet
  facet normal 0 1 0
    outer loop
      vertex -110 165 440
      vertex 85 165 662.5
      vertex -90 165 440
    endloop
  endfacet
  facet normal 0 1 0
    outer loop
      vertex 85 165 662.5
      vertex -110 165 440
      vertex -385 165 662.5
    endloop
  endfacet
  facet normal 0 1 -0
    outer loop
      vertex -380 165 440
      vertex -385 165 662.5
      vertex -110 165 440
    endloop
  endfacet
  facet normal 0 1 0
    outer loop
      vertex -385 165 662.5
      vertex -380 165 440
      vertex -385 165 440
    endloop
  endfacet
  facet normal 0 -1 0
    outer loop
      vertex -380 160 445
      vertex 80 160 662.5
      vertex -380 160 662.5
    endloop
  endfacet
  facet normal 0 -1 -0
    outer loop
      vertex 80 160 662.5
      vertex -380 160 445
      vertex 80 160 445
    endloop
  endfacet
  facet normal 0 1 -0
    outer loop
      vertex 80 -160 445
      vertex -380 -160 662.5
      vertex 80 -160 662.5
    endloop
  endfacet
  facet normal 0 1 0
    outer loop
      vertex -380 -160 662.5
      vertex 80 -160 445
      vertex -380 -160 445
    endloop
  endfacet
  facet normal 0 -1 0
    outer loop
      vertex -380 -165 440
      vertex -385 -165 662.5
      vertex -385 -165 440
    endloop
  endfacet
  facet normal 0 -1 0
    outer loop
      vertex -110 -165 440
      vertex -385 -165 662.5
      vertex -380 -165 440
    endloop
  endfacet
  facet normal 0 -1 0
    outer loop
      vertex -385 -165 662.5
      vertex -110 -165 440
      vertex 85 -165 662.5
    endloop
  endfacet
  facet normal 0 -1 0
    outer loop
      vertex -90 -165 440
      vertex 85 -165 662.5
      vertex -110 -165 440
    endloop
  endfacet
  facet normal 0 -1 -0
    outer loop
      vertex 85 -165 662.5
      vertex -90 -165 440
      vertex 85 -165 440
    endloop
  endfacet
  facet normal -1 0 0
    outer loop
      vertex 80 -160 445
      vertex 80 160 662.5
      vertex 80 160 445
    endloop
  endfacet
  facet normal -1 -0 0
    outer loop
      vertex 80 160 662.5
      vertex 80 -160 445
      vertex 80 -160 662.5
    endloop
  endfacet
  facet normal 1 -0 0
    outer loop
      vertex -380 -160 662.5
      vertex -380 160 445
      vertex -380 160 662.5
    endloop
  endfacet
  facet normal 1 0 0
    outer loop
      vertex -380 160 445
      vertex -380 -160 662.5
      vertex -380 -160 445
    endloop
  endfacet
  facet normal -0 0 1
    outer loop
      vertex -380 160 445
      vertex 80 -160 445
      vertex 80 160 445
    endloop
  endfacet
  facet normal 0 0 1
    outer loop
      vertex 80 -160 445
      vertex -380 160 445
      vertex -380 -160 445
    endloop
  endfacet
  facet normal -0.743092 0 -0.669189
    outer loop
      vertex -316.691 721.875 52.5686
      vertex -318.09 727.5 54.1221
      vertex -316.691 727.5 52.5686
    endloop
  endfacet
  facet normal -0.743092 -0 -0.669189
    outer loop
      vertex -318.09 727.5 54.1221
      vertex -316.691 721.875 52.5686
      vertex -318.09 721.875 54.1221
    endloop
  endfacet
  facet normal -0.743092 0 -0.669189
    outer loop
      vertex -316.691 772.5 52.5686
      vertex -318.09 778.125 54.1221
      vertex -316.691 778.125 52.5686
    endloop
  endfacet
  facet normal -0.743092 -0 -0.669189
    outer loop
      vertex -318.09 778.125 54.1221
      vertex -316.691 772.5 52.5686
      vertex -318.09 772.5 54.1221
    endloop
  endfacet
  facet normal 0.951062 -0 0.309001
    outer loop
      vertex -300.865 772.5 64.0674
      vertex -300.219 778.125 62.0791
      vertex -300.865 778.125 64.0674
    endloop
  endfacet
  facet normal 0.951062 0 0.309001
    outer loop
      vertex -300.219 778.125 62.0791
      vertex -300.865 772.5 64.0674
      vertex -300.219 772.5 62.0791
    endloop
  endfacet
  facet normal 0.951062 -0 0.309001
    outer loop
      vertex -300.865 721.875 64.0674
      vertex -300.219 727.5 62.0791
      vertex -300.865 727.5 64.0674
    endloop
  endfacet
  facet normal 0.951062 0 0.309001
    outer loop
      vertex -300.219 727.5 62.0791
      vertex -300.865 721.875 64.0674
      vertex -300.219 721.875 62.0791
    endloop
  endfacet
  facet normal 0.994498 -0 0.104755
    outer loop
      vertex -300.219 772.5 62.0791
      vertex -300 778.125 60
      vertex -300.219 778.125 62.0791
    endloop
  endfacet
  facet normal 0.994498 0 0.104755
    outer loop
      vertex -300 778.125 60
      vertex -300.219 772.5 62.0791
      vertex -300 772.5 60
    endloop
  endfacet
  facet normal 0.994498 -0 0.104755
    outer loop
      vertex -300.219 721.875 62.0791
      vertex -300 727.5 60
      vertex -300.219 727.5 62.0791
    endloop
  endfacet
  facet normal 0.994498 0 0.104755
    outer loop
      vertex -300 727.5 60
      vertex -300.219 721.875 62.0791
      vertex -300 721.875 60
    endloop
  endfacet
  facet normal 0.866086 -0 0.499895
    outer loop
      vertex -301.91 772.5 65.8779
      vertex -300.865 778.125 64.0674
      vertex -301.91 778.125 65.8779
    endloop
  endfacet
  facet normal 0.866086 0 0.499895
    outer loop
      vertex -300.865 778.125 64.0674
      vertex -301.91 772.5 65.8779
      vertex -300.865 772.5 64.0674
    endloop
  endfacet
  facet normal 0.866086 -0 0.499895
    outer loop
      vertex -301.91 721.875 65.8779
      vertex -300.865 727.5 64.0674
      vertex -301.91 727.5 65.8779
    endloop
  endfacet
  facet normal 0.866086 0 0.499895
    outer loop
      vertex -300.865 727.5 64.0674
      vertex -301.91 721.875 65.8779
      vertex -300.865 721.875 64.0674
    endloop
  endfacet
  facet normal 0.951062 0 -0.309001
    outer loop
      vertex -300.219 721.875 57.9209
      vertex -300.865 727.5 55.9326
      vertex -300.219 727.5 57.9209
    endloop
  endfacet
  facet normal 0.951062 0 -0.309001
    outer loop
      vertex -300.865 727.5 55.9326
      vertex -300.219 721.875 57.9209
      vertex -300.865 721.875 55.9326
    endloop
  endfacet
  facet normal 0.951062 0 -0.309001
    outer loop
      vertex -300.219 772.5 57.9209
      vertex -300.865 778.125 55.9326
      vertex -300.219 778.125 57.9209
    endloop
  endfacet
  facet normal 0.951062 0 -0.309001
    outer loop
      vertex -300.865 778.125 55.9326
      vertex -300.219 772.5 57.9209
      vertex -300.865 772.5 55.9326
    endloop
  endfacet
  facet normal 0.587884 0 -0.808945
    outer loop
      vertex -305 721.875 51.3397
      vertex -303.309 727.5 52.5686
      vertex -303.309 721.875 52.5686
    endloop
  endfacet
  facet normal 0.587884 0 -0.808945
    outer loop
      vertex -303.309 727.5 52.5686
      vertex -305 721.875 51.3397
      vertex -305 727.5 51.3397
    endloop
  endfacet
  facet normal 0.587884 0 -0.808945
    outer loop
      vertex -305 772.5 51.3397
      vertex -303.309 778.125 52.5686
      vertex -303.309 772.5 52.5686
    endloop
  endfacet
  facet normal 0.587884 0 -0.808945
    outer loop
      vertex -303.309 778.125 52.5686
      vertex -305 772.5 51.3397
      vertex -305 778.125 51.3397
    endloop
  endfacet
  facet normal 0.743092 0 -0.669189
    outer loop
      vertex -301.91 772.5 54.1221
      vertex -303.309 778.125 52.5686
      vertex -301.91 778.125 54.1221
    endloop
  endfacet
  facet normal 0.743092 0 -0.669189
    outer loop
      vertex -303.309 778.125 52.5686
      vertex -301.91 772.5 54.1221
      vertex -303.309 772.5 52.5686
    endloop
  endfacet
  facet normal 0.743092 0 -0.669189
    outer loop
      vertex -301.91 721.875 54.1221
      vertex -303.309 727.5 52.5686
      vertex -301.91 727.5 54.1221
    endloop
  endfacet
  facet normal 0.743092 0 -0.669189
    outer loop
      vertex -303.309 727.5 52.5686
      vertex -301.91 721.875 54.1221
      vertex -303.309 721.875 52.5686
    endloop
  endfacet
  facet normal 0.994498 0 -0.104755
    outer loop
      vertex -300 772.5 60
      vertex -300.219 778.125 57.9209
      vertex -300 778.125 60
    endloop
  endfacet
  facet normal 0.994498 0 -0.104755
    outer loop
      vertex -300.219 778.125 57.9209
      vertex -300 772.5 60
      vertex -300.219 772.5 57.9209
    endloop
  endfacet
  facet normal 0.994498 0 -0.104755
    outer loop
      vertex -300 721.875 60
      vertex -300.219 727.5 57.9209
      vertex -300 727.5 60
    endloop
  endfacet
  facet normal 0.994498 0 -0.104755
    outer loop
      vertex -300.219 727.5 57.9209
      vertex -300 721.875 60
      vertex -300.219 721.875 57.9209
    endloop
  endfacet
  facet normal -0.406702 0 -0.913561
    outer loop
      vertex -315 721.875 51.3397
      vertex -313.09 727.5 50.4894
      vertex -313.09 721.875 50.4894
    endloop
  endfacet
  facet normal -0.406702 0 -0.913561
    outer loop
      vertex -313.09 727.5 50.4894
      vertex -315 721.875 51.3397
      vertex -315 727.5 51.3397
    endloop
  endfacet
  facet normal -0.406702 0 -0.913561
    outer loop
      vertex -315 772.5 51.3397
      vertex -313.09 778.125 50.4894
      vertex -313.09 772.5 50.4894
    endloop
  endfacet
  facet normal -0.406702 0 -0.913561
    outer loop
      vertex -313.09 778.125 50.4894
      vertex -315 772.5 51.3397
      vertex -315 778.125 51.3397
    endloop
  endfacet
  facet normal 0.406702 0 0.913561
    outer loop
      vertex -306.91 727.5 69.5106
      vertex -305 721.875 68.6603
      vertex -305 727.5 68.6603
    endloop
  endfacet
  facet normal 0.406702 0 0.913561
    outer loop
      vertex -305 721.875 68.6603
      vertex -306.91 727.5 69.5106
      vertex -306.91 721.875 69.5106
    endloop
  endfacet
  facet normal 0.406702 0 0.913561
    outer loop
      vertex -306.91 778.125 69.5106
      vertex -305 772.5 68.6603
      vertex -305 778.125 68.6603
    endloop
  endfacet
  facet normal 0.406702 0 0.913561
    outer loop
      vertex -305 772.5 68.6603
      vertex -306.91 778.125 69.5106
      vertex -306.91 772.5 69.5106
    endloop
  endfacet
  facet normal 0.743092 -0 0.669189
    outer loop
      vertex -303.309 772.5 67.4314
      vertex -301.91 778.125 65.8779
      vertex -303.309 778.125 67.4314
    endloop
  endfacet
  facet normal 0.743092 0 0.669189
    outer loop
      vertex -301.91 778.125 65.8779
      vertex -303.309 772.5 67.4314
      vertex -301.91 772.5 65.8779
    endloop
  endfacet
  facet normal 0.743092 -0 0.669189
    outer loop
      vertex -303.309 721.875 67.4314
      vertex -301.91 727.5 65.8779
      vertex -303.309 727.5 67.4314
    endloop
  endfacet
  facet normal 0.743092 0 0.669189
    outer loop
      vertex -301.91 727.5 65.8779
      vertex -303.309 721.875 67.4314
      vertex -301.91 721.875 65.8779
    endloop
  endfacet
  facet normal -0.587884 0 -0.808945
    outer loop
      vertex -316.691 721.875 52.5686
      vertex -315 727.5 51.3397
      vertex -315 721.875 51.3397
    endloop
  endfacet
  facet normal -0.587884 0 -0.808945
    outer loop
      vertex -315 727.5 51.3397
      vertex -316.691 721.875 52.5686
      vertex -316.691 727.5 52.5686
    endloop
  endfacet
  facet normal -0.587884 0 -0.808945
    outer loop
      vertex -316.691 772.5 52.5686
      vertex -315 778.125 51.3397
      vertex -315 772.5 51.3397
    endloop
  endfacet
  facet normal -0.587884 0 -0.808945
    outer loop
      vertex -315 778.125 51.3397
      vertex -316.691 772.5 52.5686
      vertex -316.691 778.125 52.5686
    endloop
  endfacet
  facet normal -0.743092 0 0.669189
    outer loop
      vertex -318.09 721.875 65.8779
      vertex -316.691 727.5 67.4314
      vertex -318.09 727.5 65.8779
    endloop
  endfacet
  facet normal -0.743092 0 0.669189
    outer loop
      vertex -316.691 727.5 67.4314
      vertex -318.09 721.875 65.8779
      vertex -316.691 721.875 67.4314
    endloop
  endfacet
  facet normal -0.743092 0 0.669189
    outer loop
      vertex -318.09 772.5 65.8779
      vertex -316.691 778.125 67.4314
      vertex -318.09 778.125 65.8779
    endloop
  endfacet
  facet normal -0.743092 0 0.669189
    outer loop
      vertex -316.691 778.125 67.4314
      vertex -318.09 772.5 65.8779
      vertex -316.691 772.5 67.4314
    endloop
  endfacet
  facet normal -0 0 1
    outer loop
      vertex -311.045 778.125 69.9452
      vertex -308.955 772.5 69.9452
      vertex -308.955 778.125 69.9452
    endloop
  endfacet
  facet normal 0 0 1
    outer loop
      vertex -308.955 772.5 69.9452
      vertex -311.045 778.125 69.9452
      vertex -311.045 772.5 69.9452
    endloop
  endfacet
  facet normal -0 0 1
    outer loop
      vertex -311.045 727.5 69.9452
      vertex -308.955 721.875 69.9452
      vertex -308.955 727.5 69.9452
    endloop
  endfacet
  facet normal 0 0 1
    outer loop
      vertex -308.955 721.875 69.9452
      vertex -311.045 727.5 69.9452
      vertex -311.045 721.875 69.9452
    endloop
  endfacet
  facet normal 0.406702 0 -0.913561
    outer loop
      vertex -306.91 721.875 50.4894
      vertex -305 727.5 51.3397
      vertex -305 721.875 51.3397
    endloop
  endfacet
  facet normal 0.406702 0 -0.913561
    outer loop
      vertex -305 727.5 51.3397
      vertex -306.91 721.875 50.4894
      vertex -306.91 727.5 50.4894
    endloop
  endfacet
  facet normal 0.406702 0 -0.913561
    outer loop
      vertex -306.91 772.5 50.4894
      vertex -305 778.125 51.3397
      vertex -305 772.5 51.3397
    endloop
  endfacet
  facet normal 0.406702 0 -0.913561
    outer loop
      vertex -305 778.125 51.3397
      vertex -306.91 772.5 50.4894
      vertex -306.91 778.125 50.4894
    endloop
  endfacet
  facet normal 0.207876 0 -0.978155
    outer loop
      vertex -308.955 721.875 50.0548
      vertex -306.91 727.5 50.4894
      vertex -306.91 721.875 50.4894
    endloop
  endfacet
  facet normal 0.207876 0 -0.978155
    outer loop
      vertex -306.91 727.5 50.4894
      vertex -308.955 721.875 50.0548
      vertex -308.955 727.5 50.0548
    endloop
  endfacet
  facet normal 0.207876 0 -0.978155
    outer loop
      vertex -308.955 772.5 50.0548
      vertex -306.91 778.125 50.4894
      vertex -306.91 772.5 50.4894
    endloop
  endfacet
  facet normal 0.207876 0 -0.978155
    outer loop
      vertex -306.91 778.125 50.4894
      vertex -308.955 772.5 50.0548
      vertex -308.955 778.125 50.0548
    endloop
  endfacet
  facet normal -0.951062 0 0.309001
    outer loop
      vertex -319.781 772.5 62.0791
      vertex -319.135 778.125 64.0674
      vertex -319.781 778.125 62.0791
    endloop
  endfacet
  facet normal -0.951062 0 0.309001
    outer loop
      vertex -319.135 778.125 64.0674
      vertex -319.781 772.5 62.0791
      vertex -319.135 772.5 64.0674
    endloop
  endfacet
  facet normal -0.951062 0 0.309001
    outer loop
      vertex -319.781 721.875 62.0791
      vertex -319.135 727.5 64.0674
      vertex -319.781 727.5 62.0791
    endloop
  endfacet
  facet normal -0.951062 0 0.309001
    outer loop
      vertex -319.135 727.5 64.0674
      vertex -319.781 721.875 62.0791
      vertex -319.135 721.875 64.0674
    endloop
  endfacet
  facet normal 0 1 -0
    outer loop
      vertex -308.059 778.125 67.2444
      vertex -308.955 778.125 69.9452
      vertex -306.91 778.125 69.5106
    endloop
  endfacet
  facet normal 0 1 0
    outer loop
      vertex -308.955 778.125 69.9452
      vertex -310 778.125 67.5
      vertex -311.045 778.125 69.9452
    endloop
  endfacet
  facet normal 0 1 -0
    outer loop
      vertex -306.25 778.125 66.4952
      vertex -306.91 778.125 69.5106
      vertex -305 778.125 68.6603
    endloop
  endfacet
  facet normal 0 1 0
    outer loop
      vertex -311.941 778.125 67.2444
      vertex -311.045 778.125 69.9452
      vertex -310 778.125 67.5
    endloop
  endfacet
  facet normal 0 1 0
    outer loop
      vertex -311.045 778.125 69.9452
      vertex -311.941 778.125 67.2444
      vertex -313.09 778.125 69.5106
    endloop
  endfacet
  facet normal 0 1 0
    outer loop
      vertex -306.25 778.125 66.4952
      vertex -305 778.125 68.6603
      vertex -303.309 778.125 67.4314
    endloop
  endfacet
  facet normal 0 1 0
    outer loop
      vertex -308.955 778.125 69.9452
      vertex -308.059 778.125 67.2444
      vertex -310 778.125 67.5
    endloop
  endfacet
  facet normal 0 1 0
    outer loop
      vertex -306.91 778.125 69.5106
      vertex -306.25 778.125 66.4952
      vertex -308.059 778.125 67.2444
    endloop
  endfacet
  facet normal 0 1 0
    outer loop
      vertex -304.697 778.125 65.3033
      vertex -303.309 778.125 67.4314
      vertex -301.91 778.125 65.8779
    endloop
  endfacet
  facet normal 0 1 0
    outer loop
      vertex -303.309 778.125 67.4314
      vertex -304.697 778.125 65.3033
      vertex -306.25 778.125 66.4952
    endloop
  endfacet
  facet normal 0 1 0
    outer loop
      vertex -303.505 778.125 63.75
      vertex -301.91 778.125 65.8779
      vertex -300.865 778.125 64.0674
    endloop
  endfacet
  facet normal 0 1 0
    outer loop
      vertex -301.91 778.125 65.8779
      vertex -303.505 778.125 63.75
      vertex -304.697 778.125 65.3033
    endloop
  endfacet
  facet normal 0 1 0
    outer loop
      vertex -302.756 778.125 61.9411
      vertex -300.865 778.125 64.0674
      vertex -300.219 778.125 62.0791
    endloop
  endfacet
  facet normal 0 1 0
    outer loop
      vertex -300.865 778.125 64.0674
      vertex -302.756 778.125 61.9411
      vertex -303.505 778.125 63.75
    endloop
  endfacet
  facet normal 0 1 0
    outer loop
      vertex -302.5 778.125 60
      vertex -300.219 778.125 62.0791
      vertex -300 778.125 60
    endloop
  endfacet
  facet normal 0 1 0
    outer loop
      vertex -300.219 778.125 62.0791
      vertex -302.5 778.125 60
      vertex -302.756 778.125 61.9411
    endloop
  endfacet
  facet normal 0 1 -0
    outer loop
      vertex -300.219 778.125 57.9209
      vertex -302.5 778.125 60
      vertex -300 778.125 60
    endloop
  endfacet
  facet normal 0 1 0
    outer loop
      vertex -302.5 778.125 60
      vertex -300.219 778.125 57.9209
      vertex -302.756 778.125 58.0589
    endloop
  endfacet
  facet normal 0 1 -0
    outer loop
      vertex -300.865 778.125 55.9326
      vertex -302.756 778.125 58.0589
      vertex -300.219 778.125 57.9209
    endloop
  endfacet
  facet normal 0 1 0
    outer loop
      vertex -302.756 778.125 58.0589
      vertex -300.865 778.125 55.9326
      vertex -303.505 778.125 56.25
    endloop
  endfacet
  facet normal 0 1 -0
    outer loop
      vertex -301.91 778.125 54.1221
      vertex -303.505 778.125 56.25
      vertex -300.865 778.125 55.9326
    endloop
  endfacet
  facet normal 0 1 0
    outer loop
      vertex -303.505 778.125 56.25
      vertex -301.91 778.125 54.1221
      vertex -304.697 778.125 54.6967
    endloop
  endfacet
  facet normal 0 1 -0
    outer loop
      vertex -303.309 778.125 52.5686
      vertex -304.697 778.125 54.6967
      vertex -301.91 778.125 54.1221
    endloop
  endfacet
  facet normal 0 1 0
    outer loop
      vertex -304.697 778.125 54.6967
      vertex -303.309 778.125 52.5686
      vertex -306.25 778.125 53.5048
    endloop
  endfacet
  facet normal 0 1 -0
    outer loop
      vertex -305 778.125 51.3397
      vertex -306.25 778.125 53.5048
      vertex -303.309 778.125 52.5686
    endloop
  endfacet
  facet normal 0 1 0
    outer loop
      vertex -306.91 778.125 50.4894
      vertex -306.25 778.125 53.5048
      vertex -305 778.125 51.3397
    endloop
  endfacet
  facet normal 0 1 0
    outer loop
      vertex -306.25 778.125 53.5048
      vertex -306.91 778.125 50.4894
      vertex -308.059 778.125 52.7556
    endloop
  endfacet
  facet normal 0 1 0
    outer loop
      vertex -313.75 778.125 66.4952
      vertex -313.09 778.125 69.5106
      vertex -311.941 778.125 67.2444
    endloop
  endfacet
  facet normal 0 1 0
    outer loop
      vertex -313.09 778.125 69.5106
      vertex -313.75 778.125 66.4952
      vertex -315 778.125 68.6603
    endloop
  endfacet
  facet normal 0 1 0
    outer loop
      vertex -315 778.125 68.6603
      vertex -313.75 778.125 66.4952
      vertex -316.691 778.125 67.4314
    endloop
  endfacet
  facet normal 0 1 -0
    outer loop
      vertex -315.303 778.125 65.3033
      vertex -316.691 778.125 67.4314
      vertex -313.75 778.125 66.4952
    endloop
  endfacet
  facet normal 0 1 0
    outer loop
      vertex -316.691 778.125 67.4314
      vertex -315.303 778.125 65.3033
      vertex -318.09 778.125 65.8779
    endloop
  endfacet
  facet normal 0 1 -0
    outer loop
      vertex -316.495 778.125 63.75
      vertex -318.09 778.125 65.8779
      vertex -315.303 778.125 65.3033
    endloop
  endfacet
  facet normal 0 1 0
    outer loop
      vertex -318.09 778.125 65.8779
      vertex -316.495 778.125 63.75
      vertex -319.135 778.125 64.0674
    endloop
  endfacet
  facet normal 0 1 -0
    outer loop
      vertex -317.244 778.125 61.9411
      vertex -319.135 778.125 64.0674
      vertex -316.495 778.125 63.75
    endloop
  endfacet
  facet normal 0 1 0
    outer loop
      vertex -319.135 778.125 64.0674
      vertex -317.244 778.125 61.9411
      vertex -319.781 778.125 62.0791
    endloop
  endfacet
  facet normal 0 1 -0
    outer loop
      vertex -317.5 778.125 60
      vertex -319.781 778.125 62.0791
      vertex -317.244 778.125 61.9411
    endloop
  endfacet
  facet normal 0 1 0
    outer loop
      vertex -317.5 778.125 60
      vertex -320 778.125 60
      vertex -319.781 778.125 62.0791
    endloop
  endfacet
  facet normal 0 1 0
    outer loop
      vertex -319.781 778.125 57.9209
      vertex -317.5 778.125 60
      vertex -317.244 778.125 58.0589
    endloop
  endfacet
  facet normal 0 1 0
    outer loop
      vertex -317.5 778.125 60
      vertex -319.781 778.125 57.9209
      vertex -320 778.125 60
    endloop
  endfacet
  facet normal 0 1 0
    outer loop
      vertex -319.135 778.125 55.9326
      vertex -317.244 778.125 58.0589
      vertex -316.495 778.125 56.25
    endloop
  endfacet
  facet normal 0 1 0
    outer loop
      vertex -317.244 778.125 58.0589
      vertex -319.135 778.125 55.9326
      vertex -319.781 778.125 57.9209
    endloop
  endfacet
  facet normal 0 1 0
    outer loop
      vertex -318.09 778.125 54.1221
      vertex -316.495 778.125 56.25
      vertex -315.303 778.125 54.6967
    endloop
  endfacet
  facet normal 0 1 0
    outer loop
      vertex -316.495 778.125 56.25
      vertex -318.09 778.125 54.1221
      vertex -319.135 778.125 55.9326
    endloop
  endfacet
  facet normal 0 1 0
    outer loop
      vertex -316.691 778.125 52.5686
      vertex -315.303 778.125 54.6967
      vertex -313.75 778.125 53.5048
    endloop
  endfacet
  facet normal 0 1 -0
    outer loop
      vertex -313.09 778.125 50.4894
      vertex -313.75 778.125 53.5048
      vertex -311.941 778.125 52.7556
    endloop
  endfacet
  facet normal 0 1 0
    outer loop
      vertex -315.303 778.125 54.6967
      vertex -316.691 778.125 52.5686
      vertex -318.09 778.125 54.1221
    endloop
  endfacet
  facet normal 0 1 -0
    outer loop
      vertex -311.045 778.125 50.0548
      vertex -311.941 778.125 52.7556
      vertex -310 778.125 52.5
    endloop
  endfacet
  facet normal 0 1 0
    outer loop
      vertex -308.955 778.125 50.0548
      vertex -308.059 778.125 52.7556
      vertex -306.91 778.125 50.4894
    endloop
  endfacet
  facet normal 0 1 0
    outer loop
      vertex -313.75 778.125 53.5048
      vertex -315 778.125 51.3397
      vertex -316.691 778.125 52.5686
    endloop
  endfacet
  facet normal 0 1 0
    outer loop
      vertex -308.059 778.125 52.7556
      vertex -308.955 778.125 50.0548
      vertex -310 778.125 52.5
    endloop
  endfacet
  facet normal 0 1 0
    outer loop
      vertex -313.75 778.125 53.5048
      vertex -313.09 778.125 50.4894
      vertex -315 778.125 51.3397
    endloop
  endfacet
  facet normal 0 1 0
    outer loop
      vertex -311.045 778.125 50.0548
      vertex -310 778.125 52.5
      vertex -308.955 778.125 50.0548
    endloop
  endfacet
  facet normal 0 1 0
    outer loop
      vertex -311.941 778.125 52.7556
      vertex -311.045 778.125 50.0548
      vertex -313.09 778.125 50.4894
    endloop
  endfacet
  facet normal -0.951062 0 -0.309001
    outer loop
      vertex -319.135 721.875 55.9326
      vertex -319.781 727.5 57.9209
      vertex -319.135 727.5 55.9326
    endloop
  endfacet
  facet normal -0.951062 -0 -0.309001
    outer loop
      vertex -319.781 727.5 57.9209
      vertex -319.135 721.875 55.9326
      vertex -319.781 721.875 57.9209
    endloop
  endfacet
  facet normal -0.951062 0 -0.309001
    outer loop
      vertex -319.135 772.5 55.9326
      vertex -319.781 778.125 57.9209
      vertex -319.135 778.125 55.9326
    endloop
  endfacet
  facet normal -0.951062 -0 -0.309001
    outer loop
      vertex -319.781 778.125 57.9209
      vertex -319.135 772.5 55.9326
      vertex -319.781 772.5 57.9209
    endloop
  endfacet
  facet normal -0.406702 0 0.913561
    outer loop
      vertex -315 727.5 68.6603
      vertex -313.09 721.875 69.5106
      vertex -313.09 727.5 69.5106
    endloop
  endfacet
  facet normal -0.406702 0 0.913561
    outer loop
      vertex -313.09 721.875 69.5106
      vertex -315 727.5 68.6603
      vertex -315 721.875 68.6603
    endloop
  endfacet
  facet normal -0.406702 0 0.913561
    outer loop
      vertex -315 778.125 68.6603
      vertex -313.09 772.5 69.5106
      vertex -313.09 778.125 69.5106
    endloop
  endfacet
  facet normal -0.406702 0 0.913561
    outer loop
      vertex -313.09 772.5 69.5106
      vertex -315 778.125 68.6603
      vertex -315 772.5 68.6603
    endloop
  endfacet
  facet normal 0 -1 0
    outer loop
      vertex -313.09 721.875 69.5106
      vertex -308.955 721.875 69.9452
      vertex -311.045 721.875 69.9452
    endloop
  endfacet
  facet normal 0 -1 0
    outer loop
      vertex -313.09 721.875 69.5106
      vertex -306.91 721.875 69.5106
      vertex -308.955 721.875 69.9452
    endloop
  endfacet
  facet normal 0 -1 0
    outer loop
      vertex -315 721.875 68.6603
      vertex -306.91 721.875 69.5106
      vertex -313.09 721.875 69.5106
    endloop
  endfacet
  facet normal 0 -1 0
    outer loop
      vertex -315 721.875 68.6603
      vertex -305 721.875 68.6603
      vertex -306.91 721.875 69.5106
    endloop
  endfacet
  facet normal 0 -1 0
    outer loop
      vertex -316.691 721.875 67.4314
      vertex -305 721.875 68.6603
      vertex -315 721.875 68.6603
    endloop
  endfacet
  facet normal 0 -1 0
    outer loop
      vertex -316.691 721.875 67.4314
      vertex -303.309 721.875 67.4314
      vertex -305 721.875 68.6603
    endloop
  endfacet
  facet normal 0 -1 0
    outer loop
      vertex -318.09 721.875 65.8779
      vertex -303.309 721.875 67.4314
      vertex -316.691 721.875 67.4314
    endloop
  endfacet
  facet normal 0 -1 0
    outer loop
      vertex -318.09 721.875 65.8779
      vertex -301.91 721.875 65.8779
      vertex -303.309 721.875 67.4314
    endloop
  endfacet
  facet normal 0 -1 0
    outer loop
      vertex -319.135 721.875 64.0674
      vertex -301.91 721.875 65.8779
      vertex -318.09 721.875 65.8779
    endloop
  endfacet
  facet normal 0 -1 0
    outer loop
      vertex -319.135 721.875 64.0674
      vertex -300.865 721.875 64.0674
      vertex -301.91 721.875 65.8779
    endloop
  endfacet
  facet normal 0 -1 0
    outer loop
      vertex -319.781 721.875 62.0791
      vertex -300.865 721.875 64.0674
      vertex -319.135 721.875 64.0674
    endloop
  endfacet
  facet normal 0 -1 0
    outer loop
      vertex -319.781 721.875 62.0791
      vertex -300.219 721.875 62.0791
      vertex -300.865 721.875 64.0674
    endloop
  endfacet
  facet normal 0 -1 0
    outer loop
      vertex -320 721.875 60
      vertex -300.219 721.875 62.0791
      vertex -319.781 721.875 62.0791
    endloop
  endfacet
  facet normal 0 -1 0
    outer loop
      vertex -320 721.875 60
      vertex -300 721.875 60
      vertex -300.219 721.875 62.0791
    endloop
  endfacet
  facet normal 0 -1 0
    outer loop
      vertex -319.781 721.875 57.9209
      vertex -300 721.875 60
      vertex -320 721.875 60
    endloop
  endfacet
  facet normal 0 -1 0
    outer loop
      vertex -319.781 721.875 57.9209
      vertex -300.219 721.875 57.9209
      vertex -300 721.875 60
    endloop
  endfacet
  facet normal 0 -1 0
    outer loop
      vertex -319.135 721.875 55.9326
      vertex -300.219 721.875 57.9209
      vertex -319.781 721.875 57.9209
    endloop
  endfacet
  facet normal 0 -1 0
    outer loop
      vertex -319.135 721.875 55.9326
      vertex -300.865 721.875 55.9326
      vertex -300.219 721.875 57.9209
    endloop
  endfacet
  facet normal 0 -1 0
    outer loop
      vertex -318.09 721.875 54.1221
      vertex -300.865 721.875 55.9326
      vertex -319.135 721.875 55.9326
    endloop
  endfacet
  facet normal 0 -1 0
    outer loop
      vertex -318.09 721.875 54.1221
      vertex -301.91 721.875 54.1221
      vertex -300.865 721.875 55.9326
    endloop
  endfacet
  facet normal 0 -1 0
    outer loop
      vertex -316.691 721.875 52.5686
      vertex -301.91 721.875 54.1221
      vertex -318.09 721.875 54.1221
    endloop
  endfacet
  facet normal 0 -1 0
    outer loop
      vertex -316.691 721.875 52.5686
      vertex -303.309 721.875 52.5686
      vertex -301.91 721.875 54.1221
    endloop
  endfacet
  facet normal 0 -1 0
    outer loop
      vertex -315 721.875 51.3397
      vertex -303.309 721.875 52.5686
      vertex -316.691 721.875 52.5686
    endloop
  endfacet
  facet normal 0 -1 0
    outer loop
      vertex -315 721.875 51.3397
      vertex -305 721.875 51.3397
      vertex -303.309 721.875 52.5686
    endloop
  endfacet
  facet normal 0 -1 0
    outer loop
      vertex -313.09 721.875 50.4894
      vertex -305 721.875 51.3397
      vertex -315 721.875 51.3397
    endloop
  endfacet
  facet normal 0 -1 0
    outer loop
      vertex -313.09 721.875 50.4894
      vertex -306.91 721.875 50.4894
      vertex -305 721.875 51.3397
    endloop
  endfacet
  facet normal 0 -1 0
    outer loop
      vertex -311.045 721.875 50.0548
      vertex -306.91 721.875 50.4894
      vertex -313.09 721.875 50.4894
    endloop
  endfacet
  facet normal 0 -1 0
    outer loop
      vertex -306.91 721.875 50.4894
      vertex -311.045 721.875 50.0548
      vertex -308.955 721.875 50.0548
    endloop
  endfacet
  facet normal -0.207876 0 -0.978155
    outer loop
      vertex -313.09 772.5 50.4894
      vertex -311.045 778.125 50.0548
      vertex -311.045 772.5 50.0548
    endloop
  endfacet
  facet normal -0.207876 0 -0.978155
    outer loop
      vertex -311.045 778.125 50.0548
      vertex -313.09 772.5 50.4894
      vertex -313.09 778.125 50.4894
    endloop
  endfacet
  facet normal -0.207876 0 -0.978155
    outer loop
      vertex -313.09 721.875 50.4894
      vertex -311.045 727.5 50.0548
      vertex -311.045 721.875 50.0548
    endloop
  endfacet
  facet normal -0.207876 0 -0.978155
    outer loop
      vertex -311.045 727.5 50.0548
      vertex -313.09 721.875 50.4894
      vertex -313.09 727.5 50.4894
    endloop
  endfacet
  facet normal 0.207876 0 0.978155
    outer loop
      vertex -308.955 727.5 69.9452
      vertex -306.91 721.875 69.5106
      vertex -306.91 727.5 69.5106
    endloop
  endfacet
  facet normal 0.207876 0 0.978155
    outer loop
      vertex -306.91 721.875 69.5106
      vertex -308.955 727.5 69.9452
      vertex -308.955 721.875 69.9452
    endloop
  endfacet
  facet normal 0.207876 0 0.978155
    outer loop
      vertex -308.955 778.125 69.9452
      vertex -306.91 772.5 69.5106
      vertex -306.91 778.125 69.5106
    endloop
  endfacet
  facet normal 0.207876 0 0.978155
    outer loop
      vertex -306.91 772.5 69.5106
      vertex -308.955 778.125 69.9452
      vertex -308.955 772.5 69.9452
    endloop
  endfacet
  facet normal -0.994498 0 -0.104755
    outer loop
      vertex -319.781 721.875 57.9209
      vertex -320 727.5 60
      vertex -319.781 727.5 57.9209
    endloop
  endfacet
  facet normal -0.994498 -0 -0.104755
    outer loop
      vertex -320 727.5 60
      vertex -319.781 721.875 57.9209
      vertex -320 721.875 60
    endloop
  endfacet
  facet normal -0.994498 0 -0.104755
    outer loop
      vertex -319.781 772.5 57.9209
      vertex -320 778.125 60
      vertex -319.781 778.125 57.9209
    endloop
  endfacet
  facet normal -0.994498 -0 -0.104755
    outer loop
      vertex -320 778.125 60
      vertex -319.781 772.5 57.9209
      vertex -320 772.5 60
    endloop
  endfacet
  facet normal -0.994498 0 0.104755
    outer loop
      vertex -320 772.5 60
      vertex -319.781 778.125 62.0791
      vertex -320 778.125 60
    endloop
  endfacet
  facet normal -0.994498 0 0.104755
    outer loop
      vertex -319.781 778.125 62.0791
      vertex -320 772.5 60
      vertex -319.781 772.5 62.0791
    endloop
  endfacet
  facet normal -0.994498 0 0.104755
    outer loop
      vertex -320 721.875 60
      vertex -319.781 727.5 62.0791
      vertex -320 727.5 60
    endloop
  endfacet
  facet normal -0.994498 0 0.104755
    outer loop
      vertex -319.781 727.5 62.0791
      vertex -320 721.875 60
      vertex -319.781 721.875 62.0791
    endloop
  endfacet
  facet normal -0.866086 0 -0.499895
    outer loop
      vertex -318.09 721.875 54.1221
      vertex -319.135 727.5 55.9326
      vertex -318.09 727.5 54.1221
    endloop
  endfacet
  facet normal -0.866086 -0 -0.499895
    outer loop
      vertex -319.135 727.5 55.9326
      vertex -318.09 721.875 54.1221
      vertex -319.135 721.875 55.9326
    endloop
  endfacet
  facet normal -0.866086 0 -0.499895
    outer loop
      vertex -318.09 772.5 54.1221
      vertex -319.135 778.125 55.9326
      vertex -318.09 778.125 54.1221
    endloop
  endfacet
  facet normal -0.866086 -0 -0.499895
    outer loop
      vertex -319.135 778.125 55.9326
      vertex -318.09 772.5 54.1221
      vertex -319.135 772.5 55.9326
    endloop
  endfacet
  facet normal -0.866086 0 0.499895
    outer loop
      vertex -319.135 772.5 64.0674
      vertex -318.09 778.125 65.8779
      vertex -319.135 778.125 64.0674
    endloop
  endfacet
  facet normal -0.866086 0 0.499895
    outer loop
      vertex -318.09 778.125 65.8779
      vertex -319.135 772.5 64.0674
      vertex -318.09 772.5 65.8779
    endloop
  endfacet
  facet normal -0.866086 0 0.499895
    outer loop
      vertex -319.135 721.875 64.0674
      vertex -318.09 727.5 65.8779
      vertex -319.135 727.5 64.0674
    endloop
  endfacet
  facet normal -0.866086 0 0.499895
    outer loop
      vertex -318.09 727.5 65.8779
      vertex -319.135 721.875 64.0674
      vertex -318.09 721.875 65.8779
    endloop
  endfacet
  facet normal 0.866086 0 -0.499895
    outer loop
      vertex -300.865 721.875 55.9326
      vertex -301.91 727.5 54.1221
      vertex -300.865 727.5 55.9326
    endloop
  endfacet
  facet normal 0.866086 0 -0.499895
    outer loop
      vertex -301.91 727.5 54.1221
      vertex -300.865 721.875 55.9326
      vertex -301.91 721.875 54.1221
    endloop
  endfacet
  facet normal 0.866086 0 -0.499895
    outer loop
      vertex -300.865 772.5 55.9326
      vertex -301.91 778.125 54.1221
      vertex -300.865 778.125 55.9326
    endloop
  endfacet
  facet normal 0.866086 0 -0.499895
    outer loop
      vertex -301.91 778.125 54.1221
      vertex -300.865 772.5 55.9326
      vertex -301.91 772.5 54.1221
    endloop
  endfacet
  facet normal 0.587884 0 0.808945
    outer loop
      vertex -305 778.125 68.6603
      vertex -303.309 772.5 67.4314
      vertex -303.309 778.125 67.4314
    endloop
  endfacet
  facet normal 0.587884 0 0.808945
    outer loop
      vertex -303.309 772.5 67.4314
      vertex -305 778.125 68.6603
      vertex -305 772.5 68.6603
    endloop
  endfacet
  facet normal 0.587884 0 0.808945
    outer loop
      vertex -305 727.5 68.6603
      vertex -303.309 721.875 67.4314
      vertex -303.309 727.5 67.4314
    endloop
  endfacet
  facet normal 0.587884 0 0.808945
    outer loop
      vertex -303.309 721.875 67.4314
      vertex -305 727.5 68.6603
      vertex -305 721.875 68.6603
    endloop
  endfacet
  facet normal -0.587884 0 0.808945
    outer loop
      vertex -316.691 727.5 67.4314
      vertex -315 721.875 68.6603
      vertex -315 727.5 68.6603
    endloop
  endfacet
  facet normal -0.587884 0 0.808945
    outer loop
      vertex -315 721.875 68.6603
      vertex -316.691 727.5 67.4314
      vertex -316.691 721.875 67.4314
    endloop
  endfacet
  facet normal -0.587884 0 0.808945
    outer loop
      vertex -316.691 778.125 67.4314
      vertex -315 772.5 68.6603
      vertex -315 778.125 68.6603
    endloop
  endfacet
  facet normal -0.587884 0 0.808945
    outer loop
      vertex -315 772.5 68.6603
      vertex -316.691 778.125 67.4314
      vertex -316.691 772.5 67.4314
    endloop
  endfacet
  facet normal -0.207876 0 0.978155
    outer loop
      vertex -313.09 727.5 69.5106
      vertex -311.045 721.875 69.9452
      vertex -311.045 727.5 69.9452
    endloop
  endfacet
  facet normal -0.207876 0 0.978155
    outer loop
      vertex -311.045 721.875 69.9452
      vertex -313.09 727.5 69.5106
      vertex -313.09 721.875 69.5106
    endloop
  endfacet
  facet normal -0.207876 0 0.978155
    outer loop
      vertex -313.09 778.125 69.5106
      vertex -311.045 772.5 69.9452
      vertex -311.045 778.125 69.9452
    endloop
  endfacet
  facet normal -0.207876 0 0.978155
    outer loop
      vertex -311.045 772.5 69.9452
      vertex -313.09 778.125 69.5106
      vertex -313.09 772.5 69.5106
    endloop
  endfacet
  facet normal 0 0 -1
    outer loop
      vertex -311.045 772.5 50.0548
      vertex -308.955 778.125 50.0548
      vertex -308.955 772.5 50.0548
    endloop
  endfacet
  facet normal -0 0 -1
    outer loop
      vertex -308.955 778.125 50.0548
      vertex -311.045 772.5 50.0548
      vertex -311.045 778.125 50.0548
    endloop
  endfacet
  facet normal 0 0 -1
    outer loop
      vertex -311.045 721.875 50.0548
      vertex -308.955 727.5 50.0548
      vertex -308.955 721.875 50.0548
    endloop
  endfacet
  facet normal -0 0 -1
    outer loop
      vertex -308.955 727.5 50.0548
      vertex -311.045 721.875 50.0548
      vertex -311.045 727.5 50.0548
    endloop
  endfacet
  facet normal -0.743153 0 -0.669122
    outer loop
      vertex -350.148 727.5 15.4113
      vertex -358.541 772.5 24.7329
      vertex -350.148 772.5 15.4113
    endloop
  endfacet
  facet normal -0.743153 -0 -0.669122
    outer loop
      vertex -358.541 772.5 24.7329
      vertex -350.148 727.5 15.4113
      vertex -358.541 727.5 24.7329
    endloop
  endfacet
  facet normal 0.95106 -0 0.309008
    outer loop
      vertex -255.187 727.5 84.4042
      vertex -251.311 772.5 72.4747
      vertex -255.187 772.5 84.4042
    endloop
  endfacet
  facet normal 0.95106 0 0.309008
    outer loop
      vertex -251.311 772.5 72.4747
      vertex -255.187 727.5 84.4042
      vertex -251.311 727.5 72.4747
    endloop
  endfacet
  facet normal 0.994523 -0 0.104517
    outer loop
      vertex -251.311 727.5 72.4747
      vertex -250 772.5 60
      vertex -251.311 772.5 72.4747
    endloop
  endfacet
  facet normal 0.994523 0 0.104517
    outer loop
      vertex -250 772.5 60
      vertex -251.311 727.5 72.4747
      vertex -250 727.5 60
    endloop
  endfacet
  facet normal 0.866015 -0 0.500018
    outer loop
      vertex -261.459 727.5 95.2671
      vertex -255.187 772.5 84.4042
      vertex -261.459 772.5 95.2671
    endloop
  endfacet
  facet normal 0.866015 0 0.500018
    outer loop
      vertex -255.187 772.5 84.4042
      vertex -261.459 727.5 95.2671
      vertex -255.187 727.5 84.4042
    endloop
  endfacet
  facet normal 0.95106 0 -0.309008
    outer loop
      vertex -251.311 727.5 47.5253
      vertex -255.187 772.5 35.5958
      vertex -251.311 772.5 47.5253
    endloop
  endfacet
  facet normal 0.95106 0 -0.309008
    outer loop
      vertex -255.187 772.5 35.5958
      vertex -251.311 727.5 47.5253
      vertex -255.187 727.5 35.5958
    endloop
  endfacet
  facet normal -0.587788 0 0.809015
    outer loop
      vertex -350.148 772.5 104.589
      vertex -340 727.5 111.962
      vertex -340 772.5 111.962
    endloop
  endfacet
  facet normal -0.587788 0 0.809015
    outer loop
      vertex -340 727.5 111.962
      vertex -350.148 772.5 104.589
      vertex -350.148 727.5 104.589
    endloop
  endfacet
  facet normal 0.587778 0 -0.809022
    outer loop
      vertex -280 727.5 8.03848
      vertex -269.852 772.5 15.4113
      vertex -269.852 727.5 15.4113
    endloop
  endfacet
  facet normal 0.587778 0 -0.809022
    outer loop
      vertex -269.852 772.5 15.4113
      vertex -280 727.5 8.03848
      vertex -280 772.5 8.03848
    endloop
  endfacet
  facet normal 0.743153 0 -0.669122
    outer loop
      vertex -261.459 727.5 24.7329
      vertex -269.852 772.5 15.4113
      vertex -261.459 772.5 24.7329
    endloop
  endfacet
  facet normal 0.743153 0 -0.669122
    outer loop
      vertex -269.852 772.5 15.4113
      vertex -261.459 727.5 24.7329
      vertex -269.852 727.5 15.4113
    endloop
  endfacet
  facet normal 0.994523 0 -0.104517
    outer loop
      vertex -250 727.5 60
      vertex -251.311 772.5 47.5253
      vertex -250 772.5 60
    endloop
  endfacet
  facet normal 0.994523 0 -0.104517
    outer loop
      vertex -251.311 772.5 47.5253
      vertex -250 727.5 60
      vertex -251.311 727.5 47.5253
    endloop
  endfacet
  facet normal -0.406736 0 -0.913546
    outer loop
      vertex -340 727.5 8.03848
      vertex -328.541 772.5 2.93661
      vertex -328.541 727.5 2.93661
    endloop
  endfacet
  facet normal -0.406736 0 -0.913546
    outer loop
      vertex -328.541 772.5 2.93661
      vertex -340 727.5 8.03848
      vertex -340 772.5 8.03848
    endloop
  endfacet
  facet normal 0.406678 0 0.913571
    outer loop
      vertex -291.459 772.5 117.063
      vertex -280 727.5 111.962
      vertex -280 772.5 111.962
    endloop
  endfacet
  facet normal 0.406678 0 0.913571
    outer loop
      vertex -280 727.5 111.962
      vertex -291.459 772.5 117.063
      vertex -291.459 727.5 117.063
    endloop
  endfacet
  facet normal 0.743164 -0 0.66911
    outer loop
      vertex -269.852 727.5 104.589
      vertex -261.459 772.5 95.2671
      vertex -269.852 772.5 104.589
    endloop
  endfacet
  facet normal 0.743164 0 0.66911
    outer loop
      vertex -261.459 772.5 95.2671
      vertex -269.852 727.5 104.589
      vertex -261.459 727.5 95.2671
    endloop
  endfacet
  facet normal -0.587778 0 -0.809022
    outer loop
      vertex -350.148 727.5 15.4113
      vertex -340 772.5 8.03848
      vertex -340 727.5 8.03848
    endloop
  endfacet
  facet normal -0.587778 0 -0.809022
    outer loop
      vertex -340 772.5 8.03848
      vertex -350.148 727.5 15.4113
      vertex -350.148 772.5 15.4113
    endloop
  endfacet
  facet normal -0.743164 0 0.66911
    outer loop
      vertex -358.541 727.5 95.2671
      vertex -350.148 772.5 104.589
      vertex -358.541 772.5 95.2671
    endloop
  endfacet
  facet normal -0.743164 0 0.66911
    outer loop
      vertex -350.148 772.5 104.589
      vertex -358.541 727.5 95.2671
      vertex -350.148 727.5 104.589
    endloop
  endfacet
  facet normal -0 0 1
    outer loop
      vertex -316.272 772.5 119.671
      vertex -303.728 727.5 119.671
      vertex -303.728 772.5 119.671
    endloop
  endfacet
  facet normal 0 0 1
    outer loop
      vertex -303.728 727.5 119.671
      vertex -316.272 772.5 119.671
      vertex -316.272 727.5 119.671
    endloop
  endfacet
  facet normal 0.406736 0 -0.913546
    outer loop
      vertex -291.459 727.5 2.93661
      vertex -280 772.5 8.03848
      vertex -280 727.5 8.03848
    endloop
  endfacet
  facet normal 0.406736 0 -0.913546
    outer loop
      vertex -280 772.5 8.03848
      vertex -291.459 727.5 2.93661
      vertex -291.459 772.5 2.93661
    endloop
  endfacet
  facet normal 0.207917 0 -0.978147
    outer loop
      vertex -303.728 727.5 0.328687
      vertex -291.459 772.5 2.93661
      vertex -291.459 727.5 2.93661
    endloop
  endfacet
  facet normal 0.207917 0 -0.978147
    outer loop
      vertex -291.459 772.5 2.93661
      vertex -303.728 727.5 0.328687
      vertex -303.728 772.5 0.328687
    endloop
  endfacet
  facet normal -0.95106 0 0.309008
    outer loop
      vertex -368.689 727.5 72.4747
      vertex -364.813 772.5 84.4042
      vertex -368.689 772.5 72.4747
    endloop
  endfacet
  facet normal -0.95106 0 0.309008
    outer loop
      vertex -364.813 772.5 84.4042
      vertex -368.689 727.5 72.4747
      vertex -364.813 727.5 84.4042
    endloop
  endfacet
  facet normal 0 1 0
    outer loop
      vertex -308.955 772.5 69.9452
      vertex -303.728 772.5 119.671
      vertex -291.459 772.5 117.063
    endloop
  endfacet
  facet normal 0 1 0
    outer loop
      vertex -303.728 772.5 119.671
      vertex -308.955 772.5 69.9452
      vertex -316.272 772.5 119.671
    endloop
  endfacet
  facet normal 0 1 0
    outer loop
      vertex -306.91 772.5 69.5106
      vertex -291.459 772.5 117.063
      vertex -280 772.5 111.962
    endloop
  endfacet
  facet normal 0 1 -0
    outer loop
      vertex -311.045 772.5 69.9452
      vertex -316.272 772.5 119.671
      vertex -308.955 772.5 69.9452
    endloop
  endfacet
  facet normal 0 1 0
    outer loop
      vertex -305 772.5 68.6603
      vertex -280 772.5 111.962
      vertex -269.852 772.5 104.589
    endloop
  endfacet
  facet normal 0 1 0
    outer loop
      vertex -316.272 772.5 119.671
      vertex -311.045 772.5 69.9452
      vertex -328.541 772.5 117.063
    endloop
  endfacet
  facet normal 0 1 0
    outer loop
      vertex -303.309 772.5 67.4314
      vertex -269.852 772.5 104.589
      vertex -261.459 772.5 95.2671
    endloop
  endfacet
  facet normal 0 1 -0
    outer loop
      vertex -313.09 772.5 69.5106
      vertex -328.541 772.5 117.063
      vertex -311.045 772.5 69.9452
    endloop
  endfacet
  facet normal 0 1 0
    outer loop
      vertex -301.91 772.5 65.8779
      vertex -261.459 772.5 95.2671
      vertex -255.187 772.5 84.4042
    endloop
  endfacet
  facet normal 0 1 0
    outer loop
      vertex -328.541 772.5 117.063
      vertex -313.09 772.5 69.5106
      vertex -340 772.5 111.962
    endloop
  endfacet
  facet normal 0 1 0
    outer loop
      vertex -300.865 772.5 64.0674
      vertex -255.187 772.5 84.4042
      vertex -251.311 772.5 72.4747
    endloop
  endfacet
  facet normal 0 1 -0
    outer loop
      vertex -315 772.5 68.6603
      vertex -340 772.5 111.962
      vertex -313.09 772.5 69.5106
    endloop
  endfacet
  facet normal 0 1 0
    outer loop
      vertex -340 772.5 111.962
      vertex -315 772.5 68.6603
      vertex -350.148 772.5 104.589
    endloop
  endfacet
  facet normal 0 1 0
    outer loop
      vertex -291.459 772.5 117.063
      vertex -306.91 772.5 69.5106
      vertex -308.955 772.5 69.9452
    endloop
  endfacet
  facet normal 0 1 0
    outer loop
      vertex -280 772.5 111.962
      vertex -305 772.5 68.6603
      vertex -306.91 772.5 69.5106
    endloop
  endfacet
  facet normal 0 1 0
    outer loop
      vertex -269.852 772.5 104.589
      vertex -303.309 772.5 67.4314
      vertex -305 772.5 68.6603
    endloop
  endfacet
  facet normal 0 1 0
    outer loop
      vertex -261.459 772.5 95.2671
      vertex -301.91 772.5 65.8779
      vertex -303.309 772.5 67.4314
    endloop
  endfacet
  facet normal 0 1 0
    outer loop
      vertex -255.187 772.5 84.4042
      vertex -300.865 772.5 64.0674
      vertex -301.91 772.5 65.8779
    endloop
  endfacet
  facet normal 0 1 0
    outer loop
      vertex -251.311 772.5 72.4747
      vertex -300.219 772.5 62.0791
      vertex -300.865 772.5 64.0674
    endloop
  endfacet
  facet normal 0 1 0
    outer loop
      vertex -250 772.5 60
      vertex -300.219 772.5 62.0791
      vertex -251.311 772.5 72.4747
    endloop
  endfacet
  facet normal 0 1 0
    outer loop
      vertex -250 772.5 60
      vertex -300 772.5 60
      vertex -300.219 772.5 62.0791
    endloop
  endfacet
  facet normal 0 1 0
    outer loop
      vertex -250 772.5 60
      vertex -300.219 772.5 57.9209
      vertex -300 772.5 60
    endloop
  endfacet
  facet normal 0 1 -0
    outer loop
      vertex -251.311 772.5 47.5253
      vertex -300.219 772.5 57.9209
      vertex -250 772.5 60
    endloop
  endfacet
  facet normal 0 1 0
    outer loop
      vertex -300.219 772.5 57.9209
      vertex -251.311 772.5 47.5253
      vertex -300.865 772.5 55.9326
    endloop
  endfacet
  facet normal 0 1 -0
    outer loop
      vertex -255.187 772.5 35.5958
      vertex -300.865 772.5 55.9326
      vertex -251.311 772.5 47.5253
    endloop
  endfacet
  facet normal 0 1 0
    outer loop
      vertex -300.865 772.5 55.9326
      vertex -255.187 772.5 35.5958
      vertex -301.91 772.5 54.1221
    endloop
  endfacet
  facet normal 0 1 -0
    outer loop
      vertex -261.459 772.5 24.7329
      vertex -301.91 772.5 54.1221
      vertex -255.187 772.5 35.5958
    endloop
  endfacet
  facet normal 0 1 0
    outer loop
      vertex -301.91 772.5 54.1221
      vertex -261.459 772.5 24.7329
      vertex -303.309 772.5 52.5686
    endloop
  endfacet
  facet normal 0 1 0
    outer loop
      vertex -303.309 772.5 52.5686
      vertex -269.852 772.5 15.4113
      vertex -305 772.5 51.3397
    endloop
  endfacet
  facet normal 0 1 -0
    outer loop
      vertex -269.852 772.5 15.4113
      vertex -303.309 772.5 52.5686
      vertex -261.459 772.5 24.7329
    endloop
  endfacet
  facet normal 0 1 -0
    outer loop
      vertex -316.691 772.5 67.4314
      vertex -350.148 772.5 104.589
      vertex -315 772.5 68.6603
    endloop
  endfacet
  facet normal 0 1 0
    outer loop
      vertex -350.148 772.5 104.589
      vertex -316.691 772.5 67.4314
      vertex -358.541 772.5 95.2671
    endloop
  endfacet
  facet normal 0 1 -0
    outer loop
      vertex -318.09 772.5 65.8779
      vertex -358.541 772.5 95.2671
      vertex -316.691 772.5 67.4314
    endloop
  endfacet
  facet normal 0 1 0
    outer loop
      vertex -358.541 772.5 95.2671
      vertex -318.09 772.5 65.8779
      vertex -364.813 772.5 84.4042
    endloop
  endfacet
  facet normal 0 1 -0
    outer loop
      vertex -319.135 772.5 64.0674
      vertex -364.813 772.5 84.4042
      vertex -318.09 772.5 65.8779
    endloop
  endfacet
  facet normal 0 1 0
    outer loop
      vertex -364.813 772.5 84.4042
      vertex -319.135 772.5 64.0674
      vertex -368.689 772.5 72.4747
    endloop
  endfacet
  facet normal 0 1 -0
    outer loop
      vertex -319.781 772.5 62.0791
      vertex -368.689 772.5 72.4747
      vertex -319.135 772.5 64.0674
    endloop
  endfacet
  facet normal 0 1 -0
    outer loop
      vertex -320 772.5 60
      vertex -368.689 772.5 72.4747
      vertex -319.781 772.5 62.0791
    endloop
  endfacet
  facet normal 0 1 0
    outer loop
      vertex -320 772.5 60
      vertex -370 772.5 60
      vertex -368.689 772.5 72.4747
    endloop
  endfacet
  facet normal 0 1 0
    outer loop
      vertex -319.781 772.5 57.9209
      vertex -370 772.5 60
      vertex -320 772.5 60
    endloop
  endfacet
  facet normal 0 1 0
    outer loop
      vertex -368.689 772.5 47.5253
      vertex -319.781 772.5 57.9209
      vertex -319.135 772.5 55.9326
    endloop
  endfacet
  facet normal 0 1 0
    outer loop
      vertex -364.813 772.5 35.5958
      vertex -319.135 772.5 55.9326
      vertex -318.09 772.5 54.1221
    endloop
  endfacet
  facet normal 0 1 0
    outer loop
      vertex -358.541 772.5 24.7329
      vertex -318.09 772.5 54.1221
      vertex -316.691 772.5 52.5686
    endloop
  endfacet
  facet normal 0 1 0
    outer loop
      vertex -350.148 772.5 15.4113
      vertex -316.691 772.5 52.5686
      vertex -315 772.5 51.3397
    endloop
  endfacet
  facet normal 0 1 0
    outer loop
      vertex -340 772.5 8.03848
      vertex -315 772.5 51.3397
      vertex -313.09 772.5 50.4894
    endloop
  endfacet
  facet normal 0 1 0
    outer loop
      vertex -328.541 772.5 2.93661
      vertex -313.09 772.5 50.4894
      vertex -311.045 772.5 50.0548
    endloop
  endfacet
  facet normal 0 1 0
    outer loop
      vertex -319.781 772.5 57.9209
      vertex -368.689 772.5 47.5253
      vertex -370 772.5 60
    endloop
  endfacet
  facet normal 0 1 -0
    outer loop
      vertex -280 772.5 8.03848
      vertex -305 772.5 51.3397
      vertex -269.852 772.5 15.4113
    endloop
  endfacet
  facet normal 0 1 0
    outer loop
      vertex -305 772.5 51.3397
      vertex -280 772.5 8.03848
      vertex -306.91 772.5 50.4894
    endloop
  endfacet
  facet normal 0 1 0
    outer loop
      vertex -319.135 772.5 55.9326
      vertex -364.813 772.5 35.5958
      vertex -368.689 772.5 47.5253
    endloop
  endfacet
  facet normal 0 1 -0
    outer loop
      vertex -291.459 772.5 2.93661
      vertex -306.91 772.5 50.4894
      vertex -280 772.5 8.03848
    endloop
  endfacet
  facet normal 0 1 0
    outer loop
      vertex -318.09 772.5 54.1221
      vertex -358.541 772.5 24.7329
      vertex -364.813 772.5 35.5958
    endloop
  endfacet
  facet normal 0 1 0
    outer loop
      vertex -306.91 772.5 50.4894
      vertex -291.459 772.5 2.93661
      vertex -308.955 772.5 50.0548
    endloop
  endfacet
  facet normal 0 1 0
    outer loop
      vertex -316.691 772.5 52.5686
      vertex -350.148 772.5 15.4113
      vertex -358.541 772.5 24.7329
    endloop
  endfacet
  facet normal 0 1 -0
    outer loop
      vertex -303.728 772.5 0.328687
      vertex -308.955 772.5 50.0548
      vertex -291.459 772.5 2.93661
    endloop
  endfacet
  facet normal 0 1 0
    outer loop
      vertex -315 772.5 51.3397
      vertex -340 772.5 8.03848
      vertex -350.148 772.5 15.4113
    endloop
  endfacet
  facet normal 0 1 0
    outer loop
      vertex -308.955 772.5 50.0548
      vertex -303.728 772.5 0.328687
      vertex -311.045 772.5 50.0548
    endloop
  endfacet
  facet normal 0 1 0
    outer loop
      vertex -313.09 772.5 50.4894
      vertex -328.541 772.5 2.93661
      vertex -340 772.5 8.03848
    endloop
  endfacet
  facet normal 0 1 0
    outer loop
      vertex -316.272 772.5 0.328687
      vertex -311.045 772.5 50.0548
      vertex -303.728 772.5 0.328687
    endloop
  endfacet
  facet normal 0 1 0
    outer loop
      vertex -311.045 772.5 50.0548
      vertex -316.272 772.5 0.328687
      vertex -328.541 772.5 2.93661
    endloop
  endfacet
  facet normal -0.95106 0 -0.309008
    outer loop
      vertex -364.813 727.5 35.5958
      vertex -368.689 772.5 47.5253
      vertex -364.813 772.5 35.5958
    endloop
  endfacet
  facet normal -0.95106 -0 -0.309008
    outer loop
      vertex -368.689 772.5 47.5253
      vertex -364.813 727.5 35.5958
      vertex -368.689 727.5 47.5253
    endloop
  endfacet
  facet normal -0.406678 0 0.913571
    outer loop
      vertex -340 772.5 111.962
      vertex -328.541 727.5 117.063
      vertex -328.541 772.5 117.063
    endloop
  endfacet
  facet normal -0.406678 0 0.913571
    outer loop
      vertex -328.541 727.5 117.063
      vertex -340 772.5 111.962
      vertex -340 727.5 111.962
    endloop
  endfacet
  facet normal 0 -1 0
    outer loop
      vertex -311.045 727.5 69.9452
      vertex -316.272 727.5 119.671
      vertex -328.541 727.5 117.063
    endloop
  endfacet
  facet normal 0 -1 0
    outer loop
      vertex -316.272 727.5 119.671
      vertex -311.045 727.5 69.9452
      vertex -303.728 727.5 119.671
    endloop
  endfacet
  facet normal 0 -1 0
    outer loop
      vertex -313.09 727.5 69.5106
      vertex -328.541 727.5 117.063
      vertex -340 727.5 111.962
    endloop
  endfacet
  facet normal 0 -1 0
    outer loop
      vertex -308.955 727.5 69.9452
      vertex -303.728 727.5 119.671
      vertex -311.045 727.5 69.9452
    endloop
  endfacet
  facet normal 0 -1 0
    outer loop
      vertex -315 727.5 68.6603
      vertex -340 727.5 111.962
      vertex -350.148 727.5 104.589
    endloop
  endfacet
  facet normal 0 -1 -0
    outer loop
      vertex -303.728 727.5 119.671
      vertex -308.955 727.5 69.9452
      vertex -291.459 727.5 117.063
    endloop
  endfacet
  facet normal 0 -1 0
    outer loop
      vertex -316.691 727.5 67.4314
      vertex -350.148 727.5 104.589
      vertex -358.541 727.5 95.2671
    endloop
  endfacet
  facet normal 0 -1 0
    outer loop
      vertex -306.91 727.5 69.5106
      vertex -291.459 727.5 117.063
      vertex -308.955 727.5 69.9452
    endloop
  endfacet
  facet normal 0 -1 0
    outer loop
      vertex -318.09 727.5 65.8779
      vertex -358.541 727.5 95.2671
      vertex -364.813 727.5 84.4042
    endloop
  endfacet
  facet normal 0 -1 -0
    outer loop
      vertex -291.459 727.5 117.063
      vertex -306.91 727.5 69.5106
      vertex -280 727.5 111.962
    endloop
  endfacet
  facet normal 0 -1 0
    outer loop
      vertex -319.135 727.5 64.0674
      vertex -364.813 727.5 84.4042
      vertex -368.689 727.5 72.4747
    endloop
  endfacet
  facet normal 0 -1 0
    outer loop
      vertex -305 727.5 68.6603
      vertex -280 727.5 111.962
      vertex -306.91 727.5 69.5106
    endloop
  endfacet
  facet normal 0 -1 -0
    outer loop
      vertex -280 727.5 111.962
      vertex -305 727.5 68.6603
      vertex -269.852 727.5 104.589
    endloop
  endfacet
  facet normal 0 -1 0
    outer loop
      vertex -328.541 727.5 117.063
      vertex -313.09 727.5 69.5106
      vertex -311.045 727.5 69.9452
    endloop
  endfacet
  facet normal 0 -1 0
    outer loop
      vertex -340 727.5 111.962
      vertex -315 727.5 68.6603
      vertex -313.09 727.5 69.5106
    endloop
  endfacet
  facet normal 0 -1 0
    outer loop
      vertex -350.148 727.5 104.589
      vertex -316.691 727.5 67.4314
      vertex -315 727.5 68.6603
    endloop
  endfacet
  facet normal 0 -1 0
    outer loop
      vertex -358.541 727.5 95.2671
      vertex -318.09 727.5 65.8779
      vertex -316.691 727.5 67.4314
    endloop
  endfacet
  facet normal 0 -1 0
    outer loop
      vertex -364.813 727.5 84.4042
      vertex -319.135 727.5 64.0674
      vertex -318.09 727.5 65.8779
    endloop
  endfacet
  facet normal 0 -1 0
    outer loop
      vertex -368.689 727.5 72.4747
      vertex -319.781 727.5 62.0791
      vertex -319.135 727.5 64.0674
    endloop
  endfacet
  facet normal 0 -1 0
    outer loop
      vertex -370 727.5 60
      vertex -319.781 727.5 62.0791
      vertex -368.689 727.5 72.4747
    endloop
  endfacet
  facet normal 0 -1 0
    outer loop
      vertex -370 727.5 60
      vertex -320 727.5 60
      vertex -319.781 727.5 62.0791
    endloop
  endfacet
  facet normal 0 -1 0
    outer loop
      vertex -370 727.5 60
      vertex -319.781 727.5 57.9209
      vertex -320 727.5 60
    endloop
  endfacet
  facet normal 0 -1 0
    outer loop
      vertex -368.689 727.5 47.5253
      vertex -319.781 727.5 57.9209
      vertex -370 727.5 60
    endloop
  endfacet
  facet normal 0 -1 -0
    outer loop
      vertex -319.781 727.5 57.9209
      vertex -368.689 727.5 47.5253
      vertex -319.135 727.5 55.9326
    endloop
  endfacet
  facet normal 0 -1 0
    outer loop
      vertex -364.813 727.5 35.5958
      vertex -319.135 727.5 55.9326
      vertex -368.689 727.5 47.5253
    endloop
  endfacet
  facet normal 0 -1 -0
    outer loop
      vertex -319.135 727.5 55.9326
      vertex -364.813 727.5 35.5958
      vertex -318.09 727.5 54.1221
    endloop
  endfacet
  facet normal 0 -1 0
    outer loop
      vertex -358.541 727.5 24.7329
      vertex -318.09 727.5 54.1221
      vertex -364.813 727.5 35.5958
    endloop
  endfacet
  facet normal 0 -1 -0
    outer loop
      vertex -318.09 727.5 54.1221
      vertex -358.541 727.5 24.7329
      vertex -316.691 727.5 52.5686
    endloop
  endfacet
  facet normal 0 -1 -0
    outer loop
      vertex -316.691 727.5 52.5686
      vertex -350.148 727.5 15.4113
      vertex -315 727.5 51.3397
    endloop
  endfacet
  facet normal 0 -1 0
    outer loop
      vertex -350.148 727.5 15.4113
      vertex -316.691 727.5 52.5686
      vertex -358.541 727.5 24.7329
    endloop
  endfacet
  facet normal 0 -1 0
    outer loop
      vertex -303.309 727.5 67.4314
      vertex -269.852 727.5 104.589
      vertex -305 727.5 68.6603
    endloop
  endfacet
  facet normal 0 -1 -0
    outer loop
      vertex -269.852 727.5 104.589
      vertex -303.309 727.5 67.4314
      vertex -261.459 727.5 95.2671
    endloop
  endfacet
  facet normal 0 -1 0
    outer loop
      vertex -301.91 727.5 65.8779
      vertex -261.459 727.5 95.2671
      vertex -303.309 727.5 67.4314
    endloop
  endfacet
  facet normal 0 -1 -0
    outer loop
      vertex -261.459 727.5 95.2671
      vertex -301.91 727.5 65.8779
      vertex -255.187 727.5 84.4042
    endloop
  endfacet
  facet normal 0 -1 0
    outer loop
      vertex -300.865 727.5 64.0674
      vertex -255.187 727.5 84.4042
      vertex -301.91 727.5 65.8779
    endloop
  endfacet
  facet normal 0 -1 -0
    outer loop
      vertex -255.187 727.5 84.4042
      vertex -300.865 727.5 64.0674
      vertex -251.311 727.5 72.4747
    endloop
  endfacet
  facet normal 0 -1 0
    outer loop
      vertex -300.219 727.5 62.0791
      vertex -251.311 727.5 72.4747
      vertex -300.865 727.5 64.0674
    endloop
  endfacet
  facet normal 0 -1 0
    outer loop
      vertex -300 727.5 60
      vertex -251.311 727.5 72.4747
      vertex -300.219 727.5 62.0791
    endloop
  endfacet
  facet normal 0 -1 0
    outer loop
      vertex -300 727.5 60
      vertex -250 727.5 60
      vertex -251.311 727.5 72.4747
    endloop
  endfacet
  facet normal 0 -1 0
    outer loop
      vertex -300.219 727.5 57.9209
      vertex -250 727.5 60
      vertex -300 727.5 60
    endloop
  endfacet
  facet normal 0 -1 0
    outer loop
      vertex -251.311 727.5 47.5253
      vertex -300.219 727.5 57.9209
      vertex -300.865 727.5 55.9326
    endloop
  endfacet
  facet normal 0 -1 0
    outer loop
      vertex -255.187 727.5 35.5958
      vertex -300.865 727.5 55.9326
      vertex -301.91 727.5 54.1221
    endloop
  endfacet
  facet normal 0 -1 0
    outer loop
      vertex -261.459 727.5 24.7329
      vertex -301.91 727.5 54.1221
      vertex -303.309 727.5 52.5686
    endloop
  endfacet
  facet normal 0 -1 0
    outer loop
      vertex -269.852 727.5 15.4113
      vertex -303.309 727.5 52.5686
      vertex -305 727.5 51.3397
    endloop
  endfacet
  facet normal 0 -1 0
    outer loop
      vertex -280 727.5 8.03848
      vertex -305 727.5 51.3397
      vertex -306.91 727.5 50.4894
    endloop
  endfacet
  facet normal 0 -1 0
    outer loop
      vertex -291.459 727.5 2.93661
      vertex -306.91 727.5 50.4894
      vertex -308.955 727.5 50.0548
    endloop
  endfacet
  facet normal 0 -1 0
    outer loop
      vertex -300.219 727.5 57.9209
      vertex -251.311 727.5 47.5253
      vertex -250 727.5 60
    endloop
  endfacet
  facet normal 0 -1 0
    outer loop
      vertex -340 727.5 8.03848
      vertex -315 727.5 51.3397
      vertex -350.148 727.5 15.4113
    endloop
  endfacet
  facet normal 0 -1 -0
    outer loop
      vertex -315 727.5 51.3397
      vertex -340 727.5 8.03848
      vertex -313.09 727.5 50.4894
    endloop
  endfacet
  facet normal 0 -1 0
    outer loop
      vertex -300.865 727.5 55.9326
      vertex -255.187 727.5 35.5958
      vertex -251.311 727.5 47.5253
    endloop
  endfacet
  facet normal 0 -1 0
    outer loop
      vertex -328.541 727.5 2.93661
      vertex -313.09 727.5 50.4894
      vertex -340 727.5 8.03848
    endloop
  endfacet
  facet normal 0 -1 0
    outer loop
      vertex -301.91 727.5 54.1221
      vertex -261.459 727.5 24.7329
      vertex -255.187 727.5 35.5958
    endloop
  endfacet
  facet normal 0 -1 -0
    outer loop
      vertex -313.09 727.5 50.4894
      vertex -328.541 727.5 2.93661
      vertex -311.045 727.5 50.0548
    endloop
  endfacet
  facet normal 0 -1 0
    outer loop
      vertex -303.309 727.5 52.5686
      vertex -269.852 727.5 15.4113
      vertex -261.459 727.5 24.7329
    endloop
  endfacet
  facet normal 0 -1 0
    outer loop
      vertex -316.272 727.5 0.328687
      vertex -311.045 727.5 50.0548
      vertex -328.541 727.5 2.93661
    endloop
  endfacet
  facet normal 0 -1 0
    outer loop
      vertex -305 727.5 51.3397
      vertex -280 727.5 8.03848
      vertex -269.852 727.5 15.4113
    endloop
  endfacet
  facet normal 0 -1 -0
    outer loop
      vertex -311.045 727.5 50.0548
      vertex -316.272 727.5 0.328687
      vertex -308.955 727.5 50.0548
    endloop
  endfacet
  facet normal 0 -1 0
    outer loop
      vertex -306.91 727.5 50.4894
      vertex -291.459 727.5 2.93661
      vertex -280 727.5 8.03848
    endloop
  endfacet
  facet normal 0 -1 0
    outer loop
      vertex -303.728 727.5 0.328687
      vertex -308.955 727.5 50.0548
      vertex -316.272 727.5 0.328687
    endloop
  endfacet
  facet normal 0 -1 0
    outer loop
      vertex -308.955 727.5 50.0548
      vertex -303.728 727.5 0.328687
      vertex -291.459 727.5 2.93661
    endloop
  endfacet
  facet normal -0.207917 0 -0.978147
    outer loop
      vertex -328.541 727.5 2.93661
      vertex -316.272 772.5 0.328687
      vertex -316.272 727.5 0.328687
    endloop
  endfacet
  facet normal -0.207917 0 -0.978147
    outer loop
      vertex -316.272 772.5 0.328687
      vertex -328.541 727.5 2.93661
      vertex -328.541 772.5 2.93661
    endloop
  endfacet
  facet normal 0.207923 0 0.978145
    outer loop
      vertex -303.728 772.5 119.671
      vertex -291.459 727.5 117.063
      vertex -291.459 772.5 117.063
    endloop
  endfacet
  facet normal 0.207923 0 0.978145
    outer loop
      vertex -291.459 727.5 117.063
      vertex -303.728 772.5 119.671
      vertex -303.728 727.5 119.671
    endloop
  endfacet
  facet normal -0.994523 0 -0.104517
    outer loop
      vertex -368.689 727.5 47.5253
      vertex -370 772.5 60
      vertex -368.689 772.5 47.5253
    endloop
  endfacet
  facet normal -0.994523 -0 -0.104517
    outer loop
      vertex -370 772.5 60
      vertex -368.689 727.5 47.5253
      vertex -370 727.5 60
    endloop
  endfacet
  facet normal -0.866015 0 -0.500018
    outer loop
      vertex -358.541 727.5 24.7329
      vertex -364.813 772.5 35.5958
      vertex -358.541 772.5 24.7329
    endloop
  endfacet
  facet normal -0.866015 -0 -0.500018
    outer loop
      vertex -364.813 772.5 35.5958
      vertex -358.541 727.5 24.7329
      vertex -364.813 727.5 35.5958
    endloop
  endfacet
  facet normal -0.866015 0 0.500018
    outer loop
      vertex -364.813 727.5 84.4042
      vertex -358.541 772.5 95.2671
      vertex -364.813 772.5 84.4042
    endloop
  endfacet
  facet normal -0.866015 0 0.500018
    outer loop
      vertex -358.541 772.5 95.2671
      vertex -364.813 727.5 84.4042
      vertex -358.541 727.5 95.2671
    endloop
  endfacet
  facet normal 0.866015 0 -0.500018
    outer loop
      vertex -255.187 727.5 35.5958
      vertex -261.459 772.5 24.7329
      vertex -255.187 772.5 35.5958
    endloop
  endfacet
  facet normal 0.866015 0 -0.500018
    outer loop
      vertex -261.459 772.5 24.7329
      vertex -255.187 727.5 35.5958
      vertex -261.459 727.5 24.7329
    endloop
  endfacet
  facet normal 0.587788 0 0.809015
    outer loop
      vertex -280 772.5 111.962
      vertex -269.852 727.5 104.589
      vertex -269.852 772.5 104.589
    endloop
  endfacet
  facet normal 0.587788 0 0.809015
    outer loop
      vertex -269.852 727.5 104.589
      vertex -280 772.5 111.962
      vertex -280 727.5 111.962
    endloop
  endfacet
  facet normal -0.207923 0 0.978145
    outer loop
      vertex -328.541 772.5 117.063
      vertex -316.272 727.5 119.671
      vertex -316.272 772.5 119.671
    endloop
  endfacet
  facet normal -0.207923 0 0.978145
    outer loop
      vertex -316.272 727.5 119.671
      vertex -328.541 772.5 117.063
      vertex -328.541 727.5 117.063
    endloop
  endfacet
  facet normal 0 0 -1
    outer loop
      vertex -316.272 727.5 0.328687
      vertex -303.728 772.5 0.328687
      vertex -303.728 727.5 0.328687
    endloop
  endfacet
  facet normal -0 0 -1
    outer loop
      vertex -303.728 772.5 0.328687
      vertex -316.272 727.5 0.328687
      vertex -316.272 772.5 0.328687
    endloop
  endfacet
  facet normal -0.994523 0 0.104517
    outer loop
      vertex -370 727.5 60
      vertex -368.689 772.5 72.4747
      vertex -370 772.5 60
    endloop
  endfacet
  facet normal -0.994523 0 0.104517
    outer loop
      vertex -368.689 772.5 72.4747
      vertex -370 727.5 60
      vertex -368.689 727.5 72.4747
    endloop
  endfacet
  facet normal -0.743092 0 -0.669189
    outer loop
      vertex -316.691 1221.88 52.5686
      vertex -318.09 1227.5 54.1221
      vertex -316.691 1227.5 52.5686
    endloop
  endfacet
  facet normal -0.743092 -0 -0.669189
    outer loop
      vertex -318.09 1227.5 54.1221
      vertex -316.691 1221.88 52.5686
      vertex -318.09 1221.88 54.1221
    endloop
  endfacet
  facet normal -0.743092 0 -0.669189
    outer loop
      vertex -316.691 1272.5 52.5686
      vertex -318.09 1278.12 54.1221
      vertex -316.691 1278.12 52.5686
    endloop
  endfacet
  facet normal -0.743092 -0 -0.669189
    outer loop
      vertex -318.09 1278.12 54.1221
      vertex -316.691 1272.5 52.5686
      vertex -318.09 1272.5 54.1221
    endloop
  endfacet
  facet normal 0.951062 -0 0.309001
    outer loop
      vertex -300.865 1272.5 64.0674
      vertex -300.219 1278.12 62.0791
      vertex -300.865 1278.12 64.0674
    endloop
  endfacet
  facet normal 0.951062 0 0.309001
    outer loop
      vertex -300.219 1278.12 62.0791
      vertex -300.865 1272.5 64.0674
      vertex -300.219 1272.5 62.0791
    endloop
  endfacet
  facet normal 0.951062 -0 0.309001
    outer loop
      vertex -300.865 1221.88 64.0674
      vertex -300.219 1227.5 62.0791
      vertex -300.865 1227.5 64.0674
    endloop
  endfacet
  facet normal 0.951062 0 0.309001
    outer loop
      vertex -300.219 1227.5 62.0791
      vertex -300.865 1221.88 64.0674
      vertex -300.219 1221.88 62.0791
    endloop
  endfacet
  facet normal 0.994498 -0 0.104755
    outer loop
      vertex -300.219 1272.5 62.0791
      vertex -300 1278.12 60
      vertex -300.219 1278.12 62.0791
    endloop
  endfacet
  facet normal 0.994498 0 0.104755
    outer loop
      vertex -300 1278.12 60
      vertex -300.219 1272.5 62.0791
      vertex -300 1272.5 60
    endloop
  endfacet
  facet normal 0.994498 -0 0.104755
    outer loop
      vertex -300.219 1221.88 62.0791
      vertex -300 1227.5 60
      vertex -300.219 1227.5 62.0791
    endloop
  endfacet
  facet normal 0.994498 0 0.104755
    outer loop
      vertex -300 1227.5 60
      vertex -300.219 1221.88 62.0791
      vertex -300 1221.88 60
    endloop
  endfacet
  facet normal 0.866086 -0 0.499895
    outer loop
      vertex -301.91 1272.5 65.8779
      vertex -300.865 1278.12 64.0674
      vertex -301.91 1278.12 65.8779
    endloop
  endfacet
  facet normal 0.866086 0 0.499895
    outer loop
      vertex -300.865 1278.12 64.0674
      vertex -301.91 1272.5 65.8779
      vertex -300.865 1272.5 64.0674
    endloop
  endfacet
  facet normal 0.866086 -0 0.499895
    outer loop
      vertex -301.91 1221.88 65.8779
      vertex -300.865 1227.5 64.0674
      vertex -301.91 1227.5 65.8779
    endloop
  endfacet
  facet normal 0.866086 0 0.499895
    outer loop
      vertex -300.865 1227.5 64.0674
      vertex -301.91 1221.88 65.8779
      vertex -300.865 1221.88 64.0674
    endloop
  endfacet
  facet normal 0.951062 0 -0.309001
    outer loop
      vertex -300.219 1221.88 57.9209
      vertex -300.865 1227.5 55.9326
      vertex -300.219 1227.5 57.9209
    endloop
  endfacet
  facet normal 0.951062 0 -0.309001
    outer loop
      vertex -300.865 1227.5 55.9326
      vertex -300.219 1221.88 57.9209
      vertex -300.865 1221.88 55.9326
    endloop
  endfacet
  facet normal 0.951062 0 -0.309001
    outer loop
      vertex -300.219 1272.5 57.9209
      vertex -300.865 1278.12 55.9326
      vertex -300.219 1278.12 57.9209
    endloop
  endfacet
  facet normal 0.951062 0 -0.309001
    outer loop
      vertex -300.865 1278.12 55.9326
      vertex -300.219 1272.5 57.9209
      vertex -300.865 1272.5 55.9326
    endloop
  endfacet
  facet normal 0.587884 0 -0.808945
    outer loop
      vertex -305 1221.88 51.3397
      vertex -303.309 1227.5 52.5686
      vertex -303.309 1221.88 52.5686
    endloop
  endfacet
  facet normal 0.587884 0 -0.808945
    outer loop
      vertex -303.309 1227.5 52.5686
      vertex -305 1221.88 51.3397
      vertex -305 1227.5 51.3397
    endloop
  endfacet
  facet normal 0.587884 0 -0.808945
    outer loop
      vertex -305 1272.5 51.3397
      vertex -303.309 1278.12 52.5686
      vertex -303.309 1272.5 52.5686
    endloop
  endfacet
  facet normal 0.587884 0 -0.808945
    outer loop
      vertex -303.309 1278.12 52.5686
      vertex -305 1272.5 51.3397
      vertex -305 1278.12 51.3397
    endloop
  endfacet
  facet normal 0.743092 0 -0.669189
    outer loop
      vertex -301.91 1272.5 54.1221
      vertex -303.309 1278.12 52.5686
      vertex -301.91 1278.12 54.1221
    endloop
  endfacet
  facet normal 0.743092 0 -0.669189
    outer loop
      vertex -303.309 1278.12 52.5686
      vertex -301.91 1272.5 54.1221
      vertex -303.309 1272.5 52.5686
    endloop
  endfacet
  facet normal 0.743092 0 -0.669189
    outer loop
      vertex -301.91 1221.88 54.1221
      vertex -303.309 1227.5 52.5686
      vertex -301.91 1227.5 54.1221
    endloop
  endfacet
  facet normal 0.743092 0 -0.669189
    outer loop
      vertex -303.309 1227.5 52.5686
      vertex -301.91 1221.88 54.1221
      vertex -303.309 1221.88 52.5686
    endloop
  endfacet
  facet normal 0.994498 0 -0.104755
    outer loop
      vertex -300 1272.5 60
      vertex -300.219 1278.12 57.9209
      vertex -300 1278.12 60
    endloop
  endfacet
  facet normal 0.994498 0 -0.104755
    outer loop
      vertex -300.219 1278.12 57.9209
      vertex -300 1272.5 60
      vertex -300.219 1272.5 57.9209
    endloop
  endfacet
  facet normal 0.994498 0 -0.104755
    outer loop
      vertex -300 1221.88 60
      vertex -300.219 1227.5 57.9209
      vertex -300 1227.5 60
    endloop
  endfacet
  facet normal 0.994498 0 -0.104755
    outer loop
      vertex -300.219 1227.5 57.9209
      vertex -300 1221.88 60
      vertex -300.219 1221.88 57.9209
    endloop
  endfacet
  facet normal -0.406702 0 -0.913561
    outer loop
      vertex -315 1221.88 51.3397
      vertex -313.09 1227.5 50.4894
      vertex -313.09 1221.88 50.4894
    endloop
  endfacet
  facet normal -0.406702 0 -0.913561
    outer loop
      vertex -313.09 1227.5 50.4894
      vertex -315 1221.88 51.3397
      vertex -315 1227.5 51.3397
    endloop
  endfacet
  facet normal -0.406702 0 -0.913561
    outer loop
      vertex -315 1272.5 51.3397
      vertex -313.09 1278.12 50.4894
      vertex -313.09 1272.5 50.4894
    endloop
  endfacet
  facet normal -0.406702 0 -0.913561
    outer loop
      vertex -313.09 1278.12 50.4894
      vertex -315 1272.5 51.3397
      vertex -315 1278.12 51.3397
    endloop
  endfacet
  facet normal 0.406702 0 0.913561
    outer loop
      vertex -306.91 1227.5 69.5106
      vertex -305 1221.88 68.6603
      vertex -305 1227.5 68.6603
    endloop
  endfacet
  facet normal 0.406702 0 0.913561
    outer loop
      vertex -305 1221.88 68.6603
      vertex -306.91 1227.5 69.5106
      vertex -306.91 1221.88 69.5106
    endloop
  endfacet
  facet normal 0.406702 0 0.913561
    outer loop
      vertex -306.91 1278.12 69.5106
      vertex -305 1272.5 68.6603
      vertex -305 1278.12 68.6603
    endloop
  endfacet
  facet normal 0.406702 0 0.913561
    outer loop
      vertex -305 1272.5 68.6603
      vertex -306.91 1278.12 69.5106
      vertex -306.91 1272.5 69.5106
    endloop
  endfacet
  facet normal 0.743092 -0 0.669189
    outer loop
      vertex -303.309 1272.5 67.4314
      vertex -301.91 1278.12 65.8779
      vertex -303.309 1278.12 67.4314
    endloop
  endfacet
  facet normal 0.743092 0 0.669189
    outer loop
      vertex -301.91 1278.12 65.8779
      vertex -303.309 1272.5 67.4314
      vertex -301.91 1272.5 65.8779
    endloop
  endfacet
  facet normal 0.743092 -0 0.669189
    outer loop
      vertex -303.309 1221.88 67.4314
      vertex -301.91 1227.5 65.8779
      vertex -303.309 1227.5 67.4314
    endloop
  endfacet
  facet normal 0.743092 0 0.669189
    outer loop
      vertex -301.91 1227.5 65.8779
      vertex -303.309 1221.88 67.4314
      vertex -301.91 1221.88 65.8779
    endloop
  endfacet
  facet normal -0.587884 0 -0.808945
    outer loop
      vertex -316.691 1221.88 52.5686
      vertex -315 1227.5 51.3397
      vertex -315 1221.88 51.3397
    endloop
  endfacet
  facet normal -0.587884 0 -0.808945
    outer loop
      vertex -315 1227.5 51.3397
      vertex -316.691 1221.88 52.5686
      vertex -316.691 1227.5 52.5686
    endloop
  endfacet
  facet normal -0.587884 0 -0.808945
    outer loop
      vertex -316.691 1272.5 52.5686
      vertex -315 1278.12 51.3397
      vertex -315 1272.5 51.3397
    endloop
  endfacet
  facet normal -0.587884 0 -0.808945
    outer loop
      vertex -315 1278.12 51.3397
      vertex -316.691 1272.5 52.5686
      vertex -316.691 1278.12 52.5686
    endloop
  endfacet
  facet normal -0.743092 0 0.669189
    outer loop
      vertex -318.09 1221.88 65.8779
      vertex -316.691 1227.5 67.4314
      vertex -318.09 1227.5 65.8779
    endloop
  endfacet
  facet normal -0.743092 0 0.669189
    outer loop
      vertex -316.691 1227.5 67.4314
      vertex -318.09 1221.88 65.8779
      vertex -316.691 1221.88 67.4314
    endloop
  endfacet
  facet normal -0.743092 0 0.669189
    outer loop
      vertex -318.09 1272.5 65.8779
      vertex -316.691 1278.12 67.4314
      vertex -318.09 1278.12 65.8779
    endloop
  endfacet
  facet normal -0.743092 0 0.669189
    outer loop
      vertex -316.691 1278.12 67.4314
      vertex -318.09 1272.5 65.8779
      vertex -316.691 1272.5 67.4314
    endloop
  endfacet
  facet normal -0 0 1
    outer loop
      vertex -311.045 1278.12 69.9452
      vertex -308.955 1272.5 69.9452
      vertex -308.955 1278.12 69.9452
    endloop
  endfacet
  facet normal 0 0 1
    outer loop
      vertex -308.955 1272.5 69.9452
      vertex -311.045 1278.12 69.9452
      vertex -311.045 1272.5 69.9452
    endloop
  endfacet
  facet normal -0 0 1
    outer loop
      vertex -311.045 1227.5 69.9452
      vertex -308.955 1221.88 69.9452
      vertex -308.955 1227.5 69.9452
    endloop
  endfacet
  facet normal 0 0 1
    outer loop
      vertex -308.955 1221.88 69.9452
      vertex -311.045 1227.5 69.9452
      vertex -311.045 1221.88 69.9452
    endloop
  endfacet
  facet normal 0.406702 0 -0.913561
    outer loop
      vertex -306.91 1221.88 50.4894
      vertex -305 1227.5 51.3397
      vertex -305 1221.88 51.3397
    endloop
  endfacet
  facet normal 0.406702 0 -0.913561
    outer loop
      vertex -305 1227.5 51.3397
      vertex -306.91 1221.88 50.4894
      vertex -306.91 1227.5 50.4894
    endloop
  endfacet
  facet normal 0.406702 0 -0.913561
    outer loop
      vertex -306.91 1272.5 50.4894
      vertex -305 1278.12 51.3397
      vertex -305 1272.5 51.3397
    endloop
  endfacet
  facet normal 0.406702 0 -0.913561
    outer loop
      vertex -305 1278.12 51.3397
      vertex -306.91 1272.5 50.4894
      vertex -306.91 1278.12 50.4894
    endloop
  endfacet
  facet normal 0.207876 0 -0.978155
    outer loop
      vertex -308.955 1221.88 50.0548
      vertex -306.91 1227.5 50.4894
      vertex -306.91 1221.88 50.4894
    endloop
  endfacet
  facet normal 0.207876 0 -0.978155
    outer loop
      vertex -306.91 1227.5 50.4894
      vertex -308.955 1221.88 50.0548
      vertex -308.955 1227.5 50.0548
    endloop
  endfacet
  facet normal 0.207876 0 -0.978155
    outer loop
      vertex -308.955 1272.5 50.0548
      vertex -306.91 1278.12 50.4894
      vertex -306.91 1272.5 50.4894
    endloop
  endfacet
  facet normal 0.207876 0 -0.978155
    outer loop
      vertex -306.91 1278.12 50.4894
      vertex -308.955 1272.5 50.0548
      vertex -308.955 1278.12 50.0548
    endloop
  endfacet
  facet normal -0.951062 0 0.309001
    outer loop
      vertex -319.781 1272.5 62.0791
      vertex -319.135 1278.12 64.0674
      vertex -319.781 1278.12 62.0791
    endloop
  endfacet
  facet normal -0.951062 0 0.309001
    outer loop
      vertex -319.135 1278.12 64.0674
      vertex -319.781 1272.5 62.0791
      vertex -319.135 1272.5 64.0674
    endloop
  endfacet
  facet normal -0.951062 0 0.309001
    outer loop
      vertex -319.781 1221.88 62.0791
      vertex -319.135 1227.5 64.0674
      vertex -319.781 1227.5 62.0791
    endloop
  endfacet
  facet normal -0.951062 0 0.309001
    outer loop
      vertex -319.135 1227.5 64.0674
      vertex -319.781 1221.88 62.0791
      vertex -319.135 1221.88 64.0674
    endloop
  endfacet
  facet normal 0 1 0
    outer loop
      vertex -306.91 1278.12 69.5106
      vertex -311.045 1278.12 69.9452
      vertex -308.955 1278.12 69.9452
    endloop
  endfacet
  facet normal 0 1 0
    outer loop
      vertex -306.91 1278.12 69.5106
      vertex -313.09 1278.12 69.5106
      vertex -311.045 1278.12 69.9452
    endloop
  endfacet
  facet normal 0 1 0
    outer loop
      vertex -305 1278.12 68.6603
      vertex -313.09 1278.12 69.5106
      vertex -306.91 1278.12 69.5106
    endloop
  endfacet
  facet normal 0 1 0
    outer loop
      vertex -305 1278.12 68.6603
      vertex -315 1278.12 68.6603
      vertex -313.09 1278.12 69.5106
    endloop
  endfacet
  facet normal 0 1 0
    outer loop
      vertex -303.309 1278.12 67.4314
      vertex -315 1278.12 68.6603
      vertex -305 1278.12 68.6603
    endloop
  endfacet
  facet normal 0 1 0
    outer loop
      vertex -303.309 1278.12 67.4314
      vertex -316.691 1278.12 67.4314
      vertex -315 1278.12 68.6603
    endloop
  endfacet
  facet normal 0 1 0
    outer loop
      vertex -301.91 1278.12 65.8779
      vertex -316.691 1278.12 67.4314
      vertex -303.309 1278.12 67.4314
    endloop
  endfacet
  facet normal 0 1 0
    outer loop
      vertex -301.91 1278.12 65.8779
      vertex -318.09 1278.12 65.8779
      vertex -316.691 1278.12 67.4314
    endloop
  endfacet
  facet normal 0 1 0
    outer loop
      vertex -300.865 1278.12 64.0674
      vertex -318.09 1278.12 65.8779
      vertex -301.91 1278.12 65.8779
    endloop
  endfacet
  facet normal 0 1 0
    outer loop
      vertex -300.865 1278.12 64.0674
      vertex -319.135 1278.12 64.0674
      vertex -318.09 1278.12 65.8779
    endloop
  endfacet
  facet normal 0 1 0
    outer loop
      vertex -300.219 1278.12 62.0791
      vertex -319.135 1278.12 64.0674
      vertex -300.865 1278.12 64.0674
    endloop
  endfacet
  facet normal 0 1 0
    outer loop
      vertex -300.219 1278.12 62.0791
      vertex -319.781 1278.12 62.0791
      vertex -319.135 1278.12 64.0674
    endloop
  endfacet
  facet normal 0 1 0
    outer loop
      vertex -300 1278.12 60
      vertex -319.781 1278.12 62.0791
      vertex -300.219 1278.12 62.0791
    endloop
  endfacet
  facet normal 0 1 0
    outer loop
      vertex -300 1278.12 60
      vertex -320 1278.12 60
      vertex -319.781 1278.12 62.0791
    endloop
  endfacet
  facet normal 0 1 -0
    outer loop
      vertex -300.219 1278.12 57.9209
      vertex -320 1278.12 60
      vertex -300 1278.12 60
    endloop
  endfacet
  facet normal 0 1 0
    outer loop
      vertex -300.219 1278.12 57.9209
      vertex -319.781 1278.12 57.9209
      vertex -320 1278.12 60
    endloop
  endfacet
  facet normal 0 1 -0
    outer loop
      vertex -300.865 1278.12 55.9326
      vertex -319.781 1278.12 57.9209
      vertex -300.219 1278.12 57.9209
    endloop
  endfacet
  facet normal 0 1 0
    outer loop
      vertex -300.865 1278.12 55.9326
      vertex -319.135 1278.12 55.9326
      vertex -319.781 1278.12 57.9209
    endloop
  endfacet
  facet normal 0 1 -0
    outer loop
      vertex -301.91 1278.12 54.1221
      vertex -319.135 1278.12 55.9326
      vertex -300.865 1278.12 55.9326
    endloop
  endfacet
  facet normal 0 1 0
    outer loop
      vertex -301.91 1278.12 54.1221
      vertex -318.09 1278.12 54.1221
      vertex -319.135 1278.12 55.9326
    endloop
  endfacet
  facet normal 0 1 -0
    outer loop
      vertex -303.309 1278.12 52.5686
      vertex -318.09 1278.12 54.1221
      vertex -301.91 1278.12 54.1221
    endloop
  endfacet
  facet normal 0 1 0
    outer loop
      vertex -303.309 1278.12 52.5686
      vertex -316.691 1278.12 52.5686
      vertex -318.09 1278.12 54.1221
    endloop
  endfacet
  facet normal 0 1 -0
    outer loop
      vertex -305 1278.12 51.3397
      vertex -316.691 1278.12 52.5686
      vertex -303.309 1278.12 52.5686
    endloop
  endfacet
  facet normal 0 1 0
    outer loop
      vertex -305 1278.12 51.3397
      vertex -315 1278.12 51.3397
      vertex -316.691 1278.12 52.5686
    endloop
  endfacet
  facet normal 0 1 -0
    outer loop
      vertex -306.91 1278.12 50.4894
      vertex -315 1278.12 51.3397
      vertex -305 1278.12 51.3397
    endloop
  endfacet
  facet normal 0 1 0
    outer loop
      vertex -306.91 1278.12 50.4894
      vertex -313.09 1278.12 50.4894
      vertex -315 1278.12 51.3397
    endloop
  endfacet
  facet normal 0 1 -0
    outer loop
      vertex -308.955 1278.12 50.0548
      vertex -313.09 1278.12 50.4894
      vertex -306.91 1278.12 50.4894
    endloop
  endfacet
  facet normal 0 1 0
    outer loop
      vertex -313.09 1278.12 50.4894
      vertex -308.955 1278.12 50.0548
      vertex -311.045 1278.12 50.0548
    endloop
  endfacet
  facet normal -0.951062 0 -0.309001
    outer loop
      vertex -319.135 1221.88 55.9326
      vertex -319.781 1227.5 57.9209
      vertex -319.135 1227.5 55.9326
    endloop
  endfacet
  facet normal -0.951062 -0 -0.309001
    outer loop
      vertex -319.781 1227.5 57.9209
      vertex -319.135 1221.88 55.9326
      vertex -319.781 1221.88 57.9209
    endloop
  endfacet
  facet normal -0.951062 0 -0.309001
    outer loop
      vertex -319.135 1272.5 55.9326
      vertex -319.781 1278.12 57.9209
      vertex -319.135 1278.12 55.9326
    endloop
  endfacet
  facet normal -0.951062 -0 -0.309001
    outer loop
      vertex -319.781 1278.12 57.9209
      vertex -319.135 1272.5 55.9326
      vertex -319.781 1272.5 57.9209
    endloop
  endfacet
  facet normal -0.406702 0 0.913561
    outer loop
      vertex -315 1227.5 68.6603
      vertex -313.09 1221.88 69.5106
      vertex -313.09 1227.5 69.5106
    endloop
  endfacet
  facet normal -0.406702 0 0.913561
    outer loop
      vertex -313.09 1221.88 69.5106
      vertex -315 1227.5 68.6603
      vertex -315 1221.88 68.6603
    endloop
  endfacet
  facet normal -0.406702 0 0.913561
    outer loop
      vertex -315 1278.12 68.6603
      vertex -313.09 1272.5 69.5106
      vertex -313.09 1278.12 69.5106
    endloop
  endfacet
  facet normal -0.406702 0 0.913561
    outer loop
      vertex -313.09 1272.5 69.5106
      vertex -315 1278.12 68.6603
      vertex -315 1272.5 68.6603
    endloop
  endfacet
  facet normal 0 -1 0
    outer loop
      vertex -311.941 1221.88 67.2444
      vertex -311.045 1221.88 69.9452
      vertex -313.09 1221.88 69.5106
    endloop
  endfacet
  facet normal 0 -1 0
    outer loop
      vertex -311.045 1221.88 69.9452
      vertex -310 1221.88 67.5
      vertex -308.955 1221.88 69.9452
    endloop
  endfacet
  facet normal 0 -1 0
    outer loop
      vertex -313.75 1221.88 66.4952
      vertex -313.09 1221.88 69.5106
      vertex -315 1221.88 68.6603
    endloop
  endfacet
  facet normal 0 -1 0
    outer loop
      vertex -308.059 1221.88 67.2444
      vertex -308.955 1221.88 69.9452
      vertex -310 1221.88 67.5
    endloop
  endfacet
  facet normal 0 -1 0
    outer loop
      vertex -308.955 1221.88 69.9452
      vertex -308.059 1221.88 67.2444
      vertex -306.91 1221.88 69.5106
    endloop
  endfacet
  facet normal 0 -1 0
    outer loop
      vertex -313.75 1221.88 66.4952
      vertex -315 1221.88 68.6603
      vertex -316.691 1221.88 67.4314
    endloop
  endfacet
  facet normal 0 -1 -0
    outer loop
      vertex -311.045 1221.88 69.9452
      vertex -311.941 1221.88 67.2444
      vertex -310 1221.88 67.5
    endloop
  endfacet
  facet normal 0 -1 -0
    outer loop
      vertex -313.09 1221.88 69.5106
      vertex -313.75 1221.88 66.4952
      vertex -311.941 1221.88 67.2444
    endloop
  endfacet
  facet normal 0 -1 0
    outer loop
      vertex -315.303 1221.88 65.3033
      vertex -316.691 1221.88 67.4314
      vertex -318.09 1221.88 65.8779
    endloop
  endfacet
  facet normal 0 -1 0
    outer loop
      vertex -316.691 1221.88 67.4314
      vertex -315.303 1221.88 65.3033
      vertex -313.75 1221.88 66.4952
    endloop
  endfacet
  facet normal 0 -1 0
    outer loop
      vertex -316.495 1221.88 63.75
      vertex -318.09 1221.88 65.8779
      vertex -319.135 1221.88 64.0674
    endloop
  endfacet
  facet normal 0 -1 0
    outer loop
      vertex -318.09 1221.88 65.8779
      vertex -316.495 1221.88 63.75
      vertex -315.303 1221.88 65.3033
    endloop
  endfacet
  facet normal 0 -1 0
    outer loop
      vertex -317.244 1221.88 61.9411
      vertex -319.135 1221.88 64.0674
      vertex -319.781 1221.88 62.0791
    endloop
  endfacet
  facet normal 0 -1 0
    outer loop
      vertex -319.135 1221.88 64.0674
      vertex -317.244 1221.88 61.9411
      vertex -316.495 1221.88 63.75
    endloop
  endfacet
  facet normal 0 -1 0
    outer loop
      vertex -317.5 1221.88 60
      vertex -319.781 1221.88 62.0791
      vertex -320 1221.88 60
    endloop
  endfacet
  facet normal 0 -1 0
    outer loop
      vertex -319.781 1221.88 62.0791
      vertex -317.5 1221.88 60
      vertex -317.244 1221.88 61.9411
    endloop
  endfacet
  facet normal 0 -1 0
    outer loop
      vertex -319.781 1221.88 57.9209
      vertex -317.5 1221.88 60
      vertex -320 1221.88 60
    endloop
  endfacet
  facet normal 0 -1 -0
    outer loop
      vertex -317.5 1221.88 60
      vertex -319.781 1221.88 57.9209
      vertex -317.244 1221.88 58.0589
    endloop
  endfacet
  facet normal 0 -1 0
    outer loop
      vertex -319.135 1221.88 55.9326
      vertex -317.244 1221.88 58.0589
      vertex -319.781 1221.88 57.9209
    endloop
  endfacet
  facet normal 0 -1 -0
    outer loop
      vertex -317.244 1221.88 58.0589
      vertex -319.135 1221.88 55.9326
      vertex -316.495 1221.88 56.25
    endloop
  endfacet
  facet normal 0 -1 0
    outer loop
      vertex -318.09 1221.88 54.1221
      vertex -316.495 1221.88 56.25
      vertex -319.135 1221.88 55.9326
    endloop
  endfacet
  facet normal 0 -1 -0
    outer loop
      vertex -316.495 1221.88 56.25
      vertex -318.09 1221.88 54.1221
      vertex -315.303 1221.88 54.6967
    endloop
  endfacet
  facet normal 0 -1 0
    outer loop
      vertex -316.691 1221.88 52.5686
      vertex -315.303 1221.88 54.6967
      vertex -318.09 1221.88 54.1221
    endloop
  endfacet
  facet normal 0 -1 -0
    outer loop
      vertex -315.303 1221.88 54.6967
      vertex -316.691 1221.88 52.5686
      vertex -313.75 1221.88 53.5048
    endloop
  endfacet
  facet normal 0 -1 0
    outer loop
      vertex -315 1221.88 51.3397
      vertex -313.75 1221.88 53.5048
      vertex -316.691 1221.88 52.5686
    endloop
  endfacet
  facet normal 0 -1 0
    outer loop
      vertex -313.09 1221.88 50.4894
      vertex -313.75 1221.88 53.5048
      vertex -315 1221.88 51.3397
    endloop
  endfacet
  facet normal 0 -1 0
    outer loop
      vertex -313.75 1221.88 53.5048
      vertex -313.09 1221.88 50.4894
      vertex -311.941 1221.88 52.7556
    endloop
  endfacet
  facet normal 0 -1 0
    outer loop
      vertex -306.25 1221.88 66.4952
      vertex -306.91 1221.88 69.5106
      vertex -308.059 1221.88 67.2444
    endloop
  endfacet
  facet normal 0 -1 0
    outer loop
      vertex -306.91 1221.88 69.5106
      vertex -306.25 1221.88 66.4952
      vertex -305 1221.88 68.6603
    endloop
  endfacet
  facet normal 0 -1 -0
    outer loop
      vertex -305 1221.88 68.6603
      vertex -306.25 1221.88 66.4952
      vertex -303.309 1221.88 67.4314
    endloop
  endfacet
  facet normal 0 -1 0
    outer loop
      vertex -304.697 1221.88 65.3033
      vertex -303.309 1221.88 67.4314
      vertex -306.25 1221.88 66.4952
    endloop
  endfacet
  facet normal 0 -1 -0
    outer loop
      vertex -303.309 1221.88 67.4314
      vertex -304.697 1221.88 65.3033
      vertex -301.91 1221.88 65.8779
    endloop
  endfacet
  facet normal 0 -1 0
    outer loop
      vertex -303.505 1221.88 63.75
      vertex -301.91 1221.88 65.8779
      vertex -304.697 1221.88 65.3033
    endloop
  endfacet
  facet normal 0 -1 -0
    outer loop
      vertex -301.91 1221.88 65.8779
      vertex -303.505 1221.88 63.75
      vertex -300.865 1221.88 64.0674
    endloop
  endfacet
  facet normal 0 -1 0
    outer loop
      vertex -302.756 1221.88 61.9411
      vertex -300.865 1221.88 64.0674
      vertex -303.505 1221.88 63.75
    endloop
  endfacet
  facet normal 0 -1 -0
    outer loop
      vertex -300.865 1221.88 64.0674
      vertex -302.756 1221.88 61.9411
      vertex -300.219 1221.88 62.0791
    endloop
  endfacet
  facet normal 0 -1 0
    outer loop
      vertex -302.5 1221.88 60
      vertex -300.219 1221.88 62.0791
      vertex -302.756 1221.88 61.9411
    endloop
  endfacet
  facet normal 0 -1 0
    outer loop
      vertex -302.5 1221.88 60
      vertex -300 1221.88 60
      vertex -300.219 1221.88 62.0791
    endloop
  endfacet
  facet normal 0 -1 0
    outer loop
      vertex -300.219 1221.88 57.9209
      vertex -302.5 1221.88 60
      vertex -302.756 1221.88 58.0589
    endloop
  endfacet
  facet normal 0 -1 0
    outer loop
      vertex -302.5 1221.88 60
      vertex -300.219 1221.88 57.9209
      vertex -300 1221.88 60
    endloop
  endfacet
  facet normal 0 -1 0
    outer loop
      vertex -300.865 1221.88 55.9326
      vertex -302.756 1221.88 58.0589
      vertex -303.505 1221.88 56.25
    endloop
  endfacet
  facet normal 0 -1 0
    outer loop
      vertex -302.756 1221.88 58.0589
      vertex -300.865 1221.88 55.9326
      vertex -300.219 1221.88 57.9209
    endloop
  endfacet
  facet normal 0 -1 0
    outer loop
      vertex -301.91 1221.88 54.1221
      vertex -303.505 1221.88 56.25
      vertex -304.697 1221.88 54.6967
    endloop
  endfacet
  facet normal 0 -1 0
    outer loop
      vertex -303.505 1221.88 56.25
      vertex -301.91 1221.88 54.1221
      vertex -300.865 1221.88 55.9326
    endloop
  endfacet
  facet normal 0 -1 0
    outer loop
      vertex -303.309 1221.88 52.5686
      vertex -304.697 1221.88 54.6967
      vertex -306.25 1221.88 53.5048
    endloop
  endfacet
  facet normal 0 -1 0
    outer loop
      vertex -306.91 1221.88 50.4894
      vertex -306.25 1221.88 53.5048
      vertex -308.059 1221.88 52.7556
    endloop
  endfacet
  facet normal 0 -1 0
    outer loop
      vertex -304.697 1221.88 54.6967
      vertex -303.309 1221.88 52.5686
      vertex -301.91 1221.88 54.1221
    endloop
  endfacet
  facet normal 0 -1 0
    outer loop
      vertex -308.955 1221.88 50.0548
      vertex -308.059 1221.88 52.7556
      vertex -310 1221.88 52.5
    endloop
  endfacet
  facet normal 0 -1 0
    outer loop
      vertex -311.045 1221.88 50.0548
      vertex -311.941 1221.88 52.7556
      vertex -313.09 1221.88 50.4894
    endloop
  endfacet
  facet normal 0 -1 0
    outer loop
      vertex -306.25 1221.88 53.5048
      vertex -305 1221.88 51.3397
      vertex -303.309 1221.88 52.5686
    endloop
  endfacet
  facet normal 0 -1 0
    outer loop
      vertex -311.941 1221.88 52.7556
      vertex -311.045 1221.88 50.0548
      vertex -310 1221.88 52.5
    endloop
  endfacet
  facet normal 0 -1 -0
    outer loop
      vertex -306.25 1221.88 53.5048
      vertex -306.91 1221.88 50.4894
      vertex -305 1221.88 51.3397
    endloop
  endfacet
  facet normal 0 -1 0
    outer loop
      vertex -308.955 1221.88 50.0548
      vertex -310 1221.88 52.5
      vertex -311.045 1221.88 50.0548
    endloop
  endfacet
  facet normal 0 -1 -0
    outer loop
      vertex -308.059 1221.88 52.7556
      vertex -308.955 1221.88 50.0548
      vertex -306.91 1221.88 50.4894
    endloop
  endfacet
  facet normal -0.207876 0 -0.978155
    outer loop
      vertex -313.09 1272.5 50.4894
      vertex -311.045 1278.12 50.0548
      vertex -311.045 1272.5 50.0548
    endloop
  endfacet
  facet normal -0.207876 0 -0.978155
    outer loop
      vertex -311.045 1278.12 50.0548
      vertex -313.09 1272.5 50.4894
      vertex -313.09 1278.12 50.4894
    endloop
  endfacet
  facet normal -0.207876 0 -0.978155
    outer loop
      vertex -313.09 1221.88 50.4894
      vertex -311.045 1227.5 50.0548
      vertex -311.045 1221.88 50.0548
    endloop
  endfacet
  facet normal -0.207876 0 -0.978155
    outer loop
      vertex -311.045 1227.5 50.0548
      vertex -313.09 1221.88 50.4894
      vertex -313.09 1227.5 50.4894
    endloop
  endfacet
  facet normal 0.207876 0 0.978155
    outer loop
      vertex -308.955 1227.5 69.9452
      vertex -306.91 1221.88 69.5106
      vertex -306.91 1227.5 69.5106
    endloop
  endfacet
  facet normal 0.207876 0 0.978155
    outer loop
      vertex -306.91 1221.88 69.5106
      vertex -308.955 1227.5 69.9452
      vertex -308.955 1221.88 69.9452
    endloop
  endfacet
  facet normal 0.207876 0 0.978155
    outer loop
      vertex -308.955 1278.12 69.9452
      vertex -306.91 1272.5 69.5106
      vertex -306.91 1278.12 69.5106
    endloop
  endfacet
  facet normal 0.207876 0 0.978155
    outer loop
      vertex -306.91 1272.5 69.5106
      vertex -308.955 1278.12 69.9452
      vertex -308.955 1272.5 69.9452
    endloop
  endfacet
  facet normal -0.994498 0 -0.104755
    outer loop
      vertex -319.781 1221.88 57.9209
      vertex -320 1227.5 60
      vertex -319.781 1227.5 57.9209
    endloop
  endfacet
  facet normal -0.994498 -0 -0.104755
    outer loop
      vertex -320 1227.5 60
      vertex -319.781 1221.88 57.9209
      vertex -320 1221.88 60
    endloop
  endfacet
  facet normal -0.994498 0 -0.104755
    outer loop
      vertex -319.781 1272.5 57.9209
      vertex -320 1278.12 60
      vertex -319.781 1278.12 57.9209
    endloop
  endfacet
  facet normal -0.994498 -0 -0.104755
    outer loop
      vertex -320 1278.12 60
      vertex -319.781 1272.5 57.9209
      vertex -320 1272.5 60
    endloop
  endfacet
  facet normal -0.994498 0 0.104755
    outer loop
      vertex -320 1272.5 60
      vertex -319.781 1278.12 62.0791
      vertex -320 1278.12 60
    endloop
  endfacet
  facet normal -0.994498 0 0.104755
    outer loop
      vertex -319.781 1278.12 62.0791
      vertex -320 1272.5 60
      vertex -319.781 1272.5 62.0791
    endloop
  endfacet
  facet normal -0.994498 0 0.104755
    outer loop
      vertex -320 1221.88 60
      vertex -319.781 1227.5 62.0791
      vertex -320 1227.5 60
    endloop
  endfacet
  facet normal -0.994498 0 0.104755
    outer loop
      vertex -319.781 1227.5 62.0791
      vertex -320 1221.88 60
      vertex -319.781 1221.88 62.0791
    endloop
  endfacet
  facet normal -0.866086 0 -0.499895
    outer loop
      vertex -318.09 1221.88 54.1221
      vertex -319.135 1227.5 55.9326
      vertex -318.09 1227.5 54.1221
    endloop
  endfacet
  facet normal -0.866086 -0 -0.499895
    outer loop
      vertex -319.135 1227.5 55.9326
      vertex -318.09 1221.88 54.1221
      vertex -319.135 1221.88 55.9326
    endloop
  endfacet
  facet normal -0.866086 0 -0.499895
    outer loop
      vertex -318.09 1272.5 54.1221
      vertex -319.135 1278.12 55.9326
      vertex -318.09 1278.12 54.1221
    endloop
  endfacet
  facet normal -0.866086 -0 -0.499895
    outer loop
      vertex -319.135 1278.12 55.9326
      vertex -318.09 1272.5 54.1221
      vertex -319.135 1272.5 55.9326
    endloop
  endfacet
  facet normal -0.866086 0 0.499895
    outer loop
      vertex -319.135 1272.5 64.0674
      vertex -318.09 1278.12 65.8779
      vertex -319.135 1278.12 64.0674
    endloop
  endfacet
  facet normal -0.866086 0 0.499895
    outer loop
      vertex -318.09 1278.12 65.8779
      vertex -319.135 1272.5 64.0674
      vertex -318.09 1272.5 65.8779
    endloop
  endfacet
  facet normal -0.866086 0 0.499895
    outer loop
      vertex -319.135 1221.88 64.0674
      vertex -318.09 1227.5 65.8779
      vertex -319.135 1227.5 64.0674
    endloop
  endfacet
  facet normal -0.866086 0 0.499895
    outer loop
      vertex -318.09 1227.5 65.8779
      vertex -319.135 1221.88 64.0674
      vertex -318.09 1221.88 65.8779
    endloop
  endfacet
  facet normal 0.866086 0 -0.499895
    outer loop
      vertex -300.865 1221.88 55.9326
      vertex -301.91 1227.5 54.1221
      vertex -300.865 1227.5 55.9326
    endloop
  endfacet
  facet normal 0.866086 0 -0.499895
    outer loop
      vertex -301.91 1227.5 54.1221
      vertex -300.865 1221.88 55.9326
      vertex -301.91 1221.88 54.1221
    endloop
  endfacet
  facet normal 0.866086 0 -0.499895
    outer loop
      vertex -300.865 1272.5 55.9326
      vertex -301.91 1278.12 54.1221
      vertex -300.865 1278.12 55.9326
    endloop
  endfacet
  facet normal 0.866086 0 -0.499895
    outer loop
      vertex -301.91 1278.12 54.1221
      vertex -300.865 1272.5 55.9326
      vertex -301.91 1272.5 54.1221
    endloop
  endfacet
  facet normal 0.587884 0 0.808945
    outer loop
      vertex -305 1278.12 68.6603
      vertex -303.309 1272.5 67.4314
      vertex -303.309 1278.12 67.4314
    endloop
  endfacet
  facet normal 0.587884 0 0.808945
    outer loop
      vertex -303.309 1272.5 67.4314
      vertex -305 1278.12 68.6603
      vertex -305 1272.5 68.6603
    endloop
  endfacet
  facet normal 0.587884 0 0.808945
    outer loop
      vertex -305 1227.5 68.6603
      vertex -303.309 1221.88 67.4314
      vertex -303.309 1227.5 67.4314
    endloop
  endfacet
  facet normal 0.587884 0 0.808945
    outer loop
      vertex -303.309 1221.88 67.4314
      vertex -305 1227.5 68.6603
      vertex -305 1221.88 68.6603
    endloop
  endfacet
  facet normal -0.587884 0 0.808945
    outer loop
      vertex -316.691 1227.5 67.4314
      vertex -315 1221.88 68.6603
      vertex -315 1227.5 68.6603
    endloop
  endfacet
  facet normal -0.587884 0 0.808945
    outer loop
      vertex -315 1221.88 68.6603
      vertex -316.691 1227.5 67.4314
      vertex -316.691 1221.88 67.4314
    endloop
  endfacet
  facet normal -0.587884 0 0.808945
    outer loop
      vertex -316.691 1278.12 67.4314
      vertex -315 1272.5 68.6603
      vertex -315 1278.12 68.6603
    endloop
  endfacet
  facet normal -0.587884 0 0.808945
    outer loop
      vertex -315 1272.5 68.6603
      vertex -316.691 1278.12 67.4314
      vertex -316.691 1272.5 67.4314
    endloop
  endfacet
  facet normal -0.207876 0 0.978155
    outer loop
      vertex -313.09 1227.5 69.5106
      vertex -311.045 1221.88 69.9452
      vertex -311.045 1227.5 69.9452
    endloop
  endfacet
  facet normal -0.207876 0 0.978155
    outer loop
      vertex -311.045 1221.88 69.9452
      vertex -313.09 1227.5 69.5106
      vertex -313.09 1221.88 69.5106
    endloop
  endfacet
  facet normal -0.207876 0 0.978155
    outer loop
      vertex -313.09 1278.12 69.5106
      vertex -311.045 1272.5 69.9452
      vertex -311.045 1278.12 69.9452
    endloop
  endfacet
  facet normal -0.207876 0 0.978155
    outer loop
      vertex -311.045 1272.5 69.9452
      vertex -313.09 1278.12 69.5106
      vertex -313.09 1272.5 69.5106
    endloop
  endfacet
  facet normal 0 0 -1
    outer loop
      vertex -311.045 1272.5 50.0548
      vertex -308.955 1278.12 50.0548
      vertex -308.955 1272.5 50.0548
    endloop
  endfacet
  facet normal -0 0 -1
    outer loop
      vertex -308.955 1278.12 50.0548
      vertex -311.045 1272.5 50.0548
      vertex -311.045 1278.12 50.0548
    endloop
  endfacet
  facet normal 0 0 -1
    outer loop
      vertex -311.045 1221.88 50.0548
      vertex -308.955 1227.5 50.0548
      vertex -308.955 1221.88 50.0548
    endloop
  endfacet
  facet normal -0 0 -1
    outer loop
      vertex -308.955 1227.5 50.0548
      vertex -311.045 1221.88 50.0548
      vertex -311.045 1227.5 50.0548
    endloop
  endfacet
  facet normal -0.743153 0 -0.669122
    outer loop
      vertex -350.148 1227.5 15.4113
      vertex -358.541 1272.5 24.7329
      vertex -350.148 1272.5 15.4113
    endloop
  endfacet
  facet normal -0.743153 -0 -0.669122
    outer loop
      vertex -358.541 1272.5 24.7329
      vertex -350.148 1227.5 15.4113
      vertex -358.541 1227.5 24.7329
    endloop
  endfacet
  facet normal 0.95106 -0 0.309008
    outer loop
      vertex -255.187 1227.5 84.4042
      vertex -251.311 1272.5 72.4747
      vertex -255.187 1272.5 84.4042
    endloop
  endfacet
  facet normal 0.95106 0 0.309008
    outer loop
      vertex -251.311 1272.5 72.4747
      vertex -255.187 1227.5 84.4042
      vertex -251.311 1227.5 72.4747
    endloop
  endfacet
  facet normal 0.994523 -0 0.104517
    outer loop
      vertex -251.311 1227.5 72.4747
      vertex -250 1272.5 60
      vertex -251.311 1272.5 72.4747
    endloop
  endfacet
  facet normal 0.994523 0 0.104517
    outer loop
      vertex -250 1272.5 60
      vertex -251.311 1227.5 72.4747
      vertex -250 1227.5 60
    endloop
  endfacet
  facet normal 0.866015 -0 0.500018
    outer loop
      vertex -261.459 1227.5 95.2671
      vertex -255.187 1272.5 84.4042
      vertex -261.459 1272.5 95.2671
    endloop
  endfacet
  facet normal 0.866015 0 0.500018
    outer loop
      vertex -255.187 1272.5 84.4042
      vertex -261.459 1227.5 95.2671
      vertex -255.187 1227.5 84.4042
    endloop
  endfacet
  facet normal 0.95106 0 -0.309008
    outer loop
      vertex -251.311 1227.5 47.5253
      vertex -255.187 1272.5 35.5958
      vertex -251.311 1272.5 47.5253
    endloop
  endfacet
  facet normal 0.95106 0 -0.309008
    outer loop
      vertex -255.187 1272.5 35.5958
      vertex -251.311 1227.5 47.5253
      vertex -255.187 1227.5 35.5958
    endloop
  endfacet
  facet normal -0.587788 0 0.809015
    outer loop
      vertex -350.148 1272.5 104.589
      vertex -340 1227.5 111.962
      vertex -340 1272.5 111.962
    endloop
  endfacet
  facet normal -0.587788 0 0.809015
    outer loop
      vertex -340 1227.5 111.962
      vertex -350.148 1272.5 104.589
      vertex -350.148 1227.5 104.589
    endloop
  endfacet
  facet normal 0.587778 0 -0.809022
    outer loop
      vertex -280 1227.5 8.03848
      vertex -269.852 1272.5 15.4113
      vertex -269.852 1227.5 15.4113
    endloop
  endfacet
  facet normal 0.587778 0 -0.809022
    outer loop
      vertex -269.852 1272.5 15.4113
      vertex -280 1227.5 8.03848
      vertex -280 1272.5 8.03848
    endloop
  endfacet
  facet normal 0.743153 0 -0.669122
    outer loop
      vertex -261.459 1227.5 24.7329
      vertex -269.852 1272.5 15.4113
      vertex -261.459 1272.5 24.7329
    endloop
  endfacet
  facet normal 0.743153 0 -0.669122
    outer loop
      vertex -269.852 1272.5 15.4113
      vertex -261.459 1227.5 24.7329
      vertex -269.852 1227.5 15.4113
    endloop
  endfacet
  facet normal 0.994523 0 -0.104517
    outer loop
      vertex -250 1227.5 60
      vertex -251.311 1272.5 47.5253
      vertex -250 1272.5 60
    endloop
  endfacet
  facet normal 0.994523 0 -0.104517
    outer loop
      vertex -251.311 1272.5 47.5253
      vertex -250 1227.5 60
      vertex -251.311 1227.5 47.5253
    endloop
  endfacet
  facet normal -0.406736 0 -0.913546
    outer loop
      vertex -340 1227.5 8.03848
      vertex -328.541 1272.5 2.93661
      vertex -328.541 1227.5 2.93661
    endloop
  endfacet
  facet normal -0.406736 0 -0.913546
    outer loop
      vertex -328.541 1272.5 2.93661
      vertex -340 1227.5 8.03848
      vertex -340 1272.5 8.03848
    endloop
  endfacet
  facet normal 0.406678 0 0.913571
    outer loop
      vertex -291.459 1272.5 117.063
      vertex -280 1227.5 111.962
      vertex -280 1272.5 111.962
    endloop
  endfacet
  facet normal 0.406678 0 0.913571
    outer loop
      vertex -280 1227.5 111.962
      vertex -291.459 1272.5 117.063
      vertex -291.459 1227.5 117.063
    endloop
  endfacet
  facet normal 0.743164 -0 0.66911
    outer loop
      vertex -269.852 1227.5 104.589
      vertex -261.459 1272.5 95.2671
      vertex -269.852 1272.5 104.589
    endloop
  endfacet
  facet normal 0.743164 0 0.66911
    outer loop
      vertex -261.459 1272.5 95.2671
      vertex -269.852 1227.5 104.589
      vertex -261.459 1227.5 95.2671
    endloop
  endfacet
  facet normal -0.587778 0 -0.809022
    outer loop
      vertex -350.148 1227.5 15.4113
      vertex -340 1272.5 8.03848
      vertex -340 1227.5 8.03848
    endloop
  endfacet
  facet normal -0.587778 0 -0.809022
    outer loop
      vertex -340 1272.5 8.03848
      vertex -350.148 1227.5 15.4113
      vertex -350.148 1272.5 15.4113
    endloop
  endfacet
  facet normal -0.743164 0 0.66911
    outer loop
      vertex -358.541 1227.5 95.2671
      vertex -350.148 1272.5 104.589
      vertex -358.541 1272.5 95.2671
    endloop
  endfacet
  facet normal -0.743164 0 0.66911
    outer loop
      vertex -350.148 1272.5 104.589
      vertex -358.541 1227.5 95.2671
      vertex -350.148 1227.5 104.589
    endloop
  endfacet
  facet normal -0 0 1
    outer loop
      vertex -316.272 1272.5 119.671
      vertex -303.728 1227.5 119.671
      vertex -303.728 1272.5 119.671
    endloop
  endfacet
  facet normal 0 0 1
    outer loop
      vertex -303.728 1227.5 119.671
      vertex -316.272 1272.5 119.671
      vertex -316.272 1227.5 119.671
    endloop
  endfacet
  facet normal 0.406736 0 -0.913546
    outer loop
      vertex -291.459 1227.5 2.93661
      vertex -280 1272.5 8.03848
      vertex -280 1227.5 8.03848
    endloop
  endfacet
  facet normal 0.406736 0 -0.913546
    outer loop
      vertex -280 1272.5 8.03848
      vertex -291.459 1227.5 2.93661
      vertex -291.459 1272.5 2.93661
    endloop
  endfacet
  facet normal 0.207917 0 -0.978147
    outer loop
      vertex -303.728 1227.5 0.328687
      vertex -291.459 1272.5 2.93661
      vertex -291.459 1227.5 2.93661
    endloop
  endfacet
  facet normal 0.207917 0 -0.978147
    outer loop
      vertex -291.459 1272.5 2.93661
      vertex -303.728 1227.5 0.328687
      vertex -303.728 1272.5 0.328687
    endloop
  endfacet
  facet normal -0.95106 0 0.309008
    outer loop
      vertex -368.689 1227.5 72.4747
      vertex -364.813 1272.5 84.4042
      vertex -368.689 1272.5 72.4747
    endloop
  endfacet
  facet normal -0.95106 0 0.309008
    outer loop
      vertex -364.813 1272.5 84.4042
      vertex -368.689 1227.5 72.4747
      vertex -364.813 1227.5 84.4042
    endloop
  endfacet
  facet normal 0 1 0
    outer loop
      vertex -308.955 1272.5 69.9452
      vertex -303.728 1272.5 119.671
      vertex -291.459 1272.5 117.063
    endloop
  endfacet
  facet normal 0 1 0
    outer loop
      vertex -303.728 1272.5 119.671
      vertex -308.955 1272.5 69.9452
      vertex -316.272 1272.5 119.671
    endloop
  endfacet
  facet normal 0 1 0
    outer loop
      vertex -306.91 1272.5 69.5106
      vertex -291.459 1272.5 117.063
      vertex -280 1272.5 111.962
    endloop
  endfacet
  facet normal 0 1 -0
    outer loop
      vertex -311.045 1272.5 69.9452
      vertex -316.272 1272.5 119.671
      vertex -308.955 1272.5 69.9452
    endloop
  endfacet
  facet normal 0 1 0
    outer loop
      vertex -305 1272.5 68.6603
      vertex -280 1272.5 111.962
      vertex -269.852 1272.5 104.589
    endloop
  endfacet
  facet normal 0 1 0
    outer loop
      vertex -316.272 1272.5 119.671
      vertex -311.045 1272.5 69.9452
      vertex -328.541 1272.5 117.063
    endloop
  endfacet
  facet normal 0 1 0
    outer loop
      vertex -303.309 1272.5 67.4314
      vertex -269.852 1272.5 104.589
      vertex -261.459 1272.5 95.2671
    endloop
  endfacet
  facet normal 0 1 -0
    outer loop
      vertex -313.09 1272.5 69.5106
      vertex -328.541 1272.5 117.063
      vertex -311.045 1272.5 69.9452
    endloop
  endfacet
  facet normal 0 1 0
    outer loop
      vertex -301.91 1272.5 65.8779
      vertex -261.459 1272.5 95.2671
      vertex -255.187 1272.5 84.4042
    endloop
  endfacet
  facet normal 0 1 0
    outer loop
      vertex -328.541 1272.5 117.063
      vertex -313.09 1272.5 69.5106
      vertex -340 1272.5 111.962
    endloop
  endfacet
  facet normal 0 1 0
    outer loop
      vertex -300.865 1272.5 64.0674
      vertex -255.187 1272.5 84.4042
      vertex -251.311 1272.5 72.4747
    endloop
  endfacet
  facet normal 0 1 -0
    outer loop
      vertex -315 1272.5 68.6603
      vertex -340 1272.5 111.962
      vertex -313.09 1272.5 69.5106
    endloop
  endfacet
  facet normal 0 1 0
    outer loop
      vertex -340 1272.5 111.962
      vertex -315 1272.5 68.6603
      vertex -350.148 1272.5 104.589
    endloop
  endfacet
  facet normal 0 1 0
    outer loop
      vertex -291.459 1272.5 117.063
      vertex -306.91 1272.5 69.5106
      vertex -308.955 1272.5 69.9452
    endloop
  endfacet
  facet normal 0 1 0
    outer loop
      vertex -280 1272.5 111.962
      vertex -305 1272.5 68.6603
      vertex -306.91 1272.5 69.5106
    endloop
  endfacet
  facet normal 0 1 0
    outer loop
      vertex -269.852 1272.5 104.589
      vertex -303.309 1272.5 67.4314
      vertex -305 1272.5 68.6603
    endloop
  endfacet
  facet normal 0 1 0
    outer loop
      vertex -261.459 1272.5 95.2671
      vertex -301.91 1272.5 65.8779
      vertex -303.309 1272.5 67.4314
    endloop
  endfacet
  facet normal 0 1 0
    outer loop
      vertex -255.187 1272.5 84.4042
      vertex -300.865 1272.5 64.0674
      vertex -301.91 1272.5 65.8779
    endloop
  endfacet
  facet normal 0 1 0
    outer loop
      vertex -251.311 1272.5 72.4747
      vertex -300.219 1272.5 62.0791
      vertex -300.865 1272.5 64.0674
    endloop
  endfacet
  facet normal 0 1 0
    outer loop
      vertex -250 1272.5 60
      vertex -300.219 1272.5 62.0791
      vertex -251.311 1272.5 72.4747
    endloop
  endfacet
  facet normal 0 1 0
    outer loop
      vertex -250 1272.5 60
      vertex -300 1272.5 60
      vertex -300.219 1272.5 62.0791
    endloop
  endfacet
  facet normal 0 1 0
    outer loop
      vertex -250 1272.5 60
      vertex -300.219 1272.5 57.9209
      vertex -300 1272.5 60
    endloop
  endfacet
  facet normal 0 1 -0
    outer loop
      vertex -251.311 1272.5 47.5253
      vertex -300.219 1272.5 57.9209
      vertex -250 1272.5 60
    endloop
  endfacet
  facet normal 0 1 0
    outer loop
      vertex -300.219 1272.5 57.9209
      vertex -251.311 1272.5 47.5253
      vertex -300.865 1272.5 55.9326
    endloop
  endfacet
  facet normal 0 1 -0
    outer loop
      vertex -255.187 1272.5 35.5958
      vertex -300.865 1272.5 55.9326
      vertex -251.311 1272.5 47.5253
    endloop
  endfacet
  facet normal 0 1 0
    outer loop
      vertex -300.865 1272.5 55.9326
      vertex -255.187 1272.5 35.5958
      vertex -301.91 1272.5 54.1221
    endloop
  endfacet
  facet normal 0 1 -0
    outer loop
      vertex -261.459 1272.5 24.7329
      vertex -301.91 1272.5 54.1221
      vertex -255.187 1272.5 35.5958
    endloop
  endfacet
  facet normal 0 1 0
    outer loop
      vertex -301.91 1272.5 54.1221
      vertex -261.459 1272.5 24.7329
      vertex -303.309 1272.5 52.5686
    endloop
  endfacet
  facet normal 0 1 0
    outer loop
      vertex -303.309 1272.5 52.5686
      vertex -269.852 1272.5 15.4113
      vertex -305 1272.5 51.3397
    endloop
  endfacet
  facet normal 0 1 -0
    outer loop
      vertex -269.852 1272.5 15.4113
      vertex -303.309 1272.5 52.5686
      vertex -261.459 1272.5 24.7329
    endloop
  endfacet
  facet normal 0 1 -0
    outer loop
      vertex -316.691 1272.5 67.4314
      vertex -350.148 1272.5 104.589
      vertex -315 1272.5 68.6603
    endloop
  endfacet
  facet normal 0 1 0
    outer loop
      vertex -350.148 1272.5 104.589
      vertex -316.691 1272.5 67.4314
      vertex -358.541 1272.5 95.2671
    endloop
  endfacet
  facet normal 0 1 -0
    outer loop
      vertex -318.09 1272.5 65.8779
      vertex -358.541 1272.5 95.2671
      vertex -316.691 1272.5 67.4314
    endloop
  endfacet
  facet normal 0 1 0
    outer loop
      vertex -358.541 1272.5 95.2671
      vertex -318.09 1272.5 65.8779
      vertex -364.813 1272.5 84.4042
    endloop
  endfacet
  facet normal 0 1 -0
    outer loop
      vertex -319.135 1272.5 64.0674
      vertex -364.813 1272.5 84.4042
      vertex -318.09 1272.5 65.8779
    endloop
  endfacet
  facet normal 0 1 0
    outer loop
      vertex -364.813 1272.5 84.4042
      vertex -319.135 1272.5 64.0674
      vertex -368.689 1272.5 72.4747
    endloop
  endfacet
  facet normal 0 1 -0
    outer loop
      vertex -319.781 1272.5 62.0791
      vertex -368.689 1272.5 72.4747
      vertex -319.135 1272.5 64.0674
    endloop
  endfacet
  facet normal 0 1 -0
    outer loop
      vertex -320 1272.5 60
      vertex -368.689 1272.5 72.4747
      vertex -319.781 1272.5 62.0791
    endloop
  endfacet
  facet normal 0 1 0
    outer loop
      vertex -320 1272.5 60
      vertex -370 1272.5 60
      vertex -368.689 1272.5 72.4747
    endloop
  endfacet
  facet normal 0 1 0
    outer loop
      vertex -319.781 1272.5 57.9209
      vertex -370 1272.5 60
      vertex -320 1272.5 60
    endloop
  endfacet
  facet normal 0 1 0
    outer loop
      vertex -368.689 1272.5 47.5253
      vertex -319.781 1272.5 57.9209
      vertex -319.135 1272.5 55.9326
    endloop
  endfacet
  facet normal 0 1 0
    outer loop
      vertex -364.813 1272.5 35.5958
      vertex -319.135 1272.5 55.9326
      vertex -318.09 1272.5 54.1221
    endloop
  endfacet
  facet normal 0 1 0
    outer loop
      vertex -358.541 1272.5 24.7329
      vertex -318.09 1272.5 54.1221
      vertex -316.691 1272.5 52.5686
    endloop
  endfacet
  facet normal 0 1 0
    outer loop
      vertex -350.148 1272.5 15.4113
      vertex -316.691 1272.5 52.5686
      vertex -315 1272.5 51.3397
    endloop
  endfacet
  facet normal 0 1 0
    outer loop
      vertex -340 1272.5 8.03848
      vertex -315 1272.5 51.3397
      vertex -313.09 1272.5 50.4894
    endloop
  endfacet
  facet normal 0 1 0
    outer loop
      vertex -328.541 1272.5 2.93661
      vertex -313.09 1272.5 50.4894
      vertex -311.045 1272.5 50.0548
    endloop
  endfacet
  facet normal 0 1 0
    outer loop
      vertex -319.781 1272.5 57.9209
      vertex -368.689 1272.5 47.5253
      vertex -370 1272.5 60
    endloop
  endfacet
  facet normal 0 1 -0
    outer loop
      vertex -280 1272.5 8.03848
      vertex -305 1272.5 51.3397
      vertex -269.852 1272.5 15.4113
    endloop
  endfacet
  facet normal 0 1 0
    outer loop
      vertex -305 1272.5 51.3397
      vertex -280 1272.5 8.03848
      vertex -306.91 1272.5 50.4894
    endloop
  endfacet
  facet normal 0 1 0
    outer loop
      vertex -319.135 1272.5 55.9326
      vertex -364.813 1272.5 35.5958
      vertex -368.689 1272.5 47.5253
    endloop
  endfacet
  facet normal 0 1 -0
    outer loop
      vertex -291.459 1272.5 2.93661
      vertex -306.91 1272.5 50.4894
      vertex -280 1272.5 8.03848
    endloop
  endfacet
  facet normal 0 1 0
    outer loop
      vertex -318.09 1272.5 54.1221
      vertex -358.541 1272.5 24.7329
      vertex -364.813 1272.5 35.5958
    endloop
  endfacet
  facet normal 0 1 0
    outer loop
      vertex -306.91 1272.5 50.4894
      vertex -291.459 1272.5 2.93661
      vertex -308.955 1272.5 50.0548
    endloop
  endfacet
  facet normal 0 1 0
    outer loop
      vertex -316.691 1272.5 52.5686
      vertex -350.148 1272.5 15.4113
      vertex -358.541 1272.5 24.7329
    endloop
  endfacet
  facet normal 0 1 -0
    outer loop
      vertex -303.728 1272.5 0.328687
      vertex -308.955 1272.5 50.0548
      vertex -291.459 1272.5 2.93661
    endloop
  endfacet
  facet normal 0 1 0
    outer loop
      vertex -315 1272.5 51.3397
      vertex -340 1272.5 8.03848
      vertex -350.148 1272.5 15.4113
    endloop
  endfacet
  facet normal 0 1 0
    outer loop
      vertex -308.955 1272.5 50.0548
      vertex -303.728 1272.5 0.328687
      vertex -311.045 1272.5 50.0548
    endloop
  endfacet
  facet normal 0 1 0
    outer loop
      vertex -313.09 1272.5 50.4894
      vertex -328.541 1272.5 2.93661
      vertex -340 1272.5 8.03848
    endloop
  endfacet
  facet normal 0 1 0
    outer loop
      vertex -316.272 1272.5 0.328687
      vertex -311.045 1272.5 50.0548
      vertex -303.728 1272.5 0.328687
    endloop
  endfacet
  facet normal 0 1 0
    outer loop
      vertex -311.045 1272.5 50.0548
      vertex -316.272 1272.5 0.328687
      vertex -328.541 1272.5 2.93661
    endloop
  endfacet
  facet normal -0.95106 0 -0.309008
    outer loop
      vertex -364.813 1227.5 35.5958
      vertex -368.689 1272.5 47.5253
      vertex -364.813 1272.5 35.5958
    endloop
  endfacet
  facet normal -0.95106 -0 -0.309008
    outer loop
      vertex -368.689 1272.5 47.5253
      vertex -364.813 1227.5 35.5958
      vertex -368.689 1227.5 47.5253
    endloop
  endfacet
  facet normal -0.406678 0 0.913571
    outer loop
      vertex -340 1272.5 111.962
      vertex -328.541 1227.5 117.063
      vertex -328.541 1272.5 117.063
    endloop
  endfacet
  facet normal -0.406678 0 0.913571
    outer loop
      vertex -328.541 1227.5 117.063
      vertex -340 1272.5 111.962
      vertex -340 1227.5 111.962
    endloop
  endfacet
  facet normal 0 -1 0
    outer loop
      vertex -311.045 1227.5 69.9452
      vertex -316.272 1227.5 119.671
      vertex -328.541 1227.5 117.063
    endloop
  endfacet
  facet normal 0 -1 0
    outer loop
      vertex -316.272 1227.5 119.671
      vertex -311.045 1227.5 69.9452
      vertex -303.728 1227.5 119.671
    endloop
  endfacet
  facet normal 0 -1 0
    outer loop
      vertex -313.09 1227.5 69.5106
      vertex -328.541 1227.5 117.063
      vertex -340 1227.5 111.962
    endloop
  endfacet
  facet normal 0 -1 0
    outer loop
      vertex -308.955 1227.5 69.9452
      vertex -303.728 1227.5 119.671
      vertex -311.045 1227.5 69.9452
    endloop
  endfacet
  facet normal 0 -1 0
    outer loop
      vertex -315 1227.5 68.6603
      vertex -340 1227.5 111.962
      vertex -350.148 1227.5 104.589
    endloop
  endfacet
  facet normal 0 -1 -0
    outer loop
      vertex -303.728 1227.5 119.671
      vertex -308.955 1227.5 69.9452
      vertex -291.459 1227.5 117.063
    endloop
  endfacet
  facet normal 0 -1 0
    outer loop
      vertex -316.691 1227.5 67.4314
      vertex -350.148 1227.5 104.589
      vertex -358.541 1227.5 95.2671
    endloop
  endfacet
  facet normal 0 -1 0
    outer loop
      vertex -306.91 1227.5 69.5106
      vertex -291.459 1227.5 117.063
      vertex -308.955 1227.5 69.9452
    endloop
  endfacet
  facet normal 0 -1 0
    outer loop
      vertex -318.09 1227.5 65.8779
      vertex -358.541 1227.5 95.2671
      vertex -364.813 1227.5 84.4042
    endloop
  endfacet
  facet normal 0 -1 -0
    outer loop
      vertex -291.459 1227.5 117.063
      vertex -306.91 1227.5 69.5106
      vertex -280 1227.5 111.962
    endloop
  endfacet
  facet normal 0 -1 0
    outer loop
      vertex -319.135 1227.5 64.0674
      vertex -364.813 1227.5 84.4042
      vertex -368.689 1227.5 72.4747
    endloop
  endfacet
  facet normal 0 -1 0
    outer loop
      vertex -305 1227.5 68.6603
      vertex -280 1227.5 111.962
      vertex -306.91 1227.5 69.5106
    endloop
  endfacet
  facet normal 0 -1 -0
    outer loop
      vertex -280 1227.5 111.962
      vertex -305 1227.5 68.6603
      vertex -269.852 1227.5 104.589
    endloop
  endfacet
  facet normal 0 -1 0
    outer loop
      vertex -328.541 1227.5 117.063
      vertex -313.09 1227.5 69.5106
      vertex -311.045 1227.5 69.9452
    endloop
  endfacet
  facet normal 0 -1 0
    outer loop
      vertex -340 1227.5 111.962
      vertex -315 1227.5 68.6603
      vertex -313.09 1227.5 69.5106
    endloop
  endfacet
  facet normal 0 -1 0
    outer loop
      vertex -350.148 1227.5 104.589
      vertex -316.691 1227.5 67.4314
      vertex -315 1227.5 68.6603
    endloop
  endfacet
  facet normal 0 -1 0
    outer loop
      vertex -358.541 1227.5 95.2671
      vertex -318.09 1227.5 65.8779
      vertex -316.691 1227.5 67.4314
    endloop
  endfacet
  facet normal 0 -1 0
    outer loop
      vertex -364.813 1227.5 84.4042
      vertex -319.135 1227.5 64.0674
      vertex -318.09 1227.5 65.8779
    endloop
  endfacet
  facet normal 0 -1 0
    outer loop
      vertex -368.689 1227.5 72.4747
      vertex -319.781 1227.5 62.0791
      vertex -319.135 1227.5 64.0674
    endloop
  endfacet
  facet normal 0 -1 0
    outer loop
      vertex -370 1227.5 60
      vertex -319.781 1227.5 62.0791
      vertex -368.689 1227.5 72.4747
    endloop
  endfacet
  facet normal 0 -1 0
    outer loop
      vertex -370 1227.5 60
      vertex -320 1227.5 60
      vertex -319.781 1227.5 62.0791
    endloop
  endfacet
  facet normal 0 -1 0
    outer loop
      vertex -370 1227.5 60
      vertex -319.781 1227.5 57.9209
      vertex -320 1227.5 60
    endloop
  endfacet
  facet normal 0 -1 0
    outer loop
      vertex -368.689 1227.5 47.5253
      vertex -319.781 1227.5 57.9209
      vertex -370 1227.5 60
    endloop
  endfacet
  facet normal 0 -1 -0
    outer loop
      vertex -319.781 1227.5 57.9209
      vertex -368.689 1227.5 47.5253
      vertex -319.135 1227.5 55.9326
    endloop
  endfacet
  facet normal 0 -1 0
    outer loop
      vertex -364.813 1227.5 35.5958
      vertex -319.135 1227.5 55.9326
      vertex -368.689 1227.5 47.5253
    endloop
  endfacet
  facet normal 0 -1 -0
    outer loop
      vertex -319.135 1227.5 55.9326
      vertex -364.813 1227.5 35.5958
      vertex -318.09 1227.5 54.1221
    endloop
  endfacet
  facet normal 0 -1 0
    outer loop
      vertex -358.541 1227.5 24.7329
      vertex -318.09 1227.5 54.1221
      vertex -364.813 1227.5 35.5958
    endloop
  endfacet
  facet normal 0 -1 -0
    outer loop
      vertex -318.09 1227.5 54.1221
      vertex -358.541 1227.5 24.7329
      vertex -316.691 1227.5 52.5686
    endloop
  endfacet
  facet normal 0 -1 -0
    outer loop
      vertex -316.691 1227.5 52.5686
      vertex -350.148 1227.5 15.4113
      vertex -315 1227.5 51.3397
    endloop
  endfacet
  facet normal 0 -1 0
    outer loop
      vertex -350.148 1227.5 15.4113
      vertex -316.691 1227.5 52.5686
      vertex -358.541 1227.5 24.7329
    endloop
  endfacet
  facet normal 0 -1 0
    outer loop
      vertex -303.309 1227.5 67.4314
      vertex -269.852 1227.5 104.589
      vertex -305 1227.5 68.6603
    endloop
  endfacet
  facet normal 0 -1 -0
    outer loop
      vertex -269.852 1227.5 104.589
      vertex -303.309 1227.5 67.4314
      vertex -261.459 1227.5 95.2671
    endloop
  endfacet
  facet normal 0 -1 0
    outer loop
      vertex -301.91 1227.5 65.8779
      vertex -261.459 1227.5 95.2671
      vertex -303.309 1227.5 67.4314
    endloop
  endfacet
  facet normal 0 -1 -0
    outer loop
      vertex -261.459 1227.5 95.2671
      vertex -301.91 1227.5 65.8779
      vertex -255.187 1227.5 84.4042
    endloop
  endfacet
  facet normal 0 -1 0
    outer loop
      vertex -300.865 1227.5 64.0674
      vertex -255.187 1227.5 84.4042
      vertex -301.91 1227.5 65.8779
    endloop
  endfacet
  facet normal 0 -1 -0
    outer loop
      vertex -255.187 1227.5 84.4042
      vertex -300.865 1227.5 64.0674
      vertex -251.311 1227.5 72.4747
    endloop
  endfacet
  facet normal 0 -1 0
    outer loop
      vertex -300.219 1227.5 62.0791
      vertex -251.311 1227.5 72.4747
      vertex -300.865 1227.5 64.0674
    endloop
  endfacet
  facet normal 0 -1 0
    outer loop
      vertex -300 1227.5 60
      vertex -251.311 1227.5 72.4747
      vertex -300.219 1227.5 62.0791
    endloop
  endfacet
  facet normal 0 -1 0
    outer loop
      vertex -300 1227.5 60
      vertex -250 1227.5 60
      vertex -251.311 1227.5 72.4747
    endloop
  endfacet
  facet normal 0 -1 0
    outer loop
      vertex -300.219 1227.5 57.9209
      vertex -250 1227.5 60
      vertex -300 1227.5 60
    endloop
  endfacet
  facet normal 0 -1 0
    outer loop
      vertex -251.311 1227.5 47.5253
      vertex -300.219 1227.5 57.9209
      vertex -300.865 1227.5 55.9326
    endloop
  endfacet
  facet normal 0 -1 0
    outer loop
      vertex -255.187 1227.5 35.5958
      vertex -300.865 1227.5 55.9326
      vertex -301.91 1227.5 54.1221
    endloop
  endfacet
  facet normal 0 -1 0
    outer loop
      vertex -261.459 1227.5 24.7329
      vertex -301.91 1227.5 54.1221
      vertex -303.309 1227.5 52.5686
    endloop
  endfacet
  facet normal 0 -1 0
    outer loop
      vertex -269.852 1227.5 15.4113
      vertex -303.309 1227.5 52.5686
      vertex -305 1227.5 51.3397
    endloop
  endfacet
  facet normal 0 -1 0
    outer loop
      vertex -280 1227.5 8.03848
      vertex -305 1227.5 51.3397
      vertex -306.91 1227.5 50.4894
    endloop
  endfacet
  facet normal 0 -1 0
    outer loop
      vertex -291.459 1227.5 2.93661
      vertex -306.91 1227.5 50.4894
      vertex -308.955 1227.5 50.0548
    endloop
  endfacet
  facet normal 0 -1 0
    outer loop
      vertex -300.219 1227.5 57.9209
      vertex -251.311 1227.5 47.5253
      vertex -250 1227.5 60
    endloop
  endfacet
  facet normal 0 -1 0
    outer loop
      vertex -340 1227.5 8.03848
      vertex -315 1227.5 51.3397
      vertex -350.148 1227.5 15.4113
    endloop
  endfacet
  facet normal 0 -1 -0
    outer loop
      vertex -315 1227.5 51.3397
      vertex -340 1227.5 8.03848
      vertex -313.09 1227.5 50.4894
    endloop
  endfacet
  facet normal 0 -1 0
    outer loop
      vertex -300.865 1227.5 55.9326
      vertex -255.187 1227.5 35.5958
      vertex -251.311 1227.5 47.5253
    endloop
  endfacet
  facet normal 0 -1 0
    outer loop
      vertex -328.541 1227.5 2.93661
      vertex -313.09 1227.5 50.4894
      vertex -340 1227.5 8.03848
    endloop
  endfacet
  facet normal 0 -1 0
    outer loop
      vertex -301.91 1227.5 54.1221
      vertex -261.459 1227.5 24.7329
      vertex -255.187 1227.5 35.5958
    endloop
  endfacet
  facet normal 0 -1 -0
    outer loop
      vertex -313.09 1227.5 50.4894
      vertex -328.541 1227.5 2.93661
      vertex -311.045 1227.5 50.0548
    endloop
  endfacet
  facet normal 0 -1 0
    outer loop
      vertex -303.309 1227.5 52.5686
      vertex -269.852 1227.5 15.4113
      vertex -261.459 1227.5 24.7329
    endloop
  endfacet
  facet normal 0 -1 0
    outer loop
      vertex -316.272 1227.5 0.328687
      vertex -311.045 1227.5 50.0548
      vertex -328.541 1227.5 2.93661
    endloop
  endfacet
  facet normal 0 -1 0
    outer loop
      vertex -305 1227.5 51.3397
      vertex -280 1227.5 8.03848
      vertex -269.852 1227.5 15.4113
    endloop
  endfacet
  facet normal 0 -1 -0
    outer loop
      vertex -311.045 1227.5 50.0548
      vertex -316.272 1227.5 0.328687
      vertex -308.955 1227.5 50.0548
    endloop
  endfacet
  facet normal 0 -1 0
    outer loop
      vertex -306.91 1227.5 50.4894
      vertex -291.459 1227.5 2.93661
      vertex -280 1227.5 8.03848
    endloop
  endfacet
  facet normal 0 -1 0
    outer loop
      vertex -303.728 1227.5 0.328687
      vertex -308.955 1227.5 50.0548
      vertex -316.272 1227.5 0.328687
    endloop
  endfacet
  facet normal 0 -1 0
    outer loop
      vertex -308.955 1227.5 50.0548
      vertex -303.728 1227.5 0.328687
      vertex -291.459 1227.5 2.93661
    endloop
  endfacet
  facet normal -0.207917 0 -0.978147
    outer loop
      vertex -328.541 1227.5 2.93661
      vertex -316.272 1272.5 0.328687
      vertex -316.272 1227.5 0.328687
    endloop
  endfacet
  facet normal -0.207917 0 -0.978147
    outer loop
      vertex -316.272 1272.5 0.328687
      vertex -328.541 1227.5 2.93661
      vertex -328.541 1272.5 2.93661
    endloop
  endfacet
  facet normal 0.207923 0 0.978145
    outer loop
      vertex -303.728 1272.5 119.671
      vertex -291.459 1227.5 117.063
      vertex -291.459 1272.5 117.063
    endloop
  endfacet
  facet normal 0.207923 0 0.978145
    outer loop
      vertex -291.459 1227.5 117.063
      vertex -303.728 1272.5 119.671
      vertex -303.728 1227.5 119.671
    endloop
  endfacet
  facet normal -0.994523 0 -0.104517
    outer loop
      vertex -368.689 1227.5 47.5253
      vertex -370 1272.5 60
      vertex -368.689 1272.5 47.5253
    endloop
  endfacet
  facet normal -0.994523 -0 -0.104517
    outer loop
      vertex -370 1272.5 60
      vertex -368.689 1227.5 47.5253
      vertex -370 1227.5 60
    endloop
  endfacet
  facet normal -0.866015 0 -0.500018
    outer loop
      vertex -358.541 1227.5 24.7329
      vertex -364.813 1272.5 35.5958
      vertex -358.541 1272.5 24.7329
    endloop
  endfacet
  facet normal -0.866015 -0 -0.500018
    outer loop
      vertex -364.813 1272.5 35.5958
      vertex -358.541 1227.5 24.7329
      vertex -364.813 1227.5 35.5958
    endloop
  endfacet
  facet normal -0.866015 0 0.500018
    outer loop
      vertex -364.813 1227.5 84.4042
      vertex -358.541 1272.5 95.2671
      vertex -364.813 1272.5 84.4042
    endloop
  endfacet
  facet normal -0.866015 0 0.500018
    outer loop
      vertex -358.541 1272.5 95.2671
      vertex -364.813 1227.5 84.4042
      vertex -358.541 1227.5 95.2671
    endloop
  endfacet
  facet normal 0.866015 0 -0.500018
    outer loop
      vertex -255.187 1227.5 35.5958
      vertex -261.459 1272.5 24.7329
      vertex -255.187 1272.5 35.5958
    endloop
  endfacet
  facet normal 0.866015 0 -0.500018
    outer loop
      vertex -261.459 1272.5 24.7329
      vertex -255.187 1227.5 35.5958
      vertex -261.459 1227.5 24.7329
    endloop
  endfacet
  facet normal 0.587788 0 0.809015
    outer loop
      vertex -280 1272.5 111.962
      vertex -269.852 1227.5 104.589
      vertex -269.852 1272.5 104.589
    endloop
  endfacet
  facet normal 0.587788 0 0.809015
    outer loop
      vertex -269.852 1227.5 104.589
      vertex -280 1272.5 111.962
      vertex -280 1227.5 111.962
    endloop
  endfacet
  facet normal -0.207923 0 0.978145
    outer loop
      vertex -328.541 1272.5 117.063
      vertex -316.272 1227.5 119.671
      vertex -316.272 1272.5 119.671
    endloop
  endfacet
  facet normal -0.207923 0 0.978145
    outer loop
      vertex -316.272 1227.5 119.671
      vertex -328.541 1272.5 117.063
      vertex -328.541 1227.5 117.063
    endloop
  endfacet
  facet normal 0 0 -1
    outer loop
      vertex -316.272 1227.5 0.328687
      vertex -303.728 1272.5 0.328687
      vertex -303.728 1227.5 0.328687
    endloop
  endfacet
  facet normal -0 0 -1
    outer loop
      vertex -303.728 1272.5 0.328687
      vertex -316.272 1227.5 0.328687
      vertex -316.272 1272.5 0.328687
    endloop
  endfacet
  facet normal -0.994523 0 0.104517
    outer loop
      vertex -370 1227.5 60
      vertex -368.689 1272.5 72.4747
      vertex -370 1272.5 60
    endloop
  endfacet
  facet normal -0.994523 0 0.104517
    outer loop
      vertex -368.689 1272.5 72.4747
      vertex -370 1227.5 60
      vertex -368.689 1227.5 72.4747
    endloop
  endfacet
  facet normal 0.923928 -0 0.382565
    outer loop
      vertex -303.505 778.125 63.75
      vertex -302.756 1221.88 61.9411
      vertex -303.505 1221.88 63.75
    endloop
  endfacet
  facet normal 0.923928 0 0.382565
    outer loop
      vertex -302.756 1221.88 61.9411
      vertex -303.505 778.125 63.75
      vertex -302.756 778.125 61.9411
    endloop
  endfacet
  facet normal 0.991415 -0 0.130752
    outer loop
      vertex -302.756 778.125 61.9411
      vertex -302.5 1221.88 60
      vertex -302.756 1221.88 61.9411
    endloop
  endfacet
  facet normal 0.991415 0 0.130752
    outer loop
      vertex -302.5 1221.88 60
      vertex -302.756 778.125 61.9411
      vertex -302.5 778.125 60
    endloop
  endfacet
  facet normal -0.793326 0 0.608797
    outer loop
      vertex -316.495 778.125 63.75
      vertex -315.303 1221.88 65.3033
      vertex -316.495 1221.88 63.75
    endloop
  endfacet
  facet normal -0.793326 0 0.608797
    outer loop
      vertex -315.303 1221.88 65.3033
      vertex -316.495 778.125 63.75
      vertex -315.303 778.125 65.3033
    endloop
  endfacet
  facet normal -0.608839 0 0.793294
    outer loop
      vertex -315.303 1221.88 65.3033
      vertex -313.75 778.125 66.4952
      vertex -313.75 1221.88 66.4952
    endloop
  endfacet
  facet normal -0.608839 0 0.793294
    outer loop
      vertex -313.75 778.125 66.4952
      vertex -315.303 1221.88 65.3033
      vertex -315.303 778.125 65.3033
    endloop
  endfacet
  facet normal 0.382634 0 -0.9239
    outer loop
      vertex -308.059 778.125 52.7556
      vertex -306.25 1221.88 53.5048
      vertex -306.25 778.125 53.5048
    endloop
  endfacet
  facet normal 0.382634 0 -0.9239
    outer loop
      vertex -306.25 1221.88 53.5048
      vertex -308.059 778.125 52.7556
      vertex -308.059 1221.88 52.7556
    endloop
  endfacet
  facet normal -0.923928 0 0.382565
    outer loop
      vertex -317.244 778.125 61.9411
      vertex -316.495 1221.88 63.75
      vertex -317.244 1221.88 61.9411
    endloop
  endfacet
  facet normal -0.923928 0 0.382565
    outer loop
      vertex -316.495 1221.88 63.75
      vertex -317.244 778.125 61.9411
      vertex -316.495 778.125 63.75
    endloop
  endfacet
  facet normal 0.793326 -0 0.608797
    outer loop
      vertex -304.697 778.125 65.3033
      vertex -303.505 1221.88 63.75
      vertex -304.697 1221.88 65.3033
    endloop
  endfacet
  facet normal 0.793326 0 0.608797
    outer loop
      vertex -303.505 1221.88 63.75
      vertex -304.697 778.125 65.3033
      vertex -303.505 778.125 63.75
    endloop
  endfacet
  facet normal -0.382634 0 -0.9239
    outer loop
      vertex -313.75 778.125 53.5048
      vertex -311.941 1221.88 52.7556
      vertex -311.941 778.125 52.7556
    endloop
  endfacet
  facet normal -0.382634 0 -0.9239
    outer loop
      vertex -311.941 1221.88 52.7556
      vertex -313.75 778.125 53.5048
      vertex -313.75 1221.88 53.5048
    endloop
  endfacet
  facet normal 0.130558 0 -0.991441
    outer loop
      vertex -310 778.125 52.5
      vertex -308.059 1221.88 52.7556
      vertex -308.059 778.125 52.7556
    endloop
  endfacet
  facet normal 0.130558 0 -0.991441
    outer loop
      vertex -308.059 1221.88 52.7556
      vertex -310 778.125 52.5
      vertex -310 1221.88 52.5
    endloop
  endfacet
  facet normal 0.608839 0 -0.793294
    outer loop
      vertex -306.25 778.125 53.5048
      vertex -304.697 1221.88 54.6967
      vertex -304.697 778.125 54.6967
    endloop
  endfacet
  facet normal 0.608839 0 -0.793294
    outer loop
      vertex -304.697 1221.88 54.6967
      vertex -306.25 778.125 53.5048
      vertex -306.25 1221.88 53.5048
    endloop
  endfacet
  facet normal 0.608839 0 0.793294
    outer loop
      vertex -306.25 1221.88 66.4952
      vertex -304.697 778.125 65.3033
      vertex -304.697 1221.88 65.3033
    endloop
  endfacet
  facet normal 0.608839 0 0.793294
    outer loop
      vertex -304.697 778.125 65.3033
      vertex -306.25 1221.88 66.4952
      vertex -306.25 778.125 66.4952
    endloop
  endfacet
  facet normal 0.130558 0 0.991441
    outer loop
      vertex -310 1221.88 67.5
      vertex -308.059 778.125 67.2444
      vertex -308.059 1221.88 67.2444
    endloop
  endfacet
  facet normal 0.130558 0 0.991441
    outer loop
      vertex -308.059 778.125 67.2444
      vertex -310 1221.88 67.5
      vertex -310 778.125 67.5
    endloop
  endfacet
  facet normal -0.793326 0 -0.608797
    outer loop
      vertex -315.303 778.125 54.6967
      vertex -316.495 1221.88 56.25
      vertex -315.303 1221.88 54.6967
    endloop
  endfacet
  facet normal -0.793326 -0 -0.608797
    outer loop
      vertex -316.495 1221.88 56.25
      vertex -315.303 778.125 54.6967
      vertex -316.495 778.125 56.25
    endloop
  endfacet
  facet normal 0.991415 0 -0.130752
    outer loop
      vertex -302.5 778.125 60
      vertex -302.756 1221.88 58.0589
      vertex -302.5 1221.88 60
    endloop
  endfacet
  facet normal 0.991415 0 -0.130752
    outer loop
      vertex -302.756 1221.88 58.0589
      vertex -302.5 778.125 60
      vertex -302.756 778.125 58.0589
    endloop
  endfacet
  facet normal 0.793326 0 -0.608797
    outer loop
      vertex -303.505 778.125 56.25
      vertex -304.697 1221.88 54.6967
      vertex -303.505 1221.88 56.25
    endloop
  endfacet
  facet normal 0.793326 0 -0.608797
    outer loop
      vertex -304.697 1221.88 54.6967
      vertex -303.505 778.125 56.25
      vertex -304.697 778.125 54.6967
    endloop
  endfacet
  facet normal -0.130558 0 -0.991441
    outer loop
      vertex -311.941 778.125 52.7556
      vertex -310 1221.88 52.5
      vertex -310 778.125 52.5
    endloop
  endfacet
  facet normal -0.130558 0 -0.991441
    outer loop
      vertex -310 1221.88 52.5
      vertex -311.941 778.125 52.7556
      vertex -311.941 1221.88 52.7556
    endloop
  endfacet
  facet normal -0.130558 0 0.991441
    outer loop
      vertex -311.941 1221.88 67.2444
      vertex -310 778.125 67.5
      vertex -310 1221.88 67.5
    endloop
  endfacet
  facet normal -0.130558 0 0.991441
    outer loop
      vertex -310 778.125 67.5
      vertex -311.941 1221.88 67.2444
      vertex -311.941 778.125 67.2444
    endloop
  endfacet
  facet normal -0.991415 0 0.130752
    outer loop
      vertex -317.5 778.125 60
      vertex -317.244 1221.88 61.9411
      vertex -317.5 1221.88 60
    endloop
  endfacet
  facet normal -0.991415 0 0.130752
    outer loop
      vertex -317.244 1221.88 61.9411
      vertex -317.5 778.125 60
      vertex -317.244 778.125 61.9411
    endloop
  endfacet
  facet normal 0.923928 0 -0.382565
    outer loop
      vertex -302.756 778.125 58.0589
      vertex -303.505 1221.88 56.25
      vertex -302.756 1221.88 58.0589
    endloop
  endfacet
  facet normal 0.923928 0 -0.382565
    outer loop
      vertex -303.505 1221.88 56.25
      vertex -302.756 778.125 58.0589
      vertex -303.505 778.125 56.25
    endloop
  endfacet
  facet normal -0.382634 0 0.9239
    outer loop
      vertex -313.75 1221.88 66.4952
      vertex -311.941 778.125 67.2444
      vertex -311.941 1221.88 67.2444
    endloop
  endfacet
  facet normal -0.382634 0 0.9239
    outer loop
      vertex -311.941 778.125 67.2444
      vertex -313.75 1221.88 66.4952
      vertex -313.75 778.125 66.4952
    endloop
  endfacet
  facet normal 0.382634 0 0.9239
    outer loop
      vertex -308.059 1221.88 67.2444
      vertex -306.25 778.125 66.4952
      vertex -306.25 1221.88 66.4952
    endloop
  endfacet
  facet normal 0.382634 0 0.9239
    outer loop
      vertex -306.25 778.125 66.4952
      vertex -308.059 1221.88 67.2444
      vertex -308.059 778.125 67.2444
    endloop
  endfacet
  facet normal -0.923928 0 -0.382565
    outer loop
      vertex -316.495 778.125 56.25
      vertex -317.244 1221.88 58.0589
      vertex -316.495 1221.88 56.25
    endloop
  endfacet
  facet normal -0.923928 -0 -0.382565
    outer loop
      vertex -317.244 1221.88 58.0589
      vertex -316.495 778.125 56.25
      vertex -317.244 778.125 58.0589
    endloop
  endfacet
  facet normal -0.991415 0 -0.130752
    outer loop
      vertex -317.244 778.125 58.0589
      vertex -317.5 1221.88 60
      vertex -317.244 1221.88 58.0589
    endloop
  endfacet
  facet normal -0.991415 -0 -0.130752
    outer loop
      vertex -317.5 1221.88 60
      vertex -317.244 778.125 58.0589
      vertex -317.5 778.125 60
    endloop
  endfacet
  facet normal -0.608839 0 -0.793294
    outer loop
      vertex -315.303 778.125 54.6967
      vertex -313.75 1221.88 53.5048
      vertex -313.75 778.125 53.5048
    endloop
  endfacet
  facet normal -0.608839 0 -0.793294
    outer loop
      vertex -313.75 1221.88 53.5048
      vertex -315.303 778.125 54.6967
      vertex -315.303 1221.88 54.6967
    endloop
  endfacet
  facet normal 0 -1 0
    outer loop
      vertex -400 700 470
      vertex -380 700 450
      vertex 400 700 470
    endloop
  endfacet
  facet normal 0 -1 0
    outer loop
      vertex -400 700 470
      vertex -380 700 170
      vertex -380 700 450
    endloop
  endfacet
  facet normal 0 -1 0
    outer loop
      vertex 300 700 130
      vertex -380 700 170
      vertex -400 700 130
    endloop
  endfacet
  facet normal 0 -1 0
    outer loop
      vertex -400 700 130
      vertex -380 700 170
      vertex -400 700 470
    endloop
  endfacet
  facet normal 0 -1 0
    outer loop
      vertex 380 700 450
      vertex 400 700 470
      vertex -380 700 450
    endloop
  endfacet
  facet normal 0 -1 0
    outer loop
      vertex 380 700 170
      vertex 400 700 470
      vertex 380 700 450
    endloop
  endfacet
  facet normal 0 -1 0
    outer loop
      vertex -380 700 170
      vertex 300 700 130
      vertex 380 700 170
    endloop
  endfacet
  facet normal 0 -1 0
    outer loop
      vertex 300 700 129.5
      vertex 380 700 170
      vertex 300 700 130
    endloop
  endfacet
  facet normal 0 -1 0
    outer loop
      vertex 380 700 170
      vertex 400 700 129.5
      vertex 400 700 470
    endloop
  endfacet
  facet normal 0 -1 0
    outer loop
      vertex 400 700 129.5
      vertex 380 700 170
      vertex 300 700 129.5
    endloop
  endfacet
  facet normal 0 0 -1
    outer loop
      vertex 138.7 750 170
      vertex 250 1250 170
      vertex 250 750 170
    endloop
  endfacet
  facet normal -0 0 -1
    outer loop
      vertex 250 1250 170
      vertex 138.7 750 170
      vertex 138.7 1250 170
    endloop
  endfacet
  facet normal 0 0 -1
    outer loop
      vertex -250 750 170
      vertex -138.7 1250 170
      vertex -138.7 750 170
    endloop
  endfacet
  facet normal -0 0 -1
    outer loop
      vertex -138.7 1250 170
      vertex -250 750 170
      vertex -250 1250 170
    endloop
  endfacet
  facet normal -0 0 1
    outer loop
      vertex -400 1280 170
      vertex -380 720 170
      vertex -380 1280 170
    endloop
  endfacet
  facet normal 0 0 1
    outer loop
      vertex -380 720 170
      vertex -400 1280 170
      vertex -400 720 170
    endloop
  endfacet
  facet normal 0 0 1
    outer loop
      vertex 380 1300 170
      vertex 138.7 1280 170
      vertex 380 1280 170
    endloop
  endfacet
  facet normal 0 0 1
    outer loop
      vertex 138.7 1280 170
      vertex 118.7 1280 170
      vertex 138.7 1250 170
    endloop
  endfacet
  facet normal 0 0 1
    outer loop
      vertex 380 1300 170
      vertex 118.7 1280 170
      vertex 138.7 1280 170
    endloop
  endfacet
  facet normal 0 0 1
    outer loop
      vertex 380 1300 170
      vertex -118.7 1280 170
      vertex 118.7 1280 170
    endloop
  endfacet
  facet normal 0 0 1
    outer loop
      vertex -118.7 1280 170
      vertex -138.7 1280 170
      vertex -118.7 1250 170
    endloop
  endfacet
  facet normal -0 0 1
    outer loop
      vertex -380 1300 170
      vertex -118.7 1280 170
      vertex 380 1300 170
    endloop
  endfacet
  facet normal 0 0 1
    outer loop
      vertex -118.7 1280 170
      vertex -380 1300 170
      vertex -138.7 1280 170
    endloop
  endfacet
  facet normal 0 0 1
    outer loop
      vertex -138.7 1280 170
      vertex -380 1300 170
      vertex -380 1280 170
    endloop
  endfacet
  facet normal 0 0 1
    outer loop
      vertex 138.7 1250 170
      vertex 118.7 1280 170
      vertex 118.7 1250 170
    endloop
  endfacet
  facet normal 0 0 1
    outer loop
      vertex -118.7 1250 170
      vertex -138.7 1280 170
      vertex -138.7 1250 170
    endloop
  endfacet
  facet normal 0 0 1
    outer loop
      vertex -118.7 750 170
      vertex -138.7 750 170
      vertex -118.7 720 170
    endloop
  endfacet
  facet normal 0 0 1
    outer loop
      vertex 138.7 750 170
      vertex 118.7 750 170
      vertex 138.7 720 170
    endloop
  endfacet
  facet normal -0 0 1
    outer loop
      vertex 138.7 720 170
      vertex 380 700 170
      vertex 380 720 170
    endloop
  endfacet
  facet normal 0 0 1
    outer loop
      vertex 118.7 720 170
      vertex 138.7 720 170
      vertex 118.7 750 170
    endloop
  endfacet
  facet normal -0 0 1
    outer loop
      vertex 118.7 720 170
      vertex 380 700 170
      vertex 138.7 720 170
    endloop
  endfacet
  facet normal -0 0 1
    outer loop
      vertex -118.7 720 170
      vertex 380 700 170
      vertex 118.7 720 170
    endloop
  endfacet
  facet normal 0 0 1
    outer loop
      vertex -138.7 720 170
      vertex -118.7 720 170
      vertex -138.7 750 170
    endloop
  endfacet
  facet normal 0 0 1
    outer loop
      vertex -380 700 170
      vertex -118.7 720 170
      vertex -138.7 720 170
    endloop
  endfacet
  facet normal 0 0 1
    outer loop
      vertex -380 700 170
      vertex -138.7 720 170
      vertex -380 720 170
    endloop
  endfacet
  facet normal 0 0 1
    outer loop
      vertex -118.7 720 170
      vertex -380 700 170
      vertex 380 700 170
    endloop
  endfacet
  facet normal -0 0 1
    outer loop
      vertex 380 1280 170
      vertex 400 720 170
      vertex 400 1280 170
    endloop
  endfacet
  facet normal 0 0 1
    outer loop
      vertex 400 720 170
      vertex 380 1280 170
      vertex 380 720 170
    endloop
  endfacet
  facet normal 0 0 -1
    outer loop
      vertex -118.7 750 170
      vertex 118.7 1250 170
      vertex 118.7 750 170
    endloop
  endfacet
  facet normal -0 0 -1
    outer loop
      vertex 118.7 1250 170
      vertex -118.7 750 170
      vertex -118.7 1250 170
    endloop
  endfacet
  facet normal -1 0 0
    outer loop
      vertex 380 1200 130
      vertex 380 800 130
      vertex 380 1200 130.5
    endloop
  endfacet
  facet normal -1 0 0
    outer loop
      vertex 380 1200 130.5
      vertex 380 1280 170
      vertex 380 1280 130.5
    endloop
  endfacet
  facet normal -1 0 0
    outer loop
      vertex 380 800 130.5
      vertex 380 1200 130.5
      vertex 380 800 130
    endloop
  endfacet
  facet normal -1 0 0
    outer loop
      vertex 380 1200 130.5
      vertex 380 800 130.5
      vertex 380 1280 170
    endloop
  endfacet
  facet normal -1 0 0
    outer loop
      vertex 380 720 170
      vertex 380 800 130.5
      vertex 380 720 130.5
    endloop
  endfacet
  facet normal -1 0 0
    outer loop
      vertex 380 800 130.5
      vertex 380 720 170
      vertex 380 1280 170
    endloop
  endfacet
  facet normal 0 1 0
    outer loop
      vertex 400 1300 470
      vertex 380 1300 450
      vertex -400 1300 470
    endloop
  endfacet
  facet normal 0 1 0
    outer loop
      vertex 400 1300 470
      vertex 380 1300 170
      vertex 380 1300 450
    endloop
  endfacet
  facet normal 0 1 0
    outer loop
      vertex 380 1300 170
      vertex 300 1300 130
      vertex -380 1300 170
    endloop
  endfacet
  facet normal 0 1 -0
    outer loop
      vertex 400 1300 129.5
      vertex 380 1300 170
      vertex 400 1300 470
    endloop
  endfacet
  facet normal 0 1 0
    outer loop
      vertex 400 1300 129.5
      vertex 300 1300 130
      vertex 380 1300 170
    endloop
  endfacet
  facet normal 0 1 0
    outer loop
      vertex 300 1300 130
      vertex 400 1300 129.5
      vertex 300 1300 129.5
    endloop
  endfacet
  facet normal 0 1 -0
    outer loop
      vertex -380 1300 450
      vertex -400 1300 470
      vertex 380 1300 450
    endloop
  endfacet
  facet normal 0 1 -0
    outer loop
      vertex -380 1300 170
      vertex -400 1300 470
      vertex -380 1300 450
    endloop
  endfacet
  facet normal 0 1 0
    outer loop
      vertex -380 1300 170
      vertex -400 1300 130
      vertex -400 1300 470
    endloop
  endfacet
  facet normal 0 1 0
    outer loop
      vertex -400 1300 130
      vertex -380 1300 170
      vertex 300 1300 130
    endloop
  endfacet
  facet normal 0 0 -1
    outer loop
      vertex 300 700 130
      vertex 138.7 720 130
      vertex 300 720 130
    endloop
  endfacet
  facet normal 0 0 -1
    outer loop
      vertex 138.7 720 130
      vertex 118.7 720 130
      vertex 138.7 1280 130
    endloop
  endfacet
  facet normal 0 0 -1
    outer loop
      vertex 300 700 130
      vertex 118.7 720 130
      vertex 138.7 720 130
    endloop
  endfacet
  facet normal 0 0 -1
    outer loop
      vertex 300 700 130
      vertex -118.7 720 130
      vertex 118.7 720 130
    endloop
  endfacet
  facet normal 0 0 -1
    outer loop
      vertex -118.7 720 130
      vertex -138.7 720 130
      vertex -118.7 1280 130
    endloop
  endfacet
  facet normal 0 0 -1
    outer loop
      vertex -400 700 130
      vertex -118.7 720 130
      vertex 300 700 130
    endloop
  endfacet
  facet normal -0 0 -1
    outer loop
      vertex -118.7 720 130
      vertex -400 700 130
      vertex -138.7 720 130
    endloop
  endfacet
  facet normal -0 0 -1
    outer loop
      vertex -380 720 130
      vertex -400 700 130
      vertex -380 1280 130
    endloop
  endfacet
  facet normal -0 0 -1
    outer loop
      vertex -138.7 720 130
      vertex -400 700 130
      vertex -380 720 130
    endloop
  endfacet
  facet normal 0 0 -1
    outer loop
      vertex 138.7 1280 130
      vertex 300 1300 130
      vertex 300 1280 130
    endloop
  endfacet
  facet normal 0 0 -1
    outer loop
      vertex 118.7 1280 130
      vertex 138.7 1280 130
      vertex 118.7 720 130
    endloop
  endfacet
  facet normal 0 0 -1
    outer loop
      vertex 118.7 1280 130
      vertex 300 1300 130
      vertex 138.7 1280 130
    endloop
  endfacet
  facet normal 0 0 -1
    outer loop
      vertex -118.7 1280 130
      vertex 300 1300 130
      vertex 118.7 1280 130
    endloop
  endfacet
  facet normal 0 0 -1
    outer loop
      vertex -138.7 1280 130
      vertex -118.7 1280 130
      vertex -138.7 720 130
    endloop
  endfacet
  facet normal 0 0 -1
    outer loop
      vertex -400 1300 130
      vertex -118.7 1280 130
      vertex -138.7 1280 130
    endloop
  endfacet
  facet normal 0 0 -1
    outer loop
      vertex -400 1300 130
      vertex -138.7 1280 130
      vertex -380 1280 130
    endloop
  endfacet
  facet normal 0 0 -1
    outer loop
      vertex -118.7 1280 130
      vertex -400 1300 130
      vertex 300 1300 130
    endloop
  endfacet
  facet normal 0 0 -1
    outer loop
      vertex -400 1300 130
      vertex -380 1280 130
      vertex -400 700 130
    endloop
  endfacet
  facet normal 0 0 -1
    outer loop
      vertex 380 800 130
      vertex 400 1200 130
      vertex 400 800 130
    endloop
  endfacet
  facet normal -0 0 -1
    outer loop
      vertex 400 1200 130
      vertex 380 800 130
      vertex 380 1200 130
    endloop
  endfacet
  facet normal 1 0 0
    outer loop
      vertex 400 1280 170
      vertex 400 800 130
      vertex 400 1200 130
    endloop
  endfacet
  facet normal 1 -0 0
    outer loop
      vertex 400 720 170
      vertex 400 800 130
      vertex 400 1280 170
    endloop
  endfacet
  facet normal 1 0 0
    outer loop
      vertex 400 720 170
      vertex 400 800 129.5
      vertex 400 800 130
    endloop
  endfacet
  facet normal 1 0 0
    outer loop
      vertex 400 720 170
      vertex 400 700 129.5
      vertex 400 800 129.5
    endloop
  endfacet
  facet normal 1 0 0
    outer loop
      vertex 400 700 129.5
      vertex 400 720 170
      vertex 400 700 470
    endloop
  endfacet
  facet normal 1 0 0
    outer loop
      vertex 400 1280 170
      vertex 400 1300 470
      vertex 400 1280 450
    endloop
  endfacet
  facet normal 1 0 0
    outer loop
      vertex 400 1300 470
      vertex 400 720 450
      vertex 400 1280 450
    endloop
  endfacet
  facet normal 1 0 0
    outer loop
      vertex 400 720 450
      vertex 400 700 470
      vertex 400 720 170
    endloop
  endfacet
  facet normal 1 -0 0
    outer loop
      vertex 400 700 470
      vertex 400 720 450
      vertex 400 1300 470
    endloop
  endfacet
  facet normal 1 0 0
    outer loop
      vertex 400 1300 470
      vertex 400 1280 170
      vertex 400 1300 129.5
    endloop
  endfacet
  facet normal 1 -0 0
    outer loop
      vertex 400 1200 130
      vertex 400 1300 129.5
      vertex 400 1280 170
    endloop
  endfacet
  facet normal 1 0 0
    outer loop
      vertex 400 1300 129.5
      vertex 400 1200 130
      vertex 400 1200 129.5
    endloop
  endfacet
  facet normal -1 0 0
    outer loop
      vertex 118.7 1280 130
      vertex 118.7 1250 170
      vertex 118.7 1280 170
    endloop
  endfacet
  facet normal -1 0 0
    outer loop
      vertex 118.7 1280 130
      vertex 118.7 750 170
      vertex 118.7 1250 170
    endloop
  endfacet
  facet normal -1 0 0
    outer loop
      vertex 118.7 720 130
      vertex 118.7 750 170
      vertex 118.7 1280 130
    endloop
  endfacet
  facet normal -1 -0 0
    outer loop
      vertex 118.7 750 170
      vertex 118.7 720 130
      vertex 118.7 720 170
    endloop
  endfacet
  facet normal 1 -0 0
    outer loop
      vertex 138.7 1250 170
      vertex 138.7 1280 130
      vertex 138.7 1280 170
    endloop
  endfacet
  facet normal 1 -0 0
    outer loop
      vertex 138.7 750 170
      vertex 138.7 1280 130
      vertex 138.7 1250 170
    endloop
  endfacet
  facet normal 1 0 0
    outer loop
      vertex 138.7 720 130
      vertex 138.7 750 170
      vertex 138.7 720 170
    endloop
  endfacet
  facet normal 1 0 0
    outer loop
      vertex 138.7 750 170
      vertex 138.7 720 130
      vertex 138.7 1280 130
    endloop
  endfacet
  facet normal -1 0 0
    outer loop
      vertex -138.7 1280 130
      vertex -138.7 1250 170
      vertex -138.7 1280 170
    endloop
  endfacet
  facet normal -1 0 0
    outer loop
      vertex -138.7 1280 130
      vertex -138.7 750 170
      vertex -138.7 1250 170
    endloop
  endfacet
  facet normal -1 0 0
    outer loop
      vertex -138.7 720 130
      vertex -138.7 750 170
      vertex -138.7 1280 130
    endloop
  endfacet
  facet normal -1 -0 0
    outer loop
      vertex -138.7 750 170
      vertex -138.7 720 130
      vertex -138.7 720 170
    endloop
  endfacet
  facet normal 1 -0 0
    outer loop
      vertex -118.7 1250 170
      vertex -118.7 1280 130
      vertex -118.7 1280 170
    endloop
  endfacet
  facet normal 1 -0 0
    outer loop
      vertex -118.7 750 170
      vertex -118.7 1280 130
      vertex -118.7 1250 170
    endloop
  endfacet
  facet normal 1 0 0
    outer loop
      vertex -118.7 720 130
      vertex -118.7 750 170
      vertex -118.7 720 170
    endloop
  endfacet
  facet normal 1 0 0
    outer loop
      vertex -118.7 750 170
      vertex -118.7 720 130
      vertex -118.7 1280 130
    endloop
  endfacet
  facet normal -1 0 0
    outer loop
      vertex -400 720 259
      vertex -400 1280 279
      vertex -400 1280 259
    endloop
  endfacet
  facet normal -1 -0 0
    outer loop
      vertex -400 1280 279
      vertex -400 720 259
      vertex -400 720 279
    endloop
  endfacet
  facet normal -1 0 0
    outer loop
      vertex -400 1280 259
      vertex -400 1300 130
      vertex -400 1280 170
    endloop
  endfacet
  facet normal -1 0 0
    outer loop
      vertex -400 1300 130
      vertex -400 720 170
      vertex -400 1280 170
    endloop
  endfacet
  facet normal -1 0 0
    outer loop
      vertex -400 700 130
      vertex -400 720 259
      vertex -400 720 170
    endloop
  endfacet
  facet normal -1 -0 0
    outer loop
      vertex -400 720 259
      vertex -400 700 130
      vertex -400 720 279
    endloop
  endfacet
  facet normal -1 -0 0
    outer loop
      vertex -400 720 279
      vertex -400 700 130
      vertex -400 700 470
    endloop
  endfacet
  facet normal -1 0 0
    outer loop
      vertex -400 700 130
      vertex -400 720 170
      vertex -400 1300 130
    endloop
  endfacet
  facet normal -1 0 0
    outer loop
      vertex -400 1280 279
      vertex -400 1300 130
      vertex -400 1280 259
    endloop
  endfacet
  facet normal -1 0 0
    outer loop
      vertex -400 1300 130
      vertex -400 1280 279
      vertex -400 1300 470
    endloop
  endfacet
  facet normal -1 0 0
    outer loop
      vertex -400 1280 450
      vertex -400 1300 470
      vertex -400 1280 279
    endloop
  endfacet
  facet normal -1 0 0
    outer loop
      vertex -400 720 450
      vertex -400 1300 470
      vertex -400 1280 450
    endloop
  endfacet
  facet normal -1 0 0
    outer loop
      vertex -400 720 450
      vertex -400 700 470
      vertex -400 1300 470
    endloop
  endfacet
  facet normal -1 0 0
    outer loop
      vertex -400 720 279
      vertex -400 700 470
      vertex -400 720 450
    endloop
  endfacet
  facet normal 1 -0 0
    outer loop
      vertex -380 720 170
      vertex -380 1280 130
      vertex -380 1280 170
    endloop
  endfacet
  facet normal 1 0 0
    outer loop
      vertex -380 1280 130
      vertex -380 720 170
      vertex -380 720 130
    endloop
  endfacet
  facet normal 0 -1 0
    outer loop
      vertex -380 1280 130
      vertex -138.7 1280 170
      vertex -380 1280 170
    endloop
  endfacet
  facet normal 0 -1 -0
    outer loop
      vertex -138.7 1280 170
      vertex -380 1280 130
      vertex -138.7 1280 130
    endloop
  endfacet
  facet normal 0 -1 0
    outer loop
      vertex -118.7 1280 130
      vertex 118.7 1280 170
      vertex -118.7 1280 170
    endloop
  endfacet
  facet normal 0 -1 -0
    outer loop
      vertex 118.7 1280 170
      vertex -118.7 1280 130
      vertex 118.7 1280 130
    endloop
  endfacet
  facet normal 0 -1 0
    outer loop
      vertex 138.7 1280 170
      vertex 300 1280 130.5
      vertex 380 1280 170
    endloop
  endfacet
  facet normal 0 -1 0
    outer loop
      vertex 138.7 1280 130
      vertex 300 1280 130.5
      vertex 138.7 1280 170
    endloop
  endfacet
  facet normal 0 -1 -0
    outer loop
      vertex 300 1280 130.5
      vertex 138.7 1280 130
      vertex 300 1280 130
    endloop
  endfacet
  facet normal 0 -1 -0
    outer loop
      vertex 380 1280 170
      vertex 300 1280 130.5
      vertex 380 1280 130.5
    endloop
  endfacet
  facet normal 0 1 -0
    outer loop
      vertex -138.7 720 130
      vertex -380 720 170
      vertex -138.7 720 170
    endloop
  endfacet
  facet normal 0 1 0
    outer loop
      vertex -380 720 170
      vertex -138.7 720 130
      vertex -380 720 130
    endloop
  endfacet
  facet normal 0 1 -0
    outer loop
      vertex 118.7 720 130
      vertex -118.7 720 170
      vertex 118.7 720 170
    endloop
  endfacet
  facet normal 0 1 0
    outer loop
      vertex -118.7 720 170
      vertex 118.7 720 130
      vertex -118.7 720 130
    endloop
  endfacet
  facet normal 0 1 0
    outer loop
      vertex 300 720 130.5
      vertex 380 720 170
      vertex 380 720 130.5
    endloop
  endfacet
  facet normal 0 1 0
    outer loop
      vertex 380 720 170
      vertex 300 720 130.5
      vertex 138.7 720 170
    endloop
  endfacet
  facet normal 0 1 0
    outer loop
      vertex 138.7 720 130
      vertex 300 720 130.5
      vertex 300 720 130
    endloop
  endfacet
  facet normal 0 1 0
    outer loop
      vertex 300 720 130.5
      vertex 138.7 720 130
      vertex 138.7 720 170
    endloop
  endfacet
  facet normal -0.555374 0 0.831601
    outer loop
      vertex 306.464 1283.75 63.5355
      vertex 308.087 1278.12 64.6194
      vertex 308.087 1283.75 64.6194
    endloop
  endfacet
  facet normal -0.555374 0 0.831601
    outer loop
      vertex 308.087 1278.12 64.6194
      vertex 306.464 1283.75 63.5355
      vertex 306.464 1278.12 63.5355
    endloop
  endfacet
  facet normal -0.555374 0 0.831601
    outer loop
      vertex 306.464 1277.12 63.5355
      vertex 308.087 1272.5 64.6194
      vertex 308.087 1277.12 64.6194
    endloop
  endfacet
  facet normal -0.555374 0 0.831601
    outer loop
      vertex 308.087 1272.5 64.6194
      vertex 306.464 1277.12 63.5355
      vertex 306.464 1272.5 63.5355
    endloop
  endfacet
  facet normal -0.555374 0 0.831601
    outer loop
      vertex 306.464 1221.88 63.5355
      vertex 308.087 1216.25 64.6194
      vertex 308.087 1221.88 64.6194
    endloop
  endfacet
  facet normal -0.555374 0 0.831601
    outer loop
      vertex 308.087 1216.25 64.6194
      vertex 306.464 1221.88 63.5355
      vertex 306.464 1216.25 63.5355
    endloop
  endfacet
  facet normal -0.555374 0 0.831601
    outer loop
      vertex 306.464 1227.5 63.5355
      vertex 308.087 1222.88 64.6194
      vertex 308.087 1227.5 64.6194
    endloop
  endfacet
  facet normal -0.555374 0 0.831601
    outer loop
      vertex 308.087 1222.88 64.6194
      vertex 306.464 1227.5 63.5355
      vertex 306.464 1222.88 63.5355
    endloop
  endfacet
  facet normal 0.831671 -0 0.555268
    outer loop
      vertex 313.536 1278.12 63.5355
      vertex 314.619 1283.75 61.9134
      vertex 313.536 1283.75 63.5355
    endloop
  endfacet
  facet normal 0.831671 0 0.555268
    outer loop
      vertex 314.619 1283.75 61.9134
      vertex 313.536 1278.12 63.5355
      vertex 314.619 1278.12 61.9134
    endloop
  endfacet
  facet normal 0.831671 -0 0.555268
    outer loop
      vertex 313.536 1272.5 63.5355
      vertex 314.619 1277.12 61.9134
      vertex 313.536 1277.12 63.5355
    endloop
  endfacet
  facet normal 0.831671 0 0.555268
    outer loop
      vertex 314.619 1277.12 61.9134
      vertex 313.536 1272.5 63.5355
      vertex 314.619 1272.5 61.9134
    endloop
  endfacet
  facet normal 0.831671 -0 0.555268
    outer loop
      vertex 313.536 1216.25 63.5355
      vertex 314.619 1221.88 61.9134
      vertex 313.536 1221.88 63.5355
    endloop
  endfacet
  facet normal 0.831671 0 0.555268
    outer loop
      vertex 314.619 1221.88 61.9134
      vertex 313.536 1216.25 63.5355
      vertex 314.619 1216.25 61.9134
    endloop
  endfacet
  facet normal 0.831671 -0 0.555268
    outer loop
      vertex 313.536 1222.88 63.5355
      vertex 314.619 1227.5 61.9134
      vertex 313.536 1227.5 63.5355
    endloop
  endfacet
  facet normal 0.831671 0 0.555268
    outer loop
      vertex 314.619 1227.5 61.9134
      vertex 313.536 1222.88 63.5355
      vertex 314.619 1222.88 61.9134
    endloop
  endfacet
  facet normal 0.980746 -0 0.195288
    outer loop
      vertex 314.619 1278.12 61.9134
      vertex 315 1283.75 60
      vertex 314.619 1283.75 61.9134
    endloop
  endfacet
  facet normal 0.980746 0 0.195288
    outer loop
      vertex 315 1283.75 60
      vertex 314.619 1278.12 61.9134
      vertex 315 1278.12 60
    endloop
  endfacet
  facet normal 0.980746 -0 0.195288
    outer loop
      vertex 314.619 1272.5 61.9134
      vertex 315 1277.12 60
      vertex 314.619 1277.12 61.9134
    endloop
  endfacet
  facet normal 0.980746 0 0.195288
    outer loop
      vertex 315 1277.12 60
      vertex 314.619 1272.5 61.9134
      vertex 315 1272.5 60
    endloop
  endfacet
  facet normal 0.980746 -0 0.195288
    outer loop
      vertex 314.619 1216.25 61.9134
      vertex 315 1221.88 60
      vertex 314.619 1221.88 61.9134
    endloop
  endfacet
  facet normal 0.980746 0 0.195288
    outer loop
      vertex 315 1221.88 60
      vertex 314.619 1216.25 61.9134
      vertex 315 1216.25 60
    endloop
  endfacet
  facet normal 0.980746 -0 0.195288
    outer loop
      vertex 314.619 1222.88 61.9134
      vertex 315 1227.5 60
      vertex 314.619 1227.5 61.9134
    endloop
  endfacet
  facet normal 0.980746 0 0.195288
    outer loop
      vertex 315 1227.5 60
      vertex 314.619 1222.88 61.9134
      vertex 315 1222.88 60
    endloop
  endfacet
  facet normal -0.831671 0 0.555268
    outer loop
      vertex 305.381 1278.12 61.9134
      vertex 306.464 1283.75 63.5355
      vertex 305.381 1283.75 61.9134
    endloop
  endfacet
  facet normal -0.831671 0 0.555268
    outer loop
      vertex 306.464 1283.75 63.5355
      vertex 305.381 1278.12 61.9134
      vertex 306.464 1278.12 63.5355
    endloop
  endfacet
  facet normal -0.831671 0 0.555268
    outer loop
      vertex 305.381 1272.5 61.9134
      vertex 306.464 1277.12 63.5355
      vertex 305.381 1277.12 61.9134
    endloop
  endfacet
  facet normal -0.831671 0 0.555268
    outer loop
      vertex 306.464 1277.12 63.5355
      vertex 305.381 1272.5 61.9134
      vertex 306.464 1272.5 63.5355
    endloop
  endfacet
  facet normal -0.831671 0 0.555268
    outer loop
      vertex 305.381 1216.25 61.9134
      vertex 306.464 1221.88 63.5355
      vertex 305.381 1221.88 61.9134
    endloop
  endfacet
  facet normal -0.831671 0 0.555268
    outer loop
      vertex 306.464 1221.88 63.5355
      vertex 305.381 1216.25 61.9134
      vertex 306.464 1216.25 63.5355
    endloop
  endfacet
  facet normal -0.831671 0 0.555268
    outer loop
      vertex 305.381 1222.88 61.9134
      vertex 306.464 1227.5 63.5355
      vertex 305.381 1227.5 61.9134
    endloop
  endfacet
  facet normal -0.831671 0 0.555268
    outer loop
      vertex 306.464 1227.5 63.5355
      vertex 305.381 1222.88 61.9134
      vertex 306.464 1222.88 63.5355
    endloop
  endfacet
  facet normal -0.19513 0 -0.980777
    outer loop
      vertex 308.087 1278.12 55.3806
      vertex 310 1283.75 55
      vertex 310 1278.12 55
    endloop
  endfacet
  facet normal -0.19513 0 -0.980777
    outer loop
      vertex 310 1283.75 55
      vertex 308.087 1278.12 55.3806
      vertex 308.087 1283.75 55.3806
    endloop
  endfacet
  facet normal -0.19513 0 -0.980777
    outer loop
      vertex 308.087 1272.5 55.3806
      vertex 310 1277.12 55
      vertex 310 1272.5 55
    endloop
  endfacet
  facet normal -0.19513 0 -0.980777
    outer loop
      vertex 310 1277.12 55
      vertex 308.087 1272.5 55.3806
      vertex 308.087 1277.12 55.3806
    endloop
  endfacet
  facet normal -0.19513 0 -0.980777
    outer loop
      vertex 308.087 1216.25 55.3806
      vertex 310 1221.88 55
      vertex 310 1216.25 55
    endloop
  endfacet
  facet normal -0.19513 0 -0.980777
    outer loop
      vertex 310 1221.88 55
      vertex 308.087 1216.25 55.3806
      vertex 308.087 1221.88 55.3806
    endloop
  endfacet
  facet normal -0.19513 0 -0.980777
    outer loop
      vertex 308.087 1222.88 55.3806
      vertex 310 1227.5 55
      vertex 310 1222.88 55
    endloop
  endfacet
  facet normal -0.19513 0 -0.980777
    outer loop
      vertex 310 1227.5 55
      vertex 308.087 1222.88 55.3806
      vertex 308.087 1227.5 55.3806
    endloop
  endfacet
  facet normal 0.19513 0 -0.980777
    outer loop
      vertex 310 1278.12 55
      vertex 311.913 1283.75 55.3806
      vertex 311.913 1278.12 55.3806
    endloop
  endfacet
  facet normal 0.19513 0 -0.980777
    outer loop
      vertex 311.913 1283.75 55.3806
      vertex 310 1278.12 55
      vertex 310 1283.75 55
    endloop
  endfacet
  facet normal 0.19513 0 -0.980777
    outer loop
      vertex 310 1272.5 55
      vertex 311.913 1277.12 55.3806
      vertex 311.913 1272.5 55.3806
    endloop
  endfacet
  facet normal 0.19513 0 -0.980777
    outer loop
      vertex 311.913 1277.12 55.3806
      vertex 310 1272.5 55
      vertex 310 1277.12 55
    endloop
  endfacet
  facet normal 0.19513 0 -0.980777
    outer loop
      vertex 310 1216.25 55
      vertex 311.913 1221.88 55.3806
      vertex 311.913 1216.25 55.3806
    endloop
  endfacet
  facet normal 0.19513 0 -0.980777
    outer loop
      vertex 311.913 1221.88 55.3806
      vertex 310 1216.25 55
      vertex 310 1221.88 55
    endloop
  endfacet
  facet normal 0.19513 0 -0.980777
    outer loop
      vertex 310 1222.88 55
      vertex 311.913 1227.5 55.3806
      vertex 311.913 1222.88 55.3806
    endloop
  endfacet
  facet normal 0.19513 0 -0.980777
    outer loop
      vertex 311.913 1227.5 55.3806
      vertex 310 1222.88 55
      vertex 310 1227.5 55
    endloop
  endfacet
  facet normal 0.555374 0 -0.831601
    outer loop
      vertex 311.913 1278.12 55.3806
      vertex 313.536 1283.75 56.4645
      vertex 313.536 1278.12 56.4645
    endloop
  endfacet
  facet normal 0.555374 0 -0.831601
    outer loop
      vertex 313.536 1283.75 56.4645
      vertex 311.913 1278.12 55.3806
      vertex 311.913 1283.75 55.3806
    endloop
  endfacet
  facet normal 0.555374 0 -0.831601
    outer loop
      vertex 311.913 1272.5 55.3806
      vertex 313.536 1277.12 56.4645
      vertex 313.536 1272.5 56.4645
    endloop
  endfacet
  facet normal 0.555374 0 -0.831601
    outer loop
      vertex 313.536 1277.12 56.4645
      vertex 311.913 1272.5 55.3806
      vertex 311.913 1277.12 55.3806
    endloop
  endfacet
  facet normal 0.555374 0 -0.831601
    outer loop
      vertex 311.913 1216.25 55.3806
      vertex 313.536 1221.88 56.4645
      vertex 313.536 1216.25 56.4645
    endloop
  endfacet
  facet normal 0.555374 0 -0.831601
    outer loop
      vertex 313.536 1221.88 56.4645
      vertex 311.913 1216.25 55.3806
      vertex 311.913 1221.88 55.3806
    endloop
  endfacet
  facet normal 0.555374 0 -0.831601
    outer loop
      vertex 311.913 1222.88 55.3806
      vertex 313.536 1227.5 56.4645
      vertex 313.536 1222.88 56.4645
    endloop
  endfacet
  facet normal 0.555374 0 -0.831601
    outer loop
      vertex 313.536 1227.5 56.4645
      vertex 311.913 1222.88 55.3806
      vertex 311.913 1227.5 55.3806
    endloop
  endfacet
  facet normal 0.831671 0 -0.555268
    outer loop
      vertex 314.619 1216.25 58.0866
      vertex 313.536 1221.88 56.4645
      vertex 314.619 1221.88 58.0866
    endloop
  endfacet
  facet normal 0.831671 0 -0.555268
    outer loop
      vertex 313.536 1221.88 56.4645
      vertex 314.619 1216.25 58.0866
      vertex 313.536 1216.25 56.4645
    endloop
  endfacet
  facet normal 0.831671 0 -0.555268
    outer loop
      vertex 314.619 1222.88 58.0866
      vertex 313.536 1227.5 56.4645
      vertex 314.619 1227.5 58.0866
    endloop
  endfacet
  facet normal 0.831671 0 -0.555268
    outer loop
      vertex 313.536 1227.5 56.4645
      vertex 314.619 1222.88 58.0866
      vertex 313.536 1222.88 56.4645
    endloop
  endfacet
  facet normal 0.831671 0 -0.555268
    outer loop
      vertex 314.619 1278.12 58.0866
      vertex 313.536 1283.75 56.4645
      vertex 314.619 1283.75 58.0866
    endloop
  endfacet
  facet normal 0.831671 0 -0.555268
    outer loop
      vertex 313.536 1283.75 56.4645
      vertex 314.619 1278.12 58.0866
      vertex 313.536 1278.12 56.4645
    endloop
  endfacet
  facet normal 0.831671 0 -0.555268
    outer loop
      vertex 314.619 1272.5 58.0866
      vertex 313.536 1277.12 56.4645
      vertex 314.619 1277.12 58.0866
    endloop
  endfacet
  facet normal 0.831671 0 -0.555268
    outer loop
      vertex 313.536 1277.12 56.4645
      vertex 314.619 1272.5 58.0866
      vertex 313.536 1272.5 56.4645
    endloop
  endfacet
  facet normal -0.980746 0 0.195288
    outer loop
      vertex 305 1278.12 60
      vertex 305.381 1283.75 61.9134
      vertex 305 1283.75 60
    endloop
  endfacet
  facet normal -0.980746 0 0.195288
    outer loop
      vertex 305.381 1283.75 61.9134
      vertex 305 1278.12 60
      vertex 305.381 1278.12 61.9134
    endloop
  endfacet
  facet normal -0.980746 0 0.195288
    outer loop
      vertex 305 1272.5 60
      vertex 305.381 1277.12 61.9134
      vertex 305 1277.12 60
    endloop
  endfacet
  facet normal -0.980746 0 0.195288
    outer loop
      vertex 305.381 1277.12 61.9134
      vertex 305 1272.5 60
      vertex 305.381 1272.5 61.9134
    endloop
  endfacet
  facet normal -0.980746 0 0.195288
    outer loop
      vertex 305 1216.25 60
      vertex 305.381 1221.88 61.9134
      vertex 305 1221.88 60
    endloop
  endfacet
  facet normal -0.980746 0 0.195288
    outer loop
      vertex 305.381 1221.88 61.9134
      vertex 305 1216.25 60
      vertex 305.381 1216.25 61.9134
    endloop
  endfacet
  facet normal -0.980746 0 0.195288
    outer loop
      vertex 305 1222.88 60
      vertex 305.381 1227.5 61.9134
      vertex 305 1227.5 60
    endloop
  endfacet
  facet normal -0.980746 0 0.195288
    outer loop
      vertex 305.381 1227.5 61.9134
      vertex 305 1222.88 60
      vertex 305.381 1222.88 61.9134
    endloop
  endfacet
  facet normal 0.980746 0 -0.195288
    outer loop
      vertex 315 1278.12 60
      vertex 314.619 1283.75 58.0866
      vertex 315 1283.75 60
    endloop
  endfacet
  facet normal 0.980746 0 -0.195288
    outer loop
      vertex 314.619 1283.75 58.0866
      vertex 315 1278.12 60
      vertex 314.619 1278.12 58.0866
    endloop
  endfacet
  facet normal 0.980746 0 -0.195288
    outer loop
      vertex 315 1272.5 60
      vertex 314.619 1277.12 58.0866
      vertex 315 1277.12 60
    endloop
  endfacet
  facet normal 0.980746 0 -0.195288
    outer loop
      vertex 314.619 1277.12 58.0866
      vertex 315 1272.5 60
      vertex 314.619 1272.5 58.0866
    endloop
  endfacet
  facet normal 0.980746 0 -0.195288
    outer loop
      vertex 315 1216.25 60
      vertex 314.619 1221.88 58.0866
      vertex 315 1221.88 60
    endloop
  endfacet
  facet normal 0.980746 0 -0.195288
    outer loop
      vertex 314.619 1221.88 58.0866
      vertex 315 1216.25 60
      vertex 314.619 1216.25 58.0866
    endloop
  endfacet
  facet normal 0.980746 0 -0.195288
    outer loop
      vertex 315 1222.88 60
      vertex 314.619 1227.5 58.0866
      vertex 315 1227.5 60
    endloop
  endfacet
  facet normal 0.980746 0 -0.195288
    outer loop
      vertex 314.619 1227.5 58.0866
      vertex 315 1222.88 60
      vertex 314.619 1222.88 58.0866
    endloop
  endfacet
  facet normal 0 1 0
    outer loop
      vertex 311.913 1283.75 64.6194
      vertex 308.087 1283.75 64.6194
      vertex 310 1283.75 65
    endloop
  endfacet
  facet normal 0 1 0
    outer loop
      vertex 313.536 1283.75 63.5355
      vertex 308.087 1283.75 64.6194
      vertex 311.913 1283.75 64.6194
    endloop
  endfacet
  facet normal 0 1 0
    outer loop
      vertex 313.536 1283.75 63.5355
      vertex 306.464 1283.75 63.5355
      vertex 308.087 1283.75 64.6194
    endloop
  endfacet
  facet normal 0 1 0
    outer loop
      vertex 314.619 1283.75 61.9134
      vertex 306.464 1283.75 63.5355
      vertex 313.536 1283.75 63.5355
    endloop
  endfacet
  facet normal 0 1 0
    outer loop
      vertex 314.619 1283.75 61.9134
      vertex 305.381 1283.75 61.9134
      vertex 306.464 1283.75 63.5355
    endloop
  endfacet
  facet normal 0 1 0
    outer loop
      vertex 315 1283.75 60
      vertex 305.381 1283.75 61.9134
      vertex 314.619 1283.75 61.9134
    endloop
  endfacet
  facet normal 0 1 0
    outer loop
      vertex 315 1283.75 60
      vertex 305 1283.75 60
      vertex 305.381 1283.75 61.9134
    endloop
  endfacet
  facet normal 0 1 -0
    outer loop
      vertex 314.619 1283.75 58.0866
      vertex 305 1283.75 60
      vertex 315 1283.75 60
    endloop
  endfacet
  facet normal 0 1 0
    outer loop
      vertex 314.619 1283.75 58.0866
      vertex 305.381 1283.75 58.0866
      vertex 305 1283.75 60
    endloop
  endfacet
  facet normal 0 1 -0
    outer loop
      vertex 313.536 1283.75 56.4645
      vertex 305.381 1283.75 58.0866
      vertex 314.619 1283.75 58.0866
    endloop
  endfacet
  facet normal 0 1 0
    outer loop
      vertex 313.536 1283.75 56.4645
      vertex 306.464 1283.75 56.4645
      vertex 305.381 1283.75 58.0866
    endloop
  endfacet
  facet normal 0 1 -0
    outer loop
      vertex 311.913 1283.75 55.3806
      vertex 306.464 1283.75 56.4645
      vertex 313.536 1283.75 56.4645
    endloop
  endfacet
  facet normal 0 1 0
    outer loop
      vertex 311.913 1283.75 55.3806
      vertex 308.087 1283.75 55.3806
      vertex 306.464 1283.75 56.4645
    endloop
  endfacet
  facet normal -0 1 0
    outer loop
      vertex 308.087 1283.75 55.3806
      vertex 311.913 1283.75 55.3806
      vertex 310 1283.75 55
    endloop
  endfacet
  facet normal -0.19513 0 0.980777
    outer loop
      vertex 308.087 1221.88 64.6194
      vertex 310 1216.25 65
      vertex 310 1221.88 65
    endloop
  endfacet
  facet normal -0.19513 0 0.980777
    outer loop
      vertex 310 1216.25 65
      vertex 308.087 1221.88 64.6194
      vertex 308.087 1216.25 64.6194
    endloop
  endfacet
  facet normal -0.19513 0 0.980777
    outer loop
      vertex 308.087 1227.5 64.6194
      vertex 310 1222.88 65
      vertex 310 1227.5 65
    endloop
  endfacet
  facet normal -0.19513 0 0.980777
    outer loop
      vertex 310 1222.88 65
      vertex 308.087 1227.5 64.6194
      vertex 308.087 1222.88 64.6194
    endloop
  endfacet
  facet normal -0.19513 0 0.980777
    outer loop
      vertex 308.087 1283.75 64.6194
      vertex 310 1278.12 65
      vertex 310 1283.75 65
    endloop
  endfacet
  facet normal -0.19513 0 0.980777
    outer loop
      vertex 310 1278.12 65
      vertex 308.087 1283.75 64.6194
      vertex 308.087 1278.12 64.6194
    endloop
  endfacet
  facet normal -0.19513 0 0.980777
    outer loop
      vertex 308.087 1277.12 64.6194
      vertex 310 1272.5 65
      vertex 310 1277.12 65
    endloop
  endfacet
  facet normal -0.19513 0 0.980777
    outer loop
      vertex 310 1272.5 65
      vertex 308.087 1277.12 64.6194
      vertex 308.087 1272.5 64.6194
    endloop
  endfacet
  facet normal 0.19513 0 0.980777
    outer loop
      vertex 310 1221.88 65
      vertex 311.913 1216.25 64.6194
      vertex 311.913 1221.88 64.6194
    endloop
  endfacet
  facet normal 0.19513 0 0.980777
    outer loop
      vertex 311.913 1216.25 64.6194
      vertex 310 1221.88 65
      vertex 310 1216.25 65
    endloop
  endfacet
  facet normal 0.19513 0 0.980777
    outer loop
      vertex 310 1227.5 65
      vertex 311.913 1222.88 64.6194
      vertex 311.913 1227.5 64.6194
    endloop
  endfacet
  facet normal 0.19513 0 0.980777
    outer loop
      vertex 311.913 1222.88 64.6194
      vertex 310 1227.5 65
      vertex 310 1222.88 65
    endloop
  endfacet
  facet normal 0.19513 0 0.980777
    outer loop
      vertex 310 1283.75 65
      vertex 311.913 1278.12 64.6194
      vertex 311.913 1283.75 64.6194
    endloop
  endfacet
  facet normal 0.19513 0 0.980777
    outer loop
      vertex 311.913 1278.12 64.6194
      vertex 310 1283.75 65
      vertex 310 1278.12 65
    endloop
  endfacet
  facet normal 0.19513 0 0.980777
    outer loop
      vertex 310 1277.12 65
      vertex 311.913 1272.5 64.6194
      vertex 311.913 1277.12 64.6194
    endloop
  endfacet
  facet normal 0.19513 0 0.980777
    outer loop
      vertex 311.913 1272.5 64.6194
      vertex 310 1277.12 65
      vertex 310 1272.5 65
    endloop
  endfacet
  facet normal 0.555374 0 0.831601
    outer loop
      vertex 311.913 1221.88 64.6194
      vertex 313.536 1216.25 63.5355
      vertex 313.536 1221.88 63.5355
    endloop
  endfacet
  facet normal 0.555374 0 0.831601
    outer loop
      vertex 313.536 1216.25 63.5355
      vertex 311.913 1221.88 64.6194
      vertex 311.913 1216.25 64.6194
    endloop
  endfacet
  facet normal 0.555374 0 0.831601
    outer loop
      vertex 311.913 1227.5 64.6194
      vertex 313.536 1222.88 63.5355
      vertex 313.536 1227.5 63.5355
    endloop
  endfacet
  facet normal 0.555374 0 0.831601
    outer loop
      vertex 313.536 1222.88 63.5355
      vertex 311.913 1227.5 64.6194
      vertex 311.913 1222.88 64.6194
    endloop
  endfacet
  facet normal 0.555374 0 0.831601
    outer loop
      vertex 311.913 1283.75 64.6194
      vertex 313.536 1278.12 63.5355
      vertex 313.536 1283.75 63.5355
    endloop
  endfacet
  facet normal 0.555374 0 0.831601
    outer loop
      vertex 313.536 1278.12 63.5355
      vertex 311.913 1283.75 64.6194
      vertex 311.913 1278.12 64.6194
    endloop
  endfacet
  facet normal 0.555374 0 0.831601
    outer loop
      vertex 311.913 1277.12 64.6194
      vertex 313.536 1272.5 63.5355
      vertex 313.536 1277.12 63.5355
    endloop
  endfacet
  facet normal 0.555374 0 0.831601
    outer loop
      vertex 313.536 1272.5 63.5355
      vertex 311.913 1277.12 64.6194
      vertex 311.913 1272.5 64.6194
    endloop
  endfacet
  facet normal -0.831671 0 -0.555268
    outer loop
      vertex 306.464 1278.12 56.4645
      vertex 305.381 1283.75 58.0866
      vertex 306.464 1283.75 56.4645
    endloop
  endfacet
  facet normal -0.831671 -0 -0.555268
    outer loop
      vertex 305.381 1283.75 58.0866
      vertex 306.464 1278.12 56.4645
      vertex 305.381 1278.12 58.0866
    endloop
  endfacet
  facet normal -0.831671 0 -0.555268
    outer loop
      vertex 306.464 1272.5 56.4645
      vertex 305.381 1277.12 58.0866
      vertex 306.464 1277.12 56.4645
    endloop
  endfacet
  facet normal -0.831671 -0 -0.555268
    outer loop
      vertex 305.381 1277.12 58.0866
      vertex 306.464 1272.5 56.4645
      vertex 305.381 1272.5 58.0866
    endloop
  endfacet
  facet normal -0.831671 0 -0.555268
    outer loop
      vertex 306.464 1216.25 56.4645
      vertex 305.381 1221.88 58.0866
      vertex 306.464 1221.88 56.4645
    endloop
  endfacet
  facet normal -0.831671 -0 -0.555268
    outer loop
      vertex 305.381 1221.88 58.0866
      vertex 306.464 1216.25 56.4645
      vertex 305.381 1216.25 58.0866
    endloop
  endfacet
  facet normal -0.831671 0 -0.555268
    outer loop
      vertex 306.464 1222.88 56.4645
      vertex 305.381 1227.5 58.0866
      vertex 306.464 1227.5 56.4645
    endloop
  endfacet
  facet normal -0.831671 -0 -0.555268
    outer loop
      vertex 305.381 1227.5 58.0866
      vertex 306.464 1222.88 56.4645
      vertex 305.381 1222.88 58.0866
    endloop
  endfacet
  facet normal 0 -1 0
    outer loop
      vertex 308.087 1216.25 64.6194
      vertex 311.913 1216.25 64.6194
      vertex 310 1216.25 65
    endloop
  endfacet
  facet normal 0 -1 0
    outer loop
      vertex 306.464 1216.25 63.5355
      vertex 311.913 1216.25 64.6194
      vertex 308.087 1216.25 64.6194
    endloop
  endfacet
  facet normal 0 -1 0
    outer loop
      vertex 306.464 1216.25 63.5355
      vertex 313.536 1216.25 63.5355
      vertex 311.913 1216.25 64.6194
    endloop
  endfacet
  facet normal 0 -1 0
    outer loop
      vertex 305.381 1216.25 61.9134
      vertex 313.536 1216.25 63.5355
      vertex 306.464 1216.25 63.5355
    endloop
  endfacet
  facet normal 0 -1 0
    outer loop
      vertex 305.381 1216.25 61.9134
      vertex 314.619 1216.25 61.9134
      vertex 313.536 1216.25 63.5355
    endloop
  endfacet
  facet normal 0 -1 0
    outer loop
      vertex 305 1216.25 60
      vertex 314.619 1216.25 61.9134
      vertex 305.381 1216.25 61.9134
    endloop
  endfacet
  facet normal 0 -1 0
    outer loop
      vertex 305 1216.25 60
      vertex 315 1216.25 60
      vertex 314.619 1216.25 61.9134
    endloop
  endfacet
  facet normal 0 -1 0
    outer loop
      vertex 305.381 1216.25 58.0866
      vertex 315 1216.25 60
      vertex 305 1216.25 60
    endloop
  endfacet
  facet normal 0 -1 0
    outer loop
      vertex 305.381 1216.25 58.0866
      vertex 314.619 1216.25 58.0866
      vertex 315 1216.25 60
    endloop
  endfacet
  facet normal 0 -1 0
    outer loop
      vertex 306.464 1216.25 56.4645
      vertex 314.619 1216.25 58.0866
      vertex 305.381 1216.25 58.0866
    endloop
  endfacet
  facet normal 0 -1 0
    outer loop
      vertex 306.464 1216.25 56.4645
      vertex 313.536 1216.25 56.4645
      vertex 314.619 1216.25 58.0866
    endloop
  endfacet
  facet normal 0 -1 0
    outer loop
      vertex 308.087 1216.25 55.3806
      vertex 313.536 1216.25 56.4645
      vertex 306.464 1216.25 56.4645
    endloop
  endfacet
  facet normal 0 -1 0
    outer loop
      vertex 308.087 1216.25 55.3806
      vertex 311.913 1216.25 55.3806
      vertex 313.536 1216.25 56.4645
    endloop
  endfacet
  facet normal -0 -1 0
    outer loop
      vertex 311.913 1216.25 55.3806
      vertex 308.087 1216.25 55.3806
      vertex 310 1216.25 55
    endloop
  endfacet
  facet normal -0.980746 0 -0.195288
    outer loop
      vertex 305.381 1278.12 58.0866
      vertex 305 1283.75 60
      vertex 305.381 1283.75 58.0866
    endloop
  endfacet
  facet normal -0.980746 -0 -0.195288
    outer loop
      vertex 305 1283.75 60
      vertex 305.381 1278.12 58.0866
      vertex 305 1278.12 60
    endloop
  endfacet
  facet normal -0.980746 0 -0.195288
    outer loop
      vertex 305.381 1272.5 58.0866
      vertex 305 1277.12 60
      vertex 305.381 1277.12 58.0866
    endloop
  endfacet
  facet normal -0.980746 -0 -0.195288
    outer loop
      vertex 305 1277.12 60
      vertex 305.381 1272.5 58.0866
      vertex 305 1272.5 60
    endloop
  endfacet
  facet normal -0.980746 0 -0.195288
    outer loop
      vertex 305.381 1216.25 58.0866
      vertex 305 1221.88 60
      vertex 305.381 1221.88 58.0866
    endloop
  endfacet
  facet normal -0.980746 -0 -0.195288
    outer loop
      vertex 305 1221.88 60
      vertex 305.381 1216.25 58.0866
      vertex 305 1216.25 60
    endloop
  endfacet
  facet normal -0.980746 0 -0.195288
    outer loop
      vertex 305.381 1222.88 58.0866
      vertex 305 1227.5 60
      vertex 305.381 1227.5 58.0866
    endloop
  endfacet
  facet normal -0.980746 -0 -0.195288
    outer loop
      vertex 305 1227.5 60
      vertex 305.381 1222.88 58.0866
      vertex 305 1222.88 60
    endloop
  endfacet
  facet normal -0.555374 0 -0.831601
    outer loop
      vertex 306.464 1278.12 56.4645
      vertex 308.087 1283.75 55.3806
      vertex 308.087 1278.12 55.3806
    endloop
  endfacet
  facet normal -0.555374 0 -0.831601
    outer loop
      vertex 308.087 1283.75 55.3806
      vertex 306.464 1278.12 56.4645
      vertex 306.464 1283.75 56.4645
    endloop
  endfacet
  facet normal -0.555374 0 -0.831601
    outer loop
      vertex 306.464 1272.5 56.4645
      vertex 308.087 1277.12 55.3806
      vertex 308.087 1272.5 55.3806
    endloop
  endfacet
  facet normal -0.555374 0 -0.831601
    outer loop
      vertex 308.087 1277.12 55.3806
      vertex 306.464 1272.5 56.4645
      vertex 306.464 1277.12 56.4645
    endloop
  endfacet
  facet normal -0.555374 0 -0.831601
    outer loop
      vertex 306.464 1216.25 56.4645
      vertex 308.087 1221.88 55.3806
      vertex 308.087 1216.25 55.3806
    endloop
  endfacet
  facet normal -0.555374 0 -0.831601
    outer loop
      vertex 308.087 1221.88 55.3806
      vertex 306.464 1216.25 56.4645
      vertex 306.464 1221.88 56.4645
    endloop
  endfacet
  facet normal -0.555374 0 -0.831601
    outer loop
      vertex 306.464 1222.88 56.4645
      vertex 308.087 1227.5 55.3806
      vertex 308.087 1222.88 55.3806
    endloop
  endfacet
  facet normal -0.555374 0 -0.831601
    outer loop
      vertex 308.087 1227.5 55.3806
      vertex 306.464 1222.88 56.4645
      vertex 306.464 1227.5 56.4645
    endloop
  endfacet
  facet normal -0.743153 0 -0.669122
    outer loop
      vertex 269.852 1227.5 15.4113
      vertex 261.459 1272.5 24.7329
      vertex 269.852 1272.5 15.4113
    endloop
  endfacet
  facet normal -0.743153 -0 -0.669122
    outer loop
      vertex 261.459 1272.5 24.7329
      vertex 269.852 1227.5 15.4113
      vertex 261.459 1227.5 24.7329
    endloop
  endfacet
  facet normal 0.95106 -0 0.309008
    outer loop
      vertex 364.813 1227.5 84.4042
      vertex 368.689 1272.5 72.4747
      vertex 364.813 1272.5 84.4042
    endloop
  endfacet
  facet normal 0.95106 0 0.309008
    outer loop
      vertex 368.689 1272.5 72.4747
      vertex 364.813 1227.5 84.4042
      vertex 368.689 1227.5 72.4747
    endloop
  endfacet
  facet normal 0.994523 -0 0.104517
    outer loop
      vertex 368.689 1227.5 72.4747
      vertex 370 1272.5 60
      vertex 368.689 1272.5 72.4747
    endloop
  endfacet
  facet normal 0.994523 0 0.104517
    outer loop
      vertex 370 1272.5 60
      vertex 368.689 1227.5 72.4747
      vertex 370 1227.5 60
    endloop
  endfacet
  facet normal 0.866015 -0 0.500018
    outer loop
      vertex 358.541 1227.5 95.2671
      vertex 364.813 1272.5 84.4042
      vertex 358.541 1272.5 95.2671
    endloop
  endfacet
  facet normal 0.866015 0 0.500018
    outer loop
      vertex 364.813 1272.5 84.4042
      vertex 358.541 1227.5 95.2671
      vertex 364.813 1227.5 84.4042
    endloop
  endfacet
  facet normal 0.95106 0 -0.309008
    outer loop
      vertex 368.689 1227.5 47.5253
      vertex 364.813 1272.5 35.5958
      vertex 368.689 1272.5 47.5253
    endloop
  endfacet
  facet normal 0.95106 0 -0.309008
    outer loop
      vertex 364.813 1272.5 35.5958
      vertex 368.689 1227.5 47.5253
      vertex 364.813 1227.5 35.5958
    endloop
  endfacet
  facet normal 0.587778 0 -0.809022
    outer loop
      vertex 340 1227.5 8.03848
      vertex 350.148 1272.5 15.4113
      vertex 350.148 1227.5 15.4113
    endloop
  endfacet
  facet normal 0.587778 0 -0.809022
    outer loop
      vertex 350.148 1272.5 15.4113
      vertex 340 1227.5 8.03848
      vertex 340 1272.5 8.03848
    endloop
  endfacet
  facet normal 0.743153 0 -0.669122
    outer loop
      vertex 358.541 1227.5 24.7329
      vertex 350.148 1272.5 15.4113
      vertex 358.541 1272.5 24.7329
    endloop
  endfacet
  facet normal 0.743153 0 -0.669122
    outer loop
      vertex 350.148 1272.5 15.4113
      vertex 358.541 1227.5 24.7329
      vertex 350.148 1227.5 15.4113
    endloop
  endfacet
  facet normal 0.994523 0 -0.104517
    outer loop
      vertex 370 1227.5 60
      vertex 368.689 1272.5 47.5253
      vertex 370 1272.5 60
    endloop
  endfacet
  facet normal 0.994523 0 -0.104517
    outer loop
      vertex 368.689 1272.5 47.5253
      vertex 370 1227.5 60
      vertex 368.689 1227.5 47.5253
    endloop
  endfacet
  facet normal -0.406736 0 -0.913546
    outer loop
      vertex 280 1227.5 8.03848
      vertex 291.459 1272.5 2.93661
      vertex 291.459 1227.5 2.93661
    endloop
  endfacet
  facet normal -0.406736 0 -0.913546
    outer loop
      vertex 291.459 1272.5 2.93661
      vertex 280 1227.5 8.03848
      vertex 280 1272.5 8.03848
    endloop
  endfacet
  facet normal 0.406678 0 0.913571
    outer loop
      vertex 328.541 1272.5 117.063
      vertex 340 1227.5 111.962
      vertex 340 1272.5 111.962
    endloop
  endfacet
  facet normal 0.406678 0 0.913571
    outer loop
      vertex 340 1227.5 111.962
      vertex 328.541 1272.5 117.063
      vertex 328.541 1227.5 117.063
    endloop
  endfacet
  facet normal 0.743164 -0 0.66911
    outer loop
      vertex 350.148 1227.5 104.589
      vertex 358.541 1272.5 95.2671
      vertex 350.148 1272.5 104.589
    endloop
  endfacet
  facet normal 0.743164 0 0.66911
    outer loop
      vertex 358.541 1272.5 95.2671
      vertex 350.148 1227.5 104.589
      vertex 358.541 1227.5 95.2671
    endloop
  endfacet
  facet normal -0.587778 0 -0.809022
    outer loop
      vertex 269.852 1227.5 15.4113
      vertex 280 1272.5 8.03848
      vertex 280 1227.5 8.03848
    endloop
  endfacet
  facet normal -0.587778 0 -0.809022
    outer loop
      vertex 280 1272.5 8.03848
      vertex 269.852 1227.5 15.4113
      vertex 269.852 1272.5 15.4113
    endloop
  endfacet
  facet normal -0.743164 0 0.66911
    outer loop
      vertex 261.459 1227.5 95.2671
      vertex 269.852 1272.5 104.589
      vertex 261.459 1272.5 95.2671
    endloop
  endfacet
  facet normal -0.743164 0 0.66911
    outer loop
      vertex 269.852 1272.5 104.589
      vertex 261.459 1227.5 95.2671
      vertex 269.852 1227.5 104.589
    endloop
  endfacet
  facet normal -0 0 1
    outer loop
      vertex 303.728 1272.5 119.671
      vertex 316.272 1227.5 119.671
      vertex 316.272 1272.5 119.671
    endloop
  endfacet
  facet normal 0 0 1
    outer loop
      vertex 316.272 1227.5 119.671
      vertex 303.728 1272.5 119.671
      vertex 303.728 1227.5 119.671
    endloop
  endfacet
  facet normal 0.406736 0 -0.913546
    outer loop
      vertex 328.541 1227.5 2.93661
      vertex 340 1272.5 8.03848
      vertex 340 1227.5 8.03848
    endloop
  endfacet
  facet normal 0.406736 0 -0.913546
    outer loop
      vertex 340 1272.5 8.03848
      vertex 328.541 1227.5 2.93661
      vertex 328.541 1272.5 2.93661
    endloop
  endfacet
  facet normal 0.207917 0 -0.978147
    outer loop
      vertex 316.272 1227.5 0.328687
      vertex 328.541 1272.5 2.93661
      vertex 328.541 1227.5 2.93661
    endloop
  endfacet
  facet normal 0.207917 0 -0.978147
    outer loop
      vertex 328.541 1272.5 2.93661
      vertex 316.272 1227.5 0.328687
      vertex 316.272 1272.5 0.328687
    endloop
  endfacet
  facet normal -0.95106 0 0.309008
    outer loop
      vertex 251.311 1227.5 72.4747
      vertex 255.187 1272.5 84.4042
      vertex 251.311 1272.5 72.4747
    endloop
  endfacet
  facet normal -0.95106 0 0.309008
    outer loop
      vertex 255.187 1272.5 84.4042
      vertex 251.311 1227.5 72.4747
      vertex 255.187 1227.5 84.4042
    endloop
  endfacet
  facet normal 0 1 0
    outer loop
      vertex 311.913 1272.5 64.6194
      vertex 316.272 1272.5 119.671
      vertex 328.541 1272.5 117.063
    endloop
  endfacet
  facet normal 0 1 0
    outer loop
      vertex 316.272 1272.5 119.671
      vertex 310 1272.5 65
      vertex 303.728 1272.5 119.671
    endloop
  endfacet
  facet normal 0 1 0
    outer loop
      vertex 311.913 1272.5 64.6194
      vertex 328.541 1272.5 117.063
      vertex 340 1272.5 111.962
    endloop
  endfacet
  facet normal 0 1 -0
    outer loop
      vertex 308.087 1272.5 64.6194
      vertex 303.728 1272.5 119.671
      vertex 310 1272.5 65
    endloop
  endfacet
  facet normal 0 1 0
    outer loop
      vertex 313.536 1272.5 63.5355
      vertex 340 1272.5 111.962
      vertex 350.148 1272.5 104.589
    endloop
  endfacet
  facet normal 0 1 0
    outer loop
      vertex 303.728 1272.5 119.671
      vertex 308.087 1272.5 64.6194
      vertex 291.459 1272.5 117.063
    endloop
  endfacet
  facet normal 0 1 0
    outer loop
      vertex 313.536 1272.5 63.5355
      vertex 350.148 1272.5 104.589
      vertex 358.541 1272.5 95.2671
    endloop
  endfacet
  facet normal 0 1 0
    outer loop
      vertex 291.459 1272.5 117.063
      vertex 308.087 1272.5 64.6194
      vertex 280 1272.5 111.962
    endloop
  endfacet
  facet normal 0 1 0
    outer loop
      vertex 314.619 1272.5 61.9134
      vertex 358.541 1272.5 95.2671
      vertex 364.813 1272.5 84.4042
    endloop
  endfacet
  facet normal 0 1 -0
    outer loop
      vertex 306.464 1272.5 63.5355
      vertex 280 1272.5 111.962
      vertex 308.087 1272.5 64.6194
    endloop
  endfacet
  facet normal 0 1 0
    outer loop
      vertex 314.619 1272.5 61.9134
      vertex 364.813 1272.5 84.4042
      vertex 368.689 1272.5 72.4747
    endloop
  endfacet
  facet normal 0 1 0
    outer loop
      vertex 280 1272.5 111.962
      vertex 306.464 1272.5 63.5355
      vertex 269.852 1272.5 104.589
    endloop
  endfacet
  facet normal 0 1 0
    outer loop
      vertex 269.852 1272.5 104.589
      vertex 306.464 1272.5 63.5355
      vertex 261.459 1272.5 95.2671
    endloop
  endfacet
  facet normal 0 1 0
    outer loop
      vertex 316.272 1272.5 119.671
      vertex 311.913 1272.5 64.6194
      vertex 310 1272.5 65
    endloop
  endfacet
  facet normal 0 1 0
    outer loop
      vertex 340 1272.5 111.962
      vertex 313.536 1272.5 63.5355
      vertex 311.913 1272.5 64.6194
    endloop
  endfacet
  facet normal 0 1 0
    outer loop
      vertex 358.541 1272.5 95.2671
      vertex 314.619 1272.5 61.9134
      vertex 313.536 1272.5 63.5355
    endloop
  endfacet
  facet normal 0 1 0
    outer loop
      vertex 315 1272.5 60
      vertex 368.689 1272.5 72.4747
      vertex 370 1272.5 60
    endloop
  endfacet
  facet normal 0 1 0
    outer loop
      vertex 368.689 1272.5 72.4747
      vertex 315 1272.5 60
      vertex 314.619 1272.5 61.9134
    endloop
  endfacet
  facet normal 0 1 -0
    outer loop
      vertex 368.689 1272.5 47.5253
      vertex 315 1272.5 60
      vertex 370 1272.5 60
    endloop
  endfacet
  facet normal 0 1 0
    outer loop
      vertex 315 1272.5 60
      vertex 368.689 1272.5 47.5253
      vertex 314.619 1272.5 58.0866
    endloop
  endfacet
  facet normal 0 1 -0
    outer loop
      vertex 364.813 1272.5 35.5958
      vertex 314.619 1272.5 58.0866
      vertex 368.689 1272.5 47.5253
    endloop
  endfacet
  facet normal 0 1 -0
    outer loop
      vertex 358.541 1272.5 24.7329
      vertex 314.619 1272.5 58.0866
      vertex 364.813 1272.5 35.5958
    endloop
  endfacet
  facet normal 0 1 0
    outer loop
      vertex 314.619 1272.5 58.0866
      vertex 358.541 1272.5 24.7329
      vertex 313.536 1272.5 56.4645
    endloop
  endfacet
  facet normal 0 1 -0
    outer loop
      vertex 305.381 1272.5 61.9134
      vertex 261.459 1272.5 95.2671
      vertex 306.464 1272.5 63.5355
    endloop
  endfacet
  facet normal 0 1 0
    outer loop
      vertex 261.459 1272.5 95.2671
      vertex 305.381 1272.5 61.9134
      vertex 255.187 1272.5 84.4042
    endloop
  endfacet
  facet normal 0 1 0
    outer loop
      vertex 255.187 1272.5 84.4042
      vertex 305.381 1272.5 61.9134
      vertex 251.311 1272.5 72.4747
    endloop
  endfacet
  facet normal 0 1 -0
    outer loop
      vertex 305 1272.5 60
      vertex 251.311 1272.5 72.4747
      vertex 305.381 1272.5 61.9134
    endloop
  endfacet
  facet normal 0 1 0
    outer loop
      vertex 305 1272.5 60
      vertex 250 1272.5 60
      vertex 251.311 1272.5 72.4747
    endloop
  endfacet
  facet normal 0 1 0
    outer loop
      vertex 251.311 1272.5 47.5253
      vertex 305 1272.5 60
      vertex 305.381 1272.5 58.0866
    endloop
  endfacet
  facet normal 0 1 0
    outer loop
      vertex 261.459 1272.5 24.7329
      vertex 305.381 1272.5 58.0866
      vertex 306.464 1272.5 56.4645
    endloop
  endfacet
  facet normal 0 1 0
    outer loop
      vertex 280 1272.5 8.03848
      vertex 306.464 1272.5 56.4645
      vertex 308.087 1272.5 55.3806
    endloop
  endfacet
  facet normal 0 1 0
    outer loop
      vertex 303.728 1272.5 0.328687
      vertex 308.087 1272.5 55.3806
      vertex 310 1272.5 55
    endloop
  endfacet
  facet normal 0 1 -0
    outer loop
      vertex 350.148 1272.5 15.4113
      vertex 313.536 1272.5 56.4645
      vertex 358.541 1272.5 24.7329
    endloop
  endfacet
  facet normal 0 1 0
    outer loop
      vertex 305 1272.5 60
      vertex 251.311 1272.5 47.5253
      vertex 250 1272.5 60
    endloop
  endfacet
  facet normal 0 1 -0
    outer loop
      vertex 340 1272.5 8.03848
      vertex 313.536 1272.5 56.4645
      vertex 350.148 1272.5 15.4113
    endloop
  endfacet
  facet normal 0 1 0
    outer loop
      vertex 305.381 1272.5 58.0866
      vertex 255.187 1272.5 35.5958
      vertex 251.311 1272.5 47.5253
    endloop
  endfacet
  facet normal 0 1 0
    outer loop
      vertex 313.536 1272.5 56.4645
      vertex 340 1272.5 8.03848
      vertex 311.913 1272.5 55.3806
    endloop
  endfacet
  facet normal 0 1 0
    outer loop
      vertex 305.381 1272.5 58.0866
      vertex 261.459 1272.5 24.7329
      vertex 255.187 1272.5 35.5958
    endloop
  endfacet
  facet normal 0 1 -0
    outer loop
      vertex 328.541 1272.5 2.93661
      vertex 311.913 1272.5 55.3806
      vertex 340 1272.5 8.03848
    endloop
  endfacet
  facet normal 0 1 0
    outer loop
      vertex 306.464 1272.5 56.4645
      vertex 269.852 1272.5 15.4113
      vertex 261.459 1272.5 24.7329
    endloop
  endfacet
  facet normal 0 1 -0
    outer loop
      vertex 316.272 1272.5 0.328687
      vertex 311.913 1272.5 55.3806
      vertex 328.541 1272.5 2.93661
    endloop
  endfacet
  facet normal 0 1 0
    outer loop
      vertex 306.464 1272.5 56.4645
      vertex 280 1272.5 8.03848
      vertex 269.852 1272.5 15.4113
    endloop
  endfacet
  facet normal 0 1 0
    outer loop
      vertex 311.913 1272.5 55.3806
      vertex 316.272 1272.5 0.328687
      vertex 310 1272.5 55
    endloop
  endfacet
  facet normal 0 1 0
    outer loop
      vertex 308.087 1272.5 55.3806
      vertex 291.459 1272.5 2.93661
      vertex 280 1272.5 8.03848
    endloop
  endfacet
  facet normal 0 1 0
    outer loop
      vertex 303.728 1272.5 0.328687
      vertex 310 1272.5 55
      vertex 316.272 1272.5 0.328687
    endloop
  endfacet
  facet normal 0 1 0
    outer loop
      vertex 308.087 1272.5 55.3806
      vertex 303.728 1272.5 0.328687
      vertex 291.459 1272.5 2.93661
    endloop
  endfacet
  facet normal -0.95106 0 -0.309008
    outer loop
      vertex 255.187 1227.5 35.5958
      vertex 251.311 1272.5 47.5253
      vertex 255.187 1272.5 35.5958
    endloop
  endfacet
  facet normal -0.95106 -0 -0.309008
    outer loop
      vertex 251.311 1272.5 47.5253
      vertex 255.187 1227.5 35.5958
      vertex 251.311 1227.5 47.5253
    endloop
  endfacet
  facet normal -0.406678 0 0.913571
    outer loop
      vertex 280 1272.5 111.962
      vertex 291.459 1227.5 117.063
      vertex 291.459 1272.5 117.063
    endloop
  endfacet
  facet normal -0.406678 0 0.913571
    outer loop
      vertex 291.459 1227.5 117.063
      vertex 280 1272.5 111.962
      vertex 280 1227.5 111.962
    endloop
  endfacet
  facet normal 0 -1 0
    outer loop
      vertex 308.087 1227.5 64.6194
      vertex 303.728 1227.5 119.671
      vertex 291.459 1227.5 117.063
    endloop
  endfacet
  facet normal 0 -1 0
    outer loop
      vertex 303.728 1227.5 119.671
      vertex 310 1227.5 65
      vertex 316.272 1227.5 119.671
    endloop
  endfacet
  facet normal 0 -1 0
    outer loop
      vertex 308.087 1227.5 64.6194
      vertex 291.459 1227.5 117.063
      vertex 280 1227.5 111.962
    endloop
  endfacet
  facet normal 0 -1 0
    outer loop
      vertex 311.913 1227.5 64.6194
      vertex 316.272 1227.5 119.671
      vertex 310 1227.5 65
    endloop
  endfacet
  facet normal 0 -1 0
    outer loop
      vertex 306.464 1227.5 63.5355
      vertex 280 1227.5 111.962
      vertex 269.852 1227.5 104.589
    endloop
  endfacet
  facet normal 0 -1 -0
    outer loop
      vertex 316.272 1227.5 119.671
      vertex 311.913 1227.5 64.6194
      vertex 328.541 1227.5 117.063
    endloop
  endfacet
  facet normal 0 -1 0
    outer loop
      vertex 306.464 1227.5 63.5355
      vertex 269.852 1227.5 104.589
      vertex 261.459 1227.5 95.2671
    endloop
  endfacet
  facet normal 0 -1 -0
    outer loop
      vertex 328.541 1227.5 117.063
      vertex 311.913 1227.5 64.6194
      vertex 340 1227.5 111.962
    endloop
  endfacet
  facet normal 0 -1 0
    outer loop
      vertex 305.381 1227.5 61.9134
      vertex 261.459 1227.5 95.2671
      vertex 255.187 1227.5 84.4042
    endloop
  endfacet
  facet normal 0 -1 0
    outer loop
      vertex 313.536 1227.5 63.5355
      vertex 340 1227.5 111.962
      vertex 311.913 1227.5 64.6194
    endloop
  endfacet
  facet normal 0 -1 0
    outer loop
      vertex 305.381 1227.5 61.9134
      vertex 255.187 1227.5 84.4042
      vertex 251.311 1227.5 72.4747
    endloop
  endfacet
  facet normal 0 -1 -0
    outer loop
      vertex 340 1227.5 111.962
      vertex 313.536 1227.5 63.5355
      vertex 350.148 1227.5 104.589
    endloop
  endfacet
  facet normal 0 -1 -0
    outer loop
      vertex 350.148 1227.5 104.589
      vertex 313.536 1227.5 63.5355
      vertex 358.541 1227.5 95.2671
    endloop
  endfacet
  facet normal 0 -1 0
    outer loop
      vertex 303.728 1227.5 119.671
      vertex 308.087 1227.5 64.6194
      vertex 310 1227.5 65
    endloop
  endfacet
  facet normal 0 -1 0
    outer loop
      vertex 280 1227.5 111.962
      vertex 306.464 1227.5 63.5355
      vertex 308.087 1227.5 64.6194
    endloop
  endfacet
  facet normal 0 -1 0
    outer loop
      vertex 261.459 1227.5 95.2671
      vertex 305.381 1227.5 61.9134
      vertex 306.464 1227.5 63.5355
    endloop
  endfacet
  facet normal 0 -1 0
    outer loop
      vertex 305 1227.5 60
      vertex 251.311 1227.5 72.4747
      vertex 250 1227.5 60
    endloop
  endfacet
  facet normal 0 -1 0
    outer loop
      vertex 251.311 1227.5 72.4747
      vertex 305 1227.5 60
      vertex 305.381 1227.5 61.9134
    endloop
  endfacet
  facet normal 0 -1 0
    outer loop
      vertex 251.311 1227.5 47.5253
      vertex 305 1227.5 60
      vertex 250 1227.5 60
    endloop
  endfacet
  facet normal 0 -1 -0
    outer loop
      vertex 305 1227.5 60
      vertex 251.311 1227.5 47.5253
      vertex 305.381 1227.5 58.0866
    endloop
  endfacet
  facet normal 0 -1 0
    outer loop
      vertex 255.187 1227.5 35.5958
      vertex 305.381 1227.5 58.0866
      vertex 251.311 1227.5 47.5253
    endloop
  endfacet
  facet normal 0 -1 0
    outer loop
      vertex 261.459 1227.5 24.7329
      vertex 305.381 1227.5 58.0866
      vertex 255.187 1227.5 35.5958
    endloop
  endfacet
  facet normal 0 -1 -0
    outer loop
      vertex 305.381 1227.5 58.0866
      vertex 261.459 1227.5 24.7329
      vertex 306.464 1227.5 56.4645
    endloop
  endfacet
  facet normal 0 -1 0
    outer loop
      vertex 314.619 1227.5 61.9134
      vertex 358.541 1227.5 95.2671
      vertex 313.536 1227.5 63.5355
    endloop
  endfacet
  facet normal 0 -1 -0
    outer loop
      vertex 358.541 1227.5 95.2671
      vertex 314.619 1227.5 61.9134
      vertex 364.813 1227.5 84.4042
    endloop
  endfacet
  facet normal 0 -1 -0
    outer loop
      vertex 364.813 1227.5 84.4042
      vertex 314.619 1227.5 61.9134
      vertex 368.689 1227.5 72.4747
    endloop
  endfacet
  facet normal 0 -1 0
    outer loop
      vertex 315 1227.5 60
      vertex 368.689 1227.5 72.4747
      vertex 314.619 1227.5 61.9134
    endloop
  endfacet
  facet normal 0 -1 0
    outer loop
      vertex 315 1227.5 60
      vertex 370 1227.5 60
      vertex 368.689 1227.5 72.4747
    endloop
  endfacet
  facet normal 0 -1 0
    outer loop
      vertex 368.689 1227.5 47.5253
      vertex 315 1227.5 60
      vertex 314.619 1227.5 58.0866
    endloop
  endfacet
  facet normal 0 -1 0
    outer loop
      vertex 358.541 1227.5 24.7329
      vertex 314.619 1227.5 58.0866
      vertex 313.536 1227.5 56.4645
    endloop
  endfacet
  facet normal 0 -1 0
    outer loop
      vertex 340 1227.5 8.03848
      vertex 313.536 1227.5 56.4645
      vertex 311.913 1227.5 55.3806
    endloop
  endfacet
  facet normal 0 -1 0
    outer loop
      vertex 316.272 1227.5 0.328687
      vertex 311.913 1227.5 55.3806
      vertex 310 1227.5 55
    endloop
  endfacet
  facet normal 0 -1 0
    outer loop
      vertex 269.852 1227.5 15.4113
      vertex 306.464 1227.5 56.4645
      vertex 261.459 1227.5 24.7329
    endloop
  endfacet
  facet normal 0 -1 0
    outer loop
      vertex 315 1227.5 60
      vertex 368.689 1227.5 47.5253
      vertex 370 1227.5 60
    endloop
  endfacet
  facet normal 0 -1 0
    outer loop
      vertex 280 1227.5 8.03848
      vertex 306.464 1227.5 56.4645
      vertex 269.852 1227.5 15.4113
    endloop
  endfacet
  facet normal 0 -1 0
    outer loop
      vertex 314.619 1227.5 58.0866
      vertex 364.813 1227.5 35.5958
      vertex 368.689 1227.5 47.5253
    endloop
  endfacet
  facet normal 0 -1 -0
    outer loop
      vertex 306.464 1227.5 56.4645
      vertex 280 1227.5 8.03848
      vertex 308.087 1227.5 55.3806
    endloop
  endfacet
  facet normal 0 -1 0
    outer loop
      vertex 314.619 1227.5 58.0866
      vertex 358.541 1227.5 24.7329
      vertex 364.813 1227.5 35.5958
    endloop
  endfacet
  facet normal 0 -1 0
    outer loop
      vertex 291.459 1227.5 2.93661
      vertex 308.087 1227.5 55.3806
      vertex 280 1227.5 8.03848
    endloop
  endfacet
  facet normal 0 -1 0
    outer loop
      vertex 313.536 1227.5 56.4645
      vertex 350.148 1227.5 15.4113
      vertex 358.541 1227.5 24.7329
    endloop
  endfacet
  facet normal 0 -1 0
    outer loop
      vertex 303.728 1227.5 0.328687
      vertex 308.087 1227.5 55.3806
      vertex 291.459 1227.5 2.93661
    endloop
  endfacet
  facet normal 0 -1 0
    outer loop
      vertex 313.536 1227.5 56.4645
      vertex 340 1227.5 8.03848
      vertex 350.148 1227.5 15.4113
    endloop
  endfacet
  facet normal 0 -1 -0
    outer loop
      vertex 308.087 1227.5 55.3806
      vertex 303.728 1227.5 0.328687
      vertex 310 1227.5 55
    endloop
  endfacet
  facet normal 0 -1 0
    outer loop
      vertex 311.913 1227.5 55.3806
      vertex 328.541 1227.5 2.93661
      vertex 340 1227.5 8.03848
    endloop
  endfacet
  facet normal 0 -1 0
    outer loop
      vertex 316.272 1227.5 0.328687
      vertex 310 1227.5 55
      vertex 303.728 1227.5 0.328687
    endloop
  endfacet
  facet normal 0 -1 0
    outer loop
      vertex 311.913 1227.5 55.3806
      vertex 316.272 1227.5 0.328687
      vertex 328.541 1227.5 2.93661
    endloop
  endfacet
  facet normal -0.207917 0 -0.978147
    outer loop
      vertex 291.459 1227.5 2.93661
      vertex 303.728 1272.5 0.328687
      vertex 303.728 1227.5 0.328687
    endloop
  endfacet
  facet normal -0.207917 0 -0.978147
    outer loop
      vertex 303.728 1272.5 0.328687
      vertex 291.459 1227.5 2.93661
      vertex 291.459 1272.5 2.93661
    endloop
  endfacet
  facet normal 0.207923 0 0.978145
    outer loop
      vertex 316.272 1272.5 119.671
      vertex 328.541 1227.5 117.063
      vertex 328.541 1272.5 117.063
    endloop
  endfacet
  facet normal 0.207923 0 0.978145
    outer loop
      vertex 328.541 1227.5 117.063
      vertex 316.272 1272.5 119.671
      vertex 316.272 1227.5 119.671
    endloop
  endfacet
  facet normal -0.994523 0 -0.104517
    outer loop
      vertex 251.311 1227.5 47.5253
      vertex 250 1272.5 60
      vertex 251.311 1272.5 47.5253
    endloop
  endfacet
  facet normal -0.994523 -0 -0.104517
    outer loop
      vertex 250 1272.5 60
      vertex 251.311 1227.5 47.5253
      vertex 250 1227.5 60
    endloop
  endfacet
  facet normal -0.866015 0 -0.500018
    outer loop
      vertex 261.459 1227.5 24.7329
      vertex 255.187 1272.5 35.5958
      vertex 261.459 1272.5 24.7329
    endloop
  endfacet
  facet normal -0.866015 -0 -0.500018
    outer loop
      vertex 255.187 1272.5 35.5958
      vertex 261.459 1227.5 24.7329
      vertex 255.187 1227.5 35.5958
    endloop
  endfacet
  facet normal -0.866015 0 0.500018
    outer loop
      vertex 255.187 1227.5 84.4042
      vertex 261.459 1272.5 95.2671
      vertex 255.187 1272.5 84.4042
    endloop
  endfacet
  facet normal -0.866015 0 0.500018
    outer loop
      vertex 261.459 1272.5 95.2671
      vertex 255.187 1227.5 84.4042
      vertex 261.459 1227.5 95.2671
    endloop
  endfacet
  facet normal 0.866015 0 -0.500018
    outer loop
      vertex 364.813 1227.5 35.5958
      vertex 358.541 1272.5 24.7329
      vertex 364.813 1272.5 35.5958
    endloop
  endfacet
  facet normal 0.866015 0 -0.500018
    outer loop
      vertex 358.541 1272.5 24.7329
      vertex 364.813 1227.5 35.5958
      vertex 358.541 1227.5 24.7329
    endloop
  endfacet
  facet normal 0.587788 0 0.809015
    outer loop
      vertex 340 1272.5 111.962
      vertex 350.148 1227.5 104.589
      vertex 350.148 1272.5 104.589
    endloop
  endfacet
  facet normal 0.587788 0 0.809015
    outer loop
      vertex 350.148 1227.5 104.589
      vertex 340 1272.5 111.962
      vertex 340 1227.5 111.962
    endloop
  endfacet
  facet normal -0.587788 0 0.809015
    outer loop
      vertex 269.852 1272.5 104.589
      vertex 280 1227.5 111.962
      vertex 280 1272.5 111.962
    endloop
  endfacet
  facet normal -0.587788 0 0.809015
    outer loop
      vertex 280 1227.5 111.962
      vertex 269.852 1272.5 104.589
      vertex 269.852 1227.5 104.589
    endloop
  endfacet
  facet normal -0.207923 0 0.978145
    outer loop
      vertex 291.459 1272.5 117.063
      vertex 303.728 1227.5 119.671
      vertex 303.728 1272.5 119.671
    endloop
  endfacet
  facet normal -0.207923 0 0.978145
    outer loop
      vertex 303.728 1227.5 119.671
      vertex 291.459 1272.5 117.063
      vertex 291.459 1227.5 117.063
    endloop
  endfacet
  facet normal 0 0 -1
    outer loop
      vertex 303.728 1227.5 0.328687
      vertex 316.272 1272.5 0.328687
      vertex 316.272 1227.5 0.328687
    endloop
  endfacet
  facet normal -0 0 -1
    outer loop
      vertex 316.272 1272.5 0.328687
      vertex 303.728 1227.5 0.328687
      vertex 303.728 1272.5 0.328687
    endloop
  endfacet
  facet normal -0.994523 0 0.104517
    outer loop
      vertex 250 1227.5 60
      vertex 251.311 1272.5 72.4747
      vertex 250 1272.5 60
    endloop
  endfacet
  facet normal -0.994523 0 0.104517
    outer loop
      vertex 251.311 1272.5 72.4747
      vertex 250 1227.5 60
      vertex 251.311 1227.5 72.4747
    endloop
  endfacet
  facet normal -1 0 0
    outer loop
      vertex 300 1277.12 50
      vertex 300 1278.12 110
      vertex 300 1278.12 50
    endloop
  endfacet
  facet normal -1 -0 0
    outer loop
      vertex 300 1278.12 110
      vertex 300 1277.12 50
      vertex 300 1277.12 110
    endloop
  endfacet
  facet normal 0 -1 0
    outer loop
      vertex 310 1277.12 125
      vertex 330 1277.12 124.5
      vertex 330 1277.12 125
    endloop
  endfacet
  facet normal 0 -1 0
    outer loop
      vertex 300 1277.12 110
      vertex 330 1277.12 124.5
      vertex 310 1277.12 125
    endloop
  endfacet
  facet normal 0 -1 0
    outer loop
      vertex 350 1277.12 105
      vertex 330 1277.12 124.5
      vertex 300 1277.12 110
    endloop
  endfacet
  facet normal 0 -1 0
    outer loop
      vertex 330 1277.12 124.5
      vertex 350 1277.12 105
      vertex 350 1277.12 124.5
    endloop
  endfacet
  facet normal 0 -1 0
    outer loop
      vertex 311.913 1277.12 64.6194
      vertex 300 1277.12 110
      vertex 310 1277.12 65
    endloop
  endfacet
  facet normal 0 -1 0
    outer loop
      vertex 300 1277.12 110
      vertex 308.087 1277.12 64.6194
      vertex 310 1277.12 65
    endloop
  endfacet
  facet normal 0 -1 0
    outer loop
      vertex 300 1277.12 110
      vertex 306.464 1277.12 63.5355
      vertex 308.087 1277.12 64.6194
    endloop
  endfacet
  facet normal 0 -1 0
    outer loop
      vertex 300 1277.12 110
      vertex 305.381 1277.12 61.9134
      vertex 306.464 1277.12 63.5355
    endloop
  endfacet
  facet normal 0 -1 0
    outer loop
      vertex 300 1277.12 50
      vertex 305.381 1277.12 61.9134
      vertex 300 1277.12 110
    endloop
  endfacet
  facet normal 0 -1 -0
    outer loop
      vertex 308.087 1277.12 55.3806
      vertex 300 1277.12 50
      vertex 310 1277.12 55
    endloop
  endfacet
  facet normal 0 -1 -0
    outer loop
      vertex 306.464 1277.12 56.4645
      vertex 300 1277.12 50
      vertex 308.087 1277.12 55.3806
    endloop
  endfacet
  facet normal 0 -1 -0
    outer loop
      vertex 305.381 1277.12 58.0866
      vertex 300 1277.12 50
      vertex 306.464 1277.12 56.4645
    endloop
  endfacet
  facet normal 0 -1 -0
    outer loop
      vertex 305 1277.12 60
      vertex 300 1277.12 50
      vertex 305.381 1277.12 58.0866
    endloop
  endfacet
  facet normal 0 -1 0
    outer loop
      vertex 305.381 1277.12 61.9134
      vertex 300 1277.12 50
      vertex 305 1277.12 60
    endloop
  endfacet
  facet normal 0 -1 0
    outer loop
      vertex 300 1277.12 110
      vertex 311.913 1277.12 64.6194
      vertex 350 1277.12 105
    endloop
  endfacet
  facet normal 0 -1 0
    outer loop
      vertex 313.536 1277.12 63.5355
      vertex 350 1277.12 105
      vertex 311.913 1277.12 64.6194
    endloop
  endfacet
  facet normal 0 -1 0
    outer loop
      vertex 314.619 1277.12 61.9134
      vertex 350 1277.12 105
      vertex 313.536 1277.12 63.5355
    endloop
  endfacet
  facet normal 0 -1 0
    outer loop
      vertex 320 1277.12 50
      vertex 314.619 1277.12 61.9134
      vertex 315 1277.12 60
    endloop
  endfacet
  facet normal 0 -1 0
    outer loop
      vertex 320 1277.12 50
      vertex 315 1277.12 60
      vertex 314.619 1277.12 58.0866
    endloop
  endfacet
  facet normal 0 -1 0
    outer loop
      vertex 320 1277.12 50
      vertex 314.619 1277.12 58.0866
      vertex 313.536 1277.12 56.4645
    endloop
  endfacet
  facet normal 0 -1 0
    outer loop
      vertex 320 1277.12 50
      vertex 310 1277.12 55
      vertex 300 1277.12 50
    endloop
  endfacet
  facet normal 0 -1 0
    outer loop
      vertex 314.619 1277.12 61.9134
      vertex 320 1277.12 50
      vertex 350 1277.12 105
    endloop
  endfacet
  facet normal 0 -1 0
    outer loop
      vertex 311.913 1277.12 55.3806
      vertex 320 1277.12 50
      vertex 313.536 1277.12 56.4645
    endloop
  endfacet
  facet normal 0 -1 0
    outer loop
      vertex 310 1277.12 55
      vertex 320 1277.12 50
      vertex 311.913 1277.12 55.3806
    endloop
  endfacet
  facet normal 1 0 0
    outer loop
      vertex 350 1245 125.5
      vertex 350 1222.88 124.5
      vertex 350 1245 125
    endloop
  endfacet
  facet normal 1 -0 0
    outer loop
      vertex 350 1221.88 125.5
      vertex 350 1222.88 124.5
      vertex 350 1245 125.5
    endloop
  endfacet
  facet normal 1 0 0
    outer loop
      vertex 350 1221.88 105
      vertex 350 1222.88 124.5
      vertex 350 1221.88 125.5
    endloop
  endfacet
  facet normal 1 0 0
    outer loop
      vertex 350 1222.88 124.5
      vertex 350 1221.88 105
      vertex 350 1222.88 105
    endloop
  endfacet
  facet normal 1 0 0
    outer loop
      vertex 350 1278.12 125.5
      vertex 350 1277.12 124.5
      vertex 350 1278.12 105
    endloop
  endfacet
  facet normal 1 -0 0
    outer loop
      vertex 350 1255 125.5
      vertex 350 1277.12 124.5
      vertex 350 1278.12 125.5
    endloop
  endfacet
  facet normal 1 -0 0
    outer loop
      vertex 350 1255 125
      vertex 350 1277.12 124.5
      vertex 350 1255 125.5
    endloop
  endfacet
  facet normal 1 -0 0
    outer loop
      vertex 350 1245 125
      vertex 350 1277.12 124.5
      vertex 350 1255 125
    endloop
  endfacet
  facet normal 1 0 0
    outer loop
      vertex 350 1277.12 124.5
      vertex 350 1245 125
      vertex 350 1222.88 124.5
    endloop
  endfacet
  facet normal 1 0 0
    outer loop
      vertex 350 1278.12 105
      vertex 350 1277.12 124.5
      vertex 350 1277.12 105
    endloop
  endfacet
  facet normal -0.83205 0 0.5547
    outer loop
      vertex 300 1277.12 110
      vertex 310 1278.12 125
      vertex 300 1278.12 110
    endloop
  endfacet
  facet normal -0.83205 0 0.5547
    outer loop
      vertex 310 1278.12 125
      vertex 300 1277.12 110
      vertex 310 1277.12 125
    endloop
  endfacet
  facet normal -0 0 1
    outer loop
      vertex 310 1278.12 125
      vertex 330 1277.12 125
      vertex 330 1278.12 125
    endloop
  endfacet
  facet normal 0 0 1
    outer loop
      vertex 330 1277.12 125
      vertex 310 1278.12 125
      vertex 310 1277.12 125
    endloop
  endfacet
  facet normal 0 0 -1
    outer loop
      vertex 300 1277.12 50
      vertex 320 1278.12 50
      vertex 320 1277.12 50
    endloop
  endfacet
  facet normal -0 0 -1
    outer loop
      vertex 320 1278.12 50
      vertex 300 1277.12 50
      vertex 300 1278.12 50
    endloop
  endfacet
  facet normal 0.877896 0 -0.478852
    outer loop
      vertex 350 1277.12 105
      vertex 320 1278.12 50
      vertex 350 1278.12 105
    endloop
  endfacet
  facet normal 0.877896 0 -0.478852
    outer loop
      vertex 320 1278.12 50
      vertex 350 1277.12 105
      vertex 320 1277.12 50
    endloop
  endfacet
  facet normal 0 1 0
    outer loop
      vertex 300 1278.12 110
      vertex 311.913 1278.12 64.6194
      vertex 310 1278.12 65
    endloop
  endfacet
  facet normal 0 1 0
    outer loop
      vertex 350 1278.12 105
      vertex 313.536 1278.12 63.5355
      vertex 311.913 1278.12 64.6194
    endloop
  endfacet
  facet normal 0 1 0
    outer loop
      vertex 350 1278.12 105
      vertex 314.619 1278.12 61.9134
      vertex 313.536 1278.12 63.5355
    endloop
  endfacet
  facet normal 0 1 -0
    outer loop
      vertex 320 1278.12 50
      vertex 314.619 1278.12 61.9134
      vertex 350 1278.12 105
    endloop
  endfacet
  facet normal 0 1 0
    outer loop
      vertex 314.619 1278.12 61.9134
      vertex 320 1278.12 50
      vertex 315 1278.12 60
    endloop
  endfacet
  facet normal 0 1 0
    outer loop
      vertex 315 1278.12 60
      vertex 320 1278.12 50
      vertex 314.619 1278.12 58.0866
    endloop
  endfacet
  facet normal 0 1 0
    outer loop
      vertex 311.913 1278.12 55.3806
      vertex 320 1278.12 50
      vertex 310 1278.12 55
    endloop
  endfacet
  facet normal 0 1 0
    outer loop
      vertex 313.536 1278.12 56.4645
      vertex 320 1278.12 50
      vertex 311.913 1278.12 55.3806
    endloop
  endfacet
  facet normal 0 1 0
    outer loop
      vertex 314.619 1278.12 58.0866
      vertex 320 1278.12 50
      vertex 313.536 1278.12 56.4645
    endloop
  endfacet
  facet normal 0 1 0
    outer loop
      vertex 350 1278.12 125.5
      vertex 330 1278.12 125
      vertex 330 1278.12 125.5
    endloop
  endfacet
  facet normal 0 1 0
    outer loop
      vertex 330 1278.12 125
      vertex 300 1278.12 110
      vertex 310 1278.12 125
    endloop
  endfacet
  facet normal 0 1 -0
    outer loop
      vertex 350 1278.12 105
      vertex 330 1278.12 125
      vertex 350 1278.12 125.5
    endloop
  endfacet
  facet normal 0 1 0
    outer loop
      vertex 330 1278.12 125
      vertex 350 1278.12 105
      vertex 300 1278.12 110
    endloop
  endfacet
  facet normal 0 1 -0
    outer loop
      vertex 311.913 1278.12 64.6194
      vertex 300 1278.12 110
      vertex 350 1278.12 105
    endloop
  endfacet
  facet normal 0 1 -0
    outer loop
      vertex 308.087 1278.12 64.6194
      vertex 300 1278.12 110
      vertex 310 1278.12 65
    endloop
  endfacet
  facet normal 0 1 -0
    outer loop
      vertex 306.464 1278.12 63.5355
      vertex 300 1278.12 110
      vertex 308.087 1278.12 64.6194
    endloop
  endfacet
  facet normal 0 1 -0
    outer loop
      vertex 305.381 1278.12 61.9134
      vertex 300 1278.12 110
      vertex 306.464 1278.12 63.5355
    endloop
  endfacet
  facet normal 0 1 0
    outer loop
      vertex 300 1278.12 50
      vertex 305.381 1278.12 61.9134
      vertex 305 1278.12 60
    endloop
  endfacet
  facet normal 0 1 0
    outer loop
      vertex 300 1278.12 50
      vertex 310 1278.12 55
      vertex 320 1278.12 50
    endloop
  endfacet
  facet normal 0 1 0
    outer loop
      vertex 305.381 1278.12 61.9134
      vertex 300 1278.12 50
      vertex 300 1278.12 110
    endloop
  endfacet
  facet normal 0 1 0
    outer loop
      vertex 305.381 1278.12 58.0866
      vertex 300 1278.12 50
      vertex 305 1278.12 60
    endloop
  endfacet
  facet normal 0 1 0
    outer loop
      vertex 306.464 1278.12 56.4645
      vertex 300 1278.12 50
      vertex 305.381 1278.12 58.0866
    endloop
  endfacet
  facet normal 0 1 0
    outer loop
      vertex 308.087 1278.12 55.3806
      vertex 300 1278.12 50
      vertex 306.464 1278.12 56.4645
    endloop
  endfacet
  facet normal 0 1 0
    outer loop
      vertex 310 1278.12 55
      vertex 300 1278.12 50
      vertex 308.087 1278.12 55.3806
    endloop
  endfacet
  facet normal 0 -1 -0
    outer loop
      vertex 310 1221.88 125
      vertex 300 1221.88 110
      vertex 330 1221.88 125
    endloop
  endfacet
  facet normal 0 -1 0
    outer loop
      vertex 330 1221.88 125
      vertex 350 1221.88 125.5
      vertex 330 1221.88 125.5
    endloop
  endfacet
  facet normal 0 -1 0
    outer loop
      vertex 350 1221.88 105
      vertex 330 1221.88 125
      vertex 300 1221.88 110
    endloop
  endfacet
  facet normal 0 -1 0
    outer loop
      vertex 330 1221.88 125
      vertex 350 1221.88 105
      vertex 350 1221.88 125.5
    endloop
  endfacet
  facet normal 0 -1 0
    outer loop
      vertex 311.913 1221.88 64.6194
      vertex 300 1221.88 110
      vertex 310 1221.88 65
    endloop
  endfacet
  facet normal 0 -1 0
    outer loop
      vertex 300 1221.88 110
      vertex 308.087 1221.88 64.6194
      vertex 310 1221.88 65
    endloop
  endfacet
  facet normal 0 -1 0
    outer loop
      vertex 300 1221.88 110
      vertex 306.464 1221.88 63.5355
      vertex 308.087 1221.88 64.6194
    endloop
  endfacet
  facet normal 0 -1 0
    outer loop
      vertex 300 1221.88 110
      vertex 305.381 1221.88 61.9134
      vertex 306.464 1221.88 63.5355
    endloop
  endfacet
  facet normal 0 -1 0
    outer loop
      vertex 300 1221.88 50
      vertex 305.381 1221.88 61.9134
      vertex 300 1221.88 110
    endloop
  endfacet
  facet normal 0 -1 -0
    outer loop
      vertex 308.087 1221.88 55.3806
      vertex 300 1221.88 50
      vertex 310 1221.88 55
    endloop
  endfacet
  facet normal 0 -1 -0
    outer loop
      vertex 306.464 1221.88 56.4645
      vertex 300 1221.88 50
      vertex 308.087 1221.88 55.3806
    endloop
  endfacet
  facet normal 0 -1 -0
    outer loop
      vertex 305.381 1221.88 58.0866
      vertex 300 1221.88 50
      vertex 306.464 1221.88 56.4645
    endloop
  endfacet
  facet normal 0 -1 -0
    outer loop
      vertex 305 1221.88 60
      vertex 300 1221.88 50
      vertex 305.381 1221.88 58.0866
    endloop
  endfacet
  facet normal 0 -1 0
    outer loop
      vertex 305.381 1221.88 61.9134
      vertex 300 1221.88 50
      vertex 305 1221.88 60
    endloop
  endfacet
  facet normal 0 -1 0
    outer loop
      vertex 300 1221.88 110
      vertex 311.913 1221.88 64.6194
      vertex 350 1221.88 105
    endloop
  endfacet
  facet normal 0 -1 0
    outer loop
      vertex 313.536 1221.88 63.5355
      vertex 350 1221.88 105
      vertex 311.913 1221.88 64.6194
    endloop
  endfacet
  facet normal 0 -1 0
    outer loop
      vertex 314.619 1221.88 61.9134
      vertex 350 1221.88 105
      vertex 313.536 1221.88 63.5355
    endloop
  endfacet
  facet normal 0 -1 0
    outer loop
      vertex 320 1221.88 50
      vertex 314.619 1221.88 61.9134
      vertex 315 1221.88 60
    endloop
  endfacet
  facet normal 0 -1 0
    outer loop
      vertex 320 1221.88 50
      vertex 315 1221.88 60
      vertex 314.619 1221.88 58.0866
    endloop
  endfacet
  facet normal 0 -1 0
    outer loop
      vertex 320 1221.88 50
      vertex 314.619 1221.88 58.0866
      vertex 313.536 1221.88 56.4645
    endloop
  endfacet
  facet normal 0 -1 0
    outer loop
      vertex 320 1221.88 50
      vertex 310 1221.88 55
      vertex 300 1221.88 50
    endloop
  endfacet
  facet normal 0 -1 0
    outer loop
      vertex 314.619 1221.88 61.9134
      vertex 320 1221.88 50
      vertex 350 1221.88 105
    endloop
  endfacet
  facet normal 0 -1 0
    outer loop
      vertex 311.913 1221.88 55.3806
      vertex 320 1221.88 50
      vertex 313.536 1221.88 56.4645
    endloop
  endfacet
  facet normal 0 -1 0
    outer loop
      vertex 310 1221.88 55
      vertex 320 1221.88 50
      vertex 311.913 1221.88 55.3806
    endloop
  endfacet
  facet normal -0.83205 0 0.5547
    outer loop
      vertex 300 1221.88 110
      vertex 310 1222.88 125
      vertex 300 1222.88 110
    endloop
  endfacet
  facet normal -0.83205 0 0.5547
    outer loop
      vertex 310 1222.88 125
      vertex 300 1221.88 110
      vertex 310 1221.88 125
    endloop
  endfacet
  facet normal 0 0 -1
    outer loop
      vertex 300 1221.88 50
      vertex 320 1222.88 50
      vertex 320 1221.88 50
    endloop
  endfacet
  facet normal -0 0 -1
    outer loop
      vertex 320 1222.88 50
      vertex 300 1221.88 50
      vertex 300 1222.88 50
    endloop
  endfacet
  facet normal -0 0 1
    outer loop
      vertex 310 1222.88 125
      vertex 330 1221.88 125
      vertex 330 1222.88 125
    endloop
  endfacet
  facet normal 0 0 1
    outer loop
      vertex 330 1221.88 125
      vertex 310 1222.88 125
      vertex 310 1221.88 125
    endloop
  endfacet
  facet normal -1 0 0
    outer loop
      vertex 300 1221.88 50
      vertex 300 1222.88 110
      vertex 300 1222.88 50
    endloop
  endfacet
  facet normal -1 -0 0
    outer loop
      vertex 300 1222.88 110
      vertex 300 1221.88 50
      vertex 300 1221.88 110
    endloop
  endfacet
  facet normal 0.877896 0 -0.478852
    outer loop
      vertex 350 1221.88 105
      vertex 320 1222.88 50
      vertex 350 1222.88 105
    endloop
  endfacet
  facet normal 0.877896 0 -0.478852
    outer loop
      vertex 320 1222.88 50
      vertex 350 1221.88 105
      vertex 320 1221.88 50
    endloop
  endfacet
  facet normal 0 1 0
    outer loop
      vertex 300 1222.88 110
      vertex 311.913 1222.88 64.6194
      vertex 310 1222.88 65
    endloop
  endfacet
  facet normal 0 1 0
    outer loop
      vertex 350 1222.88 105
      vertex 313.536 1222.88 63.5355
      vertex 311.913 1222.88 64.6194
    endloop
  endfacet
  facet normal 0 1 0
    outer loop
      vertex 350 1222.88 105
      vertex 314.619 1222.88 61.9134
      vertex 313.536 1222.88 63.5355
    endloop
  endfacet
  facet normal 0 1 -0
    outer loop
      vertex 320 1222.88 50
      vertex 314.619 1222.88 61.9134
      vertex 350 1222.88 105
    endloop
  endfacet
  facet normal 0 1 0
    outer loop
      vertex 314.619 1222.88 61.9134
      vertex 320 1222.88 50
      vertex 315 1222.88 60
    endloop
  endfacet
  facet normal 0 1 0
    outer loop
      vertex 315 1222.88 60
      vertex 320 1222.88 50
      vertex 314.619 1222.88 58.0866
    endloop
  endfacet
  facet normal 0 1 0
    outer loop
      vertex 311.913 1222.88 55.3806
      vertex 320 1222.88 50
      vertex 310 1222.88 55
    endloop
  endfacet
  facet normal 0 1 0
    outer loop
      vertex 313.536 1222.88 56.4645
      vertex 320 1222.88 50
      vertex 311.913 1222.88 55.3806
    endloop
  endfacet
  facet normal 0 1 0
    outer loop
      vertex 314.619 1222.88 58.0866
      vertex 320 1222.88 50
      vertex 313.536 1222.88 56.4645
    endloop
  endfacet
  facet normal 0 1 -0
    outer loop
      vertex 350 1222.88 105
      vertex 330 1222.88 124.5
      vertex 350 1222.88 124.5
    endloop
  endfacet
  facet normal 0 1 0
    outer loop
      vertex 330 1222.88 124.5
      vertex 350 1222.88 105
      vertex 300 1222.88 110
    endloop
  endfacet
  facet normal 0 1 -0
    outer loop
      vertex 311.913 1222.88 64.6194
      vertex 300 1222.88 110
      vertex 350 1222.88 105
    endloop
  endfacet
  facet normal 0 1 -0
    outer loop
      vertex 308.087 1222.88 64.6194
      vertex 300 1222.88 110
      vertex 310 1222.88 65
    endloop
  endfacet
  facet normal 0 1 -0
    outer loop
      vertex 306.464 1222.88 63.5355
      vertex 300 1222.88 110
      vertex 308.087 1222.88 64.6194
    endloop
  endfacet
  facet normal 0 1 -0
    outer loop
      vertex 305.381 1222.88 61.9134
      vertex 300 1222.88 110
      vertex 306.464 1222.88 63.5355
    endloop
  endfacet
  facet normal 0 1 0
    outer loop
      vertex 300 1222.88 50
      vertex 305.381 1222.88 61.9134
      vertex 305 1222.88 60
    endloop
  endfacet
  facet normal 0 1 0
    outer loop
      vertex 300 1222.88 50
      vertex 310 1222.88 55
      vertex 320 1222.88 50
    endloop
  endfacet
  facet normal 0 1 0
    outer loop
      vertex 305.381 1222.88 61.9134
      vertex 300 1222.88 50
      vertex 300 1222.88 110
    endloop
  endfacet
  facet normal 0 1 0
    outer loop
      vertex 305.381 1222.88 58.0866
      vertex 300 1222.88 50
      vertex 305 1222.88 60
    endloop
  endfacet
  facet normal 0 1 0
    outer loop
      vertex 306.464 1222.88 56.4645
      vertex 300 1222.88 50
      vertex 305.381 1222.88 58.0866
    endloop
  endfacet
  facet normal 0 1 0
    outer loop
      vertex 308.087 1222.88 55.3806
      vertex 300 1222.88 50
      vertex 306.464 1222.88 56.4645
    endloop
  endfacet
  facet normal 0 1 0
    outer loop
      vertex 310 1222.88 55
      vertex 300 1222.88 50
      vertex 308.087 1222.88 55.3806
    endloop
  endfacet
  facet normal 0 1 -0
    outer loop
      vertex 330 1222.88 124.5
      vertex 310 1222.88 125
      vertex 330 1222.88 125
    endloop
  endfacet
  facet normal 0 1 0
    outer loop
      vertex 310 1222.88 125
      vertex 330 1222.88 124.5
      vertex 300 1222.88 110
    endloop
  endfacet
  facet normal 0 0 1
    outer loop
      vertex 350 1278.12 125.5
      vertex 348.087 1254.62 125.5
      vertex 350 1255 125.5
    endloop
  endfacet
  facet normal -0 0 1
    outer loop
      vertex 330 1278.12 125.5
      vertex 348.087 1254.62 125.5
      vertex 350 1278.12 125.5
    endloop
  endfacet
  facet normal 0 0 1
    outer loop
      vertex 348.087 1254.62 125.5
      vertex 330 1278.12 125.5
      vertex 346.464 1253.54 125.5
    endloop
  endfacet
  facet normal 0 0 1
    outer loop
      vertex 346.464 1253.54 125.5
      vertex 330 1278.12 125.5
      vertex 345.381 1251.91 125.5
    endloop
  endfacet
  facet normal 0 0 1
    outer loop
      vertex 345.381 1251.91 125.5
      vertex 330 1278.12 125.5
      vertex 345 1250 125.5
    endloop
  endfacet
  facet normal 0 0 1
    outer loop
      vertex 348.087 1245.38 125.5
      vertex 350 1221.88 125.5
      vertex 350 1245 125.5
    endloop
  endfacet
  facet normal 0 0 1
    outer loop
      vertex 330 1221.88 125.5
      vertex 348.087 1245.38 125.5
      vertex 346.464 1246.46 125.5
    endloop
  endfacet
  facet normal 0 0 1
    outer loop
      vertex 330 1221.88 125.5
      vertex 346.464 1246.46 125.5
      vertex 345.381 1248.09 125.5
    endloop
  endfacet
  facet normal 0 0 1
    outer loop
      vertex 330 1221.88 125.5
      vertex 345.381 1248.09 125.5
      vertex 345 1250 125.5
    endloop
  endfacet
  facet normal 0 0 1
    outer loop
      vertex 330 1221.88 125.5
      vertex 345 1250 125.5
      vertex 330 1278.12 125.5
    endloop
  endfacet
  facet normal 0 0 1
    outer loop
      vertex 348.087 1245.38 125.5
      vertex 330 1221.88 125.5
      vertex 350 1221.88 125.5
    endloop
  endfacet
  facet normal 0 0 -1
    outer loop
      vertex 330 1222.88 124.5
      vertex 350 1277.12 124.5
      vertex 350 1222.88 124.5
    endloop
  endfacet
  facet normal -0 0 -1
    outer loop
      vertex 350 1277.12 124.5
      vertex 330 1222.88 124.5
      vertex 330 1277.12 124.5
    endloop
  endfacet
  facet normal -1 0 0
    outer loop
      vertex 330 1277.12 124.5
      vertex 330 1222.88 124.5
      vertex 330 1277.12 125
    endloop
  endfacet
  facet normal -1 0 0
    outer loop
      vertex 330 1277.12 125
      vertex 330 1278.12 125.5
      vertex 330 1278.12 125
    endloop
  endfacet
  facet normal -1 0 0
    outer loop
      vertex 330 1222.88 125
      vertex 330 1277.12 125
      vertex 330 1222.88 124.5
    endloop
  endfacet
  facet normal -1 0 0
    outer loop
      vertex 330 1277.12 125
      vertex 330 1222.88 125
      vertex 330 1278.12 125.5
    endloop
  endfacet
  facet normal -1 0 0
    outer loop
      vertex 330 1221.88 125.5
      vertex 330 1222.88 125
      vertex 330 1221.88 125
    endloop
  endfacet
  facet normal -1 0 0
    outer loop
      vertex 330 1222.88 125
      vertex 330 1221.88 125.5
      vertex 330 1278.12 125.5
    endloop
  endfacet
  facet normal -0 0 1
    outer loop
      vertex 300 1280 130.5
      vertex 380 1200 130.5
      vertex 380 1280 130.5
    endloop
  endfacet
  facet normal 0 0 1
    outer loop
      vertex 380 1200 130.5
      vertex 300 1280 130.5
      vertex 300 1200 130.5
    endloop
  endfacet
  facet normal 0 0 -1
    outer loop
      vertex 400 1200 129.5
      vertex 355 1250 129.5
      vertex 400 1300 129.5
    endloop
  endfacet
  facet normal 0 0 -1
    outer loop
      vertex 400 1200 129.5
      vertex 354.619 1248.09 129.5
      vertex 355 1250 129.5
    endloop
  endfacet
  facet normal 0 0 -1
    outer loop
      vertex 400 1200 129.5
      vertex 353.536 1246.46 129.5
      vertex 354.619 1248.09 129.5
    endloop
  endfacet
  facet normal 0 0 -1
    outer loop
      vertex 400 1200 129.5
      vertex 351.913 1245.38 129.5
      vertex 353.536 1246.46 129.5
    endloop
  endfacet
  facet normal 0 0 -1
    outer loop
      vertex 400 1200 129.5
      vertex 350 1245 129.5
      vertex 351.913 1245.38 129.5
    endloop
  endfacet
  facet normal 0 0 -1
    outer loop
      vertex 300 1200 129.5
      vertex 350 1245 129.5
      vertex 400 1200 129.5
    endloop
  endfacet
  facet normal -0 0 -1
    outer loop
      vertex 350 1245 129.5
      vertex 300 1200 129.5
      vertex 348.087 1245.38 129.5
    endloop
  endfacet
  facet normal -0 0 -1
    outer loop
      vertex 345.381 1248.09 129.5
      vertex 300 1200 129.5
      vertex 345 1250 129.5
    endloop
  endfacet
  facet normal -0 0 -1
    outer loop
      vertex 346.464 1246.46 129.5
      vertex 300 1200 129.5
      vertex 345.381 1248.09 129.5
    endloop
  endfacet
  facet normal -0 0 -1
    outer loop
      vertex 348.087 1245.38 129.5
      vertex 300 1200 129.5
      vertex 346.464 1246.46 129.5
    endloop
  endfacet
  facet normal 0 0 -1
    outer loop
      vertex 354.619 1251.91 129.5
      vertex 400 1300 129.5
      vertex 355 1250 129.5
    endloop
  endfacet
  facet normal 0 0 -1
    outer loop
      vertex 353.536 1253.54 129.5
      vertex 400 1300 129.5
      vertex 354.619 1251.91 129.5
    endloop
  endfacet
  facet normal 0 0 -1
    outer loop
      vertex 351.913 1254.62 129.5
      vertex 400 1300 129.5
      vertex 353.536 1253.54 129.5
    endloop
  endfacet
  facet normal 0 0 -1
    outer loop
      vertex 350 1255 129.5
      vertex 400 1300 129.5
      vertex 351.913 1254.62 129.5
    endloop
  endfacet
  facet normal 0 0 -1
    outer loop
      vertex 300 1300 129.5
      vertex 350 1255 129.5
      vertex 348.087 1254.62 129.5
    endloop
  endfacet
  facet normal 0 0 -1
    outer loop
      vertex 300 1300 129.5
      vertex 348.087 1254.62 129.5
      vertex 346.464 1253.54 129.5
    endloop
  endfacet
  facet normal 0 0 -1
    outer loop
      vertex 300 1300 129.5
      vertex 345 1250 129.5
      vertex 300 1200 129.5
    endloop
  endfacet
  facet normal 0 0 -1
    outer loop
      vertex 345 1250 129.5
      vertex 300 1300 129.5
      vertex 345.381 1251.91 129.5
    endloop
  endfacet
  facet normal 0 0 -1
    outer loop
      vertex 350 1255 129.5
      vertex 300 1300 129.5
      vertex 400 1300 129.5
    endloop
  endfacet
  facet normal 0 0 -1
    outer loop
      vertex 345.381 1251.91 129.5
      vertex 300 1300 129.5
      vertex 346.464 1253.54 129.5
    endloop
  endfacet
  facet normal -1 0 0
    outer loop
      vertex 300 1300 129.5
      vertex 300 1280 130
      vertex 300 1300 130
    endloop
  endfacet
  facet normal -1 0 0
    outer loop
      vertex 300 1200 129.5
      vertex 300 1280 130
      vertex 300 1300 129.5
    endloop
  endfacet
  facet normal -1 0 0
    outer loop
      vertex 300 1200 129.5
      vertex 300 1280 130.5
      vertex 300 1280 130
    endloop
  endfacet
  facet normal -1 -0 0
    outer loop
      vertex 300 1280 130.5
      vertex 300 1200 129.5
      vertex 300 1200 130.5
    endloop
  endfacet
  facet normal 0 -1 0
    outer loop
      vertex 300 1200 130.5
      vertex 380 1200 130
      vertex 380 1200 130.5
    endloop
  endfacet
  facet normal 0 -1 0
    outer loop
      vertex 300 1200 129.5
      vertex 380 1200 130
      vertex 300 1200 130.5
    endloop
  endfacet
  facet normal 0 -1 0
    outer loop
      vertex 400 1200 129.5
      vertex 380 1200 130
      vertex 300 1200 129.5
    endloop
  endfacet
  facet normal 0 -1 0
    outer loop
      vertex 380 1200 130
      vertex 400 1200 129.5
      vertex 400 1200 130
    endloop
  endfacet
  facet normal -0.55399 0.832523 0
    outer loop
      vertex 348.087 1254.62 125.5
      vertex 346.464 1253.54 129.5
      vertex 348.087 1254.62 129.5
    endloop
  endfacet
  facet normal -0.55399 0.832523 0
    outer loop
      vertex 346.464 1253.54 129.5
      vertex 348.087 1254.62 125.5
      vertex 346.464 1253.54 125.5
    endloop
  endfacet
  facet normal 0.832914 0.553402 0
    outer loop
      vertex 354.619 1251.91 129.5
      vertex 353.536 1253.54 125
      vertex 353.536 1253.54 129.5
    endloop
  endfacet
  facet normal 0.832914 0.553402 0
    outer loop
      vertex 353.536 1253.54 125
      vertex 354.619 1251.91 129.5
      vertex 354.619 1251.91 125
    endloop
  endfacet
  facet normal 0.980679 0.195622 0
    outer loop
      vertex 355 1250 129.5
      vertex 354.619 1251.91 125
      vertex 354.619 1251.91 129.5
    endloop
  endfacet
  facet normal 0.980679 0.195622 0
    outer loop
      vertex 354.619 1251.91 125
      vertex 355 1250 129.5
      vertex 355 1250 125
    endloop
  endfacet
  facet normal -0.832914 0.553402 0
    outer loop
      vertex 345.381 1251.91 125.5
      vertex 346.464 1253.54 129.5
      vertex 346.464 1253.54 125.5
    endloop
  endfacet
  facet normal -0.832914 0.553402 0
    outer loop
      vertex 346.464 1253.54 129.5
      vertex 345.381 1251.91 125.5
      vertex 345.381 1251.91 129.5
    endloop
  endfacet
  facet normal -0.194834 -0.980836 0
    outer loop
      vertex 348.087 1245.38 125.5
      vertex 350 1245 129.5
      vertex 348.087 1245.38 129.5
    endloop
  endfacet
  facet normal -0.194834 -0.980836 -0
    outer loop
      vertex 350 1245 129.5
      vertex 348.087 1245.38 125.5
      vertex 350 1245 125.5
    endloop
  endfacet
  facet normal 0.194834 -0.980836 0
    outer loop
      vertex 350 1245 125.5
      vertex 351.913 1245.38 129.5
      vertex 350 1245 129.5
    endloop
  endfacet
  facet normal 0.194834 -0.980836 0
    outer loop
      vertex 351.913 1245.38 125
      vertex 350 1245 125.5
      vertex 350 1245 125
    endloop
  endfacet
  facet normal 0.194834 -0.980836 0
    outer loop
      vertex 350 1245 125.5
      vertex 351.913 1245.38 125
      vertex 351.913 1245.38 129.5
    endloop
  endfacet
  facet normal 0.55399 -0.832523 0
    outer loop
      vertex 351.913 1245.38 125
      vertex 353.536 1246.46 129.5
      vertex 351.913 1245.38 129.5
    endloop
  endfacet
  facet normal 0.55399 -0.832523 0
    outer loop
      vertex 353.536 1246.46 129.5
      vertex 351.913 1245.38 125
      vertex 353.536 1246.46 125
    endloop
  endfacet
  facet normal 0.832914 -0.553402 0
    outer loop
      vertex 353.536 1246.46 129.5
      vertex 354.619 1248.09 125
      vertex 354.619 1248.09 129.5
    endloop
  endfacet
  facet normal 0.832914 -0.553402 0
    outer loop
      vertex 354.619 1248.09 125
      vertex 353.536 1246.46 129.5
      vertex 353.536 1246.46 125
    endloop
  endfacet
  facet normal -0.980679 0.195622 0
    outer loop
      vertex 345 1250 125.5
      vertex 345.381 1251.91 129.5
      vertex 345.381 1251.91 125.5
    endloop
  endfacet
  facet normal -0.980679 0.195622 0
    outer loop
      vertex 345.381 1251.91 129.5
      vertex 345 1250 125.5
      vertex 345 1250 129.5
    endloop
  endfacet
  facet normal 0.980679 -0.195622 0
    outer loop
      vertex 354.619 1248.09 129.5
      vertex 355 1250 125
      vertex 355 1250 129.5
    endloop
  endfacet
  facet normal 0.980679 -0.195622 0
    outer loop
      vertex 355 1250 125
      vertex 354.619 1248.09 129.5
      vertex 354.619 1248.09 125
    endloop
  endfacet
  facet normal 0 0 -1
    outer loop
      vertex 354.619 1248.09 125
      vertex 354.619 1251.91 125
      vertex 355 1250 125
    endloop
  endfacet
  facet normal 0 0 -1
    outer loop
      vertex 353.536 1246.46 125
      vertex 354.619 1251.91 125
      vertex 354.619 1248.09 125
    endloop
  endfacet
  facet normal 0 0 -1
    outer loop
      vertex 353.536 1246.46 125
      vertex 353.536 1253.54 125
      vertex 354.619 1251.91 125
    endloop
  endfacet
  facet normal 0 0 -1
    outer loop
      vertex 351.913 1245.38 125
      vertex 353.536 1253.54 125
      vertex 353.536 1246.46 125
    endloop
  endfacet
  facet normal 0 0 -1
    outer loop
      vertex 351.913 1245.38 125
      vertex 351.913 1254.62 125
      vertex 353.536 1253.54 125
    endloop
  endfacet
  facet normal 0 0 -1
    outer loop
      vertex 350 1245 125
      vertex 351.913 1254.62 125
      vertex 351.913 1245.38 125
    endloop
  endfacet
  facet normal -0 0 -1
    outer loop
      vertex 351.913 1254.62 125
      vertex 350 1245 125
      vertex 350 1255 125
    endloop
  endfacet
  facet normal -0.194834 0.980836 0
    outer loop
      vertex 350 1255 125.5
      vertex 348.087 1254.62 129.5
      vertex 350 1255 129.5
    endloop
  endfacet
  facet normal -0.194834 0.980836 0
    outer loop
      vertex 348.087 1254.62 129.5
      vertex 350 1255 125.5
      vertex 348.087 1254.62 125.5
    endloop
  endfacet
  facet normal 0.194834 0.980836 0
    outer loop
      vertex 351.913 1254.62 129.5
      vertex 350 1255 125.5
      vertex 350 1255 129.5
    endloop
  endfacet
  facet normal 0.194834 0.980836 -0
    outer loop
      vertex 351.913 1254.62 125
      vertex 350 1255 125.5
      vertex 351.913 1254.62 129.5
    endloop
  endfacet
  facet normal 0.194834 0.980836 0
    outer loop
      vertex 350 1255 125.5
      vertex 351.913 1254.62 125
      vertex 350 1255 125
    endloop
  endfacet
  facet normal 0.55399 0.832523 -0
    outer loop
      vertex 353.536 1253.54 125
      vertex 351.913 1254.62 129.5
      vertex 353.536 1253.54 129.5
    endloop
  endfacet
  facet normal 0.55399 0.832523 0
    outer loop
      vertex 351.913 1254.62 129.5
      vertex 353.536 1253.54 125
      vertex 351.913 1254.62 125
    endloop
  endfacet
  facet normal -0.832914 -0.553402 0
    outer loop
      vertex 346.464 1246.46 125.5
      vertex 345.381 1248.09 129.5
      vertex 345.381 1248.09 125.5
    endloop
  endfacet
  facet normal -0.832914 -0.553402 0
    outer loop
      vertex 345.381 1248.09 129.5
      vertex 346.464 1246.46 125.5
      vertex 346.464 1246.46 129.5
    endloop
  endfacet
  facet normal -0.980679 -0.195622 0
    outer loop
      vertex 345.381 1248.09 125.5
      vertex 345 1250 129.5
      vertex 345 1250 125.5
    endloop
  endfacet
  facet normal -0.980679 -0.195622 0
    outer loop
      vertex 345 1250 129.5
      vertex 345.381 1248.09 125.5
      vertex 345.381 1248.09 129.5
    endloop
  endfacet
  facet normal -0.55399 -0.832523 0
    outer loop
      vertex 346.464 1246.46 125.5
      vertex 348.087 1245.38 129.5
      vertex 346.464 1246.46 129.5
    endloop
  endfacet
  facet normal -0.55399 -0.832523 -0
    outer loop
      vertex 348.087 1245.38 129.5
      vertex 346.464 1246.46 125.5
      vertex 348.087 1245.38 125.5
    endloop
  endfacet
  facet normal -0.555374 0 0.831601
    outer loop
      vertex 306.464 783.75 63.5355
      vertex 308.087 778.125 64.6194
      vertex 308.087 783.75 64.6194
    endloop
  endfacet
  facet normal -0.555374 0 0.831601
    outer loop
      vertex 308.087 778.125 64.6194
      vertex 306.464 783.75 63.5355
      vertex 306.464 778.125 63.5355
    endloop
  endfacet
  facet normal -0.555374 0 0.831601
    outer loop
      vertex 306.464 777.125 63.5355
      vertex 308.087 772.5 64.6194
      vertex 308.087 777.125 64.6194
    endloop
  endfacet
  facet normal -0.555374 0 0.831601
    outer loop
      vertex 308.087 772.5 64.6194
      vertex 306.464 777.125 63.5355
      vertex 306.464 772.5 63.5355
    endloop
  endfacet
  facet normal -0.555374 0 0.831601
    outer loop
      vertex 306.464 721.875 63.5355
      vertex 308.087 716.25 64.6194
      vertex 308.087 721.875 64.6194
    endloop
  endfacet
  facet normal -0.555374 0 0.831601
    outer loop
      vertex 308.087 716.25 64.6194
      vertex 306.464 721.875 63.5355
      vertex 306.464 716.25 63.5355
    endloop
  endfacet
  facet normal -0.555374 0 0.831601
    outer loop
      vertex 306.464 727.5 63.5355
      vertex 308.087 722.875 64.6194
      vertex 308.087 727.5 64.6194
    endloop
  endfacet
  facet normal -0.555374 0 0.831601
    outer loop
      vertex 308.087 722.875 64.6194
      vertex 306.464 727.5 63.5355
      vertex 306.464 722.875 63.5355
    endloop
  endfacet
  facet normal 0.831671 -0 0.555268
    outer loop
      vertex 313.536 778.125 63.5355
      vertex 314.619 783.75 61.9134
      vertex 313.536 783.75 63.5355
    endloop
  endfacet
  facet normal 0.831671 0 0.555268
    outer loop
      vertex 314.619 783.75 61.9134
      vertex 313.536 778.125 63.5355
      vertex 314.619 778.125 61.9134
    endloop
  endfacet
  facet normal 0.831671 -0 0.555268
    outer loop
      vertex 313.536 772.5 63.5355
      vertex 314.619 777.125 61.9134
      vertex 313.536 777.125 63.5355
    endloop
  endfacet
  facet normal 0.831671 0 0.555268
    outer loop
      vertex 314.619 777.125 61.9134
      vertex 313.536 772.5 63.5355
      vertex 314.619 772.5 61.9134
    endloop
  endfacet
  facet normal 0.831671 -0 0.555268
    outer loop
      vertex 313.536 716.25 63.5355
      vertex 314.619 721.875 61.9134
      vertex 313.536 721.875 63.5355
    endloop
  endfacet
  facet normal 0.831671 0 0.555268
    outer loop
      vertex 314.619 721.875 61.9134
      vertex 313.536 716.25 63.5355
      vertex 314.619 716.25 61.9134
    endloop
  endfacet
  facet normal 0.831671 -0 0.555268
    outer loop
      vertex 313.536 722.875 63.5355
      vertex 314.619 727.5 61.9134
      vertex 313.536 727.5 63.5355
    endloop
  endfacet
  facet normal 0.831671 0 0.555268
    outer loop
      vertex 314.619 727.5 61.9134
      vertex 313.536 722.875 63.5355
      vertex 314.619 722.875 61.9134
    endloop
  endfacet
  facet normal 0.980746 -0 0.195288
    outer loop
      vertex 314.619 778.125 61.9134
      vertex 315 783.75 60
      vertex 314.619 783.75 61.9134
    endloop
  endfacet
  facet normal 0.980746 0 0.195288
    outer loop
      vertex 315 783.75 60
      vertex 314.619 778.125 61.9134
      vertex 315 778.125 60
    endloop
  endfacet
  facet normal 0.980746 -0 0.195288
    outer loop
      vertex 314.619 772.5 61.9134
      vertex 315 777.125 60
      vertex 314.619 777.125 61.9134
    endloop
  endfacet
  facet normal 0.980746 0 0.195288
    outer loop
      vertex 315 777.125 60
      vertex 314.619 772.5 61.9134
      vertex 315 772.5 60
    endloop
  endfacet
  facet normal 0.980746 -0 0.195288
    outer loop
      vertex 314.619 716.25 61.9134
      vertex 315 721.875 60
      vertex 314.619 721.875 61.9134
    endloop
  endfacet
  facet normal 0.980746 0 0.195288
    outer loop
      vertex 315 721.875 60
      vertex 314.619 716.25 61.9134
      vertex 315 716.25 60
    endloop
  endfacet
  facet normal 0.980746 -0 0.195288
    outer loop
      vertex 314.619 722.875 61.9134
      vertex 315 727.5 60
      vertex 314.619 727.5 61.9134
    endloop
  endfacet
  facet normal 0.980746 0 0.195288
    outer loop
      vertex 315 727.5 60
      vertex 314.619 722.875 61.9134
      vertex 315 722.875 60
    endloop
  endfacet
  facet normal -0.831671 0 0.555268
    outer loop
      vertex 305.381 778.125 61.9134
      vertex 306.464 783.75 63.5355
      vertex 305.381 783.75 61.9134
    endloop
  endfacet
  facet normal -0.831671 0 0.555268
    outer loop
      vertex 306.464 783.75 63.5355
      vertex 305.381 778.125 61.9134
      vertex 306.464 778.125 63.5355
    endloop
  endfacet
  facet normal -0.831671 0 0.555268
    outer loop
      vertex 305.381 772.5 61.9134
      vertex 306.464 777.125 63.5355
      vertex 305.381 777.125 61.9134
    endloop
  endfacet
  facet normal -0.831671 0 0.555268
    outer loop
      vertex 306.464 777.125 63.5355
      vertex 305.381 772.5 61.9134
      vertex 306.464 772.5 63.5355
    endloop
  endfacet
  facet normal -0.831671 0 0.555268
    outer loop
      vertex 305.381 716.25 61.9134
      vertex 306.464 721.875 63.5355
      vertex 305.381 721.875 61.9134
    endloop
  endfacet
  facet normal -0.831671 0 0.555268
    outer loop
      vertex 306.464 721.875 63.5355
      vertex 305.381 716.25 61.9134
      vertex 306.464 716.25 63.5355
    endloop
  endfacet
  facet normal -0.831671 0 0.555268
    outer loop
      vertex 305.381 722.875 61.9134
      vertex 306.464 727.5 63.5355
      vertex 305.381 727.5 61.9134
    endloop
  endfacet
  facet normal -0.831671 0 0.555268
    outer loop
      vertex 306.464 727.5 63.5355
      vertex 305.381 722.875 61.9134
      vertex 306.464 722.875 63.5355
    endloop
  endfacet
  facet normal -0.19513 0 -0.980777
    outer loop
      vertex 308.087 778.125 55.3806
      vertex 310 783.75 55
      vertex 310 778.125 55
    endloop
  endfacet
  facet normal -0.19513 0 -0.980777
    outer loop
      vertex 310 783.75 55
      vertex 308.087 778.125 55.3806
      vertex 308.087 783.75 55.3806
    endloop
  endfacet
  facet normal -0.19513 0 -0.980777
    outer loop
      vertex 308.087 772.5 55.3806
      vertex 310 777.125 55
      vertex 310 772.5 55
    endloop
  endfacet
  facet normal -0.19513 0 -0.980777
    outer loop
      vertex 310 777.125 55
      vertex 308.087 772.5 55.3806
      vertex 308.087 777.125 55.3806
    endloop
  endfacet
  facet normal -0.19513 0 -0.980777
    outer loop
      vertex 308.087 716.25 55.3806
      vertex 310 721.875 55
      vertex 310 716.25 55
    endloop
  endfacet
  facet normal -0.19513 0 -0.980777
    outer loop
      vertex 310 721.875 55
      vertex 308.087 716.25 55.3806
      vertex 308.087 721.875 55.3806
    endloop
  endfacet
  facet normal -0.19513 0 -0.980777
    outer loop
      vertex 308.087 722.875 55.3806
      vertex 310 727.5 55
      vertex 310 722.875 55
    endloop
  endfacet
  facet normal -0.19513 0 -0.980777
    outer loop
      vertex 310 727.5 55
      vertex 308.087 722.875 55.3806
      vertex 308.087 727.5 55.3806
    endloop
  endfacet
  facet normal 0.19513 0 -0.980777
    outer loop
      vertex 310 778.125 55
      vertex 311.913 783.75 55.3806
      vertex 311.913 778.125 55.3806
    endloop
  endfacet
  facet normal 0.19513 0 -0.980777
    outer loop
      vertex 311.913 783.75 55.3806
      vertex 310 778.125 55
      vertex 310 783.75 55
    endloop
  endfacet
  facet normal 0.19513 0 -0.980777
    outer loop
      vertex 310 772.5 55
      vertex 311.913 777.125 55.3806
      vertex 311.913 772.5 55.3806
    endloop
  endfacet
  facet normal 0.19513 0 -0.980777
    outer loop
      vertex 311.913 777.125 55.3806
      vertex 310 772.5 55
      vertex 310 777.125 55
    endloop
  endfacet
  facet normal 0.19513 0 -0.980777
    outer loop
      vertex 310 716.25 55
      vertex 311.913 721.875 55.3806
      vertex 311.913 716.25 55.3806
    endloop
  endfacet
  facet normal 0.19513 0 -0.980777
    outer loop
      vertex 311.913 721.875 55.3806
      vertex 310 716.25 55
      vertex 310 721.875 55
    endloop
  endfacet
  facet normal 0.19513 0 -0.980777
    outer loop
      vertex 310 722.875 55
      vertex 311.913 727.5 55.3806
      vertex 311.913 722.875 55.3806
    endloop
  endfacet
  facet normal 0.19513 0 -0.980777
    outer loop
      vertex 311.913 727.5 55.3806
      vertex 310 722.875 55
      vertex 310 727.5 55
    endloop
  endfacet
  facet normal 0.555374 0 -0.831601
    outer loop
      vertex 311.913 778.125 55.3806
      vertex 313.536 783.75 56.4645
      vertex 313.536 778.125 56.4645
    endloop
  endfacet
  facet normal 0.555374 0 -0.831601
    outer loop
      vertex 313.536 783.75 56.4645
      vertex 311.913 778.125 55.3806
      vertex 311.913 783.75 55.3806
    endloop
  endfacet
  facet normal 0.555374 0 -0.831601
    outer loop
      vertex 311.913 772.5 55.3806
      vertex 313.536 777.125 56.4645
      vertex 313.536 772.5 56.4645
    endloop
  endfacet
  facet normal 0.555374 0 -0.831601
    outer loop
      vertex 313.536 777.125 56.4645
      vertex 311.913 772.5 55.3806
      vertex 311.913 777.125 55.3806
    endloop
  endfacet
  facet normal 0.555374 0 -0.831601
    outer loop
      vertex 311.913 716.25 55.3806
      vertex 313.536 721.875 56.4645
      vertex 313.536 716.25 56.4645
    endloop
  endfacet
  facet normal 0.555374 0 -0.831601
    outer loop
      vertex 313.536 721.875 56.4645
      vertex 311.913 716.25 55.3806
      vertex 311.913 721.875 55.3806
    endloop
  endfacet
  facet normal 0.555374 0 -0.831601
    outer loop
      vertex 311.913 722.875 55.3806
      vertex 313.536 727.5 56.4645
      vertex 313.536 722.875 56.4645
    endloop
  endfacet
  facet normal 0.555374 0 -0.831601
    outer loop
      vertex 313.536 727.5 56.4645
      vertex 311.913 722.875 55.3806
      vertex 311.913 727.5 55.3806
    endloop
  endfacet
  facet normal 0.831671 0 -0.555268
    outer loop
      vertex 314.619 716.25 58.0866
      vertex 313.536 721.875 56.4645
      vertex 314.619 721.875 58.0866
    endloop
  endfacet
  facet normal 0.831671 0 -0.555268
    outer loop
      vertex 313.536 721.875 56.4645
      vertex 314.619 716.25 58.0866
      vertex 313.536 716.25 56.4645
    endloop
  endfacet
  facet normal 0.831671 0 -0.555268
    outer loop
      vertex 314.619 722.875 58.0866
      vertex 313.536 727.5 56.4645
      vertex 314.619 727.5 58.0866
    endloop
  endfacet
  facet normal 0.831671 0 -0.555268
    outer loop
      vertex 313.536 727.5 56.4645
      vertex 314.619 722.875 58.0866
      vertex 313.536 722.875 56.4645
    endloop
  endfacet
  facet normal 0.831671 0 -0.555268
    outer loop
      vertex 314.619 778.125 58.0866
      vertex 313.536 783.75 56.4645
      vertex 314.619 783.75 58.0866
    endloop
  endfacet
  facet normal 0.831671 0 -0.555268
    outer loop
      vertex 313.536 783.75 56.4645
      vertex 314.619 778.125 58.0866
      vertex 313.536 778.125 56.4645
    endloop
  endfacet
  facet normal 0.831671 0 -0.555268
    outer loop
      vertex 314.619 772.5 58.0866
      vertex 313.536 777.125 56.4645
      vertex 314.619 777.125 58.0866
    endloop
  endfacet
  facet normal 0.831671 0 -0.555268
    outer loop
      vertex 313.536 777.125 56.4645
      vertex 314.619 772.5 58.0866
      vertex 313.536 772.5 56.4645
    endloop
  endfacet
  facet normal -0.980746 0 0.195288
    outer loop
      vertex 305 778.125 60
      vertex 305.381 783.75 61.9134
      vertex 305 783.75 60
    endloop
  endfacet
  facet normal -0.980746 0 0.195288
    outer loop
      vertex 305.381 783.75 61.9134
      vertex 305 778.125 60
      vertex 305.381 778.125 61.9134
    endloop
  endfacet
  facet normal -0.980746 0 0.195288
    outer loop
      vertex 305 772.5 60
      vertex 305.381 777.125 61.9134
      vertex 305 777.125 60
    endloop
  endfacet
  facet normal -0.980746 0 0.195288
    outer loop
      vertex 305.381 777.125 61.9134
      vertex 305 772.5 60
      vertex 305.381 772.5 61.9134
    endloop
  endfacet
  facet normal -0.980746 0 0.195288
    outer loop
      vertex 305 716.25 60
      vertex 305.381 721.875 61.9134
      vertex 305 721.875 60
    endloop
  endfacet
  facet normal -0.980746 0 0.195288
    outer loop
      vertex 305.381 721.875 61.9134
      vertex 305 716.25 60
      vertex 305.381 716.25 61.9134
    endloop
  endfacet
  facet normal -0.980746 0 0.195288
    outer loop
      vertex 305 722.875 60
      vertex 305.381 727.5 61.9134
      vertex 305 727.5 60
    endloop
  endfacet
  facet normal -0.980746 0 0.195288
    outer loop
      vertex 305.381 727.5 61.9134
      vertex 305 722.875 60
      vertex 305.381 722.875 61.9134
    endloop
  endfacet
  facet normal 0.980746 0 -0.195288
    outer loop
      vertex 315 778.125 60
      vertex 314.619 783.75 58.0866
      vertex 315 783.75 60
    endloop
  endfacet
  facet normal 0.980746 0 -0.195288
    outer loop
      vertex 314.619 783.75 58.0866
      vertex 315 778.125 60
      vertex 314.619 778.125 58.0866
    endloop
  endfacet
  facet normal 0.980746 0 -0.195288
    outer loop
      vertex 315 772.5 60
      vertex 314.619 777.125 58.0866
      vertex 315 777.125 60
    endloop
  endfacet
  facet normal 0.980746 0 -0.195288
    outer loop
      vertex 314.619 777.125 58.0866
      vertex 315 772.5 60
      vertex 314.619 772.5 58.0866
    endloop
  endfacet
  facet normal 0.980746 0 -0.195288
    outer loop
      vertex 315 716.25 60
      vertex 314.619 721.875 58.0866
      vertex 315 721.875 60
    endloop
  endfacet
  facet normal 0.980746 0 -0.195288
    outer loop
      vertex 314.619 721.875 58.0866
      vertex 315 716.25 60
      vertex 314.619 716.25 58.0866
    endloop
  endfacet
  facet normal 0.980746 0 -0.195288
    outer loop
      vertex 315 722.875 60
      vertex 314.619 727.5 58.0866
      vertex 315 727.5 60
    endloop
  endfacet
  facet normal 0.980746 0 -0.195288
    outer loop
      vertex 314.619 727.5 58.0866
      vertex 315 722.875 60
      vertex 314.619 722.875 58.0866
    endloop
  endfacet
  facet normal 0 1 0
    outer loop
      vertex 311.913 783.75 64.6194
      vertex 308.087 783.75 64.6194
      vertex 310 783.75 65
    endloop
  endfacet
  facet normal 0 1 0
    outer loop
      vertex 313.536 783.75 63.5355
      vertex 308.087 783.75 64.6194
      vertex 311.913 783.75 64.6194
    endloop
  endfacet
  facet normal 0 1 0
    outer loop
      vertex 313.536 783.75 63.5355
      vertex 306.464 783.75 63.5355
      vertex 308.087 783.75 64.6194
    endloop
  endfacet
  facet normal 0 1 0
    outer loop
      vertex 314.619 783.75 61.9134
      vertex 306.464 783.75 63.5355
      vertex 313.536 783.75 63.5355
    endloop
  endfacet
  facet normal 0 1 0
    outer loop
      vertex 314.619 783.75 61.9134
      vertex 305.381 783.75 61.9134
      vertex 306.464 783.75 63.5355
    endloop
  endfacet
  facet normal 0 1 0
    outer loop
      vertex 315 783.75 60
      vertex 305.381 783.75 61.9134
      vertex 314.619 783.75 61.9134
    endloop
  endfacet
  facet normal 0 1 0
    outer loop
      vertex 315 783.75 60
      vertex 305 783.75 60
      vertex 305.381 783.75 61.9134
    endloop
  endfacet
  facet normal 0 1 -0
    outer loop
      vertex 314.619 783.75 58.0866
      vertex 305 783.75 60
      vertex 315 783.75 60
    endloop
  endfacet
  facet normal 0 1 0
    outer loop
      vertex 314.619 783.75 58.0866
      vertex 305.381 783.75 58.0866
      vertex 305 783.75 60
    endloop
  endfacet
  facet normal 0 1 -0
    outer loop
      vertex 313.536 783.75 56.4645
      vertex 305.381 783.75 58.0866
      vertex 314.619 783.75 58.0866
    endloop
  endfacet
  facet normal 0 1 0
    outer loop
      vertex 313.536 783.75 56.4645
      vertex 306.464 783.75 56.4645
      vertex 305.381 783.75 58.0866
    endloop
  endfacet
  facet normal 0 1 -0
    outer loop
      vertex 311.913 783.75 55.3806
      vertex 306.464 783.75 56.4645
      vertex 313.536 783.75 56.4645
    endloop
  endfacet
  facet normal 0 1 0
    outer loop
      vertex 311.913 783.75 55.3806
      vertex 308.087 783.75 55.3806
      vertex 306.464 783.75 56.4645
    endloop
  endfacet
  facet normal -0 1 0
    outer loop
      vertex 308.087 783.75 55.3806
      vertex 311.913 783.75 55.3806
      vertex 310 783.75 55
    endloop
  endfacet
  facet normal -0.19513 0 0.980777
    outer loop
      vertex 308.087 721.875 64.6194
      vertex 310 716.25 65
      vertex 310 721.875 65
    endloop
  endfacet
  facet normal -0.19513 0 0.980777
    outer loop
      vertex 310 716.25 65
      vertex 308.087 721.875 64.6194
      vertex 308.087 716.25 64.6194
    endloop
  endfacet
  facet normal -0.19513 0 0.980777
    outer loop
      vertex 308.087 727.5 64.6194
      vertex 310 722.875 65
      vertex 310 727.5 65
    endloop
  endfacet
  facet normal -0.19513 0 0.980777
    outer loop
      vertex 310 722.875 65
      vertex 308.087 727.5 64.6194
      vertex 308.087 722.875 64.6194
    endloop
  endfacet
  facet normal -0.19513 0 0.980777
    outer loop
      vertex 308.087 783.75 64.6194
      vertex 310 778.125 65
      vertex 310 783.75 65
    endloop
  endfacet
  facet normal -0.19513 0 0.980777
    outer loop
      vertex 310 778.125 65
      vertex 308.087 783.75 64.6194
      vertex 308.087 778.125 64.6194
    endloop
  endfacet
  facet normal -0.19513 0 0.980777
    outer loop
      vertex 308.087 777.125 64.6194
      vertex 310 772.5 65
      vertex 310 777.125 65
    endloop
  endfacet
  facet normal -0.19513 0 0.980777
    outer loop
      vertex 310 772.5 65
      vertex 308.087 777.125 64.6194
      vertex 308.087 772.5 64.6194
    endloop
  endfacet
  facet normal 0.19513 0 0.980777
    outer loop
      vertex 310 721.875 65
      vertex 311.913 716.25 64.6194
      vertex 311.913 721.875 64.6194
    endloop
  endfacet
  facet normal 0.19513 0 0.980777
    outer loop
      vertex 311.913 716.25 64.6194
      vertex 310 721.875 65
      vertex 310 716.25 65
    endloop
  endfacet
  facet normal 0.19513 0 0.980777
    outer loop
      vertex 310 727.5 65
      vertex 311.913 722.875 64.6194
      vertex 311.913 727.5 64.6194
    endloop
  endfacet
  facet normal 0.19513 0 0.980777
    outer loop
      vertex 311.913 722.875 64.6194
      vertex 310 727.5 65
      vertex 310 722.875 65
    endloop
  endfacet
  facet normal 0.19513 0 0.980777
    outer loop
      vertex 310 783.75 65
      vertex 311.913 778.125 64.6194
      vertex 311.913 783.75 64.6194
    endloop
  endfacet
  facet normal 0.19513 0 0.980777
    outer loop
      vertex 311.913 778.125 64.6194
      vertex 310 783.75 65
      vertex 310 778.125 65
    endloop
  endfacet
  facet normal 0.19513 0 0.980777
    outer loop
      vertex 310 777.125 65
      vertex 311.913 772.5 64.6194
      vertex 311.913 777.125 64.6194
    endloop
  endfacet
  facet normal 0.19513 0 0.980777
    outer loop
      vertex 311.913 772.5 64.6194
      vertex 310 777.125 65
      vertex 310 772.5 65
    endloop
  endfacet
  facet normal 0.555374 0 0.831601
    outer loop
      vertex 311.913 721.875 64.6194
      vertex 313.536 716.25 63.5355
      vertex 313.536 721.875 63.5355
    endloop
  endfacet
  facet normal 0.555374 0 0.831601
    outer loop
      vertex 313.536 716.25 63.5355
      vertex 311.913 721.875 64.6194
      vertex 311.913 716.25 64.6194
    endloop
  endfacet
  facet normal 0.555374 0 0.831601
    outer loop
      vertex 311.913 727.5 64.6194
      vertex 313.536 722.875 63.5355
      vertex 313.536 727.5 63.5355
    endloop
  endfacet
  facet normal 0.555374 0 0.831601
    outer loop
      vertex 313.536 722.875 63.5355
      vertex 311.913 727.5 64.6194
      vertex 311.913 722.875 64.6194
    endloop
  endfacet
  facet normal 0.555374 0 0.831601
    outer loop
      vertex 311.913 783.75 64.6194
      vertex 313.536 778.125 63.5355
      vertex 313.536 783.75 63.5355
    endloop
  endfacet
  facet normal 0.555374 0 0.831601
    outer loop
      vertex 313.536 778.125 63.5355
      vertex 311.913 783.75 64.6194
      vertex 311.913 778.125 64.6194
    endloop
  endfacet
  facet normal 0.555374 0 0.831601
    outer loop
      vertex 311.913 777.125 64.6194
      vertex 313.536 772.5 63.5355
      vertex 313.536 777.125 63.5355
    endloop
  endfacet
  facet normal 0.555374 0 0.831601
    outer loop
      vertex 313.536 772.5 63.5355
      vertex 311.913 777.125 64.6194
      vertex 311.913 772.5 64.6194
    endloop
  endfacet
  facet normal -0.831671 0 -0.555268
    outer loop
      vertex 306.464 778.125 56.4645
      vertex 305.381 783.75 58.0866
      vertex 306.464 783.75 56.4645
    endloop
  endfacet
  facet normal -0.831671 -0 -0.555268
    outer loop
      vertex 305.381 783.75 58.0866
      vertex 306.464 778.125 56.4645
      vertex 305.381 778.125 58.0866
    endloop
  endfacet
  facet normal -0.831671 0 -0.555268
    outer loop
      vertex 306.464 772.5 56.4645
      vertex 305.381 777.125 58.0866
      vertex 306.464 777.125 56.4645
    endloop
  endfacet
  facet normal -0.831671 -0 -0.555268
    outer loop
      vertex 305.381 777.125 58.0866
      vertex 306.464 772.5 56.4645
      vertex 305.381 772.5 58.0866
    endloop
  endfacet
  facet normal -0.831671 0 -0.555268
    outer loop
      vertex 306.464 716.25 56.4645
      vertex 305.381 721.875 58.0866
      vertex 306.464 721.875 56.4645
    endloop
  endfacet
  facet normal -0.831671 -0 -0.555268
    outer loop
      vertex 305.381 721.875 58.0866
      vertex 306.464 716.25 56.4645
      vertex 305.381 716.25 58.0866
    endloop
  endfacet
  facet normal -0.831671 0 -0.555268
    outer loop
      vertex 306.464 722.875 56.4645
      vertex 305.381 727.5 58.0866
      vertex 306.464 727.5 56.4645
    endloop
  endfacet
  facet normal -0.831671 -0 -0.555268
    outer loop
      vertex 305.381 727.5 58.0866
      vertex 306.464 722.875 56.4645
      vertex 305.381 722.875 58.0866
    endloop
  endfacet
  facet normal 0 -1 0
    outer loop
      vertex 308.087 716.25 64.6194
      vertex 311.913 716.25 64.6194
      vertex 310 716.25 65
    endloop
  endfacet
  facet normal 0 -1 0
    outer loop
      vertex 306.464 716.25 63.5355
      vertex 311.913 716.25 64.6194
      vertex 308.087 716.25 64.6194
    endloop
  endfacet
  facet normal 0 -1 0
    outer loop
      vertex 306.464 716.25 63.5355
      vertex 313.536 716.25 63.5355
      vertex 311.913 716.25 64.6194
    endloop
  endfacet
  facet normal 0 -1 0
    outer loop
      vertex 305.381 716.25 61.9134
      vertex 313.536 716.25 63.5355
      vertex 306.464 716.25 63.5355
    endloop
  endfacet
  facet normal 0 -1 0
    outer loop
      vertex 305.381 716.25 61.9134
      vertex 314.619 716.25 61.9134
      vertex 313.536 716.25 63.5355
    endloop
  endfacet
  facet normal 0 -1 0
    outer loop
      vertex 305 716.25 60
      vertex 314.619 716.25 61.9134
      vertex 305.381 716.25 61.9134
    endloop
  endfacet
  facet normal 0 -1 0
    outer loop
      vertex 305 716.25 60
      vertex 315 716.25 60
      vertex 314.619 716.25 61.9134
    endloop
  endfacet
  facet normal 0 -1 0
    outer loop
      vertex 305.381 716.25 58.0866
      vertex 315 716.25 60
      vertex 305 716.25 60
    endloop
  endfacet
  facet normal 0 -1 0
    outer loop
      vertex 305.381 716.25 58.0866
      vertex 314.619 716.25 58.0866
      vertex 315 716.25 60
    endloop
  endfacet
  facet normal 0 -1 0
    outer loop
      vertex 306.464 716.25 56.4645
      vertex 314.619 716.25 58.0866
      vertex 305.381 716.25 58.0866
    endloop
  endfacet
  facet normal 0 -1 0
    outer loop
      vertex 306.464 716.25 56.4645
      vertex 313.536 716.25 56.4645
      vertex 314.619 716.25 58.0866
    endloop
  endfacet
  facet normal 0 -1 0
    outer loop
      vertex 308.087 716.25 55.3806
      vertex 313.536 716.25 56.4645
      vertex 306.464 716.25 56.4645
    endloop
  endfacet
  facet normal 0 -1 0
    outer loop
      vertex 308.087 716.25 55.3806
      vertex 311.913 716.25 55.3806
      vertex 313.536 716.25 56.4645
    endloop
  endfacet
  facet normal -0 -1 0
    outer loop
      vertex 311.913 716.25 55.3806
      vertex 308.087 716.25 55.3806
      vertex 310 716.25 55
    endloop
  endfacet
  facet normal -0.980746 0 -0.195288
    outer loop
      vertex 305.381 778.125 58.0866
      vertex 305 783.75 60
      vertex 305.381 783.75 58.0866
    endloop
  endfacet
  facet normal -0.980746 -0 -0.195288
    outer loop
      vertex 305 783.75 60
      vertex 305.381 778.125 58.0866
      vertex 305 778.125 60
    endloop
  endfacet
  facet normal -0.980746 0 -0.195288
    outer loop
      vertex 305.381 772.5 58.0866
      vertex 305 777.125 60
      vertex 305.381 777.125 58.0866
    endloop
  endfacet
  facet normal -0.980746 -0 -0.195288
    outer loop
      vertex 305 777.125 60
      vertex 305.381 772.5 58.0866
      vertex 305 772.5 60
    endloop
  endfacet
  facet normal -0.980746 0 -0.195288
    outer loop
      vertex 305.381 716.25 58.0866
      vertex 305 721.875 60
      vertex 305.381 721.875 58.0866
    endloop
  endfacet
  facet normal -0.980746 -0 -0.195288
    outer loop
      vertex 305 721.875 60
      vertex 305.381 716.25 58.0866
      vertex 305 716.25 60
    endloop
  endfacet
  facet normal -0.980746 0 -0.195288
    outer loop
      vertex 305.381 722.875 58.0866
      vertex 305 727.5 60
      vertex 305.381 727.5 58.0866
    endloop
  endfacet
  facet normal -0.980746 -0 -0.195288
    outer loop
      vertex 305 727.5 60
      vertex 305.381 722.875 58.0866
      vertex 305 722.875 60
    endloop
  endfacet
  facet normal -0.555374 0 -0.831601
    outer loop
      vertex 306.464 778.125 56.4645
      vertex 308.087 783.75 55.3806
      vertex 308.087 778.125 55.3806
    endloop
  endfacet
  facet normal -0.555374 0 -0.831601
    outer loop
      vertex 308.087 783.75 55.3806
      vertex 306.464 778.125 56.4645
      vertex 306.464 783.75 56.4645
    endloop
  endfacet
  facet normal -0.555374 0 -0.831601
    outer loop
      vertex 306.464 772.5 56.4645
      vertex 308.087 777.125 55.3806
      vertex 308.087 772.5 55.3806
    endloop
  endfacet
  facet normal -0.555374 0 -0.831601
    outer loop
      vertex 308.087 777.125 55.3806
      vertex 306.464 772.5 56.4645
      vertex 306.464 777.125 56.4645
    endloop
  endfacet
  facet normal -0.555374 0 -0.831601
    outer loop
      vertex 306.464 716.25 56.4645
      vertex 308.087 721.875 55.3806
      vertex 308.087 716.25 55.3806
    endloop
  endfacet
  facet normal -0.555374 0 -0.831601
    outer loop
      vertex 308.087 721.875 55.3806
      vertex 306.464 716.25 56.4645
      vertex 306.464 721.875 56.4645
    endloop
  endfacet
  facet normal -0.555374 0 -0.831601
    outer loop
      vertex 306.464 722.875 56.4645
      vertex 308.087 727.5 55.3806
      vertex 308.087 722.875 55.3806
    endloop
  endfacet
  facet normal -0.555374 0 -0.831601
    outer loop
      vertex 308.087 727.5 55.3806
      vertex 306.464 722.875 56.4645
      vertex 306.464 727.5 56.4645
    endloop
  endfacet
  facet normal -0.743153 0 -0.669122
    outer loop
      vertex 269.852 727.5 15.4113
      vertex 261.459 772.5 24.7329
      vertex 269.852 772.5 15.4113
    endloop
  endfacet
  facet normal -0.743153 -0 -0.669122
    outer loop
      vertex 261.459 772.5 24.7329
      vertex 269.852 727.5 15.4113
      vertex 261.459 727.5 24.7329
    endloop
  endfacet
  facet normal 0.95106 -0 0.309008
    outer loop
      vertex 364.813 727.5 84.4042
      vertex 368.689 772.5 72.4747
      vertex 364.813 772.5 84.4042
    endloop
  endfacet
  facet normal 0.95106 0 0.309008
    outer loop
      vertex 368.689 772.5 72.4747
      vertex 364.813 727.5 84.4042
      vertex 368.689 727.5 72.4747
    endloop
  endfacet
  facet normal 0.994523 -0 0.104517
    outer loop
      vertex 368.689 727.5 72.4747
      vertex 370 772.5 60
      vertex 368.689 772.5 72.4747
    endloop
  endfacet
  facet normal 0.994523 0 0.104517
    outer loop
      vertex 370 772.5 60
      vertex 368.689 727.5 72.4747
      vertex 370 727.5 60
    endloop
  endfacet
  facet normal 0.866015 -0 0.500018
    outer loop
      vertex 358.541 727.5 95.2671
      vertex 364.813 772.5 84.4042
      vertex 358.541 772.5 95.2671
    endloop
  endfacet
  facet normal 0.866015 0 0.500018
    outer loop
      vertex 364.813 772.5 84.4042
      vertex 358.541 727.5 95.2671
      vertex 364.813 727.5 84.4042
    endloop
  endfacet
  facet normal 0.95106 0 -0.309008
    outer loop
      vertex 368.689 727.5 47.5253
      vertex 364.813 772.5 35.5958
      vertex 368.689 772.5 47.5253
    endloop
  endfacet
  facet normal 0.95106 0 -0.309008
    outer loop
      vertex 364.813 772.5 35.5958
      vertex 368.689 727.5 47.5253
      vertex 364.813 727.5 35.5958
    endloop
  endfacet
  facet normal 0.587778 0 -0.809022
    outer loop
      vertex 340 727.5 8.03848
      vertex 350.148 772.5 15.4113
      vertex 350.148 727.5 15.4113
    endloop
  endfacet
  facet normal 0.587778 0 -0.809022
    outer loop
      vertex 350.148 772.5 15.4113
      vertex 340 727.5 8.03848
      vertex 340 772.5 8.03848
    endloop
  endfacet
  facet normal 0.743153 0 -0.669122
    outer loop
      vertex 358.541 727.5 24.7329
      vertex 350.148 772.5 15.4113
      vertex 358.541 772.5 24.7329
    endloop
  endfacet
  facet normal 0.743153 0 -0.669122
    outer loop
      vertex 350.148 772.5 15.4113
      vertex 358.541 727.5 24.7329
      vertex 350.148 727.5 15.4113
    endloop
  endfacet
  facet normal 0.994523 0 -0.104517
    outer loop
      vertex 370 727.5 60
      vertex 368.689 772.5 47.5253
      vertex 370 772.5 60
    endloop
  endfacet
  facet normal 0.994523 0 -0.104517
    outer loop
      vertex 368.689 772.5 47.5253
      vertex 370 727.5 60
      vertex 368.689 727.5 47.5253
    endloop
  endfacet
  facet normal -0.406736 0 -0.913546
    outer loop
      vertex 280 727.5 8.03848
      vertex 291.459 772.5 2.93661
      vertex 291.459 727.5 2.93661
    endloop
  endfacet
  facet normal -0.406736 0 -0.913546
    outer loop
      vertex 291.459 772.5 2.93661
      vertex 280 727.5 8.03848
      vertex 280 772.5 8.03848
    endloop
  endfacet
  facet normal 0.406678 0 0.913571
    outer loop
      vertex 328.541 772.5 117.063
      vertex 340 727.5 111.962
      vertex 340 772.5 111.962
    endloop
  endfacet
  facet normal 0.406678 0 0.913571
    outer loop
      vertex 340 727.5 111.962
      vertex 328.541 772.5 117.063
      vertex 328.541 727.5 117.063
    endloop
  endfacet
  facet normal 0.743164 -0 0.66911
    outer loop
      vertex 350.148 727.5 104.589
      vertex 358.541 772.5 95.2671
      vertex 350.148 772.5 104.589
    endloop
  endfacet
  facet normal 0.743164 0 0.66911
    outer loop
      vertex 358.541 772.5 95.2671
      vertex 350.148 727.5 104.589
      vertex 358.541 727.5 95.2671
    endloop
  endfacet
  facet normal -0.587778 0 -0.809022
    outer loop
      vertex 269.852 727.5 15.4113
      vertex 280 772.5 8.03848
      vertex 280 727.5 8.03848
    endloop
  endfacet
  facet normal -0.587778 0 -0.809022
    outer loop
      vertex 280 772.5 8.03848
      vertex 269.852 727.5 15.4113
      vertex 269.852 772.5 15.4113
    endloop
  endfacet
  facet normal -0.743164 0 0.66911
    outer loop
      vertex 261.459 727.5 95.2671
      vertex 269.852 772.5 104.589
      vertex 261.459 772.5 95.2671
    endloop
  endfacet
  facet normal -0.743164 0 0.66911
    outer loop
      vertex 269.852 772.5 104.589
      vertex 261.459 727.5 95.2671
      vertex 269.852 727.5 104.589
    endloop
  endfacet
  facet normal -0 0 1
    outer loop
      vertex 303.728 772.5 119.671
      vertex 316.272 727.5 119.671
      vertex 316.272 772.5 119.671
    endloop
  endfacet
  facet normal 0 0 1
    outer loop
      vertex 316.272 727.5 119.671
      vertex 303.728 772.5 119.671
      vertex 303.728 727.5 119.671
    endloop
  endfacet
  facet normal 0.406736 0 -0.913546
    outer loop
      vertex 328.541 727.5 2.93661
      vertex 340 772.5 8.03848
      vertex 340 727.5 8.03848
    endloop
  endfacet
  facet normal 0.406736 0 -0.913546
    outer loop
      vertex 340 772.5 8.03848
      vertex 328.541 727.5 2.93661
      vertex 328.541 772.5 2.93661
    endloop
  endfacet
  facet normal 0.207917 0 -0.978147
    outer loop
      vertex 316.272 727.5 0.328687
      vertex 328.541 772.5 2.93661
      vertex 328.541 727.5 2.93661
    endloop
  endfacet
  facet normal 0.207917 0 -0.978147
    outer loop
      vertex 328.541 772.5 2.93661
      vertex 316.272 727.5 0.328687
      vertex 316.272 772.5 0.328687
    endloop
  endfacet
  facet normal -0.95106 0 0.309008
    outer loop
      vertex 251.311 727.5 72.4747
      vertex 255.187 772.5 84.4042
      vertex 251.311 772.5 72.4747
    endloop
  endfacet
  facet normal -0.95106 0 0.309008
    outer loop
      vertex 255.187 772.5 84.4042
      vertex 251.311 727.5 72.4747
      vertex 255.187 727.5 84.4042
    endloop
  endfacet
  facet normal 0 1 0
    outer loop
      vertex 311.913 772.5 64.6194
      vertex 316.272 772.5 119.671
      vertex 328.541 772.5 117.063
    endloop
  endfacet
  facet normal 0 1 0
    outer loop
      vertex 316.272 772.5 119.671
      vertex 310 772.5 65
      vertex 303.728 772.5 119.671
    endloop
  endfacet
  facet normal 0 1 0
    outer loop
      vertex 311.913 772.5 64.6194
      vertex 328.541 772.5 117.063
      vertex 340 772.5 111.962
    endloop
  endfacet
  facet normal 0 1 -0
    outer loop
      vertex 308.087 772.5 64.6194
      vertex 303.728 772.5 119.671
      vertex 310 772.5 65
    endloop
  endfacet
  facet normal 0 1 0
    outer loop
      vertex 313.536 772.5 63.5355
      vertex 340 772.5 111.962
      vertex 350.148 772.5 104.589
    endloop
  endfacet
  facet normal 0 1 0
    outer loop
      vertex 303.728 772.5 119.671
      vertex 308.087 772.5 64.6194
      vertex 291.459 772.5 117.063
    endloop
  endfacet
  facet normal 0 1 0
    outer loop
      vertex 313.536 772.5 63.5355
      vertex 350.148 772.5 104.589
      vertex 358.541 772.5 95.2671
    endloop
  endfacet
  facet normal 0 1 0
    outer loop
      vertex 291.459 772.5 117.063
      vertex 308.087 772.5 64.6194
      vertex 280 772.5 111.962
    endloop
  endfacet
  facet normal 0 1 0
    outer loop
      vertex 314.619 772.5 61.9134
      vertex 358.541 772.5 95.2671
      vertex 364.813 772.5 84.4042
    endloop
  endfacet
  facet normal 0 1 -0
    outer loop
      vertex 306.464 772.5 63.5355
      vertex 280 772.5 111.962
      vertex 308.087 772.5 64.6194
    endloop
  endfacet
  facet normal 0 1 0
    outer loop
      vertex 314.619 772.5 61.9134
      vertex 364.813 772.5 84.4042
      vertex 368.689 772.5 72.4747
    endloop
  endfacet
  facet normal 0 1 0
    outer loop
      vertex 280 772.5 111.962
      vertex 306.464 772.5 63.5355
      vertex 269.852 772.5 104.589
    endloop
  endfacet
  facet normal 0 1 0
    outer loop
      vertex 269.852 772.5 104.589
      vertex 306.464 772.5 63.5355
      vertex 261.459 772.5 95.2671
    endloop
  endfacet
  facet normal 0 1 0
    outer loop
      vertex 316.272 772.5 119.671
      vertex 311.913 772.5 64.6194
      vertex 310 772.5 65
    endloop
  endfacet
  facet normal 0 1 0
    outer loop
      vertex 340 772.5 111.962
      vertex 313.536 772.5 63.5355
      vertex 311.913 772.5 64.6194
    endloop
  endfacet
  facet normal 0 1 0
    outer loop
      vertex 358.541 772.5 95.2671
      vertex 314.619 772.5 61.9134
      vertex 313.536 772.5 63.5355
    endloop
  endfacet
  facet normal 0 1 0
    outer loop
      vertex 315 772.5 60
      vertex 368.689 772.5 72.4747
      vertex 370 772.5 60
    endloop
  endfacet
  facet normal 0 1 0
    outer loop
      vertex 368.689 772.5 72.4747
      vertex 315 772.5 60
      vertex 314.619 772.5 61.9134
    endloop
  endfacet
  facet normal 0 1 -0
    outer loop
      vertex 368.689 772.5 47.5253
      vertex 315 772.5 60
      vertex 370 772.5 60
    endloop
  endfacet
  facet normal 0 1 0
    outer loop
      vertex 315 772.5 60
      vertex 368.689 772.5 47.5253
      vertex 314.619 772.5 58.0866
    endloop
  endfacet
  facet normal 0 1 -0
    outer loop
      vertex 364.813 772.5 35.5958
      vertex 314.619 772.5 58.0866
      vertex 368.689 772.5 47.5253
    endloop
  endfacet
  facet normal 0 1 -0
    outer loop
      vertex 358.541 772.5 24.7329
      vertex 314.619 772.5 58.0866
      vertex 364.813 772.5 35.5958
    endloop
  endfacet
  facet normal 0 1 0
    outer loop
      vertex 314.619 772.5 58.0866
      vertex 358.541 772.5 24.7329
      vertex 313.536 772.5 56.4645
    endloop
  endfacet
  facet normal 0 1 -0
    outer loop
      vertex 305.381 772.5 61.9134
      vertex 261.459 772.5 95.2671
      vertex 306.464 772.5 63.5355
    endloop
  endfacet
  facet normal 0 1 0
    outer loop
      vertex 261.459 772.5 95.2671
      vertex 305.381 772.5 61.9134
      vertex 255.187 772.5 84.4042
    endloop
  endfacet
  facet normal 0 1 0
    outer loop
      vertex 255.187 772.5 84.4042
      vertex 305.381 772.5 61.9134
      vertex 251.311 772.5 72.4747
    endloop
  endfacet
  facet normal 0 1 -0
    outer loop
      vertex 305 772.5 60
      vertex 251.311 772.5 72.4747
      vertex 305.381 772.5 61.9134
    endloop
  endfacet
  facet normal 0 1 0
    outer loop
      vertex 305 772.5 60
      vertex 250 772.5 60
      vertex 251.311 772.5 72.4747
    endloop
  endfacet
  facet normal 0 1 0
    outer loop
      vertex 251.311 772.5 47.5253
      vertex 305 772.5 60
      vertex 305.381 772.5 58.0866
    endloop
  endfacet
  facet normal 0 1 0
    outer loop
      vertex 261.459 772.5 24.7329
      vertex 305.381 772.5 58.0866
      vertex 306.464 772.5 56.4645
    endloop
  endfacet
  facet normal 0 1 0
    outer loop
      vertex 280 772.5 8.03848
      vertex 306.464 772.5 56.4645
      vertex 308.087 772.5 55.3806
    endloop
  endfacet
  facet normal 0 1 0
    outer loop
      vertex 303.728 772.5 0.328687
      vertex 308.087 772.5 55.3806
      vertex 310 772.5 55
    endloop
  endfacet
  facet normal 0 1 -0
    outer loop
      vertex 350.148 772.5 15.4113
      vertex 313.536 772.5 56.4645
      vertex 358.541 772.5 24.7329
    endloop
  endfacet
  facet normal 0 1 0
    outer loop
      vertex 305 772.5 60
      vertex 251.311 772.5 47.5253
      vertex 250 772.5 60
    endloop
  endfacet
  facet normal 0 1 -0
    outer loop
      vertex 340 772.5 8.03848
      vertex 313.536 772.5 56.4645
      vertex 350.148 772.5 15.4113
    endloop
  endfacet
  facet normal 0 1 0
    outer loop
      vertex 305.381 772.5 58.0866
      vertex 255.187 772.5 35.5958
      vertex 251.311 772.5 47.5253
    endloop
  endfacet
  facet normal 0 1 0
    outer loop
      vertex 313.536 772.5 56.4645
      vertex 340 772.5 8.03848
      vertex 311.913 772.5 55.3806
    endloop
  endfacet
  facet normal 0 1 0
    outer loop
      vertex 305.381 772.5 58.0866
      vertex 261.459 772.5 24.7329
      vertex 255.187 772.5 35.5958
    endloop
  endfacet
  facet normal 0 1 -0
    outer loop
      vertex 328.541 772.5 2.93661
      vertex 311.913 772.5 55.3806
      vertex 340 772.5 8.03848
    endloop
  endfacet
  facet normal 0 1 0
    outer loop
      vertex 306.464 772.5 56.4645
      vertex 269.852 772.5 15.4113
      vertex 261.459 772.5 24.7329
    endloop
  endfacet
  facet normal 0 1 -0
    outer loop
      vertex 316.272 772.5 0.328687
      vertex 311.913 772.5 55.3806
      vertex 328.541 772.5 2.93661
    endloop
  endfacet
  facet normal 0 1 0
    outer loop
      vertex 306.464 772.5 56.4645
      vertex 280 772.5 8.03848
      vertex 269.852 772.5 15.4113
    endloop
  endfacet
  facet normal 0 1 0
    outer loop
      vertex 311.913 772.5 55.3806
      vertex 316.272 772.5 0.328687
      vertex 310 772.5 55
    endloop
  endfacet
  facet normal 0 1 0
    outer loop
      vertex 308.087 772.5 55.3806
      vertex 291.459 772.5 2.93661
      vertex 280 772.5 8.03848
    endloop
  endfacet
  facet normal 0 1 0
    outer loop
      vertex 303.728 772.5 0.328687
      vertex 310 772.5 55
      vertex 316.272 772.5 0.328687
    endloop
  endfacet
  facet normal 0 1 0
    outer loop
      vertex 308.087 772.5 55.3806
      vertex 303.728 772.5 0.328687
      vertex 291.459 772.5 2.93661
    endloop
  endfacet
  facet normal -0.95106 0 -0.309008
    outer loop
      vertex 255.187 727.5 35.5958
      vertex 251.311 772.5 47.5253
      vertex 255.187 772.5 35.5958
    endloop
  endfacet
  facet normal -0.95106 -0 -0.309008
    outer loop
      vertex 251.311 772.5 47.5253
      vertex 255.187 727.5 35.5958
      vertex 251.311 727.5 47.5253
    endloop
  endfacet
  facet normal -0.406678 0 0.913571
    outer loop
      vertex 280 772.5 111.962
      vertex 291.459 727.5 117.063
      vertex 291.459 772.5 117.063
    endloop
  endfacet
  facet normal -0.406678 0 0.913571
    outer loop
      vertex 291.459 727.5 117.063
      vertex 280 772.5 111.962
      vertex 280 727.5 111.962
    endloop
  endfacet
  facet normal 0 -1 0
    outer loop
      vertex 308.087 727.5 64.6194
      vertex 303.728 727.5 119.671
      vertex 291.459 727.5 117.063
    endloop
  endfacet
  facet normal 0 -1 0
    outer loop
      vertex 303.728 727.5 119.671
      vertex 310 727.5 65
      vertex 316.272 727.5 119.671
    endloop
  endfacet
  facet normal 0 -1 0
    outer loop
      vertex 308.087 727.5 64.6194
      vertex 291.459 727.5 117.063
      vertex 280 727.5 111.962
    endloop
  endfacet
  facet normal 0 -1 0
    outer loop
      vertex 311.913 727.5 64.6194
      vertex 316.272 727.5 119.671
      vertex 310 727.5 65
    endloop
  endfacet
  facet normal 0 -1 0
    outer loop
      vertex 306.464 727.5 63.5355
      vertex 280 727.5 111.962
      vertex 269.852 727.5 104.589
    endloop
  endfacet
  facet normal 0 -1 -0
    outer loop
      vertex 316.272 727.5 119.671
      vertex 311.913 727.5 64.6194
      vertex 328.541 727.5 117.063
    endloop
  endfacet
  facet normal 0 -1 0
    outer loop
      vertex 306.464 727.5 63.5355
      vertex 269.852 727.5 104.589
      vertex 261.459 727.5 95.2671
    endloop
  endfacet
  facet normal 0 -1 -0
    outer loop
      vertex 328.541 727.5 117.063
      vertex 311.913 727.5 64.6194
      vertex 340 727.5 111.962
    endloop
  endfacet
  facet normal 0 -1 0
    outer loop
      vertex 305.381 727.5 61.9134
      vertex 261.459 727.5 95.2671
      vertex 255.187 727.5 84.4042
    endloop
  endfacet
  facet normal 0 -1 0
    outer loop
      vertex 313.536 727.5 63.5355
      vertex 340 727.5 111.962
      vertex 311.913 727.5 64.6194
    endloop
  endfacet
  facet normal 0 -1 0
    outer loop
      vertex 305.381 727.5 61.9134
      vertex 255.187 727.5 84.4042
      vertex 251.311 727.5 72.4747
    endloop
  endfacet
  facet normal 0 -1 -0
    outer loop
      vertex 340 727.5 111.962
      vertex 313.536 727.5 63.5355
      vertex 350.148 727.5 104.589
    endloop
  endfacet
  facet normal 0 -1 -0
    outer loop
      vertex 350.148 727.5 104.589
      vertex 313.536 727.5 63.5355
      vertex 358.541 727.5 95.2671
    endloop
  endfacet
  facet normal 0 -1 0
    outer loop
      vertex 303.728 727.5 119.671
      vertex 308.087 727.5 64.6194
      vertex 310 727.5 65
    endloop
  endfacet
  facet normal 0 -1 0
    outer loop
      vertex 280 727.5 111.962
      vertex 306.464 727.5 63.5355
      vertex 308.087 727.5 64.6194
    endloop
  endfacet
  facet normal 0 -1 0
    outer loop
      vertex 261.459 727.5 95.2671
      vertex 305.381 727.5 61.9134
      vertex 306.464 727.5 63.5355
    endloop
  endfacet
  facet normal 0 -1 0
    outer loop
      vertex 305 727.5 60
      vertex 251.311 727.5 72.4747
      vertex 250 727.5 60
    endloop
  endfacet
  facet normal 0 -1 0
    outer loop
      vertex 251.311 727.5 72.4747
      vertex 305 727.5 60
      vertex 305.381 727.5 61.9134
    endloop
  endfacet
  facet normal 0 -1 0
    outer loop
      vertex 251.311 727.5 47.5253
      vertex 305 727.5 60
      vertex 250 727.5 60
    endloop
  endfacet
  facet normal 0 -1 -0
    outer loop
      vertex 305 727.5 60
      vertex 251.311 727.5 47.5253
      vertex 305.381 727.5 58.0866
    endloop
  endfacet
  facet normal 0 -1 0
    outer loop
      vertex 255.187 727.5 35.5958
      vertex 305.381 727.5 58.0866
      vertex 251.311 727.5 47.5253
    endloop
  endfacet
  facet normal 0 -1 0
    outer loop
      vertex 261.459 727.5 24.7329
      vertex 305.381 727.5 58.0866
      vertex 255.187 727.5 35.5958
    endloop
  endfacet
  facet normal 0 -1 -0
    outer loop
      vertex 305.381 727.5 58.0866
      vertex 261.459 727.5 24.7329
      vertex 306.464 727.5 56.4645
    endloop
  endfacet
  facet normal 0 -1 0
    outer loop
      vertex 314.619 727.5 61.9134
      vertex 358.541 727.5 95.2671
      vertex 313.536 727.5 63.5355
    endloop
  endfacet
  facet normal 0 -1 -0
    outer loop
      vertex 358.541 727.5 95.2671
      vertex 314.619 727.5 61.9134
      vertex 364.813 727.5 84.4042
    endloop
  endfacet
  facet normal 0 -1 -0
    outer loop
      vertex 364.813 727.5 84.4042
      vertex 314.619 727.5 61.9134
      vertex 368.689 727.5 72.4747
    endloop
  endfacet
  facet normal 0 -1 0
    outer loop
      vertex 315 727.5 60
      vertex 368.689 727.5 72.4747
      vertex 314.619 727.5 61.9134
    endloop
  endfacet
  facet normal 0 -1 0
    outer loop
      vertex 315 727.5 60
      vertex 370 727.5 60
      vertex 368.689 727.5 72.4747
    endloop
  endfacet
  facet normal 0 -1 0
    outer loop
      vertex 368.689 727.5 47.5253
      vertex 315 727.5 60
      vertex 314.619 727.5 58.0866
    endloop
  endfacet
  facet normal 0 -1 0
    outer loop
      vertex 358.541 727.5 24.7329
      vertex 314.619 727.5 58.0866
      vertex 313.536 727.5 56.4645
    endloop
  endfacet
  facet normal 0 -1 0
    outer loop
      vertex 340 727.5 8.03848
      vertex 313.536 727.5 56.4645
      vertex 311.913 727.5 55.3806
    endloop
  endfacet
  facet normal 0 -1 0
    outer loop
      vertex 316.272 727.5 0.328687
      vertex 311.913 727.5 55.3806
      vertex 310 727.5 55
    endloop
  endfacet
  facet normal 0 -1 0
    outer loop
      vertex 269.852 727.5 15.4113
      vertex 306.464 727.5 56.4645
      vertex 261.459 727.5 24.7329
    endloop
  endfacet
  facet normal 0 -1 0
    outer loop
      vertex 315 727.5 60
      vertex 368.689 727.5 47.5253
      vertex 370 727.5 60
    endloop
  endfacet
  facet normal 0 -1 0
    outer loop
      vertex 280 727.5 8.03848
      vertex 306.464 727.5 56.4645
      vertex 269.852 727.5 15.4113
    endloop
  endfacet
  facet normal 0 -1 0
    outer loop
      vertex 314.619 727.5 58.0866
      vertex 364.813 727.5 35.5958
      vertex 368.689 727.5 47.5253
    endloop
  endfacet
  facet normal 0 -1 -0
    outer loop
      vertex 306.464 727.5 56.4645
      vertex 280 727.5 8.03848
      vertex 308.087 727.5 55.3806
    endloop
  endfacet
  facet normal 0 -1 0
    outer loop
      vertex 314.619 727.5 58.0866
      vertex 358.541 727.5 24.7329
      vertex 364.813 727.5 35.5958
    endloop
  endfacet
  facet normal 0 -1 0
    outer loop
      vertex 291.459 727.5 2.93661
      vertex 308.087 727.5 55.3806
      vertex 280 727.5 8.03848
    endloop
  endfacet
  facet normal 0 -1 0
    outer loop
      vertex 313.536 727.5 56.4645
      vertex 350.148 727.5 15.4113
      vertex 358.541 727.5 24.7329
    endloop
  endfacet
  facet normal 0 -1 0
    outer loop
      vertex 303.728 727.5 0.328687
      vertex 308.087 727.5 55.3806
      vertex 291.459 727.5 2.93661
    endloop
  endfacet
  facet normal 0 -1 0
    outer loop
      vertex 313.536 727.5 56.4645
      vertex 340 727.5 8.03848
      vertex 350.148 727.5 15.4113
    endloop
  endfacet
  facet normal 0 -1 -0
    outer loop
      vertex 308.087 727.5 55.3806
      vertex 303.728 727.5 0.328687
      vertex 310 727.5 55
    endloop
  endfacet
  facet normal 0 -1 0
    outer loop
      vertex 311.913 727.5 55.3806
      vertex 328.541 727.5 2.93661
      vertex 340 727.5 8.03848
    endloop
  endfacet
  facet normal 0 -1 0
    outer loop
      vertex 316.272 727.5 0.328687
      vertex 310 727.5 55
      vertex 303.728 727.5 0.328687
    endloop
  endfacet
  facet normal 0 -1 0
    outer loop
      vertex 311.913 727.5 55.3806
      vertex 316.272 727.5 0.328687
      vertex 328.541 727.5 2.93661
    endloop
  endfacet
  facet normal -0.207917 0 -0.978147
    outer loop
      vertex 291.459 727.5 2.93661
      vertex 303.728 772.5 0.328687
      vertex 303.728 727.5 0.328687
    endloop
  endfacet
  facet normal -0.207917 0 -0.978147
    outer loop
      vertex 303.728 772.5 0.328687
      vertex 291.459 727.5 2.93661
      vertex 291.459 772.5 2.93661
    endloop
  endfacet
  facet normal 0.207923 0 0.978145
    outer loop
      vertex 316.272 772.5 119.671
      vertex 328.541 727.5 117.063
      vertex 328.541 772.5 117.063
    endloop
  endfacet
  facet normal 0.207923 0 0.978145
    outer loop
      vertex 328.541 727.5 117.063
      vertex 316.272 772.5 119.671
      vertex 316.272 727.5 119.671
    endloop
  endfacet
  facet normal -0.994523 0 -0.104517
    outer loop
      vertex 251.311 727.5 47.5253
      vertex 250 772.5 60
      vertex 251.311 772.5 47.5253
    endloop
  endfacet
  facet normal -0.994523 -0 -0.104517
    outer loop
      vertex 250 772.5 60
      vertex 251.311 727.5 47.5253
      vertex 250 727.5 60
    endloop
  endfacet
  facet normal -0.866015 0 -0.500018
    outer loop
      vertex 261.459 727.5 24.7329
      vertex 255.187 772.5 35.5958
      vertex 261.459 772.5 24.7329
    endloop
  endfacet
  facet normal -0.866015 -0 -0.500018
    outer loop
      vertex 255.187 772.5 35.5958
      vertex 261.459 727.5 24.7329
      vertex 255.187 727.5 35.5958
    endloop
  endfacet
  facet normal -0.866015 0 0.500018
    outer loop
      vertex 255.187 727.5 84.4042
      vertex 261.459 772.5 95.2671
      vertex 255.187 772.5 84.4042
    endloop
  endfacet
  facet normal -0.866015 0 0.500018
    outer loop
      vertex 261.459 772.5 95.2671
      vertex 255.187 727.5 84.4042
      vertex 261.459 727.5 95.2671
    endloop
  endfacet
  facet normal 0.866015 0 -0.500018
    outer loop
      vertex 364.813 727.5 35.5958
      vertex 358.541 772.5 24.7329
      vertex 364.813 772.5 35.5958
    endloop
  endfacet
  facet normal 0.866015 0 -0.500018
    outer loop
      vertex 358.541 772.5 24.7329
      vertex 364.813 727.5 35.5958
      vertex 358.541 727.5 24.7329
    endloop
  endfacet
  facet normal 0.587788 0 0.809015
    outer loop
      vertex 340 772.5 111.962
      vertex 350.148 727.5 104.589
      vertex 350.148 772.5 104.589
    endloop
  endfacet
  facet normal 0.587788 0 0.809015
    outer loop
      vertex 350.148 727.5 104.589
      vertex 340 772.5 111.962
      vertex 340 727.5 111.962
    endloop
  endfacet
  facet normal -0.587788 0 0.809015
    outer loop
      vertex 269.852 772.5 104.589
      vertex 280 727.5 111.962
      vertex 280 772.5 111.962
    endloop
  endfacet
  facet normal -0.587788 0 0.809015
    outer loop
      vertex 280 727.5 111.962
      vertex 269.852 772.5 104.589
      vertex 269.852 727.5 104.589
    endloop
  endfacet
  facet normal -0.207923 0 0.978145
    outer loop
      vertex 291.459 772.5 117.063
      vertex 303.728 727.5 119.671
      vertex 303.728 772.5 119.671
    endloop
  endfacet
  facet normal -0.207923 0 0.978145
    outer loop
      vertex 303.728 727.5 119.671
      vertex 291.459 772.5 117.063
      vertex 291.459 727.5 117.063
    endloop
  endfacet
  facet normal 0 0 -1
    outer loop
      vertex 303.728 727.5 0.328687
      vertex 316.272 772.5 0.328687
      vertex 316.272 727.5 0.328687
    endloop
  endfacet
  facet normal -0 0 -1
    outer loop
      vertex 316.272 772.5 0.328687
      vertex 303.728 727.5 0.328687
      vertex 303.728 772.5 0.328687
    endloop
  endfacet
  facet normal -0.994523 0 0.104517
    outer loop
      vertex 250 727.5 60
      vertex 251.311 772.5 72.4747
      vertex 250 772.5 60
    endloop
  endfacet
  facet normal -0.994523 0 0.104517
    outer loop
      vertex 251.311 772.5 72.4747
      vertex 250 727.5 60
      vertex 251.311 727.5 72.4747
    endloop
  endfacet
  facet normal -1 0 0
    outer loop
      vertex 300 777.125 50
      vertex 300 778.125 110
      vertex 300 778.125 50
    endloop
  endfacet
  facet normal -1 -0 0
    outer loop
      vertex 300 778.125 110
      vertex 300 777.125 50
      vertex 300 777.125 110
    endloop
  endfacet
  facet normal 0 -1 0
    outer loop
      vertex 310 777.125 125
      vertex 330 777.125 124.5
      vertex 330 777.125 125
    endloop
  endfacet
  facet normal 0 -1 0
    outer loop
      vertex 300 777.125 110
      vertex 330 777.125 124.5
      vertex 310 777.125 125
    endloop
  endfacet
  facet normal 0 -1 0
    outer loop
      vertex 350 777.125 105
      vertex 330 777.125 124.5
      vertex 300 777.125 110
    endloop
  endfacet
  facet normal 0 -1 0
    outer loop
      vertex 330 777.125 124.5
      vertex 350 777.125 105
      vertex 350 777.125 124.5
    endloop
  endfacet
  facet normal 0 -1 0
    outer loop
      vertex 311.913 777.125 64.6194
      vertex 300 777.125 110
      vertex 310 777.125 65
    endloop
  endfacet
  facet normal 0 -1 0
    outer loop
      vertex 300 777.125 110
      vertex 308.087 777.125 64.6194
      vertex 310 777.125 65
    endloop
  endfacet
  facet normal 0 -1 0
    outer loop
      vertex 300 777.125 110
      vertex 306.464 777.125 63.5355
      vertex 308.087 777.125 64.6194
    endloop
  endfacet
  facet normal 0 -1 0
    outer loop
      vertex 300 777.125 110
      vertex 305.381 777.125 61.9134
      vertex 306.464 777.125 63.5355
    endloop
  endfacet
  facet normal 0 -1 0
    outer loop
      vertex 300 777.125 50
      vertex 305.381 777.125 61.9134
      vertex 300 777.125 110
    endloop
  endfacet
  facet normal 0 -1 -0
    outer loop
      vertex 308.087 777.125 55.3806
      vertex 300 777.125 50
      vertex 310 777.125 55
    endloop
  endfacet
  facet normal 0 -1 -0
    outer loop
      vertex 306.464 777.125 56.4645
      vertex 300 777.125 50
      vertex 308.087 777.125 55.3806
    endloop
  endfacet
  facet normal 0 -1 -0
    outer loop
      vertex 305.381 777.125 58.0866
      vertex 300 777.125 50
      vertex 306.464 777.125 56.4645
    endloop
  endfacet
  facet normal 0 -1 -0
    outer loop
      vertex 305 777.125 60
      vertex 300 777.125 50
      vertex 305.381 777.125 58.0866
    endloop
  endfacet
  facet normal 0 -1 0
    outer loop
      vertex 305.381 777.125 61.9134
      vertex 300 777.125 50
      vertex 305 777.125 60
    endloop
  endfacet
  facet normal 0 -1 0
    outer loop
      vertex 300 777.125 110
      vertex 311.913 777.125 64.6194
      vertex 350 777.125 105
    endloop
  endfacet
  facet normal 0 -1 0
    outer loop
      vertex 313.536 777.125 63.5355
      vertex 350 777.125 105
      vertex 311.913 777.125 64.6194
    endloop
  endfacet
  facet normal 0 -1 0
    outer loop
      vertex 314.619 777.125 61.9134
      vertex 350 777.125 105
      vertex 313.536 777.125 63.5355
    endloop
  endfacet
  facet normal 0 -1 0
    outer loop
      vertex 320 777.125 50
      vertex 314.619 777.125 61.9134
      vertex 315 777.125 60
    endloop
  endfacet
  facet normal 0 -1 0
    outer loop
      vertex 320 777.125 50
      vertex 315 777.125 60
      vertex 314.619 777.125 58.0866
    endloop
  endfacet
  facet normal 0 -1 0
    outer loop
      vertex 320 777.125 50
      vertex 314.619 777.125 58.0866
      vertex 313.536 777.125 56.4645
    endloop
  endfacet
  facet normal 0 -1 0
    outer loop
      vertex 320 777.125 50
      vertex 310 777.125 55
      vertex 300 777.125 50
    endloop
  endfacet
  facet normal 0 -1 0
    outer loop
      vertex 314.619 777.125 61.9134
      vertex 320 777.125 50
      vertex 350 777.125 105
    endloop
  endfacet
  facet normal 0 -1 0
    outer loop
      vertex 311.913 777.125 55.3806
      vertex 320 777.125 50
      vertex 313.536 777.125 56.4645
    endloop
  endfacet
  facet normal 0 -1 0
    outer loop
      vertex 310 777.125 55
      vertex 320 777.125 50
      vertex 311.913 777.125 55.3806
    endloop
  endfacet
  facet normal 1 0 0
    outer loop
      vertex 350 745 125.5
      vertex 350 722.875 124.5
      vertex 350 745 125
    endloop
  endfacet
  facet normal 1 -0 0
    outer loop
      vertex 350 721.875 125.5
      vertex 350 722.875 124.5
      vertex 350 745 125.5
    endloop
  endfacet
  facet normal 1 0 0
    outer loop
      vertex 350 721.875 105
      vertex 350 722.875 124.5
      vertex 350 721.875 125.5
    endloop
  endfacet
  facet normal 1 0 0
    outer loop
      vertex 350 722.875 124.5
      vertex 350 721.875 105
      vertex 350 722.875 105
    endloop
  endfacet
  facet normal 1 0 0
    outer loop
      vertex 350 778.125 125.5
      vertex 350 777.125 124.5
      vertex 350 778.125 105
    endloop
  endfacet
  facet normal 1 -0 0
    outer loop
      vertex 350 755 125.5
      vertex 350 777.125 124.5
      vertex 350 778.125 125.5
    endloop
  endfacet
  facet normal 1 -0 0
    outer loop
      vertex 350 755 125
      vertex 350 777.125 124.5
      vertex 350 755 125.5
    endloop
  endfacet
  facet normal 1 -0 0
    outer loop
      vertex 350 745 125
      vertex 350 777.125 124.5
      vertex 350 755 125
    endloop
  endfacet
  facet normal 1 0 0
    outer loop
      vertex 350 777.125 124.5
      vertex 350 745 125
      vertex 350 722.875 124.5
    endloop
  endfacet
  facet normal 1 0 0
    outer loop
      vertex 350 778.125 105
      vertex 350 777.125 124.5
      vertex 350 777.125 105
    endloop
  endfacet
  facet normal -0.83205 0 0.5547
    outer loop
      vertex 300 777.125 110
      vertex 310 778.125 125
      vertex 300 778.125 110
    endloop
  endfacet
  facet normal -0.83205 0 0.5547
    outer loop
      vertex 310 778.125 125
      vertex 300 777.125 110
      vertex 310 777.125 125
    endloop
  endfacet
  facet normal -0 0 1
    outer loop
      vertex 310 778.125 125
      vertex 330 777.125 125
      vertex 330 778.125 125
    endloop
  endfacet
  facet normal 0 0 1
    outer loop
      vertex 330 777.125 125
      vertex 310 778.125 125
      vertex 310 777.125 125
    endloop
  endfacet
  facet normal 0 0 -1
    outer loop
      vertex 300 777.125 50
      vertex 320 778.125 50
      vertex 320 777.125 50
    endloop
  endfacet
  facet normal -0 0 -1
    outer loop
      vertex 320 778.125 50
      vertex 300 777.125 50
      vertex 300 778.125 50
    endloop
  endfacet
  facet normal 0.877896 0 -0.478852
    outer loop
      vertex 350 777.125 105
      vertex 320 778.125 50
      vertex 350 778.125 105
    endloop
  endfacet
  facet normal 0.877896 0 -0.478852
    outer loop
      vertex 320 778.125 50
      vertex 350 777.125 105
      vertex 320 777.125 50
    endloop
  endfacet
  facet normal 0 1 0
    outer loop
      vertex 300 778.125 110
      vertex 311.913 778.125 64.6194
      vertex 310 778.125 65
    endloop
  endfacet
  facet normal 0 1 0
    outer loop
      vertex 350 778.125 105
      vertex 313.536 778.125 63.5355
      vertex 311.913 778.125 64.6194
    endloop
  endfacet
  facet normal 0 1 0
    outer loop
      vertex 350 778.125 105
      vertex 314.619 778.125 61.9134
      vertex 313.536 778.125 63.5355
    endloop
  endfacet
  facet normal 0 1 -0
    outer loop
      vertex 320 778.125 50
      vertex 314.619 778.125 61.9134
      vertex 350 778.125 105
    endloop
  endfacet
  facet normal 0 1 0
    outer loop
      vertex 314.619 778.125 61.9134
      vertex 320 778.125 50
      vertex 315 778.125 60
    endloop
  endfacet
  facet normal 0 1 0
    outer loop
      vertex 315 778.125 60
      vertex 320 778.125 50
      vertex 314.619 778.125 58.0866
    endloop
  endfacet
  facet normal 0 1 0
    outer loop
      vertex 311.913 778.125 55.3806
      vertex 320 778.125 50
      vertex 310 778.125 55
    endloop
  endfacet
  facet normal 0 1 0
    outer loop
      vertex 313.536 778.125 56.4645
      vertex 320 778.125 50
      vertex 311.913 778.125 55.3806
    endloop
  endfacet
  facet normal 0 1 0
    outer loop
      vertex 314.619 778.125 58.0866
      vertex 320 778.125 50
      vertex 313.536 778.125 56.4645
    endloop
  endfacet
  facet normal 0 1 0
    outer loop
      vertex 350 778.125 125.5
      vertex 330 778.125 125
      vertex 330 778.125 125.5
    endloop
  endfacet
  facet normal 0 1 0
    outer loop
      vertex 330 778.125 125
      vertex 300 778.125 110
      vertex 310 778.125 125
    endloop
  endfacet
  facet normal 0 1 -0
    outer loop
      vertex 350 778.125 105
      vertex 330 778.125 125
      vertex 350 778.125 125.5
    endloop
  endfacet
  facet normal 0 1 0
    outer loop
      vertex 330 778.125 125
      vertex 350 778.125 105
      vertex 300 778.125 110
    endloop
  endfacet
  facet normal 0 1 -0
    outer loop
      vertex 311.913 778.125 64.6194
      vertex 300 778.125 110
      vertex 350 778.125 105
    endloop
  endfacet
  facet normal 0 1 -0
    outer loop
      vertex 308.087 778.125 64.6194
      vertex 300 778.125 110
      vertex 310 778.125 65
    endloop
  endfacet
  facet normal 0 1 -0
    outer loop
      vertex 306.464 778.125 63.5355
      vertex 300 778.125 110
      vertex 308.087 778.125 64.6194
    endloop
  endfacet
  facet normal 0 1 -0
    outer loop
      vertex 305.381 778.125 61.9134
      vertex 300 778.125 110
      vertex 306.464 778.125 63.5355
    endloop
  endfacet
  facet normal 0 1 0
    outer loop
      vertex 300 778.125 50
      vertex 305.381 778.125 61.9134
      vertex 305 778.125 60
    endloop
  endfacet
  facet normal 0 1 0
    outer loop
      vertex 300 778.125 50
      vertex 310 778.125 55
      vertex 320 778.125 50
    endloop
  endfacet
  facet normal 0 1 0
    outer loop
      vertex 305.381 778.125 61.9134
      vertex 300 778.125 50
      vertex 300 778.125 110
    endloop
  endfacet
  facet normal 0 1 0
    outer loop
      vertex 305.381 778.125 58.0866
      vertex 300 778.125 50
      vertex 305 778.125 60
    endloop
  endfacet
  facet normal 0 1 0
    outer loop
      vertex 306.464 778.125 56.4645
      vertex 300 778.125 50
      vertex 305.381 778.125 58.0866
    endloop
  endfacet
  facet normal 0 1 0
    outer loop
      vertex 308.087 778.125 55.3806
      vertex 300 778.125 50
      vertex 306.464 778.125 56.4645
    endloop
  endfacet
  facet normal 0 1 0
    outer loop
      vertex 310 778.125 55
      vertex 300 778.125 50
      vertex 308.087 778.125 55.3806
    endloop
  endfacet
  facet normal 0 -1 -0
    outer loop
      vertex 310 721.875 125
      vertex 300 721.875 110
      vertex 330 721.875 125
    endloop
  endfacet
  facet normal 0 -1 0
    outer loop
      vertex 330 721.875 125
      vertex 350 721.875 125.5
      vertex 330 721.875 125.5
    endloop
  endfacet
  facet normal 0 -1 0
    outer loop
      vertex 350 721.875 105
      vertex 330 721.875 125
      vertex 300 721.875 110
    endloop
  endfacet
  facet normal 0 -1 0
    outer loop
      vertex 330 721.875 125
      vertex 350 721.875 105
      vertex 350 721.875 125.5
    endloop
  endfacet
  facet normal 0 -1 0
    outer loop
      vertex 311.913 721.875 64.6194
      vertex 300 721.875 110
      vertex 310 721.875 65
    endloop
  endfacet
  facet normal 0 -1 0
    outer loop
      vertex 300 721.875 110
      vertex 308.087 721.875 64.6194
      vertex 310 721.875 65
    endloop
  endfacet
  facet normal 0 -1 0
    outer loop
      vertex 300 721.875 110
      vertex 306.464 721.875 63.5355
      vertex 308.087 721.875 64.6194
    endloop
  endfacet
  facet normal 0 -1 0
    outer loop
      vertex 300 721.875 110
      vertex 305.381 721.875 61.9134
      vertex 306.464 721.875 63.5355
    endloop
  endfacet
  facet normal 0 -1 0
    outer loop
      vertex 300 721.875 50
      vertex 305.381 721.875 61.9134
      vertex 300 721.875 110
    endloop
  endfacet
  facet normal 0 -1 -0
    outer loop
      vertex 308.087 721.875 55.3806
      vertex 300 721.875 50
      vertex 310 721.875 55
    endloop
  endfacet
  facet normal 0 -1 -0
    outer loop
      vertex 306.464 721.875 56.4645
      vertex 300 721.875 50
      vertex 308.087 721.875 55.3806
    endloop
  endfacet
  facet normal 0 -1 -0
    outer loop
      vertex 305.381 721.875 58.0866
      vertex 300 721.875 50
      vertex 306.464 721.875 56.4645
    endloop
  endfacet
  facet normal 0 -1 -0
    outer loop
      vertex 305 721.875 60
      vertex 300 721.875 50
      vertex 305.381 721.875 58.0866
    endloop
  endfacet
  facet normal 0 -1 0
    outer loop
      vertex 305.381 721.875 61.9134
      vertex 300 721.875 50
      vertex 305 721.875 60
    endloop
  endfacet
  facet normal 0 -1 0
    outer loop
      vertex 300 721.875 110
      vertex 311.913 721.875 64.6194
      vertex 350 721.875 105
    endloop
  endfacet
  facet normal 0 -1 0
    outer loop
      vertex 313.536 721.875 63.5355
      vertex 350 721.875 105
      vertex 311.913 721.875 64.6194
    endloop
  endfacet
  facet normal 0 -1 0
    outer loop
      vertex 314.619 721.875 61.9134
      vertex 350 721.875 105
      vertex 313.536 721.875 63.5355
    endloop
  endfacet
  facet normal 0 -1 0
    outer loop
      vertex 320 721.875 50
      vertex 314.619 721.875 61.9134
      vertex 315 721.875 60
    endloop
  endfacet
  facet normal 0 -1 0
    outer loop
      vertex 320 721.875 50
      vertex 315 721.875 60
      vertex 314.619 721.875 58.0866
    endloop
  endfacet
  facet normal 0 -1 0
    outer loop
      vertex 320 721.875 50
      vertex 314.619 721.875 58.0866
      vertex 313.536 721.875 56.4645
    endloop
  endfacet
  facet normal 0 -1 0
    outer loop
      vertex 320 721.875 50
      vertex 310 721.875 55
      vertex 300 721.875 50
    endloop
  endfacet
  facet normal 0 -1 0
    outer loop
      vertex 314.619 721.875 61.9134
      vertex 320 721.875 50
      vertex 350 721.875 105
    endloop
  endfacet
  facet normal 0 -1 0
    outer loop
      vertex 311.913 721.875 55.3806
      vertex 320 721.875 50
      vertex 313.536 721.875 56.4645
    endloop
  endfacet
  facet normal 0 -1 0
    outer loop
      vertex 310 721.875 55
      vertex 320 721.875 50
      vertex 311.913 721.875 55.3806
    endloop
  endfacet
  facet normal -0.83205 0 0.5547
    outer loop
      vertex 300 721.875 110
      vertex 310 722.875 125
      vertex 300 722.875 110
    endloop
  endfacet
  facet normal -0.83205 0 0.5547
    outer loop
      vertex 310 722.875 125
      vertex 300 721.875 110
      vertex 310 721.875 125
    endloop
  endfacet
  facet normal 0 0 -1
    outer loop
      vertex 300 721.875 50
      vertex 320 722.875 50
      vertex 320 721.875 50
    endloop
  endfacet
  facet normal -0 0 -1
    outer loop
      vertex 320 722.875 50
      vertex 300 721.875 50
      vertex 300 722.875 50
    endloop
  endfacet
  facet normal -0 0 1
    outer loop
      vertex 310 722.875 125
      vertex 330 721.875 125
      vertex 330 722.875 125
    endloop
  endfacet
  facet normal 0 0 1
    outer loop
      vertex 330 721.875 125
      vertex 310 722.875 125
      vertex 310 721.875 125
    endloop
  endfacet
  facet normal -1 0 0
    outer loop
      vertex 300 721.875 50
      vertex 300 722.875 110
      vertex 300 722.875 50
    endloop
  endfacet
  facet normal -1 -0 0
    outer loop
      vertex 300 722.875 110
      vertex 300 721.875 50
      vertex 300 721.875 110
    endloop
  endfacet
  facet normal 0.877896 0 -0.478852
    outer loop
      vertex 350 721.875 105
      vertex 320 722.875 50
      vertex 350 722.875 105
    endloop
  endfacet
  facet normal 0.877896 0 -0.478852
    outer loop
      vertex 320 722.875 50
      vertex 350 721.875 105
      vertex 320 721.875 50
    endloop
  endfacet
  facet normal 0 1 0
    outer loop
      vertex 300 722.875 110
      vertex 311.913 722.875 64.6194
      vertex 310 722.875 65
    endloop
  endfacet
  facet normal 0 1 0
    outer loop
      vertex 350 722.875 105
      vertex 313.536 722.875 63.5355
      vertex 311.913 722.875 64.6194
    endloop
  endfacet
  facet normal 0 1 0
    outer loop
      vertex 350 722.875 105
      vertex 314.619 722.875 61.9134
      vertex 313.536 722.875 63.5355
    endloop
  endfacet
  facet normal 0 1 -0
    outer loop
      vertex 320 722.875 50
      vertex 314.619 722.875 61.9134
      vertex 350 722.875 105
    endloop
  endfacet
  facet normal 0 1 0
    outer loop
      vertex 314.619 722.875 61.9134
      vertex 320 722.875 50
      vertex 315 722.875 60
    endloop
  endfacet
  facet normal 0 1 0
    outer loop
      vertex 315 722.875 60
      vertex 320 722.875 50
      vertex 314.619 722.875 58.0866
    endloop
  endfacet
  facet normal 0 1 0
    outer loop
      vertex 311.913 722.875 55.3806
      vertex 320 722.875 50
      vertex 310 722.875 55
    endloop
  endfacet
  facet normal 0 1 0
    outer loop
      vertex 313.536 722.875 56.4645
      vertex 320 722.875 50
      vertex 311.913 722.875 55.3806
    endloop
  endfacet
  facet normal 0 1 0
    outer loop
      vertex 314.619 722.875 58.0866
      vertex 320 722.875 50
      vertex 313.536 722.875 56.4645
    endloop
  endfacet
  facet normal 0 1 -0
    outer loop
      vertex 350 722.875 105
      vertex 330 722.875 124.5
      vertex 350 722.875 124.5
    endloop
  endfacet
  facet normal 0 1 0
    outer loop
      vertex 330 722.875 124.5
      vertex 350 722.875 105
      vertex 300 722.875 110
    endloop
  endfacet
  facet normal 0 1 -0
    outer loop
      vertex 311.913 722.875 64.6194
      vertex 300 722.875 110
      vertex 350 722.875 105
    endloop
  endfacet
  facet normal 0 1 -0
    outer loop
      vertex 308.087 722.875 64.6194
      vertex 300 722.875 110
      vertex 310 722.875 65
    endloop
  endfacet
  facet normal 0 1 -0
    outer loop
      vertex 306.464 722.875 63.5355
      vertex 300 722.875 110
      vertex 308.087 722.875 64.6194
    endloop
  endfacet
  facet normal 0 1 -0
    outer loop
      vertex 305.381 722.875 61.9134
      vertex 300 722.875 110
      vertex 306.464 722.875 63.5355
    endloop
  endfacet
  facet normal 0 1 0
    outer loop
      vertex 300 722.875 50
      vertex 305.381 722.875 61.9134
      vertex 305 722.875 60
    endloop
  endfacet
  facet normal 0 1 0
    outer loop
      vertex 300 722.875 50
      vertex 310 722.875 55
      vertex 320 722.875 50
    endloop
  endfacet
  facet normal 0 1 0
    outer loop
      vertex 305.381 722.875 61.9134
      vertex 300 722.875 50
      vertex 300 722.875 110
    endloop
  endfacet
  facet normal 0 1 0
    outer loop
      vertex 305.381 722.875 58.0866
      vertex 300 722.875 50
      vertex 305 722.875 60
    endloop
  endfacet
  facet normal 0 1 0
    outer loop
      vertex 306.464 722.875 56.4645
      vertex 300 722.875 50
      vertex 305.381 722.875 58.0866
    endloop
  endfacet
  facet normal 0 1 0
    outer loop
      vertex 308.087 722.875 55.3806
      vertex 300 722.875 50
      vertex 306.464 722.875 56.4645
    endloop
  endfacet
  facet normal 0 1 0
    outer loop
      vertex 310 722.875 55
      vertex 300 722.875 50
      vertex 308.087 722.875 55.3806
    endloop
  endfacet
  facet normal 0 1 -0
    outer loop
      vertex 330 722.875 124.5
      vertex 310 722.875 125
      vertex 330 722.875 125
    endloop
  endfacet
  facet normal 0 1 0
    outer loop
      vertex 310 722.875 125
      vertex 330 722.875 124.5
      vertex 300 722.875 110
    endloop
  endfacet
  facet normal 0 0 1
    outer loop
      vertex 350 778.125 125.5
      vertex 348.087 754.619 125.5
      vertex 350 755 125.5
    endloop
  endfacet
  facet normal -0 0 1
    outer loop
      vertex 330 778.125 125.5
      vertex 348.087 754.619 125.5
      vertex 350 778.125 125.5
    endloop
  endfacet
  facet normal 0 0 1
    outer loop
      vertex 348.087 754.619 125.5
      vertex 330 778.125 125.5
      vertex 346.464 753.536 125.5
    endloop
  endfacet
  facet normal 0 0 1
    outer loop
      vertex 346.464 753.536 125.5
      vertex 330 778.125 125.5
      vertex 345.381 751.913 125.5
    endloop
  endfacet
  facet normal 0 0 1
    outer loop
      vertex 345.381 751.913 125.5
      vertex 330 778.125 125.5
      vertex 345 750 125.5
    endloop
  endfacet
  facet normal 0 0 1
    outer loop
      vertex 348.087 745.381 125.5
      vertex 350 721.875 125.5
      vertex 350 745 125.5
    endloop
  endfacet
  facet normal 0 0 1
    outer loop
      vertex 330 721.875 125.5
      vertex 348.087 745.381 125.5
      vertex 346.464 746.464 125.5
    endloop
  endfacet
  facet normal 0 0 1
    outer loop
      vertex 330 721.875 125.5
      vertex 346.464 746.464 125.5
      vertex 345.381 748.087 125.5
    endloop
  endfacet
  facet normal 0 0 1
    outer loop
      vertex 330 721.875 125.5
      vertex 345.381 748.087 125.5
      vertex 345 750 125.5
    endloop
  endfacet
  facet normal 0 0 1
    outer loop
      vertex 330 721.875 125.5
      vertex 345 750 125.5
      vertex 330 778.125 125.5
    endloop
  endfacet
  facet normal 0 0 1
    outer loop
      vertex 348.087 745.381 125.5
      vertex 330 721.875 125.5
      vertex 350 721.875 125.5
    endloop
  endfacet
  facet normal 0 0 -1
    outer loop
      vertex 330 722.875 124.5
      vertex 350 777.125 124.5
      vertex 350 722.875 124.5
    endloop
  endfacet
  facet normal -0 0 -1
    outer loop
      vertex 350 777.125 124.5
      vertex 330 722.875 124.5
      vertex 330 777.125 124.5
    endloop
  endfacet
  facet normal -1 0 0
    outer loop
      vertex 330 777.125 124.5
      vertex 330 722.875 124.5
      vertex 330 777.125 125
    endloop
  endfacet
  facet normal -1 0 0
    outer loop
      vertex 330 777.125 125
      vertex 330 778.125 125.5
      vertex 330 778.125 125
    endloop
  endfacet
  facet normal -1 0 0
    outer loop
      vertex 330 722.875 125
      vertex 330 777.125 125
      vertex 330 722.875 124.5
    endloop
  endfacet
  facet normal -1 0 0
    outer loop
      vertex 330 777.125 125
      vertex 330 722.875 125
      vertex 330 778.125 125.5
    endloop
  endfacet
  facet normal -1 0 0
    outer loop
      vertex 330 721.875 125.5
      vertex 330 722.875 125
      vertex 330 721.875 125
    endloop
  endfacet
  facet normal -1 0 0
    outer loop
      vertex 330 722.875 125
      vertex 330 721.875 125.5
      vertex 330 778.125 125.5
    endloop
  endfacet
  facet normal -0 0 1
    outer loop
      vertex 300 800 130.5
      vertex 380 720 130.5
      vertex 380 800 130.5
    endloop
  endfacet
  facet normal 0 0 1
    outer loop
      vertex 380 720 130.5
      vertex 300 800 130.5
      vertex 300 720 130.5
    endloop
  endfacet
  facet normal 0 0 -1
    outer loop
      vertex 400 700 129.5
      vertex 355 750 129.5
      vertex 400 800 129.5
    endloop
  endfacet
  facet normal 0 0 -1
    outer loop
      vertex 400 700 129.5
      vertex 354.619 748.087 129.5
      vertex 355 750 129.5
    endloop
  endfacet
  facet normal 0 0 -1
    outer loop
      vertex 400 700 129.5
      vertex 353.536 746.464 129.5
      vertex 354.619 748.087 129.5
    endloop
  endfacet
  facet normal 0 0 -1
    outer loop
      vertex 400 700 129.5
      vertex 351.913 745.381 129.5
      vertex 353.536 746.464 129.5
    endloop
  endfacet
  facet normal 0 0 -1
    outer loop
      vertex 400 700 129.5
      vertex 350 745 129.5
      vertex 351.913 745.381 129.5
    endloop
  endfacet
  facet normal 0 0 -1
    outer loop
      vertex 300 700 129.5
      vertex 350 745 129.5
      vertex 400 700 129.5
    endloop
  endfacet
  facet normal -0 0 -1
    outer loop
      vertex 350 745 129.5
      vertex 300 700 129.5
      vertex 348.087 745.381 129.5
    endloop
  endfacet
  facet normal -0 0 -1
    outer loop
      vertex 345.381 748.087 129.5
      vertex 300 700 129.5
      vertex 345 750 129.5
    endloop
  endfacet
  facet normal -0 0 -1
    outer loop
      vertex 346.464 746.464 129.5
      vertex 300 700 129.5
      vertex 345.381 748.087 129.5
    endloop
  endfacet
  facet normal -0 0 -1
    outer loop
      vertex 348.087 745.381 129.5
      vertex 300 700 129.5
      vertex 346.464 746.464 129.5
    endloop
  endfacet
  facet normal 0 0 -1
    outer loop
      vertex 354.619 751.913 129.5
      vertex 400 800 129.5
      vertex 355 750 129.5
    endloop
  endfacet
  facet normal 0 0 -1
    outer loop
      vertex 353.536 753.536 129.5
      vertex 400 800 129.5
      vertex 354.619 751.913 129.5
    endloop
  endfacet
  facet normal 0 0 -1
    outer loop
      vertex 351.913 754.619 129.5
      vertex 400 800 129.5
      vertex 353.536 753.536 129.5
    endloop
  endfacet
  facet normal 0 0 -1
    outer loop
      vertex 350 755 129.5
      vertex 400 800 129.5
      vertex 351.913 754.619 129.5
    endloop
  endfacet
  facet normal 0 0 -1
    outer loop
      vertex 300 800 129.5
      vertex 350 755 129.5
      vertex 348.087 754.619 129.5
    endloop
  endfacet
  facet normal 0 0 -1
    outer loop
      vertex 300 800 129.5
      vertex 348.087 754.619 129.5
      vertex 346.464 753.536 129.5
    endloop
  endfacet
  facet normal 0 0 -1
    outer loop
      vertex 300 800 129.5
      vertex 345 750 129.5
      vertex 300 700 129.5
    endloop
  endfacet
  facet normal 0 0 -1
    outer loop
      vertex 345 750 129.5
      vertex 300 800 129.5
      vertex 345.381 751.913 129.5
    endloop
  endfacet
  facet normal 0 0 -1
    outer loop
      vertex 350 755 129.5
      vertex 300 800 129.5
      vertex 400 800 129.5
    endloop
  endfacet
  facet normal 0 0 -1
    outer loop
      vertex 345.381 751.913 129.5
      vertex 300 800 129.5
      vertex 346.464 753.536 129.5
    endloop
  endfacet
  facet normal -1 0 0
    outer loop
      vertex 300 800 129.5
      vertex 300 720 130
      vertex 300 800 130.5
    endloop
  endfacet
  facet normal -1 0 0
    outer loop
      vertex 300 700 129.5
      vertex 300 720 130
      vertex 300 800 129.5
    endloop
  endfacet
  facet normal -1 -0 0
    outer loop
      vertex 300 720 130
      vertex 300 700 129.5
      vertex 300 700 130
    endloop
  endfacet
  facet normal -1 -0 0
    outer loop
      vertex 300 800 130.5
      vertex 300 720 130
      vertex 300 720 130.5
    endloop
  endfacet
  facet normal 0 1 0
    outer loop
      vertex 400 800 130
      vertex 400 800 129.5
      vertex 380 800 130
    endloop
  endfacet
  facet normal 0 1 -0
    outer loop
      vertex 380 800 130
      vertex 300 800 130.5
      vertex 380 800 130.5
    endloop
  endfacet
  facet normal 0 1 0
    outer loop
      vertex 300 800 129.5
      vertex 380 800 130
      vertex 400 800 129.5
    endloop
  endfacet
  facet normal 0 1 0
    outer loop
      vertex 380 800 130
      vertex 300 800 129.5
      vertex 300 800 130.5
    endloop
  endfacet
  facet normal -0.555055 0.831814 0
    outer loop
      vertex 348.087 754.619 125.5
      vertex 346.464 753.536 129.5
      vertex 348.087 754.619 129.5
    endloop
  endfacet
  facet normal -0.555055 0.831814 0
    outer loop
      vertex 346.464 753.536 129.5
      vertex 348.087 754.619 125.5
      vertex 346.464 753.536 125.5
    endloop
  endfacet
  facet normal 0.831814 0.555055 0
    outer loop
      vertex 354.619 751.913 129.5
      vertex 353.536 753.536 125
      vertex 353.536 753.536 129.5
    endloop
  endfacet
  facet normal 0.831814 0.555055 0
    outer loop
      vertex 353.536 753.536 125
      vertex 354.619 751.913 129.5
      vertex 354.619 751.913 125
    endloop
  endfacet
  facet normal 0.980738 0.195327 0
    outer loop
      vertex 355 750 129.5
      vertex 354.619 751.913 125
      vertex 354.619 751.913 129.5
    endloop
  endfacet
  facet normal 0.980738 0.195327 0
    outer loop
      vertex 354.619 751.913 125
      vertex 355 750 129.5
      vertex 355 750 125
    endloop
  endfacet
  facet normal -0.831814 0.555055 0
    outer loop
      vertex 345.381 751.913 125.5
      vertex 346.464 753.536 129.5
      vertex 346.464 753.536 125.5
    endloop
  endfacet
  facet normal -0.831814 0.555055 0
    outer loop
      vertex 346.464 753.536 129.5
      vertex 345.381 751.913 125.5
      vertex 345.381 751.913 129.5
    endloop
  endfacet
  facet normal -0.195327 -0.980738 0
    outer loop
      vertex 348.087 745.381 125.5
      vertex 350 745 129.5
      vertex 348.087 745.381 129.5
    endloop
  endfacet
  facet normal -0.195327 -0.980738 -0
    outer loop
      vertex 350 745 129.5
      vertex 348.087 745.381 125.5
      vertex 350 745 125.5
    endloop
  endfacet
  facet normal 0.195327 -0.980738 0
    outer loop
      vertex 350 745 125.5
      vertex 351.913 745.381 129.5
      vertex 350 745 129.5
    endloop
  endfacet
  facet normal 0.195327 -0.980738 0
    outer loop
      vertex 351.913 745.381 125
      vertex 350 745 125.5
      vertex 350 745 125
    endloop
  endfacet
  facet normal 0.195327 -0.980738 0
    outer loop
      vertex 350 745 125.5
      vertex 351.913 745.381 125
      vertex 351.913 745.381 129.5
    endloop
  endfacet
  facet normal 0.555055 -0.831814 0
    outer loop
      vertex 351.913 745.381 125
      vertex 353.536 746.464 129.5
      vertex 351.913 745.381 129.5
    endloop
  endfacet
  facet normal 0.555055 -0.831814 0
    outer loop
      vertex 353.536 746.464 129.5
      vertex 351.913 745.381 125
      vertex 353.536 746.464 125
    endloop
  endfacet
  facet normal 0.831814 -0.555055 0
    outer loop
      vertex 353.536 746.464 129.5
      vertex 354.619 748.087 125
      vertex 354.619 748.087 129.5
    endloop
  endfacet
  facet normal 0.831814 -0.555055 0
    outer loop
      vertex 354.619 748.087 125
      vertex 353.536 746.464 129.5
      vertex 353.536 746.464 125
    endloop
  endfacet
  facet normal -0.980738 0.195327 0
    outer loop
      vertex 345 750 125.5
      vertex 345.381 751.913 129.5
      vertex 345.381 751.913 125.5
    endloop
  endfacet
  facet normal -0.980738 0.195327 0
    outer loop
      vertex 345.381 751.913 129.5
      vertex 345 750 125.5
      vertex 345 750 129.5
    endloop
  endfacet
  facet normal 0.980738 -0.195327 0
    outer loop
      vertex 354.619 748.087 129.5
      vertex 355 750 125
      vertex 355 750 129.5
    endloop
  endfacet
  facet normal 0.980738 -0.195327 0
    outer loop
      vertex 355 750 125
      vertex 354.619 748.087 129.5
      vertex 354.619 748.087 125
    endloop
  endfacet
  facet normal 0 0 -1
    outer loop
      vertex 354.619 748.087 125
      vertex 354.619 751.913 125
      vertex 355 750 125
    endloop
  endfacet
  facet normal 0 0 -1
    outer loop
      vertex 353.536 746.464 125
      vertex 354.619 751.913 125
      vertex 354.619 748.087 125
    endloop
  endfacet
  facet normal 0 0 -1
    outer loop
      vertex 353.536 746.464 125
      vertex 353.536 753.536 125
      vertex 354.619 751.913 125
    endloop
  endfacet
  facet normal 0 0 -1
    outer loop
      vertex 351.913 745.381 125
      vertex 353.536 753.536 125
      vertex 353.536 746.464 125
    endloop
  endfacet
  facet normal 0 0 -1
    outer loop
      vertex 351.913 745.381 125
      vertex 351.913 754.619 125
      vertex 353.536 753.536 125
    endloop
  endfacet
  facet normal 0 0 -1
    outer loop
      vertex 350 745 125
      vertex 351.913 754.619 125
      vertex 351.913 745.381 125
    endloop
  endfacet
  facet normal -0 0 -1
    outer loop
      vertex 351.913 754.619 125
      vertex 350 745 125
      vertex 350 755 125
    endloop
  endfacet
  facet normal -0.195327 0.980738 0
    outer loop
      vertex 350 755 125.5
      vertex 348.087 754.619 129.5
      vertex 350 755 129.5
    endloop
  endfacet
  facet normal -0.195327 0.980738 0
    outer loop
      vertex 348.087 754.619 129.5
      vertex 350 755 125.5
      vertex 348.087 754.619 125.5
    endloop
  endfacet
  facet normal 0.195327 0.980738 0
    outer loop
      vertex 351.913 754.619 129.5
      vertex 350 755 125.5
      vertex 350 755 129.5
    endloop
  endfacet
  facet normal 0.195327 0.980738 -0
    outer loop
      vertex 351.913 754.619 125
      vertex 350 755 125.5
      vertex 351.913 754.619 129.5
    endloop
  endfacet
  facet normal 0.195327 0.980738 0
    outer loop
      vertex 350 755 125.5
      vertex 351.913 754.619 125
      vertex 350 755 125
    endloop
  endfacet
  facet normal 0.555055 0.831814 -0
    outer loop
      vertex 353.536 753.536 125
      vertex 351.913 754.619 129.5
      vertex 353.536 753.536 129.5
    endloop
  endfacet
  facet normal 0.555055 0.831814 0
    outer loop
      vertex 351.913 754.619 129.5
      vertex 353.536 753.536 125
      vertex 351.913 754.619 125
    endloop
  endfacet
  facet normal -0.831814 -0.555055 0
    outer loop
      vertex 346.464 746.464 125.5
      vertex 345.381 748.087 129.5
      vertex 345.381 748.087 125.5
    endloop
  endfacet
  facet normal -0.831814 -0.555055 0
    outer loop
      vertex 345.381 748.087 129.5
      vertex 346.464 746.464 125.5
      vertex 346.464 746.464 129.5
    endloop
  endfacet
  facet normal -0.980738 -0.195327 0
    outer loop
      vertex 345.381 748.087 125.5
      vertex 345 750 129.5
      vertex 345 750 125.5
    endloop
  endfacet
  facet normal -0.980738 -0.195327 0
    outer loop
      vertex 345 750 129.5
      vertex 345.381 748.087 125.5
      vertex 345.381 748.087 129.5
    endloop
  endfacet
  facet normal -0.555055 -0.831814 0
    outer loop
      vertex 346.464 746.464 125.5
      vertex 348.087 745.381 129.5
      vertex 346.464 746.464 129.5
    endloop
  endfacet
  facet normal -0.555055 -0.831814 -0
    outer loop
      vertex 348.087 745.381 129.5
      vertex 346.464 746.464 125.5
      vertex 348.087 745.381 125.5
    endloop
  endfacet
  facet normal 1 -0 0
    outer loop
      vertex 250 750 183
      vertex 250 1250 170
      vertex 250 1250 183
    endloop
  endfacet
  facet normal 1 0 0
    outer loop
      vertex 250 1250 170
      vertex 250 750 183
      vertex 250 750 170
    endloop
  endfacet
  facet normal -0 0 1
    outer loop
      vertex 107 1123 183
      vertex 193 1097 183
      vertex 193 1123 183
    endloop
  endfacet
  facet normal 0 0 1
    outer loop
      vertex 193 1097 183
      vertex 107 1123 183
      vertex 107 1097 183
    endloop
  endfacet
  facet normal 0 0 1
    outer loop
      vertex 193 1123 183
      vertex 250 1250 183
      vertex 193 1177 183
    endloop
  endfacet
  facet normal 0 0 1
    outer loop
      vertex 250 1250 183
      vertex 107 1177 183
      vertex 193 1177 183
    endloop
  endfacet
  facet normal 0 0 1
    outer loop
      vertex -250 1250 183
      vertex 107 1123 183
      vertex 107 1177 183
    endloop
  endfacet
  facet normal 0 -0 1
    outer loop
      vertex -5 937.5 183
      vertex 107 1123 183
      vertex -250 1250 183
    endloop
  endfacet
  facet normal 0 0 1
    outer loop
      vertex 107 1097 183
      vertex -5 937.5 183
      vertex 107 1043 183
    endloop
  endfacet
  facet normal 0 0 1
    outer loop
      vertex 107 1123 183
      vertex -5 937.5 183
      vertex 107 1097 183
    endloop
  endfacet
  facet normal 0 0 1
    outer loop
      vertex -250 750 183
      vertex -235 937.5 183
      vertex -250 1250 183
    endloop
  endfacet
  facet normal 0 0 1
    outer loop
      vertex -5 937.5 183
      vertex -250 1250 183
      vertex -235 937.5 183
    endloop
  endfacet
  facet normal -0 0 1
    outer loop
      vertex -250 1250 183
      vertex 107 1177 183
      vertex 250 1250 183
    endloop
  endfacet
  facet normal 0 0 1
    outer loop
      vertex 193 1097 183
      vertex 250 1250 183
      vertex 193 1123 183
    endloop
  endfacet
  facet normal 0 0 1
    outer loop
      vertex 193 1043 183
      vertex 250 1250 183
      vertex 193 1097 183
    endloop
  endfacet
  facet normal 0 0 1
    outer loop
      vertex 250 1250 183
      vertex 193 1043 183
      vertex 250 750 183
    endloop
  endfacet
  facet normal 0 0 1
    outer loop
      vertex -5 937.5 183
      vertex 193 1043 183
      vertex 107 1043 183
    endloop
  endfacet
  facet normal 0 0 1
    outer loop
      vertex 193 1043 183
      vertex -5 937.5 183
      vertex 250 750 183
    endloop
  endfacet
  facet normal -0 0 1
    outer loop
      vertex -5 762.5 183
      vertex 250 750 183
      vertex -5 937.5 183
    endloop
  endfacet
  facet normal 0 0 1
    outer loop
      vertex -250 750 183
      vertex -5 762.5 183
      vertex -235 762.5 183
    endloop
  endfacet
  facet normal 0 0 1
    outer loop
      vertex -5 762.5 183
      vertex -250 750 183
      vertex 250 750 183
    endloop
  endfacet
  facet normal 0 0 1
    outer loop
      vertex -235 937.5 183
      vertex -250 750 183
      vertex -235 762.5 183
    endloop
  endfacet
  facet normal -1 0 0
    outer loop
      vertex -250 750 170
      vertex -250 1250 183
      vertex -250 1250 170
    endloop
  endfacet
  facet normal -1 -0 0
    outer loop
      vertex -250 1250 183
      vertex -250 750 170
      vertex -250 750 183
    endloop
  endfacet
  facet normal 0 1 0
    outer loop
      vertex 138.7 1250 170
      vertex 250 1250 183
      vertex 250 1250 170
    endloop
  endfacet
  facet normal 0 1 0
    outer loop
      vertex 118.7 1250 170
      vertex 250 1250 183
      vertex 138.7 1250 170
    endloop
  endfacet
  facet normal 0 1 0
    outer loop
      vertex 250 1250 183
      vertex 118.7 1250 170
      vertex -250 1250 183
    endloop
  endfacet
  facet normal 0 1 -0
    outer loop
      vertex -118.7 1250 170
      vertex -250 1250 183
      vertex 118.7 1250 170
    endloop
  endfacet
  facet normal 0 1 -0
    outer loop
      vertex -138.7 1250 170
      vertex -250 1250 183
      vertex -118.7 1250 170
    endloop
  endfacet
  facet normal 0 1 0
    outer loop
      vertex -250 1250 183
      vertex -138.7 1250 170
      vertex -250 1250 170
    endloop
  endfacet
  facet normal 0 -1 0
    outer loop
      vertex -138.7 750 170
      vertex -250 750 183
      vertex -250 750 170
    endloop
  endfacet
  facet normal 0 -1 0
    outer loop
      vertex -118.7 750 170
      vertex -250 750 183
      vertex -138.7 750 170
    endloop
  endfacet
  facet normal 0 -1 0
    outer loop
      vertex -250 750 183
      vertex -118.7 750 170
      vertex 250 750 183
    endloop
  endfacet
  facet normal 0 -1 0
    outer loop
      vertex 118.7 750 170
      vertex 250 750 183
      vertex -118.7 750 170
    endloop
  endfacet
  facet normal 0 -1 0
    outer loop
      vertex 138.7 750 170
      vertex 250 750 183
      vertex 118.7 750 170
    endloop
  endfacet
  facet normal 0 -1 -0
    outer loop
      vertex 250 750 183
      vertex 138.7 750 170
      vertex 250 750 170
    endloop
  endfacet
  facet normal 1 -0 0
    outer loop
      vertex -5 762.5 401.5
      vertex -5 937.5 183
      vertex -5 937.5 401.5
    endloop
  endfacet
  facet normal 1 0 0
    outer loop
      vertex -5 937.5 183
      vertex -5 762.5 401.5
      vertex -5 762.5 183
    endloop
  endfacet
  facet normal -0 0 1
    outer loop
      vertex -235 937.5 401.5
      vertex -5 762.5 401.5
      vertex -5 937.5 401.5
    endloop
  endfacet
  facet normal 0 0 1
    outer loop
      vertex -5 762.5 401.5
      vertex -235 937.5 401.5
      vertex -235 762.5 401.5
    endloop
  endfacet
  facet normal -1 0 0
    outer loop
      vertex -235 762.5 183
      vertex -235 937.5 401.5
      vertex -235 937.5 183
    endloop
  endfacet
  facet normal -1 -0 0
    outer loop
      vertex -235 937.5 401.5
      vertex -235 762.5 183
      vertex -235 762.5 401.5
    endloop
  endfacet
  facet normal 0 1 -0
    outer loop
      vertex -5 937.5 183
      vertex -235 937.5 401.5
      vertex -5 937.5 401.5
    endloop
  endfacet
  facet normal 0 1 0
    outer loop
      vertex -235 937.5 401.5
      vertex -5 937.5 183
      vertex -235 937.5 183
    endloop
  endfacet
  facet normal 0 -1 0
    outer loop
      vertex -235 762.5 183
      vertex -5 762.5 401.5
      vertex -235 762.5 401.5
    endloop
  endfacet
  facet normal 0 -1 -0
    outer loop
      vertex -5 762.5 401.5
      vertex -235 762.5 183
      vertex -5 762.5 183
    endloop
  endfacet
  facet normal 1 -0 0
    outer loop
      vertex 193 1123 193.5
      vertex 193 1177 183
      vertex 193 1177 193.5
    endloop
  endfacet
  facet normal 1 0 0
    outer loop
      vertex 193 1177 183
      vertex 193 1123 193.5
      vertex 193 1123 183
    endloop
  endfacet
  facet normal -0 0 1
    outer loop
      vertex 107 1177 193.5
      vertex 193 1123 193.5
      vertex 193 1177 193.5
    endloop
  endfacet
  facet normal 0 0 1
    outer loop
      vertex 193 1123 193.5
      vertex 107 1177 193.5
      vertex 107 1123 193.5
    endloop
  endfacet
  facet normal -1 0 0
    outer loop
      vertex 107 1123 183
      vertex 107 1177 193.5
      vertex 107 1177 183
    endloop
  endfacet
  facet normal -1 -0 0
    outer loop
      vertex 107 1177 193.5
      vertex 107 1123 183
      vertex 107 1123 193.5
    endloop
  endfacet
  facet normal 0 1 -0
    outer loop
      vertex 193 1177 183
      vertex 107 1177 193.5
      vertex 193 1177 193.5
    endloop
  endfacet
  facet normal 0 1 0
    outer loop
      vertex 107 1177 193.5
      vertex 193 1177 183
      vertex 107 1177 183
    endloop
  endfacet
  facet normal 0 -1 0
    outer loop
      vertex 107 1123 183
      vertex 193 1123 193.5
      vertex 107 1123 193.5
    endloop
  endfacet
  facet normal 0 -1 -0
    outer loop
      vertex 193 1123 193.5
      vertex 107 1123 183
      vertex 193 1123 183
    endloop
  endfacet
  facet normal 1 -0 0
    outer loop
      vertex 193 1043 193.5
      vertex 193 1097 183
      vertex 193 1097 193.5
    endloop
  endfacet
  facet normal 1 0 0
    outer loop
      vertex 193 1097 183
      vertex 193 1043 193.5
      vertex 193 1043 183
    endloop
  endfacet
  facet normal -0 0 1
    outer loop
      vertex 107 1097 193.5
      vertex 193 1043 193.5
      vertex 193 1097 193.5
    endloop
  endfacet
  facet normal 0 0 1
    outer loop
      vertex 193 1043 193.5
      vertex 107 1097 193.5
      vertex 107 1043 193.5
    endloop
  endfacet
  facet normal -1 0 0
    outer loop
      vertex 107 1043 183
      vertex 107 1097 193.5
      vertex 107 1097 183
    endloop
  endfacet
  facet normal -1 -0 0
    outer loop
      vertex 107 1097 193.5
      vertex 107 1043 183
      vertex 107 1043 193.5
    endloop
  endfacet
  facet normal 0 1 -0
    outer loop
      vertex 193 1097 183
      vertex 107 1097 193.5
      vertex 193 1097 193.5
    endloop
  endfacet
  facet normal 0 1 0
    outer loop
      vertex 107 1097 193.5
      vertex 193 1097 183
      vertex 107 1097 183
    endloop
  endfacet
  facet normal 0 -1 0
    outer loop
      vertex 107 1043 183
      vertex 193 1043 193.5
      vertex 107 1043 193.5
    endloop
  endfacet
  facet normal 0 -1 -0
    outer loop
      vertex 193 1043 193.5
      vertex 107 1043 183
      vertex 193 1043 183
    endloop
  endfacet
  facet normal 0 0 -1
    outer loop
      vertex 10 835 470
      vertex 85 1165 470
      vertex 85 835 470
    endloop
  endfacet
  facet normal -0 0 -1
    outer loop
      vertex 85 1165 470
      vertex 10 835 470
      vertex 10 1165 470
    endloop
  endfacet
  facet normal 0 0 1
    outer loop
      vertex -380 835 470
      vertex -385 835 470
      vertex -380 720 470
    endloop
  endfacet
  facet normal 0 0 1
    outer loop
      vertex 10 835 470
      vertex -10 835 470
      vertex 10 720 470
    endloop
  endfacet
  facet normal 0 0 1
    outer loop
      vertex 400 1300 470
      vertex 380 1280 470
      vertex 400 700 470
    endloop
  endfacet
  facet normal 0 0 1
    outer loop
      vertex 400 1300 470
      vertex 10 1280 470
      vertex 380 1280 470
    endloop
  endfacet
  facet normal 0 0 1
    outer loop
      vertex 10 1280 470
      vertex -10 1280 470
      vertex 10 1165 470
    endloop
  endfacet
  facet normal 0 0 1
    outer loop
      vertex 400 1300 470
      vertex -10 1280 470
      vertex 10 1280 470
    endloop
  endfacet
  facet normal -0 0 1
    outer loop
      vertex -400 1300 470
      vertex -10 1280 470
      vertex 400 1300 470
    endloop
  endfacet
  facet normal 0 0 1
    outer loop
      vertex -380 1280 470
      vertex -385 1165 470
      vertex -380 1165 470
    endloop
  endfacet
  facet normal 0 0 1
    outer loop
      vertex -385 1165 470
      vertex -400 1300 470
      vertex -385 835 470
    endloop
  endfacet
  facet normal 0 0 1
    outer loop
      vertex -380 1280 470
      vertex -400 1300 470
      vertex -385 1165 470
    endloop
  endfacet
  facet normal 0 0 1
    outer loop
      vertex -10 1280 470
      vertex -400 1300 470
      vertex -380 1280 470
    endloop
  endfacet
  facet normal -0 0 1
    outer loop
      vertex 380 720 470
      vertex 400 700 470
      vertex 380 1280 470
    endloop
  endfacet
  facet normal -0 0 1
    outer loop
      vertex 10 720 470
      vertex 400 700 470
      vertex 380 720 470
    endloop
  endfacet
  facet normal 0 0 1
    outer loop
      vertex -10 720 470
      vertex 10 720 470
      vertex -10 835 470
    endloop
  endfacet
  facet normal -0 0 1
    outer loop
      vertex -10 720 470
      vertex 400 700 470
      vertex 10 720 470
    endloop
  endfacet
  facet normal 0 0 1
    outer loop
      vertex -400 700 470
      vertex -10 720 470
      vertex -380 720 470
    endloop
  endfacet
  facet normal 0 0 1
    outer loop
      vertex -10 720 470
      vertex -400 700 470
      vertex 400 700 470
    endloop
  endfacet
  facet normal 0 0 1
    outer loop
      vertex -385 835 470
      vertex -400 700 470
      vertex -380 720 470
    endloop
  endfacet
  facet normal 0 0 1
    outer loop
      vertex -400 700 470
      vertex -385 835 470
      vertex -400 1300 470
    endloop
  endfacet
  facet normal 0 0 1
    outer loop
      vertex 10 1165 470
      vertex -10 1280 470
      vertex -10 1165 470
    endloop
  endfacet
  facet normal 0 0 -1
    outer loop
      vertex -380 835 470
      vertex -10 1165 470
      vertex -10 835 470
    endloop
  endfacet
  facet normal -0 0 -1
    outer loop
      vertex -10 1165 470
      vertex -380 835 470
      vertex -380 1165 470
    endloop
  endfacet
  facet normal 1 -0 0
    outer loop
      vertex -380 700 450
      vertex -380 720 279
      vertex -380 720 450
    endloop
  endfacet
  facet normal 1 0 0
    outer loop
      vertex -380 700 170
      vertex -380 720 279
      vertex -380 700 450
    endloop
  endfacet
  facet normal 1 0 0
    outer loop
      vertex -380 720 279
      vertex -380 700 170
      vertex -380 720 259
    endloop
  endfacet
  facet normal 1 0 0
    outer loop
      vertex -380 720 259
      vertex -380 700 170
      vertex -380 720 170
    endloop
  endfacet
  facet normal 1 -0 0
    outer loop
      vertex -380 720 279
      vertex -380 1280 259
      vertex -380 1280 279
    endloop
  endfacet
  facet normal 1 0 0
    outer loop
      vertex -380 1280 259
      vertex -380 720 279
      vertex -380 720 259
    endloop
  endfacet
  facet normal 1 0 0
    outer loop
      vertex -380 1280 279
      vertex -380 1300 450
      vertex -380 1280 450
    endloop
  endfacet
  facet normal 1 0 0
    outer loop
      vertex -380 1300 450
      vertex -380 1280 279
      vertex -380 1300 170
    endloop
  endfacet
  facet normal 1 -0 0
    outer loop
      vertex -380 1280 259
      vertex -380 1300 170
      vertex -380 1280 279
    endloop
  endfacet
  facet normal 1 0 0
    outer loop
      vertex -380 1300 170
      vertex -380 1280 259
      vertex -380 1280 170
    endloop
  endfacet
  facet normal 0 -1 0
    outer loop
      vertex -400 1280 279
      vertex -380 1280 450
      vertex -400 1280 450
    endloop
  endfacet
  facet normal 0 -1 -0
    outer loop
      vertex -380 1280 450
      vertex -400 1280 279
      vertex -380 1280 279
    endloop
  endfacet
  facet normal 0 -1 0
    outer loop
      vertex -400 1280 170
      vertex -380 1280 259
      vertex -400 1280 259
    endloop
  endfacet
  facet normal 0 -1 -0
    outer loop
      vertex -380 1280 259
      vertex -400 1280 170
      vertex -380 1280 170
    endloop
  endfacet
  facet normal 0 1 -0
    outer loop
      vertex -380 720 279
      vertex -400 720 450
      vertex -380 720 450
    endloop
  endfacet
  facet normal 0 1 0
    outer loop
      vertex -400 720 450
      vertex -380 720 279
      vertex -400 720 279
    endloop
  endfacet
  facet normal 0 1 -0
    outer loop
      vertex -380 720 170
      vertex -400 720 259
      vertex -380 720 259
    endloop
  endfacet
  facet normal 0 1 0
    outer loop
      vertex -400 720 259
      vertex -380 720 170
      vertex -400 720 170
    endloop
  endfacet
  facet normal -1 0 0
    outer loop
      vertex 380 700 170
      vertex 380 720 450
      vertex 380 720 170
    endloop
  endfacet
  facet normal -1 -0 0
    outer loop
      vertex 380 720 450
      vertex 380 700 170
      vertex 380 700 450
    endloop
  endfacet
  facet normal 0 1 -0
    outer loop
      vertex 400 720 170
      vertex 380 720 450
      vertex 400 720 450
    endloop
  endfacet
  facet normal 0 1 0
    outer loop
      vertex 380 720 450
      vertex 400 720 170
      vertex 380 720 170
    endloop
  endfacet
  facet normal -1 0 0
    outer loop
      vertex 380 1280 170
      vertex 380 1300 450
      vertex 380 1300 170
    endloop
  endfacet
  facet normal -1 -0 0
    outer loop
      vertex 380 1300 450
      vertex 380 1280 170
      vertex 380 1280 450
    endloop
  endfacet
  facet normal 0 -1 0
    outer loop
      vertex 380 1280 170
      vertex 400 1280 450
      vertex 380 1280 450
    endloop
  endfacet
  facet normal 0 -1 -0
    outer loop
      vertex 400 1280 450
      vertex 380 1280 170
      vertex 400 1280 170
    endloop
  endfacet
  facet normal 0 0 -1
    outer loop
      vertex 380 720 450
      vertex 400 1280 450
      vertex 400 720 450
    endloop
  endfacet
  facet normal -0 0 -1
    outer loop
      vertex 400 1280 450
      vertex 380 720 450
      vertex 380 1280 450
    endloop
  endfacet
  facet normal 0 0 -1
    outer loop
      vertex 380 700 450
      vertex 10 720 450
      vertex 380 720 450
    endloop
  endfacet
  facet normal 0 0 -1
    outer loop
      vertex 10 720 450
      vertex -10 720 450
      vertex 10 1280 450
    endloop
  endfacet
  facet normal 0 0 -1
    outer loop
      vertex 380 700 450
      vertex -10 720 450
      vertex 10 720 450
    endloop
  endfacet
  facet normal 0 0 -1
    outer loop
      vertex -380 700 450
      vertex -10 720 450
      vertex 380 700 450
    endloop
  endfacet
  facet normal -0 0 -1
    outer loop
      vertex -10 720 450
      vertex -380 700 450
      vertex -380 720 450
    endloop
  endfacet
  facet normal 0 0 -1
    outer loop
      vertex 10 1280 450
      vertex 380 1300 450
      vertex 380 1280 450
    endloop
  endfacet
  facet normal 0 0 -1
    outer loop
      vertex -10 1280 450
      vertex 10 1280 450
      vertex -10 720 450
    endloop
  endfacet
  facet normal 0 0 -1
    outer loop
      vertex -10 1280 450
      vertex 380 1300 450
      vertex 10 1280 450
    endloop
  endfacet
  facet normal 0 0 -1
    outer loop
      vertex -380 1300 450
      vertex -10 1280 450
      vertex -380 1280 450
    endloop
  endfacet
  facet normal 0 0 -1
    outer loop
      vertex -10 1280 450
      vertex -380 1300 450
      vertex 380 1300 450
    endloop
  endfacet
  facet normal 0 0 -1
    outer loop
      vertex -400 720 450
      vertex -380 1280 450
      vertex -380 720 450
    endloop
  endfacet
  facet normal -0 0 -1
    outer loop
      vertex -380 1280 450
      vertex -400 720 450
      vertex -400 1280 450
    endloop
  endfacet
  facet normal 0 -1 0
    outer loop
      vertex 10 1280 450
      vertex 380 1280 470
      vertex 10 1280 470
    endloop
  endfacet
  facet normal 0 -1 -0
    outer loop
      vertex 380 1280 470
      vertex 10 1280 450
      vertex 380 1280 450
    endloop
  endfacet
  facet normal 0 -1 0
    outer loop
      vertex -380 1280 450
      vertex -10 1280 470
      vertex -380 1280 470
    endloop
  endfacet
  facet normal 0 -1 -0
    outer loop
      vertex -10 1280 470
      vertex -380 1280 450
      vertex -10 1280 450
    endloop
  endfacet
  facet normal 0 1 -0
    outer loop
      vertex 380 720 450
      vertex 10 720 470
      vertex 380 720 470
    endloop
  endfacet
  facet normal 0 1 0
    outer loop
      vertex 10 720 470
      vertex 380 720 450
      vertex 10 720 450
    endloop
  endfacet
  facet normal 0 1 -0
    outer loop
      vertex -10 720 450
      vertex -380 720 470
      vertex -10 720 470
    endloop
  endfacet
  facet normal 0 1 0
    outer loop
      vertex -380 720 470
      vertex -10 720 450
      vertex -380 720 450
    endloop
  endfacet
  facet normal 1 -0 0
    outer loop
      vertex -380 1165 470
      vertex -380 1280 450
      vertex -380 1280 470
    endloop
  endfacet
  facet normal 1 -0 0
    outer loop
      vertex -380 835 470
      vertex -380 1280 450
      vertex -380 1165 470
    endloop
  endfacet
  facet normal 1 0 0
    outer loop
      vertex -380 720 450
      vertex -380 835 470
      vertex -380 720 470
    endloop
  endfacet
  facet normal 1 0 0
    outer loop
      vertex -380 835 470
      vertex -380 720 450
      vertex -380 1280 450
    endloop
  endfacet
  facet normal -1 0 0
    outer loop
      vertex -10 1280 450
      vertex -10 1165 470
      vertex -10 1280 470
    endloop
  endfacet
  facet normal -1 0 0
    outer loop
      vertex -10 1280 450
      vertex -10 835 470
      vertex -10 1165 470
    endloop
  endfacet
  facet normal -1 0 0
    outer loop
      vertex -10 720 450
      vertex -10 835 470
      vertex -10 1280 450
    endloop
  endfacet
  facet normal -1 -0 0
    outer loop
      vertex -10 835 470
      vertex -10 720 450
      vertex -10 720 470
    endloop
  endfacet
  facet normal 1 -0 0
    outer loop
      vertex 10 1165 470
      vertex 10 1280 450
      vertex 10 1280 470
    endloop
  endfacet
  facet normal 1 -0 0
    outer loop
      vertex 10 835 470
      vertex 10 1280 450
      vertex 10 1165 470
    endloop
  endfacet
  facet normal 1 0 0
    outer loop
      vertex 10 720 450
      vertex 10 835 470
      vertex 10 720 470
    endloop
  endfacet
  facet normal 1 0 0
    outer loop
      vertex 10 835 470
      vertex 10 720 450
      vertex 10 1280 450
    endloop
  endfacet
  facet normal -1 0 0
    outer loop
      vertex 380 720 450
      vertex 380 1280 470
      vertex 380 1280 450
    endloop
  endfacet
  facet normal -1 -0 0
    outer loop
      vertex 380 1280 470
      vertex 380 720 450
      vertex 380 720 470
    endloop
  endfacet
  facet normal -0 0 1
    outer loop
      vertex -400 1280 279
      vertex -380 720 279
      vertex -380 1280 279
    endloop
  endfacet
  facet normal 0 0 1
    outer loop
      vertex -380 720 279
      vertex -400 1280 279
      vertex -400 720 279
    endloop
  endfacet
  facet normal 0 0 -1
    outer loop
      vertex -400 720 259
      vertex -380 1280 259
      vertex -380 720 259
    endloop
  endfacet
  facet normal -0 0 -1
    outer loop
      vertex -380 1280 259
      vertex -400 720 259
      vertex -400 1280 259
    endloop
  endfacet
  facet normal -1 0 0
    outer loop
      vertex 300 679 595
      vertex 300 675 595
      vertex 300 679 1798
    endloop
  endfacet
  facet normal -1 0 0
    outer loop
      vertex 300 1321 1798
      vertex 300 1325 595
      vertex 300 1321 595
    endloop
  endfacet
  facet normal -1 0 0
    outer loop
      vertex 300 1325 595
      vertex 300 1321 1798
      vertex 300 1325 1802
    endloop
  endfacet
  facet normal -1 0 0
    outer loop
      vertex 300 679 1798
      vertex 300 1325 1802
      vertex 300 1321 1798
    endloop
  endfacet
  facet normal -1 0 0
    outer loop
      vertex 300 679 1798
      vertex 300 675 1802
      vertex 300 1325 1802
    endloop
  endfacet
  facet normal -1 0 0
    outer loop
      vertex 300 675 1802
      vertex 300 679 1798
      vertex 300 675 595
    endloop
  endfacet
  facet normal -1 0 0
    outer loop
      vertex 300 1321 120
      vertex 300 1325 495
      vertex 300 1325 120
    endloop
  endfacet
  facet normal -1 -0 0
    outer loop
      vertex 300 1325 495
      vertex 300 1321 120
      vertex 300 1321 495
    endloop
  endfacet
  facet normal -1 0 0
    outer loop
      vertex 300 675 120
      vertex 300 679 495
      vertex 300 679 120
    endloop
  endfacet
  facet normal -1 -0 0
    outer loop
      vertex 300 679 495
      vertex 300 675 120
      vertex 300 675 495
    endloop
  endfacet
  facet normal 0 0 -1
    outer loop
      vertex 300 1321 120
      vertex 400 1325 120
      vertex 400 1321 120
    endloop
  endfacet
  facet normal -0 0 -1
    outer loop
      vertex 400 1325 120
      vertex 300 1321 120
      vertex 300 1325 120
    endloop
  endfacet
  facet normal 1 -0 0
    outer loop
      vertex 400 671 595
      vertex 400 675 495
      vertex 400 675 595
    endloop
  endfacet
  facet normal 1 0 0
    outer loop
      vertex 400 675 495
      vertex 400 671 595
      vertex 400 671 495
    endloop
  endfacet
  facet normal 1 -0 0
    outer loop
      vertex 400 1321 1798
      vertex 400 1325 595
      vertex 400 1325 1802
    endloop
  endfacet
  facet normal 1 0 0
    outer loop
      vertex 400 1325 595
      vertex 400 1321 1798
      vertex 400 1325 495
    endloop
  endfacet
  facet normal 1 0 0
    outer loop
      vertex 400 1321 120
      vertex 400 1325 495
      vertex 400 1321 1798
    endloop
  endfacet
  facet normal 1 0 0
    outer loop
      vertex 400 1325 1802
      vertex 400 679 1798
      vertex 400 1321 1798
    endloop
  endfacet
  facet normal 1 -0 0
    outer loop
      vertex 400 675 1802
      vertex 400 679 1798
      vertex 400 1325 1802
    endloop
  endfacet
  facet normal 1 0 0
    outer loop
      vertex 400 675 595
      vertex 400 679 1798
      vertex 400 675 1802
    endloop
  endfacet
  facet normal 1 0 0
    outer loop
      vertex 400 679 1798
      vertex 400 675 595
      vertex 400 679 120
    endloop
  endfacet
  facet normal 1 -0 0
    outer loop
      vertex 400 675 495
      vertex 400 679 120
      vertex 400 675 595
    endloop
  endfacet
  facet normal 1 0 0
    outer loop
      vertex 400 679 120
      vertex 400 675 495
      vertex 400 675 120
    endloop
  endfacet
  facet normal 1 -0 0
    outer loop
      vertex 400 1325 595
      vertex 400 1329 495
      vertex 400 1329 595
    endloop
  endfacet
  facet normal 1 0 0
    outer loop
      vertex 400 1329 495
      vertex 400 1325 595
      vertex 400 1325 495
    endloop
  endfacet
  facet normal 1 0 0
    outer loop
      vertex 400 1325 495
      vertex 400 1321 120
      vertex 400 1325 120
    endloop
  endfacet
  facet normal 0 1 -0
    outer loop
      vertex 400 1325 595
      vertex 300 1325 1802
      vertex 400 1325 1802
    endloop
  endfacet
  facet normal 0 1 0
    outer loop
      vertex 300 1325 1802
      vertex 400 1325 595
      vertex 300 1325 595
    endloop
  endfacet
  facet normal 0 1 -0
    outer loop
      vertex 400 1325 120
      vertex 300 1325 495
      vertex 400 1325 495
    endloop
  endfacet
  facet normal 0 1 0
    outer loop
      vertex 300 1325 495
      vertex 400 1325 120
      vertex 300 1325 120
    endloop
  endfacet
  facet normal 0 -1 0
    outer loop
      vertex 300 1321 495
      vertex 300 1321 120
      vertex 302 1321 495
    endloop
  endfacet
  facet normal 0 -1 0
    outer loop
      vertex 302 1321 595
      vertex 300 1321 1798
      vertex 300 1321 595
    endloop
  endfacet
  facet normal 0 -1 0
    outer loop
      vertex 300 1321 1798
      vertex 302 1321 595
      vertex 400 1321 1798
    endloop
  endfacet
  facet normal 0 -1 0
    outer loop
      vertex 400 1321 120
      vertex 302 1321 595
      vertex 302 1321 495
    endloop
  endfacet
  facet normal 0 -1 0
    outer loop
      vertex 400 1321 120
      vertex 302 1321 495
      vertex 300 1321 120
    endloop
  endfacet
  facet normal 0 -1 0
    outer loop
      vertex 302 1321 595
      vertex 400 1321 120
      vertex 400 1321 1798
    endloop
  endfacet
  facet normal 0 0 -1
    outer loop
      vertex 300 675 120
      vertex 400 679 120
      vertex 400 675 120
    endloop
  endfacet
  facet normal -0 0 -1
    outer loop
      vertex 400 679 120
      vertex 300 675 120
      vertex 300 679 120
    endloop
  endfacet
  facet normal 0 1 0
    outer loop
      vertex 400 679 1798
      vertex 302 679 595
      vertex 300 679 1798
    endloop
  endfacet
  facet normal 0 1 -0
    outer loop
      vertex 400 679 120
      vertex 302 679 595
      vertex 400 679 1798
    endloop
  endfacet
  facet normal 0 1 0
    outer loop
      vertex 302 679 595
      vertex 400 679 120
      vertex 302 679 495
    endloop
  endfacet
  facet normal 0 1 0
    outer loop
      vertex 300 679 120
      vertex 302 679 495
      vertex 400 679 120
    endloop
  endfacet
  facet normal 0 1 0
    outer loop
      vertex 302 679 495
      vertex 300 679 120
      vertex 300 679 495
    endloop
  endfacet
  facet normal 0 1 0
    outer loop
      vertex 300 679 1798
      vertex 302 679 595
      vertex 300 679 595
    endloop
  endfacet
  facet normal 0 -1 0
    outer loop
      vertex 300 675 595
      vertex 400 675 1802
      vertex 300 675 1802
    endloop
  endfacet
  facet normal 0 -1 -0
    outer loop
      vertex 400 675 1802
      vertex 300 675 595
      vertex 400 675 595
    endloop
  endfacet
  facet normal 0 -1 0
    outer loop
      vertex 300 675 120
      vertex 400 675 495
      vertex 300 675 495
    endloop
  endfacet
  facet normal 0 -1 -0
    outer loop
      vertex 400 675 495
      vertex 300 675 120
      vertex 400 675 120
    endloop
  endfacet
  facet normal -0 0 1
    outer loop
      vertex 300 1325 1802
      vertex 400 675 1802
      vertex 400 1325 1802
    endloop
  endfacet
  facet normal 0 0 1
    outer loop
      vertex 400 675 1802
      vertex 300 1325 1802
      vertex 300 675 1802
    endloop
  endfacet
  facet normal 0 0 -1
    outer loop
      vertex 300 679 1798
      vertex 400 1321 1798
      vertex 400 679 1798
    endloop
  endfacet
  facet normal -0 0 -1
    outer loop
      vertex 400 1321 1798
      vertex 300 679 1798
      vertex 300 1321 1798
    endloop
  endfacet
  facet normal -1 0 0
    outer loop
      vertex 300 1325 495
      vertex 300 1329 595
      vertex 300 1329 495
    endloop
  endfacet
  facet normal -1 -0 0
    outer loop
      vertex 300 1329 595
      vertex 300 1325 495
      vertex 300 1325 595
    endloop
  endfacet
  facet normal -0 0 1
    outer loop
      vertex 298 1325 595
      vertex 300 1321 595
      vertex 300 1325 595
    endloop
  endfacet
  facet normal 0 0 1
    outer loop
      vertex 300 1321 595
      vertex 298 1325 595
      vertex 300 679 595
    endloop
  endfacet
  facet normal 0 0 1
    outer loop
      vertex 298 675 595
      vertex 300 679 595
      vertex 298 1325 595
    endloop
  endfacet
  facet normal 0 0 1
    outer loop
      vertex 300 679 595
      vertex 298 675 595
      vertex 300 675 595
    endloop
  endfacet
  facet normal -0 0 1
    outer loop
      vertex 300 1321 595
      vertex 302 679 595
      vertex 302 1321 595
    endloop
  endfacet
  facet normal 0 0 1
    outer loop
      vertex 302 679 595
      vertex 300 1321 595
      vertex 300 679 595
    endloop
  endfacet
  facet normal -0 0 1
    outer loop
      vertex 300 1329 595
      vertex 400 1325 595
      vertex 400 1329 595
    endloop
  endfacet
  facet normal 0 0 1
    outer loop
      vertex 400 1325 595
      vertex 300 1329 595
      vertex 300 1325 595
    endloop
  endfacet
  facet normal -0 0 1
    outer loop
      vertex 300 675 595
      vertex 400 671 595
      vertex 400 675 595
    endloop
  endfacet
  facet normal 0 0 1
    outer loop
      vertex 400 671 595
      vertex 300 675 595
      vertex 300 671 595
    endloop
  endfacet
  facet normal 0 0 -1
    outer loop
      vertex 298 762.5 495
      vertex 300 1237.5 495
      vertex 300 762.5 495
    endloop
  endfacet
  facet normal -0 0 -1
    outer loop
      vertex 300 1237.5 495
      vertex 298 762.5 495
      vertex 298 1237.5 495
    endloop
  endfacet
  facet normal 0 0 -1
    outer loop
      vertex 300 687.5 495
      vertex 302 679 495
      vertex 300 679 495
    endloop
  endfacet
  facet normal 0 0 -1
    outer loop
      vertex 300 762.5 495
      vertex 302 679 495
      vertex 300 687.5 495
    endloop
  endfacet
  facet normal 0 0 -1
    outer loop
      vertex 302 679 495
      vertex 300 762.5 495
      vertex 302 1321 495
    endloop
  endfacet
  facet normal 0 0 -1
    outer loop
      vertex 300 1237.5 495
      vertex 302 1321 495
      vertex 300 762.5 495
    endloop
  endfacet
  facet normal 0 0 -1
    outer loop
      vertex 300 1312.5 495
      vertex 302 1321 495
      vertex 300 1237.5 495
    endloop
  endfacet
  facet normal 0 0 -1
    outer loop
      vertex 300 1312.5 495
      vertex 300 1321 495
      vertex 302 1321 495
    endloop
  endfacet
  facet normal 0 0 -1
    outer loop
      vertex 298 1312.5 495
      vertex 300 1321 495
      vertex 300 1312.5 495
    endloop
  endfacet
  facet normal 0 0 -1
    outer loop
      vertex 298 1325 495
      vertex 300 1321 495
      vertex 298 1312.5 495
    endloop
  endfacet
  facet normal 0 0 -1
    outer loop
      vertex 300 1321 495
      vertex 298 1325 495
      vertex 300 1325 495
    endloop
  endfacet
  facet normal 0 0 -1
    outer loop
      vertex 298 675 495
      vertex 300 679 495
      vertex 300 675 495
    endloop
  endfacet
  facet normal 0 0 -1
    outer loop
      vertex 298 687.5 495
      vertex 300 679 495
      vertex 298 675 495
    endloop
  endfacet
  facet normal 0 0 -1
    outer loop
      vertex 300 679 495
      vertex 298 687.5 495
      vertex 300 687.5 495
    endloop
  endfacet
  facet normal 0 0 -1
    outer loop
      vertex 300 1325 495
      vertex 400 1329 495
      vertex 400 1325 495
    endloop
  endfacet
  facet normal -0 0 -1
    outer loop
      vertex 400 1329 495
      vertex 300 1325 495
      vertex 300 1329 495
    endloop
  endfacet
  facet normal 0 0 -1
    outer loop
      vertex 300 671 495
      vertex 400 675 495
      vertex 400 671 495
    endloop
  endfacet
  facet normal -0 0 -1
    outer loop
      vertex 400 675 495
      vertex 300 671 495
      vertex 300 675 495
    endloop
  endfacet
  facet normal 0 1 -0
    outer loop
      vertex 400 1329 495
      vertex 300 1329 595
      vertex 400 1329 595
    endloop
  endfacet
  facet normal 0 1 0
    outer loop
      vertex 300 1329 595
      vertex 400 1329 495
      vertex 300 1329 495
    endloop
  endfacet
  facet normal 0 1 -0
    outer loop
      vertex 300 1325 495
      vertex 298 1325 595
      vertex 300 1325 595
    endloop
  endfacet
  facet normal 0 1 0
    outer loop
      vertex 298 1325 595
      vertex 300 1325 495
      vertex 298 1325 495
    endloop
  endfacet
  facet normal -1 0 0
    outer loop
      vertex 300 671 495
      vertex 300 675 595
      vertex 300 675 495
    endloop
  endfacet
  facet normal -1 -0 0
    outer loop
      vertex 300 675 595
      vertex 300 671 495
      vertex 300 671 595
    endloop
  endfacet
  facet normal 0 -1 0
    outer loop
      vertex 298 675 495
      vertex 300 675 595
      vertex 298 675 595
    endloop
  endfacet
  facet normal 0 -1 -0
    outer loop
      vertex 300 675 595
      vertex 298 675 495
      vertex 300 675 495
    endloop
  endfacet
  facet normal 0 -1 0
    outer loop
      vertex 300 671 495
      vertex 400 671 595
      vertex 300 671 595
    endloop
  endfacet
  facet normal 0 -1 -0
    outer loop
      vertex 400 671 595
      vertex 300 671 495
      vertex 400 671 495
    endloop
  endfacet
  facet normal -1 0 0
    outer loop
      vertex 298 687.5 495
      vertex 298 675 495
      vertex 298 687.5 568
    endloop
  endfacet
  facet normal -1 0 0
    outer loop
      vertex 298 1237.5 495
      vertex 298 762.5 495
      vertex 298 1237.5 568
    endloop
  endfacet
  facet normal -1 0 0
    outer loop
      vertex 298 1312.5 568
      vertex 298 1325 495
      vertex 298 1312.5 495
    endloop
  endfacet
  facet normal -1 0 0
    outer loop
      vertex 298 1325 495
      vertex 298 1312.5 568
      vertex 298 1325 595
    endloop
  endfacet
  facet normal -1 0 0
    outer loop
      vertex 298 1237.5 568
      vertex 298 1325 595
      vertex 298 1312.5 568
    endloop
  endfacet
  facet normal -1 0 0
    outer loop
      vertex 298 762.5 568
      vertex 298 1237.5 568
      vertex 298 762.5 495
    endloop
  endfacet
  facet normal -1 0 0
    outer loop
      vertex 298 1237.5 568
      vertex 298 762.5 568
      vertex 298 1325 595
    endloop
  endfacet
  facet normal -1 0 0
    outer loop
      vertex 298 675 595
      vertex 298 762.5 568
      vertex 298 687.5 568
    endloop
  endfacet
  facet normal -1 0 0
    outer loop
      vertex 298 762.5 568
      vertex 298 675 595
      vertex 298 1325 595
    endloop
  endfacet
  facet normal -1 0 0
    outer loop
      vertex 298 675 595
      vertex 298 687.5 568
      vertex 298 675 495
    endloop
  endfacet
  facet normal 1 -0 0
    outer loop
      vertex 302 679 595
      vertex 302 1321 495
      vertex 302 1321 595
    endloop
  endfacet
  facet normal 1 0 0
    outer loop
      vertex 302 1321 495
      vertex 302 679 595
      vertex 302 679 495
    endloop
  endfacet
  facet normal -1 0 0
    outer loop
      vertex 296 1237.5 495
      vertex 296 1312.5 568
      vertex 296 1312.5 495
    endloop
  endfacet
  facet normal -1 -0 0
    outer loop
      vertex 296 1312.5 568
      vertex 296 1237.5 495
      vertex 296 1237.5 568
    endloop
  endfacet
  facet normal -0 0 1
    outer loop
      vertex 296 1312.5 568
      vertex 298 1237.5 568
      vertex 298 1312.5 568
    endloop
  endfacet
  facet normal 0 0 1
    outer loop
      vertex 298 1237.5 568
      vertex 296 1312.5 568
      vertex 296 1237.5 568
    endloop
  endfacet
  facet normal 1 -0 0
    outer loop
      vertex 300 1237.5 495
      vertex 300 1312.5 491
      vertex 300 1312.5 495
    endloop
  endfacet
  facet normal 1 0 0
    outer loop
      vertex 300 1312.5 491
      vertex 300 1237.5 495
      vertex 300 1237.5 491
    endloop
  endfacet
  facet normal 0 1 -0
    outer loop
      vertex 300 1312.5 491
      vertex 298 1312.5 495
      vertex 300 1312.5 495
    endloop
  endfacet
  facet normal 0 1 0
    outer loop
      vertex 298 1312.5 495
      vertex 300 1312.5 491
      vertex 296 1312.5 495
    endloop
  endfacet
  facet normal 0 1 0
    outer loop
      vertex -350 1312.5 491
      vertex 296 1312.5 495
      vertex 300 1312.5 491
    endloop
  endfacet
  facet normal 0 1 0
    outer loop
      vertex 296 1312.5 495
      vertex -350 1312.5 491
      vertex -350 1312.5 495
    endloop
  endfacet
  facet normal 0 1 -0
    outer loop
      vertex 298 1312.5 495
      vertex 296 1312.5 568
      vertex 298 1312.5 568
    endloop
  endfacet
  facet normal 0 1 0
    outer loop
      vertex 296 1312.5 568
      vertex 298 1312.5 495
      vertex 296 1312.5 495
    endloop
  endfacet
  facet normal 0 -1 0
    outer loop
      vertex -350 1237.5 491
      vertex 296 1237.5 495
      vertex -350 1237.5 495
    endloop
  endfacet
  facet normal 0 -1 0
    outer loop
      vertex 300 1237.5 491
      vertex 296 1237.5 495
      vertex -350 1237.5 491
    endloop
  endfacet
  facet normal 0 -1 0
    outer loop
      vertex 296 1237.5 495
      vertex 300 1237.5 491
      vertex 298 1237.5 495
    endloop
  endfacet
  facet normal 0 -1 0
    outer loop
      vertex 298 1237.5 495
      vertex 300 1237.5 491
      vertex 300 1237.5 495
    endloop
  endfacet
  facet normal 0 -1 0
    outer loop
      vertex 296 1237.5 495
      vertex 298 1237.5 568
      vertex 296 1237.5 568
    endloop
  endfacet
  facet normal 0 -1 -0
    outer loop
      vertex 298 1237.5 568
      vertex 296 1237.5 495
      vertex 298 1237.5 495
    endloop
  endfacet
  facet normal -1 0 0
    outer loop
      vertex -350 1237.5 491
      vertex -350 1312.5 495
      vertex -350 1312.5 491
    endloop
  endfacet
  facet normal -1 -0 0
    outer loop
      vertex -350 1312.5 495
      vertex -350 1237.5 491
      vertex -350 1237.5 495
    endloop
  endfacet
  facet normal -0 0 1
    outer loop
      vertex -350 1312.5 495
      vertex 296 1237.5 495
      vertex 296 1312.5 495
    endloop
  endfacet
  facet normal 0 0 1
    outer loop
      vertex 296 1237.5 495
      vertex -350 1312.5 495
      vertex -350 1237.5 495
    endloop
  endfacet
  facet normal 0 0 -1
    outer loop
      vertex -350 1237.5 491
      vertex 300 1312.5 491
      vertex 300 1237.5 491
    endloop
  endfacet
  facet normal -0 0 -1
    outer loop
      vertex 300 1312.5 491
      vertex -350 1237.5 491
      vertex -350 1312.5 491
    endloop
  endfacet
  facet normal -1 0 0
    outer loop
      vertex 296 687.5 495
      vertex 296 762.5 568
      vertex 296 762.5 495
    endloop
  endfacet
  facet normal -1 -0 0
    outer loop
      vertex 296 762.5 568
      vertex 296 687.5 495
      vertex 296 687.5 568
    endloop
  endfacet
  facet normal -0 0 1
    outer loop
      vertex 296 762.5 568
      vertex 298 687.5 568
      vertex 298 762.5 568
    endloop
  endfacet
  facet normal 0 0 1
    outer loop
      vertex 298 687.5 568
      vertex 296 762.5 568
      vertex 296 687.5 568
    endloop
  endfacet
  facet normal 1 -0 0
    outer loop
      vertex 300 687.5 495
      vertex 300 762.5 491
      vertex 300 762.5 495
    endloop
  endfacet
  facet normal 1 0 0
    outer loop
      vertex 300 762.5 491
      vertex 300 687.5 495
      vertex 300 687.5 491
    endloop
  endfacet
  facet normal 0 1 -0
    outer loop
      vertex 300 762.5 491
      vertex 298 762.5 495
      vertex 300 762.5 495
    endloop
  endfacet
  facet normal 0 1 0
    outer loop
      vertex 298 762.5 495
      vertex 300 762.5 491
      vertex 296 762.5 495
    endloop
  endfacet
  facet normal 0 1 0
    outer loop
      vertex -350 762.5 491
      vertex 296 762.5 495
      vertex 300 762.5 491
    endloop
  endfacet
  facet normal 0 1 0
    outer loop
      vertex 296 762.5 495
      vertex -350 762.5 491
      vertex -350 762.5 495
    endloop
  endfacet
  facet normal 0 1 -0
    outer loop
      vertex 298 762.5 495
      vertex 296 762.5 568
      vertex 298 762.5 568
    endloop
  endfacet
  facet normal 0 1 0
    outer loop
      vertex 296 762.5 568
      vertex 298 762.5 495
      vertex 296 762.5 495
    endloop
  endfacet
  facet normal 0 -1 0
    outer loop
      vertex -350 687.5 491
      vertex 296 687.5 495
      vertex -350 687.5 495
    endloop
  endfacet
  facet normal 0 -1 0
    outer loop
      vertex 300 687.5 491
      vertex 296 687.5 495
      vertex -350 687.5 491
    endloop
  endfacet
  facet normal 0 -1 0
    outer loop
      vertex 296 687.5 495
      vertex 300 687.5 491
      vertex 298 687.5 495
    endloop
  endfacet
  facet normal 0 -1 0
    outer loop
      vertex 298 687.5 495
      vertex 300 687.5 491
      vertex 300 687.5 495
    endloop
  endfacet
  facet normal 0 -1 0
    outer loop
      vertex 296 687.5 495
      vertex 298 687.5 568
      vertex 296 687.5 568
    endloop
  endfacet
  facet normal 0 -1 -0
    outer loop
      vertex 298 687.5 568
      vertex 296 687.5 495
      vertex 298 687.5 495
    endloop
  endfacet
  facet normal -1 0 0
    outer loop
      vertex -350 687.5 491
      vertex -350 762.5 495
      vertex -350 762.5 491
    endloop
  endfacet
  facet normal -1 -0 0
    outer loop
      vertex -350 762.5 495
      vertex -350 687.5 491
      vertex -350 687.5 495
    endloop
  endfacet
  facet normal -0 0 1
    outer loop
      vertex -350 762.5 495
      vertex 296 687.5 495
      vertex 296 762.5 495
    endloop
  endfacet
  facet normal 0 0 1
    outer loop
      vertex 296 687.5 495
      vertex -350 762.5 495
      vertex -350 687.5 495
    endloop
  endfacet
  facet normal 0 0 -1
    outer loop
      vertex -350 687.5 491
      vertex 300 762.5 491
      vertex 300 687.5 491
    endloop
  endfacet
  facet normal -0 0 -1
    outer loop
      vertex 300 762.5 491
      vertex -350 687.5 491
      vertex -350 762.5 491
    endloop
  endfacet
  facet normal 1 -0 0
    outer loop
      vertex 85 835 692.5
      vertex 85 1165 470
      vertex 85 1165 692.5
    endloop
  endfacet
  facet normal 1 0 0
    outer loop
      vertex 85 1165 470
      vertex 85 835 692.5
      vertex 85 835 470
    endloop
  endfacet
  facet normal 0 0 1
    outer loop
      vertex 85 1165 692.5
      vertex 80 1160 692.5
      vertex 85 835 692.5
    endloop
  endfacet
  facet normal 0 0 1
    outer loop
      vertex 85 1165 692.5
      vertex -380 1160 692.5
      vertex 80 1160 692.5
    endloop
  endfacet
  facet normal 0 0 1
    outer loop
      vertex -380 1160 692.5
      vertex -385 1165 692.5
      vertex -380 840 692.5
    endloop
  endfacet
  facet normal -0 0 1
    outer loop
      vertex -385 1165 692.5
      vertex -380 1160 692.5
      vertex 85 1165 692.5
    endloop
  endfacet
  facet normal -0 0 1
    outer loop
      vertex 80 840 692.5
      vertex 85 835 692.5
      vertex 80 1160 692.5
    endloop
  endfacet
  facet normal -0 0 1
    outer loop
      vertex -380 840 692.5
      vertex 85 835 692.5
      vertex 80 840 692.5
    endloop
  endfacet
  facet normal 0 0 1
    outer loop
      vertex -380 840 692.5
      vertex -385 835 692.5
      vertex 85 835 692.5
    endloop
  endfacet
  facet normal 0 0 1
    outer loop
      vertex -385 835 692.5
      vertex -380 840 692.5
      vertex -385 1165 692.5
    endloop
  endfacet
  facet normal -1 0 0
    outer loop
      vertex -385 835 470
      vertex -385 1165 692.5
      vertex -385 1165 470
    endloop
  endfacet
  facet normal -1 -0 0
    outer loop
      vertex -385 1165 692.5
      vertex -385 835 470
      vertex -385 835 692.5
    endloop
  endfacet
  facet normal 0 1 0
    outer loop
      vertex 10 1165 470
      vertex 85 1165 692.5
      vertex 85 1165 470
    endloop
  endfacet
  facet normal 0 1 0
    outer loop
      vertex -10 1165 470
      vertex 85 1165 692.5
      vertex 10 1165 470
    endloop
  endfacet
  facet normal 0 1 0
    outer loop
      vertex 85 1165 692.5
      vertex -10 1165 470
      vertex -385 1165 692.5
    endloop
  endfacet
  facet normal 0 1 -0
    outer loop
      vertex -380 1165 470
      vertex -385 1165 692.5
      vertex -10 1165 470
    endloop
  endfacet
  facet normal 0 1 0
    outer loop
      vertex -385 1165 692.5
      vertex -380 1165 470
      vertex -385 1165 470
    endloop
  endfacet
  facet normal 0 -1 0
    outer loop
      vertex -380 1160 475
      vertex 80 1160 692.5
      vertex -380 1160 692.5
    endloop
  endfacet
  facet normal 0 -1 -0
    outer loop
      vertex 80 1160 692.5
      vertex -380 1160 475
      vertex 80 1160 475
    endloop
  endfacet
  facet normal 0 1 -0
    outer loop
      vertex 80 840 475
      vertex -380 840 692.5
      vertex 80 840 692.5
    endloop
  endfacet
  facet normal 0 1 0
    outer loop
      vertex -380 840 692.5
      vertex 80 840 475
      vertex -380 840 475
    endloop
  endfacet
  facet normal 0 -1 0
    outer loop
      vertex -380 835 470
      vertex -385 835 692.5
      vertex -385 835 470
    endloop
  endfacet
  facet normal 0 -1 0
    outer loop
      vertex -10 835 470
      vertex -385 835 692.5
      vertex -380 835 470
    endloop
  endfacet
  facet normal 0 -1 0
    outer loop
      vertex -385 835 692.5
      vertex -10 835 470
      vertex 85 835 692.5
    endloop
  endfacet
  facet normal 0 -1 0
    outer loop
      vertex 10 835 470
      vertex 85 835 692.5
      vertex -10 835 470
    endloop
  endfacet
  facet normal 0 -1 -0
    outer loop
      vertex 85 835 692.5
      vertex 10 835 470
      vertex 85 835 470
    endloop
  endfacet
  facet normal -1 0 0
    outer loop
      vertex 80 840 475
      vertex 80 1160 692.5
      vertex 80 1160 475
    endloop
  endfacet
  facet normal -1 -0 0
    outer loop
      vertex 80 1160 692.5
      vertex 80 840 475
      vertex 80 840 692.5
    endloop
  endfacet
  facet normal 1 -0 0
    outer loop
      vertex -380 840 692.5
      vertex -380 1160 475
      vertex -380 1160 692.5
    endloop
  endfacet
  facet normal 1 0 0
    outer loop
      vertex -380 1160 475
      vertex -380 840 692.5
      vertex -380 840 475
    endloop
  endfacet
  facet normal -0 0 1
    outer loop
      vertex -380 1160 475
      vertex 80 840 475
      vertex 80 1160 475
    endloop
  endfacet
  facet normal 0 0 1
    outer loop
      vertex 80 840 475
      vertex -380 1160 475
      vertex -380 840 475
    endloop
  endfacet
endsolid OpenSCAD_Model
