solid OpenSCAD_Model
  facet normal 0 -1 0
    outer loop
      vertex 0 -240 6.49138
      vertex 0 -240 7.5
      vertex -1.94113 -240 7.24443
    endloop
  endfacet
  facet normal 0 -1 0
    outer loop
      vertex -1.6801 -240 6.27017
      vertex -1.94113 -240 7.24443
      vertex -3.75 -240 6.49518
    endloop
  endfacet
  facet normal 0 -1 0
    outer loop
      vertex 0 -240 7.5
      vertex 0 -240 6.49138
      vertex 1.94113 -240 7.24443
    endloop
  endfacet
  facet normal 0 -1 0
    outer loop
      vertex 1.6801 -240 6.27017
      vertex 1.94113 -240 7.24443
      vertex 0 -240 6.49138
    endloop
  endfacet
  facet normal 0 -1 0
    outer loop
      vertex -1.94113 -240 7.24443
      vertex -1.6801 -240 6.27017
      vertex 0 -240 6.49138
    endloop
  endfacet
  facet normal 0 -1 0
    outer loop
      vertex -3.75 -240 6.49518
      vertex -3.24567 -240 5.6217
      vertex -1.6801 -240 6.27017
    endloop
  endfacet
  facet normal 0 -1 0
    outer loop
      vertex -5.3033 -240 5.3033
      vertex -3.24567 -240 5.6217
      vertex -3.75 -240 6.49518
    endloop
  endfacet
  facet normal 0 -1 0
    outer loop
      vertex -5.3033 -240 5.3033
      vertex -4.59009 -240 4.59009
      vertex -3.24567 -240 5.6217
    endloop
  endfacet
  facet normal 0 -1 0
    outer loop
      vertex -6.49518 -240 3.75
      vertex -4.59009 -240 4.59009
      vertex -5.3033 -240 5.3033
    endloop
  endfacet
  facet normal 0 -1 0
    outer loop
      vertex -6.49518 -240 3.75
      vertex -5.6217 -240 3.24567
      vertex -4.59009 -240 4.59009
    endloop
  endfacet
  facet normal 0 -1 0
    outer loop
      vertex -7.24443 -240 1.94113
      vertex -5.6217 -240 3.24567
      vertex -6.49518 -240 3.75
    endloop
  endfacet
  facet normal 0 -1 0
    outer loop
      vertex -7.24443 -240 1.94113
      vertex -6.27017 -240 1.6801
      vertex -5.6217 -240 3.24567
    endloop
  endfacet
  facet normal 0 -1 0
    outer loop
      vertex -7.5 -240 0
      vertex -6.27017 -240 1.6801
      vertex -7.24443 -240 1.94113
    endloop
  endfacet
  facet normal 0 -1 0
    outer loop
      vertex -7.5 -240 0
      vertex -6.49138 -240 0
      vertex -6.27017 -240 1.6801
    endloop
  endfacet
  facet normal 0 -1 0
    outer loop
      vertex -7.5 -240 0
      vertex -6.27017 -240 -1.6801
      vertex -6.49138 -240 0
    endloop
  endfacet
  facet normal 0 -1 0
    outer loop
      vertex -7.24443 -240 -1.94113
      vertex -6.27017 -240 -1.6801
      vertex -7.5 -240 0
    endloop
  endfacet
  facet normal 0 -1 0
    outer loop
      vertex -7.24443 -240 -1.94113
      vertex -5.6217 -240 -3.24567
      vertex -6.27017 -240 -1.6801
    endloop
  endfacet
  facet normal 0 -1 0
    outer loop
      vertex -6.49518 -240 -3.75
      vertex -5.6217 -240 -3.24567
      vertex -7.24443 -240 -1.94113
    endloop
  endfacet
  facet normal 0 -1 0
    outer loop
      vertex -6.49518 -240 -3.75
      vertex -4.59009 -240 -4.59009
      vertex -5.6217 -240 -3.24567
    endloop
  endfacet
  facet normal 0 -1 0
    outer loop
      vertex -5.3033 -240 -5.3033
      vertex -4.59009 -240 -4.59009
      vertex -6.49518 -240 -3.75
    endloop
  endfacet
  facet normal 0 -1 0
    outer loop
      vertex -5.3033 -240 -5.3033
      vertex -3.24567 -240 -5.6217
      vertex -4.59009 -240 -4.59009
    endloop
  endfacet
  facet normal 0 -1 0
    outer loop
      vertex -3.75 -240 -6.49518
      vertex -3.24567 -240 -5.6217
      vertex -5.3033 -240 -5.3033
    endloop
  endfacet
  facet normal 0 -1 0
    outer loop
      vertex -1.94113 -240 -7.24443
      vertex -1.6801 -240 -6.27017
      vertex -3.75 -240 -6.49518
    endloop
  endfacet
  facet normal 0 -1 -0
    outer loop
      vertex -3.24567 -240 -5.6217
      vertex -3.75 -240 -6.49518
      vertex -1.6801 -240 -6.27017
    endloop
  endfacet
  facet normal 0 -1 -0
    outer loop
      vertex 1.94113 -240 7.24443
      vertex 1.6801 -240 6.27017
      vertex 3.75 -240 6.49518
    endloop
  endfacet
  facet normal 0 -1 0
    outer loop
      vertex 3.24567 -240 5.6217
      vertex 3.75 -240 6.49518
      vertex 1.6801 -240 6.27017
    endloop
  endfacet
  facet normal 0 -1 0
    outer loop
      vertex 3.24567 -240 5.6217
      vertex 5.3033 -240 5.3033
      vertex 3.75 -240 6.49518
    endloop
  endfacet
  facet normal 0 -1 0
    outer loop
      vertex 4.59009 -240 4.59009
      vertex 5.3033 -240 5.3033
      vertex 3.24567 -240 5.6217
    endloop
  endfacet
  facet normal 0 -1 0
    outer loop
      vertex 4.59009 -240 4.59009
      vertex 6.49518 -240 3.75
      vertex 5.3033 -240 5.3033
    endloop
  endfacet
  facet normal 0 -1 0
    outer loop
      vertex 5.6217 -240 3.24567
      vertex 6.49518 -240 3.75
      vertex 4.59009 -240 4.59009
    endloop
  endfacet
  facet normal 0 -1 0
    outer loop
      vertex 5.6217 -240 3.24567
      vertex 7.24443 -240 1.94113
      vertex 6.49518 -240 3.75
    endloop
  endfacet
  facet normal 0 -1 0
    outer loop
      vertex 6.27017 -240 1.6801
      vertex 7.24443 -240 1.94113
      vertex 5.6217 -240 3.24567
    endloop
  endfacet
  facet normal 0 -1 0
    outer loop
      vertex 6.49138 -240 0
      vertex 7.24443 -240 1.94113
      vertex 6.27017 -240 1.6801
    endloop
  endfacet
  facet normal 0 -1 0
    outer loop
      vertex 6.49138 -240 0
      vertex 7.5 -240 0
      vertex 7.24443 -240 1.94113
    endloop
  endfacet
  facet normal 0 -1 0
    outer loop
      vertex 6.27017 -240 -1.6801
      vertex 7.5 -240 0
      vertex 6.49138 -240 0
    endloop
  endfacet
  facet normal 0 -1 0
    outer loop
      vertex 6.27017 -240 -1.6801
      vertex 7.24443 -240 -1.94113
      vertex 7.5 -240 0
    endloop
  endfacet
  facet normal 0 -1 0
    outer loop
      vertex 5.6217 -240 -3.24567
      vertex 7.24443 -240 -1.94113
      vertex 6.27017 -240 -1.6801
    endloop
  endfacet
  facet normal 0 -1 0
    outer loop
      vertex 5.6217 -240 -3.24567
      vertex 6.49518 -240 -3.75
      vertex 7.24443 -240 -1.94113
    endloop
  endfacet
  facet normal 0 -1 0
    outer loop
      vertex 4.59009 -240 -4.59009
      vertex 6.49518 -240 -3.75
      vertex 5.6217 -240 -3.24567
    endloop
  endfacet
  facet normal 0 -1 0
    outer loop
      vertex 4.59009 -240 -4.59009
      vertex 5.3033 -240 -5.3033
      vertex 6.49518 -240 -3.75
    endloop
  endfacet
  facet normal 0 -1 0
    outer loop
      vertex 3.24567 -240 -5.6217
      vertex 5.3033 -240 -5.3033
      vertex 4.59009 -240 -4.59009
    endloop
  endfacet
  facet normal 0 -1 0
    outer loop
      vertex 3.75 -240 -6.49518
      vertex 3.24567 -240 -5.6217
      vertex 1.6801 -240 -6.27017
    endloop
  endfacet
  facet normal 0 -1 0
    outer loop
      vertex 3.24567 -240 -5.6217
      vertex 3.75 -240 -6.49518
      vertex 5.3033 -240 -5.3033
    endloop
  endfacet
  facet normal 0 -1 0
    outer loop
      vertex 1.94113 -240 -7.24443
      vertex 1.6801 -240 -6.27017
      vertex 0 -240 -6.49138
    endloop
  endfacet
  facet normal 0 -1 -0
    outer loop
      vertex -1.6801 -240 -6.27017
      vertex -1.94113 -240 -7.24443
      vertex 0 -240 -6.49138
    endloop
  endfacet
  facet normal 0 -1 0
    outer loop
      vertex 0 -240 -7.5
      vertex 0 -240 -6.49138
      vertex -1.94113 -240 -7.24443
    endloop
  endfacet
  facet normal 0 -1 0
    outer loop
      vertex 1.6801 -240 -6.27017
      vertex 1.94113 -240 -7.24443
      vertex 3.75 -240 -6.49518
    endloop
  endfacet
  facet normal 0 -1 0
    outer loop
      vertex 0 -240 -6.49138
      vertex 0 -240 -7.5
      vertex 1.94113 -240 -7.24443
    endloop
  endfacet
  facet normal 0 1 0
    outer loop
      vertex 0 240 6.49138
      vertex 0 240 7.5
      vertex 1.94113 240 7.24443
    endloop
  endfacet
  facet normal 0 1 0
    outer loop
      vertex 1.6801 240 6.27017
      vertex 1.94113 240 7.24443
      vertex 3.75 240 6.49518
    endloop
  endfacet
  facet normal 0 1 0
    outer loop
      vertex 0 240 7.5
      vertex 0 240 6.49138
      vertex -1.94113 240 7.24443
    endloop
  endfacet
  facet normal 0 1 -0
    outer loop
      vertex -1.6801 240 6.27017
      vertex -1.94113 240 7.24443
      vertex 0 240 6.49138
    endloop
  endfacet
  facet normal 0 1 0
    outer loop
      vertex 1.94113 240 7.24443
      vertex 1.6801 240 6.27017
      vertex 0 240 6.49138
    endloop
  endfacet
  facet normal 0 1 0
    outer loop
      vertex 3.75 240 6.49518
      vertex 3.24567 240 5.6217
      vertex 1.6801 240 6.27017
    endloop
  endfacet
  facet normal 0 1 0
    outer loop
      vertex 5.3033 240 5.3033
      vertex 3.24567 240 5.6217
      vertex 3.75 240 6.49518
    endloop
  endfacet
  facet normal 0 1 0
    outer loop
      vertex 5.3033 240 5.3033
      vertex 4.59009 240 4.59009
      vertex 3.24567 240 5.6217
    endloop
  endfacet
  facet normal 0 1 0
    outer loop
      vertex 6.49518 240 3.75
      vertex 4.59009 240 4.59009
      vertex 5.3033 240 5.3033
    endloop
  endfacet
  facet normal 0 1 0
    outer loop
      vertex 6.49518 240 3.75
      vertex 5.6217 240 3.24567
      vertex 4.59009 240 4.59009
    endloop
  endfacet
  facet normal 0 1 0
    outer loop
      vertex 7.24443 240 1.94113
      vertex 5.6217 240 3.24567
      vertex 6.49518 240 3.75
    endloop
  endfacet
  facet normal 0 1 0
    outer loop
      vertex 7.24443 240 1.94113
      vertex 6.27017 240 1.6801
      vertex 5.6217 240 3.24567
    endloop
  endfacet
  facet normal 0 1 0
    outer loop
      vertex 7.5 240 0
      vertex 6.27017 240 1.6801
      vertex 7.24443 240 1.94113
    endloop
  endfacet
  facet normal 0 1 0
    outer loop
      vertex 7.5 240 0
      vertex 6.49138 240 0
      vertex 6.27017 240 1.6801
    endloop
  endfacet
  facet normal 0 1 0
    outer loop
      vertex 7.5 240 0
      vertex 6.27017 240 -1.6801
      vertex 6.49138 240 0
    endloop
  endfacet
  facet normal 0 1 -0
    outer loop
      vertex 7.24443 240 -1.94113
      vertex 6.27017 240 -1.6801
      vertex 7.5 240 0
    endloop
  endfacet
  facet normal 0 1 0
    outer loop
      vertex 7.24443 240 -1.94113
      vertex 5.6217 240 -3.24567
      vertex 6.27017 240 -1.6801
    endloop
  endfacet
  facet normal 0 1 -0
    outer loop
      vertex 6.49518 240 -3.75
      vertex 5.6217 240 -3.24567
      vertex 7.24443 240 -1.94113
    endloop
  endfacet
  facet normal 0 1 0
    outer loop
      vertex 6.49518 240 -3.75
      vertex 4.59009 240 -4.59009
      vertex 5.6217 240 -3.24567
    endloop
  endfacet
  facet normal 0 1 -0
    outer loop
      vertex 5.3033 240 -5.3033
      vertex 4.59009 240 -4.59009
      vertex 6.49518 240 -3.75
    endloop
  endfacet
  facet normal 0 1 0
    outer loop
      vertex 5.3033 240 -5.3033
      vertex 3.24567 240 -5.6217
      vertex 4.59009 240 -4.59009
    endloop
  endfacet
  facet normal 0 1 -0
    outer loop
      vertex 3.75 240 -6.49518
      vertex 3.24567 240 -5.6217
      vertex 5.3033 240 -5.3033
    endloop
  endfacet
  facet normal 0 1 -0
    outer loop
      vertex 1.94113 240 -7.24443
      vertex 1.6801 240 -6.27017
      vertex 3.75 240 -6.49518
    endloop
  endfacet
  facet normal 0 1 0
    outer loop
      vertex 3.24567 240 -5.6217
      vertex 3.75 240 -6.49518
      vertex 1.6801 240 -6.27017
    endloop
  endfacet
  facet normal 0 1 0
    outer loop
      vertex -1.94113 240 7.24443
      vertex -1.6801 240 6.27017
      vertex -3.75 240 6.49518
    endloop
  endfacet
  facet normal 0 1 -0
    outer loop
      vertex -3.24567 240 5.6217
      vertex -3.75 240 6.49518
      vertex -1.6801 240 6.27017
    endloop
  endfacet
  facet normal 0 1 0
    outer loop
      vertex -3.24567 240 5.6217
      vertex -5.3033 240 5.3033
      vertex -3.75 240 6.49518
    endloop
  endfacet
  facet normal 0 1 -0
    outer loop
      vertex -4.59009 240 4.59009
      vertex -5.3033 240 5.3033
      vertex -3.24567 240 5.6217
    endloop
  endfacet
  facet normal 0 1 0
    outer loop
      vertex -4.59009 240 4.59009
      vertex -6.49518 240 3.75
      vertex -5.3033 240 5.3033
    endloop
  endfacet
  facet normal 0 1 -0
    outer loop
      vertex -5.6217 240 3.24567
      vertex -6.49518 240 3.75
      vertex -4.59009 240 4.59009
    endloop
  endfacet
  facet normal 0 1 0
    outer loop
      vertex -5.6217 240 3.24567
      vertex -7.24443 240 1.94113
      vertex -6.49518 240 3.75
    endloop
  endfacet
  facet normal 0 1 -0
    outer loop
      vertex -6.27017 240 1.6801
      vertex -7.24443 240 1.94113
      vertex -5.6217 240 3.24567
    endloop
  endfacet
  facet normal 0 1 -0
    outer loop
      vertex -6.49138 240 0
      vertex -7.24443 240 1.94113
      vertex -6.27017 240 1.6801
    endloop
  endfacet
  facet normal 0 1 0
    outer loop
      vertex -6.49138 240 0
      vertex -7.5 240 0
      vertex -7.24443 240 1.94113
    endloop
  endfacet
  facet normal 0 1 0
    outer loop
      vertex -6.27017 240 -1.6801
      vertex -7.5 240 0
      vertex -6.49138 240 0
    endloop
  endfacet
  facet normal 0 1 0
    outer loop
      vertex -6.27017 240 -1.6801
      vertex -7.24443 240 -1.94113
      vertex -7.5 240 0
    endloop
  endfacet
  facet normal 0 1 0
    outer loop
      vertex -5.6217 240 -3.24567
      vertex -7.24443 240 -1.94113
      vertex -6.27017 240 -1.6801
    endloop
  endfacet
  facet normal 0 1 0
    outer loop
      vertex -5.6217 240 -3.24567
      vertex -6.49518 240 -3.75
      vertex -7.24443 240 -1.94113
    endloop
  endfacet
  facet normal 0 1 0
    outer loop
      vertex -4.59009 240 -4.59009
      vertex -6.49518 240 -3.75
      vertex -5.6217 240 -3.24567
    endloop
  endfacet
  facet normal 0 1 0
    outer loop
      vertex -4.59009 240 -4.59009
      vertex -5.3033 240 -5.3033
      vertex -6.49518 240 -3.75
    endloop
  endfacet
  facet normal 0 1 0
    outer loop
      vertex -3.24567 240 -5.6217
      vertex -5.3033 240 -5.3033
      vertex -4.59009 240 -4.59009
    endloop
  endfacet
  facet normal 0 1 0
    outer loop
      vertex -3.75 240 -6.49518
      vertex -3.24567 240 -5.6217
      vertex -1.6801 240 -6.27017
    endloop
  endfacet
  facet normal 0 1 0
    outer loop
      vertex -3.24567 240 -5.6217
      vertex -3.75 240 -6.49518
      vertex -5.3033 240 -5.3033
    endloop
  endfacet
  facet normal 0 1 0
    outer loop
      vertex -1.94113 240 -7.24443
      vertex -1.6801 240 -6.27017
      vertex 0 240 -6.49138
    endloop
  endfacet
  facet normal 0 1 0
    outer loop
      vertex 1.6801 240 -6.27017
      vertex 1.94113 240 -7.24443
      vertex 0 240 -6.49138
    endloop
  endfacet
  facet normal 0 1 0
    outer loop
      vertex 0 240 -7.5
      vertex 0 240 -6.49138
      vertex 1.94113 240 -7.24443
    endloop
  endfacet
  facet normal 0 1 0
    outer loop
      vertex -1.6801 240 -6.27017
      vertex -1.94113 240 -7.24443
      vertex -3.75 240 -6.49518
    endloop
  endfacet
  facet normal 0 1 0
    outer loop
      vertex 0 240 -6.49138
      vertex 0 240 -7.5
      vertex -1.94113 240 -7.24443
    endloop
  endfacet
  facet normal -0.38268 0 0.923881
    outer loop
      vertex -3.75 240 6.49518
      vertex -1.94113 -240 7.24443
      vertex -1.94113 240 7.24443
    endloop
  endfacet
  facet normal -0.38268 0 0.923881
    outer loop
      vertex -1.94113 -240 7.24443
      vertex -3.75 240 6.49518
      vertex -3.75 -240 6.49518
    endloop
  endfacet
  facet normal -0.608759 0 0.793356
    outer loop
      vertex -5.3033 240 5.3033
      vertex -3.75 -240 6.49518
      vertex -3.75 240 6.49518
    endloop
  endfacet
  facet normal -0.608759 0 0.793356
    outer loop
      vertex -3.75 -240 6.49518
      vertex -5.3033 240 5.3033
      vertex -5.3033 -240 5.3033
    endloop
  endfacet
  facet normal -0.793356 0 0.608759
    outer loop
      vertex -6.49518 -240 3.75
      vertex -5.3033 240 5.3033
      vertex -6.49518 240 3.75
    endloop
  endfacet
  facet normal -0.793356 0 0.608759
    outer loop
      vertex -5.3033 240 5.3033
      vertex -6.49518 -240 3.75
      vertex -5.3033 -240 5.3033
    endloop
  endfacet
  facet normal -0.923881 0 0.38268
    outer loop
      vertex -7.24443 -240 1.94113
      vertex -6.49518 240 3.75
      vertex -7.24443 240 1.94113
    endloop
  endfacet
  facet normal -0.923881 0 0.38268
    outer loop
      vertex -6.49518 240 3.75
      vertex -7.24443 -240 1.94113
      vertex -6.49518 -240 3.75
    endloop
  endfacet
  facet normal -0.991444 0 0.130534
    outer loop
      vertex -7.5 -240 0
      vertex -7.24443 240 1.94113
      vertex -7.5 240 0
    endloop
  endfacet
  facet normal -0.991444 0 0.130534
    outer loop
      vertex -7.24443 240 1.94113
      vertex -7.5 -240 0
      vertex -7.24443 -240 1.94113
    endloop
  endfacet
  facet normal -0.991444 0 -0.130534
    outer loop
      vertex -7.24443 -240 -1.94113
      vertex -7.5 240 0
      vertex -7.24443 240 -1.94113
    endloop
  endfacet
  facet normal -0.991444 -0 -0.130534
    outer loop
      vertex -7.5 240 0
      vertex -7.24443 -240 -1.94113
      vertex -7.5 -240 0
    endloop
  endfacet
  facet normal -0.923881 0 -0.38268
    outer loop
      vertex -6.49518 -240 -3.75
      vertex -7.24443 240 -1.94113
      vertex -6.49518 240 -3.75
    endloop
  endfacet
  facet normal -0.923881 -0 -0.38268
    outer loop
      vertex -7.24443 240 -1.94113
      vertex -6.49518 -240 -3.75
      vertex -7.24443 -240 -1.94113
    endloop
  endfacet
  facet normal -0.793356 0 -0.608759
    outer loop
      vertex -5.3033 -240 -5.3033
      vertex -6.49518 240 -3.75
      vertex -5.3033 240 -5.3033
    endloop
  endfacet
  facet normal -0.793356 -0 -0.608759
    outer loop
      vertex -6.49518 240 -3.75
      vertex -5.3033 -240 -5.3033
      vertex -6.49518 -240 -3.75
    endloop
  endfacet
  facet normal -0.608759 0 -0.793356
    outer loop
      vertex -5.3033 -240 -5.3033
      vertex -3.75 240 -6.49518
      vertex -3.75 -240 -6.49518
    endloop
  endfacet
  facet normal -0.608759 0 -0.793356
    outer loop
      vertex -3.75 240 -6.49518
      vertex -5.3033 -240 -5.3033
      vertex -5.3033 240 -5.3033
    endloop
  endfacet
  facet normal -0.38268 0 -0.923881
    outer loop
      vertex -3.75 -240 -6.49518
      vertex -1.94113 240 -7.24443
      vertex -1.94113 -240 -7.24443
    endloop
  endfacet
  facet normal -0.38268 0 -0.923881
    outer loop
      vertex -1.94113 240 -7.24443
      vertex -3.75 -240 -6.49518
      vertex -3.75 240 -6.49518
    endloop
  endfacet
  facet normal -0.130534 0 -0.991444
    outer loop
      vertex -1.94113 -240 -7.24443
      vertex 0 0 -7.5
      vertex 0 -240 -7.5
    endloop
  endfacet
  facet normal -0.130534 -0 -0.991444
    outer loop
      vertex -1.94113 240 -7.24443
      vertex 0 0 -7.5
      vertex -1.94113 -240 -7.24443
    endloop
  endfacet
  facet normal -0.130534 0 -0.991444
    outer loop
      vertex 0 0 -7.5
      vertex -1.94113 240 -7.24443
      vertex 0 240 -7.5
    endloop
  endfacet
  facet normal 0.130534 0 -0.991444
    outer loop
      vertex 0 -240 -7.5
      vertex 1.94113 -1.94113 -7.24443
      vertex 1.94113 -240 -7.24443
    endloop
  endfacet
  facet normal 0.130534 0 -0.991444
    outer loop
      vertex 1.94113 -1.94113 -7.24443
      vertex 0 -240 -7.5
      vertex 0 0 -7.5
    endloop
  endfacet
  facet normal 0.130534 0 -0.991444
    outer loop
      vertex 0 240 -7.5
      vertex 1.94113 1.94113 -7.24443
      vertex 0 0 -7.5
    endloop
  endfacet
  facet normal 0.130534 0 -0.991444
    outer loop
      vertex 1.94113 1.94113 -7.24443
      vertex 0 240 -7.5
      vertex 1.94113 240 -7.24443
    endloop
  endfacet
  facet normal 0.38268 0 -0.923881
    outer loop
      vertex 1.94113 -240 -7.24443
      vertex 3.75 -3.75 -6.49518
      vertex 3.75 -240 -6.49518
    endloop
  endfacet
  facet normal 0.38268 0 -0.923881
    outer loop
      vertex 3.75 -3.75 -6.49518
      vertex 1.94113 -240 -7.24443
      vertex 1.94113 -1.94113 -7.24443
    endloop
  endfacet
  facet normal 0.38268 0 -0.923881
    outer loop
      vertex 1.94113 240 -7.24443
      vertex 3.75 3.75 -6.49518
      vertex 1.94113 1.94113 -7.24443
    endloop
  endfacet
  facet normal 0.38268 0 -0.923881
    outer loop
      vertex 3.75 3.75 -6.49518
      vertex 1.94113 240 -7.24443
      vertex 3.75 240 -6.49518
    endloop
  endfacet
  facet normal 0.608759 0 -0.793356
    outer loop
      vertex 3.75 -240 -6.49518
      vertex 5.3033 -5.3033 -5.3033
      vertex 5.3033 -240 -5.3033
    endloop
  endfacet
  facet normal 0.608759 0 -0.793356
    outer loop
      vertex 5.3033 -5.3033 -5.3033
      vertex 3.75 -240 -6.49518
      vertex 3.75 -3.75 -6.49518
    endloop
  endfacet
  facet normal 0.608759 0 -0.793356
    outer loop
      vertex 3.75 240 -6.49518
      vertex 5.3033 5.3033 -5.3033
      vertex 3.75 3.75 -6.49518
    endloop
  endfacet
  facet normal 0.608759 0 -0.793356
    outer loop
      vertex 5.3033 5.3033 -5.3033
      vertex 3.75 240 -6.49518
      vertex 5.3033 240 -5.3033
    endloop
  endfacet
  facet normal 0.608734 -2.46025e-05 -0.793374
    outer loop
      vertex 4.04324 -1.6801 -6.27017
      vertex 5.3033 -3.66062 -5.3033
      vertex 4.88834 -3.24567 -5.6217
    endloop
  endfacet
  facet normal 0.608758 0 -0.793356
    outer loop
      vertex 5.3033 -3.66062 -5.3033
      vertex 4.04324 -1.6801 -6.27017
      vertex 5.3033 3.66062 -5.3033
    endloop
  endfacet
  facet normal 0.608758 0 -0.793356
    outer loop
      vertex 4.04324 1.6801 -6.27017
      vertex 5.3033 3.66062 -5.3033
      vertex 4.04324 -1.6801 -6.27017
    endloop
  endfacet
  facet normal 0.608734 2.46025e-05 -0.793374
    outer loop
      vertex 5.3033 3.66062 -5.3033
      vertex 4.04324 1.6801 -6.27017
      vertex 4.88834 3.24567 -5.6217
    endloop
  endfacet
  facet normal 0.608757 0 -0.793357
    outer loop
      vertex 4.04324 1.6801 -6.27017
      vertex 4.04324 -1.6801 -6.27017
      vertex 3.75495 0 -6.49138
    endloop
  endfacet
  facet normal 0.793356 0 -0.608759
    outer loop
      vertex 5.3033 -240 -5.3033
      vertex 6.49518 -6.49518 -3.75
      vertex 6.49518 -240 -3.75
    endloop
  endfacet
  facet normal 0.793356 0 -0.608759
    outer loop
      vertex 6.49518 -6.49518 -3.75
      vertex 5.3033 -240 -5.3033
      vertex 5.3033 -5.3033 -5.3033
    endloop
  endfacet
  facet normal 0.793356 0 -0.608759
    outer loop
      vertex 6.49518 6.49518 -3.75
      vertex 5.3033 240 -5.3033
      vertex 6.49518 240 -3.75
    endloop
  endfacet
  facet normal 0.793356 0 -0.608759
    outer loop
      vertex 5.3033 240 -5.3033
      vertex 6.49518 6.49518 -3.75
      vertex 5.3033 5.3033 -5.3033
    endloop
  endfacet
  facet normal 0.793353 4.39015e-06 -0.608761
    outer loop
      vertex 6.49518 5.23471 -3.75
      vertex 5.3033 3.66062 -5.3033
      vertex 5.85056 4.59009 -4.59009
    endloop
  endfacet
  facet normal 0.793356 0 -0.608759
    outer loop
      vertex 6.49518 5.23471 -3.75
      vertex 5.3033 -3.66062 -5.3033
      vertex 5.3033 3.66062 -5.3033
    endloop
  endfacet
  facet normal 0.793356 0 -0.608759
    outer loop
      vertex 6.49518 -5.23471 -3.75
      vertex 5.3033 -3.66062 -5.3033
      vertex 6.49518 5.23471 -3.75
    endloop
  endfacet
  facet normal 0.793353 -4.39015e-06 -0.608761
    outer loop
      vertex 5.3033 -3.66062 -5.3033
      vertex 6.49518 -5.23471 -3.75
      vertex 5.85056 -4.59009 -4.59009
    endloop
  endfacet
  facet normal 0.923881 0 -0.38268
    outer loop
      vertex 6.49518 -240 -3.75
      vertex 7.24443 -7.24443 -1.94113
      vertex 7.24443 -240 -1.94113
    endloop
  endfacet
  facet normal 0.923881 0 -0.38268
    outer loop
      vertex 7.24443 -7.24443 -1.94113
      vertex 6.49518 -240 -3.75
      vertex 6.49518 -6.49518 -3.75
    endloop
  endfacet
  facet normal 0.923881 0 -0.38268
    outer loop
      vertex 7.24443 7.24443 -1.94113
      vertex 6.49518 240 -3.75
      vertex 7.24443 240 -1.94113
    endloop
  endfacet
  facet normal 0.923881 0 -0.38268
    outer loop
      vertex 6.49518 240 -3.75
      vertex 7.24443 7.24443 -1.94113
      vertex 6.49518 6.49518 -3.75
    endloop
  endfacet
  facet normal 0.923884 -1.46757e-05 -0.382673
    outer loop
      vertex 7.24443 6.16205 -1.94113
      vertex 6.49518 5.23471 -3.75
      vertex 6.70408 5.6217 -3.24567
    endloop
  endfacet
  facet normal 0.923881 0 -0.38268
    outer loop
      vertex 7.24443 6.16205 -1.94113
      vertex 6.49518 -5.23471 -3.75
      vertex 6.49518 5.23471 -3.75
    endloop
  endfacet
  facet normal 0.923881 0 -0.38268
    outer loop
      vertex 7.24443 -6.16205 -1.94113
      vertex 6.49518 -5.23471 -3.75
      vertex 7.24443 6.16205 -1.94113
    endloop
  endfacet
  facet normal 0.923884 1.46757e-05 -0.382673
    outer loop
      vertex 6.49518 -5.23471 -3.75
      vertex 7.24443 -6.16205 -1.94113
      vertex 6.70408 -5.6217 -3.24567
    endloop
  endfacet
  facet normal 0.991444 0 -0.130534
    outer loop
      vertex 7.24443 -240 -1.94113
      vertex 7.5 -7.5 0
      vertex 7.5 -240 0
    endloop
  endfacet
  facet normal 0.991444 0 -0.130534
    outer loop
      vertex 7.5 -7.5 0
      vertex 7.24443 -240 -1.94113
      vertex 7.24443 -7.24443 -1.94113
    endloop
  endfacet
  facet normal 0.991444 0 -0.130534
    outer loop
      vertex 7.5 7.5 0
      vertex 7.24443 240 -1.94113
      vertex 7.5 240 0
    endloop
  endfacet
  facet normal 0.991444 0 -0.130534
    outer loop
      vertex 7.24443 240 -1.94113
      vertex 7.5 7.5 0
      vertex 7.24443 7.24443 -1.94113
    endloop
  endfacet
  facet normal 0.991445 -4.16149e-05 -0.130527
    outer loop
      vertex 7.5 6.49138 0
      vertex 7.24443 6.16205 -1.94113
      vertex 7.2788 6.27017 -1.6801
    endloop
  endfacet
  facet normal 0.991444 0 -0.130534
    outer loop
      vertex 7.5 6.49138 0
      vertex 7.24443 -6.16205 -1.94113
      vertex 7.24443 6.16205 -1.94113
    endloop
  endfacet
  facet normal 0.991444 0 -0.130534
    outer loop
      vertex 7.5 -6.49138 0
      vertex 7.24443 -6.16205 -1.94113
      vertex 7.5 6.49138 0
    endloop
  endfacet
  facet normal 0.991445 4.16149e-05 -0.130527
    outer loop
      vertex 7.24443 -6.16205 -1.94113
      vertex 7.5 -6.49138 0
      vertex 7.2788 -6.27017 -1.6801
    endloop
  endfacet
  facet normal 0.991444 -0 0.130534
    outer loop
      vertex 7.24443 -240 1.94113
      vertex 7.5 -7.5 0
      vertex 7.24443 -7.24443 1.94113
    endloop
  endfacet
  facet normal 0.991444 0 0.130534
    outer loop
      vertex 7.5 -7.5 0
      vertex 7.24443 -240 1.94113
      vertex 7.5 -240 0
    endloop
  endfacet
  facet normal 0.991444 0 0.130534
    outer loop
      vertex 7.24443 240 1.94113
      vertex 7.5 7.5 0
      vertex 7.5 240 0
    endloop
  endfacet
  facet normal 0.991444 0 0.130534
    outer loop
      vertex 7.5 7.5 0
      vertex 7.24443 240 1.94113
      vertex 7.24443 7.24443 1.94113
    endloop
  endfacet
  facet normal 0.991445 -4.16149e-05 0.130527
    outer loop
      vertex 7.24443 6.16205 1.94113
      vertex 7.5 6.49138 0
      vertex 7.2788 6.27017 1.6801
    endloop
  endfacet
  facet normal 0.991444 -0 0.130534
    outer loop
      vertex 7.24443 -6.16205 1.94113
      vertex 7.5 6.49138 0
      vertex 7.24443 6.16205 1.94113
    endloop
  endfacet
  facet normal 0.991445 4.16149e-05 0.130527
    outer loop
      vertex 7.5 -6.49138 0
      vertex 7.24443 -6.16205 1.94113
      vertex 7.2788 -6.27017 1.6801
    endloop
  endfacet
  facet normal 0.991444 0 0.130534
    outer loop
      vertex 7.24443 -6.16205 1.94113
      vertex 7.5 -6.49138 0
      vertex 7.5 6.49138 0
    endloop
  endfacet
  facet normal 0.923881 -0 0.38268
    outer loop
      vertex 6.49518 -240 3.75
      vertex 7.24443 -7.24443 1.94113
      vertex 6.49518 -6.49518 3.75
    endloop
  endfacet
  facet normal 0.923881 0 0.38268
    outer loop
      vertex 7.24443 -7.24443 1.94113
      vertex 6.49518 -240 3.75
      vertex 7.24443 -240 1.94113
    endloop
  endfacet
  facet normal 0.923881 0 0.38268
    outer loop
      vertex 6.49518 240 3.75
      vertex 7.24443 7.24443 1.94113
      vertex 7.24443 240 1.94113
    endloop
  endfacet
  facet normal 0.923881 0 0.38268
    outer loop
      vertex 7.24443 7.24443 1.94113
      vertex 6.49518 240 3.75
      vertex 6.49518 6.49518 3.75
    endloop
  endfacet
  facet normal 0.923884 -1.46757e-05 0.382673
    outer loop
      vertex 6.49518 5.23471 3.75
      vertex 7.24443 6.16205 1.94113
      vertex 6.70408 5.6217 3.24567
    endloop
  endfacet
  facet normal 0.923881 -0 0.38268
    outer loop
      vertex 6.49518 -5.23471 3.75
      vertex 7.24443 6.16205 1.94113
      vertex 6.49518 5.23471 3.75
    endloop
  endfacet
  facet normal 0.923884 1.46757e-05 0.382673
    outer loop
      vertex 7.24443 -6.16205 1.94113
      vertex 6.49518 -5.23471 3.75
      vertex 6.70408 -5.6217 3.24567
    endloop
  endfacet
  facet normal 0.923881 0 0.38268
    outer loop
      vertex 6.49518 -5.23471 3.75
      vertex 7.24443 -6.16205 1.94113
      vertex 7.24443 6.16205 1.94113
    endloop
  endfacet
  facet normal 0.793356 -0 0.608759
    outer loop
      vertex 5.3033 -240 5.3033
      vertex 6.49518 -6.49518 3.75
      vertex 5.3033 -5.3033 5.3033
    endloop
  endfacet
  facet normal 0.793356 0 0.608759
    outer loop
      vertex 6.49518 -6.49518 3.75
      vertex 5.3033 -240 5.3033
      vertex 6.49518 -240 3.75
    endloop
  endfacet
  facet normal 0.793356 0 0.608759
    outer loop
      vertex 5.3033 240 5.3033
      vertex 6.49518 6.49518 3.75
      vertex 6.49518 240 3.75
    endloop
  endfacet
  facet normal 0.793356 0 0.608759
    outer loop
      vertex 6.49518 6.49518 3.75
      vertex 5.3033 240 5.3033
      vertex 5.3033 5.3033 5.3033
    endloop
  endfacet
  facet normal 0.793353 4.39015e-06 0.608761
    outer loop
      vertex 5.3033 3.66062 5.3033
      vertex 6.49518 5.23471 3.75
      vertex 5.85056 4.59009 4.59009
    endloop
  endfacet
  facet normal 0.793356 -0 0.608759
    outer loop
      vertex 5.3033 -3.66062 5.3033
      vertex 6.49518 5.23471 3.75
      vertex 5.3033 3.66062 5.3033
    endloop
  endfacet
  facet normal 0.793353 -4.39015e-06 0.608761
    outer loop
      vertex 6.49518 -5.23471 3.75
      vertex 5.3033 -3.66062 5.3033
      vertex 5.85056 -4.59009 4.59009
    endloop
  endfacet
  facet normal 0.793356 0 0.608759
    outer loop
      vertex 5.3033 -3.66062 5.3033
      vertex 6.49518 -5.23471 3.75
      vertex 6.49518 5.23471 3.75
    endloop
  endfacet
  facet normal 0.608759 -0 0.793356
    outer loop
      vertex 3.75 -240 6.49518
      vertex 5.3033 -5.3033 5.3033
      vertex 3.75 -3.75 6.49518
    endloop
  endfacet
  facet normal 0.608759 0 0.793356
    outer loop
      vertex 5.3033 -5.3033 5.3033
      vertex 3.75 -240 6.49518
      vertex 5.3033 -240 5.3033
    endloop
  endfacet
  facet normal 0.608759 0 0.793356
    outer loop
      vertex 3.75 240 6.49518
      vertex 5.3033 5.3033 5.3033
      vertex 5.3033 240 5.3033
    endloop
  endfacet
  facet normal 0.608759 0 0.793356
    outer loop
      vertex 5.3033 5.3033 5.3033
      vertex 3.75 240 6.49518
      vertex 3.75 3.75 6.49518
    endloop
  endfacet
  facet normal 0.608734 2.46025e-05 0.793374
    outer loop
      vertex 4.04324 1.6801 6.27017
      vertex 5.3033 3.66062 5.3033
      vertex 4.88834 3.24567 5.6217
    endloop
  endfacet
  facet normal 0.608758 0 0.793356
    outer loop
      vertex 5.3033 3.66062 5.3033
      vertex 4.04324 1.6801 6.27017
      vertex 5.3033 -3.66062 5.3033
    endloop
  endfacet
  facet normal 0.608758 -0 0.793356
    outer loop
      vertex 4.04324 -1.6801 6.27017
      vertex 5.3033 -3.66062 5.3033
      vertex 4.04324 1.6801 6.27017
    endloop
  endfacet
  facet normal 0.608734 -2.46025e-05 0.793374
    outer loop
      vertex 5.3033 -3.66062 5.3033
      vertex 4.04324 -1.6801 6.27017
      vertex 4.88834 -3.24567 5.6217
    endloop
  endfacet
  facet normal 0.608757 -0 0.793357
    outer loop
      vertex 4.04324 -1.6801 6.27017
      vertex 4.04324 1.6801 6.27017
      vertex 3.75495 0 6.49138
    endloop
  endfacet
  facet normal 0.38268 -0 0.923881
    outer loop
      vertex 1.94113 -240 7.24443
      vertex 3.75 -3.75 6.49518
      vertex 1.94113 -1.94113 7.24443
    endloop
  endfacet
  facet normal 0.38268 0 0.923881
    outer loop
      vertex 3.75 -3.75 6.49518
      vertex 1.94113 -240 7.24443
      vertex 3.75 -240 6.49518
    endloop
  endfacet
  facet normal 0.38268 0 0.923881
    outer loop
      vertex 1.94113 240 7.24443
      vertex 3.75 3.75 6.49518
      vertex 3.75 240 6.49518
    endloop
  endfacet
  facet normal 0.38268 0 0.923881
    outer loop
      vertex 3.75 3.75 6.49518
      vertex 1.94113 240 7.24443
      vertex 1.94113 1.94113 7.24443
    endloop
  endfacet
  facet normal 0.130534 -0 0.991444
    outer loop
      vertex 0 -240 7.5
      vertex 1.94113 -1.94113 7.24443
      vertex 0 0 7.5
    endloop
  endfacet
  facet normal 0.130534 0 0.991444
    outer loop
      vertex 1.94113 -1.94113 7.24443
      vertex 0 -240 7.5
      vertex 1.94113 -240 7.24443
    endloop
  endfacet
  facet normal 0.130534 0 0.991444
    outer loop
      vertex 0 240 7.5
      vertex 1.94113 1.94113 7.24443
      vertex 1.94113 240 7.24443
    endloop
  endfacet
  facet normal 0.130534 0 0.991444
    outer loop
      vertex 1.94113 1.94113 7.24443
      vertex 0 240 7.5
      vertex 0 0 7.5
    endloop
  endfacet
  facet normal -0.130534 0 0.991444
    outer loop
      vertex -1.94113 240 7.24443
      vertex 0 0 7.5
      vertex 0 240 7.5
    endloop
  endfacet
  facet normal -0.130534 0 0.991444
    outer loop
      vertex -1.94113 -240 7.24443
      vertex 0 0 7.5
      vertex -1.94113 240 7.24443
    endloop
  endfacet
  facet normal -0.130534 0 0.991444
    outer loop
      vertex 0 0 7.5
      vertex -1.94113 -240 7.24443
      vertex 0 -240 7.5
    endloop
  endfacet
  facet normal -0.382678 0 -0.923882
    outer loop
      vertex 1.6801 -240 6.27017
      vertex 3.24567 -4.88834 5.6217
      vertex 3.24567 -240 5.6217
    endloop
  endfacet
  facet normal -0.382678 0 -0.923882
    outer loop
      vertex 3.24567 -4.88834 5.6217
      vertex 1.6801 -240 6.27017
      vertex 1.6801 -4.04324 6.27017
    endloop
  endfacet
  facet normal -0.382678 -0 -0.923882
    outer loop
      vertex 1.6801 240 6.27017
      vertex 3.24567 4.88834 5.6217
      vertex 1.6801 4.04324 6.27017
    endloop
  endfacet
  facet normal -0.382678 0 -0.923882
    outer loop
      vertex 3.24567 4.88834 5.6217
      vertex 1.6801 240 6.27017
      vertex 3.24567 240 5.6217
    endloop
  endfacet
  facet normal -0.382678 0 -0.923882
    outer loop
      vertex 1.6801 -1.6801 6.27017
      vertex 3.24567 3.24567 5.6217
      vertex 3.24567 -3.24567 5.6217
    endloop
  endfacet
  facet normal -0.382678 0 -0.923882
    outer loop
      vertex 3.24567 3.24567 5.6217
      vertex 1.6801 -1.6801 6.27017
      vertex 1.6801 1.6801 6.27017
    endloop
  endfacet
  facet normal -0.608762 0 -0.793353
    outer loop
      vertex 3.24567 -240 5.6217
      vertex 4.59009 -5.85056 4.59009
      vertex 4.59009 -240 4.59009
    endloop
  endfacet
  facet normal -0.608763 1.17765e-08 -0.793352
    outer loop
      vertex 4.59009 -5.85056 4.59009
      vertex 3.24567 -240 5.6217
      vertex 3.66062 -5.3033 5.3033
    endloop
  endfacet
  facet normal -0.608759 0 -0.793355
    outer loop
      vertex 3.66062 -5.3033 5.3033
      vertex 3.24567 -240 5.6217
      vertex 3.24567 -4.88834 5.6217
    endloop
  endfacet
  facet normal -0.608763 -1.17765e-08 -0.793352
    outer loop
      vertex 3.24567 240 5.6217
      vertex 4.59009 5.85056 4.59009
      vertex 3.66062 5.3033 5.3033
    endloop
  endfacet
  facet normal -0.608759 -0 -0.793355
    outer loop
      vertex 3.24567 240 5.6217
      vertex 3.66062 5.3033 5.3033
      vertex 3.24567 4.88834 5.6217
    endloop
  endfacet
  facet normal -0.608762 0 -0.793353
    outer loop
      vertex 4.59009 5.85056 4.59009
      vertex 3.24567 240 5.6217
      vertex 4.59009 240 4.59009
    endloop
  endfacet
  facet normal -0.608762 0 -0.793353
    outer loop
      vertex 3.24567 -3.24567 5.6217
      vertex 4.59009 4.59009 4.59009
      vertex 4.59009 -4.59009 4.59009
    endloop
  endfacet
  facet normal -0.608762 0 -0.793353
    outer loop
      vertex 4.59009 4.59009 4.59009
      vertex 3.24567 -3.24567 5.6217
      vertex 3.24567 3.24567 5.6217
    endloop
  endfacet
  facet normal -0.793353 0 -0.608762
    outer loop
      vertex 4.59009 -240 4.59009
      vertex 5.6217 -6.70408 3.24567
      vertex 5.6217 -240 3.24567
    endloop
  endfacet
  facet normal -0.79335 -3.51441e-08 -0.608765
    outer loop
      vertex 5.6217 -6.70408 3.24567
      vertex 4.59009 -240 4.59009
      vertex 5.23471 -6.49518 3.75
    endloop
  endfacet
  facet normal -0.793355 0 -0.608759
    outer loop
      vertex 5.23471 -6.49518 3.75
      vertex 4.59009 -240 4.59009
      vertex 4.59009 -5.85056 4.59009
    endloop
  endfacet
  facet normal -0.793353 0 -0.608762
    outer loop
      vertex 5.6217 6.70408 3.24567
      vertex 4.59009 240 4.59009
      vertex 5.6217 240 3.24567
    endloop
  endfacet
  facet normal -0.79335 3.51441e-08 -0.608765
    outer loop
      vertex 5.23471 6.49518 3.75
      vertex 4.59009 240 4.59009
      vertex 5.6217 6.70408 3.24567
    endloop
  endfacet
  facet normal -0.793355 -0 -0.608759
    outer loop
      vertex 4.59009 240 4.59009
      vertex 5.23471 6.49518 3.75
      vertex 4.59009 5.85056 4.59009
    endloop
  endfacet
  facet normal -0.793353 0 -0.608762
    outer loop
      vertex 5.6217 5.6217 3.24567
      vertex 4.59009 -4.59009 4.59009
      vertex 4.59009 4.59009 4.59009
    endloop
  endfacet
  facet normal -0.793353 0 -0.608762
    outer loop
      vertex 4.59009 -4.59009 4.59009
      vertex 5.6217 5.6217 3.24567
      vertex 5.6217 -5.6217 3.24567
    endloop
  endfacet
  facet normal -0.923882 0 -0.382678
    outer loop
      vertex 5.6217 -240 3.24567
      vertex 6.27017 -7.2788 1.6801
      vertex 6.27017 -240 1.6801
    endloop
  endfacet
  facet normal -0.923882 1.05713e-08 -0.382677
    outer loop
      vertex 6.27017 -7.2788 1.6801
      vertex 5.6217 -240 3.24567
      vertex 6.16205 -7.24443 1.94113
    endloop
  endfacet
  facet normal -0.923882 0 -0.382678
    outer loop
      vertex 6.16205 -7.24443 1.94113
      vertex 5.6217 -240 3.24567
      vertex 5.6217 -6.70408 3.24567
    endloop
  endfacet
  facet normal -0.923882 0 -0.382678
    outer loop
      vertex 6.27017 7.2788 1.6801
      vertex 5.6217 240 3.24567
      vertex 6.27017 240 1.6801
    endloop
  endfacet
  facet normal -0.923882 -1.05713e-08 -0.382677
    outer loop
      vertex 6.16205 7.24443 1.94113
      vertex 5.6217 240 3.24567
      vertex 6.27017 7.2788 1.6801
    endloop
  endfacet
  facet normal -0.923882 -0 -0.382678
    outer loop
      vertex 5.6217 240 3.24567
      vertex 6.16205 7.24443 1.94113
      vertex 5.6217 6.70408 3.24567
    endloop
  endfacet
  facet normal -0.923882 0 -0.382678
    outer loop
      vertex 6.27017 6.27017 1.6801
      vertex 5.6217 -5.6217 3.24567
      vertex 5.6217 5.6217 3.24567
    endloop
  endfacet
  facet normal -0.923882 0 -0.382678
    outer loop
      vertex 5.6217 -5.6217 3.24567
      vertex 6.27017 6.27017 1.6801
      vertex 6.27017 -6.27017 1.6801
    endloop
  endfacet
  facet normal -0.991443 0 -0.130538
    outer loop
      vertex 6.27017 -240 1.6801
      vertex 6.49138 -7.5 0
      vertex 6.49138 -240 0
    endloop
  endfacet
  facet normal -0.991443 0 -0.130538
    outer loop
      vertex 6.49138 -7.5 0
      vertex 6.27017 -240 1.6801
      vertex 6.27017 -7.2788 1.6801
    endloop
  endfacet
  facet normal -0.991443 0 -0.130538
    outer loop
      vertex 6.49138 7.5 0
      vertex 6.27017 240 1.6801
      vertex 6.49138 240 0
    endloop
  endfacet
  facet normal -0.991443 -0 -0.130538
    outer loop
      vertex 6.27017 240 1.6801
      vertex 6.49138 7.5 0
      vertex 6.27017 7.2788 1.6801
    endloop
  endfacet
  facet normal -0.991443 0 -0.130538
    outer loop
      vertex 6.49138 6.49138 0
      vertex 6.27017 -6.27017 1.6801
      vertex 6.27017 6.27017 1.6801
    endloop
  endfacet
  facet normal -0.991443 0 -0.130538
    outer loop
      vertex 6.27017 -6.27017 1.6801
      vertex 6.49138 6.49138 0
      vertex 6.49138 -6.49138 0
    endloop
  endfacet
  facet normal -0.991443 0 0.130538
    outer loop
      vertex 6.27017 -240 -1.6801
      vertex 6.49138 -7.5 0
      vertex 6.27017 -7.2788 -1.6801
    endloop
  endfacet
  facet normal -0.991443 0 0.130538
    outer loop
      vertex 6.49138 -7.5 0
      vertex 6.27017 -240 -1.6801
      vertex 6.49138 -240 0
    endloop
  endfacet
  facet normal -0.991443 0 0.130538
    outer loop
      vertex 6.27017 240 -1.6801
      vertex 6.49138 7.5 0
      vertex 6.49138 240 0
    endloop
  endfacet
  facet normal -0.991443 0 0.130538
    outer loop
      vertex 6.49138 7.5 0
      vertex 6.27017 240 -1.6801
      vertex 6.27017 7.2788 -1.6801
    endloop
  endfacet
  facet normal -0.991443 0 0.130538
    outer loop
      vertex 6.27017 -6.27017 -1.6801
      vertex 6.49138 6.49138 0
      vertex 6.27017 6.27017 -1.6801
    endloop
  endfacet
  facet normal -0.991443 0 0.130538
    outer loop
      vertex 6.49138 6.49138 0
      vertex 6.27017 -6.27017 -1.6801
      vertex 6.49138 -6.49138 0
    endloop
  endfacet
  facet normal -0.923882 0 0.382678
    outer loop
      vertex 5.6217 -240 -3.24567
      vertex 6.16205 -7.24443 -1.94113
      vertex 5.6217 -6.70408 -3.24567
    endloop
  endfacet
  facet normal -0.923882 1.05713e-08 0.382677
    outer loop
      vertex 5.6217 -240 -3.24567
      vertex 6.27017 -7.2788 -1.6801
      vertex 6.16205 -7.24443 -1.94113
    endloop
  endfacet
  facet normal -0.923882 0 0.382678
    outer loop
      vertex 6.27017 -7.2788 -1.6801
      vertex 5.6217 -240 -3.24567
      vertex 6.27017 -240 -1.6801
    endloop
  endfacet
  facet normal -0.923882 0 0.382678
    outer loop
      vertex 5.6217 240 -3.24567
      vertex 6.27017 7.2788 -1.6801
      vertex 6.27017 240 -1.6801
    endloop
  endfacet
  facet normal -0.923882 -1.05713e-08 0.382677
    outer loop
      vertex 5.6217 240 -3.24567
      vertex 6.16205 7.24443 -1.94113
      vertex 6.27017 7.2788 -1.6801
    endloop
  endfacet
  facet normal -0.923882 0 0.382678
    outer loop
      vertex 6.16205 7.24443 -1.94113
      vertex 5.6217 240 -3.24567
      vertex 5.6217 6.70408 -3.24567
    endloop
  endfacet
  facet normal -0.923882 0 0.382678
    outer loop
      vertex 5.6217 -5.6217 -3.24567
      vertex 6.27017 6.27017 -1.6801
      vertex 5.6217 5.6217 -3.24567
    endloop
  endfacet
  facet normal -0.923882 0 0.382678
    outer loop
      vertex 6.27017 6.27017 -1.6801
      vertex 5.6217 -5.6217 -3.24567
      vertex 6.27017 -6.27017 -1.6801
    endloop
  endfacet
  facet normal -0.793355 0 0.608759
    outer loop
      vertex 4.59009 -240 -4.59009
      vertex 5.23471 -6.49518 -3.75
      vertex 4.59009 -5.85056 -4.59009
    endloop
  endfacet
  facet normal -0.79335 -3.51441e-08 0.608765
    outer loop
      vertex 4.59009 -240 -4.59009
      vertex 5.6217 -6.70408 -3.24567
      vertex 5.23471 -6.49518 -3.75
    endloop
  endfacet
  facet normal -0.793353 0 0.608762
    outer loop
      vertex 5.6217 -6.70408 -3.24567
      vertex 4.59009 -240 -4.59009
      vertex 5.6217 -240 -3.24567
    endloop
  endfacet
  facet normal -0.793353 0 0.608762
    outer loop
      vertex 4.59009 240 -4.59009
      vertex 5.6217 6.70408 -3.24567
      vertex 5.6217 240 -3.24567
    endloop
  endfacet
  facet normal -0.79335 3.51441e-08 0.608765
    outer loop
      vertex 4.59009 240 -4.59009
      vertex 5.23471 6.49518 -3.75
      vertex 5.6217 6.70408 -3.24567
    endloop
  endfacet
  facet normal -0.793355 0 0.608759
    outer loop
      vertex 5.23471 6.49518 -3.75
      vertex 4.59009 240 -4.59009
      vertex 4.59009 5.85056 -4.59009
    endloop
  endfacet
  facet normal -0.793353 0 0.608762
    outer loop
      vertex 4.59009 -4.59009 -4.59009
      vertex 5.6217 5.6217 -3.24567
      vertex 4.59009 4.59009 -4.59009
    endloop
  endfacet
  facet normal -0.793353 0 0.608762
    outer loop
      vertex 5.6217 5.6217 -3.24567
      vertex 4.59009 -4.59009 -4.59009
      vertex 5.6217 -5.6217 -3.24567
    endloop
  endfacet
  facet normal -0.608763 1.17765e-08 0.793352
    outer loop
      vertex 3.24567 -240 -5.6217
      vertex 4.59009 -5.85056 -4.59009
      vertex 3.66062 -5.3033 -5.3033
    endloop
  endfacet
  facet normal -0.608759 0 0.793355
    outer loop
      vertex 3.24567 -240 -5.6217
      vertex 3.66062 -5.3033 -5.3033
      vertex 3.24567 -4.88834 -5.6217
    endloop
  endfacet
  facet normal -0.608762 0 0.793353
    outer loop
      vertex 4.59009 -5.85056 -4.59009
      vertex 3.24567 -240 -5.6217
      vertex 4.59009 -240 -4.59009
    endloop
  endfacet
  facet normal -0.608762 0 0.793353
    outer loop
      vertex 3.24567 240 -5.6217
      vertex 4.59009 5.85056 -4.59009
      vertex 4.59009 240 -4.59009
    endloop
  endfacet
  facet normal -0.608763 -1.17765e-08 0.793352
    outer loop
      vertex 4.59009 5.85056 -4.59009
      vertex 3.24567 240 -5.6217
      vertex 3.66062 5.3033 -5.3033
    endloop
  endfacet
  facet normal -0.608759 0 0.793355
    outer loop
      vertex 3.66062 5.3033 -5.3033
      vertex 3.24567 240 -5.6217
      vertex 3.24567 4.88834 -5.6217
    endloop
  endfacet
  facet normal -0.608762 0 0.793353
    outer loop
      vertex 3.24567 3.24567 -5.6217
      vertex 4.59009 -4.59009 -4.59009
      vertex 4.59009 4.59009 -4.59009
    endloop
  endfacet
  facet normal -0.608762 0 0.793353
    outer loop
      vertex 4.59009 -4.59009 -4.59009
      vertex 3.24567 3.24567 -5.6217
      vertex 3.24567 -3.24567 -5.6217
    endloop
  endfacet
  facet normal -0.382678 0 0.923882
    outer loop
      vertex 1.6801 -240 -6.27017
      vertex 3.24567 -4.88834 -5.6217
      vertex 1.6801 -4.04324 -6.27017
    endloop
  endfacet
  facet normal -0.382678 0 0.923882
    outer loop
      vertex 3.24567 -4.88834 -5.6217
      vertex 1.6801 -240 -6.27017
      vertex 3.24567 -240 -5.6217
    endloop
  endfacet
  facet normal -0.382678 0 0.923882
    outer loop
      vertex 1.6801 240 -6.27017
      vertex 3.24567 4.88834 -5.6217
      vertex 3.24567 240 -5.6217
    endloop
  endfacet
  facet normal -0.382678 0 0.923882
    outer loop
      vertex 3.24567 4.88834 -5.6217
      vertex 1.6801 240 -6.27017
      vertex 1.6801 4.04324 -6.27017
    endloop
  endfacet
  facet normal -0.382678 0 0.923882
    outer loop
      vertex 1.6801 1.6801 -6.27017
      vertex 3.24567 -3.24567 -5.6217
      vertex 3.24567 3.24567 -5.6217
    endloop
  endfacet
  facet normal -0.382678 0 0.923882
    outer loop
      vertex 3.24567 -3.24567 -5.6217
      vertex 1.6801 1.6801 -6.27017
      vertex 1.6801 -1.6801 -6.27017
    endloop
  endfacet
  facet normal -0.130538 0 0.991443
    outer loop
      vertex 0 -240 -6.49138
      vertex 1.6801 -4.04324 -6.27017
      vertex 0 -3.75495 -6.49138
    endloop
  endfacet
  facet normal -0.130538 0 0.991443
    outer loop
      vertex 1.6801 -4.04324 -6.27017
      vertex 0 -240 -6.49138
      vertex 1.6801 -240 -6.27017
    endloop
  endfacet
  facet normal -0.130538 0 0.991443
    outer loop
      vertex 0 240 -6.49138
      vertex 1.6801 4.04324 -6.27017
      vertex 1.6801 240 -6.27017
    endloop
  endfacet
  facet normal -0.130538 0 0.991443
    outer loop
      vertex 1.6801 4.04324 -6.27017
      vertex 0 240 -6.49138
      vertex 0 3.75495 -6.49138
    endloop
  endfacet
  facet normal -0.130538 0 0.991443
    outer loop
      vertex 0 0 -6.49138
      vertex 1.6801 -1.6801 -6.27017
      vertex 1.6801 1.6801 -6.27017
    endloop
  endfacet
  facet normal 0.130538 0 0.991443
    outer loop
      vertex -1.6801 240 -6.27017
      vertex 0 3.75495 -6.49138
      vertex 0 240 -6.49138
    endloop
  endfacet
  facet normal 0.130538 0 0.991443
    outer loop
      vertex 0 3.75495 -6.49138
      vertex -1.6801 240 -6.27017
      vertex 0 0 -6.49138
    endloop
  endfacet
  facet normal 0.130538 0 0.991443
    outer loop
      vertex 0 0 -6.49138
      vertex -1.6801 240 -6.27017
      vertex 0 -3.75495 -6.49138
    endloop
  endfacet
  facet normal 0.130538 -0 0.991443
    outer loop
      vertex -1.6801 -240 -6.27017
      vertex 0 -3.75495 -6.49138
      vertex -1.6801 240 -6.27017
    endloop
  endfacet
  facet normal 0.130538 0 0.991443
    outer loop
      vertex 0 -3.75495 -6.49138
      vertex -1.6801 -240 -6.27017
      vertex 0 -240 -6.49138
    endloop
  endfacet
  facet normal 0.382678 0 0.923882
    outer loop
      vertex -3.24567 240 -5.6217
      vertex -1.6801 -240 -6.27017
      vertex -1.6801 240 -6.27017
    endloop
  endfacet
  facet normal 0.382678 0 0.923882
    outer loop
      vertex -1.6801 -240 -6.27017
      vertex -3.24567 240 -5.6217
      vertex -3.24567 -240 -5.6217
    endloop
  endfacet
  facet normal 0.608762 0 0.793353
    outer loop
      vertex -4.59009 240 -4.59009
      vertex -3.24567 -240 -5.6217
      vertex -3.24567 240 -5.6217
    endloop
  endfacet
  facet normal 0.608762 0 0.793353
    outer loop
      vertex -3.24567 -240 -5.6217
      vertex -4.59009 240 -4.59009
      vertex -4.59009 -240 -4.59009
    endloop
  endfacet
  facet normal 0.793353 -0 0.608762
    outer loop
      vertex -5.6217 -240 -3.24567
      vertex -4.59009 240 -4.59009
      vertex -5.6217 240 -3.24567
    endloop
  endfacet
  facet normal 0.793353 0 0.608762
    outer loop
      vertex -4.59009 240 -4.59009
      vertex -5.6217 -240 -3.24567
      vertex -4.59009 -240 -4.59009
    endloop
  endfacet
  facet normal 0.923882 -0 0.382678
    outer loop
      vertex -6.27017 -240 -1.6801
      vertex -5.6217 240 -3.24567
      vertex -6.27017 240 -1.6801
    endloop
  endfacet
  facet normal 0.923882 0 0.382678
    outer loop
      vertex -5.6217 240 -3.24567
      vertex -6.27017 -240 -1.6801
      vertex -5.6217 -240 -3.24567
    endloop
  endfacet
  facet normal 0.991443 -0 0.130538
    outer loop
      vertex -6.49138 -240 0
      vertex -6.27017 240 -1.6801
      vertex -6.49138 240 0
    endloop
  endfacet
  facet normal 0.991443 0 0.130538
    outer loop
      vertex -6.27017 240 -1.6801
      vertex -6.49138 -240 0
      vertex -6.27017 -240 -1.6801
    endloop
  endfacet
  facet normal 0.991443 0 -0.130538
    outer loop
      vertex -6.27017 -240 1.6801
      vertex -6.49138 240 0
      vertex -6.27017 240 1.6801
    endloop
  endfacet
  facet normal 0.991443 0 -0.130538
    outer loop
      vertex -6.49138 240 0
      vertex -6.27017 -240 1.6801
      vertex -6.49138 -240 0
    endloop
  endfacet
  facet normal 0.923882 0 -0.382678
    outer loop
      vertex -5.6217 -240 3.24567
      vertex -6.27017 240 1.6801
      vertex -5.6217 240 3.24567
    endloop
  endfacet
  facet normal 0.923882 0 -0.382678
    outer loop
      vertex -6.27017 240 1.6801
      vertex -5.6217 -240 3.24567
      vertex -6.27017 -240 1.6801
    endloop
  endfacet
  facet normal 0.793353 0 -0.608762
    outer loop
      vertex -4.59009 -240 4.59009
      vertex -5.6217 240 3.24567
      vertex -4.59009 240 4.59009
    endloop
  endfacet
  facet normal 0.793353 0 -0.608762
    outer loop
      vertex -5.6217 240 3.24567
      vertex -4.59009 -240 4.59009
      vertex -5.6217 -240 3.24567
    endloop
  endfacet
  facet normal 0.608762 0 -0.793353
    outer loop
      vertex -4.59009 -240 4.59009
      vertex -3.24567 240 5.6217
      vertex -3.24567 -240 5.6217
    endloop
  endfacet
  facet normal 0.608762 0 -0.793353
    outer loop
      vertex -3.24567 240 5.6217
      vertex -4.59009 -240 4.59009
      vertex -4.59009 240 4.59009
    endloop
  endfacet
  facet normal 0.382678 0 -0.923882
    outer loop
      vertex -3.24567 -240 5.6217
      vertex -1.6801 240 6.27017
      vertex -1.6801 -240 6.27017
    endloop
  endfacet
  facet normal 0.382678 0 -0.923882
    outer loop
      vertex -1.6801 240 6.27017
      vertex -3.24567 -240 5.6217
      vertex -3.24567 240 5.6217
    endloop
  endfacet
  facet normal 0.130538 0 -0.991443
    outer loop
      vertex -1.6801 -240 6.27017
      vertex 0 -3.75495 6.49138
      vertex 0 -240 6.49138
    endloop
  endfacet
  facet normal 0.130538 0 -0.991443
    outer loop
      vertex 0 -3.75495 6.49138
      vertex -1.6801 -240 6.27017
      vertex 0 0 6.49138
    endloop
  endfacet
  facet normal 0.130538 0 -0.991443
    outer loop
      vertex 0 0 6.49138
      vertex -1.6801 -240 6.27017
      vertex 0 3.75495 6.49138
    endloop
  endfacet
  facet normal 0.130538 0 -0.991443
    outer loop
      vertex -1.6801 240 6.27017
      vertex 0 3.75495 6.49138
      vertex -1.6801 -240 6.27017
    endloop
  endfacet
  facet normal 0.130538 0 -0.991443
    outer loop
      vertex 0 3.75495 6.49138
      vertex -1.6801 240 6.27017
      vertex 0 240 6.49138
    endloop
  endfacet
  facet normal -0.130538 0 -0.991443
    outer loop
      vertex 0 -240 6.49138
      vertex 1.6801 -4.04324 6.27017
      vertex 1.6801 -240 6.27017
    endloop
  endfacet
  facet normal -0.130538 0 -0.991443
    outer loop
      vertex 1.6801 -4.04324 6.27017
      vertex 0 -240 6.49138
      vertex 0 -3.75495 6.49138
    endloop
  endfacet
  facet normal -0.130538 -0 -0.991443
    outer loop
      vertex 0 240 6.49138
      vertex 1.6801 4.04324 6.27017
      vertex 0 3.75495 6.49138
    endloop
  endfacet
  facet normal -0.130538 0 -0.991443
    outer loop
      vertex 1.6801 4.04324 6.27017
      vertex 0 240 6.49138
      vertex 1.6801 240 6.27017
    endloop
  endfacet
  facet normal -0.130538 0 -0.991443
    outer loop
      vertex 0 0 6.49138
      vertex 1.6801 1.6801 6.27017
      vertex 1.6801 -1.6801 6.27017
    endloop
  endfacet
  facet normal -1 0 0
    outer loop
      vertex 0 -3.75495 -6.49138
      vertex 0 -1.6801 -6.27017
      vertex 0 0 -6.49138
    endloop
  endfacet
  facet normal -1 0 0
    outer loop
      vertex 0 -3.75495 -6.49138
      vertex 0 -3.24567 -5.6217
      vertex 0 -1.6801 -6.27017
    endloop
  endfacet
  facet normal -1 0 0
    outer loop
      vertex 0 -3.75495 -6.49138
      vertex 0 -4.59009 -4.59009
      vertex 0 -3.24567 -5.6217
    endloop
  endfacet
  facet normal -1 0 0
    outer loop
      vertex 0 -5.3033 -5.3033
      vertex 0 -4.59009 -4.59009
      vertex 0 -3.75495 -6.49138
    endloop
  endfacet
  facet normal -1 0 0
    outer loop
      vertex 0 -5.3033 -5.3033
      vertex 0 -5.6217 -3.24567
      vertex 0 -4.59009 -4.59009
    endloop
  endfacet
  facet normal -1 0 0
    outer loop
      vertex 0 -6.49518 -3.75
      vertex 0 -5.6217 -3.24567
      vertex 0 -5.3033 -5.3033
    endloop
  endfacet
  facet normal -1 0 0
    outer loop
      vertex 0 -7.24443 -1.94113
      vertex 0 -6.27017 -1.6801
      vertex 0 -6.49518 -3.75
    endloop
  endfacet
  facet normal -1 -0 0
    outer loop
      vertex 0 -5.6217 -3.24567
      vertex 0 -6.49518 -3.75
      vertex 0 -6.27017 -1.6801
    endloop
  endfacet
  facet normal -1 0 0
    outer loop
      vertex 0 -1.6801 6.27017
      vertex 0 -3.75495 6.49138
      vertex 0 0 6.49138
    endloop
  endfacet
  facet normal -1 0 0
    outer loop
      vertex 0 -3.24567 5.6217
      vertex 0 -3.75495 6.49138
      vertex 0 -1.6801 6.27017
    endloop
  endfacet
  facet normal -1 0 0
    outer loop
      vertex 0 -4.59009 4.59009
      vertex 0 -3.75495 6.49138
      vertex 0 -3.24567 5.6217
    endloop
  endfacet
  facet normal -1 0 0
    outer loop
      vertex 0 -4.59009 4.59009
      vertex 0 -5.3033 5.3033
      vertex 0 -3.75495 6.49138
    endloop
  endfacet
  facet normal -1 0 0
    outer loop
      vertex 0 -5.6217 3.24567
      vertex 0 -5.3033 5.3033
      vertex 0 -4.59009 4.59009
    endloop
  endfacet
  facet normal -1 0 0
    outer loop
      vertex 0 -6.49518 3.75
      vertex 0 -5.6217 3.24567
      vertex 0 -6.27017 1.6801
    endloop
  endfacet
  facet normal -1 0 0
    outer loop
      vertex 0 -5.6217 3.24567
      vertex 0 -6.49518 3.75
      vertex 0 -5.3033 5.3033
    endloop
  endfacet
  facet normal -1 0 0
    outer loop
      vertex 0 -7.24443 1.94113
      vertex 0 -6.27017 1.6801
      vertex 0 -6.49138 0
    endloop
  endfacet
  facet normal -1 -0 0
    outer loop
      vertex 0 -6.27017 -1.6801
      vertex 0 -7.24443 -1.94113
      vertex 0 -6.49138 0
    endloop
  endfacet
  facet normal -1 0 0
    outer loop
      vertex 0 -7.5 0
      vertex 0 -6.49138 0
      vertex 0 -7.24443 -1.94113
    endloop
  endfacet
  facet normal -1 0 0
    outer loop
      vertex 0 -6.27017 1.6801
      vertex 0 -7.24443 1.94113
      vertex 0 -6.49518 3.75
    endloop
  endfacet
  facet normal -1 0 0
    outer loop
      vertex 0 -6.49138 0
      vertex 0 -7.5 0
      vertex 0 -7.24443 1.94113
    endloop
  endfacet
  facet normal -1 0 0
    outer loop
      vertex 0 6.49138 0
      vertex 0 7.5 0
      vertex 0 7.24443 -1.94113
    endloop
  endfacet
  facet normal -1 0 0
    outer loop
      vertex 0 6.27017 -1.6801
      vertex 0 7.24443 -1.94113
      vertex 0 6.49518 -3.75
    endloop
  endfacet
  facet normal -1 0 0
    outer loop
      vertex 0 7.5 0
      vertex 0 6.49138 0
      vertex 0 7.24443 1.94113
    endloop
  endfacet
  facet normal -1 0 0
    outer loop
      vertex 0 6.27017 1.6801
      vertex 0 7.24443 1.94113
      vertex 0 6.49138 0
    endloop
  endfacet
  facet normal -1 0 0
    outer loop
      vertex 0 7.24443 -1.94113
      vertex 0 6.27017 -1.6801
      vertex 0 6.49138 0
    endloop
  endfacet
  facet normal -1 0 0
    outer loop
      vertex 0 6.49518 -3.75
      vertex 0 5.6217 -3.24567
      vertex 0 6.27017 -1.6801
    endloop
  endfacet
  facet normal -1 0 0
    outer loop
      vertex 0 5.3033 -5.3033
      vertex 0 5.6217 -3.24567
      vertex 0 6.49518 -3.75
    endloop
  endfacet
  facet normal -1 0 0
    outer loop
      vertex 0 5.3033 -5.3033
      vertex 0 4.59009 -4.59009
      vertex 0 5.6217 -3.24567
    endloop
  endfacet
  facet normal -1 0 0
    outer loop
      vertex 0 3.75495 -6.49138
      vertex 0 4.59009 -4.59009
      vertex 0 5.3033 -5.3033
    endloop
  endfacet
  facet normal -1 0 0
    outer loop
      vertex 0 3.75495 -6.49138
      vertex 0 3.24567 -5.6217
      vertex 0 4.59009 -4.59009
    endloop
  endfacet
  facet normal -1 0 0
    outer loop
      vertex 0 3.75495 -6.49138
      vertex 0 1.6801 -6.27017
      vertex 0 3.24567 -5.6217
    endloop
  endfacet
  facet normal -1 0 -0
    outer loop
      vertex 0 1.6801 -6.27017
      vertex 0 3.75495 -6.49138
      vertex 0 0 -6.49138
    endloop
  endfacet
  facet normal -1 -0 0
    outer loop
      vertex 0 7.24443 1.94113
      vertex 0 6.27017 1.6801
      vertex 0 6.49518 3.75
    endloop
  endfacet
  facet normal -1 0 0
    outer loop
      vertex 0 5.6217 3.24567
      vertex 0 6.49518 3.75
      vertex 0 6.27017 1.6801
    endloop
  endfacet
  facet normal -1 0 0
    outer loop
      vertex 0 5.6217 3.24567
      vertex 0 5.3033 5.3033
      vertex 0 6.49518 3.75
    endloop
  endfacet
  facet normal -1 0 0
    outer loop
      vertex 0 4.59009 4.59009
      vertex 0 5.3033 5.3033
      vertex 0 5.6217 3.24567
    endloop
  endfacet
  facet normal -1 0 0
    outer loop
      vertex 0 4.59009 4.59009
      vertex 0 3.75495 6.49138
      vertex 0 5.3033 5.3033
    endloop
  endfacet
  facet normal -1 0 0
    outer loop
      vertex 0 3.24567 5.6217
      vertex 0 3.75495 6.49138
      vertex 0 4.59009 4.59009
    endloop
  endfacet
  facet normal -1 0 0
    outer loop
      vertex 0 1.6801 6.27017
      vertex 0 3.75495 6.49138
      vertex 0 3.24567 5.6217
    endloop
  endfacet
  facet normal -1 -0 0
    outer loop
      vertex 0 3.75495 6.49138
      vertex 0 1.6801 6.27017
      vertex 0 0 6.49138
    endloop
  endfacet
  facet normal 1 0 0
    outer loop
      vertex 100 6.49138 0
      vertex 100 7.5 0
      vertex 100 7.24443 1.94113
    endloop
  endfacet
  facet normal 1 0 0
    outer loop
      vertex 100 6.27017 1.6801
      vertex 100 7.24443 1.94113
      vertex 100 6.49518 3.75
    endloop
  endfacet
  facet normal 1 0 0
    outer loop
      vertex 100 7.5 0
      vertex 100 6.49138 0
      vertex 100 7.24443 -1.94113
    endloop
  endfacet
  facet normal 1 -0 0
    outer loop
      vertex 100 6.27017 -1.6801
      vertex 100 7.24443 -1.94113
      vertex 100 6.49138 0
    endloop
  endfacet
  facet normal 1 0 0
    outer loop
      vertex 100 7.24443 1.94113
      vertex 100 6.27017 1.6801
      vertex 100 6.49138 0
    endloop
  endfacet
  facet normal 1 0 0
    outer loop
      vertex 100 6.49518 3.75
      vertex 100 5.6217 3.24567
      vertex 100 6.27017 1.6801
    endloop
  endfacet
  facet normal 1 0 0
    outer loop
      vertex 100 5.3033 5.3033
      vertex 100 5.6217 3.24567
      vertex 100 6.49518 3.75
    endloop
  endfacet
  facet normal 1 0 0
    outer loop
      vertex 100 5.3033 5.3033
      vertex 100 4.59009 4.59009
      vertex 100 5.6217 3.24567
    endloop
  endfacet
  facet normal 1 0 0
    outer loop
      vertex 100 3.75 6.49518
      vertex 100 4.59009 4.59009
      vertex 100 5.3033 5.3033
    endloop
  endfacet
  facet normal 1 0 0
    outer loop
      vertex 100 3.75 6.49518
      vertex 100 3.24567 5.6217
      vertex 100 4.59009 4.59009
    endloop
  endfacet
  facet normal 1 0 0
    outer loop
      vertex 100 1.94113 7.24443
      vertex 100 3.24567 5.6217
      vertex 100 3.75 6.49518
    endloop
  endfacet
  facet normal 1 0 0
    outer loop
      vertex 100 1.94113 7.24443
      vertex 100 1.6801 6.27017
      vertex 100 3.24567 5.6217
    endloop
  endfacet
  facet normal 1 0 0
    outer loop
      vertex 100 0 7.5
      vertex 100 1.6801 6.27017
      vertex 100 1.94113 7.24443
    endloop
  endfacet
  facet normal 1 0 0
    outer loop
      vertex 100 0 7.5
      vertex 100 0 6.49138
      vertex 100 1.6801 6.27017
    endloop
  endfacet
  facet normal 1 0 0
    outer loop
      vertex 100 0 7.5
      vertex 100 -1.6801 6.27017
      vertex 100 0 6.49138
    endloop
  endfacet
  facet normal 1 -0 0
    outer loop
      vertex 100 -1.94113 7.24443
      vertex 100 -1.6801 6.27017
      vertex 100 0 7.5
    endloop
  endfacet
  facet normal 1 0 0
    outer loop
      vertex 100 -1.94113 7.24443
      vertex 100 -3.24567 5.6217
      vertex 100 -1.6801 6.27017
    endloop
  endfacet
  facet normal 1 -0 0
    outer loop
      vertex 100 -3.75 6.49518
      vertex 100 -3.24567 5.6217
      vertex 100 -1.94113 7.24443
    endloop
  endfacet
  facet normal 1 0 0
    outer loop
      vertex 100 -3.75 6.49518
      vertex 100 -4.59009 4.59009
      vertex 100 -3.24567 5.6217
    endloop
  endfacet
  facet normal 1 -0 0
    outer loop
      vertex 100 -5.3033 5.3033
      vertex 100 -4.59009 4.59009
      vertex 100 -3.75 6.49518
    endloop
  endfacet
  facet normal 1 0 0
    outer loop
      vertex 100 -5.3033 5.3033
      vertex 100 -5.6217 3.24567
      vertex 100 -4.59009 4.59009
    endloop
  endfacet
  facet normal 1 -0 0
    outer loop
      vertex 100 -6.49518 3.75
      vertex 100 -5.6217 3.24567
      vertex 100 -5.3033 5.3033
    endloop
  endfacet
  facet normal 1 -0 0
    outer loop
      vertex 100 -7.24443 1.94113
      vertex 100 -6.27017 1.6801
      vertex 100 -6.49518 3.75
    endloop
  endfacet
  facet normal 1 0 0
    outer loop
      vertex 100 -5.6217 3.24567
      vertex 100 -6.49518 3.75
      vertex 100 -6.27017 1.6801
    endloop
  endfacet
  facet normal 1 0 0
    outer loop
      vertex 100 7.24443 -1.94113
      vertex 100 6.27017 -1.6801
      vertex 100 6.49518 -3.75
    endloop
  endfacet
  facet normal 1 -0 0
    outer loop
      vertex 100 5.6217 -3.24567
      vertex 100 6.49518 -3.75
      vertex 100 6.27017 -1.6801
    endloop
  endfacet
  facet normal 1 0 0
    outer loop
      vertex 100 5.6217 -3.24567
      vertex 100 5.3033 -5.3033
      vertex 100 6.49518 -3.75
    endloop
  endfacet
  facet normal 1 -0 0
    outer loop
      vertex 100 4.59009 -4.59009
      vertex 100 5.3033 -5.3033
      vertex 100 5.6217 -3.24567
    endloop
  endfacet
  facet normal 1 0 0
    outer loop
      vertex 100 4.59009 -4.59009
      vertex 100 3.75 -6.49518
      vertex 100 5.3033 -5.3033
    endloop
  endfacet
  facet normal 1 -0 0
    outer loop
      vertex 100 3.24567 -5.6217
      vertex 100 3.75 -6.49518
      vertex 100 4.59009 -4.59009
    endloop
  endfacet
  facet normal 1 0 0
    outer loop
      vertex 100 3.24567 -5.6217
      vertex 100 1.94113 -7.24443
      vertex 100 3.75 -6.49518
    endloop
  endfacet
  facet normal 1 -0 0
    outer loop
      vertex 100 1.6801 -6.27017
      vertex 100 1.94113 -7.24443
      vertex 100 3.24567 -5.6217
    endloop
  endfacet
  facet normal 1 -0 0
    outer loop
      vertex 100 0 -6.49138
      vertex 100 1.94113 -7.24443
      vertex 100 1.6801 -6.27017
    endloop
  endfacet
  facet normal 1 0 0
    outer loop
      vertex 100 0 -6.49138
      vertex 100 0 -7.5
      vertex 100 1.94113 -7.24443
    endloop
  endfacet
  facet normal 1 0 0
    outer loop
      vertex 100 -1.6801 -6.27017
      vertex 100 0 -7.5
      vertex 100 0 -6.49138
    endloop
  endfacet
  facet normal 1 0 0
    outer loop
      vertex 100 -1.6801 -6.27017
      vertex 100 -1.94113 -7.24443
      vertex 100 0 -7.5
    endloop
  endfacet
  facet normal 1 0 0
    outer loop
      vertex 100 -3.24567 -5.6217
      vertex 100 -1.94113 -7.24443
      vertex 100 -1.6801 -6.27017
    endloop
  endfacet
  facet normal 1 0 0
    outer loop
      vertex 100 -3.24567 -5.6217
      vertex 100 -3.75 -6.49518
      vertex 100 -1.94113 -7.24443
    endloop
  endfacet
  facet normal 1 0 0
    outer loop
      vertex 100 -4.59009 -4.59009
      vertex 100 -3.75 -6.49518
      vertex 100 -3.24567 -5.6217
    endloop
  endfacet
  facet normal 1 0 0
    outer loop
      vertex 100 -4.59009 -4.59009
      vertex 100 -5.3033 -5.3033
      vertex 100 -3.75 -6.49518
    endloop
  endfacet
  facet normal 1 0 0
    outer loop
      vertex 100 -5.6217 -3.24567
      vertex 100 -5.3033 -5.3033
      vertex 100 -4.59009 -4.59009
    endloop
  endfacet
  facet normal 1 0 0
    outer loop
      vertex 100 -6.49518 -3.75
      vertex 100 -5.6217 -3.24567
      vertex 100 -6.27017 -1.6801
    endloop
  endfacet
  facet normal 1 0 0
    outer loop
      vertex 100 -5.6217 -3.24567
      vertex 100 -6.49518 -3.75
      vertex 100 -5.3033 -5.3033
    endloop
  endfacet
  facet normal 1 0 0
    outer loop
      vertex 100 -7.24443 -1.94113
      vertex 100 -6.27017 -1.6801
      vertex 100 -6.49138 0
    endloop
  endfacet
  facet normal 1 0 0
    outer loop
      vertex 100 -6.27017 1.6801
      vertex 100 -7.24443 1.94113
      vertex 100 -6.49138 0
    endloop
  endfacet
  facet normal 1 0 0
    outer loop
      vertex 100 -7.5 0
      vertex 100 -6.49138 0
      vertex 100 -7.24443 1.94113
    endloop
  endfacet
  facet normal 1 0 0
    outer loop
      vertex 100 -6.27017 -1.6801
      vertex 100 -7.24443 -1.94113
      vertex 100 -6.49518 -3.75
    endloop
  endfacet
  facet normal 1 0 0
    outer loop
      vertex 100 -6.49138 0
      vertex 100 -7.5 0
      vertex 100 -7.24443 -1.94113
    endloop
  endfacet
  facet normal 0 -0.923881 0.38268
    outer loop
      vertex 0 -7.24443 1.94113
      vertex 5.23471 -6.49518 3.75
      vertex 0 -6.49518 3.75
    endloop
  endfacet
  facet normal -1.02082e-06 -0.92388 0.382682
    outer loop
      vertex 5.23471 -6.49518 3.75
      vertex 0 -7.24443 1.94113
      vertex 5.6217 -6.70408 3.24567
    endloop
  endfacet
  facet normal 0 -0.923882 0.382678
    outer loop
      vertex 5.6217 -6.70408 3.24567
      vertex 0 -7.24443 1.94113
      vertex 6.16205 -7.24443 1.94113
    endloop
  endfacet
  facet normal 0 -0.923881 0.38268
    outer loop
      vertex 7.24443 -7.24443 1.94113
      vertex 100 -6.49518 3.75
      vertex 6.49518 -6.49518 3.75
    endloop
  endfacet
  facet normal 0 -0.923881 0.38268
    outer loop
      vertex 100 -6.49518 3.75
      vertex 7.24443 -7.24443 1.94113
      vertex 100 -7.24443 1.94113
    endloop
  endfacet
  facet normal 0 -0.793356 0.608759
    outer loop
      vertex 0 -6.49518 3.75
      vertex 3.66062 -5.3033 5.3033
      vertex 0 -5.3033 5.3033
    endloop
  endfacet
  facet normal 3.47669e-07 -0.793356 0.608758
    outer loop
      vertex 3.66062 -5.3033 5.3033
      vertex 0 -6.49518 3.75
      vertex 4.59009 -5.85056 4.59009
    endloop
  endfacet
  facet normal 0 -0.793355 0.608759
    outer loop
      vertex 4.59009 -5.85056 4.59009
      vertex 0 -6.49518 3.75
      vertex 5.23471 -6.49518 3.75
    endloop
  endfacet
  facet normal 0 -0.793356 0.608759
    outer loop
      vertex 6.49518 -6.49518 3.75
      vertex 100 -5.3033 5.3033
      vertex 5.3033 -5.3033 5.3033
    endloop
  endfacet
  facet normal 0 -0.793356 0.608759
    outer loop
      vertex 100 -5.3033 5.3033
      vertex 6.49518 -6.49518 3.75
      vertex 100 -6.49518 3.75
    endloop
  endfacet
  facet normal 2.16808e-06 -0.60876 0.793354
    outer loop
      vertex 0 -5.3033 5.3033
      vertex 3.24567 -4.88834 5.6217
      vertex 1.6801 -4.04324 6.27017
    endloop
  endfacet
  facet normal -3.29281e-07 -0.608758 0.793356
    outer loop
      vertex 0 -5.3033 5.3033
      vertex 1.6801 -4.04324 6.27017
      vertex 0 -3.75495 6.49138
    endloop
  endfacet
  facet normal 0 -0.608749 0.793363
    outer loop
      vertex 3.24567 -4.88834 5.6217
      vertex 0 -5.3033 5.3033
      vertex 3.66062 -5.3033 5.3033
    endloop
  endfacet
  facet normal 0 -0.608759 0.793356
    outer loop
      vertex 100 -3.75 6.49518
      vertex 5.3033 -5.3033 5.3033
      vertex 100 -5.3033 5.3033
    endloop
  endfacet
  facet normal 0 -0.608759 0.793356
    outer loop
      vertex 5.3033 -5.3033 5.3033
      vertex 100 -3.75 6.49518
      vertex 3.75 -3.75 6.49518
    endloop
  endfacet
  facet normal 0 -0.38268 0.923881
    outer loop
      vertex 100 -1.94113 7.24443
      vertex 3.75 -3.75 6.49518
      vertex 100 -3.75 6.49518
    endloop
  endfacet
  facet normal 0 -0.38268 0.923881
    outer loop
      vertex 3.75 -3.75 6.49518
      vertex 100 -1.94113 7.24443
      vertex 1.94113 -1.94113 7.24443
    endloop
  endfacet
  facet normal 0 -0.130534 0.991444
    outer loop
      vertex 100 0 7.5
      vertex 1.94113 -1.94113 7.24443
      vertex 100 -1.94113 7.24443
    endloop
  endfacet
  facet normal 0 -0.130534 0.991444
    outer loop
      vertex 1.94113 -1.94113 7.24443
      vertex 100 0 7.5
      vertex 0 0 7.5
    endloop
  endfacet
  facet normal -0 0.130534 0.991444
    outer loop
      vertex 1.94113 1.94113 7.24443
      vertex 100 0 7.5
      vertex 100 1.94113 7.24443
    endloop
  endfacet
  facet normal 0 0.130534 0.991444
    outer loop
      vertex 100 0 7.5
      vertex 1.94113 1.94113 7.24443
      vertex 0 0 7.5
    endloop
  endfacet
  facet normal -0 0.38268 0.923881
    outer loop
      vertex 3.75 3.75 6.49518
      vertex 100 1.94113 7.24443
      vertex 100 3.75 6.49518
    endloop
  endfacet
  facet normal 0 0.38268 0.923881
    outer loop
      vertex 100 1.94113 7.24443
      vertex 3.75 3.75 6.49518
      vertex 1.94113 1.94113 7.24443
    endloop
  endfacet
  facet normal -0 0.608749 0.793363
    outer loop
      vertex 0 5.3033 5.3033
      vertex 3.24567 4.88834 5.6217
      vertex 3.66062 5.3033 5.3033
    endloop
  endfacet
  facet normal 2.16808e-06 0.60876 0.793354
    outer loop
      vertex 3.24567 4.88834 5.6217
      vertex 0 5.3033 5.3033
      vertex 1.6801 4.04324 6.27017
    endloop
  endfacet
  facet normal -3.29281e-07 0.608758 0.793356
    outer loop
      vertex 1.6801 4.04324 6.27017
      vertex 0 5.3033 5.3033
      vertex 0 3.75495 6.49138
    endloop
  endfacet
  facet normal -0 0.608759 0.793356
    outer loop
      vertex 5.3033 5.3033 5.3033
      vertex 100 3.75 6.49518
      vertex 100 5.3033 5.3033
    endloop
  endfacet
  facet normal 0 0.608759 0.793356
    outer loop
      vertex 100 3.75 6.49518
      vertex 5.3033 5.3033 5.3033
      vertex 3.75 3.75 6.49518
    endloop
  endfacet
  facet normal 3.47669e-07 0.793356 0.608758
    outer loop
      vertex 0 6.49518 3.75
      vertex 3.66062 5.3033 5.3033
      vertex 4.59009 5.85056 4.59009
    endloop
  endfacet
  facet normal -0 0.793355 0.608759
    outer loop
      vertex 0 6.49518 3.75
      vertex 4.59009 5.85056 4.59009
      vertex 5.23471 6.49518 3.75
    endloop
  endfacet
  facet normal 0 0.793356 0.608759
    outer loop
      vertex 3.66062 5.3033 5.3033
      vertex 0 6.49518 3.75
      vertex 0 5.3033 5.3033
    endloop
  endfacet
  facet normal -0 0.793356 0.608759
    outer loop
      vertex 6.49518 6.49518 3.75
      vertex 100 5.3033 5.3033
      vertex 100 6.49518 3.75
    endloop
  endfacet
  facet normal 0 0.793356 0.608759
    outer loop
      vertex 100 5.3033 5.3033
      vertex 6.49518 6.49518 3.75
      vertex 5.3033 5.3033 5.3033
    endloop
  endfacet
  facet normal -1.02082e-06 0.92388 0.382682
    outer loop
      vertex 0 7.24443 1.94113
      vertex 5.23471 6.49518 3.75
      vertex 5.6217 6.70408 3.24567
    endloop
  endfacet
  facet normal -0 0.923882 0.382678
    outer loop
      vertex 0 7.24443 1.94113
      vertex 5.6217 6.70408 3.24567
      vertex 6.16205 7.24443 1.94113
    endloop
  endfacet
  facet normal 0 0.923881 0.38268
    outer loop
      vertex 5.23471 6.49518 3.75
      vertex 0 7.24443 1.94113
      vertex 0 6.49518 3.75
    endloop
  endfacet
  facet normal -0 0.923881 0.38268
    outer loop
      vertex 7.24443 7.24443 1.94113
      vertex 100 6.49518 3.75
      vertex 100 7.24443 1.94113
    endloop
  endfacet
  facet normal 0 0.923881 0.38268
    outer loop
      vertex 100 6.49518 3.75
      vertex 7.24443 7.24443 1.94113
      vertex 6.49518 6.49518 3.75
    endloop
  endfacet
  facet normal -2.8358e-06 0.991443 0.130543
    outer loop
      vertex 0 7.5 0
      vertex 6.16205 7.24443 1.94113
      vertex 6.27017 7.2788 1.6801
    endloop
  endfacet
  facet normal -0 0.991444 0.130532
    outer loop
      vertex 0 7.5 0
      vertex 6.27017 7.2788 1.6801
      vertex 6.49138 7.5 0
    endloop
  endfacet
  facet normal 0 0.991444 0.130534
    outer loop
      vertex 6.16205 7.24443 1.94113
      vertex 0 7.5 0
      vertex 0 7.24443 1.94113
    endloop
  endfacet
  facet normal -0 0.991444 0.130534
    outer loop
      vertex 7.5 7.5 0
      vertex 100 7.24443 1.94113
      vertex 100 7.5 0
    endloop
  endfacet
  facet normal 0 0.991444 0.130534
    outer loop
      vertex 100 7.24443 1.94113
      vertex 7.5 7.5 0
      vertex 7.24443 7.24443 1.94113
    endloop
  endfacet
  facet normal 0 0.991444 -0.130532
    outer loop
      vertex 6.27017 7.2788 -1.6801
      vertex 0 7.5 0
      vertex 6.49138 7.5 0
    endloop
  endfacet
  facet normal -2.8358e-06 0.991443 -0.130543
    outer loop
      vertex 6.16205 7.24443 -1.94113
      vertex 0 7.5 0
      vertex 6.27017 7.2788 -1.6801
    endloop
  endfacet
  facet normal 0 0.991444 -0.130534
    outer loop
      vertex 0 7.5 0
      vertex 6.16205 7.24443 -1.94113
      vertex 0 7.24443 -1.94113
    endloop
  endfacet
  facet normal 0 0.991444 -0.130534
    outer loop
      vertex 100 7.24443 -1.94113
      vertex 7.5 7.5 0
      vertex 100 7.5 0
    endloop
  endfacet
  facet normal 0 0.991444 -0.130534
    outer loop
      vertex 7.5 7.5 0
      vertex 100 7.24443 -1.94113
      vertex 7.24443 7.24443 -1.94113
    endloop
  endfacet
  facet normal 0 0.923882 -0.382678
    outer loop
      vertex 5.6217 6.70408 -3.24567
      vertex 0 7.24443 -1.94113
      vertex 6.16205 7.24443 -1.94113
    endloop
  endfacet
  facet normal -1.02082e-06 0.92388 -0.382682
    outer loop
      vertex 5.23471 6.49518 -3.75
      vertex 0 7.24443 -1.94113
      vertex 5.6217 6.70408 -3.24567
    endloop
  endfacet
  facet normal 0 0.923881 -0.38268
    outer loop
      vertex 0 7.24443 -1.94113
      vertex 5.23471 6.49518 -3.75
      vertex 0 6.49518 -3.75
    endloop
  endfacet
  facet normal 0 0.923881 -0.38268
    outer loop
      vertex 100 6.49518 -3.75
      vertex 7.24443 7.24443 -1.94113
      vertex 100 7.24443 -1.94113
    endloop
  endfacet
  facet normal 0 0.923881 -0.38268
    outer loop
      vertex 7.24443 7.24443 -1.94113
      vertex 100 6.49518 -3.75
      vertex 6.49518 6.49518 -3.75
    endloop
  endfacet
  facet normal 0 0.793355 -0.608759
    outer loop
      vertex 4.59009 5.85056 -4.59009
      vertex 0 6.49518 -3.75
      vertex 5.23471 6.49518 -3.75
    endloop
  endfacet
  facet normal 3.47669e-07 0.793356 -0.608758
    outer loop
      vertex 3.66062 5.3033 -5.3033
      vertex 0 6.49518 -3.75
      vertex 4.59009 5.85056 -4.59009
    endloop
  endfacet
  facet normal 0 0.793356 -0.608759
    outer loop
      vertex 0 6.49518 -3.75
      vertex 3.66062 5.3033 -5.3033
      vertex 0 5.3033 -5.3033
    endloop
  endfacet
  facet normal 0 0.793356 -0.608759
    outer loop
      vertex 100 5.3033 -5.3033
      vertex 6.49518 6.49518 -3.75
      vertex 100 6.49518 -3.75
    endloop
  endfacet
  facet normal 0 0.793356 -0.608759
    outer loop
      vertex 6.49518 6.49518 -3.75
      vertex 100 5.3033 -5.3033
      vertex 5.3033 5.3033 -5.3033
    endloop
  endfacet
  facet normal 2.16808e-06 0.60876 -0.793354
    outer loop
      vertex 0 5.3033 -5.3033
      vertex 3.24567 4.88834 -5.6217
      vertex 1.6801 4.04324 -6.27017
    endloop
  endfacet
  facet normal -3.29281e-07 0.608758 -0.793356
    outer loop
      vertex 0 5.3033 -5.3033
      vertex 1.6801 4.04324 -6.27017
      vertex 0 3.75495 -6.49138
    endloop
  endfacet
  facet normal 0 0.608749 -0.793363
    outer loop
      vertex 3.24567 4.88834 -5.6217
      vertex 0 5.3033 -5.3033
      vertex 3.66062 5.3033 -5.3033
    endloop
  endfacet
  facet normal 0 0.608759 -0.793356
    outer loop
      vertex 100 3.75 -6.49518
      vertex 5.3033 5.3033 -5.3033
      vertex 100 5.3033 -5.3033
    endloop
  endfacet
  facet normal 0 0.608759 -0.793356
    outer loop
      vertex 5.3033 5.3033 -5.3033
      vertex 100 3.75 -6.49518
      vertex 3.75 3.75 -6.49518
    endloop
  endfacet
  facet normal 0 0.38268 -0.923881
    outer loop
      vertex 100 1.94113 -7.24443
      vertex 3.75 3.75 -6.49518
      vertex 100 3.75 -6.49518
    endloop
  endfacet
  facet normal 0 0.38268 -0.923881
    outer loop
      vertex 3.75 3.75 -6.49518
      vertex 100 1.94113 -7.24443
      vertex 1.94113 1.94113 -7.24443
    endloop
  endfacet
  facet normal 0 0.130534 -0.991444
    outer loop
      vertex 100 0 -7.5
      vertex 1.94113 1.94113 -7.24443
      vertex 100 1.94113 -7.24443
    endloop
  endfacet
  facet normal 0 0.130534 -0.991444
    outer loop
      vertex 1.94113 1.94113 -7.24443
      vertex 100 0 -7.5
      vertex 0 0 -7.5
    endloop
  endfacet
  facet normal 0 -0.130534 -0.991444
    outer loop
      vertex 1.94113 -1.94113 -7.24443
      vertex 100 0 -7.5
      vertex 100 -1.94113 -7.24443
    endloop
  endfacet
  facet normal -0 -0.130534 -0.991444
    outer loop
      vertex 100 0 -7.5
      vertex 1.94113 -1.94113 -7.24443
      vertex 0 0 -7.5
    endloop
  endfacet
  facet normal 0 -0.38268 -0.923881
    outer loop
      vertex 3.75 -3.75 -6.49518
      vertex 100 -1.94113 -7.24443
      vertex 100 -3.75 -6.49518
    endloop
  endfacet
  facet normal -0 -0.38268 -0.923881
    outer loop
      vertex 100 -1.94113 -7.24443
      vertex 3.75 -3.75 -6.49518
      vertex 1.94113 -1.94113 -7.24443
    endloop
  endfacet
  facet normal 0 -0.608749 -0.793363
    outer loop
      vertex 0 -5.3033 -5.3033
      vertex 3.24567 -4.88834 -5.6217
      vertex 3.66062 -5.3033 -5.3033
    endloop
  endfacet
  facet normal 2.16808e-06 -0.60876 -0.793354
    outer loop
      vertex 3.24567 -4.88834 -5.6217
      vertex 0 -5.3033 -5.3033
      vertex 1.6801 -4.04324 -6.27017
    endloop
  endfacet
  facet normal -3.29281e-07 -0.608758 -0.793356
    outer loop
      vertex 1.6801 -4.04324 -6.27017
      vertex 0 -5.3033 -5.3033
      vertex 0 -3.75495 -6.49138
    endloop
  endfacet
  facet normal 0 -0.608759 -0.793356
    outer loop
      vertex 5.3033 -5.3033 -5.3033
      vertex 100 -3.75 -6.49518
      vertex 100 -5.3033 -5.3033
    endloop
  endfacet
  facet normal -0 -0.608759 -0.793356
    outer loop
      vertex 100 -3.75 -6.49518
      vertex 5.3033 -5.3033 -5.3033
      vertex 3.75 -3.75 -6.49518
    endloop
  endfacet
  facet normal 0 -0.793355 -0.608759
    outer loop
      vertex 0 -6.49518 -3.75
      vertex 4.59009 -5.85056 -4.59009
      vertex 5.23471 -6.49518 -3.75
    endloop
  endfacet
  facet normal -0 -0.793356 -0.608759
    outer loop
      vertex 3.66062 -5.3033 -5.3033
      vertex 0 -6.49518 -3.75
      vertex 0 -5.3033 -5.3033
    endloop
  endfacet
  facet normal 3.47669e-07 -0.793356 -0.608758
    outer loop
      vertex 0 -6.49518 -3.75
      vertex 3.66062 -5.3033 -5.3033
      vertex 4.59009 -5.85056 -4.59009
    endloop
  endfacet
  facet normal -0 -0.793356 -0.608759
    outer loop
      vertex 100 -5.3033 -5.3033
      vertex 6.49518 -6.49518 -3.75
      vertex 5.3033 -5.3033 -5.3033
    endloop
  endfacet
  facet normal 0 -0.793356 -0.608759
    outer loop
      vertex 6.49518 -6.49518 -3.75
      vertex 100 -5.3033 -5.3033
      vertex 100 -6.49518 -3.75
    endloop
  endfacet
  facet normal 0 -0.923882 -0.382678
    outer loop
      vertex 0 -7.24443 -1.94113
      vertex 5.6217 -6.70408 -3.24567
      vertex 6.16205 -7.24443 -1.94113
    endloop
  endfacet
  facet normal -0 -0.923881 -0.38268
    outer loop
      vertex 5.23471 -6.49518 -3.75
      vertex 0 -7.24443 -1.94113
      vertex 0 -6.49518 -3.75
    endloop
  endfacet
  facet normal -1.02082e-06 -0.92388 -0.382682
    outer loop
      vertex 0 -7.24443 -1.94113
      vertex 5.23471 -6.49518 -3.75
      vertex 5.6217 -6.70408 -3.24567
    endloop
  endfacet
  facet normal -0 -0.923881 -0.38268
    outer loop
      vertex 100 -6.49518 -3.75
      vertex 7.24443 -7.24443 -1.94113
      vertex 6.49518 -6.49518 -3.75
    endloop
  endfacet
  facet normal 0 -0.923881 -0.38268
    outer loop
      vertex 7.24443 -7.24443 -1.94113
      vertex 100 -6.49518 -3.75
      vertex 100 -7.24443 -1.94113
    endloop
  endfacet
  facet normal 0 -0.991444 -0.130532
    outer loop
      vertex 0 -7.5 0
      vertex 6.27017 -7.2788 -1.6801
      vertex 6.49138 -7.5 0
    endloop
  endfacet
  facet normal -0 -0.991444 -0.130534
    outer loop
      vertex 6.16205 -7.24443 -1.94113
      vertex 0 -7.5 0
      vertex 0 -7.24443 -1.94113
    endloop
  endfacet
  facet normal -2.8358e-06 -0.991443 -0.130543
    outer loop
      vertex 0 -7.5 0
      vertex 6.16205 -7.24443 -1.94113
      vertex 6.27017 -7.2788 -1.6801
    endloop
  endfacet
  facet normal -0 -0.991444 -0.130534
    outer loop
      vertex 100 -7.24443 -1.94113
      vertex 7.5 -7.5 0
      vertex 7.24443 -7.24443 -1.94113
    endloop
  endfacet
  facet normal 0 -0.991444 -0.130534
    outer loop
      vertex 7.5 -7.5 0
      vertex 100 -7.24443 -1.94113
      vertex 100 -7.5 0
    endloop
  endfacet
  facet normal 0 -0.991444 0.130534
    outer loop
      vertex 0 -7.5 0
      vertex 6.16205 -7.24443 1.94113
      vertex 0 -7.24443 1.94113
    endloop
  endfacet
  facet normal -2.8358e-06 -0.991443 0.130543
    outer loop
      vertex 6.16205 -7.24443 1.94113
      vertex 0 -7.5 0
      vertex 6.27017 -7.2788 1.6801
    endloop
  endfacet
  facet normal 0 -0.991444 0.130532
    outer loop
      vertex 6.27017 -7.2788 1.6801
      vertex 0 -7.5 0
      vertex 6.49138 -7.5 0
    endloop
  endfacet
  facet normal 0 -0.991444 0.130534
    outer loop
      vertex 7.5 -7.5 0
      vertex 100 -7.24443 1.94113
      vertex 7.24443 -7.24443 1.94113
    endloop
  endfacet
  facet normal 0 -0.991444 0.130534
    outer loop
      vertex 100 -7.24443 1.94113
      vertex 7.5 -7.5 0
      vertex 100 -7.5 0
    endloop
  endfacet
  facet normal 0 0.923882 0.382678
    outer loop
      vertex 5.6217 -5.6217 -3.24567
      vertex 0 -6.27017 -1.6801
      vertex 6.27017 -6.27017 -1.6801
    endloop
  endfacet
  facet normal 0 0.923882 0.382678
    outer loop
      vertex 0 -6.27017 -1.6801
      vertex 5.6217 -5.6217 -3.24567
      vertex 0 -5.6217 -3.24567
    endloop
  endfacet
  facet normal 0 0.923882 0.382678
    outer loop
      vertex 100 -5.6217 -3.24567
      vertex 7.2788 -6.27017 -1.6801
      vertex 100 -6.27017 -1.6801
    endloop
  endfacet
  facet normal -2.64975e-08 0.923882 0.382677
    outer loop
      vertex 7.2788 -6.27017 -1.6801
      vertex 100 -5.6217 -3.24567
      vertex 7.24443 -6.16205 -1.94113
    endloop
  endfacet
  facet normal 0 0.923882 0.382678
    outer loop
      vertex 7.24443 -6.16205 -1.94113
      vertex 100 -5.6217 -3.24567
      vertex 6.70408 -5.6217 -3.24567
    endloop
  endfacet
  facet normal 0 0.793353 0.608762
    outer loop
      vertex 4.59009 -4.59009 -4.59009
      vertex 0 -5.6217 -3.24567
      vertex 5.6217 -5.6217 -3.24567
    endloop
  endfacet
  facet normal 0 0.793353 0.608762
    outer loop
      vertex 0 -5.6217 -3.24567
      vertex 4.59009 -4.59009 -4.59009
      vertex 0 -4.59009 -4.59009
    endloop
  endfacet
  facet normal 0 0.793353 0.608762
    outer loop
      vertex 100 -4.59009 -4.59009
      vertex 6.70408 -5.6217 -3.24567
      vertex 100 -5.6217 -3.24567
    endloop
  endfacet
  facet normal 8.75685e-08 0.79335 0.608765
    outer loop
      vertex 6.70408 -5.6217 -3.24567
      vertex 100 -4.59009 -4.59009
      vertex 6.49518 -5.23471 -3.75
    endloop
  endfacet
  facet normal 0 0.793355 0.608759
    outer loop
      vertex 6.49518 -5.23471 -3.75
      vertex 100 -4.59009 -4.59009
      vertex 5.85056 -4.59009 -4.59009
    endloop
  endfacet
  facet normal 0 0.608762 0.793353
    outer loop
      vertex 0 -4.59009 -4.59009
      vertex 3.24567 -3.24567 -5.6217
      vertex 0 -3.24567 -5.6217
    endloop
  endfacet
  facet normal 0 0.608762 0.793353
    outer loop
      vertex 3.24567 -3.24567 -5.6217
      vertex 0 -4.59009 -4.59009
      vertex 4.59009 -4.59009 -4.59009
    endloop
  endfacet
  facet normal 0 0.608762 0.793353
    outer loop
      vertex 100 -3.24567 -5.6217
      vertex 5.85056 -4.59009 -4.59009
      vertex 100 -4.59009 -4.59009
    endloop
  endfacet
  facet normal -2.91422e-08 0.608763 0.793352
    outer loop
      vertex 100 -3.24567 -5.6217
      vertex 5.3033 -3.66062 -5.3033
      vertex 5.85056 -4.59009 -4.59009
    endloop
  endfacet
  facet normal 0 0.608759 0.793355
    outer loop
      vertex 5.3033 -3.66062 -5.3033
      vertex 100 -3.24567 -5.6217
      vertex 4.88834 -3.24567 -5.6217
    endloop
  endfacet
  facet normal 0 0.382678 0.923882
    outer loop
      vertex 0 -3.24567 -5.6217
      vertex 1.6801 -1.6801 -6.27017
      vertex 0 -1.6801 -6.27017
    endloop
  endfacet
  facet normal 0 0.382678 0.923882
    outer loop
      vertex 1.6801 -1.6801 -6.27017
      vertex 0 -3.24567 -5.6217
      vertex 3.24567 -3.24567 -5.6217
    endloop
  endfacet
  facet normal 0 0.382678 0.923882
    outer loop
      vertex 100 -1.6801 -6.27017
      vertex 4.88834 -3.24567 -5.6217
      vertex 100 -3.24567 -5.6217
    endloop
  endfacet
  facet normal 0 0.382678 0.923882
    outer loop
      vertex 4.88834 -3.24567 -5.6217
      vertex 100 -1.6801 -6.27017
      vertex 4.04324 -1.6801 -6.27017
    endloop
  endfacet
  facet normal -0 0.130538 0.991443
    outer loop
      vertex 0 -1.6801 -6.27017
      vertex 1.6801 -1.6801 -6.27017
      vertex 0 0 -6.49138
    endloop
  endfacet
  facet normal 0 0.130538 0.991443
    outer loop
      vertex 100 0 -6.49138
      vertex 4.04324 -1.6801 -6.27017
      vertex 100 -1.6801 -6.27017
    endloop
  endfacet
  facet normal 0 0.130538 0.991443
    outer loop
      vertex 4.04324 -1.6801 -6.27017
      vertex 100 0 -6.49138
      vertex 3.75495 0 -6.49138
    endloop
  endfacet
  facet normal 0 -0.130538 0.991443
    outer loop
      vertex 0 0 -6.49138
      vertex 1.6801 1.6801 -6.27017
      vertex 0 1.6801 -6.27017
    endloop
  endfacet
  facet normal 0 -0.130538 0.991443
    outer loop
      vertex 4.04324 1.6801 -6.27017
      vertex 100 0 -6.49138
      vertex 100 1.6801 -6.27017
    endloop
  endfacet
  facet normal 0 -0.130538 0.991443
    outer loop
      vertex 100 0 -6.49138
      vertex 4.04324 1.6801 -6.27017
      vertex 3.75495 0 -6.49138
    endloop
  endfacet
  facet normal 0 -0.382678 0.923882
    outer loop
      vertex 0 3.24567 -5.6217
      vertex 1.6801 1.6801 -6.27017
      vertex 3.24567 3.24567 -5.6217
    endloop
  endfacet
  facet normal 0 -0.382678 0.923882
    outer loop
      vertex 1.6801 1.6801 -6.27017
      vertex 0 3.24567 -5.6217
      vertex 0 1.6801 -6.27017
    endloop
  endfacet
  facet normal 0 -0.382678 0.923882
    outer loop
      vertex 4.88834 3.24567 -5.6217
      vertex 100 1.6801 -6.27017
      vertex 100 3.24567 -5.6217
    endloop
  endfacet
  facet normal 0 -0.382678 0.923882
    outer loop
      vertex 100 1.6801 -6.27017
      vertex 4.88834 3.24567 -5.6217
      vertex 4.04324 1.6801 -6.27017
    endloop
  endfacet
  facet normal 0 -0.608762 0.793353
    outer loop
      vertex 0 4.59009 -4.59009
      vertex 3.24567 3.24567 -5.6217
      vertex 4.59009 4.59009 -4.59009
    endloop
  endfacet
  facet normal 0 -0.608762 0.793353
    outer loop
      vertex 3.24567 3.24567 -5.6217
      vertex 0 4.59009 -4.59009
      vertex 0 3.24567 -5.6217
    endloop
  endfacet
  facet normal 0 -0.608762 0.793353
    outer loop
      vertex 5.85056 4.59009 -4.59009
      vertex 100 3.24567 -5.6217
      vertex 100 4.59009 -4.59009
    endloop
  endfacet
  facet normal -2.91422e-08 -0.608763 0.793352
    outer loop
      vertex 5.3033 3.66062 -5.3033
      vertex 100 3.24567 -5.6217
      vertex 5.85056 4.59009 -4.59009
    endloop
  endfacet
  facet normal 0 -0.608759 0.793355
    outer loop
      vertex 100 3.24567 -5.6217
      vertex 5.3033 3.66062 -5.3033
      vertex 4.88834 3.24567 -5.6217
    endloop
  endfacet
  facet normal 0 -0.793353 0.608762
    outer loop
      vertex 4.59009 4.59009 -4.59009
      vertex 0 5.6217 -3.24567
      vertex 0 4.59009 -4.59009
    endloop
  endfacet
  facet normal 0 -0.793353 0.608762
    outer loop
      vertex 0 5.6217 -3.24567
      vertex 4.59009 4.59009 -4.59009
      vertex 5.6217 5.6217 -3.24567
    endloop
  endfacet
  facet normal 8.75685e-08 -0.79335 0.608765
    outer loop
      vertex 100 4.59009 -4.59009
      vertex 6.70408 5.6217 -3.24567
      vertex 6.49518 5.23471 -3.75
    endloop
  endfacet
  facet normal 0 -0.793355 0.608759
    outer loop
      vertex 100 4.59009 -4.59009
      vertex 6.49518 5.23471 -3.75
      vertex 5.85056 4.59009 -4.59009
    endloop
  endfacet
  facet normal 0 -0.793353 0.608762
    outer loop
      vertex 6.70408 5.6217 -3.24567
      vertex 100 4.59009 -4.59009
      vertex 100 5.6217 -3.24567
    endloop
  endfacet
  facet normal 0 -0.923882 0.382678
    outer loop
      vertex 5.6217 5.6217 -3.24567
      vertex 0 6.27017 -1.6801
      vertex 0 5.6217 -3.24567
    endloop
  endfacet
  facet normal 0 -0.923882 0.382678
    outer loop
      vertex 0 6.27017 -1.6801
      vertex 5.6217 5.6217 -3.24567
      vertex 6.27017 6.27017 -1.6801
    endloop
  endfacet
  facet normal -2.64975e-08 -0.923882 0.382677
    outer loop
      vertex 100 5.6217 -3.24567
      vertex 7.2788 6.27017 -1.6801
      vertex 7.24443 6.16205 -1.94113
    endloop
  endfacet
  facet normal 0 -0.923882 0.382678
    outer loop
      vertex 100 5.6217 -3.24567
      vertex 7.24443 6.16205 -1.94113
      vertex 6.70408 5.6217 -3.24567
    endloop
  endfacet
  facet normal 0 -0.923882 0.382678
    outer loop
      vertex 7.2788 6.27017 -1.6801
      vertex 100 5.6217 -3.24567
      vertex 100 6.27017 -1.6801
    endloop
  endfacet
  facet normal 0 -0.991443 0.130538
    outer loop
      vertex 6.27017 6.27017 -1.6801
      vertex 0 6.49138 0
      vertex 0 6.27017 -1.6801
    endloop
  endfacet
  facet normal 0 -0.991443 0.130538
    outer loop
      vertex 0 6.49138 0
      vertex 6.27017 6.27017 -1.6801
      vertex 6.49138 6.49138 0
    endloop
  endfacet
  facet normal 0 -0.991443 0.130538
    outer loop
      vertex 100 6.27017 -1.6801
      vertex 7.5 6.49138 0
      vertex 7.2788 6.27017 -1.6801
    endloop
  endfacet
  facet normal 0 -0.991443 0.130538
    outer loop
      vertex 7.5 6.49138 0
      vertex 100 6.27017 -1.6801
      vertex 100 6.49138 0
    endloop
  endfacet
  facet normal 0 -0.991443 -0.130538
    outer loop
      vertex 0 6.49138 0
      vertex 6.27017 6.27017 1.6801
      vertex 0 6.27017 1.6801
    endloop
  endfacet
  facet normal 0 -0.991443 -0.130538
    outer loop
      vertex 6.27017 6.27017 1.6801
      vertex 0 6.49138 0
      vertex 6.49138 6.49138 0
    endloop
  endfacet
  facet normal 0 -0.991443 -0.130538
    outer loop
      vertex 7.5 6.49138 0
      vertex 100 6.27017 1.6801
      vertex 7.2788 6.27017 1.6801
    endloop
  endfacet
  facet normal 0 -0.991443 -0.130538
    outer loop
      vertex 100 6.27017 1.6801
      vertex 7.5 6.49138 0
      vertex 100 6.49138 0
    endloop
  endfacet
  facet normal 0 -0.923882 -0.382678
    outer loop
      vertex 0 6.27017 1.6801
      vertex 5.6217 5.6217 3.24567
      vertex 0 5.6217 3.24567
    endloop
  endfacet
  facet normal 0 -0.923882 -0.382678
    outer loop
      vertex 5.6217 5.6217 3.24567
      vertex 0 6.27017 1.6801
      vertex 6.27017 6.27017 1.6801
    endloop
  endfacet
  facet normal 0 -0.923882 -0.382678
    outer loop
      vertex 7.24443 6.16205 1.94113
      vertex 100 5.6217 3.24567
      vertex 6.70408 5.6217 3.24567
    endloop
  endfacet
  facet normal -2.64975e-08 -0.923882 -0.382677
    outer loop
      vertex 7.2788 6.27017 1.6801
      vertex 100 5.6217 3.24567
      vertex 7.24443 6.16205 1.94113
    endloop
  endfacet
  facet normal 0 -0.923882 -0.382678
    outer loop
      vertex 100 5.6217 3.24567
      vertex 7.2788 6.27017 1.6801
      vertex 100 6.27017 1.6801
    endloop
  endfacet
  facet normal 0 -0.793353 -0.608762
    outer loop
      vertex 0 5.6217 3.24567
      vertex 4.59009 4.59009 4.59009
      vertex 0 4.59009 4.59009
    endloop
  endfacet
  facet normal 0 -0.793353 -0.608762
    outer loop
      vertex 4.59009 4.59009 4.59009
      vertex 0 5.6217 3.24567
      vertex 5.6217 5.6217 3.24567
    endloop
  endfacet
  facet normal 0 -0.793355 -0.608759
    outer loop
      vertex 6.49518 5.23471 3.75
      vertex 100 4.59009 4.59009
      vertex 5.85056 4.59009 4.59009
    endloop
  endfacet
  facet normal 8.75685e-08 -0.79335 -0.608765
    outer loop
      vertex 6.70408 5.6217 3.24567
      vertex 100 4.59009 4.59009
      vertex 6.49518 5.23471 3.75
    endloop
  endfacet
  facet normal 0 -0.793353 -0.608762
    outer loop
      vertex 100 4.59009 4.59009
      vertex 6.70408 5.6217 3.24567
      vertex 100 5.6217 3.24567
    endloop
  endfacet
  facet normal 0 -0.608762 -0.793353
    outer loop
      vertex 0 4.59009 4.59009
      vertex 3.24567 3.24567 5.6217
      vertex 0 3.24567 5.6217
    endloop
  endfacet
  facet normal 0 -0.608762 -0.793353
    outer loop
      vertex 3.24567 3.24567 5.6217
      vertex 0 4.59009 4.59009
      vertex 4.59009 4.59009 4.59009
    endloop
  endfacet
  facet normal 0 -0.608762 -0.793353
    outer loop
      vertex 100 3.24567 5.6217
      vertex 5.85056 4.59009 4.59009
      vertex 100 4.59009 4.59009
    endloop
  endfacet
  facet normal -2.91422e-08 -0.608763 -0.793352
    outer loop
      vertex 100 3.24567 5.6217
      vertex 5.3033 3.66062 5.3033
      vertex 5.85056 4.59009 4.59009
    endloop
  endfacet
  facet normal 0 -0.608759 -0.793355
    outer loop
      vertex 5.3033 3.66062 5.3033
      vertex 100 3.24567 5.6217
      vertex 4.88834 3.24567 5.6217
    endloop
  endfacet
  facet normal 0 -0.382678 -0.923882
    outer loop
      vertex 0 3.24567 5.6217
      vertex 1.6801 1.6801 6.27017
      vertex 0 1.6801 6.27017
    endloop
  endfacet
  facet normal 0 -0.382678 -0.923882
    outer loop
      vertex 1.6801 1.6801 6.27017
      vertex 0 3.24567 5.6217
      vertex 3.24567 3.24567 5.6217
    endloop
  endfacet
  facet normal 0 -0.382678 -0.923882
    outer loop
      vertex 100 1.6801 6.27017
      vertex 4.88834 3.24567 5.6217
      vertex 100 3.24567 5.6217
    endloop
  endfacet
  facet normal 0 -0.382678 -0.923882
    outer loop
      vertex 4.88834 3.24567 5.6217
      vertex 100 1.6801 6.27017
      vertex 4.04324 1.6801 6.27017
    endloop
  endfacet
  facet normal 0 -0.130538 -0.991443
    outer loop
      vertex 0 0 6.49138
      vertex 0 1.6801 6.27017
      vertex 1.6801 1.6801 6.27017
    endloop
  endfacet
  facet normal 0 -0.130538 -0.991443
    outer loop
      vertex 100 0 6.49138
      vertex 4.04324 1.6801 6.27017
      vertex 100 1.6801 6.27017
    endloop
  endfacet
  facet normal 0 -0.130538 -0.991443
    outer loop
      vertex 4.04324 1.6801 6.27017
      vertex 100 0 6.49138
      vertex 3.75495 0 6.49138
    endloop
  endfacet
  facet normal 0 0.130538 -0.991443
    outer loop
      vertex 0 -1.6801 6.27017
      vertex 0 0 6.49138
      vertex 1.6801 -1.6801 6.27017
    endloop
  endfacet
  facet normal 0 0.130538 -0.991443
    outer loop
      vertex 4.04324 -1.6801 6.27017
      vertex 100 0 6.49138
      vertex 100 -1.6801 6.27017
    endloop
  endfacet
  facet normal 0 0.130538 -0.991443
    outer loop
      vertex 100 0 6.49138
      vertex 4.04324 -1.6801 6.27017
      vertex 3.75495 0 6.49138
    endloop
  endfacet
  facet normal 0 0.382678 -0.923882
    outer loop
      vertex 0 -3.24567 5.6217
      vertex 1.6801 -1.6801 6.27017
      vertex 3.24567 -3.24567 5.6217
    endloop
  endfacet
  facet normal 0 0.382678 -0.923882
    outer loop
      vertex 1.6801 -1.6801 6.27017
      vertex 0 -3.24567 5.6217
      vertex 0 -1.6801 6.27017
    endloop
  endfacet
  facet normal 0 0.382678 -0.923882
    outer loop
      vertex 4.88834 -3.24567 5.6217
      vertex 100 -1.6801 6.27017
      vertex 100 -3.24567 5.6217
    endloop
  endfacet
  facet normal 0 0.382678 -0.923882
    outer loop
      vertex 100 -1.6801 6.27017
      vertex 4.88834 -3.24567 5.6217
      vertex 4.04324 -1.6801 6.27017
    endloop
  endfacet
  facet normal 0 0.608762 -0.793353
    outer loop
      vertex 0 -4.59009 4.59009
      vertex 3.24567 -3.24567 5.6217
      vertex 4.59009 -4.59009 4.59009
    endloop
  endfacet
  facet normal 0 0.608762 -0.793353
    outer loop
      vertex 3.24567 -3.24567 5.6217
      vertex 0 -4.59009 4.59009
      vertex 0 -3.24567 5.6217
    endloop
  endfacet
  facet normal 0 0.608762 -0.793353
    outer loop
      vertex 5.85056 -4.59009 4.59009
      vertex 100 -3.24567 5.6217
      vertex 100 -4.59009 4.59009
    endloop
  endfacet
  facet normal -2.91422e-08 0.608763 -0.793352
    outer loop
      vertex 5.3033 -3.66062 5.3033
      vertex 100 -3.24567 5.6217
      vertex 5.85056 -4.59009 4.59009
    endloop
  endfacet
  facet normal 0 0.608759 -0.793355
    outer loop
      vertex 100 -3.24567 5.6217
      vertex 5.3033 -3.66062 5.3033
      vertex 4.88834 -3.24567 5.6217
    endloop
  endfacet
  facet normal 0 0.793353 -0.608762
    outer loop
      vertex 0 -5.6217 3.24567
      vertex 4.59009 -4.59009 4.59009
      vertex 5.6217 -5.6217 3.24567
    endloop
  endfacet
  facet normal 0 0.793353 -0.608762
    outer loop
      vertex 4.59009 -4.59009 4.59009
      vertex 0 -5.6217 3.24567
      vertex 0 -4.59009 4.59009
    endloop
  endfacet
  facet normal 0 0.793355 -0.608759
    outer loop
      vertex 100 -4.59009 4.59009
      vertex 6.49518 -5.23471 3.75
      vertex 5.85056 -4.59009 4.59009
    endloop
  endfacet
  facet normal 0 0.793353 -0.608762
    outer loop
      vertex 6.70408 -5.6217 3.24567
      vertex 100 -4.59009 4.59009
      vertex 100 -5.6217 3.24567
    endloop
  endfacet
  facet normal 8.75685e-08 0.79335 -0.608765
    outer loop
      vertex 100 -4.59009 4.59009
      vertex 6.70408 -5.6217 3.24567
      vertex 6.49518 -5.23471 3.75
    endloop
  endfacet
  facet normal 0 0.923882 -0.382678
    outer loop
      vertex 0 -6.27017 1.6801
      vertex 5.6217 -5.6217 3.24567
      vertex 6.27017 -6.27017 1.6801
    endloop
  endfacet
  facet normal 0 0.923882 -0.382678
    outer loop
      vertex 5.6217 -5.6217 3.24567
      vertex 0 -6.27017 1.6801
      vertex 0 -5.6217 3.24567
    endloop
  endfacet
  facet normal 0 0.923882 -0.382678
    outer loop
      vertex 100 -5.6217 3.24567
      vertex 7.24443 -6.16205 1.94113
      vertex 6.70408 -5.6217 3.24567
    endloop
  endfacet
  facet normal 0 0.923882 -0.382678
    outer loop
      vertex 7.2788 -6.27017 1.6801
      vertex 100 -5.6217 3.24567
      vertex 100 -6.27017 1.6801
    endloop
  endfacet
  facet normal -2.64975e-08 0.923882 -0.382677
    outer loop
      vertex 100 -5.6217 3.24567
      vertex 7.2788 -6.27017 1.6801
      vertex 7.24443 -6.16205 1.94113
    endloop
  endfacet
  facet normal 0 0.991443 -0.130538
    outer loop
      vertex 0 -6.49138 0
      vertex 6.27017 -6.27017 1.6801
      vertex 6.49138 -6.49138 0
    endloop
  endfacet
  facet normal 0 0.991443 -0.130538
    outer loop
      vertex 6.27017 -6.27017 1.6801
      vertex 0 -6.49138 0
      vertex 0 -6.27017 1.6801
    endloop
  endfacet
  facet normal 0 0.991443 -0.130538
    outer loop
      vertex 7.5 -6.49138 0
      vertex 100 -6.27017 1.6801
      vertex 100 -6.49138 0
    endloop
  endfacet
  facet normal 0 0.991443 -0.130538
    outer loop
      vertex 100 -6.27017 1.6801
      vertex 7.5 -6.49138 0
      vertex 7.2788 -6.27017 1.6801
    endloop
  endfacet
  facet normal 0 0.991443 0.130538
    outer loop
      vertex 6.27017 -6.27017 -1.6801
      vertex 0 -6.49138 0
      vertex 6.49138 -6.49138 0
    endloop
  endfacet
  facet normal 0 0.991443 0.130538
    outer loop
      vertex 0 -6.49138 0
      vertex 6.27017 -6.27017 -1.6801
      vertex 0 -6.27017 -1.6801
    endloop
  endfacet
  facet normal 0 0.991443 0.130538
    outer loop
      vertex 100 -6.27017 -1.6801
      vertex 7.5 -6.49138 0
      vertex 100 -6.49138 0
    endloop
  endfacet
  facet normal 0 0.991443 0.130538
    outer loop
      vertex 7.5 -6.49138 0
      vertex 100 -6.27017 -1.6801
      vertex 7.2788 -6.27017 -1.6801
    endloop
  endfacet
endsolid OpenSCAD_Model
