solid OpenSCAD_Model
  facet normal 1 0 0
    outer loop
      vertex 400 400 450
      vertex 400 398.8 168.8
      vertex 400 400 130
    endloop
  endfacet
  facet normal 1 -0 0
    outer loop
      vertex 400 380 430
      vertex 400 398.8 168.8
      vertex 400 400 450
    endloop
  endfacet
  facet normal 1 0 0
    outer loop
      vertex 400 398.8 168.8
      vertex 400 380 170
      vertex 400 381.2 168.8
    endloop
  endfacet
  facet normal 1 -0 0
    outer loop
      vertex 400 380 170
      vertex 400 398.8 168.8
      vertex 400 380 430
    endloop
  endfacet
  facet normal 1 0 0
    outer loop
      vertex 400 400 450
      vertex 400 -380 430
      vertex 400 380 430
    endloop
  endfacet
  facet normal 1 0 0
    outer loop
      vertex 400 -398.8 168.8
      vertex 400 -380 170
      vertex 400 -380 430
    endloop
  endfacet
  facet normal 1 0 0
    outer loop
      vertex 400 -380 170
      vertex 400 -398.8 168.8
      vertex 400 -381.2 168.8
    endloop
  endfacet
  facet normal 1 0 0
    outer loop
      vertex 400 -400 130
      vertex 400 -398.8 168.8
      vertex 400 -400 450
    endloop
  endfacet
  facet normal 1 0 0
    outer loop
      vertex 400 -380 430
      vertex 400 -400 450
      vertex 400 -398.8 168.8
    endloop
  endfacet
  facet normal 1 -0 0
    outer loop
      vertex 400 -400 450
      vertex 400 -380 430
      vertex 400 400 450
    endloop
  endfacet
  facet normal 1 -0 0
    outer loop
      vertex 400 398.8 131.2
      vertex 400 400 130
      vertex 400 398.8 168.8
    endloop
  endfacet
  facet normal 1 -0 0
    outer loop
      vertex 400 381.2 131.2
      vertex 400 400 130
      vertex 400 398.8 131.2
    endloop
  endfacet
  facet normal 1 0 0
    outer loop
      vertex 400 381.2 168.8
      vertex 400 380 170
      vertex 400 381.2 131.2
    endloop
  endfacet
  facet normal 1 -0 0
    outer loop
      vertex 400 -380 170
      vertex 400 381.2 131.2
      vertex 400 380 170
    endloop
  endfacet
  facet normal 1 0 0
    outer loop
      vertex 400 -381.2 131.2
      vertex 400 381.2 131.2
      vertex 400 -380 170
    endloop
  endfacet
  facet normal 1 0 0
    outer loop
      vertex 400 -381.2 131.2
      vertex 400 -380 170
      vertex 400 -381.2 168.8
    endloop
  endfacet
  facet normal 1 0 0
    outer loop
      vertex 400 381.2 131.2
      vertex 400 -381.2 131.2
      vertex 400 400 130
    endloop
  endfacet
  facet normal 1 0 0
    outer loop
      vertex 400 -400 130
      vertex 400 -381.2 131.2
      vertex 400 -398.8 131.2
    endloop
  endfacet
  facet normal 1 0 0
    outer loop
      vertex 400 -381.2 131.2
      vertex 400 -400 130
      vertex 400 400 130
    endloop
  endfacet
  facet normal 1 0 0
    outer loop
      vertex 400 -398.8 168.8
      vertex 400 -400 130
      vertex 400 -398.8 131.2
    endloop
  endfacet
  facet normal -1 0 0
    outer loop
      vertex -400 -381.2 131.2
      vertex -400 -300 130
      vertex -400 -300 129.5
    endloop
  endfacet
  facet normal -1 0 0
    outer loop
      vertex -400 -381.2 168.8
      vertex -400 -380 170
      vertex -400 -381.2 131.2
    endloop
  endfacet
  facet normal -1 0 0
    outer loop
      vertex -400 -300 130
      vertex -400 -381.2 131.2
      vertex -400 -380 170
    endloop
  endfacet
  facet normal -1 0 0
    outer loop
      vertex -400 -400 129.5
      vertex -400 -381.2 131.2
      vertex -400 -300 129.5
    endloop
  endfacet
  facet normal -1 -0 0
    outer loop
      vertex -400 -398.8 131.2
      vertex -400 -400 129.5
      vertex -400 -398.8 168.8
    endloop
  endfacet
  facet normal -1 -0 0
    outer loop
      vertex -400 -381.2 131.2
      vertex -400 -400 129.5
      vertex -400 -398.8 131.2
    endloop
  endfacet
  facet normal -1 0 0
    outer loop
      vertex -400 398.8 168.8
      vertex -400 400 129.5
      vertex -400 398.8 131.2
    endloop
  endfacet
  facet normal -1 0 0
    outer loop
      vertex -400 400 129.5
      vertex -400 381.2 131.2
      vertex -400 398.8 131.2
    endloop
  endfacet
  facet normal -1 0 0
    outer loop
      vertex -400 381.2 131.2
      vertex -400 380 170
      vertex -400 381.2 168.8
    endloop
  endfacet
  facet normal -1 0 0
    outer loop
      vertex -400 300 129.5
      vertex -400 381.2 131.2
      vertex -400 400 129.5
    endloop
  endfacet
  facet normal -1 0 0
    outer loop
      vertex -400 300 130
      vertex -400 381.2 131.2
      vertex -400 300 129.5
    endloop
  endfacet
  facet normal -1 -0 0
    outer loop
      vertex -400 381.2 131.2
      vertex -400 300 130
      vertex -400 380 170
    endloop
  endfacet
  facet normal -1 0 0
    outer loop
      vertex -400 -300 130
      vertex -400 380 170
      vertex -400 300 130
    endloop
  endfacet
  facet normal -1 -0 0
    outer loop
      vertex -400 380 170
      vertex -400 -300 130
      vertex -400 -380 170
    endloop
  endfacet
  facet normal -1 0 0
    outer loop
      vertex -400 400 129.5
      vertex -400 398.8 168.8
      vertex -400 400 450
    endloop
  endfacet
  facet normal -1 0 0
    outer loop
      vertex -400 380 170
      vertex -400 398.8 168.8
      vertex -400 381.2 168.8
    endloop
  endfacet
  facet normal -1 0 0
    outer loop
      vertex -400 398.8 168.8
      vertex -400 380 170
      vertex -400 380 430
    endloop
  endfacet
  facet normal -1 0 0
    outer loop
      vertex -400 398.8 168.8
      vertex -400 380 430
      vertex -400 400 450
    endloop
  endfacet
  facet normal -1 0 0
    outer loop
      vertex -400 -380 430
      vertex -400 400 450
      vertex -400 380 430
    endloop
  endfacet
  facet normal -1 0 0
    outer loop
      vertex -400 -398.8 168.8
      vertex -400 -380 170
      vertex -400 -381.2 168.8
    endloop
  endfacet
  facet normal -1 -0 0
    outer loop
      vertex -400 -380 170
      vertex -400 -398.8 168.8
      vertex -400 -380 430
    endloop
  endfacet
  facet normal -1 0 0
    outer loop
      vertex -400 -380 430
      vertex -400 -400 450
      vertex -400 400 450
    endloop
  endfacet
  facet normal -1 0 0
    outer loop
      vertex -400 -398.8 168.8
      vertex -400 -400 450
      vertex -400 -380 430
    endloop
  endfacet
  facet normal -1 0 0
    outer loop
      vertex -400 -400 450
      vertex -400 -398.8 168.8
      vertex -400 -400 129.5
    endloop
  endfacet
  facet normal 0 1 0
    outer loop
      vertex 400 400 450
      vertex 380 400 430
      vertex -400 400 450
    endloop
  endfacet
  facet normal 0 1 0
    outer loop
      vertex 400 400 450
      vertex 380 400 170
      vertex 380 400 430
    endloop
  endfacet
  facet normal 0 1 0
    outer loop
      vertex -300 400 130
      vertex 380 400 170
      vertex 400 400 130
    endloop
  endfacet
  facet normal 0 1 -0
    outer loop
      vertex 400 400 130
      vertex 380 400 170
      vertex 400 400 450
    endloop
  endfacet
  facet normal 0 1 -0
    outer loop
      vertex -380 400 430
      vertex -400 400 450
      vertex 380 400 430
    endloop
  endfacet
  facet normal 0 1 -0
    outer loop
      vertex -380 400 170
      vertex -400 400 450
      vertex -380 400 430
    endloop
  endfacet
  facet normal 0 1 0
    outer loop
      vertex 380 400 170
      vertex -300 400 130
      vertex -380 400 170
    endloop
  endfacet
  facet normal 0 1 -0
    outer loop
      vertex -300 400 129.5
      vertex -380 400 170
      vertex -300 400 130
    endloop
  endfacet
  facet normal 0 1 0
    outer loop
      vertex -380 400 170
      vertex -400 400 129.5
      vertex -400 400 450
    endloop
  endfacet
  facet normal 0 1 0
    outer loop
      vertex -400 400 129.5
      vertex -380 400 170
      vertex -300 400 129.5
    endloop
  endfacet
  facet normal 0 0 -1
    outer loop
      vertex -250 -250 170
      vertex -138.7 -100 170
      vertex -138.7 -250 170
    endloop
  endfacet
  facet normal -0 0 -1
    outer loop
      vertex -138.7 -100 170
      vertex -250 -250 170
      vertex -250 -100 170
    endloop
  endfacet
  facet normal 0 0 -1
    outer loop
      vertex 138.7 -250 170
      vertex 250 -100 170
      vertex 250 -250 170
    endloop
  endfacet
  facet normal -0 0 -1
    outer loop
      vertex 250 -100 170
      vertex 138.7 -250 170
      vertex 138.7 -100 170
    endloop
  endfacet
  facet normal 0 0 -1
    outer loop
      vertex 138.7 100 170
      vertex 250 250 170
      vertex 250 100 170
    endloop
  endfacet
  facet normal -0 0 -1
    outer loop
      vertex 250 250 170
      vertex 138.7 100 170
      vertex 138.7 250 170
    endloop
  endfacet
  facet normal 0 0 -1
    outer loop
      vertex -250 100 170
      vertex -138.7 250 170
      vertex -138.7 100 170
    endloop
  endfacet
  facet normal -0 0 -1
    outer loop
      vertex -138.7 250 170
      vertex -250 100 170
      vertex -250 250 170
    endloop
  endfacet
  facet normal 0 0 1
    outer loop
      vertex -118.7 -250 170
      vertex -138.7 -250 170
      vertex -118.7 -380 170
    endloop
  endfacet
  facet normal 0 0 1
    outer loop
      vertex 138.7 -250 170
      vertex 118.7 -250 170
      vertex 138.7 -380 170
    endloop
  endfacet
  facet normal -0 0 1
    outer loop
      vertex 138.7 -380 170
      vertex 380 -400 170
      vertex 380 -380 170
    endloop
  endfacet
  facet normal 0 0 1
    outer loop
      vertex 118.7 -380 170
      vertex 138.7 -380 170
      vertex 118.7 -250 170
    endloop
  endfacet
  facet normal -0 0 1
    outer loop
      vertex 118.7 -380 170
      vertex 380 -400 170
      vertex 138.7 -380 170
    endloop
  endfacet
  facet normal -0 0 1
    outer loop
      vertex -118.7 -380 170
      vertex 380 -400 170
      vertex 118.7 -380 170
    endloop
  endfacet
  facet normal 0 0 1
    outer loop
      vertex -138.7 -380 170
      vertex -118.7 -380 170
      vertex -138.7 -250 170
    endloop
  endfacet
  facet normal 0 0 1
    outer loop
      vertex -380 -400 170
      vertex -118.7 -380 170
      vertex -138.7 -380 170
    endloop
  endfacet
  facet normal 0 0 1
    outer loop
      vertex -380 -400 170
      vertex -138.7 -380 170
      vertex -380 -380 170
    endloop
  endfacet
  facet normal 0 0 1
    outer loop
      vertex -118.7 -380 170
      vertex -380 -400 170
      vertex 380 -400 170
    endloop
  endfacet
  facet normal 0 0 1
    outer loop
      vertex 380 400 170
      vertex 138.7 380 170
      vertex 380 380 170
    endloop
  endfacet
  facet normal 0 0 1
    outer loop
      vertex 138.7 380 170
      vertex 118.7 380 170
      vertex 138.7 250 170
    endloop
  endfacet
  facet normal 0 0 1
    outer loop
      vertex 380 400 170
      vertex 118.7 380 170
      vertex 138.7 380 170
    endloop
  endfacet
  facet normal 0 0 1
    outer loop
      vertex 380 400 170
      vertex -118.7 380 170
      vertex 118.7 380 170
    endloop
  endfacet
  facet normal 0 0 1
    outer loop
      vertex -118.7 380 170
      vertex -138.7 380 170
      vertex -118.7 250 170
    endloop
  endfacet
  facet normal -0 0 1
    outer loop
      vertex -380 400 170
      vertex -118.7 380 170
      vertex 380 400 170
    endloop
  endfacet
  facet normal 0 0 1
    outer loop
      vertex -118.7 380 170
      vertex -380 400 170
      vertex -138.7 380 170
    endloop
  endfacet
  facet normal 0 0 1
    outer loop
      vertex -138.7 380 170
      vertex -380 400 170
      vertex -380 380 170
    endloop
  endfacet
  facet normal 0 0 1
    outer loop
      vertex 138.7 250 170
      vertex 118.7 380 170
      vertex 118.7 250 170
    endloop
  endfacet
  facet normal 0 0 1
    outer loop
      vertex -118.7 250 170
      vertex -138.7 380 170
      vertex -138.7 250 170
    endloop
  endfacet
  facet normal 0 0 -1
    outer loop
      vertex -118.7 -250 170
      vertex 118.7 -100 170
      vertex 118.7 -250 170
    endloop
  endfacet
  facet normal -0 0 -1
    outer loop
      vertex 118.7 -100 170
      vertex -118.7 -250 170
      vertex -118.7 -100 170
    endloop
  endfacet
  facet normal 0 0 -1
    outer loop
      vertex -118.7 100 170
      vertex 118.7 250 170
      vertex 118.7 100 170
    endloop
  endfacet
  facet normal -0 0 -1
    outer loop
      vertex 118.7 250 170
      vertex -118.7 100 170
      vertex -118.7 250 170
    endloop
  endfacet
  facet normal -0 0 1
    outer loop
      vertex 118.7 100 170
      vertex 138.7 -100 170
      vertex 138.7 100 170
    endloop
  endfacet
  facet normal 0 0 1
    outer loop
      vertex 138.7 -100 170
      vertex 118.7 100 170
      vertex 118.7 -100 170
    endloop
  endfacet
  facet normal -0 0 1
    outer loop
      vertex -138.7 100 170
      vertex -118.7 -100 170
      vertex -118.7 100 170
    endloop
  endfacet
  facet normal 0 0 1
    outer loop
      vertex -118.7 -100 170
      vertex -138.7 100 170
      vertex -138.7 -100 170
    endloop
  endfacet
  facet normal -0 0 1
    outer loop
      vertex -400 380 170
      vertex -380 -380 170
      vertex -380 380 170
    endloop
  endfacet
  facet normal 0 0 1
    outer loop
      vertex -380 -380 170
      vertex -400 380 170
      vertex -400 -380 170
    endloop
  endfacet
  facet normal -0 0 1
    outer loop
      vertex 380 380 170
      vertex 400 -380 170
      vertex 400 380 170
    endloop
  endfacet
  facet normal 0 0 1
    outer loop
      vertex 400 -380 170
      vertex 380 380 170
      vertex 380 -380 170
    endloop
  endfacet
  facet normal -0 0 1
    outer loop
      vertex 381.2 398.8 170
      vertex 398.8 381.2 170
      vertex 398.8 398.8 170
    endloop
  endfacet
  facet normal 0 0 1
    outer loop
      vertex 398.8 381.2 170
      vertex 381.2 398.8 170
      vertex 381.2 381.2 170
    endloop
  endfacet
  facet normal -0 0 1
    outer loop
      vertex -398.8 -381.2 170
      vertex -381.2 -398.8 170
      vertex -381.2 -381.2 170
    endloop
  endfacet
  facet normal 0 0 1
    outer loop
      vertex -381.2 -398.8 170
      vertex -398.8 -381.2 170
      vertex -398.8 -398.8 170
    endloop
  endfacet
  facet normal -0 0 1
    outer loop
      vertex 381.2 -381.2 170
      vertex 398.8 -398.8 170
      vertex 398.8 -381.2 170
    endloop
  endfacet
  facet normal 0 0 1
    outer loop
      vertex 398.8 -398.8 170
      vertex 381.2 -381.2 170
      vertex 381.2 -398.8 170
    endloop
  endfacet
  facet normal -0 0 1
    outer loop
      vertex -398.8 398.8 170
      vertex -381.2 381.2 170
      vertex -381.2 398.8 170
    endloop
  endfacet
  facet normal 0 0 1
    outer loop
      vertex -381.2 381.2 170
      vertex -398.8 398.8 170
      vertex -398.8 381.2 170
    endloop
  endfacet
  facet normal 0 -1 0
    outer loop
      vertex -300 380 130.5
      vertex -380 380 170
      vertex -380 380 130.5
    endloop
  endfacet
  facet normal 0 -1 0
    outer loop
      vertex -380 380 170
      vertex -300 380 130.5
      vertex -138.7 380 170
    endloop
  endfacet
  facet normal 0 -1 0
    outer loop
      vertex -138.7 380 130
      vertex -300 380 130.5
      vertex -300 380 130
    endloop
  endfacet
  facet normal 0 -1 0
    outer loop
      vertex -300 380 130.5
      vertex -138.7 380 130
      vertex -138.7 380 170
    endloop
  endfacet
  facet normal 0 -1 0
    outer loop
      vertex -398.8 380 131.2
      vertex -381.2 380 168.8
      vertex -398.8 380 168.8
    endloop
  endfacet
  facet normal 0 -1 -0
    outer loop
      vertex -381.2 380 168.8
      vertex -398.8 380 131.2
      vertex -381.2 380 131.2
    endloop
  endfacet
  facet normal 0 -1 0
    outer loop
      vertex 138.7 380 130
      vertex 380 380 170
      vertex 138.7 380 170
    endloop
  endfacet
  facet normal 0 -1 -0
    outer loop
      vertex 380 380 170
      vertex 138.7 380 130
      vertex 380 380 130
    endloop
  endfacet
  facet normal 0 -1 0
    outer loop
      vertex 119.9 380 131.2
      vertex 137.5 380 168.8
      vertex 119.9 380 168.8
    endloop
  endfacet
  facet normal 0 -1 -0
    outer loop
      vertex 137.5 380 168.8
      vertex 119.9 380 131.2
      vertex 137.5 380 131.2
    endloop
  endfacet
  facet normal 0 -1 0
    outer loop
      vertex -118.7 380 130
      vertex 118.7 380 170
      vertex -118.7 380 170
    endloop
  endfacet
  facet normal 0 -1 -0
    outer loop
      vertex 118.7 380 170
      vertex -118.7 380 130
      vertex 118.7 380 130
    endloop
  endfacet
  facet normal 0 -1 0
    outer loop
      vertex -137.5 380 131.2
      vertex -119.9 380 168.8
      vertex -137.5 380 168.8
    endloop
  endfacet
  facet normal 0 -1 -0
    outer loop
      vertex -119.9 380 168.8
      vertex -137.5 380 131.2
      vertex -119.9 380 131.2
    endloop
  endfacet
  facet normal 0 -1 0
    outer loop
      vertex 381.2 380 131.2
      vertex 398.8 380 168.8
      vertex 381.2 380 168.8
    endloop
  endfacet
  facet normal 0 -1 -0
    outer loop
      vertex 398.8 380 168.8
      vertex 381.2 380 131.2
      vertex 398.8 380 131.2
    endloop
  endfacet
  facet normal 0 0 -1
    outer loop
      vertex 400 -400 130
      vertex 380 -380 130
      vertex 400 400 130
    endloop
  endfacet
  facet normal 0 0 -1
    outer loop
      vertex 400 -400 130
      vertex 138.7 -380 130
      vertex 380 -380 130
    endloop
  endfacet
  facet normal 0 0 -1
    outer loop
      vertex 138.7 -380 130
      vertex 118.7 -380 130
      vertex 138.7 380 130
    endloop
  endfacet
  facet normal 0 0 -1
    outer loop
      vertex 400 -400 130
      vertex 118.7 -380 130
      vertex 138.7 -380 130
    endloop
  endfacet
  facet normal 0 0 -1
    outer loop
      vertex -300 -400 130
      vertex 118.7 -380 130
      vertex 400 -400 130
    endloop
  endfacet
  facet normal 0 0 -1
    outer loop
      vertex -118.7 -380 130
      vertex -138.7 -380 130
      vertex -118.7 380 130
    endloop
  endfacet
  facet normal -0 0 -1
    outer loop
      vertex 118.7 -380 130
      vertex -300 -400 130
      vertex -118.7 -380 130
    endloop
  endfacet
  facet normal -0 0 -1
    outer loop
      vertex -118.7 -380 130
      vertex -300 -400 130
      vertex -138.7 -380 130
    endloop
  endfacet
  facet normal -0 0 -1
    outer loop
      vertex -138.7 -380 130
      vertex -300 -400 130
      vertex -300 -380 130
    endloop
  endfacet
  facet normal 0 0 -1
    outer loop
      vertex 380 380 130
      vertex 400 400 130
      vertex 380 -380 130
    endloop
  endfacet
  facet normal 0 0 -1
    outer loop
      vertex 138.7 380 130
      vertex 400 400 130
      vertex 380 380 130
    endloop
  endfacet
  facet normal 0 0 -1
    outer loop
      vertex 118.7 380 130
      vertex 138.7 380 130
      vertex 118.7 -380 130
    endloop
  endfacet
  facet normal 0 0 -1
    outer loop
      vertex 118.7 380 130
      vertex 400 400 130
      vertex 138.7 380 130
    endloop
  endfacet
  facet normal 0 0 -1
    outer loop
      vertex -300 400 130
      vertex 118.7 380 130
      vertex -118.7 380 130
    endloop
  endfacet
  facet normal 0 0 -1
    outer loop
      vertex -138.7 380 130
      vertex -118.7 380 130
      vertex -138.7 -380 130
    endloop
  endfacet
  facet normal 0 0 -1
    outer loop
      vertex -300 400 130
      vertex -118.7 380 130
      vertex -138.7 380 130
    endloop
  endfacet
  facet normal 0 0 -1
    outer loop
      vertex -300 400 130
      vertex -138.7 380 130
      vertex -300 380 130
    endloop
  endfacet
  facet normal 0 0 -1
    outer loop
      vertex 118.7 380 130
      vertex -300 400 130
      vertex 400 400 130
    endloop
  endfacet
  facet normal 0 0 -1
    outer loop
      vertex -400 -300 130
      vertex -380 300 130
      vertex -380 -300 130
    endloop
  endfacet
  facet normal -0 0 -1
    outer loop
      vertex -380 300 130
      vertex -400 -300 130
      vertex -400 300 130
    endloop
  endfacet
  facet normal 0 0 -1
    outer loop
      vertex -400 381.2 168.8
      vertex 400 398.8 168.8
      vertex 400 381.2 168.8
    endloop
  endfacet
  facet normal -0 0 -1
    outer loop
      vertex 400 398.8 168.8
      vertex -400 381.2 168.8
      vertex -400 398.8 168.8
    endloop
  endfacet
  facet normal 0 -1 0
    outer loop
      vertex -400 398.8 131.2
      vertex 400 398.8 168.8
      vertex -400 398.8 168.8
    endloop
  endfacet
  facet normal 0 -1 -0
    outer loop
      vertex 400 398.8 168.8
      vertex -400 398.8 131.2
      vertex 400 398.8 131.2
    endloop
  endfacet
  facet normal -0 0 1
    outer loop
      vertex -400 398.8 131.2
      vertex 400 381.2 131.2
      vertex 400 398.8 131.2
    endloop
  endfacet
  facet normal 0 0 1
    outer loop
      vertex 400 381.2 131.2
      vertex -400 398.8 131.2
      vertex -400 381.2 131.2
    endloop
  endfacet
  facet normal 0 1 -0
    outer loop
      vertex 400 381.2 131.2
      vertex -400 381.2 168.8
      vertex 400 381.2 168.8
    endloop
  endfacet
  facet normal 0 1 0
    outer loop
      vertex -400 381.2 168.8
      vertex 400 381.2 131.2
      vertex -400 381.2 131.2
    endloop
  endfacet
  facet normal 0 1 -0
    outer loop
      vertex -381.2 -380 131.2
      vertex -398.8 -380 168.8
      vertex -381.2 -380 168.8
    endloop
  endfacet
  facet normal 0 1 0
    outer loop
      vertex -398.8 -380 168.8
      vertex -381.2 -380 131.2
      vertex -398.8 -380 131.2
    endloop
  endfacet
  facet normal 0 1 0
    outer loop
      vertex -138.7 -380 170
      vertex -300 -380 130.5
      vertex -380 -380 170
    endloop
  endfacet
  facet normal 0 1 -0
    outer loop
      vertex -138.7 -380 130
      vertex -300 -380 130.5
      vertex -138.7 -380 170
    endloop
  endfacet
  facet normal 0 1 0
    outer loop
      vertex -300 -380 130.5
      vertex -138.7 -380 130
      vertex -300 -380 130
    endloop
  endfacet
  facet normal 0 1 0
    outer loop
      vertex -380 -380 170
      vertex -300 -380 130.5
      vertex -380 -380 130.5
    endloop
  endfacet
  facet normal 0 1 -0
    outer loop
      vertex 137.5 -380 131.2
      vertex 119.9 -380 168.8
      vertex 137.5 -380 168.8
    endloop
  endfacet
  facet normal 0 1 0
    outer loop
      vertex 119.9 -380 168.8
      vertex 137.5 -380 131.2
      vertex 119.9 -380 131.2
    endloop
  endfacet
  facet normal 0 1 -0
    outer loop
      vertex 380 -380 130
      vertex 138.7 -380 170
      vertex 380 -380 170
    endloop
  endfacet
  facet normal 0 1 0
    outer loop
      vertex 138.7 -380 170
      vertex 380 -380 130
      vertex 138.7 -380 130
    endloop
  endfacet
  facet normal 0 1 -0
    outer loop
      vertex 118.7 -380 130
      vertex -118.7 -380 170
      vertex 118.7 -380 170
    endloop
  endfacet
  facet normal 0 1 0
    outer loop
      vertex -118.7 -380 170
      vertex 118.7 -380 130
      vertex -118.7 -380 130
    endloop
  endfacet
  facet normal 0 1 -0
    outer loop
      vertex -119.9 -380 131.2
      vertex -137.5 -380 168.8
      vertex -119.9 -380 168.8
    endloop
  endfacet
  facet normal 0 1 0
    outer loop
      vertex -137.5 -380 168.8
      vertex -119.9 -380 131.2
      vertex -137.5 -380 131.2
    endloop
  endfacet
  facet normal 0 1 -0
    outer loop
      vertex 398.8 -380 131.2
      vertex 381.2 -380 168.8
      vertex 398.8 -380 168.8
    endloop
  endfacet
  facet normal 0 1 0
    outer loop
      vertex 381.2 -380 168.8
      vertex 398.8 -380 131.2
      vertex 381.2 -380 131.2
    endloop
  endfacet
  facet normal 0 -1 0
    outer loop
      vertex -400 -400 450
      vertex -380 -400 430
      vertex 400 -400 450
    endloop
  endfacet
  facet normal 0 -1 0
    outer loop
      vertex -400 -400 450
      vertex -380 -400 170
      vertex -380 -400 430
    endloop
  endfacet
  facet normal 0 -1 0
    outer loop
      vertex -380 -400 170
      vertex -300 -400 130
      vertex 380 -400 170
    endloop
  endfacet
  facet normal 0 -1 0
    outer loop
      vertex -400 -400 129.5
      vertex -380 -400 170
      vertex -400 -400 450
    endloop
  endfacet
  facet normal 0 -1 0
    outer loop
      vertex -400 -400 129.5
      vertex -300 -400 130
      vertex -380 -400 170
    endloop
  endfacet
  facet normal 0 -1 -0
    outer loop
      vertex -300 -400 130
      vertex -400 -400 129.5
      vertex -300 -400 129.5
    endloop
  endfacet
  facet normal 0 -1 0
    outer loop
      vertex 380 -400 430
      vertex 400 -400 450
      vertex -380 -400 430
    endloop
  endfacet
  facet normal 0 -1 0
    outer loop
      vertex 380 -400 170
      vertex 400 -400 450
      vertex 380 -400 430
    endloop
  endfacet
  facet normal 0 -1 0
    outer loop
      vertex 380 -400 170
      vertex 400 -400 130
      vertex 400 -400 450
    endloop
  endfacet
  facet normal 0 -1 0
    outer loop
      vertex 400 -400 130
      vertex 380 -400 170
      vertex -300 -400 130
    endloop
  endfacet
  facet normal 0 0 -1
    outer loop
      vertex -400 -398.8 168.8
      vertex 400 -381.2 168.8
      vertex 400 -398.8 168.8
    endloop
  endfacet
  facet normal -0 0 -1
    outer loop
      vertex 400 -381.2 168.8
      vertex -400 -398.8 168.8
      vertex -400 -381.2 168.8
    endloop
  endfacet
  facet normal 0 -1 0
    outer loop
      vertex -400 -381.2 131.2
      vertex 400 -381.2 168.8
      vertex -400 -381.2 168.8
    endloop
  endfacet
  facet normal 0 -1 -0
    outer loop
      vertex 400 -381.2 168.8
      vertex -400 -381.2 131.2
      vertex 400 -381.2 131.2
    endloop
  endfacet
  facet normal -0 0 1
    outer loop
      vertex -400 -381.2 131.2
      vertex 400 -398.8 131.2
      vertex 400 -381.2 131.2
    endloop
  endfacet
  facet normal 0 0 1
    outer loop
      vertex 400 -398.8 131.2
      vertex -400 -381.2 131.2
      vertex -400 -398.8 131.2
    endloop
  endfacet
  facet normal 0 1 -0
    outer loop
      vertex 400 -398.8 131.2
      vertex -400 -398.8 168.8
      vertex 400 -398.8 168.8
    endloop
  endfacet
  facet normal 0 1 0
    outer loop
      vertex -400 -398.8 168.8
      vertex 400 -398.8 131.2
      vertex -400 -398.8 131.2
    endloop
  endfacet
  facet normal 1 0 0
    outer loop
      vertex -380 380 170
      vertex -380 300 130.5
      vertex -380 380 130.5
    endloop
  endfacet
  facet normal 1 0 0
    outer loop
      vertex -380 300 130.5
      vertex -380 -300 130.5
      vertex -380 300 130
    endloop
  endfacet
  facet normal 1 0 0
    outer loop
      vertex -380 380 170
      vertex -380 -300 130.5
      vertex -380 300 130.5
    endloop
  endfacet
  facet normal 1 -0 0
    outer loop
      vertex -380 -380 170
      vertex -380 -300 130.5
      vertex -380 380 170
    endloop
  endfacet
  facet normal 1 0 0
    outer loop
      vertex -380 -300 130.5
      vertex -380 -380 170
      vertex -380 -380 130.5
    endloop
  endfacet
  facet normal 1 0 0
    outer loop
      vertex -380 300 130
      vertex -380 -300 130.5
      vertex -380 -300 130
    endloop
  endfacet
  facet normal 0 0 -1
    outer loop
      vertex -398.8 -380 168.8
      vertex -381.2 380 168.8
      vertex -381.2 -380 168.8
    endloop
  endfacet
  facet normal -0 0 -1
    outer loop
      vertex -381.2 380 168.8
      vertex -398.8 -380 168.8
      vertex -398.8 380 168.8
    endloop
  endfacet
  facet normal -1 0 0
    outer loop
      vertex -381.2 -380 131.2
      vertex -381.2 380 168.8
      vertex -381.2 380 131.2
    endloop
  endfacet
  facet normal -1 -0 0
    outer loop
      vertex -381.2 380 168.8
      vertex -381.2 -380 131.2
      vertex -381.2 -380 168.8
    endloop
  endfacet
  facet normal -0 0 1
    outer loop
      vertex -398.8 380 131.2
      vertex -381.2 -380 131.2
      vertex -381.2 380 131.2
    endloop
  endfacet
  facet normal 0 0 1
    outer loop
      vertex -381.2 -380 131.2
      vertex -398.8 380 131.2
      vertex -398.8 -380 131.2
    endloop
  endfacet
  facet normal 1 -0 0
    outer loop
      vertex -398.8 -380 168.8
      vertex -398.8 380 131.2
      vertex -398.8 380 168.8
    endloop
  endfacet
  facet normal 1 0 0
    outer loop
      vertex -398.8 380 131.2
      vertex -398.8 -380 168.8
      vertex -398.8 -380 131.2
    endloop
  endfacet
  facet normal 1 -0 0
    outer loop
      vertex -118.7 250 170
      vertex -118.7 380 130
      vertex -118.7 380 170
    endloop
  endfacet
  facet normal 1 -0 0
    outer loop
      vertex -118.7 100 170
      vertex -118.7 380 130
      vertex -118.7 250 170
    endloop
  endfacet
  facet normal 1 -0 0
    outer loop
      vertex -118.7 -100 170
      vertex -118.7 380 130
      vertex -118.7 100 170
    endloop
  endfacet
  facet normal 1 0 0
    outer loop
      vertex -118.7 -380 130
      vertex -118.7 -100 170
      vertex -118.7 -250 170
    endloop
  endfacet
  facet normal 1 0 0
    outer loop
      vertex -118.7 -380 130
      vertex -118.7 -250 170
      vertex -118.7 -380 170
    endloop
  endfacet
  facet normal 1 0 0
    outer loop
      vertex -118.7 -100 170
      vertex -118.7 -380 130
      vertex -118.7 380 130
    endloop
  endfacet
  facet normal -1 0 0
    outer loop
      vertex -138.7 380 130
      vertex -138.7 250 170
      vertex -138.7 380 170
    endloop
  endfacet
  facet normal -1 0 0
    outer loop
      vertex -138.7 380 130
      vertex -138.7 100 170
      vertex -138.7 250 170
    endloop
  endfacet
  facet normal -1 0 0
    outer loop
      vertex -138.7 380 130
      vertex -138.7 -100 170
      vertex -138.7 100 170
    endloop
  endfacet
  facet normal -1 0 0
    outer loop
      vertex -138.7 -380 130
      vertex -138.7 -100 170
      vertex -138.7 380 130
    endloop
  endfacet
  facet normal -1 -0 0
    outer loop
      vertex -138.7 -100 170
      vertex -138.7 -380 130
      vertex -138.7 -250 170
    endloop
  endfacet
  facet normal -1 -0 0
    outer loop
      vertex -138.7 -250 170
      vertex -138.7 -380 130
      vertex -138.7 -380 170
    endloop
  endfacet
  facet normal 0 0 -1
    outer loop
      vertex -137.5 -380 168.8
      vertex -119.9 380 168.8
      vertex -119.9 -380 168.8
    endloop
  endfacet
  facet normal -0 0 -1
    outer loop
      vertex -119.9 380 168.8
      vertex -137.5 -380 168.8
      vertex -137.5 380 168.8
    endloop
  endfacet
  facet normal -1 0 0
    outer loop
      vertex -119.9 -380 131.2
      vertex -119.9 380 168.8
      vertex -119.9 380 131.2
    endloop
  endfacet
  facet normal -1 -0 0
    outer loop
      vertex -119.9 380 168.8
      vertex -119.9 -380 131.2
      vertex -119.9 -380 168.8
    endloop
  endfacet
  facet normal -0 0 1
    outer loop
      vertex -137.5 380 131.2
      vertex -119.9 -380 131.2
      vertex -119.9 380 131.2
    endloop
  endfacet
  facet normal 0 0 1
    outer loop
      vertex -119.9 -380 131.2
      vertex -137.5 380 131.2
      vertex -137.5 -380 131.2
    endloop
  endfacet
  facet normal 1 -0 0
    outer loop
      vertex -137.5 -380 168.8
      vertex -137.5 380 131.2
      vertex -137.5 380 168.8
    endloop
  endfacet
  facet normal 1 0 0
    outer loop
      vertex -137.5 380 131.2
      vertex -137.5 -380 168.8
      vertex -137.5 -380 131.2
    endloop
  endfacet
  facet normal 1 -0 0
    outer loop
      vertex 138.7 250 170
      vertex 138.7 380 130
      vertex 138.7 380 170
    endloop
  endfacet
  facet normal 1 -0 0
    outer loop
      vertex 138.7 100 170
      vertex 138.7 380 130
      vertex 138.7 250 170
    endloop
  endfacet
  facet normal 1 -0 0
    outer loop
      vertex 138.7 -100 170
      vertex 138.7 380 130
      vertex 138.7 100 170
    endloop
  endfacet
  facet normal 1 0 0
    outer loop
      vertex 138.7 -380 130
      vertex 138.7 -100 170
      vertex 138.7 -250 170
    endloop
  endfacet
  facet normal 1 0 0
    outer loop
      vertex 138.7 -380 130
      vertex 138.7 -250 170
      vertex 138.7 -380 170
    endloop
  endfacet
  facet normal 1 0 0
    outer loop
      vertex 138.7 -100 170
      vertex 138.7 -380 130
      vertex 138.7 380 130
    endloop
  endfacet
  facet normal -1 0 0
    outer loop
      vertex 118.7 380 130
      vertex 118.7 250 170
      vertex 118.7 380 170
    endloop
  endfacet
  facet normal -1 0 0
    outer loop
      vertex 118.7 380 130
      vertex 118.7 100 170
      vertex 118.7 250 170
    endloop
  endfacet
  facet normal -1 0 0
    outer loop
      vertex 118.7 380 130
      vertex 118.7 -100 170
      vertex 118.7 100 170
    endloop
  endfacet
  facet normal -1 0 0
    outer loop
      vertex 118.7 -380 130
      vertex 118.7 -100 170
      vertex 118.7 380 130
    endloop
  endfacet
  facet normal -1 -0 0
    outer loop
      vertex 118.7 -100 170
      vertex 118.7 -380 130
      vertex 118.7 -250 170
    endloop
  endfacet
  facet normal -1 -0 0
    outer loop
      vertex 118.7 -250 170
      vertex 118.7 -380 130
      vertex 118.7 -380 170
    endloop
  endfacet
  facet normal 0 0 -1
    outer loop
      vertex 119.9 -380 168.8
      vertex 137.5 380 168.8
      vertex 137.5 -380 168.8
    endloop
  endfacet
  facet normal -0 0 -1
    outer loop
      vertex 137.5 380 168.8
      vertex 119.9 -380 168.8
      vertex 119.9 380 168.8
    endloop
  endfacet
  facet normal -1 0 0
    outer loop
      vertex 137.5 -380 131.2
      vertex 137.5 380 168.8
      vertex 137.5 380 131.2
    endloop
  endfacet
  facet normal -1 -0 0
    outer loop
      vertex 137.5 380 168.8
      vertex 137.5 -380 131.2
      vertex 137.5 -380 168.8
    endloop
  endfacet
  facet normal -0 0 1
    outer loop
      vertex 119.9 380 131.2
      vertex 137.5 -380 131.2
      vertex 137.5 380 131.2
    endloop
  endfacet
  facet normal 0 0 1
    outer loop
      vertex 137.5 -380 131.2
      vertex 119.9 380 131.2
      vertex 119.9 -380 131.2
    endloop
  endfacet
  facet normal 1 -0 0
    outer loop
      vertex 119.9 -380 168.8
      vertex 119.9 380 131.2
      vertex 119.9 380 168.8
    endloop
  endfacet
  facet normal 1 0 0
    outer loop
      vertex 119.9 380 131.2
      vertex 119.9 -380 168.8
      vertex 119.9 -380 131.2
    endloop
  endfacet
  facet normal -1 0 0
    outer loop
      vertex 380 -380 130
      vertex 380 380 170
      vertex 380 380 130
    endloop
  endfacet
  facet normal -1 -0 0
    outer loop
      vertex 380 380 170
      vertex 380 -380 130
      vertex 380 -380 170
    endloop
  endfacet
  facet normal 0 0 -1
    outer loop
      vertex 381.2 -380 168.8
      vertex 398.8 380 168.8
      vertex 398.8 -380 168.8
    endloop
  endfacet
  facet normal -0 0 -1
    outer loop
      vertex 398.8 380 168.8
      vertex 381.2 -380 168.8
      vertex 381.2 380 168.8
    endloop
  endfacet
  facet normal -1 0 0
    outer loop
      vertex 398.8 -380 131.2
      vertex 398.8 380 168.8
      vertex 398.8 380 131.2
    endloop
  endfacet
  facet normal -1 -0 0
    outer loop
      vertex 398.8 380 168.8
      vertex 398.8 -380 131.2
      vertex 398.8 -380 168.8
    endloop
  endfacet
  facet normal -0 0 1
    outer loop
      vertex 381.2 380 131.2
      vertex 398.8 -380 131.2
      vertex 398.8 380 131.2
    endloop
  endfacet
  facet normal 0 0 1
    outer loop
      vertex 398.8 -380 131.2
      vertex 381.2 380 131.2
      vertex 381.2 -380 131.2
    endloop
  endfacet
  facet normal 1 -0 0
    outer loop
      vertex 381.2 -380 168.8
      vertex 381.2 380 131.2
      vertex 381.2 380 168.8
    endloop
  endfacet
  facet normal 1 0 0
    outer loop
      vertex 381.2 380 131.2
      vertex 381.2 -380 168.8
      vertex 381.2 -380 131.2
    endloop
  endfacet
  facet normal 0 0 1
    outer loop
      vertex -398.8 -381.2 450
      vertex -380 -380 450
      vertex -398.8 381.2 450
    endloop
  endfacet
  facet normal 0 0 1
    outer loop
      vertex -380 -380 450
      vertex -398.8 -381.2 450
      vertex -381.2 -381.2 450
    endloop
  endfacet
  facet normal 0 0 1
    outer loop
      vertex 380 380 450
      vertex 398.8 381.2 450
      vertex 381.2 381.2 450
    endloop
  endfacet
  facet normal 0 0 1
    outer loop
      vertex 398.8 381.2 450
      vertex 380 380 450
      vertex 398.8 -381.2 450
    endloop
  endfacet
  facet normal 0 0 1
    outer loop
      vertex 398.8 381.2 450
      vertex 400 400 450
      vertex 398.8 398.8 450
    endloop
  endfacet
  facet normal 0 0 1
    outer loop
      vertex 400 400 450
      vertex 381.2 398.8 450
      vertex 398.8 398.8 450
    endloop
  endfacet
  facet normal 0 0 1
    outer loop
      vertex 380 380 450
      vertex 381.2 381.2 450
      vertex 381.2 398.8 450
    endloop
  endfacet
  facet normal -0 0 1
    outer loop
      vertex 380 -380 450
      vertex 398.8 -381.2 450
      vertex 380 380 450
    endloop
  endfacet
  facet normal 0 0 1
    outer loop
      vertex 398.8 -381.2 450
      vertex 380 -380 450
      vertex 381.2 -381.2 450
    endloop
  endfacet
  facet normal 0 0 1
    outer loop
      vertex 381.2 398.8 450
      vertex 10 380 450
      vertex 380 380 450
    endloop
  endfacet
  facet normal 0 0 1
    outer loop
      vertex -381.2 398.8 450
      vertex 381.2 398.8 450
      vertex 400 400 450
    endloop
  endfacet
  facet normal 0 0 1
    outer loop
      vertex 10 380 450
      vertex -10 380 450
      vertex 10 -380 450
    endloop
  endfacet
  facet normal 0 0 1
    outer loop
      vertex 381.2 398.8 450
      vertex -10 380 450
      vertex 10 380 450
    endloop
  endfacet
  facet normal 0 0 1
    outer loop
      vertex 381.2 398.8 450
      vertex -381.2 398.8 450
      vertex -10 380 450
    endloop
  endfacet
  facet normal -0 0 1
    outer loop
      vertex -381.2 381.2 450
      vertex -380 380 450
      vertex -381.2 398.8 450
    endloop
  endfacet
  facet normal 0 0 1
    outer loop
      vertex -10 380 450
      vertex -381.2 398.8 450
      vertex -380 380 450
    endloop
  endfacet
  facet normal -0 0 1
    outer loop
      vertex -400 400 450
      vertex -381.2 398.8 450
      vertex 400 400 450
    endloop
  endfacet
  facet normal 0 0 1
    outer loop
      vertex -400 400 450
      vertex -398.8 381.2 450
      vertex -398.8 398.8 450
    endloop
  endfacet
  facet normal 0 0 1
    outer loop
      vertex -398.8 381.2 450
      vertex -400 400 450
      vertex -398.8 -381.2 450
    endloop
  endfacet
  facet normal 0 0 1
    outer loop
      vertex -400 -400 450
      vertex -398.8 -381.2 450
      vertex -400 400 450
    endloop
  endfacet
  facet normal 0 0 1
    outer loop
      vertex -381.2 398.8 450
      vertex -400 400 450
      vertex -398.8 398.8 450
    endloop
  endfacet
  facet normal 0 0 1
    outer loop
      vertex 400 400 450
      vertex 398.8 381.2 450
      vertex 400 -400 450
    endloop
  endfacet
  facet normal -0 0 1
    outer loop
      vertex 398.8 -381.2 450
      vertex 400 -400 450
      vertex 398.8 381.2 450
    endloop
  endfacet
  facet normal -0 0 1
    outer loop
      vertex 398.8 -398.8 450
      vertex 400 -400 450
      vertex 398.8 -381.2 450
    endloop
  endfacet
  facet normal -0 0 1
    outer loop
      vertex 381.2 -398.8 450
      vertex 400 -400 450
      vertex 398.8 -398.8 450
    endloop
  endfacet
  facet normal 0 0 1
    outer loop
      vertex 381.2 -381.2 450
      vertex 380 -380 450
      vertex 381.2 -398.8 450
    endloop
  endfacet
  facet normal -0 0 1
    outer loop
      vertex 10 -380 450
      vertex 381.2 -398.8 450
      vertex 380 -380 450
    endloop
  endfacet
  facet normal -0 0 1
    outer loop
      vertex -10 -380 450
      vertex 381.2 -398.8 450
      vertex 10 -380 450
    endloop
  endfacet
  facet normal 0 0 1
    outer loop
      vertex -10 -380 450
      vertex 10 -380 450
      vertex -10 380 450
    endloop
  endfacet
  facet normal 0 0 1
    outer loop
      vertex -381.2 -398.8 450
      vertex 381.2 -398.8 450
      vertex -10 -380 450
    endloop
  endfacet
  facet normal 0 0 1
    outer loop
      vertex -381.2 -398.8 450
      vertex -10 -380 450
      vertex -380 -380 450
    endloop
  endfacet
  facet normal -0 0 1
    outer loop
      vertex -398.8 381.2 450
      vertex -380 380 450
      vertex -381.2 381.2 450
    endloop
  endfacet
  facet normal 0 0 1
    outer loop
      vertex -380 380 450
      vertex -398.8 381.2 450
      vertex -380 -380 450
    endloop
  endfacet
  facet normal 0 0 1
    outer loop
      vertex -381.2 -398.8 450
      vertex -380 -380 450
      vertex -381.2 -381.2 450
    endloop
  endfacet
  facet normal 0 0 1
    outer loop
      vertex 381.2 -398.8 450
      vertex -381.2 -398.8 450
      vertex 400 -400 450
    endloop
  endfacet
  facet normal 0 0 1
    outer loop
      vertex -400 -400 450
      vertex -381.2 -398.8 450
      vertex -398.8 -398.8 450
    endloop
  endfacet
  facet normal 0 0 1
    outer loop
      vertex -381.2 -398.8 450
      vertex -400 -400 450
      vertex 400 -400 450
    endloop
  endfacet
  facet normal 0 0 1
    outer loop
      vertex -398.8 -381.2 450
      vertex -400 -400 450
      vertex -398.8 -398.8 450
    endloop
  endfacet
  facet normal -1 0 0
    outer loop
      vertex 380 380 170
      vertex 380 400 430
      vertex 380 400 170
    endloop
  endfacet
  facet normal -1 -0 0
    outer loop
      vertex 380 400 430
      vertex 380 380 170
      vertex 380 380 430
    endloop
  endfacet
  facet normal -1 0 0
    outer loop
      vertex 380 381.2 431.2
      vertex 380 398.8 448.8
      vertex 380 398.8 431.2
    endloop
  endfacet
  facet normal -1 -0 0
    outer loop
      vertex 380 398.8 448.8
      vertex 380 381.2 431.2
      vertex 380 381.2 448.8
    endloop
  endfacet
  facet normal 0 -1 0
    outer loop
      vertex 380 380 170
      vertex 400 380 430
      vertex 380 380 430
    endloop
  endfacet
  facet normal 0 -1 -0
    outer loop
      vertex 400 380 430
      vertex 380 380 170
      vertex 400 380 170
    endloop
  endfacet
  facet normal 0 -1 0
    outer loop
      vertex 381.2 380 431.2
      vertex 398.8 380 448.8
      vertex 381.2 380 448.8
    endloop
  endfacet
  facet normal 0 -1 -0
    outer loop
      vertex 398.8 380 448.8
      vertex 381.2 380 431.2
      vertex 398.8 380 431.2
    endloop
  endfacet
  facet normal 1 -0 0
    outer loop
      vertex 381.2 381.2 450
      vertex 381.2 398.8 170
      vertex 381.2 398.8 450
    endloop
  endfacet
  facet normal 1 0 0
    outer loop
      vertex 381.2 398.8 170
      vertex 381.2 381.2 450
      vertex 381.2 381.2 170
    endloop
  endfacet
  facet normal 0 -1 0
    outer loop
      vertex 381.2 398.8 170
      vertex 398.8 398.8 450
      vertex 381.2 398.8 450
    endloop
  endfacet
  facet normal 0 -1 -0
    outer loop
      vertex 398.8 398.8 450
      vertex 381.2 398.8 170
      vertex 398.8 398.8 170
    endloop
  endfacet
  facet normal -1 0 0
    outer loop
      vertex 398.8 381.2 170
      vertex 398.8 398.8 450
      vertex 398.8 398.8 170
    endloop
  endfacet
  facet normal -1 -0 0
    outer loop
      vertex 398.8 398.8 450
      vertex 398.8 381.2 170
      vertex 398.8 381.2 450
    endloop
  endfacet
  facet normal 0 1 -0
    outer loop
      vertex 398.8 381.2 170
      vertex 381.2 381.2 450
      vertex 398.8 381.2 450
    endloop
  endfacet
  facet normal 0 1 0
    outer loop
      vertex 381.2 381.2 450
      vertex 398.8 381.2 170
      vertex 381.2 381.2 170
    endloop
  endfacet
  facet normal 0 1 -0
    outer loop
      vertex 400 -380 170
      vertex 380 -380 430
      vertex 400 -380 430
    endloop
  endfacet
  facet normal 0 1 0
    outer loop
      vertex 380 -380 430
      vertex 400 -380 170
      vertex 380 -380 170
    endloop
  endfacet
  facet normal 0 1 -0
    outer loop
      vertex 398.8 -380 431.2
      vertex 381.2 -380 448.8
      vertex 398.8 -380 448.8
    endloop
  endfacet
  facet normal 0 1 0
    outer loop
      vertex 381.2 -380 448.8
      vertex 398.8 -380 431.2
      vertex 381.2 -380 431.2
    endloop
  endfacet
  facet normal -1 0 0
    outer loop
      vertex 380 -400 170
      vertex 380 -380 430
      vertex 380 -380 170
    endloop
  endfacet
  facet normal -1 -0 0
    outer loop
      vertex 380 -380 430
      vertex 380 -400 170
      vertex 380 -400 430
    endloop
  endfacet
  facet normal -1 0 0
    outer loop
      vertex 380 -398.8 431.2
      vertex 380 -381.2 448.8
      vertex 380 -381.2 431.2
    endloop
  endfacet
  facet normal -1 -0 0
    outer loop
      vertex 380 -381.2 448.8
      vertex 380 -398.8 431.2
      vertex 380 -398.8 448.8
    endloop
  endfacet
  facet normal 1 -0 0
    outer loop
      vertex 381.2 -398.8 450
      vertex 381.2 -381.2 170
      vertex 381.2 -381.2 450
    endloop
  endfacet
  facet normal 1 0 0
    outer loop
      vertex 381.2 -381.2 170
      vertex 381.2 -398.8 450
      vertex 381.2 -398.8 170
    endloop
  endfacet
  facet normal 0 -1 0
    outer loop
      vertex 381.2 -381.2 170
      vertex 398.8 -381.2 450
      vertex 381.2 -381.2 450
    endloop
  endfacet
  facet normal 0 -1 -0
    outer loop
      vertex 398.8 -381.2 450
      vertex 381.2 -381.2 170
      vertex 398.8 -381.2 170
    endloop
  endfacet
  facet normal -1 0 0
    outer loop
      vertex 398.8 -398.8 170
      vertex 398.8 -381.2 450
      vertex 398.8 -381.2 170
    endloop
  endfacet
  facet normal -1 -0 0
    outer loop
      vertex 398.8 -381.2 450
      vertex 398.8 -398.8 170
      vertex 398.8 -398.8 450
    endloop
  endfacet
  facet normal 0 1 -0
    outer loop
      vertex 398.8 -398.8 170
      vertex 381.2 -398.8 450
      vertex 398.8 -398.8 450
    endloop
  endfacet
  facet normal 0 1 0
    outer loop
      vertex 381.2 -398.8 450
      vertex 398.8 -398.8 170
      vertex 381.2 -398.8 170
    endloop
  endfacet
  facet normal 0 1 -0
    outer loop
      vertex -380 -380 170
      vertex -400 -380 430
      vertex -380 -380 430
    endloop
  endfacet
  facet normal 0 1 0
    outer loop
      vertex -400 -380 430
      vertex -380 -380 170
      vertex -400 -380 170
    endloop
  endfacet
  facet normal 0 1 -0
    outer loop
      vertex -381.2 -380 431.2
      vertex -398.8 -380 448.8
      vertex -381.2 -380 448.8
    endloop
  endfacet
  facet normal 0 1 0
    outer loop
      vertex -398.8 -380 448.8
      vertex -381.2 -380 431.2
      vertex -398.8 -380 431.2
    endloop
  endfacet
  facet normal 1 -0 0
    outer loop
      vertex -380 -400 430
      vertex -380 -380 170
      vertex -380 -380 430
    endloop
  endfacet
  facet normal 1 0 0
    outer loop
      vertex -380 -380 170
      vertex -380 -400 430
      vertex -380 -400 170
    endloop
  endfacet
  facet normal 1 -0 0
    outer loop
      vertex -380 -398.8 448.8
      vertex -380 -381.2 431.2
      vertex -380 -381.2 448.8
    endloop
  endfacet
  facet normal 1 0 0
    outer loop
      vertex -380 -381.2 431.2
      vertex -380 -398.8 448.8
      vertex -380 -398.8 431.2
    endloop
  endfacet
  facet normal 1 -0 0
    outer loop
      vertex -398.8 -398.8 450
      vertex -398.8 -381.2 170
      vertex -398.8 -381.2 450
    endloop
  endfacet
  facet normal 1 0 0
    outer loop
      vertex -398.8 -381.2 170
      vertex -398.8 -398.8 450
      vertex -398.8 -398.8 170
    endloop
  endfacet
  facet normal 0 -1 0
    outer loop
      vertex -398.8 -381.2 170
      vertex -381.2 -381.2 450
      vertex -398.8 -381.2 450
    endloop
  endfacet
  facet normal 0 -1 -0
    outer loop
      vertex -381.2 -381.2 450
      vertex -398.8 -381.2 170
      vertex -381.2 -381.2 170
    endloop
  endfacet
  facet normal -1 0 0
    outer loop
      vertex -381.2 -398.8 170
      vertex -381.2 -381.2 450
      vertex -381.2 -381.2 170
    endloop
  endfacet
  facet normal -1 -0 0
    outer loop
      vertex -381.2 -381.2 450
      vertex -381.2 -398.8 170
      vertex -381.2 -398.8 450
    endloop
  endfacet
  facet normal 0 1 -0
    outer loop
      vertex -381.2 -398.8 170
      vertex -398.8 -398.8 450
      vertex -381.2 -398.8 450
    endloop
  endfacet
  facet normal 0 1 0
    outer loop
      vertex -398.8 -398.8 450
      vertex -381.2 -398.8 170
      vertex -398.8 -398.8 170
    endloop
  endfacet
  facet normal 0 -1 0
    outer loop
      vertex -400 380 170
      vertex -380 380 430
      vertex -400 380 430
    endloop
  endfacet
  facet normal 0 -1 -0
    outer loop
      vertex -380 380 430
      vertex -400 380 170
      vertex -380 380 170
    endloop
  endfacet
  facet normal 0 -1 0
    outer loop
      vertex -398.8 380 431.2
      vertex -381.2 380 448.8
      vertex -398.8 380 448.8
    endloop
  endfacet
  facet normal 0 -1 -0
    outer loop
      vertex -381.2 380 448.8
      vertex -398.8 380 431.2
      vertex -381.2 380 431.2
    endloop
  endfacet
  facet normal 1 -0 0
    outer loop
      vertex -380 380 430
      vertex -380 400 170
      vertex -380 400 430
    endloop
  endfacet
  facet normal 1 0 0
    outer loop
      vertex -380 400 170
      vertex -380 380 430
      vertex -380 380 170
    endloop
  endfacet
  facet normal 1 -0 0
    outer loop
      vertex -380 381.2 448.8
      vertex -380 398.8 431.2
      vertex -380 398.8 448.8
    endloop
  endfacet
  facet normal 1 0 0
    outer loop
      vertex -380 398.8 431.2
      vertex -380 381.2 448.8
      vertex -380 381.2 431.2
    endloop
  endfacet
  facet normal 1 -0 0
    outer loop
      vertex -398.8 381.2 450
      vertex -398.8 398.8 170
      vertex -398.8 398.8 450
    endloop
  endfacet
  facet normal 1 0 0
    outer loop
      vertex -398.8 398.8 170
      vertex -398.8 381.2 450
      vertex -398.8 381.2 170
    endloop
  endfacet
  facet normal 0 -1 0
    outer loop
      vertex -398.8 398.8 170
      vertex -381.2 398.8 450
      vertex -398.8 398.8 450
    endloop
  endfacet
  facet normal 0 -1 -0
    outer loop
      vertex -381.2 398.8 450
      vertex -398.8 398.8 170
      vertex -381.2 398.8 170
    endloop
  endfacet
  facet normal -1 0 0
    outer loop
      vertex -381.2 381.2 170
      vertex -381.2 398.8 450
      vertex -381.2 398.8 170
    endloop
  endfacet
  facet normal -1 -0 0
    outer loop
      vertex -381.2 398.8 450
      vertex -381.2 381.2 170
      vertex -381.2 381.2 450
    endloop
  endfacet
  facet normal 0 1 -0
    outer loop
      vertex -381.2 381.2 170
      vertex -398.8 381.2 450
      vertex -381.2 381.2 450
    endloop
  endfacet
  facet normal 0 1 0
    outer loop
      vertex -398.8 381.2 450
      vertex -381.2 381.2 170
      vertex -398.8 381.2 170
    endloop
  endfacet
  facet normal 0 -1 0
    outer loop
      vertex 10 380 430
      vertex 380 380 450
      vertex 10 380 450
    endloop
  endfacet
  facet normal 0 -1 -0
    outer loop
      vertex 380 380 450
      vertex 10 380 430
      vertex 380 380 430
    endloop
  endfacet
  facet normal 0 -1 0
    outer loop
      vertex -380 380 430
      vertex -10 380 450
      vertex -380 380 450
    endloop
  endfacet
  facet normal 0 -1 -0
    outer loop
      vertex -10 380 450
      vertex -380 380 430
      vertex -10 380 430
    endloop
  endfacet
  facet normal 0 -1 0
    outer loop
      vertex -8.8 380 431.2
      vertex 8.8 380 448.8
      vertex -8.8 380 448.8
    endloop
  endfacet
  facet normal 0 -1 -0
    outer loop
      vertex 8.8 380 448.8
      vertex -8.8 380 431.2
      vertex 8.8 380 431.2
    endloop
  endfacet
  facet normal 0 0 -1
    outer loop
      vertex 380 -400 430
      vertex 10 -380 430
      vertex 380 -380 430
    endloop
  endfacet
  facet normal 0 0 -1
    outer loop
      vertex 10 -380 430
      vertex -10 -380 430
      vertex 10 380 430
    endloop
  endfacet
  facet normal 0 0 -1
    outer loop
      vertex 380 -400 430
      vertex -10 -380 430
      vertex 10 -380 430
    endloop
  endfacet
  facet normal 0 0 -1
    outer loop
      vertex -380 -400 430
      vertex -10 -380 430
      vertex 380 -400 430
    endloop
  endfacet
  facet normal -0 0 -1
    outer loop
      vertex -10 -380 430
      vertex -380 -400 430
      vertex -380 -380 430
    endloop
  endfacet
  facet normal 0 0 -1
    outer loop
      vertex 10 380 430
      vertex 380 400 430
      vertex 380 380 430
    endloop
  endfacet
  facet normal 0 0 -1
    outer loop
      vertex -10 380 430
      vertex 10 380 430
      vertex -10 -380 430
    endloop
  endfacet
  facet normal 0 0 -1
    outer loop
      vertex -10 380 430
      vertex 380 400 430
      vertex 10 380 430
    endloop
  endfacet
  facet normal 0 0 -1
    outer loop
      vertex -380 400 430
      vertex -10 380 430
      vertex -380 380 430
    endloop
  endfacet
  facet normal 0 0 -1
    outer loop
      vertex -10 380 430
      vertex -380 400 430
      vertex 380 400 430
    endloop
  endfacet
  facet normal 0 0 -1
    outer loop
      vertex -380 381.2 448.8
      vertex 380 398.8 448.8
      vertex 380 381.2 448.8
    endloop
  endfacet
  facet normal -0 0 -1
    outer loop
      vertex 380 398.8 448.8
      vertex -380 381.2 448.8
      vertex -380 398.8 448.8
    endloop
  endfacet
  facet normal 0 -1 0
    outer loop
      vertex -380 398.8 431.2
      vertex 380 398.8 448.8
      vertex -380 398.8 448.8
    endloop
  endfacet
  facet normal 0 -1 -0
    outer loop
      vertex 380 398.8 448.8
      vertex -380 398.8 431.2
      vertex 380 398.8 431.2
    endloop
  endfacet
  facet normal -0 0 1
    outer loop
      vertex -380 398.8 431.2
      vertex 380 381.2 431.2
      vertex 380 398.8 431.2
    endloop
  endfacet
  facet normal 0 0 1
    outer loop
      vertex 380 381.2 431.2
      vertex -380 398.8 431.2
      vertex -380 381.2 431.2
    endloop
  endfacet
  facet normal 0 1 -0
    outer loop
      vertex 380 381.2 431.2
      vertex -380 381.2 448.8
      vertex 380 381.2 448.8
    endloop
  endfacet
  facet normal 0 1 0
    outer loop
      vertex -380 381.2 448.8
      vertex 380 381.2 431.2
      vertex -380 381.2 431.2
    endloop
  endfacet
  facet normal 0 1 -0
    outer loop
      vertex -10 -380 430
      vertex -380 -380 450
      vertex -10 -380 450
    endloop
  endfacet
  facet normal 0 1 0
    outer loop
      vertex -380 -380 450
      vertex -10 -380 430
      vertex -380 -380 430
    endloop
  endfacet
  facet normal 0 1 -0
    outer loop
      vertex 380 -380 430
      vertex 10 -380 450
      vertex 380 -380 450
    endloop
  endfacet
  facet normal 0 1 0
    outer loop
      vertex 10 -380 450
      vertex 380 -380 430
      vertex 10 -380 430
    endloop
  endfacet
  facet normal 0 1 -0
    outer loop
      vertex 8.8 -380 431.2
      vertex -8.8 -380 448.8
      vertex 8.8 -380 448.8
    endloop
  endfacet
  facet normal 0 1 0
    outer loop
      vertex -8.8 -380 448.8
      vertex 8.8 -380 431.2
      vertex -8.8 -380 431.2
    endloop
  endfacet
  facet normal 0 0 -1
    outer loop
      vertex -380 -398.8 448.8
      vertex 380 -381.2 448.8
      vertex 380 -398.8 448.8
    endloop
  endfacet
  facet normal -0 0 -1
    outer loop
      vertex 380 -381.2 448.8
      vertex -380 -398.8 448.8
      vertex -380 -381.2 448.8
    endloop
  endfacet
  facet normal 0 -1 0
    outer loop
      vertex -380 -381.2 431.2
      vertex 380 -381.2 448.8
      vertex -380 -381.2 448.8
    endloop
  endfacet
  facet normal 0 -1 -0
    outer loop
      vertex 380 -381.2 448.8
      vertex -380 -381.2 431.2
      vertex 380 -381.2 431.2
    endloop
  endfacet
  facet normal -0 0 1
    outer loop
      vertex -380 -381.2 431.2
      vertex 380 -398.8 431.2
      vertex 380 -381.2 431.2
    endloop
  endfacet
  facet normal 0 0 1
    outer loop
      vertex 380 -398.8 431.2
      vertex -380 -381.2 431.2
      vertex -380 -398.8 431.2
    endloop
  endfacet
  facet normal 0 1 -0
    outer loop
      vertex 380 -398.8 431.2
      vertex -380 -398.8 448.8
      vertex 380 -398.8 448.8
    endloop
  endfacet
  facet normal 0 1 0
    outer loop
      vertex -380 -398.8 448.8
      vertex 380 -398.8 431.2
      vertex -380 -398.8 431.2
    endloop
  endfacet
  facet normal 0 0 -1
    outer loop
      vertex 380 -380 430
      vertex 400 380 430
      vertex 400 -380 430
    endloop
  endfacet
  facet normal -0 0 -1
    outer loop
      vertex 400 380 430
      vertex 380 -380 430
      vertex 380 380 430
    endloop
  endfacet
  facet normal -1 0 0
    outer loop
      vertex 380 -380 430
      vertex 380 380 450
      vertex 380 380 430
    endloop
  endfacet
  facet normal -1 -0 0
    outer loop
      vertex 380 380 450
      vertex 380 -380 430
      vertex 380 -380 450
    endloop
  endfacet
  facet normal 1 -0 0
    outer loop
      vertex 381.2 -380 448.8
      vertex 381.2 380 431.2
      vertex 381.2 380 448.8
    endloop
  endfacet
  facet normal 1 0 0
    outer loop
      vertex 381.2 380 431.2
      vertex 381.2 -380 448.8
      vertex 381.2 -380 431.2
    endloop
  endfacet
  facet normal -0 0 1
    outer loop
      vertex 381.2 380 431.2
      vertex 398.8 -380 431.2
      vertex 398.8 380 431.2
    endloop
  endfacet
  facet normal 0 0 1
    outer loop
      vertex 398.8 -380 431.2
      vertex 381.2 380 431.2
      vertex 381.2 -380 431.2
    endloop
  endfacet
  facet normal -1 0 0
    outer loop
      vertex 398.8 -380 431.2
      vertex 398.8 380 448.8
      vertex 398.8 380 431.2
    endloop
  endfacet
  facet normal -1 -0 0
    outer loop
      vertex 398.8 380 448.8
      vertex 398.8 -380 431.2
      vertex 398.8 -380 448.8
    endloop
  endfacet
  facet normal 0 0 -1
    outer loop
      vertex 381.2 -380 448.8
      vertex 398.8 380 448.8
      vertex 398.8 -380 448.8
    endloop
  endfacet
  facet normal -0 0 -1
    outer loop
      vertex 398.8 380 448.8
      vertex 381.2 -380 448.8
      vertex 381.2 380 448.8
    endloop
  endfacet
  facet normal -1 0 0
    outer loop
      vertex -10 -380 430
      vertex -10 380 450
      vertex -10 380 430
    endloop
  endfacet
  facet normal -1 -0 0
    outer loop
      vertex -10 380 450
      vertex -10 -380 430
      vertex -10 -380 450
    endloop
  endfacet
  facet normal 1 -0 0
    outer loop
      vertex 10 -380 450
      vertex 10 380 430
      vertex 10 380 450
    endloop
  endfacet
  facet normal 1 0 0
    outer loop
      vertex 10 380 430
      vertex 10 -380 450
      vertex 10 -380 430
    endloop
  endfacet
  facet normal 1 -0 0
    outer loop
      vertex -8.8 -380 448.8
      vertex -8.8 380 431.2
      vertex -8.8 380 448.8
    endloop
  endfacet
  facet normal 1 0 0
    outer loop
      vertex -8.8 380 431.2
      vertex -8.8 -380 448.8
      vertex -8.8 -380 431.2
    endloop
  endfacet
  facet normal -0 0 1
    outer loop
      vertex -8.8 380 431.2
      vertex 8.8 -380 431.2
      vertex 8.8 380 431.2
    endloop
  endfacet
  facet normal 0 0 1
    outer loop
      vertex 8.8 -380 431.2
      vertex -8.8 380 431.2
      vertex -8.8 -380 431.2
    endloop
  endfacet
  facet normal -1 0 0
    outer loop
      vertex 8.8 -380 431.2
      vertex 8.8 380 448.8
      vertex 8.8 380 431.2
    endloop
  endfacet
  facet normal -1 -0 0
    outer loop
      vertex 8.8 380 448.8
      vertex 8.8 -380 431.2
      vertex 8.8 -380 448.8
    endloop
  endfacet
  facet normal 0 0 -1
    outer loop
      vertex -8.8 -380 448.8
      vertex 8.8 380 448.8
      vertex 8.8 -380 448.8
    endloop
  endfacet
  facet normal -0 0 -1
    outer loop
      vertex 8.8 380 448.8
      vertex -8.8 -380 448.8
      vertex -8.8 380 448.8
    endloop
  endfacet
  facet normal 0 0 -1
    outer loop
      vertex -400 -380 430
      vertex -380 380 430
      vertex -380 -380 430
    endloop
  endfacet
  facet normal -0 0 -1
    outer loop
      vertex -380 380 430
      vertex -400 -380 430
      vertex -400 380 430
    endloop
  endfacet
  facet normal 1 -0 0
    outer loop
      vertex -380 -380 450
      vertex -380 380 430
      vertex -380 380 450
    endloop
  endfacet
  facet normal 1 0 0
    outer loop
      vertex -380 380 430
      vertex -380 -380 450
      vertex -380 -380 430
    endloop
  endfacet
  facet normal 1 -0 0
    outer loop
      vertex -398.8 -380 448.8
      vertex -398.8 380 431.2
      vertex -398.8 380 448.8
    endloop
  endfacet
  facet normal 1 0 0
    outer loop
      vertex -398.8 380 431.2
      vertex -398.8 -380 448.8
      vertex -398.8 -380 431.2
    endloop
  endfacet
  facet normal -0 0 1
    outer loop
      vertex -398.8 380 431.2
      vertex -381.2 -380 431.2
      vertex -381.2 380 431.2
    endloop
  endfacet
  facet normal 0 0 1
    outer loop
      vertex -381.2 -380 431.2
      vertex -398.8 380 431.2
      vertex -398.8 -380 431.2
    endloop
  endfacet
  facet normal -1 0 0
    outer loop
      vertex -381.2 -380 431.2
      vertex -381.2 380 448.8
      vertex -381.2 380 431.2
    endloop
  endfacet
  facet normal -1 -0 0
    outer loop
      vertex -381.2 380 448.8
      vertex -381.2 -380 431.2
      vertex -381.2 -380 448.8
    endloop
  endfacet
  facet normal 0 0 -1
    outer loop
      vertex -398.8 -380 448.8
      vertex -381.2 380 448.8
      vertex -381.2 -380 448.8
    endloop
  endfacet
  facet normal -0 0 -1
    outer loop
      vertex -381.2 380 448.8
      vertex -398.8 -380 448.8
      vertex -398.8 380 448.8
    endloop
  endfacet
  facet normal 0 0.707153 0.707061
    outer loop
      vertex 300.219 0.420845 62.0791
      vertex 225 0 62.5
      vertex 300.355 0 62.5
    endloop
  endfacet
  facet normal 5.45258e-07 0.707104 0.707109
    outer loop
      vertex 300 2.49996 60
      vertex 225 0 62.5
      vertex 300.219 0.420845 62.0791
    endloop
  endfacet
  facet normal 0 0.707112 0.707101
    outer loop
      vertex 225 0 62.5
      vertex 300 2.49996 60
      vertex 225 2.49996 60
    endloop
  endfacet
  facet normal 5.45258e-07 0.707104 -0.707109
    outer loop
      vertex 225 0 57.5
      vertex 300 2.49996 60
      vertex 300.219 0.420845 57.9209
    endloop
  endfacet
  facet normal 0 0.707153 -0.707061
    outer loop
      vertex 225 0 57.5
      vertex 300.219 0.420845 57.9209
      vertex 300.355 0 57.5
    endloop
  endfacet
  facet normal 0 0.707112 -0.707101
    outer loop
      vertex 300 2.49996 60
      vertex 225 0 57.5
      vertex 225 2.49996 60
    endloop
  endfacet
  facet normal 0 -0.707112 -0.707101
    outer loop
      vertex 225 0 57.5
      vertex 300 -2.49996 60
      vertex 225 -2.49996 60
    endloop
  endfacet
  facet normal 5.45258e-07 -0.707104 -0.707109
    outer loop
      vertex 300 -2.49996 60
      vertex 225 0 57.5
      vertex 300.219 -0.420845 57.9209
    endloop
  endfacet
  facet normal 0 -0.707153 -0.707061
    outer loop
      vertex 300.219 -0.420845 57.9209
      vertex 225 0 57.5
      vertex 300.355 0 57.5
    endloop
  endfacet
  facet normal 1 0 0
    outer loop
      vertex 225 0 67.5
      vertex 225 2.49996 60
      vertex 225 7.49998 60
    endloop
  endfacet
  facet normal 1 0 0
    outer loop
      vertex 225 0 67.5
      vertex 225 0 62.5
      vertex 225 2.49996 60
    endloop
  endfacet
  facet normal 1 0 0
    outer loop
      vertex 225 0 67.5
      vertex 225 -2.49996 60
      vertex 225 0 62.5
    endloop
  endfacet
  facet normal 1 0 -0
    outer loop
      vertex 225 -2.49996 60
      vertex 225 0 67.5
      vertex 225 -7.49998 60
    endloop
  endfacet
  facet normal 1 0 0
    outer loop
      vertex 225 0 57.5
      vertex 225 7.49998 60
      vertex 225 2.49996 60
    endloop
  endfacet
  facet normal 1 -0 0
    outer loop
      vertex 225 0 57.5
      vertex 225 0 52.5
      vertex 225 7.49998 60
    endloop
  endfacet
  facet normal 1 0 0
    outer loop
      vertex 225 -2.49996 60
      vertex 225 0 52.5
      vertex 225 0 57.5
    endloop
  endfacet
  facet normal 1 0 0
    outer loop
      vertex 225 0 52.5
      vertex 225 -2.49996 60
      vertex 225 -7.49998 60
    endloop
  endfacet
  facet normal 0 -0.707153 0.707061
    outer loop
      vertex 225 0 62.5
      vertex 300.219 -0.420845 62.0791
      vertex 300.355 0 62.5
    endloop
  endfacet
  facet normal 0 -0.707112 0.707101
    outer loop
      vertex 300 -2.49996 60
      vertex 225 0 62.5
      vertex 225 -2.49996 60
    endloop
  endfacet
  facet normal 5.45258e-07 -0.707104 0.707109
    outer loop
      vertex 225 0 62.5
      vertex 300 -2.49996 60
      vertex 300.219 -0.420845 62.0791
    endloop
  endfacet
  facet normal -0.333333 0.666668 -0.666666
    outer loop
      vertex 210 0 60
      vertex 225 7.49998 60
      vertex 225 0 52.5
    endloop
  endfacet
  facet normal -0.333333 0.666668 0.666666
    outer loop
      vertex 210 0 60
      vertex 225 0 67.5
      vertex 225 7.49998 60
    endloop
  endfacet
  facet normal -0.333333 -0.666668 -0.666666
    outer loop
      vertex 210 0 60
      vertex 225 0 52.5
      vertex 225 -7.49998 60
    endloop
  endfacet
  facet normal -0.333333 -0.666668 0.666666
    outer loop
      vertex 210 0 60
      vertex 225 -7.49998 60
      vertex 225 0 67.5
    endloop
  endfacet
  facet normal 0.707101 0.707112 -2.79548e-06
    outer loop
      vertex 312.5 0 145
      vertex 311.045 1.45468 69.9452
      vertex 310 2.49996 145
    endloop
  endfacet
  facet normal 0.707029 0.707185 0
    outer loop
      vertex 311.045 1.45468 69.9452
      vertex 312.5 0 145
      vertex 312.5 0 69.636
    endloop
  endfacet
  facet normal 0.707201 0.707012 0
    outer loop
      vertex 310 2.49996 145
      vertex 311.045 1.45468 69.9452
      vertex 310 2.49996 69.9452
    endloop
  endfacet
  facet normal -0.707201 0.707012 0
    outer loop
      vertex 308.955 1.45468 69.9452
      vertex 310 2.49996 145
      vertex 310 2.49996 69.9452
    endloop
  endfacet
  facet normal -0.707101 0.707112 -2.79548e-06
    outer loop
      vertex 310 2.49996 145
      vertex 308.955 1.45468 69.9452
      vertex 307.5 0 145
    endloop
  endfacet
  facet normal -0.707029 0.707185 0
    outer loop
      vertex 307.5 0 145
      vertex 308.955 1.45468 69.9452
      vertex 307.5 0 69.636
    endloop
  endfacet
  facet normal -0.707101 -0.707112 -2.79548e-06
    outer loop
      vertex 307.5 0 145
      vertex 308.955 -1.45468 69.9452
      vertex 310 -2.49996 145
    endloop
  endfacet
  facet normal -0.707029 -0.707185 0
    outer loop
      vertex 308.955 -1.45468 69.9452
      vertex 307.5 0 145
      vertex 307.5 0 69.636
    endloop
  endfacet
  facet normal -0.707201 -0.707012 -0
    outer loop
      vertex 310 -2.49996 145
      vertex 308.955 -1.45468 69.9452
      vertex 310 -2.49996 69.9452
    endloop
  endfacet
  facet normal 0 0 -1
    outer loop
      vertex 310 -7.49998 145
      vertex 312.5 0 145
      vertex 317.5 0 145
    endloop
  endfacet
  facet normal 0 0 -1
    outer loop
      vertex 310 -7.49998 145
      vertex 310 -2.49996 145
      vertex 312.5 0 145
    endloop
  endfacet
  facet normal 0 0 -1
    outer loop
      vertex 310 -7.49998 145
      vertex 307.5 0 145
      vertex 310 -2.49996 145
    endloop
  endfacet
  facet normal -0 -0 -1
    outer loop
      vertex 307.5 0 145
      vertex 310 -7.49998 145
      vertex 302.5 0 145
    endloop
  endfacet
  facet normal 0 0 -1
    outer loop
      vertex 310 2.49996 145
      vertex 317.5 0 145
      vertex 312.5 0 145
    endloop
  endfacet
  facet normal 0 0 -1
    outer loop
      vertex 310 2.49996 145
      vertex 310 7.49998 145
      vertex 317.5 0 145
    endloop
  endfacet
  facet normal 0 0 -1
    outer loop
      vertex 307.5 0 145
      vertex 310 7.49998 145
      vertex 310 2.49996 145
    endloop
  endfacet
  facet normal 0 0 -1
    outer loop
      vertex 310 7.49998 145
      vertex 307.5 0 145
      vertex 302.5 0 145
    endloop
  endfacet
  facet normal 0.707201 -0.707012 0
    outer loop
      vertex 311.045 -1.45468 69.9452
      vertex 310 -2.49996 145
      vertex 310 -2.49996 69.9452
    endloop
  endfacet
  facet normal 0.707101 -0.707112 -2.79548e-06
    outer loop
      vertex 310 -2.49996 145
      vertex 311.045 -1.45468 69.9452
      vertex 312.5 0 145
    endloop
  endfacet
  facet normal 0.707029 -0.707185 0
    outer loop
      vertex 312.5 0 145
      vertex 311.045 -1.45468 69.9452
      vertex 312.5 0 69.636
    endloop
  endfacet
  facet normal -0.666666 0.666668 0.333333
    outer loop
      vertex 302.5 0 145
      vertex 310 0 160
      vertex 310 7.49998 145
    endloop
  endfacet
  facet normal 0.666666 0.666668 0.333333
    outer loop
      vertex 310 0 160
      vertex 317.5 0 145
      vertex 310 7.49998 145
    endloop
  endfacet
  facet normal -0.666666 -0.666668 0.333333
    outer loop
      vertex 302.5 0 145
      vertex 310 -7.49998 145
      vertex 310 0 160
    endloop
  endfacet
  facet normal 0.666666 -0.666668 0.333333
    outer loop
      vertex 310 -7.49998 145
      vertex 317.5 0 145
      vertex 310 0 160
    endloop
  endfacet
  facet normal -0.9877 0 0.156363
    outer loop
      vertex 250.329 -400 66.2717
      vertex 251.311 -360 72.4747
      vertex 250.329 -360 66.2717
    endloop
  endfacet
  facet normal -0.9877 0 0.156363
    outer loop
      vertex 251.311 -360 72.4747
      vertex 250.329 -400 66.2717
      vertex 251.311 -400 72.4747
    endloop
  endfacet
  facet normal -0.9877 0 -0.156363
    outer loop
      vertex 251.311 -400 47.5253
      vertex 250.329 -360 53.7283
      vertex 251.311 -360 47.5253
    endloop
  endfacet
  facet normal -0.9877 -0 -0.156363
    outer loop
      vertex 250.329 -360 53.7283
      vertex 251.311 -400 47.5253
      vertex 250.329 -400 53.7283
    endloop
  endfacet
  facet normal -0.998627 0 -0.0523858
    outer loop
      vertex 250.329 -400 53.7283
      vertex 250 -360 60
      vertex 250.329 -360 53.7283
    endloop
  endfacet
  facet normal -0.998627 -0 -0.0523858
    outer loop
      vertex 250 -360 60
      vertex 250.329 -400 53.7283
      vertex 250 -400 60
    endloop
  endfacet
  facet normal -0.965904 0 -0.258899
    outer loop
      vertex 252.937 -400 41.459
      vertex 251.311 -360 47.5253
      vertex 252.937 -360 41.459
    endloop
  endfacet
  facet normal -0.965904 -0 -0.258899
    outer loop
      vertex 251.311 -360 47.5253
      vertex 252.937 -400 41.459
      vertex 251.311 -400 47.5253
    endloop
  endfacet
  facet normal -0.838634 0 -0.544696
    outer loop
      vertex 261.459 -400 24.7329
      vertex 258.038 -360 30
      vertex 261.459 -360 24.7329
    endloop
  endfacet
  facet normal -0.838634 -0 -0.544696
    outer loop
      vertex 258.038 -360 30
      vertex 261.459 -400 24.7329
      vertex 258.038 -400 30
    endloop
  endfacet
  facet normal -0.933616 0 -0.358275
    outer loop
      vertex 255.187 -400 35.5958
      vertex 252.937 -360 41.459
      vertex 255.187 -360 35.5958
    endloop
  endfacet
  facet normal -0.933616 -0 -0.358275
    outer loop
      vertex 252.937 -360 41.459
      vertex 255.187 -400 35.5958
      vertex 252.937 -400 41.459
    endloop
  endfacet
  facet normal 0.156434 0 -0.987688
    outer loop
      vertex 316.272 -400 0.328687
      vertex 322.475 -360 1.31114
      vertex 322.475 -400 1.31114
    endloop
  endfacet
  facet normal 0.156434 0 -0.987688
    outer loop
      vertex 322.475 -360 1.31114
      vertex 316.272 -400 0.328687
      vertex 316.272 -360 0.328687
    endloop
  endfacet
  facet normal 0.965904 -0 0.258899
    outer loop
      vertex 367.063 -400 78.541
      vertex 368.689 -360 72.4747
      vertex 367.063 -360 78.541
    endloop
  endfacet
  facet normal 0.965904 0 0.258899
    outer loop
      vertex 368.689 -360 72.4747
      vertex 367.063 -400 78.541
      vertex 368.689 -400 72.4747
    endloop
  endfacet
  facet normal 0.453952 0 0.891026
    outer loop
      vertex 334.404 -360 114.813
      vertex 340 -400 111.962
      vertex 340 -360 111.962
    endloop
  endfacet
  facet normal 0.453952 0 0.891026
    outer loop
      vertex 340 -400 111.962
      vertex 334.404 -360 114.813
      vertex 334.404 -400 114.813
    endloop
  endfacet
  facet normal -0.998627 0 0.0523858
    outer loop
      vertex 250 -400 60
      vertex 250.329 -360 66.2717
      vertex 250 -360 60
    endloop
  endfacet
  facet normal -0.998627 0 0.0523858
    outer loop
      vertex 250.329 -360 66.2717
      vertex 250 -400 60
      vertex 250.329 -400 66.2717
    endloop
  endfacet
  facet normal -0.258911 0 0.965901
    outer loop
      vertex 291.459 -360 117.063
      vertex 297.525 -400 118.689
      vertex 297.525 -360 118.689
    endloop
  endfacet
  facet normal -0.258911 0 0.965901
    outer loop
      vertex 297.525 -400 118.689
      vertex 291.459 -360 117.063
      vertex 291.459 -400 117.063
    endloop
  endfacet
  facet normal 0.629267 0 0.777189
    outer loop
      vertex 345.267 -360 108.541
      vertex 350.148 -400 104.589
      vertex 350.148 -360 104.589
    endloop
  endfacet
  facet normal 0.629267 0 0.777189
    outer loop
      vertex 350.148 -400 104.589
      vertex 345.267 -360 108.541
      vertex 345.267 -400 108.541
    endloop
  endfacet
  facet normal 0.707107 -0 0.707107
    outer loop
      vertex 350.148 -400 104.589
      vertex 354.589 -360 100.148
      vertex 350.148 -360 104.589
    endloop
  endfacet
  facet normal 0.707107 0 0.707107
    outer loop
      vertex 354.589 -360 100.148
      vertex 350.148 -400 104.589
      vertex 354.589 -400 100.148
    endloop
  endfacet
  facet normal 0.965904 0 -0.258899
    outer loop
      vertex 368.689 -400 47.5253
      vertex 367.063 -360 41.459
      vertex 368.689 -360 47.5253
    endloop
  endfacet
  facet normal 0.965904 0 -0.258899
    outer loop
      vertex 367.063 -360 41.459
      vertex 368.689 -400 47.5253
      vertex 367.063 -400 41.459
    endloop
  endfacet
  facet normal 0.544703 0 0.838629
    outer loop
      vertex 340 -360 111.962
      vertex 345.267 -400 108.541
      vertex 345.267 -360 108.541
    endloop
  endfacet
  facet normal 0.544703 0 0.838629
    outer loop
      vertex 345.267 -400 108.541
      vertex 340 -360 111.962
      vertex 340 -400 111.962
    endloop
  endfacet
  facet normal -0.156434 0 -0.987688
    outer loop
      vertex 297.525 -400 1.31114
      vertex 303.728 -360 0.328687
      vertex 303.728 -400 0.328687
    endloop
  endfacet
  facet normal -0.156434 0 -0.987688
    outer loop
      vertex 303.728 -360 0.328687
      vertex 297.525 -400 1.31114
      vertex 297.525 -360 1.31114
    endloop
  endfacet
  facet normal -0.544649 0 -0.838664
    outer loop
      vertex 274.733 -400 11.459
      vertex 280 -360 8.03848
      vertex 280 -400 8.03848
    endloop
  endfacet
  facet normal -0.544649 0 -0.838664
    outer loop
      vertex 280 -360 8.03848
      vertex 274.733 -400 11.459
      vertex 274.733 -360 11.459
    endloop
  endfacet
  facet normal -0.358285 0 0.933612
    outer loop
      vertex 285.596 -360 114.813
      vertex 291.459 -400 117.063
      vertex 291.459 -360 117.063
    endloop
  endfacet
  facet normal -0.358285 0 0.933612
    outer loop
      vertex 291.459 -400 117.063
      vertex 285.596 -360 114.813
      vertex 285.596 -400 114.813
    endloop
  endfacet
  facet normal 0.258832 0 -0.965922
    outer loop
      vertex 322.475 -400 1.31114
      vertex 328.541 -360 2.93661
      vertex 328.541 -400 2.93661
    endloop
  endfacet
  facet normal 0.258832 0 -0.965922
    outer loop
      vertex 328.541 -360 2.93661
      vertex 322.475 -400 1.31114
      vertex 322.475 -360 1.31114
    endloop
  endfacet
  facet normal -0.0523336 0 -0.99863
    outer loop
      vertex 303.728 -400 0.328687
      vertex 310 -360 0
      vertex 310 -400 0
    endloop
  endfacet
  facet normal -0.0523336 0 -0.99863
    outer loop
      vertex 310 -360 0
      vertex 303.728 -400 0.328687
      vertex 303.728 -360 0.328687
    endloop
  endfacet
  facet normal -0.358377 0 -0.933577
    outer loop
      vertex 285.596 -400 5.18727
      vertex 291.459 -360 2.93661
      vertex 291.459 -400 2.93661
    endloop
  endfacet
  facet normal -0.358377 0 -0.933577
    outer loop
      vertex 291.459 -360 2.93661
      vertex 285.596 -400 5.18727
      vertex 285.596 -360 5.18727
    endloop
  endfacet
  facet normal -0.965904 0 0.258899
    outer loop
      vertex 251.311 -400 72.4747
      vertex 252.937 -360 78.541
      vertex 251.311 -360 72.4747
    endloop
  endfacet
  facet normal -0.965904 0 0.258899
    outer loop
      vertex 252.937 -360 78.541
      vertex 251.311 -400 72.4747
      vertex 252.937 -400 78.541
    endloop
  endfacet
  facet normal -0.453979 0 -0.891013
    outer loop
      vertex 280 -400 8.03848
      vertex 285.596 -360 5.18727
      vertex 285.596 -400 5.18727
    endloop
  endfacet
  facet normal -0.453979 0 -0.891013
    outer loop
      vertex 285.596 -360 5.18727
      vertex 280 -400 8.03848
      vertex 280 -360 8.03848
    endloop
  endfacet
  facet normal 0.453979 0 -0.891013
    outer loop
      vertex 334.404 -400 5.18727
      vertex 340 -360 8.03848
      vertex 340 -400 8.03848
    endloop
  endfacet
  facet normal 0.453979 0 -0.891013
    outer loop
      vertex 340 -360 8.03848
      vertex 334.404 -400 5.18727
      vertex 334.404 -360 5.18727
    endloop
  endfacet
  facet normal -0.156363 0 0.9877
    outer loop
      vertex 297.525 -360 118.689
      vertex 303.728 -400 119.671
      vertex 303.728 -360 119.671
    endloop
  endfacet
  facet normal -0.156363 0 0.9877
    outer loop
      vertex 303.728 -400 119.671
      vertex 297.525 -360 118.689
      vertex 297.525 -400 118.689
    endloop
  endfacet
  facet normal 0.258911 0 0.965901
    outer loop
      vertex 322.475 -360 118.689
      vertex 328.541 -400 117.063
      vertex 328.541 -360 117.063
    endloop
  endfacet
  facet normal 0.258911 0 0.965901
    outer loop
      vertex 328.541 -400 117.063
      vertex 322.475 -360 118.689
      vertex 322.475 -400 118.689
    endloop
  endfacet
  facet normal -0.777183 0 0.629275
    outer loop
      vertex 261.459 -400 95.2671
      vertex 265.411 -360 100.148
      vertex 261.459 -360 95.2671
    endloop
  endfacet
  facet normal -0.777183 0 0.629275
    outer loop
      vertex 265.411 -360 100.148
      vertex 261.459 -400 95.2671
      vertex 265.411 -400 100.148
    endloop
  endfacet
  facet normal -0.629296 0 -0.777166
    outer loop
      vertex 269.852 -400 15.4113
      vertex 274.733 -360 11.459
      vertex 274.733 -400 11.459
    endloop
  endfacet
  facet normal -0.629296 0 -0.777166
    outer loop
      vertex 274.733 -360 11.459
      vertex 269.852 -400 15.4113
      vertex 269.852 -360 15.4113
    endloop
  endfacet
  facet normal -0.89102 0 0.453965
    outer loop
      vertex 255.187 -400 84.4042
      vertex 258.038 -360 90
      vertex 255.187 -360 84.4042
    endloop
  endfacet
  facet normal -0.89102 0 0.453965
    outer loop
      vertex 258.038 -360 90
      vertex 255.187 -400 84.4042
      vertex 258.038 -400 90
    endloop
  endfacet
  facet normal 0.707099 0 -0.707115
    outer loop
      vertex 350.148 -400 15.4113
      vertex 354.589 -360 19.8522
      vertex 354.589 -400 19.8522
    endloop
  endfacet
  facet normal 0.707099 0 -0.707115
    outer loop
      vertex 354.589 -360 19.8522
      vertex 350.148 -400 15.4113
      vertex 350.148 -360 15.4113
    endloop
  endfacet
  facet normal -0.0523833 0 0.998627
    outer loop
      vertex 303.728 -360 119.671
      vertex 310 -400 120
      vertex 310 -360 120
    endloop
  endfacet
  facet normal -0.0523833 0 0.998627
    outer loop
      vertex 310 -400 120
      vertex 303.728 -360 119.671
      vertex 303.728 -400 119.671
    endloop
  endfacet
  facet normal 0.358377 0 -0.933577
    outer loop
      vertex 328.541 -400 2.93661
      vertex 334.404 -360 5.18727
      vertex 334.404 -400 5.18727
    endloop
  endfacet
  facet normal 0.358377 0 -0.933577
    outer loop
      vertex 334.404 -360 5.18727
      vertex 328.541 -400 2.93661
      vertex 328.541 -360 2.93661
    endloop
  endfacet
  facet normal 0.0523336 0 -0.99863
    outer loop
      vertex 310 -400 0
      vertex 316.272 -360 0.328687
      vertex 316.272 -400 0.328687
    endloop
  endfacet
  facet normal 0.0523336 0 -0.99863
    outer loop
      vertex 316.272 -360 0.328687
      vertex 310 -400 0
      vertex 310 -360 0
    endloop
  endfacet
  facet normal -0.453952 0 0.891026
    outer loop
      vertex 280 -360 111.962
      vertex 285.596 -400 114.813
      vertex 285.596 -360 114.813
    endloop
  endfacet
  facet normal -0.453952 0 0.891026
    outer loop
      vertex 285.596 -400 114.813
      vertex 280 -360 111.962
      vertex 280 -400 111.962
    endloop
  endfacet
  facet normal 0.933616 0 -0.358275
    outer loop
      vertex 367.063 -400 41.459
      vertex 364.813 -360 35.5958
      vertex 367.063 -360 41.459
    endloop
  endfacet
  facet normal 0.933616 0 -0.358275
    outer loop
      vertex 364.813 -360 35.5958
      vertex 367.063 -400 41.459
      vertex 364.813 -400 35.5958
    endloop
  endfacet
  facet normal 0.89102 0 -0.453965
    outer loop
      vertex 364.813 -400 35.5958
      vertex 361.962 -360 30
      vertex 364.813 -360 35.5958
    endloop
  endfacet
  facet normal 0.89102 0 -0.453965
    outer loop
      vertex 361.962 -360 30
      vertex 364.813 -400 35.5958
      vertex 361.962 -400 30
    endloop
  endfacet
  facet normal -0.77717 0 -0.62929
    outer loop
      vertex 265.411 -400 19.8522
      vertex 261.459 -360 24.7329
      vertex 265.411 -360 19.8522
    endloop
  endfacet
  facet normal -0.77717 -0 -0.62929
    outer loop
      vertex 261.459 -360 24.7329
      vertex 265.411 -400 19.8522
      vertex 261.459 -400 24.7329
    endloop
  endfacet
  facet normal -0.258832 0 -0.965922
    outer loop
      vertex 291.459 -400 2.93661
      vertex 297.525 -360 1.31114
      vertex 297.525 -400 1.31114
    endloop
  endfacet
  facet normal -0.258832 0 -0.965922
    outer loop
      vertex 297.525 -360 1.31114
      vertex 291.459 -400 2.93661
      vertex 291.459 -360 2.93661
    endloop
  endfacet
  facet normal -0.838634 0 0.544696
    outer loop
      vertex 258.038 -400 90
      vertex 261.459 -360 95.2671
      vertex 258.038 -360 90
    endloop
  endfacet
  facet normal -0.838634 0 0.544696
    outer loop
      vertex 261.459 -360 95.2671
      vertex 258.038 -400 90
      vertex 261.459 -400 95.2671
    endloop
  endfacet
  facet normal 0.998627 -0 0.0523858
    outer loop
      vertex 369.671 -400 66.2717
      vertex 370 -360 60
      vertex 369.671 -360 66.2717
    endloop
  endfacet
  facet normal 0.998627 0 0.0523858
    outer loop
      vertex 370 -360 60
      vertex 369.671 -400 66.2717
      vertex 370 -400 60
    endloop
  endfacet
  facet normal 0 1 0
    outer loop
      vertex 310 -360 70.5
      vertex 310 -360 120
      vertex 316.272 -360 119.671
    endloop
  endfacet
  facet normal 0 1 0
    outer loop
      vertex 311.098 -360 70.4425
      vertex 316.272 -360 119.671
      vertex 322.475 -360 118.689
    endloop
  endfacet
  facet normal 0 1 0
    outer loop
      vertex 310 -360 120
      vertex 310 -360 70.5
      vertex 303.728 -360 119.671
    endloop
  endfacet
  facet normal 0 1 0
    outer loop
      vertex 312.183 -360 70.2706
      vertex 322.475 -360 118.689
      vertex 328.541 -360 117.063
    endloop
  endfacet
  facet normal 0 1 -0
    outer loop
      vertex 308.902 -360 70.4425
      vertex 303.728 -360 119.671
      vertex 310 -360 70.5
    endloop
  endfacet
  facet normal 0 1 0
    outer loop
      vertex 313.245 -360 69.9861
      vertex 328.541 -360 117.063
      vertex 334.404 -360 114.813
    endloop
  endfacet
  facet normal 0 1 0
    outer loop
      vertex 303.728 -360 119.671
      vertex 308.902 -360 70.4425
      vertex 297.525 -360 118.689
    endloop
  endfacet
  facet normal 0 1 0
    outer loop
      vertex 314.271 -360 69.5922
      vertex 334.404 -360 114.813
      vertex 340 -360 111.962
    endloop
  endfacet
  facet normal 0 1 -0
    outer loop
      vertex 307.817 -360 70.2706
      vertex 297.525 -360 118.689
      vertex 308.902 -360 70.4425
    endloop
  endfacet
  facet normal 0 1 0
    outer loop
      vertex 315.25 -360 69.0933
      vertex 340 -360 111.962
      vertex 345.267 -360 108.541
    endloop
  endfacet
  facet normal 0 1 0
    outer loop
      vertex 297.525 -360 118.689
      vertex 307.817 -360 70.2706
      vertex 291.459 -360 117.063
    endloop
  endfacet
  facet normal 0 1 0
    outer loop
      vertex 316.172 -360 68.4947
      vertex 345.267 -360 108.541
      vertex 350.148 -360 104.589
    endloop
  endfacet
  facet normal 0 1 -0
    outer loop
      vertex 306.755 -360 69.9861
      vertex 291.459 -360 117.063
      vertex 307.817 -360 70.2706
    endloop
  endfacet
  facet normal 0 1 0
    outer loop
      vertex 317.026 -360 67.803
      vertex 350.148 -360 104.589
      vertex 354.589 -360 100.148
    endloop
  endfacet
  facet normal 0 1 0
    outer loop
      vertex 291.459 -360 117.063
      vertex 306.755 -360 69.9861
      vertex 285.596 -360 114.813
    endloop
  endfacet
  facet normal 0 1 0
    outer loop
      vertex 317.803 -360 67.0259
      vertex 354.589 -360 100.148
      vertex 358.541 -360 95.2671
    endloop
  endfacet
  facet normal 0 1 -0
    outer loop
      vertex 305.729 -360 69.5922
      vertex 285.596 -360 114.813
      vertex 306.755 -360 69.9861
    endloop
  endfacet
  facet normal 0 1 0
    outer loop
      vertex 318.495 -360 66.1717
      vertex 358.541 -360 95.2671
      vertex 361.962 -360 90
    endloop
  endfacet
  facet normal 0 1 0
    outer loop
      vertex 285.596 -360 114.813
      vertex 305.729 -360 69.5922
      vertex 280 -360 111.962
    endloop
  endfacet
  facet normal 0 1 0
    outer loop
      vertex 319.093 -360 65.25
      vertex 361.962 -360 90
      vertex 364.813 -360 84.4042
    endloop
  endfacet
  facet normal 0 1 -0
    outer loop
      vertex 304.75 -360 69.0933
      vertex 280 -360 111.962
      vertex 305.729 -360 69.5922
    endloop
  endfacet
  facet normal 0 1 0
    outer loop
      vertex 319.592 -360 64.2707
      vertex 364.813 -360 84.4042
      vertex 367.063 -360 78.541
    endloop
  endfacet
  facet normal 0 1 0
    outer loop
      vertex 280 -360 111.962
      vertex 304.75 -360 69.0933
      vertex 274.733 -360 108.541
    endloop
  endfacet
  facet normal 0 1 0
    outer loop
      vertex 319.986 -360 63.2447
      vertex 367.063 -360 78.541
      vertex 368.689 -360 72.4747
    endloop
  endfacet
  facet normal 0 1 -0
    outer loop
      vertex 303.828 -360 68.4947
      vertex 274.733 -360 108.541
      vertex 304.75 -360 69.0933
    endloop
  endfacet
  facet normal 0 1 0
    outer loop
      vertex 274.733 -360 108.541
      vertex 303.828 -360 68.4947
      vertex 269.852 -360 104.589
    endloop
  endfacet
  facet normal 0 1 0
    outer loop
      vertex 316.272 -360 119.671
      vertex 311.098 -360 70.4425
      vertex 310 -360 70.5
    endloop
  endfacet
  facet normal 0 1 0
    outer loop
      vertex 322.475 -360 118.689
      vertex 312.183 -360 70.2706
      vertex 311.098 -360 70.4425
    endloop
  endfacet
  facet normal 0 1 0
    outer loop
      vertex 328.541 -360 117.063
      vertex 313.245 -360 69.9861
      vertex 312.183 -360 70.2706
    endloop
  endfacet
  facet normal 0 1 0
    outer loop
      vertex 334.404 -360 114.813
      vertex 314.271 -360 69.5922
      vertex 313.245 -360 69.9861
    endloop
  endfacet
  facet normal 0 1 0
    outer loop
      vertex 340 -360 111.962
      vertex 315.25 -360 69.0933
      vertex 314.271 -360 69.5922
    endloop
  endfacet
  facet normal 0 1 0
    outer loop
      vertex 345.267 -360 108.541
      vertex 316.172 -360 68.4947
      vertex 315.25 -360 69.0933
    endloop
  endfacet
  facet normal 0 1 0
    outer loop
      vertex 350.148 -360 104.589
      vertex 317.026 -360 67.803
      vertex 316.172 -360 68.4947
    endloop
  endfacet
  facet normal 0 1 0
    outer loop
      vertex 354.589 -360 100.148
      vertex 317.803 -360 67.0259
      vertex 317.026 -360 67.803
    endloop
  endfacet
  facet normal 0 1 0
    outer loop
      vertex 320.271 -360 62.1831
      vertex 368.689 -360 72.4747
      vertex 369.671 -360 66.2717
    endloop
  endfacet
  facet normal 0 1 0
    outer loop
      vertex 358.541 -360 95.2671
      vertex 318.495 -360 66.1717
      vertex 317.803 -360 67.0259
    endloop
  endfacet
  facet normal 0 1 0
    outer loop
      vertex 361.962 -360 90
      vertex 319.093 -360 65.25
      vertex 318.495 -360 66.1717
    endloop
  endfacet
  facet normal 0 1 0
    outer loop
      vertex 364.813 -360 84.4042
      vertex 319.592 -360 64.2707
      vertex 319.093 -360 65.25
    endloop
  endfacet
  facet normal 0 1 0
    outer loop
      vertex 367.063 -360 78.541
      vertex 319.986 -360 63.2447
      vertex 319.592 -360 64.2707
    endloop
  endfacet
  facet normal 0 1 0
    outer loop
      vertex 368.689 -360 72.4747
      vertex 320.271 -360 62.1831
      vertex 319.986 -360 63.2447
    endloop
  endfacet
  facet normal 0 1 0
    outer loop
      vertex 369.671 -360 66.2717
      vertex 320.442 -360 61.0975
      vertex 320.271 -360 62.1831
    endloop
  endfacet
  facet normal 0 1 0
    outer loop
      vertex 370 -360 60
      vertex 320.442 -360 61.0975
      vertex 369.671 -360 66.2717
    endloop
  endfacet
  facet normal 0 1 0
    outer loop
      vertex 370 -360 60
      vertex 320.5 -360 60
      vertex 320.442 -360 61.0975
    endloop
  endfacet
  facet normal 0 1 0
    outer loop
      vertex 370 -360 60
      vertex 320.442 -360 58.9025
      vertex 320.5 -360 60
    endloop
  endfacet
  facet normal 0 1 -0
    outer loop
      vertex 369.671 -360 53.7283
      vertex 320.442 -360 58.9025
      vertex 370 -360 60
    endloop
  endfacet
  facet normal 0 1 0
    outer loop
      vertex 320.442 -360 58.9025
      vertex 369.671 -360 53.7283
      vertex 320.271 -360 57.8169
    endloop
  endfacet
  facet normal 0 1 -0
    outer loop
      vertex 368.689 -360 47.5253
      vertex 320.271 -360 57.8169
      vertex 369.671 -360 53.7283
    endloop
  endfacet
  facet normal 0 1 0
    outer loop
      vertex 320.271 -360 57.8169
      vertex 368.689 -360 47.5253
      vertex 319.986 -360 56.7553
    endloop
  endfacet
  facet normal 0 1 -0
    outer loop
      vertex 367.063 -360 41.459
      vertex 319.986 -360 56.7553
      vertex 368.689 -360 47.5253
    endloop
  endfacet
  facet normal 0 1 0
    outer loop
      vertex 319.986 -360 56.7553
      vertex 367.063 -360 41.459
      vertex 319.592 -360 55.7293
    endloop
  endfacet
  facet normal 0 1 -0
    outer loop
      vertex 364.813 -360 35.5958
      vertex 319.592 -360 55.7293
      vertex 367.063 -360 41.459
    endloop
  endfacet
  facet normal 0 1 0
    outer loop
      vertex 319.592 -360 55.7293
      vertex 364.813 -360 35.5958
      vertex 319.093 -360 54.75
    endloop
  endfacet
  facet normal 0 1 -0
    outer loop
      vertex 361.962 -360 30
      vertex 319.093 -360 54.75
      vertex 364.813 -360 35.5958
    endloop
  endfacet
  facet normal 0 1 0
    outer loop
      vertex 319.093 -360 54.75
      vertex 361.962 -360 30
      vertex 318.495 -360 53.8283
    endloop
  endfacet
  facet normal 0 1 -0
    outer loop
      vertex 358.541 -360 24.7329
      vertex 318.495 -360 53.8283
      vertex 361.962 -360 30
    endloop
  endfacet
  facet normal 0 1 0
    outer loop
      vertex 318.495 -360 53.8283
      vertex 358.541 -360 24.7329
      vertex 317.803 -360 52.9741
    endloop
  endfacet
  facet normal 0 1 -0
    outer loop
      vertex 354.589 -360 19.8522
      vertex 317.803 -360 52.9741
      vertex 358.541 -360 24.7329
    endloop
  endfacet
  facet normal 0 1 0
    outer loop
      vertex 317.803 -360 52.9741
      vertex 354.589 -360 19.8522
      vertex 317.026 -360 52.197
    endloop
  endfacet
  facet normal 0 1 0
    outer loop
      vertex 317.026 -360 52.197
      vertex 350.148 -360 15.4113
      vertex 316.172 -360 51.5053
    endloop
  endfacet
  facet normal 0 1 -0
    outer loop
      vertex 350.148 -360 15.4113
      vertex 317.026 -360 52.197
      vertex 354.589 -360 19.8522
    endloop
  endfacet
  facet normal 0 1 -0
    outer loop
      vertex 302.974 -360 67.803
      vertex 269.852 -360 104.589
      vertex 303.828 -360 68.4947
    endloop
  endfacet
  facet normal 0 1 0
    outer loop
      vertex 269.852 -360 104.589
      vertex 302.974 -360 67.803
      vertex 265.411 -360 100.148
    endloop
  endfacet
  facet normal 0 1 -0
    outer loop
      vertex 302.197 -360 67.0259
      vertex 265.411 -360 100.148
      vertex 302.974 -360 67.803
    endloop
  endfacet
  facet normal 0 1 0
    outer loop
      vertex 265.411 -360 100.148
      vertex 302.197 -360 67.0259
      vertex 261.459 -360 95.2671
    endloop
  endfacet
  facet normal 0 1 -0
    outer loop
      vertex 301.505 -360 66.1717
      vertex 261.459 -360 95.2671
      vertex 302.197 -360 67.0259
    endloop
  endfacet
  facet normal 0 1 0
    outer loop
      vertex 261.459 -360 95.2671
      vertex 301.505 -360 66.1717
      vertex 258.038 -360 90
    endloop
  endfacet
  facet normal 0 1 -0
    outer loop
      vertex 300.907 -360 65.25
      vertex 258.038 -360 90
      vertex 301.505 -360 66.1717
    endloop
  endfacet
  facet normal 0 1 0
    outer loop
      vertex 258.038 -360 90
      vertex 300.907 -360 65.25
      vertex 255.187 -360 84.4042
    endloop
  endfacet
  facet normal 0 1 -0
    outer loop
      vertex 300.408 -360 64.2707
      vertex 255.187 -360 84.4042
      vertex 300.907 -360 65.25
    endloop
  endfacet
  facet normal 0 1 0
    outer loop
      vertex 255.187 -360 84.4042
      vertex 300.408 -360 64.2707
      vertex 252.937 -360 78.541
    endloop
  endfacet
  facet normal 0 1 -0
    outer loop
      vertex 300.014 -360 63.2447
      vertex 252.937 -360 78.541
      vertex 300.408 -360 64.2707
    endloop
  endfacet
  facet normal 0 1 0
    outer loop
      vertex 252.937 -360 78.541
      vertex 300.014 -360 63.2447
      vertex 251.311 -360 72.4747
    endloop
  endfacet
  facet normal 0 1 -0
    outer loop
      vertex 299.729 -360 62.1831
      vertex 251.311 -360 72.4747
      vertex 300.014 -360 63.2447
    endloop
  endfacet
  facet normal 0 1 0
    outer loop
      vertex 251.311 -360 72.4747
      vertex 299.729 -360 62.1831
      vertex 250.329 -360 66.2717
    endloop
  endfacet
  facet normal 0 1 -0
    outer loop
      vertex 299.558 -360 61.0975
      vertex 250.329 -360 66.2717
      vertex 299.729 -360 62.1831
    endloop
  endfacet
  facet normal 0 1 -0
    outer loop
      vertex 299.5 -360 60
      vertex 250.329 -360 66.2717
      vertex 299.558 -360 61.0975
    endloop
  endfacet
  facet normal 0 1 0
    outer loop
      vertex 299.5 -360 60
      vertex 250 -360 60
      vertex 250.329 -360 66.2717
    endloop
  endfacet
  facet normal 0 1 0
    outer loop
      vertex 299.558 -360 58.9025
      vertex 250 -360 60
      vertex 299.5 -360 60
    endloop
  endfacet
  facet normal 0 1 0
    outer loop
      vertex 250.329 -360 53.7283
      vertex 299.558 -360 58.9025
      vertex 299.729 -360 57.8169
    endloop
  endfacet
  facet normal 0 1 0
    outer loop
      vertex 251.311 -360 47.5253
      vertex 299.729 -360 57.8169
      vertex 300.014 -360 56.7553
    endloop
  endfacet
  facet normal 0 1 0
    outer loop
      vertex 252.937 -360 41.459
      vertex 300.014 -360 56.7553
      vertex 300.408 -360 55.7293
    endloop
  endfacet
  facet normal 0 1 0
    outer loop
      vertex 255.187 -360 35.5958
      vertex 300.408 -360 55.7293
      vertex 300.907 -360 54.75
    endloop
  endfacet
  facet normal 0 1 0
    outer loop
      vertex 258.038 -360 30
      vertex 300.907 -360 54.75
      vertex 301.505 -360 53.8283
    endloop
  endfacet
  facet normal 0 1 0
    outer loop
      vertex 299.558 -360 58.9025
      vertex 250.329 -360 53.7283
      vertex 250 -360 60
    endloop
  endfacet
  facet normal 0 1 0
    outer loop
      vertex 261.459 -360 24.7329
      vertex 301.505 -360 53.8283
      vertex 302.197 -360 52.9741
    endloop
  endfacet
  facet normal 0 1 0
    outer loop
      vertex 265.411 -360 19.8522
      vertex 302.197 -360 52.9741
      vertex 302.974 -360 52.197
    endloop
  endfacet
  facet normal 0 1 0
    outer loop
      vertex 269.852 -360 15.4113
      vertex 302.974 -360 52.197
      vertex 303.828 -360 51.5053
    endloop
  endfacet
  facet normal 0 1 0
    outer loop
      vertex 274.733 -360 11.459
      vertex 303.828 -360 51.5053
      vertex 304.75 -360 50.9067
    endloop
  endfacet
  facet normal 0 1 0
    outer loop
      vertex 280 -360 8.03848
      vertex 304.75 -360 50.9067
      vertex 305.729 -360 50.4078
    endloop
  endfacet
  facet normal 0 1 0
    outer loop
      vertex 285.596 -360 5.18727
      vertex 305.729 -360 50.4078
      vertex 306.755 -360 50.0139
    endloop
  endfacet
  facet normal 0 1 0
    outer loop
      vertex 291.459 -360 2.93661
      vertex 306.755 -360 50.0139
      vertex 307.817 -360 49.7295
    endloop
  endfacet
  facet normal 0 1 0
    outer loop
      vertex 297.525 -360 1.31114
      vertex 307.817 -360 49.7295
      vertex 308.902 -360 49.5575
    endloop
  endfacet
  facet normal 0 1 0
    outer loop
      vertex 299.729 -360 57.8169
      vertex 251.311 -360 47.5253
      vertex 250.329 -360 53.7283
    endloop
  endfacet
  facet normal 0 1 0
    outer loop
      vertex 303.728 -360 0.328687
      vertex 308.902 -360 49.5575
      vertex 310 -360 49.5
    endloop
  endfacet
  facet normal 0 1 -0
    outer loop
      vertex 345.267 -360 11.459
      vertex 316.172 -360 51.5053
      vertex 350.148 -360 15.4113
    endloop
  endfacet
  facet normal 0 1 0
    outer loop
      vertex 316.172 -360 51.5053
      vertex 345.267 -360 11.459
      vertex 315.25 -360 50.9067
    endloop
  endfacet
  facet normal 0 1 0
    outer loop
      vertex 300.014 -360 56.7553
      vertex 252.937 -360 41.459
      vertex 251.311 -360 47.5253
    endloop
  endfacet
  facet normal 0 1 -0
    outer loop
      vertex 340 -360 8.03848
      vertex 315.25 -360 50.9067
      vertex 345.267 -360 11.459
    endloop
  endfacet
  facet normal 0 1 0
    outer loop
      vertex 300.408 -360 55.7293
      vertex 255.187 -360 35.5958
      vertex 252.937 -360 41.459
    endloop
  endfacet
  facet normal 0 1 0
    outer loop
      vertex 315.25 -360 50.9067
      vertex 340 -360 8.03848
      vertex 314.271 -360 50.4078
    endloop
  endfacet
  facet normal 0 1 0
    outer loop
      vertex 300.907 -360 54.75
      vertex 258.038 -360 30
      vertex 255.187 -360 35.5958
    endloop
  endfacet
  facet normal 0 1 -0
    outer loop
      vertex 334.404 -360 5.18727
      vertex 314.271 -360 50.4078
      vertex 340 -360 8.03848
    endloop
  endfacet
  facet normal 0 1 0
    outer loop
      vertex 301.505 -360 53.8283
      vertex 261.459 -360 24.7329
      vertex 258.038 -360 30
    endloop
  endfacet
  facet normal 0 1 0
    outer loop
      vertex 314.271 -360 50.4078
      vertex 334.404 -360 5.18727
      vertex 313.245 -360 50.0139
    endloop
  endfacet
  facet normal 0 1 0
    outer loop
      vertex 302.197 -360 52.9741
      vertex 265.411 -360 19.8522
      vertex 261.459 -360 24.7329
    endloop
  endfacet
  facet normal 0 1 -0
    outer loop
      vertex 328.541 -360 2.93661
      vertex 313.245 -360 50.0139
      vertex 334.404 -360 5.18727
    endloop
  endfacet
  facet normal 0 1 0
    outer loop
      vertex 302.974 -360 52.197
      vertex 269.852 -360 15.4113
      vertex 265.411 -360 19.8522
    endloop
  endfacet
  facet normal 0 1 0
    outer loop
      vertex 313.245 -360 50.0139
      vertex 328.541 -360 2.93661
      vertex 312.183 -360 49.7295
    endloop
  endfacet
  facet normal 0 1 0
    outer loop
      vertex 303.828 -360 51.5053
      vertex 274.733 -360 11.459
      vertex 269.852 -360 15.4113
    endloop
  endfacet
  facet normal 0 1 -0
    outer loop
      vertex 322.475 -360 1.31114
      vertex 312.183 -360 49.7295
      vertex 328.541 -360 2.93661
    endloop
  endfacet
  facet normal 0 1 0
    outer loop
      vertex 304.75 -360 50.9067
      vertex 280 -360 8.03848
      vertex 274.733 -360 11.459
    endloop
  endfacet
  facet normal 0 1 0
    outer loop
      vertex 312.183 -360 49.7295
      vertex 322.475 -360 1.31114
      vertex 311.098 -360 49.5575
    endloop
  endfacet
  facet normal 0 1 0
    outer loop
      vertex 305.729 -360 50.4078
      vertex 285.596 -360 5.18727
      vertex 280 -360 8.03848
    endloop
  endfacet
  facet normal 0 1 -0
    outer loop
      vertex 316.272 -360 0.328687
      vertex 311.098 -360 49.5575
      vertex 322.475 -360 1.31114
    endloop
  endfacet
  facet normal 0 1 0
    outer loop
      vertex 306.755 -360 50.0139
      vertex 291.459 -360 2.93661
      vertex 285.596 -360 5.18727
    endloop
  endfacet
  facet normal 0 1 0
    outer loop
      vertex 311.098 -360 49.5575
      vertex 316.272 -360 0.328687
      vertex 310 -360 49.5
    endloop
  endfacet
  facet normal 0 1 0
    outer loop
      vertex 307.817 -360 49.7295
      vertex 297.525 -360 1.31114
      vertex 291.459 -360 2.93661
    endloop
  endfacet
  facet normal 0 1 0
    outer loop
      vertex 310 -360 0
      vertex 310 -360 49.5
      vertex 316.272 -360 0.328687
    endloop
  endfacet
  facet normal 0 1 0
    outer loop
      vertex 308.902 -360 49.5575
      vertex 303.728 -360 0.328687
      vertex 297.525 -360 1.31114
    endloop
  endfacet
  facet normal 0 1 0
    outer loop
      vertex 310 -360 49.5
      vertex 310 -360 0
      vertex 303.728 -360 0.328687
    endloop
  endfacet
  facet normal -0.707099 0 -0.707115
    outer loop
      vertex 265.411 -400 19.8522
      vertex 269.852 -360 15.4113
      vertex 269.852 -400 15.4113
    endloop
  endfacet
  facet normal -0.707099 0 -0.707115
    outer loop
      vertex 269.852 -360 15.4113
      vertex 265.411 -400 19.8522
      vertex 265.411 -360 19.8522
    endloop
  endfacet
  facet normal -0.89102 0 -0.453965
    outer loop
      vertex 258.038 -400 30
      vertex 255.187 -360 35.5958
      vertex 258.038 -360 30
    endloop
  endfacet
  facet normal -0.89102 -0 -0.453965
    outer loop
      vertex 255.187 -360 35.5958
      vertex 258.038 -400 30
      vertex 255.187 -400 35.5958
    endloop
  endfacet
  facet normal 0.838634 0 -0.544696
    outer loop
      vertex 361.962 -400 30
      vertex 358.541 -360 24.7329
      vertex 361.962 -360 30
    endloop
  endfacet
  facet normal 0.838634 0 -0.544696
    outer loop
      vertex 358.541 -360 24.7329
      vertex 361.962 -400 30
      vertex 358.541 -400 24.7329
    endloop
  endfacet
  facet normal 0.9877 0 -0.156363
    outer loop
      vertex 369.671 -400 53.7283
      vertex 368.689 -360 47.5253
      vertex 369.671 -360 53.7283
    endloop
  endfacet
  facet normal 0.9877 0 -0.156363
    outer loop
      vertex 368.689 -360 47.5253
      vertex 369.671 -400 53.7283
      vertex 368.689 -400 47.5253
    endloop
  endfacet
  facet normal 0 -1 0
    outer loop
      vertex 310 -400 70.5
      vertex 310 -400 120
      vertex 303.728 -400 119.671
    endloop
  endfacet
  facet normal 0 -1 0
    outer loop
      vertex 308.902 -400 70.4425
      vertex 303.728 -400 119.671
      vertex 297.525 -400 118.689
    endloop
  endfacet
  facet normal 0 -1 0
    outer loop
      vertex 310 -400 120
      vertex 310 -400 70.5
      vertex 316.272 -400 119.671
    endloop
  endfacet
  facet normal 0 -1 0
    outer loop
      vertex 307.817 -400 70.2706
      vertex 297.525 -400 118.689
      vertex 291.459 -400 117.063
    endloop
  endfacet
  facet normal 0 -1 0
    outer loop
      vertex 311.098 -400 70.4425
      vertex 316.272 -400 119.671
      vertex 310 -400 70.5
    endloop
  endfacet
  facet normal 0 -1 0
    outer loop
      vertex 306.755 -400 69.9861
      vertex 291.459 -400 117.063
      vertex 285.596 -400 114.813
    endloop
  endfacet
  facet normal 0 -1 -0
    outer loop
      vertex 316.272 -400 119.671
      vertex 311.098 -400 70.4425
      vertex 322.475 -400 118.689
    endloop
  endfacet
  facet normal 0 -1 0
    outer loop
      vertex 305.729 -400 69.5922
      vertex 285.596 -400 114.813
      vertex 280 -400 111.962
    endloop
  endfacet
  facet normal 0 -1 0
    outer loop
      vertex 312.183 -400 70.2706
      vertex 322.475 -400 118.689
      vertex 311.098 -400 70.4425
    endloop
  endfacet
  facet normal 0 -1 0
    outer loop
      vertex 304.75 -400 69.0933
      vertex 280 -400 111.962
      vertex 274.733 -400 108.541
    endloop
  endfacet
  facet normal 0 -1 -0
    outer loop
      vertex 322.475 -400 118.689
      vertex 312.183 -400 70.2706
      vertex 328.541 -400 117.063
    endloop
  endfacet
  facet normal 0 -1 0
    outer loop
      vertex 303.828 -400 68.4947
      vertex 274.733 -400 108.541
      vertex 269.852 -400 104.589
    endloop
  endfacet
  facet normal 0 -1 0
    outer loop
      vertex 313.245 -400 69.9861
      vertex 328.541 -400 117.063
      vertex 312.183 -400 70.2706
    endloop
  endfacet
  facet normal 0 -1 0
    outer loop
      vertex 302.974 -400 67.803
      vertex 269.852 -400 104.589
      vertex 265.411 -400 100.148
    endloop
  endfacet
  facet normal 0 -1 -0
    outer loop
      vertex 328.541 -400 117.063
      vertex 313.245 -400 69.9861
      vertex 334.404 -400 114.813
    endloop
  endfacet
  facet normal 0 -1 0
    outer loop
      vertex 302.197 -400 67.0259
      vertex 265.411 -400 100.148
      vertex 261.459 -400 95.2671
    endloop
  endfacet
  facet normal 0 -1 0
    outer loop
      vertex 314.271 -400 69.5922
      vertex 334.404 -400 114.813
      vertex 313.245 -400 69.9861
    endloop
  endfacet
  facet normal 0 -1 0
    outer loop
      vertex 301.505 -400 66.1717
      vertex 261.459 -400 95.2671
      vertex 258.038 -400 90
    endloop
  endfacet
  facet normal 0 -1 -0
    outer loop
      vertex 334.404 -400 114.813
      vertex 314.271 -400 69.5922
      vertex 340 -400 111.962
    endloop
  endfacet
  facet normal 0 -1 0
    outer loop
      vertex 300.907 -400 65.25
      vertex 258.038 -400 90
      vertex 255.187 -400 84.4042
    endloop
  endfacet
  facet normal 0 -1 0
    outer loop
      vertex 315.25 -400 69.0933
      vertex 340 -400 111.962
      vertex 314.271 -400 69.5922
    endloop
  endfacet
  facet normal 0 -1 0
    outer loop
      vertex 300.408 -400 64.2707
      vertex 255.187 -400 84.4042
      vertex 252.937 -400 78.541
    endloop
  endfacet
  facet normal 0 -1 -0
    outer loop
      vertex 340 -400 111.962
      vertex 315.25 -400 69.0933
      vertex 345.267 -400 108.541
    endloop
  endfacet
  facet normal 0 -1 0
    outer loop
      vertex 300.014 -400 63.2447
      vertex 252.937 -400 78.541
      vertex 251.311 -400 72.4747
    endloop
  endfacet
  facet normal 0 -1 0
    outer loop
      vertex 316.172 -400 68.4947
      vertex 345.267 -400 108.541
      vertex 315.25 -400 69.0933
    endloop
  endfacet
  facet normal 0 -1 -0
    outer loop
      vertex 345.267 -400 108.541
      vertex 316.172 -400 68.4947
      vertex 350.148 -400 104.589
    endloop
  endfacet
  facet normal 0 -1 0
    outer loop
      vertex 303.728 -400 119.671
      vertex 308.902 -400 70.4425
      vertex 310 -400 70.5
    endloop
  endfacet
  facet normal 0 -1 0
    outer loop
      vertex 297.525 -400 118.689
      vertex 307.817 -400 70.2706
      vertex 308.902 -400 70.4425
    endloop
  endfacet
  facet normal 0 -1 0
    outer loop
      vertex 291.459 -400 117.063
      vertex 306.755 -400 69.9861
      vertex 307.817 -400 70.2706
    endloop
  endfacet
  facet normal 0 -1 0
    outer loop
      vertex 285.596 -400 114.813
      vertex 305.729 -400 69.5922
      vertex 306.755 -400 69.9861
    endloop
  endfacet
  facet normal 0 -1 0
    outer loop
      vertex 280 -400 111.962
      vertex 304.75 -400 69.0933
      vertex 305.729 -400 69.5922
    endloop
  endfacet
  facet normal 0 -1 0
    outer loop
      vertex 274.733 -400 108.541
      vertex 303.828 -400 68.4947
      vertex 304.75 -400 69.0933
    endloop
  endfacet
  facet normal 0 -1 0
    outer loop
      vertex 269.852 -400 104.589
      vertex 302.974 -400 67.803
      vertex 303.828 -400 68.4947
    endloop
  endfacet
  facet normal 0 -1 0
    outer loop
      vertex 265.411 -400 100.148
      vertex 302.197 -400 67.0259
      vertex 302.974 -400 67.803
    endloop
  endfacet
  facet normal 0 -1 0
    outer loop
      vertex 299.729 -400 62.1831
      vertex 251.311 -400 72.4747
      vertex 250.329 -400 66.2717
    endloop
  endfacet
  facet normal 0 -1 0
    outer loop
      vertex 261.459 -400 95.2671
      vertex 301.505 -400 66.1717
      vertex 302.197 -400 67.0259
    endloop
  endfacet
  facet normal 0 -1 0
    outer loop
      vertex 258.038 -400 90
      vertex 300.907 -400 65.25
      vertex 301.505 -400 66.1717
    endloop
  endfacet
  facet normal 0 -1 0
    outer loop
      vertex 255.187 -400 84.4042
      vertex 300.408 -400 64.2707
      vertex 300.907 -400 65.25
    endloop
  endfacet
  facet normal 0 -1 0
    outer loop
      vertex 252.937 -400 78.541
      vertex 300.014 -400 63.2447
      vertex 300.408 -400 64.2707
    endloop
  endfacet
  facet normal 0 -1 0
    outer loop
      vertex 251.311 -400 72.4747
      vertex 299.729 -400 62.1831
      vertex 300.014 -400 63.2447
    endloop
  endfacet
  facet normal 0 -1 0
    outer loop
      vertex 250.329 -400 66.2717
      vertex 299.558 -400 61.0975
      vertex 299.729 -400 62.1831
    endloop
  endfacet
  facet normal 0 -1 0
    outer loop
      vertex 250 -400 60
      vertex 299.558 -400 61.0975
      vertex 250.329 -400 66.2717
    endloop
  endfacet
  facet normal 0 -1 0
    outer loop
      vertex 250 -400 60
      vertex 299.5 -400 60
      vertex 299.558 -400 61.0975
    endloop
  endfacet
  facet normal 0 -1 0
    outer loop
      vertex 250 -400 60
      vertex 299.558 -400 58.9025
      vertex 299.5 -400 60
    endloop
  endfacet
  facet normal 0 -1 0
    outer loop
      vertex 250.329 -400 53.7283
      vertex 299.558 -400 58.9025
      vertex 250 -400 60
    endloop
  endfacet
  facet normal 0 -1 -0
    outer loop
      vertex 299.558 -400 58.9025
      vertex 250.329 -400 53.7283
      vertex 299.729 -400 57.8169
    endloop
  endfacet
  facet normal 0 -1 0
    outer loop
      vertex 251.311 -400 47.5253
      vertex 299.729 -400 57.8169
      vertex 250.329 -400 53.7283
    endloop
  endfacet
  facet normal 0 -1 -0
    outer loop
      vertex 299.729 -400 57.8169
      vertex 251.311 -400 47.5253
      vertex 300.014 -400 56.7553
    endloop
  endfacet
  facet normal 0 -1 0
    outer loop
      vertex 252.937 -400 41.459
      vertex 300.014 -400 56.7553
      vertex 251.311 -400 47.5253
    endloop
  endfacet
  facet normal 0 -1 -0
    outer loop
      vertex 300.014 -400 56.7553
      vertex 252.937 -400 41.459
      vertex 300.408 -400 55.7293
    endloop
  endfacet
  facet normal 0 -1 0
    outer loop
      vertex 255.187 -400 35.5958
      vertex 300.408 -400 55.7293
      vertex 252.937 -400 41.459
    endloop
  endfacet
  facet normal 0 -1 -0
    outer loop
      vertex 300.408 -400 55.7293
      vertex 255.187 -400 35.5958
      vertex 300.907 -400 54.75
    endloop
  endfacet
  facet normal 0 -1 0
    outer loop
      vertex 258.038 -400 30
      vertex 300.907 -400 54.75
      vertex 255.187 -400 35.5958
    endloop
  endfacet
  facet normal 0 -1 -0
    outer loop
      vertex 300.907 -400 54.75
      vertex 258.038 -400 30
      vertex 301.505 -400 53.8283
    endloop
  endfacet
  facet normal 0 -1 0
    outer loop
      vertex 261.459 -400 24.7329
      vertex 301.505 -400 53.8283
      vertex 258.038 -400 30
    endloop
  endfacet
  facet normal 0 -1 -0
    outer loop
      vertex 301.505 -400 53.8283
      vertex 261.459 -400 24.7329
      vertex 302.197 -400 52.9741
    endloop
  endfacet
  facet normal 0 -1 0
    outer loop
      vertex 265.411 -400 19.8522
      vertex 302.197 -400 52.9741
      vertex 261.459 -400 24.7329
    endloop
  endfacet
  facet normal 0 -1 -0
    outer loop
      vertex 302.197 -400 52.9741
      vertex 265.411 -400 19.8522
      vertex 302.974 -400 52.197
    endloop
  endfacet
  facet normal 0 -1 -0
    outer loop
      vertex 302.974 -400 52.197
      vertex 269.852 -400 15.4113
      vertex 303.828 -400 51.5053
    endloop
  endfacet
  facet normal 0 -1 0
    outer loop
      vertex 269.852 -400 15.4113
      vertex 302.974 -400 52.197
      vertex 265.411 -400 19.8522
    endloop
  endfacet
  facet normal 0 -1 0
    outer loop
      vertex 317.026 -400 67.803
      vertex 350.148 -400 104.589
      vertex 316.172 -400 68.4947
    endloop
  endfacet
  facet normal 0 -1 -0
    outer loop
      vertex 350.148 -400 104.589
      vertex 317.026 -400 67.803
      vertex 354.589 -400 100.148
    endloop
  endfacet
  facet normal 0 -1 0
    outer loop
      vertex 317.803 -400 67.0259
      vertex 354.589 -400 100.148
      vertex 317.026 -400 67.803
    endloop
  endfacet
  facet normal 0 -1 -0
    outer loop
      vertex 354.589 -400 100.148
      vertex 317.803 -400 67.0259
      vertex 358.541 -400 95.2671
    endloop
  endfacet
  facet normal 0 -1 0
    outer loop
      vertex 318.495 -400 66.1717
      vertex 358.541 -400 95.2671
      vertex 317.803 -400 67.0259
    endloop
  endfacet
  facet normal 0 -1 -0
    outer loop
      vertex 358.541 -400 95.2671
      vertex 318.495 -400 66.1717
      vertex 361.962 -400 90
    endloop
  endfacet
  facet normal 0 -1 0
    outer loop
      vertex 319.093 -400 65.25
      vertex 361.962 -400 90
      vertex 318.495 -400 66.1717
    endloop
  endfacet
  facet normal 0 -1 -0
    outer loop
      vertex 361.962 -400 90
      vertex 319.093 -400 65.25
      vertex 364.813 -400 84.4042
    endloop
  endfacet
  facet normal 0 -1 0
    outer loop
      vertex 319.592 -400 64.2707
      vertex 364.813 -400 84.4042
      vertex 319.093 -400 65.25
    endloop
  endfacet
  facet normal 0 -1 -0
    outer loop
      vertex 364.813 -400 84.4042
      vertex 319.592 -400 64.2707
      vertex 367.063 -400 78.541
    endloop
  endfacet
  facet normal 0 -1 0
    outer loop
      vertex 319.986 -400 63.2447
      vertex 367.063 -400 78.541
      vertex 319.592 -400 64.2707
    endloop
  endfacet
  facet normal 0 -1 -0
    outer loop
      vertex 367.063 -400 78.541
      vertex 319.986 -400 63.2447
      vertex 368.689 -400 72.4747
    endloop
  endfacet
  facet normal 0 -1 0
    outer loop
      vertex 320.271 -400 62.1831
      vertex 368.689 -400 72.4747
      vertex 319.986 -400 63.2447
    endloop
  endfacet
  facet normal 0 -1 -0
    outer loop
      vertex 368.689 -400 72.4747
      vertex 320.271 -400 62.1831
      vertex 369.671 -400 66.2717
    endloop
  endfacet
  facet normal 0 -1 0
    outer loop
      vertex 320.442 -400 61.0975
      vertex 369.671 -400 66.2717
      vertex 320.271 -400 62.1831
    endloop
  endfacet
  facet normal 0 -1 0
    outer loop
      vertex 320.5 -400 60
      vertex 369.671 -400 66.2717
      vertex 320.442 -400 61.0975
    endloop
  endfacet
  facet normal 0 -1 0
    outer loop
      vertex 320.5 -400 60
      vertex 370 -400 60
      vertex 369.671 -400 66.2717
    endloop
  endfacet
  facet normal 0 -1 0
    outer loop
      vertex 320.442 -400 58.9025
      vertex 370 -400 60
      vertex 320.5 -400 60
    endloop
  endfacet
  facet normal 0 -1 0
    outer loop
      vertex 369.671 -400 53.7283
      vertex 320.442 -400 58.9025
      vertex 320.271 -400 57.8169
    endloop
  endfacet
  facet normal 0 -1 0
    outer loop
      vertex 368.689 -400 47.5253
      vertex 320.271 -400 57.8169
      vertex 319.986 -400 56.7553
    endloop
  endfacet
  facet normal 0 -1 0
    outer loop
      vertex 367.063 -400 41.459
      vertex 319.986 -400 56.7553
      vertex 319.592 -400 55.7293
    endloop
  endfacet
  facet normal 0 -1 0
    outer loop
      vertex 364.813 -400 35.5958
      vertex 319.592 -400 55.7293
      vertex 319.093 -400 54.75
    endloop
  endfacet
  facet normal 0 -1 0
    outer loop
      vertex 361.962 -400 30
      vertex 319.093 -400 54.75
      vertex 318.495 -400 53.8283
    endloop
  endfacet
  facet normal 0 -1 0
    outer loop
      vertex 320.442 -400 58.9025
      vertex 369.671 -400 53.7283
      vertex 370 -400 60
    endloop
  endfacet
  facet normal 0 -1 0
    outer loop
      vertex 358.541 -400 24.7329
      vertex 318.495 -400 53.8283
      vertex 317.803 -400 52.9741
    endloop
  endfacet
  facet normal 0 -1 0
    outer loop
      vertex 354.589 -400 19.8522
      vertex 317.803 -400 52.9741
      vertex 317.026 -400 52.197
    endloop
  endfacet
  facet normal 0 -1 0
    outer loop
      vertex 350.148 -400 15.4113
      vertex 317.026 -400 52.197
      vertex 316.172 -400 51.5053
    endloop
  endfacet
  facet normal 0 -1 0
    outer loop
      vertex 345.267 -400 11.459
      vertex 316.172 -400 51.5053
      vertex 315.25 -400 50.9067
    endloop
  endfacet
  facet normal 0 -1 0
    outer loop
      vertex 340 -400 8.03848
      vertex 315.25 -400 50.9067
      vertex 314.271 -400 50.4078
    endloop
  endfacet
  facet normal 0 -1 0
    outer loop
      vertex 334.404 -400 5.18727
      vertex 314.271 -400 50.4078
      vertex 313.245 -400 50.0139
    endloop
  endfacet
  facet normal 0 -1 0
    outer loop
      vertex 328.541 -400 2.93661
      vertex 313.245 -400 50.0139
      vertex 312.183 -400 49.7295
    endloop
  endfacet
  facet normal 0 -1 0
    outer loop
      vertex 322.475 -400 1.31114
      vertex 312.183 -400 49.7295
      vertex 311.098 -400 49.5575
    endloop
  endfacet
  facet normal 0 -1 0
    outer loop
      vertex 320.271 -400 57.8169
      vertex 368.689 -400 47.5253
      vertex 369.671 -400 53.7283
    endloop
  endfacet
  facet normal 0 -1 0
    outer loop
      vertex 316.272 -400 0.328687
      vertex 311.098 -400 49.5575
      vertex 310 -400 49.5
    endloop
  endfacet
  facet normal 0 -1 0
    outer loop
      vertex 274.733 -400 11.459
      vertex 303.828 -400 51.5053
      vertex 269.852 -400 15.4113
    endloop
  endfacet
  facet normal 0 -1 -0
    outer loop
      vertex 303.828 -400 51.5053
      vertex 274.733 -400 11.459
      vertex 304.75 -400 50.9067
    endloop
  endfacet
  facet normal 0 -1 0
    outer loop
      vertex 319.986 -400 56.7553
      vertex 367.063 -400 41.459
      vertex 368.689 -400 47.5253
    endloop
  endfacet
  facet normal 0 -1 0
    outer loop
      vertex 280 -400 8.03848
      vertex 304.75 -400 50.9067
      vertex 274.733 -400 11.459
    endloop
  endfacet
  facet normal 0 -1 0
    outer loop
      vertex 319.592 -400 55.7293
      vertex 364.813 -400 35.5958
      vertex 367.063 -400 41.459
    endloop
  endfacet
  facet normal 0 -1 -0
    outer loop
      vertex 304.75 -400 50.9067
      vertex 280 -400 8.03848
      vertex 305.729 -400 50.4078
    endloop
  endfacet
  facet normal 0 -1 0
    outer loop
      vertex 319.093 -400 54.75
      vertex 361.962 -400 30
      vertex 364.813 -400 35.5958
    endloop
  endfacet
  facet normal 0 -1 0
    outer loop
      vertex 285.596 -400 5.18727
      vertex 305.729 -400 50.4078
      vertex 280 -400 8.03848
    endloop
  endfacet
  facet normal 0 -1 0
    outer loop
      vertex 318.495 -400 53.8283
      vertex 358.541 -400 24.7329
      vertex 361.962 -400 30
    endloop
  endfacet
  facet normal 0 -1 -0
    outer loop
      vertex 305.729 -400 50.4078
      vertex 285.596 -400 5.18727
      vertex 306.755 -400 50.0139
    endloop
  endfacet
  facet normal 0 -1 0
    outer loop
      vertex 317.803 -400 52.9741
      vertex 354.589 -400 19.8522
      vertex 358.541 -400 24.7329
    endloop
  endfacet
  facet normal 0 -1 0
    outer loop
      vertex 291.459 -400 2.93661
      vertex 306.755 -400 50.0139
      vertex 285.596 -400 5.18727
    endloop
  endfacet
  facet normal 0 -1 0
    outer loop
      vertex 317.026 -400 52.197
      vertex 350.148 -400 15.4113
      vertex 354.589 -400 19.8522
    endloop
  endfacet
  facet normal 0 -1 -0
    outer loop
      vertex 306.755 -400 50.0139
      vertex 291.459 -400 2.93661
      vertex 307.817 -400 49.7295
    endloop
  endfacet
  facet normal 0 -1 0
    outer loop
      vertex 316.172 -400 51.5053
      vertex 345.267 -400 11.459
      vertex 350.148 -400 15.4113
    endloop
  endfacet
  facet normal 0 -1 0
    outer loop
      vertex 297.525 -400 1.31114
      vertex 307.817 -400 49.7295
      vertex 291.459 -400 2.93661
    endloop
  endfacet
  facet normal 0 -1 0
    outer loop
      vertex 315.25 -400 50.9067
      vertex 340 -400 8.03848
      vertex 345.267 -400 11.459
    endloop
  endfacet
  facet normal 0 -1 -0
    outer loop
      vertex 307.817 -400 49.7295
      vertex 297.525 -400 1.31114
      vertex 308.902 -400 49.5575
    endloop
  endfacet
  facet normal 0 -1 0
    outer loop
      vertex 314.271 -400 50.4078
      vertex 334.404 -400 5.18727
      vertex 340 -400 8.03848
    endloop
  endfacet
  facet normal 0 -1 0
    outer loop
      vertex 303.728 -400 0.328687
      vertex 308.902 -400 49.5575
      vertex 297.525 -400 1.31114
    endloop
  endfacet
  facet normal 0 -1 0
    outer loop
      vertex 313.245 -400 50.0139
      vertex 328.541 -400 2.93661
      vertex 334.404 -400 5.18727
    endloop
  endfacet
  facet normal 0 -1 -0
    outer loop
      vertex 308.902 -400 49.5575
      vertex 303.728 -400 0.328687
      vertex 310 -400 49.5
    endloop
  endfacet
  facet normal 0 -1 0
    outer loop
      vertex 312.183 -400 49.7295
      vertex 322.475 -400 1.31114
      vertex 328.541 -400 2.93661
    endloop
  endfacet
  facet normal 0 -1 0
    outer loop
      vertex 310 -400 0
      vertex 310 -400 49.5
      vertex 303.728 -400 0.328687
    endloop
  endfacet
  facet normal 0 -1 0
    outer loop
      vertex 311.098 -400 49.5575
      vertex 316.272 -400 0.328687
      vertex 322.475 -400 1.31114
    endloop
  endfacet
  facet normal 0 -1 0
    outer loop
      vertex 310 -400 49.5
      vertex 310 -400 0
      vertex 316.272 -400 0.328687
    endloop
  endfacet
  facet normal 0.77717 0 -0.62929
    outer loop
      vertex 358.541 -400 24.7329
      vertex 354.589 -360 19.8522
      vertex 358.541 -360 24.7329
    endloop
  endfacet
  facet normal 0.77717 0 -0.62929
    outer loop
      vertex 354.589 -360 19.8522
      vertex 358.541 -400 24.7329
      vertex 354.589 -400 19.8522
    endloop
  endfacet
  facet normal 0.629296 0 -0.777166
    outer loop
      vertex 345.267 -400 11.459
      vertex 350.148 -360 15.4113
      vertex 350.148 -400 15.4113
    endloop
  endfacet
  facet normal 0.629296 0 -0.777166
    outer loop
      vertex 350.148 -360 15.4113
      vertex 345.267 -400 11.459
      vertex 345.267 -360 11.459
    endloop
  endfacet
  facet normal 0.544649 0 -0.838664
    outer loop
      vertex 340 -400 8.03848
      vertex 345.267 -360 11.459
      vertex 345.267 -400 11.459
    endloop
  endfacet
  facet normal 0.544649 0 -0.838664
    outer loop
      vertex 345.267 -360 11.459
      vertex 340 -400 8.03848
      vertex 340 -360 8.03848
    endloop
  endfacet
  facet normal 0.89102 -0 0.453965
    outer loop
      vertex 361.962 -400 90
      vertex 364.813 -360 84.4042
      vertex 361.962 -360 90
    endloop
  endfacet
  facet normal 0.89102 0 0.453965
    outer loop
      vertex 364.813 -360 84.4042
      vertex 361.962 -400 90
      vertex 364.813 -400 84.4042
    endloop
  endfacet
  facet normal -0.629267 0 0.777189
    outer loop
      vertex 269.852 -360 104.589
      vertex 274.733 -400 108.541
      vertex 274.733 -360 108.541
    endloop
  endfacet
  facet normal -0.629267 0 0.777189
    outer loop
      vertex 274.733 -400 108.541
      vertex 269.852 -360 104.589
      vertex 269.852 -400 104.589
    endloop
  endfacet
  facet normal 0.358285 0 0.933612
    outer loop
      vertex 328.541 -360 117.063
      vertex 334.404 -400 114.813
      vertex 334.404 -360 114.813
    endloop
  endfacet
  facet normal 0.358285 0 0.933612
    outer loop
      vertex 334.404 -400 114.813
      vertex 328.541 -360 117.063
      vertex 328.541 -400 117.063
    endloop
  endfacet
  facet normal 0.838634 -0 0.544696
    outer loop
      vertex 358.541 -400 95.2671
      vertex 361.962 -360 90
      vertex 358.541 -360 95.2671
    endloop
  endfacet
  facet normal 0.838634 0 0.544696
    outer loop
      vertex 361.962 -360 90
      vertex 358.541 -400 95.2671
      vertex 361.962 -400 90
    endloop
  endfacet
  facet normal 0.9877 -0 0.156363
    outer loop
      vertex 368.689 -400 72.4747
      vertex 369.671 -360 66.2717
      vertex 368.689 -360 72.4747
    endloop
  endfacet
  facet normal 0.9877 0 0.156363
    outer loop
      vertex 369.671 -360 66.2717
      vertex 368.689 -400 72.4747
      vertex 369.671 -400 66.2717
    endloop
  endfacet
  facet normal 0.933616 -0 0.358275
    outer loop
      vertex 364.813 -400 84.4042
      vertex 367.063 -360 78.541
      vertex 364.813 -360 84.4042
    endloop
  endfacet
  facet normal 0.933616 0 0.358275
    outer loop
      vertex 367.063 -360 78.541
      vertex 364.813 -400 84.4042
      vertex 367.063 -400 78.541
    endloop
  endfacet
  facet normal 0.777183 -0 0.629275
    outer loop
      vertex 354.589 -400 100.148
      vertex 358.541 -360 95.2671
      vertex 354.589 -360 100.148
    endloop
  endfacet
  facet normal 0.777183 0 0.629275
    outer loop
      vertex 358.541 -360 95.2671
      vertex 354.589 -400 100.148
      vertex 358.541 -400 95.2671
    endloop
  endfacet
  facet normal -0.544703 0 0.838629
    outer loop
      vertex 274.733 -360 108.541
      vertex 280 -400 111.962
      vertex 280 -360 111.962
    endloop
  endfacet
  facet normal -0.544703 0 0.838629
    outer loop
      vertex 280 -400 111.962
      vertex 274.733 -360 108.541
      vertex 274.733 -400 108.541
    endloop
  endfacet
  facet normal -0.933616 0 0.358275
    outer loop
      vertex 252.937 -400 78.541
      vertex 255.187 -360 84.4042
      vertex 252.937 -360 78.541
    endloop
  endfacet
  facet normal -0.933616 0 0.358275
    outer loop
      vertex 255.187 -360 84.4042
      vertex 252.937 -400 78.541
      vertex 255.187 -400 84.4042
    endloop
  endfacet
  facet normal 0.0523833 0 0.998627
    outer loop
      vertex 310 -360 120
      vertex 316.272 -400 119.671
      vertex 316.272 -360 119.671
    endloop
  endfacet
  facet normal 0.0523833 0 0.998627
    outer loop
      vertex 316.272 -400 119.671
      vertex 310 -360 120
      vertex 310 -400 120
    endloop
  endfacet
  facet normal 0.998627 0 -0.0523858
    outer loop
      vertex 370 -400 60
      vertex 369.671 -360 53.7283
      vertex 370 -360 60
    endloop
  endfacet
  facet normal 0.998627 0 -0.0523858
    outer loop
      vertex 369.671 -360 53.7283
      vertex 370 -400 60
      vertex 369.671 -400 53.7283
    endloop
  endfacet
  facet normal 0.156363 0 0.9877
    outer loop
      vertex 316.272 -360 119.671
      vertex 322.475 -400 118.689
      vertex 322.475 -360 118.689
    endloop
  endfacet
  facet normal 0.156363 0 0.9877
    outer loop
      vertex 322.475 -400 118.689
      vertex 316.272 -360 119.671
      vertex 316.272 -400 119.671
    endloop
  endfacet
  facet normal -0.707107 0 0.707107
    outer loop
      vertex 265.411 -400 100.148
      vertex 269.852 -360 104.589
      vertex 265.411 -360 100.148
    endloop
  endfacet
  facet normal -0.707107 0 0.707107
    outer loop
      vertex 269.852 -360 104.589
      vertex 265.411 -400 100.148
      vertex 269.852 -400 104.589
    endloop
  endfacet
  facet normal 0.98782 -0 0.155598
    outer loop
      vertex 299.558 -400 58.9025
      vertex 299.729 -360 57.8169
      vertex 299.558 -360 58.9025
    endloop
  endfacet
  facet normal 0.98782 0 0.155598
    outer loop
      vertex 299.729 -360 57.8169
      vertex 299.558 -400 58.9025
      vertex 299.729 -400 57.8169
    endloop
  endfacet
  facet normal 0.998606 -0 0.0527737
    outer loop
      vertex 299.5 -400 60
      vertex 299.558 -360 58.9025
      vertex 299.5 -360 60
    endloop
  endfacet
  facet normal 0.998606 0 0.0527737
    outer loop
      vertex 299.558 -360 58.9025
      vertex 299.5 -400 60
      vertex 299.558 -400 58.9025
    endloop
  endfacet
  facet normal 0.965802 -0 0.259282
    outer loop
      vertex 299.729 -400 57.8169
      vertex 300.014 -360 56.7553
      vertex 299.729 -360 57.8169
    endloop
  endfacet
  facet normal 0.965802 0 0.259282
    outer loop
      vertex 300.014 -360 56.7553
      vertex 299.729 -400 57.8169
      vertex 300.014 -400 56.7553
    endloop
  endfacet
  facet normal 0.454044 0 0.890979
    outer loop
      vertex 304.75 -360 50.9067
      vertex 305.729 -400 50.4078
      vertex 305.729 -360 50.4078
    endloop
  endfacet
  facet normal 0.454044 0 0.890979
    outer loop
      vertex 305.729 -400 50.4078
      vertex 304.75 -360 50.9067
      vertex 304.75 -400 50.9067
    endloop
  endfacet
  facet normal -0.258682 0 0.965963
    outer loop
      vertex 312.183 -360 49.7295
      vertex 313.245 -400 50.0139
      vertex 313.245 -360 50.0139
    endloop
  endfacet
  facet normal -0.258682 0 0.965963
    outer loop
      vertex 313.245 -400 50.0139
      vertex 312.183 -360 49.7295
      vertex 312.183 -400 49.7295
    endloop
  endfacet
  facet normal 0.544541 0 -0.838734
    outer loop
      vertex 303.828 -400 68.4947
      vertex 304.75 -360 69.0933
      vertex 304.75 -400 69.0933
    endloop
  endfacet
  facet normal 0.544541 0 -0.838734
    outer loop
      vertex 304.75 -360 69.0933
      vertex 303.828 -400 68.4947
      vertex 303.828 -360 68.4947
    endloop
  endfacet
  facet normal 0.258682 0 0.965963
    outer loop
      vertex 306.755 -360 50.0139
      vertex 307.817 -400 49.7295
      vertex 307.817 -360 49.7295
    endloop
  endfacet
  facet normal 0.258682 0 0.965963
    outer loop
      vertex 307.817 -400 49.7295
      vertex 306.755 -360 50.0139
      vertex 306.755 -400 50.0139
    endloop
  endfacet
  facet normal 0.707152 -0 0.707061
    outer loop
      vertex 302.197 -400 52.9741
      vertex 302.974 -360 52.197
      vertex 302.197 -360 52.9741
    endloop
  endfacet
  facet normal 0.707152 0 0.707061
    outer loop
      vertex 302.974 -360 52.197
      vertex 302.197 -400 52.9741
      vertex 302.974 -400 52.197
    endloop
  endfacet
  facet normal -0.258766 0 -0.96594
    outer loop
      vertex 312.183 -400 70.2706
      vertex 313.245 -360 69.9861
      vertex 313.245 -400 69.9861
    endloop
  endfacet
  facet normal -0.258766 0 -0.96594
    outer loop
      vertex 313.245 -360 69.9861
      vertex 312.183 -400 70.2706
      vertex 312.183 -360 70.2706
    endloop
  endfacet
  facet normal 0.15657 0 0.987667
    outer loop
      vertex 307.817 -360 49.7295
      vertex 308.902 -400 49.5575
      vertex 308.902 -360 49.5575
    endloop
  endfacet
  facet normal 0.15657 0 0.987667
    outer loop
      vertex 308.902 -400 49.5575
      vertex 307.817 -360 49.7295
      vertex 307.817 -400 49.7295
    endloop
  endfacet
  facet normal -0.838903 0 0.544281
    outer loop
      vertex 318.495 -400 53.8283
      vertex 319.093 -360 54.75
      vertex 318.495 -360 53.8283
    endloop
  endfacet
  facet normal -0.838903 0 0.544281
    outer loop
      vertex 319.093 -360 54.75
      vertex 318.495 -400 53.8283
      vertex 319.093 -400 54.75
    endloop
  endfacet
  facet normal -0.933533 0 -0.358491
    outer loop
      vertex 319.986 -400 63.2447
      vertex 319.592 -360 64.2707
      vertex 319.986 -360 63.2447
    endloop
  endfacet
  facet normal -0.933533 -0 -0.358491
    outer loop
      vertex 319.592 -360 64.2707
      vertex 319.986 -400 63.2447
      vertex 319.592 -400 64.2707
    endloop
  endfacet
  facet normal 0.358412 0 -0.933564
    outer loop
      vertex 305.729 -400 69.5922
      vertex 306.755 -360 69.9861
      vertex 306.755 -400 69.9861
    endloop
  endfacet
  facet normal 0.358412 0 -0.933564
    outer loop
      vertex 306.755 -360 69.9861
      vertex 305.729 -400 69.5922
      vertex 305.729 -360 69.5922
    endloop
  endfacet
  facet normal 0.838903 -0 0.544281
    outer loop
      vertex 300.907 -400 54.75
      vertex 301.505 -360 53.8283
      vertex 300.907 -360 54.75
    endloop
  endfacet
  facet normal 0.838903 0 0.544281
    outer loop
      vertex 301.505 -360 53.8283
      vertex 300.907 -400 54.75
      vertex 301.505 -400 53.8283
    endloop
  endfacet
  facet normal 0.890999 -0 0.454006
    outer loop
      vertex 300.408 -400 55.7293
      vertex 300.907 -360 54.75
      vertex 300.408 -360 55.7293
    endloop
  endfacet
  facet normal 0.890999 0 0.454006
    outer loop
      vertex 300.907 -360 54.75
      vertex 300.408 -400 55.7293
      vertex 300.907 -400 54.75
    endloop
  endfacet
  facet normal -0.965802 0 0.259282
    outer loop
      vertex 319.986 -400 56.7553
      vertex 320.271 -360 57.8169
      vertex 319.986 -360 56.7553
    endloop
  endfacet
  facet normal -0.965802 0 0.259282
    outer loop
      vertex 320.271 -360 57.8169
      vertex 319.986 -400 56.7553
      vertex 320.271 -400 57.8169
    endloop
  endfacet
  facet normal -0.15657 0 0.987667
    outer loop
      vertex 311.098 -360 49.5575
      vertex 312.183 -400 49.7295
      vertex 312.183 -360 49.7295
    endloop
  endfacet
  facet normal -0.15657 0 0.987667
    outer loop
      vertex 312.183 -400 49.7295
      vertex 311.098 -360 49.5575
      vertex 311.098 -400 49.5575
    endloop
  endfacet
  facet normal -0.98782 0 0.155598
    outer loop
      vertex 320.271 -400 57.8169
      vertex 320.442 -360 58.9025
      vertex 320.271 -360 57.8169
    endloop
  endfacet
  facet normal -0.98782 0 0.155598
    outer loop
      vertex 320.442 -360 58.9025
      vertex 320.271 -400 57.8169
      vertex 320.442 -400 58.9025
    endloop
  endfacet
  facet normal -0.77702 0 0.629476
    outer loop
      vertex 317.803 -400 52.9741
      vertex 318.495 -360 53.8283
      vertex 317.803 -360 52.9741
    endloop
  endfacet
  facet normal -0.77702 0 0.629476
    outer loop
      vertex 318.495 -360 53.8283
      vertex 317.803 -400 52.9741
      vertex 318.495 -400 53.8283
    endloop
  endfacet
  facet normal -0.98782 0 -0.155598
    outer loop
      vertex 320.442 -400 61.0975
      vertex 320.271 -360 62.1831
      vertex 320.442 -360 61.0975
    endloop
  endfacet
  facet normal -0.98782 -0 -0.155598
    outer loop
      vertex 320.271 -360 62.1831
      vertex 320.442 -400 61.0975
      vertex 320.271 -400 62.1831
    endloop
  endfacet
  facet normal -0.454044 0 0.890979
    outer loop
      vertex 314.271 -360 50.4078
      vertex 315.25 -400 50.9067
      vertex 315.25 -360 50.9067
    endloop
  endfacet
  facet normal -0.454044 0 0.890979
    outer loop
      vertex 315.25 -400 50.9067
      vertex 314.271 -360 50.4078
      vertex 314.271 -400 50.4078
    endloop
  endfacet
  facet normal 0.258766 0 -0.96594
    outer loop
      vertex 306.755 -400 69.9861
      vertex 307.817 -360 70.2706
      vertex 307.817 -400 70.2706
    endloop
  endfacet
  facet normal 0.258766 0 -0.96594
    outer loop
      vertex 307.817 -360 70.2706
      vertex 306.755 -400 69.9861
      vertex 306.755 -360 69.9861
    endloop
  endfacet
  facet normal 0.156481 0 -0.987681
    outer loop
      vertex 307.817 -400 70.2706
      vertex 308.902 -360 70.4425
      vertex 308.902 -400 70.4425
    endloop
  endfacet
  facet normal 0.156481 0 -0.987681
    outer loop
      vertex 308.902 -360 70.4425
      vertex 307.817 -400 70.2706
      vertex 307.817 -360 70.2706
    endloop
  endfacet
  facet normal -0.890999 0 0.454006
    outer loop
      vertex 319.093 -400 54.75
      vertex 319.592 -360 55.7293
      vertex 319.093 -360 54.75
    endloop
  endfacet
  facet normal -0.890999 0 0.454006
    outer loop
      vertex 319.592 -360 55.7293
      vertex 319.093 -400 54.75
      vertex 319.592 -400 55.7293
    endloop
  endfacet
  facet normal 0.77702 -0 0.629476
    outer loop
      vertex 301.505 -400 53.8283
      vertex 302.197 -360 52.9741
      vertex 301.505 -360 53.8283
    endloop
  endfacet
  facet normal 0.77702 0 0.629476
    outer loop
      vertex 302.197 -360 52.9741
      vertex 301.505 -400 53.8283
      vertex 302.197 -400 52.9741
    endloop
  endfacet
  facet normal -0.358412 0 0.933564
    outer loop
      vertex 313.245 -360 50.0139
      vertex 314.271 -400 50.4078
      vertex 314.271 -360 50.4078
    endloop
  endfacet
  facet normal -0.358412 0 0.933564
    outer loop
      vertex 314.271 -400 50.4078
      vertex 313.245 -360 50.0139
      vertex 313.245 -400 50.0139
    endloop
  endfacet
  facet normal 0.890999 0 -0.454006
    outer loop
      vertex 300.907 -400 65.25
      vertex 300.408 -360 64.2707
      vertex 300.907 -360 65.25
    endloop
  endfacet
  facet normal 0.890999 0 -0.454006
    outer loop
      vertex 300.408 -360 64.2707
      vertex 300.907 -400 65.25
      vertex 300.408 -400 64.2707
    endloop
  endfacet
  facet normal -0.6294 0 0.777082
    outer loop
      vertex 316.172 -360 51.5053
      vertex 317.026 -400 52.197
      vertex 317.026 -360 52.197
    endloop
  endfacet
  facet normal -0.6294 0 0.777082
    outer loop
      vertex 317.026 -400 52.197
      vertex 316.172 -360 51.5053
      vertex 316.172 -400 51.5053
    endloop
  endfacet
  facet normal -0.544541 0 0.838734
    outer loop
      vertex 315.25 -360 50.9067
      vertex 316.172 -400 51.5053
      vertex 316.172 -360 51.5053
    endloop
  endfacet
  facet normal -0.544541 0 0.838734
    outer loop
      vertex 316.172 -400 51.5053
      vertex 315.25 -360 50.9067
      vertex 315.25 -400 50.9067
    endloop
  endfacet
  facet normal 0.933533 -0 0.358491
    outer loop
      vertex 300.014 -400 56.7553
      vertex 300.408 -360 55.7293
      vertex 300.014 -360 56.7553
    endloop
  endfacet
  facet normal 0.933533 0 0.358491
    outer loop
      vertex 300.408 -360 55.7293
      vertex 300.014 -400 56.7553
      vertex 300.408 -400 55.7293
    endloop
  endfacet
  facet normal -0.707152 0 -0.707061
    outer loop
      vertex 317.803 -400 67.0259
      vertex 317.026 -360 67.803
      vertex 317.803 -360 67.0259
    endloop
  endfacet
  facet normal -0.707152 -0 -0.707061
    outer loop
      vertex 317.026 -360 67.803
      vertex 317.803 -400 67.0259
      vertex 317.026 -400 67.803
    endloop
  endfacet
  facet normal -0.965802 0 -0.259282
    outer loop
      vertex 320.271 -400 62.1831
      vertex 319.986 -360 63.2447
      vertex 320.271 -360 62.1831
    endloop
  endfacet
  facet normal -0.965802 -0 -0.259282
    outer loop
      vertex 319.986 -360 63.2447
      vertex 320.271 -400 62.1831
      vertex 319.986 -400 63.2447
    endloop
  endfacet
  facet normal -0.838903 0 -0.544281
    outer loop
      vertex 319.093 -400 65.25
      vertex 318.495 -360 66.1717
      vertex 319.093 -360 65.25
    endloop
  endfacet
  facet normal -0.838903 -0 -0.544281
    outer loop
      vertex 318.495 -360 66.1717
      vertex 319.093 -400 65.25
      vertex 318.495 -400 66.1717
    endloop
  endfacet
  facet normal -0.890999 0 -0.454006
    outer loop
      vertex 319.592 -400 64.2707
      vertex 319.093 -360 65.25
      vertex 319.592 -360 64.2707
    endloop
  endfacet
  facet normal -0.890999 -0 -0.454006
    outer loop
      vertex 319.093 -360 65.25
      vertex 319.592 -400 64.2707
      vertex 319.093 -400 65.25
    endloop
  endfacet
  facet normal 0.454044 0 -0.890979
    outer loop
      vertex 304.75 -400 69.0933
      vertex 305.729 -360 69.5922
      vertex 305.729 -400 69.5922
    endloop
  endfacet
  facet normal 0.454044 0 -0.890979
    outer loop
      vertex 305.729 -360 69.5922
      vertex 304.75 -400 69.0933
      vertex 304.75 -360 69.0933
    endloop
  endfacet
  facet normal 0.544541 0 0.838734
    outer loop
      vertex 303.828 -360 51.5053
      vertex 304.75 -400 50.9067
      vertex 304.75 -360 50.9067
    endloop
  endfacet
  facet normal 0.544541 0 0.838734
    outer loop
      vertex 304.75 -400 50.9067
      vertex 303.828 -360 51.5053
      vertex 303.828 -400 51.5053
    endloop
  endfacet
  facet normal -0.933533 0 0.358491
    outer loop
      vertex 319.592 -400 55.7293
      vertex 319.986 -360 56.7553
      vertex 319.592 -360 55.7293
    endloop
  endfacet
  facet normal -0.933533 0 0.358491
    outer loop
      vertex 319.986 -360 56.7553
      vertex 319.592 -400 55.7293
      vertex 319.986 -400 56.7553
    endloop
  endfacet
  facet normal 0.965802 0 -0.259282
    outer loop
      vertex 300.014 -400 63.2447
      vertex 299.729 -360 62.1831
      vertex 300.014 -360 63.2447
    endloop
  endfacet
  facet normal 0.965802 0 -0.259282
    outer loop
      vertex 299.729 -360 62.1831
      vertex 300.014 -400 63.2447
      vertex 299.729 -400 62.1831
    endloop
  endfacet
  facet normal 0.6294 0 0.777082
    outer loop
      vertex 302.974 -360 52.197
      vertex 303.828 -400 51.5053
      vertex 303.828 -360 51.5053
    endloop
  endfacet
  facet normal 0.6294 0 0.777082
    outer loop
      vertex 303.828 -400 51.5053
      vertex 302.974 -360 52.197
      vertex 302.974 -400 52.197
    endloop
  endfacet
  facet normal 0.998606 0 -0.0527737
    outer loop
      vertex 299.558 -400 61.0975
      vertex 299.5 -360 60
      vertex 299.558 -360 61.0975
    endloop
  endfacet
  facet normal 0.998606 0 -0.0527737
    outer loop
      vertex 299.5 -360 60
      vertex 299.558 -400 61.0975
      vertex 299.5 -400 60
    endloop
  endfacet
  facet normal 0.0522963 0 -0.998632
    outer loop
      vertex 308.902 -400 70.4425
      vertex 310 -360 70.5
      vertex 310 -400 70.5
    endloop
  endfacet
  facet normal 0.0522963 0 -0.998632
    outer loop
      vertex 310 -360 70.5
      vertex 308.902 -400 70.4425
      vertex 308.902 -360 70.4425
    endloop
  endfacet
  facet normal 0.358412 0 0.933564
    outer loop
      vertex 305.729 -360 50.4078
      vertex 306.755 -400 50.0139
      vertex 306.755 -360 50.0139
    endloop
  endfacet
  facet normal 0.358412 0 0.933564
    outer loop
      vertex 306.755 -400 50.0139
      vertex 305.729 -360 50.4078
      vertex 305.729 -400 50.4078
    endloop
  endfacet
  facet normal 0.77702 0 -0.629476
    outer loop
      vertex 302.197 -400 67.0259
      vertex 301.505 -360 66.1717
      vertex 302.197 -360 67.0259
    endloop
  endfacet
  facet normal 0.77702 0 -0.629476
    outer loop
      vertex 301.505 -360 66.1717
      vertex 302.197 -400 67.0259
      vertex 301.505 -400 66.1717
    endloop
  endfacet
  facet normal 0.838903 0 -0.544281
    outer loop
      vertex 301.505 -400 66.1717
      vertex 300.907 -360 65.25
      vertex 301.505 -360 66.1717
    endloop
  endfacet
  facet normal 0.838903 0 -0.544281
    outer loop
      vertex 300.907 -360 65.25
      vertex 301.505 -400 66.1717
      vertex 300.907 -400 65.25
    endloop
  endfacet
  facet normal -0.156481 0 -0.987681
    outer loop
      vertex 311.098 -400 70.4425
      vertex 312.183 -360 70.2706
      vertex 312.183 -400 70.2706
    endloop
  endfacet
  facet normal -0.156481 0 -0.987681
    outer loop
      vertex 312.183 -360 70.2706
      vertex 311.098 -400 70.4425
      vertex 311.098 -360 70.4425
    endloop
  endfacet
  facet normal 0.6294 0 -0.777082
    outer loop
      vertex 302.974 -400 67.803
      vertex 303.828 -360 68.4947
      vertex 303.828 -400 68.4947
    endloop
  endfacet
  facet normal 0.6294 0 -0.777082
    outer loop
      vertex 303.828 -360 68.4947
      vertex 302.974 -400 67.803
      vertex 302.974 -360 67.803
    endloop
  endfacet
  facet normal -0.707152 0 0.707061
    outer loop
      vertex 317.026 -400 52.197
      vertex 317.803 -360 52.9741
      vertex 317.026 -360 52.197
    endloop
  endfacet
  facet normal -0.707152 0 0.707061
    outer loop
      vertex 317.803 -360 52.9741
      vertex 317.026 -400 52.197
      vertex 317.803 -400 52.9741
    endloop
  endfacet
  facet normal 0.98782 0 -0.155598
    outer loop
      vertex 299.729 -400 62.1831
      vertex 299.558 -360 61.0975
      vertex 299.729 -360 62.1831
    endloop
  endfacet
  facet normal 0.98782 0 -0.155598
    outer loop
      vertex 299.558 -360 61.0975
      vertex 299.729 -400 62.1831
      vertex 299.558 -400 61.0975
    endloop
  endfacet
  facet normal 0.0522963 0 0.998632
    outer loop
      vertex 308.902 -360 49.5575
      vertex 310 -400 49.5
      vertex 310 -360 49.5
    endloop
  endfacet
  facet normal 0.0522963 0 0.998632
    outer loop
      vertex 310 -400 49.5
      vertex 308.902 -360 49.5575
      vertex 308.902 -400 49.5575
    endloop
  endfacet
  facet normal 0.707152 0 -0.707061
    outer loop
      vertex 302.974 -400 67.803
      vertex 302.197 -360 67.0259
      vertex 302.974 -360 67.803
    endloop
  endfacet
  facet normal 0.707152 0 -0.707061
    outer loop
      vertex 302.197 -360 67.0259
      vertex 302.974 -400 67.803
      vertex 302.197 -400 67.0259
    endloop
  endfacet
  facet normal -0.0522963 0 0.998632
    outer loop
      vertex 310 -360 49.5
      vertex 311.098 -400 49.5575
      vertex 311.098 -360 49.5575
    endloop
  endfacet
  facet normal -0.0522963 0 0.998632
    outer loop
      vertex 311.098 -400 49.5575
      vertex 310 -360 49.5
      vertex 310 -400 49.5
    endloop
  endfacet
  facet normal -0.998606 0 -0.0527737
    outer loop
      vertex 320.5 -400 60
      vertex 320.442 -360 61.0975
      vertex 320.5 -360 60
    endloop
  endfacet
  facet normal -0.998606 -0 -0.0527737
    outer loop
      vertex 320.442 -360 61.0975
      vertex 320.5 -400 60
      vertex 320.442 -400 61.0975
    endloop
  endfacet
  facet normal -0.0522963 0 -0.998632
    outer loop
      vertex 310 -400 70.5
      vertex 311.098 -360 70.4425
      vertex 311.098 -400 70.4425
    endloop
  endfacet
  facet normal -0.0522963 0 -0.998632
    outer loop
      vertex 311.098 -360 70.4425
      vertex 310 -400 70.5
      vertex 310 -360 70.5
    endloop
  endfacet
  facet normal -0.77702 0 -0.629476
    outer loop
      vertex 318.495 -400 66.1717
      vertex 317.803 -360 67.0259
      vertex 318.495 -360 66.1717
    endloop
  endfacet
  facet normal -0.77702 -0 -0.629476
    outer loop
      vertex 317.803 -360 67.0259
      vertex 318.495 -400 66.1717
      vertex 317.803 -400 67.0259
    endloop
  endfacet
  facet normal -0.454044 0 -0.890979
    outer loop
      vertex 314.271 -400 69.5922
      vertex 315.25 -360 69.0933
      vertex 315.25 -400 69.0933
    endloop
  endfacet
  facet normal -0.454044 0 -0.890979
    outer loop
      vertex 315.25 -360 69.0933
      vertex 314.271 -400 69.5922
      vertex 314.271 -360 69.5922
    endloop
  endfacet
  facet normal -0.6294 0 -0.777082
    outer loop
      vertex 316.172 -400 68.4947
      vertex 317.026 -360 67.803
      vertex 317.026 -400 67.803
    endloop
  endfacet
  facet normal -0.6294 0 -0.777082
    outer loop
      vertex 317.026 -360 67.803
      vertex 316.172 -400 68.4947
      vertex 316.172 -360 68.4947
    endloop
  endfacet
  facet normal 0.933533 0 -0.358491
    outer loop
      vertex 300.408 -400 64.2707
      vertex 300.014 -360 63.2447
      vertex 300.408 -360 64.2707
    endloop
  endfacet
  facet normal 0.933533 0 -0.358491
    outer loop
      vertex 300.014 -360 63.2447
      vertex 300.408 -400 64.2707
      vertex 300.014 -400 63.2447
    endloop
  endfacet
  facet normal -0.544541 0 -0.838734
    outer loop
      vertex 315.25 -400 69.0933
      vertex 316.172 -360 68.4947
      vertex 316.172 -400 68.4947
    endloop
  endfacet
  facet normal -0.544541 0 -0.838734
    outer loop
      vertex 316.172 -360 68.4947
      vertex 315.25 -400 69.0933
      vertex 315.25 -360 69.0933
    endloop
  endfacet
  facet normal -0.358412 0 -0.933564
    outer loop
      vertex 313.245 -400 69.9861
      vertex 314.271 -360 69.5922
      vertex 314.271 -400 69.5922
    endloop
  endfacet
  facet normal -0.358412 0 -0.933564
    outer loop
      vertex 314.271 -360 69.5922
      vertex 313.245 -400 69.9861
      vertex 313.245 -360 69.9861
    endloop
  endfacet
  facet normal -0.998606 0 0.0527737
    outer loop
      vertex 320.442 -400 58.9025
      vertex 320.5 -360 60
      vertex 320.442 -360 58.9025
    endloop
  endfacet
  facet normal -0.998606 0 0.0527737
    outer loop
      vertex 320.5 -360 60
      vertex 320.442 -400 58.9025
      vertex 320.5 -400 60
    endloop
  endfacet
  facet normal -0.9877 0 0.156363
    outer loop
      vertex 250.329 360 66.2717
      vertex 251.311 400 72.4747
      vertex 250.329 400 66.2717
    endloop
  endfacet
  facet normal -0.9877 0 0.156363
    outer loop
      vertex 251.311 400 72.4747
      vertex 250.329 360 66.2717
      vertex 251.311 360 72.4747
    endloop
  endfacet
  facet normal -0.9877 0 -0.156363
    outer loop
      vertex 251.311 360 47.5253
      vertex 250.329 400 53.7283
      vertex 251.311 400 47.5253
    endloop
  endfacet
  facet normal -0.9877 -0 -0.156363
    outer loop
      vertex 250.329 400 53.7283
      vertex 251.311 360 47.5253
      vertex 250.329 360 53.7283
    endloop
  endfacet
  facet normal -0.998627 0 -0.0523858
    outer loop
      vertex 250.329 360 53.7283
      vertex 250 400 60
      vertex 250.329 400 53.7283
    endloop
  endfacet
  facet normal -0.998627 -0 -0.0523858
    outer loop
      vertex 250 400 60
      vertex 250.329 360 53.7283
      vertex 250 360 60
    endloop
  endfacet
  facet normal -0.965904 0 -0.258899
    outer loop
      vertex 252.937 360 41.459
      vertex 251.311 400 47.5253
      vertex 252.937 400 41.459
    endloop
  endfacet
  facet normal -0.965904 -0 -0.258899
    outer loop
      vertex 251.311 400 47.5253
      vertex 252.937 360 41.459
      vertex 251.311 360 47.5253
    endloop
  endfacet
  facet normal -0.838634 0 -0.544696
    outer loop
      vertex 261.459 360 24.7329
      vertex 258.038 400 30
      vertex 261.459 400 24.7329
    endloop
  endfacet
  facet normal -0.838634 -0 -0.544696
    outer loop
      vertex 258.038 400 30
      vertex 261.459 360 24.7329
      vertex 258.038 360 30
    endloop
  endfacet
  facet normal -0.933616 0 -0.358275
    outer loop
      vertex 255.187 360 35.5958
      vertex 252.937 400 41.459
      vertex 255.187 400 35.5958
    endloop
  endfacet
  facet normal -0.933616 -0 -0.358275
    outer loop
      vertex 252.937 400 41.459
      vertex 255.187 360 35.5958
      vertex 252.937 360 41.459
    endloop
  endfacet
  facet normal 0.156434 0 -0.987688
    outer loop
      vertex 316.272 360 0.328687
      vertex 322.475 400 1.31114
      vertex 322.475 360 1.31114
    endloop
  endfacet
  facet normal 0.156434 0 -0.987688
    outer loop
      vertex 322.475 400 1.31114
      vertex 316.272 360 0.328687
      vertex 316.272 400 0.328687
    endloop
  endfacet
  facet normal 0.965904 -0 0.258899
    outer loop
      vertex 367.063 360 78.541
      vertex 368.689 400 72.4747
      vertex 367.063 400 78.541
    endloop
  endfacet
  facet normal 0.965904 0 0.258899
    outer loop
      vertex 368.689 400 72.4747
      vertex 367.063 360 78.541
      vertex 368.689 360 72.4747
    endloop
  endfacet
  facet normal 0.453952 0 0.891026
    outer loop
      vertex 334.404 400 114.813
      vertex 340 360 111.962
      vertex 340 400 111.962
    endloop
  endfacet
  facet normal 0.453952 0 0.891026
    outer loop
      vertex 340 360 111.962
      vertex 334.404 400 114.813
      vertex 334.404 360 114.813
    endloop
  endfacet
  facet normal -0.998627 0 0.0523858
    outer loop
      vertex 250 360 60
      vertex 250.329 400 66.2717
      vertex 250 400 60
    endloop
  endfacet
  facet normal -0.998627 0 0.0523858
    outer loop
      vertex 250.329 400 66.2717
      vertex 250 360 60
      vertex 250.329 360 66.2717
    endloop
  endfacet
  facet normal -0.258911 0 0.965901
    outer loop
      vertex 291.459 400 117.063
      vertex 297.525 360 118.689
      vertex 297.525 400 118.689
    endloop
  endfacet
  facet normal -0.258911 0 0.965901
    outer loop
      vertex 297.525 360 118.689
      vertex 291.459 400 117.063
      vertex 291.459 360 117.063
    endloop
  endfacet
  facet normal 0.629267 0 0.777189
    outer loop
      vertex 345.267 400 108.541
      vertex 350.148 360 104.589
      vertex 350.148 400 104.589
    endloop
  endfacet
  facet normal 0.629267 0 0.777189
    outer loop
      vertex 350.148 360 104.589
      vertex 345.267 400 108.541
      vertex 345.267 360 108.541
    endloop
  endfacet
  facet normal 0.707107 -0 0.707107
    outer loop
      vertex 350.148 360 104.589
      vertex 354.589 400 100.148
      vertex 350.148 400 104.589
    endloop
  endfacet
  facet normal 0.707107 0 0.707107
    outer loop
      vertex 354.589 400 100.148
      vertex 350.148 360 104.589
      vertex 354.589 360 100.148
    endloop
  endfacet
  facet normal 0.965904 0 -0.258899
    outer loop
      vertex 368.689 360 47.5253
      vertex 367.063 400 41.459
      vertex 368.689 400 47.5253
    endloop
  endfacet
  facet normal 0.965904 0 -0.258899
    outer loop
      vertex 367.063 400 41.459
      vertex 368.689 360 47.5253
      vertex 367.063 360 41.459
    endloop
  endfacet
  facet normal 0.544703 0 0.838629
    outer loop
      vertex 340 400 111.962
      vertex 345.267 360 108.541
      vertex 345.267 400 108.541
    endloop
  endfacet
  facet normal 0.544703 0 0.838629
    outer loop
      vertex 345.267 360 108.541
      vertex 340 400 111.962
      vertex 340 360 111.962
    endloop
  endfacet
  facet normal -0.156434 0 -0.987688
    outer loop
      vertex 297.525 360 1.31114
      vertex 303.728 400 0.328687
      vertex 303.728 360 0.328687
    endloop
  endfacet
  facet normal -0.156434 0 -0.987688
    outer loop
      vertex 303.728 400 0.328687
      vertex 297.525 360 1.31114
      vertex 297.525 400 1.31114
    endloop
  endfacet
  facet normal -0.544649 0 -0.838664
    outer loop
      vertex 274.733 360 11.459
      vertex 280 400 8.03848
      vertex 280 360 8.03848
    endloop
  endfacet
  facet normal -0.544649 0 -0.838664
    outer loop
      vertex 280 400 8.03848
      vertex 274.733 360 11.459
      vertex 274.733 400 11.459
    endloop
  endfacet
  facet normal -0.358285 0 0.933612
    outer loop
      vertex 285.596 400 114.813
      vertex 291.459 360 117.063
      vertex 291.459 400 117.063
    endloop
  endfacet
  facet normal -0.358285 0 0.933612
    outer loop
      vertex 291.459 360 117.063
      vertex 285.596 400 114.813
      vertex 285.596 360 114.813
    endloop
  endfacet
  facet normal 0.258832 0 -0.965922
    outer loop
      vertex 322.475 360 1.31114
      vertex 328.541 400 2.93661
      vertex 328.541 360 2.93661
    endloop
  endfacet
  facet normal 0.258832 0 -0.965922
    outer loop
      vertex 328.541 400 2.93661
      vertex 322.475 360 1.31114
      vertex 322.475 400 1.31114
    endloop
  endfacet
  facet normal -0.0523336 0 -0.99863
    outer loop
      vertex 303.728 360 0.328687
      vertex 310 400 0
      vertex 310 360 0
    endloop
  endfacet
  facet normal -0.0523336 0 -0.99863
    outer loop
      vertex 310 400 0
      vertex 303.728 360 0.328687
      vertex 303.728 400 0.328687
    endloop
  endfacet
  facet normal -0.358377 0 -0.933577
    outer loop
      vertex 285.596 360 5.18727
      vertex 291.459 400 2.93661
      vertex 291.459 360 2.93661
    endloop
  endfacet
  facet normal -0.358377 0 -0.933577
    outer loop
      vertex 291.459 400 2.93661
      vertex 285.596 360 5.18727
      vertex 285.596 400 5.18727
    endloop
  endfacet
  facet normal -0.965904 0 0.258899
    outer loop
      vertex 251.311 360 72.4747
      vertex 252.937 400 78.541
      vertex 251.311 400 72.4747
    endloop
  endfacet
  facet normal -0.965904 0 0.258899
    outer loop
      vertex 252.937 400 78.541
      vertex 251.311 360 72.4747
      vertex 252.937 360 78.541
    endloop
  endfacet
  facet normal -0.453979 0 -0.891013
    outer loop
      vertex 280 360 8.03848
      vertex 285.596 400 5.18727
      vertex 285.596 360 5.18727
    endloop
  endfacet
  facet normal -0.453979 0 -0.891013
    outer loop
      vertex 285.596 400 5.18727
      vertex 280 360 8.03848
      vertex 280 400 8.03848
    endloop
  endfacet
  facet normal 0.453979 0 -0.891013
    outer loop
      vertex 334.404 360 5.18727
      vertex 340 400 8.03848
      vertex 340 360 8.03848
    endloop
  endfacet
  facet normal 0.453979 0 -0.891013
    outer loop
      vertex 340 400 8.03848
      vertex 334.404 360 5.18727
      vertex 334.404 400 5.18727
    endloop
  endfacet
  facet normal -0.156363 0 0.9877
    outer loop
      vertex 297.525 400 118.689
      vertex 303.728 360 119.671
      vertex 303.728 400 119.671
    endloop
  endfacet
  facet normal -0.156363 0 0.9877
    outer loop
      vertex 303.728 360 119.671
      vertex 297.525 400 118.689
      vertex 297.525 360 118.689
    endloop
  endfacet
  facet normal 0.258911 0 0.965901
    outer loop
      vertex 322.475 400 118.689
      vertex 328.541 360 117.063
      vertex 328.541 400 117.063
    endloop
  endfacet
  facet normal 0.258911 0 0.965901
    outer loop
      vertex 328.541 360 117.063
      vertex 322.475 400 118.689
      vertex 322.475 360 118.689
    endloop
  endfacet
  facet normal -0.777183 0 0.629275
    outer loop
      vertex 261.459 360 95.2671
      vertex 265.411 400 100.148
      vertex 261.459 400 95.2671
    endloop
  endfacet
  facet normal -0.777183 0 0.629275
    outer loop
      vertex 265.411 400 100.148
      vertex 261.459 360 95.2671
      vertex 265.411 360 100.148
    endloop
  endfacet
  facet normal -0.629296 0 -0.777166
    outer loop
      vertex 269.852 360 15.4113
      vertex 274.733 400 11.459
      vertex 274.733 360 11.459
    endloop
  endfacet
  facet normal -0.629296 0 -0.777166
    outer loop
      vertex 274.733 400 11.459
      vertex 269.852 360 15.4113
      vertex 269.852 400 15.4113
    endloop
  endfacet
  facet normal -0.89102 0 0.453965
    outer loop
      vertex 255.187 360 84.4042
      vertex 258.038 400 90
      vertex 255.187 400 84.4042
    endloop
  endfacet
  facet normal -0.89102 0 0.453965
    outer loop
      vertex 258.038 400 90
      vertex 255.187 360 84.4042
      vertex 258.038 360 90
    endloop
  endfacet
  facet normal 0.707099 0 -0.707115
    outer loop
      vertex 350.148 360 15.4113
      vertex 354.589 400 19.8522
      vertex 354.589 360 19.8522
    endloop
  endfacet
  facet normal 0.707099 0 -0.707115
    outer loop
      vertex 354.589 400 19.8522
      vertex 350.148 360 15.4113
      vertex 350.148 400 15.4113
    endloop
  endfacet
  facet normal -0.0523833 0 0.998627
    outer loop
      vertex 303.728 400 119.671
      vertex 310 360 120
      vertex 310 400 120
    endloop
  endfacet
  facet normal -0.0523833 0 0.998627
    outer loop
      vertex 310 360 120
      vertex 303.728 400 119.671
      vertex 303.728 360 119.671
    endloop
  endfacet
  facet normal 0.358377 0 -0.933577
    outer loop
      vertex 328.541 360 2.93661
      vertex 334.404 400 5.18727
      vertex 334.404 360 5.18727
    endloop
  endfacet
  facet normal 0.358377 0 -0.933577
    outer loop
      vertex 334.404 400 5.18727
      vertex 328.541 360 2.93661
      vertex 328.541 400 2.93661
    endloop
  endfacet
  facet normal 0.0523336 0 -0.99863
    outer loop
      vertex 310 360 0
      vertex 316.272 400 0.328687
      vertex 316.272 360 0.328687
    endloop
  endfacet
  facet normal 0.0523336 0 -0.99863
    outer loop
      vertex 316.272 400 0.328687
      vertex 310 360 0
      vertex 310 400 0
    endloop
  endfacet
  facet normal -0.453952 0 0.891026
    outer loop
      vertex 280 400 111.962
      vertex 285.596 360 114.813
      vertex 285.596 400 114.813
    endloop
  endfacet
  facet normal -0.453952 0 0.891026
    outer loop
      vertex 285.596 360 114.813
      vertex 280 400 111.962
      vertex 280 360 111.962
    endloop
  endfacet
  facet normal 0.933616 0 -0.358275
    outer loop
      vertex 367.063 360 41.459
      vertex 364.813 400 35.5958
      vertex 367.063 400 41.459
    endloop
  endfacet
  facet normal 0.933616 0 -0.358275
    outer loop
      vertex 364.813 400 35.5958
      vertex 367.063 360 41.459
      vertex 364.813 360 35.5958
    endloop
  endfacet
  facet normal 0.89102 0 -0.453965
    outer loop
      vertex 364.813 360 35.5958
      vertex 361.962 400 30
      vertex 364.813 400 35.5958
    endloop
  endfacet
  facet normal 0.89102 0 -0.453965
    outer loop
      vertex 361.962 400 30
      vertex 364.813 360 35.5958
      vertex 361.962 360 30
    endloop
  endfacet
  facet normal -0.77717 0 -0.62929
    outer loop
      vertex 265.411 360 19.8522
      vertex 261.459 400 24.7329
      vertex 265.411 400 19.8522
    endloop
  endfacet
  facet normal -0.77717 -0 -0.62929
    outer loop
      vertex 261.459 400 24.7329
      vertex 265.411 360 19.8522
      vertex 261.459 360 24.7329
    endloop
  endfacet
  facet normal -0.258832 0 -0.965922
    outer loop
      vertex 291.459 360 2.93661
      vertex 297.525 400 1.31114
      vertex 297.525 360 1.31114
    endloop
  endfacet
  facet normal -0.258832 0 -0.965922
    outer loop
      vertex 297.525 400 1.31114
      vertex 291.459 360 2.93661
      vertex 291.459 400 2.93661
    endloop
  endfacet
  facet normal -0.838634 0 0.544696
    outer loop
      vertex 258.038 360 90
      vertex 261.459 400 95.2671
      vertex 258.038 400 90
    endloop
  endfacet
  facet normal -0.838634 0 0.544696
    outer loop
      vertex 261.459 400 95.2671
      vertex 258.038 360 90
      vertex 261.459 360 95.2671
    endloop
  endfacet
  facet normal 0.998627 -0 0.0523858
    outer loop
      vertex 369.671 360 66.2717
      vertex 370 400 60
      vertex 369.671 400 66.2717
    endloop
  endfacet
  facet normal 0.998627 0 0.0523858
    outer loop
      vertex 370 400 60
      vertex 369.671 360 66.2717
      vertex 370 360 60
    endloop
  endfacet
  facet normal 0 1 0
    outer loop
      vertex 310 400 70.5
      vertex 310 400 120
      vertex 316.272 400 119.671
    endloop
  endfacet
  facet normal 0 1 0
    outer loop
      vertex 311.098 400 70.4425
      vertex 316.272 400 119.671
      vertex 322.475 400 118.689
    endloop
  endfacet
  facet normal 0 1 0
    outer loop
      vertex 310 400 120
      vertex 310 400 70.5
      vertex 303.728 400 119.671
    endloop
  endfacet
  facet normal 0 1 0
    outer loop
      vertex 312.183 400 70.2706
      vertex 322.475 400 118.689
      vertex 328.541 400 117.063
    endloop
  endfacet
  facet normal 0 1 -0
    outer loop
      vertex 308.902 400 70.4425
      vertex 303.728 400 119.671
      vertex 310 400 70.5
    endloop
  endfacet
  facet normal 0 1 0
    outer loop
      vertex 313.245 400 69.9861
      vertex 328.541 400 117.063
      vertex 334.404 400 114.813
    endloop
  endfacet
  facet normal 0 1 0
    outer loop
      vertex 303.728 400 119.671
      vertex 308.902 400 70.4425
      vertex 297.525 400 118.689
    endloop
  endfacet
  facet normal 0 1 0
    outer loop
      vertex 314.271 400 69.5922
      vertex 334.404 400 114.813
      vertex 340 400 111.962
    endloop
  endfacet
  facet normal 0 1 -0
    outer loop
      vertex 307.817 400 70.2706
      vertex 297.525 400 118.689
      vertex 308.902 400 70.4425
    endloop
  endfacet
  facet normal 0 1 0
    outer loop
      vertex 315.25 400 69.0933
      vertex 340 400 111.962
      vertex 345.267 400 108.541
    endloop
  endfacet
  facet normal 0 1 0
    outer loop
      vertex 297.525 400 118.689
      vertex 307.817 400 70.2706
      vertex 291.459 400 117.063
    endloop
  endfacet
  facet normal 0 1 0
    outer loop
      vertex 316.172 400 68.4947
      vertex 345.267 400 108.541
      vertex 350.148 400 104.589
    endloop
  endfacet
  facet normal 0 1 -0
    outer loop
      vertex 306.755 400 69.9861
      vertex 291.459 400 117.063
      vertex 307.817 400 70.2706
    endloop
  endfacet
  facet normal 0 1 0
    outer loop
      vertex 317.026 400 67.803
      vertex 350.148 400 104.589
      vertex 354.589 400 100.148
    endloop
  endfacet
  facet normal 0 1 0
    outer loop
      vertex 291.459 400 117.063
      vertex 306.755 400 69.9861
      vertex 285.596 400 114.813
    endloop
  endfacet
  facet normal 0 1 0
    outer loop
      vertex 317.803 400 67.0259
      vertex 354.589 400 100.148
      vertex 358.541 400 95.2671
    endloop
  endfacet
  facet normal 0 1 -0
    outer loop
      vertex 305.729 400 69.5922
      vertex 285.596 400 114.813
      vertex 306.755 400 69.9861
    endloop
  endfacet
  facet normal 0 1 0
    outer loop
      vertex 318.495 400 66.1717
      vertex 358.541 400 95.2671
      vertex 361.962 400 90
    endloop
  endfacet
  facet normal 0 1 0
    outer loop
      vertex 285.596 400 114.813
      vertex 305.729 400 69.5922
      vertex 280 400 111.962
    endloop
  endfacet
  facet normal 0 1 0
    outer loop
      vertex 319.093 400 65.25
      vertex 361.962 400 90
      vertex 364.813 400 84.4042
    endloop
  endfacet
  facet normal 0 1 -0
    outer loop
      vertex 304.75 400 69.0933
      vertex 280 400 111.962
      vertex 305.729 400 69.5922
    endloop
  endfacet
  facet normal 0 1 0
    outer loop
      vertex 319.592 400 64.2707
      vertex 364.813 400 84.4042
      vertex 367.063 400 78.541
    endloop
  endfacet
  facet normal 0 1 0
    outer loop
      vertex 280 400 111.962
      vertex 304.75 400 69.0933
      vertex 274.733 400 108.541
    endloop
  endfacet
  facet normal 0 1 0
    outer loop
      vertex 319.986 400 63.2447
      vertex 367.063 400 78.541
      vertex 368.689 400 72.4747
    endloop
  endfacet
  facet normal 0 1 -0
    outer loop
      vertex 303.828 400 68.4947
      vertex 274.733 400 108.541
      vertex 304.75 400 69.0933
    endloop
  endfacet
  facet normal 0 1 0
    outer loop
      vertex 274.733 400 108.541
      vertex 303.828 400 68.4947
      vertex 269.852 400 104.589
    endloop
  endfacet
  facet normal 0 1 0
    outer loop
      vertex 316.272 400 119.671
      vertex 311.098 400 70.4425
      vertex 310 400 70.5
    endloop
  endfacet
  facet normal 0 1 0
    outer loop
      vertex 322.475 400 118.689
      vertex 312.183 400 70.2706
      vertex 311.098 400 70.4425
    endloop
  endfacet
  facet normal 0 1 0
    outer loop
      vertex 328.541 400 117.063
      vertex 313.245 400 69.9861
      vertex 312.183 400 70.2706
    endloop
  endfacet
  facet normal 0 1 0
    outer loop
      vertex 334.404 400 114.813
      vertex 314.271 400 69.5922
      vertex 313.245 400 69.9861
    endloop
  endfacet
  facet normal 0 1 0
    outer loop
      vertex 340 400 111.962
      vertex 315.25 400 69.0933
      vertex 314.271 400 69.5922
    endloop
  endfacet
  facet normal 0 1 0
    outer loop
      vertex 345.267 400 108.541
      vertex 316.172 400 68.4947
      vertex 315.25 400 69.0933
    endloop
  endfacet
  facet normal 0 1 0
    outer loop
      vertex 350.148 400 104.589
      vertex 317.026 400 67.803
      vertex 316.172 400 68.4947
    endloop
  endfacet
  facet normal 0 1 0
    outer loop
      vertex 354.589 400 100.148
      vertex 317.803 400 67.0259
      vertex 317.026 400 67.803
    endloop
  endfacet
  facet normal 0 1 0
    outer loop
      vertex 320.271 400 62.1831
      vertex 368.689 400 72.4747
      vertex 369.671 400 66.2717
    endloop
  endfacet
  facet normal 0 1 0
    outer loop
      vertex 358.541 400 95.2671
      vertex 318.495 400 66.1717
      vertex 317.803 400 67.0259
    endloop
  endfacet
  facet normal 0 1 0
    outer loop
      vertex 361.962 400 90
      vertex 319.093 400 65.25
      vertex 318.495 400 66.1717
    endloop
  endfacet
  facet normal 0 1 0
    outer loop
      vertex 364.813 400 84.4042
      vertex 319.592 400 64.2707
      vertex 319.093 400 65.25
    endloop
  endfacet
  facet normal 0 1 0
    outer loop
      vertex 367.063 400 78.541
      vertex 319.986 400 63.2447
      vertex 319.592 400 64.2707
    endloop
  endfacet
  facet normal 0 1 0
    outer loop
      vertex 368.689 400 72.4747
      vertex 320.271 400 62.1831
      vertex 319.986 400 63.2447
    endloop
  endfacet
  facet normal 0 1 0
    outer loop
      vertex 369.671 400 66.2717
      vertex 320.442 400 61.0975
      vertex 320.271 400 62.1831
    endloop
  endfacet
  facet normal 0 1 0
    outer loop
      vertex 370 400 60
      vertex 320.442 400 61.0975
      vertex 369.671 400 66.2717
    endloop
  endfacet
  facet normal 0 1 0
    outer loop
      vertex 370 400 60
      vertex 320.5 400 60
      vertex 320.442 400 61.0975
    endloop
  endfacet
  facet normal 0 1 0
    outer loop
      vertex 370 400 60
      vertex 320.442 400 58.9025
      vertex 320.5 400 60
    endloop
  endfacet
  facet normal 0 1 -0
    outer loop
      vertex 369.671 400 53.7283
      vertex 320.442 400 58.9025
      vertex 370 400 60
    endloop
  endfacet
  facet normal 0 1 0
    outer loop
      vertex 320.442 400 58.9025
      vertex 369.671 400 53.7283
      vertex 320.271 400 57.8169
    endloop
  endfacet
  facet normal 0 1 -0
    outer loop
      vertex 368.689 400 47.5253
      vertex 320.271 400 57.8169
      vertex 369.671 400 53.7283
    endloop
  endfacet
  facet normal 0 1 0
    outer loop
      vertex 320.271 400 57.8169
      vertex 368.689 400 47.5253
      vertex 319.986 400 56.7553
    endloop
  endfacet
  facet normal 0 1 -0
    outer loop
      vertex 367.063 400 41.459
      vertex 319.986 400 56.7553
      vertex 368.689 400 47.5253
    endloop
  endfacet
  facet normal 0 1 0
    outer loop
      vertex 319.986 400 56.7553
      vertex 367.063 400 41.459
      vertex 319.592 400 55.7293
    endloop
  endfacet
  facet normal 0 1 -0
    outer loop
      vertex 364.813 400 35.5958
      vertex 319.592 400 55.7293
      vertex 367.063 400 41.459
    endloop
  endfacet
  facet normal 0 1 0
    outer loop
      vertex 319.592 400 55.7293
      vertex 364.813 400 35.5958
      vertex 319.093 400 54.75
    endloop
  endfacet
  facet normal 0 1 -0
    outer loop
      vertex 361.962 400 30
      vertex 319.093 400 54.75
      vertex 364.813 400 35.5958
    endloop
  endfacet
  facet normal 0 1 0
    outer loop
      vertex 319.093 400 54.75
      vertex 361.962 400 30
      vertex 318.495 400 53.8283
    endloop
  endfacet
  facet normal 0 1 -0
    outer loop
      vertex 358.541 400 24.7329
      vertex 318.495 400 53.8283
      vertex 361.962 400 30
    endloop
  endfacet
  facet normal 0 1 0
    outer loop
      vertex 318.495 400 53.8283
      vertex 358.541 400 24.7329
      vertex 317.803 400 52.9741
    endloop
  endfacet
  facet normal 0 1 -0
    outer loop
      vertex 354.589 400 19.8522
      vertex 317.803 400 52.9741
      vertex 358.541 400 24.7329
    endloop
  endfacet
  facet normal 0 1 0
    outer loop
      vertex 317.803 400 52.9741
      vertex 354.589 400 19.8522
      vertex 317.026 400 52.197
    endloop
  endfacet
  facet normal 0 1 0
    outer loop
      vertex 317.026 400 52.197
      vertex 350.148 400 15.4113
      vertex 316.172 400 51.5053
    endloop
  endfacet
  facet normal 0 1 -0
    outer loop
      vertex 350.148 400 15.4113
      vertex 317.026 400 52.197
      vertex 354.589 400 19.8522
    endloop
  endfacet
  facet normal 0 1 -0
    outer loop
      vertex 302.974 400 67.803
      vertex 269.852 400 104.589
      vertex 303.828 400 68.4947
    endloop
  endfacet
  facet normal 0 1 0
    outer loop
      vertex 269.852 400 104.589
      vertex 302.974 400 67.803
      vertex 265.411 400 100.148
    endloop
  endfacet
  facet normal 0 1 -0
    outer loop
      vertex 302.197 400 67.0259
      vertex 265.411 400 100.148
      vertex 302.974 400 67.803
    endloop
  endfacet
  facet normal 0 1 0
    outer loop
      vertex 265.411 400 100.148
      vertex 302.197 400 67.0259
      vertex 261.459 400 95.2671
    endloop
  endfacet
  facet normal 0 1 -0
    outer loop
      vertex 301.505 400 66.1717
      vertex 261.459 400 95.2671
      vertex 302.197 400 67.0259
    endloop
  endfacet
  facet normal 0 1 0
    outer loop
      vertex 261.459 400 95.2671
      vertex 301.505 400 66.1717
      vertex 258.038 400 90
    endloop
  endfacet
  facet normal 0 1 -0
    outer loop
      vertex 300.907 400 65.25
      vertex 258.038 400 90
      vertex 301.505 400 66.1717
    endloop
  endfacet
  facet normal 0 1 0
    outer loop
      vertex 258.038 400 90
      vertex 300.907 400 65.25
      vertex 255.187 400 84.4042
    endloop
  endfacet
  facet normal 0 1 -0
    outer loop
      vertex 300.408 400 64.2707
      vertex 255.187 400 84.4042
      vertex 300.907 400 65.25
    endloop
  endfacet
  facet normal 0 1 0
    outer loop
      vertex 255.187 400 84.4042
      vertex 300.408 400 64.2707
      vertex 252.937 400 78.541
    endloop
  endfacet
  facet normal 0 1 -0
    outer loop
      vertex 300.014 400 63.2447
      vertex 252.937 400 78.541
      vertex 300.408 400 64.2707
    endloop
  endfacet
  facet normal 0 1 0
    outer loop
      vertex 252.937 400 78.541
      vertex 300.014 400 63.2447
      vertex 251.311 400 72.4747
    endloop
  endfacet
  facet normal 0 1 -0
    outer loop
      vertex 299.729 400 62.1831
      vertex 251.311 400 72.4747
      vertex 300.014 400 63.2447
    endloop
  endfacet
  facet normal 0 1 0
    outer loop
      vertex 251.311 400 72.4747
      vertex 299.729 400 62.1831
      vertex 250.329 400 66.2717
    endloop
  endfacet
  facet normal 0 1 -0
    outer loop
      vertex 299.558 400 61.0975
      vertex 250.329 400 66.2717
      vertex 299.729 400 62.1831
    endloop
  endfacet
  facet normal 0 1 -0
    outer loop
      vertex 299.5 400 60
      vertex 250.329 400 66.2717
      vertex 299.558 400 61.0975
    endloop
  endfacet
  facet normal 0 1 0
    outer loop
      vertex 299.5 400 60
      vertex 250 400 60
      vertex 250.329 400 66.2717
    endloop
  endfacet
  facet normal 0 1 0
    outer loop
      vertex 299.558 400 58.9025
      vertex 250 400 60
      vertex 299.5 400 60
    endloop
  endfacet
  facet normal 0 1 0
    outer loop
      vertex 250.329 400 53.7283
      vertex 299.558 400 58.9025
      vertex 299.729 400 57.8169
    endloop
  endfacet
  facet normal 0 1 0
    outer loop
      vertex 251.311 400 47.5253
      vertex 299.729 400 57.8169
      vertex 300.014 400 56.7553
    endloop
  endfacet
  facet normal 0 1 0
    outer loop
      vertex 252.937 400 41.459
      vertex 300.014 400 56.7553
      vertex 300.408 400 55.7293
    endloop
  endfacet
  facet normal 0 1 0
    outer loop
      vertex 255.187 400 35.5958
      vertex 300.408 400 55.7293
      vertex 300.907 400 54.75
    endloop
  endfacet
  facet normal 0 1 0
    outer loop
      vertex 258.038 400 30
      vertex 300.907 400 54.75
      vertex 301.505 400 53.8283
    endloop
  endfacet
  facet normal 0 1 0
    outer loop
      vertex 299.558 400 58.9025
      vertex 250.329 400 53.7283
      vertex 250 400 60
    endloop
  endfacet
  facet normal 0 1 0
    outer loop
      vertex 261.459 400 24.7329
      vertex 301.505 400 53.8283
      vertex 302.197 400 52.9741
    endloop
  endfacet
  facet normal 0 1 0
    outer loop
      vertex 265.411 400 19.8522
      vertex 302.197 400 52.9741
      vertex 302.974 400 52.197
    endloop
  endfacet
  facet normal 0 1 0
    outer loop
      vertex 269.852 400 15.4113
      vertex 302.974 400 52.197
      vertex 303.828 400 51.5053
    endloop
  endfacet
  facet normal 0 1 0
    outer loop
      vertex 274.733 400 11.459
      vertex 303.828 400 51.5053
      vertex 304.75 400 50.9067
    endloop
  endfacet
  facet normal 0 1 0
    outer loop
      vertex 280 400 8.03848
      vertex 304.75 400 50.9067
      vertex 305.729 400 50.4078
    endloop
  endfacet
  facet normal 0 1 0
    outer loop
      vertex 285.596 400 5.18727
      vertex 305.729 400 50.4078
      vertex 306.755 400 50.0139
    endloop
  endfacet
  facet normal 0 1 0
    outer loop
      vertex 291.459 400 2.93661
      vertex 306.755 400 50.0139
      vertex 307.817 400 49.7295
    endloop
  endfacet
  facet normal 0 1 0
    outer loop
      vertex 297.525 400 1.31114
      vertex 307.817 400 49.7295
      vertex 308.902 400 49.5575
    endloop
  endfacet
  facet normal 0 1 0
    outer loop
      vertex 299.729 400 57.8169
      vertex 251.311 400 47.5253
      vertex 250.329 400 53.7283
    endloop
  endfacet
  facet normal 0 1 0
    outer loop
      vertex 303.728 400 0.328687
      vertex 308.902 400 49.5575
      vertex 310 400 49.5
    endloop
  endfacet
  facet normal 0 1 -0
    outer loop
      vertex 345.267 400 11.459
      vertex 316.172 400 51.5053
      vertex 350.148 400 15.4113
    endloop
  endfacet
  facet normal 0 1 0
    outer loop
      vertex 316.172 400 51.5053
      vertex 345.267 400 11.459
      vertex 315.25 400 50.9067
    endloop
  endfacet
  facet normal 0 1 0
    outer loop
      vertex 300.014 400 56.7553
      vertex 252.937 400 41.459
      vertex 251.311 400 47.5253
    endloop
  endfacet
  facet normal 0 1 -0
    outer loop
      vertex 340 400 8.03848
      vertex 315.25 400 50.9067
      vertex 345.267 400 11.459
    endloop
  endfacet
  facet normal 0 1 0
    outer loop
      vertex 300.408 400 55.7293
      vertex 255.187 400 35.5958
      vertex 252.937 400 41.459
    endloop
  endfacet
  facet normal 0 1 0
    outer loop
      vertex 315.25 400 50.9067
      vertex 340 400 8.03848
      vertex 314.271 400 50.4078
    endloop
  endfacet
  facet normal 0 1 0
    outer loop
      vertex 300.907 400 54.75
      vertex 258.038 400 30
      vertex 255.187 400 35.5958
    endloop
  endfacet
  facet normal 0 1 -0
    outer loop
      vertex 334.404 400 5.18727
      vertex 314.271 400 50.4078
      vertex 340 400 8.03848
    endloop
  endfacet
  facet normal 0 1 0
    outer loop
      vertex 301.505 400 53.8283
      vertex 261.459 400 24.7329
      vertex 258.038 400 30
    endloop
  endfacet
  facet normal 0 1 0
    outer loop
      vertex 314.271 400 50.4078
      vertex 334.404 400 5.18727
      vertex 313.245 400 50.0139
    endloop
  endfacet
  facet normal 0 1 0
    outer loop
      vertex 302.197 400 52.9741
      vertex 265.411 400 19.8522
      vertex 261.459 400 24.7329
    endloop
  endfacet
  facet normal 0 1 -0
    outer loop
      vertex 328.541 400 2.93661
      vertex 313.245 400 50.0139
      vertex 334.404 400 5.18727
    endloop
  endfacet
  facet normal 0 1 0
    outer loop
      vertex 302.974 400 52.197
      vertex 269.852 400 15.4113
      vertex 265.411 400 19.8522
    endloop
  endfacet
  facet normal 0 1 0
    outer loop
      vertex 313.245 400 50.0139
      vertex 328.541 400 2.93661
      vertex 312.183 400 49.7295
    endloop
  endfacet
  facet normal 0 1 0
    outer loop
      vertex 303.828 400 51.5053
      vertex 274.733 400 11.459
      vertex 269.852 400 15.4113
    endloop
  endfacet
  facet normal 0 1 -0
    outer loop
      vertex 322.475 400 1.31114
      vertex 312.183 400 49.7295
      vertex 328.541 400 2.93661
    endloop
  endfacet
  facet normal 0 1 0
    outer loop
      vertex 304.75 400 50.9067
      vertex 280 400 8.03848
      vertex 274.733 400 11.459
    endloop
  endfacet
  facet normal 0 1 0
    outer loop
      vertex 312.183 400 49.7295
      vertex 322.475 400 1.31114
      vertex 311.098 400 49.5575
    endloop
  endfacet
  facet normal 0 1 0
    outer loop
      vertex 305.729 400 50.4078
      vertex 285.596 400 5.18727
      vertex 280 400 8.03848
    endloop
  endfacet
  facet normal 0 1 -0
    outer loop
      vertex 316.272 400 0.328687
      vertex 311.098 400 49.5575
      vertex 322.475 400 1.31114
    endloop
  endfacet
  facet normal 0 1 0
    outer loop
      vertex 306.755 400 50.0139
      vertex 291.459 400 2.93661
      vertex 285.596 400 5.18727
    endloop
  endfacet
  facet normal 0 1 0
    outer loop
      vertex 311.098 400 49.5575
      vertex 316.272 400 0.328687
      vertex 310 400 49.5
    endloop
  endfacet
  facet normal 0 1 0
    outer loop
      vertex 307.817 400 49.7295
      vertex 297.525 400 1.31114
      vertex 291.459 400 2.93661
    endloop
  endfacet
  facet normal 0 1 0
    outer loop
      vertex 310 400 0
      vertex 310 400 49.5
      vertex 316.272 400 0.328687
    endloop
  endfacet
  facet normal 0 1 0
    outer loop
      vertex 308.902 400 49.5575
      vertex 303.728 400 0.328687
      vertex 297.525 400 1.31114
    endloop
  endfacet
  facet normal 0 1 0
    outer loop
      vertex 310 400 49.5
      vertex 310 400 0
      vertex 303.728 400 0.328687
    endloop
  endfacet
  facet normal -0.707099 0 -0.707115
    outer loop
      vertex 265.411 360 19.8522
      vertex 269.852 400 15.4113
      vertex 269.852 360 15.4113
    endloop
  endfacet
  facet normal -0.707099 0 -0.707115
    outer loop
      vertex 269.852 400 15.4113
      vertex 265.411 360 19.8522
      vertex 265.411 400 19.8522
    endloop
  endfacet
  facet normal -0.89102 0 -0.453965
    outer loop
      vertex 258.038 360 30
      vertex 255.187 400 35.5958
      vertex 258.038 400 30
    endloop
  endfacet
  facet normal -0.89102 -0 -0.453965
    outer loop
      vertex 255.187 400 35.5958
      vertex 258.038 360 30
      vertex 255.187 360 35.5958
    endloop
  endfacet
  facet normal 0.838634 0 -0.544696
    outer loop
      vertex 361.962 360 30
      vertex 358.541 400 24.7329
      vertex 361.962 400 30
    endloop
  endfacet
  facet normal 0.838634 0 -0.544696
    outer loop
      vertex 358.541 400 24.7329
      vertex 361.962 360 30
      vertex 358.541 360 24.7329
    endloop
  endfacet
  facet normal 0.9877 0 -0.156363
    outer loop
      vertex 369.671 360 53.7283
      vertex 368.689 400 47.5253
      vertex 369.671 400 53.7283
    endloop
  endfacet
  facet normal 0.9877 0 -0.156363
    outer loop
      vertex 368.689 400 47.5253
      vertex 369.671 360 53.7283
      vertex 368.689 360 47.5253
    endloop
  endfacet
  facet normal 0 -1 0
    outer loop
      vertex 310 360 70.5
      vertex 310 360 120
      vertex 303.728 360 119.671
    endloop
  endfacet
  facet normal 0 -1 0
    outer loop
      vertex 308.902 360 70.4425
      vertex 303.728 360 119.671
      vertex 297.525 360 118.689
    endloop
  endfacet
  facet normal 0 -1 0
    outer loop
      vertex 310 360 120
      vertex 310 360 70.5
      vertex 316.272 360 119.671
    endloop
  endfacet
  facet normal 0 -1 0
    outer loop
      vertex 307.817 360 70.2706
      vertex 297.525 360 118.689
      vertex 291.459 360 117.063
    endloop
  endfacet
  facet normal 0 -1 0
    outer loop
      vertex 311.098 360 70.4425
      vertex 316.272 360 119.671
      vertex 310 360 70.5
    endloop
  endfacet
  facet normal 0 -1 0
    outer loop
      vertex 306.755 360 69.9861
      vertex 291.459 360 117.063
      vertex 285.596 360 114.813
    endloop
  endfacet
  facet normal 0 -1 -0
    outer loop
      vertex 316.272 360 119.671
      vertex 311.098 360 70.4425
      vertex 322.475 360 118.689
    endloop
  endfacet
  facet normal 0 -1 0
    outer loop
      vertex 305.729 360 69.5922
      vertex 285.596 360 114.813
      vertex 280 360 111.962
    endloop
  endfacet
  facet normal 0 -1 0
    outer loop
      vertex 312.183 360 70.2706
      vertex 322.475 360 118.689
      vertex 311.098 360 70.4425
    endloop
  endfacet
  facet normal 0 -1 0
    outer loop
      vertex 304.75 360 69.0933
      vertex 280 360 111.962
      vertex 274.733 360 108.541
    endloop
  endfacet
  facet normal 0 -1 -0
    outer loop
      vertex 322.475 360 118.689
      vertex 312.183 360 70.2706
      vertex 328.541 360 117.063
    endloop
  endfacet
  facet normal 0 -1 0
    outer loop
      vertex 303.828 360 68.4947
      vertex 274.733 360 108.541
      vertex 269.852 360 104.589
    endloop
  endfacet
  facet normal 0 -1 0
    outer loop
      vertex 313.245 360 69.9861
      vertex 328.541 360 117.063
      vertex 312.183 360 70.2706
    endloop
  endfacet
  facet normal 0 -1 0
    outer loop
      vertex 302.974 360 67.803
      vertex 269.852 360 104.589
      vertex 265.411 360 100.148
    endloop
  endfacet
  facet normal 0 -1 -0
    outer loop
      vertex 328.541 360 117.063
      vertex 313.245 360 69.9861
      vertex 334.404 360 114.813
    endloop
  endfacet
  facet normal 0 -1 0
    outer loop
      vertex 302.197 360 67.0259
      vertex 265.411 360 100.148
      vertex 261.459 360 95.2671
    endloop
  endfacet
  facet normal 0 -1 0
    outer loop
      vertex 314.271 360 69.5922
      vertex 334.404 360 114.813
      vertex 313.245 360 69.9861
    endloop
  endfacet
  facet normal 0 -1 0
    outer loop
      vertex 301.505 360 66.1717
      vertex 261.459 360 95.2671
      vertex 258.038 360 90
    endloop
  endfacet
  facet normal 0 -1 -0
    outer loop
      vertex 334.404 360 114.813
      vertex 314.271 360 69.5922
      vertex 340 360 111.962
    endloop
  endfacet
  facet normal 0 -1 0
    outer loop
      vertex 300.907 360 65.25
      vertex 258.038 360 90
      vertex 255.187 360 84.4042
    endloop
  endfacet
  facet normal 0 -1 0
    outer loop
      vertex 315.25 360 69.0933
      vertex 340 360 111.962
      vertex 314.271 360 69.5922
    endloop
  endfacet
  facet normal 0 -1 0
    outer loop
      vertex 300.408 360 64.2707
      vertex 255.187 360 84.4042
      vertex 252.937 360 78.541
    endloop
  endfacet
  facet normal 0 -1 -0
    outer loop
      vertex 340 360 111.962
      vertex 315.25 360 69.0933
      vertex 345.267 360 108.541
    endloop
  endfacet
  facet normal 0 -1 0
    outer loop
      vertex 300.014 360 63.2447
      vertex 252.937 360 78.541
      vertex 251.311 360 72.4747
    endloop
  endfacet
  facet normal 0 -1 0
    outer loop
      vertex 316.172 360 68.4947
      vertex 345.267 360 108.541
      vertex 315.25 360 69.0933
    endloop
  endfacet
  facet normal 0 -1 -0
    outer loop
      vertex 345.267 360 108.541
      vertex 316.172 360 68.4947
      vertex 350.148 360 104.589
    endloop
  endfacet
  facet normal 0 -1 0
    outer loop
      vertex 303.728 360 119.671
      vertex 308.902 360 70.4425
      vertex 310 360 70.5
    endloop
  endfacet
  facet normal 0 -1 0
    outer loop
      vertex 297.525 360 118.689
      vertex 307.817 360 70.2706
      vertex 308.902 360 70.4425
    endloop
  endfacet
  facet normal 0 -1 0
    outer loop
      vertex 291.459 360 117.063
      vertex 306.755 360 69.9861
      vertex 307.817 360 70.2706
    endloop
  endfacet
  facet normal 0 -1 0
    outer loop
      vertex 285.596 360 114.813
      vertex 305.729 360 69.5922
      vertex 306.755 360 69.9861
    endloop
  endfacet
  facet normal 0 -1 0
    outer loop
      vertex 280 360 111.962
      vertex 304.75 360 69.0933
      vertex 305.729 360 69.5922
    endloop
  endfacet
  facet normal 0 -1 0
    outer loop
      vertex 274.733 360 108.541
      vertex 303.828 360 68.4947
      vertex 304.75 360 69.0933
    endloop
  endfacet
  facet normal 0 -1 0
    outer loop
      vertex 269.852 360 104.589
      vertex 302.974 360 67.803
      vertex 303.828 360 68.4947
    endloop
  endfacet
  facet normal 0 -1 0
    outer loop
      vertex 265.411 360 100.148
      vertex 302.197 360 67.0259
      vertex 302.974 360 67.803
    endloop
  endfacet
  facet normal 0 -1 0
    outer loop
      vertex 299.729 360 62.1831
      vertex 251.311 360 72.4747
      vertex 250.329 360 66.2717
    endloop
  endfacet
  facet normal 0 -1 0
    outer loop
      vertex 261.459 360 95.2671
      vertex 301.505 360 66.1717
      vertex 302.197 360 67.0259
    endloop
  endfacet
  facet normal 0 -1 0
    outer loop
      vertex 258.038 360 90
      vertex 300.907 360 65.25
      vertex 301.505 360 66.1717
    endloop
  endfacet
  facet normal 0 -1 0
    outer loop
      vertex 255.187 360 84.4042
      vertex 300.408 360 64.2707
      vertex 300.907 360 65.25
    endloop
  endfacet
  facet normal 0 -1 0
    outer loop
      vertex 252.937 360 78.541
      vertex 300.014 360 63.2447
      vertex 300.408 360 64.2707
    endloop
  endfacet
  facet normal 0 -1 0
    outer loop
      vertex 251.311 360 72.4747
      vertex 299.729 360 62.1831
      vertex 300.014 360 63.2447
    endloop
  endfacet
  facet normal 0 -1 0
    outer loop
      vertex 250.329 360 66.2717
      vertex 299.558 360 61.0975
      vertex 299.729 360 62.1831
    endloop
  endfacet
  facet normal 0 -1 0
    outer loop
      vertex 250 360 60
      vertex 299.558 360 61.0975
      vertex 250.329 360 66.2717
    endloop
  endfacet
  facet normal 0 -1 0
    outer loop
      vertex 250 360 60
      vertex 299.5 360 60
      vertex 299.558 360 61.0975
    endloop
  endfacet
  facet normal 0 -1 0
    outer loop
      vertex 250 360 60
      vertex 299.558 360 58.9025
      vertex 299.5 360 60
    endloop
  endfacet
  facet normal 0 -1 0
    outer loop
      vertex 250.329 360 53.7283
      vertex 299.558 360 58.9025
      vertex 250 360 60
    endloop
  endfacet
  facet normal 0 -1 -0
    outer loop
      vertex 299.558 360 58.9025
      vertex 250.329 360 53.7283
      vertex 299.729 360 57.8169
    endloop
  endfacet
  facet normal 0 -1 0
    outer loop
      vertex 251.311 360 47.5253
      vertex 299.729 360 57.8169
      vertex 250.329 360 53.7283
    endloop
  endfacet
  facet normal 0 -1 -0
    outer loop
      vertex 299.729 360 57.8169
      vertex 251.311 360 47.5253
      vertex 300.014 360 56.7553
    endloop
  endfacet
  facet normal 0 -1 0
    outer loop
      vertex 252.937 360 41.459
      vertex 300.014 360 56.7553
      vertex 251.311 360 47.5253
    endloop
  endfacet
  facet normal 0 -1 -0
    outer loop
      vertex 300.014 360 56.7553
      vertex 252.937 360 41.459
      vertex 300.408 360 55.7293
    endloop
  endfacet
  facet normal 0 -1 0
    outer loop
      vertex 255.187 360 35.5958
      vertex 300.408 360 55.7293
      vertex 252.937 360 41.459
    endloop
  endfacet
  facet normal 0 -1 -0
    outer loop
      vertex 300.408 360 55.7293
      vertex 255.187 360 35.5958
      vertex 300.907 360 54.75
    endloop
  endfacet
  facet normal 0 -1 0
    outer loop
      vertex 258.038 360 30
      vertex 300.907 360 54.75
      vertex 255.187 360 35.5958
    endloop
  endfacet
  facet normal 0 -1 -0
    outer loop
      vertex 300.907 360 54.75
      vertex 258.038 360 30
      vertex 301.505 360 53.8283
    endloop
  endfacet
  facet normal 0 -1 0
    outer loop
      vertex 261.459 360 24.7329
      vertex 301.505 360 53.8283
      vertex 258.038 360 30
    endloop
  endfacet
  facet normal 0 -1 -0
    outer loop
      vertex 301.505 360 53.8283
      vertex 261.459 360 24.7329
      vertex 302.197 360 52.9741
    endloop
  endfacet
  facet normal 0 -1 0
    outer loop
      vertex 265.411 360 19.8522
      vertex 302.197 360 52.9741
      vertex 261.459 360 24.7329
    endloop
  endfacet
  facet normal 0 -1 -0
    outer loop
      vertex 302.197 360 52.9741
      vertex 265.411 360 19.8522
      vertex 302.974 360 52.197
    endloop
  endfacet
  facet normal 0 -1 -0
    outer loop
      vertex 302.974 360 52.197
      vertex 269.852 360 15.4113
      vertex 303.828 360 51.5053
    endloop
  endfacet
  facet normal 0 -1 0
    outer loop
      vertex 269.852 360 15.4113
      vertex 302.974 360 52.197
      vertex 265.411 360 19.8522
    endloop
  endfacet
  facet normal 0 -1 0
    outer loop
      vertex 317.026 360 67.803
      vertex 350.148 360 104.589
      vertex 316.172 360 68.4947
    endloop
  endfacet
  facet normal 0 -1 -0
    outer loop
      vertex 350.148 360 104.589
      vertex 317.026 360 67.803
      vertex 354.589 360 100.148
    endloop
  endfacet
  facet normal 0 -1 0
    outer loop
      vertex 317.803 360 67.0259
      vertex 354.589 360 100.148
      vertex 317.026 360 67.803
    endloop
  endfacet
  facet normal 0 -1 -0
    outer loop
      vertex 354.589 360 100.148
      vertex 317.803 360 67.0259
      vertex 358.541 360 95.2671
    endloop
  endfacet
  facet normal 0 -1 0
    outer loop
      vertex 318.495 360 66.1717
      vertex 358.541 360 95.2671
      vertex 317.803 360 67.0259
    endloop
  endfacet
  facet normal 0 -1 -0
    outer loop
      vertex 358.541 360 95.2671
      vertex 318.495 360 66.1717
      vertex 361.962 360 90
    endloop
  endfacet
  facet normal 0 -1 0
    outer loop
      vertex 319.093 360 65.25
      vertex 361.962 360 90
      vertex 318.495 360 66.1717
    endloop
  endfacet
  facet normal 0 -1 -0
    outer loop
      vertex 361.962 360 90
      vertex 319.093 360 65.25
      vertex 364.813 360 84.4042
    endloop
  endfacet
  facet normal 0 -1 0
    outer loop
      vertex 319.592 360 64.2707
      vertex 364.813 360 84.4042
      vertex 319.093 360 65.25
    endloop
  endfacet
  facet normal 0 -1 -0
    outer loop
      vertex 364.813 360 84.4042
      vertex 319.592 360 64.2707
      vertex 367.063 360 78.541
    endloop
  endfacet
  facet normal 0 -1 0
    outer loop
      vertex 319.986 360 63.2447
      vertex 367.063 360 78.541
      vertex 319.592 360 64.2707
    endloop
  endfacet
  facet normal 0 -1 -0
    outer loop
      vertex 367.063 360 78.541
      vertex 319.986 360 63.2447
      vertex 368.689 360 72.4747
    endloop
  endfacet
  facet normal 0 -1 0
    outer loop
      vertex 320.271 360 62.1831
      vertex 368.689 360 72.4747
      vertex 319.986 360 63.2447
    endloop
  endfacet
  facet normal 0 -1 -0
    outer loop
      vertex 368.689 360 72.4747
      vertex 320.271 360 62.1831
      vertex 369.671 360 66.2717
    endloop
  endfacet
  facet normal 0 -1 0
    outer loop
      vertex 320.442 360 61.0975
      vertex 369.671 360 66.2717
      vertex 320.271 360 62.1831
    endloop
  endfacet
  facet normal 0 -1 0
    outer loop
      vertex 320.5 360 60
      vertex 369.671 360 66.2717
      vertex 320.442 360 61.0975
    endloop
  endfacet
  facet normal 0 -1 0
    outer loop
      vertex 320.5 360 60
      vertex 370 360 60
      vertex 369.671 360 66.2717
    endloop
  endfacet
  facet normal 0 -1 0
    outer loop
      vertex 320.442 360 58.9025
      vertex 370 360 60
      vertex 320.5 360 60
    endloop
  endfacet
  facet normal 0 -1 0
    outer loop
      vertex 369.671 360 53.7283
      vertex 320.442 360 58.9025
      vertex 320.271 360 57.8169
    endloop
  endfacet
  facet normal 0 -1 0
    outer loop
      vertex 368.689 360 47.5253
      vertex 320.271 360 57.8169
      vertex 319.986 360 56.7553
    endloop
  endfacet
  facet normal 0 -1 0
    outer loop
      vertex 367.063 360 41.459
      vertex 319.986 360 56.7553
      vertex 319.592 360 55.7293
    endloop
  endfacet
  facet normal 0 -1 0
    outer loop
      vertex 364.813 360 35.5958
      vertex 319.592 360 55.7293
      vertex 319.093 360 54.75
    endloop
  endfacet
  facet normal 0 -1 0
    outer loop
      vertex 361.962 360 30
      vertex 319.093 360 54.75
      vertex 318.495 360 53.8283
    endloop
  endfacet
  facet normal 0 -1 0
    outer loop
      vertex 320.442 360 58.9025
      vertex 369.671 360 53.7283
      vertex 370 360 60
    endloop
  endfacet
  facet normal 0 -1 0
    outer loop
      vertex 358.541 360 24.7329
      vertex 318.495 360 53.8283
      vertex 317.803 360 52.9741
    endloop
  endfacet
  facet normal 0 -1 0
    outer loop
      vertex 354.589 360 19.8522
      vertex 317.803 360 52.9741
      vertex 317.026 360 52.197
    endloop
  endfacet
  facet normal 0 -1 0
    outer loop
      vertex 350.148 360 15.4113
      vertex 317.026 360 52.197
      vertex 316.172 360 51.5053
    endloop
  endfacet
  facet normal 0 -1 0
    outer loop
      vertex 345.267 360 11.459
      vertex 316.172 360 51.5053
      vertex 315.25 360 50.9067
    endloop
  endfacet
  facet normal 0 -1 0
    outer loop
      vertex 340 360 8.03848
      vertex 315.25 360 50.9067
      vertex 314.271 360 50.4078
    endloop
  endfacet
  facet normal 0 -1 0
    outer loop
      vertex 334.404 360 5.18727
      vertex 314.271 360 50.4078
      vertex 313.245 360 50.0139
    endloop
  endfacet
  facet normal 0 -1 0
    outer loop
      vertex 328.541 360 2.93661
      vertex 313.245 360 50.0139
      vertex 312.183 360 49.7295
    endloop
  endfacet
  facet normal 0 -1 0
    outer loop
      vertex 322.475 360 1.31114
      vertex 312.183 360 49.7295
      vertex 311.098 360 49.5575
    endloop
  endfacet
  facet normal 0 -1 0
    outer loop
      vertex 320.271 360 57.8169
      vertex 368.689 360 47.5253
      vertex 369.671 360 53.7283
    endloop
  endfacet
  facet normal 0 -1 0
    outer loop
      vertex 316.272 360 0.328687
      vertex 311.098 360 49.5575
      vertex 310 360 49.5
    endloop
  endfacet
  facet normal 0 -1 0
    outer loop
      vertex 274.733 360 11.459
      vertex 303.828 360 51.5053
      vertex 269.852 360 15.4113
    endloop
  endfacet
  facet normal 0 -1 -0
    outer loop
      vertex 303.828 360 51.5053
      vertex 274.733 360 11.459
      vertex 304.75 360 50.9067
    endloop
  endfacet
  facet normal 0 -1 0
    outer loop
      vertex 319.986 360 56.7553
      vertex 367.063 360 41.459
      vertex 368.689 360 47.5253
    endloop
  endfacet
  facet normal 0 -1 0
    outer loop
      vertex 280 360 8.03848
      vertex 304.75 360 50.9067
      vertex 274.733 360 11.459
    endloop
  endfacet
  facet normal 0 -1 0
    outer loop
      vertex 319.592 360 55.7293
      vertex 364.813 360 35.5958
      vertex 367.063 360 41.459
    endloop
  endfacet
  facet normal 0 -1 -0
    outer loop
      vertex 304.75 360 50.9067
      vertex 280 360 8.03848
      vertex 305.729 360 50.4078
    endloop
  endfacet
  facet normal 0 -1 0
    outer loop
      vertex 319.093 360 54.75
      vertex 361.962 360 30
      vertex 364.813 360 35.5958
    endloop
  endfacet
  facet normal 0 -1 0
    outer loop
      vertex 285.596 360 5.18727
      vertex 305.729 360 50.4078
      vertex 280 360 8.03848
    endloop
  endfacet
  facet normal 0 -1 0
    outer loop
      vertex 318.495 360 53.8283
      vertex 358.541 360 24.7329
      vertex 361.962 360 30
    endloop
  endfacet
  facet normal 0 -1 -0
    outer loop
      vertex 305.729 360 50.4078
      vertex 285.596 360 5.18727
      vertex 306.755 360 50.0139
    endloop
  endfacet
  facet normal 0 -1 0
    outer loop
      vertex 317.803 360 52.9741
      vertex 354.589 360 19.8522
      vertex 358.541 360 24.7329
    endloop
  endfacet
  facet normal 0 -1 0
    outer loop
      vertex 291.459 360 2.93661
      vertex 306.755 360 50.0139
      vertex 285.596 360 5.18727
    endloop
  endfacet
  facet normal 0 -1 0
    outer loop
      vertex 317.026 360 52.197
      vertex 350.148 360 15.4113
      vertex 354.589 360 19.8522
    endloop
  endfacet
  facet normal 0 -1 -0
    outer loop
      vertex 306.755 360 50.0139
      vertex 291.459 360 2.93661
      vertex 307.817 360 49.7295
    endloop
  endfacet
  facet normal 0 -1 0
    outer loop
      vertex 316.172 360 51.5053
      vertex 345.267 360 11.459
      vertex 350.148 360 15.4113
    endloop
  endfacet
  facet normal 0 -1 0
    outer loop
      vertex 297.525 360 1.31114
      vertex 307.817 360 49.7295
      vertex 291.459 360 2.93661
    endloop
  endfacet
  facet normal 0 -1 0
    outer loop
      vertex 315.25 360 50.9067
      vertex 340 360 8.03848
      vertex 345.267 360 11.459
    endloop
  endfacet
  facet normal 0 -1 -0
    outer loop
      vertex 307.817 360 49.7295
      vertex 297.525 360 1.31114
      vertex 308.902 360 49.5575
    endloop
  endfacet
  facet normal 0 -1 0
    outer loop
      vertex 314.271 360 50.4078
      vertex 334.404 360 5.18727
      vertex 340 360 8.03848
    endloop
  endfacet
  facet normal 0 -1 0
    outer loop
      vertex 303.728 360 0.328687
      vertex 308.902 360 49.5575
      vertex 297.525 360 1.31114
    endloop
  endfacet
  facet normal 0 -1 0
    outer loop
      vertex 313.245 360 50.0139
      vertex 328.541 360 2.93661
      vertex 334.404 360 5.18727
    endloop
  endfacet
  facet normal 0 -1 -0
    outer loop
      vertex 308.902 360 49.5575
      vertex 303.728 360 0.328687
      vertex 310 360 49.5
    endloop
  endfacet
  facet normal 0 -1 0
    outer loop
      vertex 312.183 360 49.7295
      vertex 322.475 360 1.31114
      vertex 328.541 360 2.93661
    endloop
  endfacet
  facet normal 0 -1 0
    outer loop
      vertex 310 360 0
      vertex 310 360 49.5
      vertex 303.728 360 0.328687
    endloop
  endfacet
  facet normal 0 -1 0
    outer loop
      vertex 311.098 360 49.5575
      vertex 316.272 360 0.328687
      vertex 322.475 360 1.31114
    endloop
  endfacet
  facet normal 0 -1 0
    outer loop
      vertex 310 360 49.5
      vertex 310 360 0
      vertex 316.272 360 0.328687
    endloop
  endfacet
  facet normal 0.77717 0 -0.62929
    outer loop
      vertex 358.541 360 24.7329
      vertex 354.589 400 19.8522
      vertex 358.541 400 24.7329
    endloop
  endfacet
  facet normal 0.77717 0 -0.62929
    outer loop
      vertex 354.589 400 19.8522
      vertex 358.541 360 24.7329
      vertex 354.589 360 19.8522
    endloop
  endfacet
  facet normal 0.629296 0 -0.777166
    outer loop
      vertex 345.267 360 11.459
      vertex 350.148 400 15.4113
      vertex 350.148 360 15.4113
    endloop
  endfacet
  facet normal 0.629296 0 -0.777166
    outer loop
      vertex 350.148 400 15.4113
      vertex 345.267 360 11.459
      vertex 345.267 400 11.459
    endloop
  endfacet
  facet normal 0.544649 0 -0.838664
    outer loop
      vertex 340 360 8.03848
      vertex 345.267 400 11.459
      vertex 345.267 360 11.459
    endloop
  endfacet
  facet normal 0.544649 0 -0.838664
    outer loop
      vertex 345.267 400 11.459
      vertex 340 360 8.03848
      vertex 340 400 8.03848
    endloop
  endfacet
  facet normal 0.89102 -0 0.453965
    outer loop
      vertex 361.962 360 90
      vertex 364.813 400 84.4042
      vertex 361.962 400 90
    endloop
  endfacet
  facet normal 0.89102 0 0.453965
    outer loop
      vertex 364.813 400 84.4042
      vertex 361.962 360 90
      vertex 364.813 360 84.4042
    endloop
  endfacet
  facet normal -0.629267 0 0.777189
    outer loop
      vertex 269.852 400 104.589
      vertex 274.733 360 108.541
      vertex 274.733 400 108.541
    endloop
  endfacet
  facet normal -0.629267 0 0.777189
    outer loop
      vertex 274.733 360 108.541
      vertex 269.852 400 104.589
      vertex 269.852 360 104.589
    endloop
  endfacet
  facet normal 0.358285 0 0.933612
    outer loop
      vertex 328.541 400 117.063
      vertex 334.404 360 114.813
      vertex 334.404 400 114.813
    endloop
  endfacet
  facet normal 0.358285 0 0.933612
    outer loop
      vertex 334.404 360 114.813
      vertex 328.541 400 117.063
      vertex 328.541 360 117.063
    endloop
  endfacet
  facet normal 0.838634 -0 0.544696
    outer loop
      vertex 358.541 360 95.2671
      vertex 361.962 400 90
      vertex 358.541 400 95.2671
    endloop
  endfacet
  facet normal 0.838634 0 0.544696
    outer loop
      vertex 361.962 400 90
      vertex 358.541 360 95.2671
      vertex 361.962 360 90
    endloop
  endfacet
  facet normal 0.9877 -0 0.156363
    outer loop
      vertex 368.689 360 72.4747
      vertex 369.671 400 66.2717
      vertex 368.689 400 72.4747
    endloop
  endfacet
  facet normal 0.9877 0 0.156363
    outer loop
      vertex 369.671 400 66.2717
      vertex 368.689 360 72.4747
      vertex 369.671 360 66.2717
    endloop
  endfacet
  facet normal 0.933616 -0 0.358275
    outer loop
      vertex 364.813 360 84.4042
      vertex 367.063 400 78.541
      vertex 364.813 400 84.4042
    endloop
  endfacet
  facet normal 0.933616 0 0.358275
    outer loop
      vertex 367.063 400 78.541
      vertex 364.813 360 84.4042
      vertex 367.063 360 78.541
    endloop
  endfacet
  facet normal 0.777183 -0 0.629275
    outer loop
      vertex 354.589 360 100.148
      vertex 358.541 400 95.2671
      vertex 354.589 400 100.148
    endloop
  endfacet
  facet normal 0.777183 0 0.629275
    outer loop
      vertex 358.541 400 95.2671
      vertex 354.589 360 100.148
      vertex 358.541 360 95.2671
    endloop
  endfacet
  facet normal -0.544703 0 0.838629
    outer loop
      vertex 274.733 400 108.541
      vertex 280 360 111.962
      vertex 280 400 111.962
    endloop
  endfacet
  facet normal -0.544703 0 0.838629
    outer loop
      vertex 280 360 111.962
      vertex 274.733 400 108.541
      vertex 274.733 360 108.541
    endloop
  endfacet
  facet normal -0.933616 0 0.358275
    outer loop
      vertex 252.937 360 78.541
      vertex 255.187 400 84.4042
      vertex 252.937 400 78.541
    endloop
  endfacet
  facet normal -0.933616 0 0.358275
    outer loop
      vertex 255.187 400 84.4042
      vertex 252.937 360 78.541
      vertex 255.187 360 84.4042
    endloop
  endfacet
  facet normal 0.0523833 0 0.998627
    outer loop
      vertex 310 400 120
      vertex 316.272 360 119.671
      vertex 316.272 400 119.671
    endloop
  endfacet
  facet normal 0.0523833 0 0.998627
    outer loop
      vertex 316.272 360 119.671
      vertex 310 400 120
      vertex 310 360 120
    endloop
  endfacet
  facet normal 0.998627 0 -0.0523858
    outer loop
      vertex 370 360 60
      vertex 369.671 400 53.7283
      vertex 370 400 60
    endloop
  endfacet
  facet normal 0.998627 0 -0.0523858
    outer loop
      vertex 369.671 400 53.7283
      vertex 370 360 60
      vertex 369.671 360 53.7283
    endloop
  endfacet
  facet normal 0.156363 0 0.9877
    outer loop
      vertex 316.272 400 119.671
      vertex 322.475 360 118.689
      vertex 322.475 400 118.689
    endloop
  endfacet
  facet normal 0.156363 0 0.9877
    outer loop
      vertex 322.475 360 118.689
      vertex 316.272 400 119.671
      vertex 316.272 360 119.671
    endloop
  endfacet
  facet normal -0.707107 0 0.707107
    outer loop
      vertex 265.411 360 100.148
      vertex 269.852 400 104.589
      vertex 265.411 400 100.148
    endloop
  endfacet
  facet normal -0.707107 0 0.707107
    outer loop
      vertex 269.852 400 104.589
      vertex 265.411 360 100.148
      vertex 269.852 360 104.589
    endloop
  endfacet
  facet normal 0.98782 -0 0.155598
    outer loop
      vertex 299.558 360 58.9025
      vertex 299.729 400 57.8169
      vertex 299.558 400 58.9025
    endloop
  endfacet
  facet normal 0.98782 0 0.155598
    outer loop
      vertex 299.729 400 57.8169
      vertex 299.558 360 58.9025
      vertex 299.729 360 57.8169
    endloop
  endfacet
  facet normal 0.998606 -0 0.0527737
    outer loop
      vertex 299.5 360 60
      vertex 299.558 400 58.9025
      vertex 299.5 400 60
    endloop
  endfacet
  facet normal 0.998606 0 0.0527737
    outer loop
      vertex 299.558 400 58.9025
      vertex 299.5 360 60
      vertex 299.558 360 58.9025
    endloop
  endfacet
  facet normal 0.965802 -0 0.259282
    outer loop
      vertex 299.729 360 57.8169
      vertex 300.014 400 56.7553
      vertex 299.729 400 57.8169
    endloop
  endfacet
  facet normal 0.965802 0 0.259282
    outer loop
      vertex 300.014 400 56.7553
      vertex 299.729 360 57.8169
      vertex 300.014 360 56.7553
    endloop
  endfacet
  facet normal 0.454044 0 0.890979
    outer loop
      vertex 304.75 400 50.9067
      vertex 305.729 360 50.4078
      vertex 305.729 400 50.4078
    endloop
  endfacet
  facet normal 0.454044 0 0.890979
    outer loop
      vertex 305.729 360 50.4078
      vertex 304.75 400 50.9067
      vertex 304.75 360 50.9067
    endloop
  endfacet
  facet normal -0.258682 0 0.965963
    outer loop
      vertex 312.183 400 49.7295
      vertex 313.245 360 50.0139
      vertex 313.245 400 50.0139
    endloop
  endfacet
  facet normal -0.258682 0 0.965963
    outer loop
      vertex 313.245 360 50.0139
      vertex 312.183 400 49.7295
      vertex 312.183 360 49.7295
    endloop
  endfacet
  facet normal 0.544541 0 -0.838734
    outer loop
      vertex 303.828 360 68.4947
      vertex 304.75 400 69.0933
      vertex 304.75 360 69.0933
    endloop
  endfacet
  facet normal 0.544541 0 -0.838734
    outer loop
      vertex 304.75 400 69.0933
      vertex 303.828 360 68.4947
      vertex 303.828 400 68.4947
    endloop
  endfacet
  facet normal 0.258682 0 0.965963
    outer loop
      vertex 306.755 400 50.0139
      vertex 307.817 360 49.7295
      vertex 307.817 400 49.7295
    endloop
  endfacet
  facet normal 0.258682 0 0.965963
    outer loop
      vertex 307.817 360 49.7295
      vertex 306.755 400 50.0139
      vertex 306.755 360 50.0139
    endloop
  endfacet
  facet normal 0.707152 -0 0.707061
    outer loop
      vertex 302.197 360 52.9741
      vertex 302.974 400 52.197
      vertex 302.197 400 52.9741
    endloop
  endfacet
  facet normal 0.707152 0 0.707061
    outer loop
      vertex 302.974 400 52.197
      vertex 302.197 360 52.9741
      vertex 302.974 360 52.197
    endloop
  endfacet
  facet normal -0.258766 0 -0.96594
    outer loop
      vertex 312.183 360 70.2706
      vertex 313.245 400 69.9861
      vertex 313.245 360 69.9861
    endloop
  endfacet
  facet normal -0.258766 0 -0.96594
    outer loop
      vertex 313.245 400 69.9861
      vertex 312.183 360 70.2706
      vertex 312.183 400 70.2706
    endloop
  endfacet
  facet normal 0.15657 0 0.987667
    outer loop
      vertex 307.817 400 49.7295
      vertex 308.902 360 49.5575
      vertex 308.902 400 49.5575
    endloop
  endfacet
  facet normal 0.15657 0 0.987667
    outer loop
      vertex 308.902 360 49.5575
      vertex 307.817 400 49.7295
      vertex 307.817 360 49.7295
    endloop
  endfacet
  facet normal -0.838903 0 0.544281
    outer loop
      vertex 318.495 360 53.8283
      vertex 319.093 400 54.75
      vertex 318.495 400 53.8283
    endloop
  endfacet
  facet normal -0.838903 0 0.544281
    outer loop
      vertex 319.093 400 54.75
      vertex 318.495 360 53.8283
      vertex 319.093 360 54.75
    endloop
  endfacet
  facet normal -0.933533 0 -0.358491
    outer loop
      vertex 319.986 360 63.2447
      vertex 319.592 400 64.2707
      vertex 319.986 400 63.2447
    endloop
  endfacet
  facet normal -0.933533 -0 -0.358491
    outer loop
      vertex 319.592 400 64.2707
      vertex 319.986 360 63.2447
      vertex 319.592 360 64.2707
    endloop
  endfacet
  facet normal 0.358412 0 -0.933564
    outer loop
      vertex 305.729 360 69.5922
      vertex 306.755 400 69.9861
      vertex 306.755 360 69.9861
    endloop
  endfacet
  facet normal 0.358412 0 -0.933564
    outer loop
      vertex 306.755 400 69.9861
      vertex 305.729 360 69.5922
      vertex 305.729 400 69.5922
    endloop
  endfacet
  facet normal 0.838903 -0 0.544281
    outer loop
      vertex 300.907 360 54.75
      vertex 301.505 400 53.8283
      vertex 300.907 400 54.75
    endloop
  endfacet
  facet normal 0.838903 0 0.544281
    outer loop
      vertex 301.505 400 53.8283
      vertex 300.907 360 54.75
      vertex 301.505 360 53.8283
    endloop
  endfacet
  facet normal 0.890999 -0 0.454006
    outer loop
      vertex 300.408 360 55.7293
      vertex 300.907 400 54.75
      vertex 300.408 400 55.7293
    endloop
  endfacet
  facet normal 0.890999 0 0.454006
    outer loop
      vertex 300.907 400 54.75
      vertex 300.408 360 55.7293
      vertex 300.907 360 54.75
    endloop
  endfacet
  facet normal -0.965802 0 0.259282
    outer loop
      vertex 319.986 360 56.7553
      vertex 320.271 400 57.8169
      vertex 319.986 400 56.7553
    endloop
  endfacet
  facet normal -0.965802 0 0.259282
    outer loop
      vertex 320.271 400 57.8169
      vertex 319.986 360 56.7553
      vertex 320.271 360 57.8169
    endloop
  endfacet
  facet normal -0.15657 0 0.987667
    outer loop
      vertex 311.098 400 49.5575
      vertex 312.183 360 49.7295
      vertex 312.183 400 49.7295
    endloop
  endfacet
  facet normal -0.15657 0 0.987667
    outer loop
      vertex 312.183 360 49.7295
      vertex 311.098 400 49.5575
      vertex 311.098 360 49.5575
    endloop
  endfacet
  facet normal -0.98782 0 0.155598
    outer loop
      vertex 320.271 360 57.8169
      vertex 320.442 400 58.9025
      vertex 320.271 400 57.8169
    endloop
  endfacet
  facet normal -0.98782 0 0.155598
    outer loop
      vertex 320.442 400 58.9025
      vertex 320.271 360 57.8169
      vertex 320.442 360 58.9025
    endloop
  endfacet
  facet normal -0.77702 0 0.629476
    outer loop
      vertex 317.803 360 52.9741
      vertex 318.495 400 53.8283
      vertex 317.803 400 52.9741
    endloop
  endfacet
  facet normal -0.77702 0 0.629476
    outer loop
      vertex 318.495 400 53.8283
      vertex 317.803 360 52.9741
      vertex 318.495 360 53.8283
    endloop
  endfacet
  facet normal -0.98782 0 -0.155598
    outer loop
      vertex 320.442 360 61.0975
      vertex 320.271 400 62.1831
      vertex 320.442 400 61.0975
    endloop
  endfacet
  facet normal -0.98782 -0 -0.155598
    outer loop
      vertex 320.271 400 62.1831
      vertex 320.442 360 61.0975
      vertex 320.271 360 62.1831
    endloop
  endfacet
  facet normal -0.454044 0 0.890979
    outer loop
      vertex 314.271 400 50.4078
      vertex 315.25 360 50.9067
      vertex 315.25 400 50.9067
    endloop
  endfacet
  facet normal -0.454044 0 0.890979
    outer loop
      vertex 315.25 360 50.9067
      vertex 314.271 400 50.4078
      vertex 314.271 360 50.4078
    endloop
  endfacet
  facet normal 0.258766 0 -0.96594
    outer loop
      vertex 306.755 360 69.9861
      vertex 307.817 400 70.2706
      vertex 307.817 360 70.2706
    endloop
  endfacet
  facet normal 0.258766 0 -0.96594
    outer loop
      vertex 307.817 400 70.2706
      vertex 306.755 360 69.9861
      vertex 306.755 400 69.9861
    endloop
  endfacet
  facet normal 0.156481 0 -0.987681
    outer loop
      vertex 307.817 360 70.2706
      vertex 308.902 400 70.4425
      vertex 308.902 360 70.4425
    endloop
  endfacet
  facet normal 0.156481 0 -0.987681
    outer loop
      vertex 308.902 400 70.4425
      vertex 307.817 360 70.2706
      vertex 307.817 400 70.2706
    endloop
  endfacet
  facet normal -0.890999 0 0.454006
    outer loop
      vertex 319.093 360 54.75
      vertex 319.592 400 55.7293
      vertex 319.093 400 54.75
    endloop
  endfacet
  facet normal -0.890999 0 0.454006
    outer loop
      vertex 319.592 400 55.7293
      vertex 319.093 360 54.75
      vertex 319.592 360 55.7293
    endloop
  endfacet
  facet normal 0.77702 -0 0.629476
    outer loop
      vertex 301.505 360 53.8283
      vertex 302.197 400 52.9741
      vertex 301.505 400 53.8283
    endloop
  endfacet
  facet normal 0.77702 0 0.629476
    outer loop
      vertex 302.197 400 52.9741
      vertex 301.505 360 53.8283
      vertex 302.197 360 52.9741
    endloop
  endfacet
  facet normal -0.358412 0 0.933564
    outer loop
      vertex 313.245 400 50.0139
      vertex 314.271 360 50.4078
      vertex 314.271 400 50.4078
    endloop
  endfacet
  facet normal -0.358412 0 0.933564
    outer loop
      vertex 314.271 360 50.4078
      vertex 313.245 400 50.0139
      vertex 313.245 360 50.0139
    endloop
  endfacet
  facet normal 0.890999 0 -0.454006
    outer loop
      vertex 300.907 360 65.25
      vertex 300.408 400 64.2707
      vertex 300.907 400 65.25
    endloop
  endfacet
  facet normal 0.890999 0 -0.454006
    outer loop
      vertex 300.408 400 64.2707
      vertex 300.907 360 65.25
      vertex 300.408 360 64.2707
    endloop
  endfacet
  facet normal -0.6294 0 0.777082
    outer loop
      vertex 316.172 400 51.5053
      vertex 317.026 360 52.197
      vertex 317.026 400 52.197
    endloop
  endfacet
  facet normal -0.6294 0 0.777082
    outer loop
      vertex 317.026 360 52.197
      vertex 316.172 400 51.5053
      vertex 316.172 360 51.5053
    endloop
  endfacet
  facet normal -0.544541 0 0.838734
    outer loop
      vertex 315.25 400 50.9067
      vertex 316.172 360 51.5053
      vertex 316.172 400 51.5053
    endloop
  endfacet
  facet normal -0.544541 0 0.838734
    outer loop
      vertex 316.172 360 51.5053
      vertex 315.25 400 50.9067
      vertex 315.25 360 50.9067
    endloop
  endfacet
  facet normal 0.933533 -0 0.358491
    outer loop
      vertex 300.014 360 56.7553
      vertex 300.408 400 55.7293
      vertex 300.014 400 56.7553
    endloop
  endfacet
  facet normal 0.933533 0 0.358491
    outer loop
      vertex 300.408 400 55.7293
      vertex 300.014 360 56.7553
      vertex 300.408 360 55.7293
    endloop
  endfacet
  facet normal -0.707152 0 -0.707061
    outer loop
      vertex 317.803 360 67.0259
      vertex 317.026 400 67.803
      vertex 317.803 400 67.0259
    endloop
  endfacet
  facet normal -0.707152 -0 -0.707061
    outer loop
      vertex 317.026 400 67.803
      vertex 317.803 360 67.0259
      vertex 317.026 360 67.803
    endloop
  endfacet
  facet normal -0.965802 0 -0.259282
    outer loop
      vertex 320.271 360 62.1831
      vertex 319.986 400 63.2447
      vertex 320.271 400 62.1831
    endloop
  endfacet
  facet normal -0.965802 -0 -0.259282
    outer loop
      vertex 319.986 400 63.2447
      vertex 320.271 360 62.1831
      vertex 319.986 360 63.2447
    endloop
  endfacet
  facet normal -0.838903 0 -0.544281
    outer loop
      vertex 319.093 360 65.25
      vertex 318.495 400 66.1717
      vertex 319.093 400 65.25
    endloop
  endfacet
  facet normal -0.838903 -0 -0.544281
    outer loop
      vertex 318.495 400 66.1717
      vertex 319.093 360 65.25
      vertex 318.495 360 66.1717
    endloop
  endfacet
  facet normal -0.890999 0 -0.454006
    outer loop
      vertex 319.592 360 64.2707
      vertex 319.093 400 65.25
      vertex 319.592 400 64.2707
    endloop
  endfacet
  facet normal -0.890999 -0 -0.454006
    outer loop
      vertex 319.093 400 65.25
      vertex 319.592 360 64.2707
      vertex 319.093 360 65.25
    endloop
  endfacet
  facet normal 0.454044 0 -0.890979
    outer loop
      vertex 304.75 360 69.0933
      vertex 305.729 400 69.5922
      vertex 305.729 360 69.5922
    endloop
  endfacet
  facet normal 0.454044 0 -0.890979
    outer loop
      vertex 305.729 400 69.5922
      vertex 304.75 360 69.0933
      vertex 304.75 400 69.0933
    endloop
  endfacet
  facet normal 0.544541 0 0.838734
    outer loop
      vertex 303.828 400 51.5053
      vertex 304.75 360 50.9067
      vertex 304.75 400 50.9067
    endloop
  endfacet
  facet normal 0.544541 0 0.838734
    outer loop
      vertex 304.75 360 50.9067
      vertex 303.828 400 51.5053
      vertex 303.828 360 51.5053
    endloop
  endfacet
  facet normal -0.933533 0 0.358491
    outer loop
      vertex 319.592 360 55.7293
      vertex 319.986 400 56.7553
      vertex 319.592 400 55.7293
    endloop
  endfacet
  facet normal -0.933533 0 0.358491
    outer loop
      vertex 319.986 400 56.7553
      vertex 319.592 360 55.7293
      vertex 319.986 360 56.7553
    endloop
  endfacet
  facet normal 0.965802 0 -0.259282
    outer loop
      vertex 300.014 360 63.2447
      vertex 299.729 400 62.1831
      vertex 300.014 400 63.2447
    endloop
  endfacet
  facet normal 0.965802 0 -0.259282
    outer loop
      vertex 299.729 400 62.1831
      vertex 300.014 360 63.2447
      vertex 299.729 360 62.1831
    endloop
  endfacet
  facet normal 0.6294 0 0.777082
    outer loop
      vertex 302.974 400 52.197
      vertex 303.828 360 51.5053
      vertex 303.828 400 51.5053
    endloop
  endfacet
  facet normal 0.6294 0 0.777082
    outer loop
      vertex 303.828 360 51.5053
      vertex 302.974 400 52.197
      vertex 302.974 360 52.197
    endloop
  endfacet
  facet normal 0.998606 0 -0.0527737
    outer loop
      vertex 299.558 360 61.0975
      vertex 299.5 400 60
      vertex 299.558 400 61.0975
    endloop
  endfacet
  facet normal 0.998606 0 -0.0527737
    outer loop
      vertex 299.5 400 60
      vertex 299.558 360 61.0975
      vertex 299.5 360 60
    endloop
  endfacet
  facet normal 0.0522963 0 -0.998632
    outer loop
      vertex 308.902 360 70.4425
      vertex 310 400 70.5
      vertex 310 360 70.5
    endloop
  endfacet
  facet normal 0.0522963 0 -0.998632
    outer loop
      vertex 310 400 70.5
      vertex 308.902 360 70.4425
      vertex 308.902 400 70.4425
    endloop
  endfacet
  facet normal 0.358412 0 0.933564
    outer loop
      vertex 305.729 400 50.4078
      vertex 306.755 360 50.0139
      vertex 306.755 400 50.0139
    endloop
  endfacet
  facet normal 0.358412 0 0.933564
    outer loop
      vertex 306.755 360 50.0139
      vertex 305.729 400 50.4078
      vertex 305.729 360 50.4078
    endloop
  endfacet
  facet normal 0.77702 0 -0.629476
    outer loop
      vertex 302.197 360 67.0259
      vertex 301.505 400 66.1717
      vertex 302.197 400 67.0259
    endloop
  endfacet
  facet normal 0.77702 0 -0.629476
    outer loop
      vertex 301.505 400 66.1717
      vertex 302.197 360 67.0259
      vertex 301.505 360 66.1717
    endloop
  endfacet
  facet normal 0.838903 0 -0.544281
    outer loop
      vertex 301.505 360 66.1717
      vertex 300.907 400 65.25
      vertex 301.505 400 66.1717
    endloop
  endfacet
  facet normal 0.838903 0 -0.544281
    outer loop
      vertex 300.907 400 65.25
      vertex 301.505 360 66.1717
      vertex 300.907 360 65.25
    endloop
  endfacet
  facet normal -0.156481 0 -0.987681
    outer loop
      vertex 311.098 360 70.4425
      vertex 312.183 400 70.2706
      vertex 312.183 360 70.2706
    endloop
  endfacet
  facet normal -0.156481 0 -0.987681
    outer loop
      vertex 312.183 400 70.2706
      vertex 311.098 360 70.4425
      vertex 311.098 400 70.4425
    endloop
  endfacet
  facet normal 0.6294 0 -0.777082
    outer loop
      vertex 302.974 360 67.803
      vertex 303.828 400 68.4947
      vertex 303.828 360 68.4947
    endloop
  endfacet
  facet normal 0.6294 0 -0.777082
    outer loop
      vertex 303.828 400 68.4947
      vertex 302.974 360 67.803
      vertex 302.974 400 67.803
    endloop
  endfacet
  facet normal -0.707152 0 0.707061
    outer loop
      vertex 317.026 360 52.197
      vertex 317.803 400 52.9741
      vertex 317.026 400 52.197
    endloop
  endfacet
  facet normal -0.707152 0 0.707061
    outer loop
      vertex 317.803 400 52.9741
      vertex 317.026 360 52.197
      vertex 317.803 360 52.9741
    endloop
  endfacet
  facet normal 0.98782 0 -0.155598
    outer loop
      vertex 299.729 360 62.1831
      vertex 299.558 400 61.0975
      vertex 299.729 400 62.1831
    endloop
  endfacet
  facet normal 0.98782 0 -0.155598
    outer loop
      vertex 299.558 400 61.0975
      vertex 299.729 360 62.1831
      vertex 299.558 360 61.0975
    endloop
  endfacet
  facet normal 0.0522963 0 0.998632
    outer loop
      vertex 308.902 400 49.5575
      vertex 310 360 49.5
      vertex 310 400 49.5
    endloop
  endfacet
  facet normal 0.0522963 0 0.998632
    outer loop
      vertex 310 360 49.5
      vertex 308.902 400 49.5575
      vertex 308.902 360 49.5575
    endloop
  endfacet
  facet normal 0.707152 0 -0.707061
    outer loop
      vertex 302.974 360 67.803
      vertex 302.197 400 67.0259
      vertex 302.974 400 67.803
    endloop
  endfacet
  facet normal 0.707152 0 -0.707061
    outer loop
      vertex 302.197 400 67.0259
      vertex 302.974 360 67.803
      vertex 302.197 360 67.0259
    endloop
  endfacet
  facet normal -0.0522963 0 0.998632
    outer loop
      vertex 310 400 49.5
      vertex 311.098 360 49.5575
      vertex 311.098 400 49.5575
    endloop
  endfacet
  facet normal -0.0522963 0 0.998632
    outer loop
      vertex 311.098 360 49.5575
      vertex 310 400 49.5
      vertex 310 360 49.5
    endloop
  endfacet
  facet normal -0.998606 0 -0.0527737
    outer loop
      vertex 320.5 360 60
      vertex 320.442 400 61.0975
      vertex 320.5 400 60
    endloop
  endfacet
  facet normal -0.998606 -0 -0.0527737
    outer loop
      vertex 320.442 400 61.0975
      vertex 320.5 360 60
      vertex 320.442 360 61.0975
    endloop
  endfacet
  facet normal -0.0522963 0 -0.998632
    outer loop
      vertex 310 360 70.5
      vertex 311.098 400 70.4425
      vertex 311.098 360 70.4425
    endloop
  endfacet
  facet normal -0.0522963 0 -0.998632
    outer loop
      vertex 311.098 400 70.4425
      vertex 310 360 70.5
      vertex 310 400 70.5
    endloop
  endfacet
  facet normal -0.77702 0 -0.629476
    outer loop
      vertex 318.495 360 66.1717
      vertex 317.803 400 67.0259
      vertex 318.495 400 66.1717
    endloop
  endfacet
  facet normal -0.77702 -0 -0.629476
    outer loop
      vertex 317.803 400 67.0259
      vertex 318.495 360 66.1717
      vertex 317.803 360 67.0259
    endloop
  endfacet
  facet normal -0.454044 0 -0.890979
    outer loop
      vertex 314.271 360 69.5922
      vertex 315.25 400 69.0933
      vertex 315.25 360 69.0933
    endloop
  endfacet
  facet normal -0.454044 0 -0.890979
    outer loop
      vertex 315.25 400 69.0933
      vertex 314.271 360 69.5922
      vertex 314.271 400 69.5922
    endloop
  endfacet
  facet normal -0.6294 0 -0.777082
    outer loop
      vertex 316.172 360 68.4947
      vertex 317.026 400 67.803
      vertex 317.026 360 67.803
    endloop
  endfacet
  facet normal -0.6294 0 -0.777082
    outer loop
      vertex 317.026 400 67.803
      vertex 316.172 360 68.4947
      vertex 316.172 400 68.4947
    endloop
  endfacet
  facet normal 0.933533 0 -0.358491
    outer loop
      vertex 300.408 360 64.2707
      vertex 300.014 400 63.2447
      vertex 300.408 400 64.2707
    endloop
  endfacet
  facet normal 0.933533 0 -0.358491
    outer loop
      vertex 300.014 400 63.2447
      vertex 300.408 360 64.2707
      vertex 300.014 360 63.2447
    endloop
  endfacet
  facet normal -0.544541 0 -0.838734
    outer loop
      vertex 315.25 360 69.0933
      vertex 316.172 400 68.4947
      vertex 316.172 360 68.4947
    endloop
  endfacet
  facet normal -0.544541 0 -0.838734
    outer loop
      vertex 316.172 400 68.4947
      vertex 315.25 360 69.0933
      vertex 315.25 400 69.0933
    endloop
  endfacet
  facet normal -0.358412 0 -0.933564
    outer loop
      vertex 313.245 360 69.9861
      vertex 314.271 400 69.5922
      vertex 314.271 360 69.5922
    endloop
  endfacet
  facet normal -0.358412 0 -0.933564
    outer loop
      vertex 314.271 400 69.5922
      vertex 313.245 360 69.9861
      vertex 313.245 400 69.9861
    endloop
  endfacet
  facet normal -0.998606 0 0.0527737
    outer loop
      vertex 320.442 360 58.9025
      vertex 320.5 400 60
      vertex 320.442 400 58.9025
    endloop
  endfacet
  facet normal -0.998606 0 0.0527737
    outer loop
      vertex 320.5 400 60
      vertex 320.442 360 58.9025
      vertex 320.5 360 60
    endloop
  endfacet
  facet normal 0.743092 0 -0.669189
    outer loop
      vertex 318.09 -410 54.1221
      vertex 316.691 410 52.5686
      vertex 318.09 410 54.1221
    endloop
  endfacet
  facet normal 0.743092 0 -0.669189
    outer loop
      vertex 316.691 410 52.5686
      vertex 318.09 -410 54.1221
      vertex 316.691 -410 52.5686
    endloop
  endfacet
  facet normal -0.587884 0 -0.808945
    outer loop
      vertex 303.309 -410 52.5686
      vertex 305 410 51.3397
      vertex 305 -410 51.3397
    endloop
  endfacet
  facet normal -0.587884 0 -0.808945
    outer loop
      vertex 305 410 51.3397
      vertex 303.309 -410 52.5686
      vertex 303.309 410 52.5686
    endloop
  endfacet
  facet normal -0.951062 0 0.309001
    outer loop
      vertex 300.219 0.420845 62.0791
      vertex 300.865 410 64.0674
      vertex 300.219 410 62.0791
    endloop
  endfacet
  facet normal -0.951557 8.19896e-06 0.307473
    outer loop
      vertex 300.355 0 62.5
      vertex 300.865 410 64.0674
      vertex 300.219 0.420845 62.0791
    endloop
  endfacet
  facet normal -0.951062 0 0.309001
    outer loop
      vertex 300.865 -410 64.0674
      vertex 300.219 -0.420845 62.0791
      vertex 300.219 -410 62.0791
    endloop
  endfacet
  facet normal -0.951557 -8.19896e-06 0.307473
    outer loop
      vertex 300.219 -0.420845 62.0791
      vertex 300.865 -410 64.0674
      vertex 300.355 0 62.5
    endloop
  endfacet
  facet normal -0.950928 0 0.309413
    outer loop
      vertex 300.355 0 62.5
      vertex 300.865 -410 64.0674
      vertex 300.865 410 64.0674
    endloop
  endfacet
  facet normal -0.994498 0 0.104755
    outer loop
      vertex 300 2.49996 60
      vertex 300.219 410 62.0791
      vertex 300 410 60
    endloop
  endfacet
  facet normal -0.994498 0 0.104755
    outer loop
      vertex 300.219 410 62.0791
      vertex 300 2.49996 60
      vertex 300.219 0.420845 62.0791
    endloop
  endfacet
  facet normal -0.994498 0 0.104755
    outer loop
      vertex 300.219 -410 62.0791
      vertex 300 -2.49996 60
      vertex 300 -410 60
    endloop
  endfacet
  facet normal -0.994498 0 0.104755
    outer loop
      vertex 300 -2.49996 60
      vertex 300.219 -410 62.0791
      vertex 300.219 -0.420845 62.0791
    endloop
  endfacet
  facet normal -0.951062 0 -0.309001
    outer loop
      vertex 300.865 410 55.9326
      vertex 300.219 0.420845 57.9209
      vertex 300.219 410 57.9209
    endloop
  endfacet
  facet normal -0.951557 8.19896e-06 -0.307473
    outer loop
      vertex 300.865 410 55.9326
      vertex 300.355 0 57.5
      vertex 300.219 0.420845 57.9209
    endloop
  endfacet
  facet normal -0.950928 0 -0.309413
    outer loop
      vertex 300.865 -410 55.9326
      vertex 300.355 0 57.5
      vertex 300.865 410 55.9326
    endloop
  endfacet
  facet normal -0.951557 -8.19896e-06 -0.307473
    outer loop
      vertex 300.865 -410 55.9326
      vertex 300.219 -0.420845 57.9209
      vertex 300.355 0 57.5
    endloop
  endfacet
  facet normal -0.951062 -0 -0.309001
    outer loop
      vertex 300.219 -0.420845 57.9209
      vertex 300.865 -410 55.9326
      vertex 300.219 -410 57.9209
    endloop
  endfacet
  facet normal -0.743092 0 0.669189
    outer loop
      vertex 301.91 -410 65.8779
      vertex 303.309 410 67.4314
      vertex 301.91 410 65.8779
    endloop
  endfacet
  facet normal -0.743092 0 0.669189
    outer loop
      vertex 303.309 410 67.4314
      vertex 301.91 -410 65.8779
      vertex 303.309 -410 67.4314
    endloop
  endfacet
  facet normal -0.743092 0 -0.669189
    outer loop
      vertex 303.309 -410 52.5686
      vertex 301.91 410 54.1221
      vertex 303.309 410 52.5686
    endloop
  endfacet
  facet normal -0.743092 -0 -0.669189
    outer loop
      vertex 301.91 410 54.1221
      vertex 303.309 -410 52.5686
      vertex 301.91 -410 54.1221
    endloop
  endfacet
  facet normal 0.587884 0 -0.808945
    outer loop
      vertex 315 -410 51.3397
      vertex 316.691 410 52.5686
      vertex 316.691 -410 52.5686
    endloop
  endfacet
  facet normal 0.587884 0 -0.808945
    outer loop
      vertex 316.691 410 52.5686
      vertex 315 -410 51.3397
      vertex 315 410 51.3397
    endloop
  endfacet
  facet normal 0.406702 0 -0.913561
    outer loop
      vertex 313.09 -410 50.4894
      vertex 315 410 51.3397
      vertex 315 -410 51.3397
    endloop
  endfacet
  facet normal 0.406702 0 -0.913561
    outer loop
      vertex 315 410 51.3397
      vertex 313.09 -410 50.4894
      vertex 313.09 410 50.4894
    endloop
  endfacet
  facet normal -0.866086 0 0.499895
    outer loop
      vertex 300.865 -410 64.0674
      vertex 301.91 410 65.8779
      vertex 300.865 410 64.0674
    endloop
  endfacet
  facet normal -0.866086 0 0.499895
    outer loop
      vertex 301.91 410 65.8779
      vertex 300.865 -410 64.0674
      vertex 301.91 -410 65.8779
    endloop
  endfacet
  facet normal 0.743092 -0 0.669189
    outer loop
      vertex 316.691 -410 67.4314
      vertex 318.09 410 65.8779
      vertex 316.691 410 67.4314
    endloop
  endfacet
  facet normal 0.743092 0 0.669189
    outer loop
      vertex 318.09 410 65.8779
      vertex 316.691 -410 67.4314
      vertex 318.09 -410 65.8779
    endloop
  endfacet
  facet normal -0.406702 0 -0.913561
    outer loop
      vertex 305 -410 51.3397
      vertex 306.91 410 50.4894
      vertex 306.91 -410 50.4894
    endloop
  endfacet
  facet normal -0.406702 0 -0.913561
    outer loop
      vertex 306.91 410 50.4894
      vertex 305 -410 51.3397
      vertex 305 410 51.3397
    endloop
  endfacet
  facet normal 0.207876 0 -0.978155
    outer loop
      vertex 311.045 -410 50.0548
      vertex 313.09 410 50.4894
      vertex 313.09 -410 50.4894
    endloop
  endfacet
  facet normal 0.207876 0 -0.978155
    outer loop
      vertex 313.09 410 50.4894
      vertex 311.045 -410 50.0548
      vertex 311.045 410 50.0548
    endloop
  endfacet
  facet normal -0.866086 0 -0.499895
    outer loop
      vertex 301.91 -410 54.1221
      vertex 300.865 410 55.9326
      vertex 301.91 410 54.1221
    endloop
  endfacet
  facet normal -0.866086 -0 -0.499895
    outer loop
      vertex 300.865 410 55.9326
      vertex 301.91 -410 54.1221
      vertex 300.865 -410 55.9326
    endloop
  endfacet
  facet normal 0.951062 -0 0.309001
    outer loop
      vertex 319.135 -410 64.0674
      vertex 319.781 410 62.0791
      vertex 319.135 410 64.0674
    endloop
  endfacet
  facet normal 0.951062 0 0.309001
    outer loop
      vertex 319.781 410 62.0791
      vertex 319.135 -410 64.0674
      vertex 319.781 -410 62.0791
    endloop
  endfacet
  facet normal 0 1 0
    outer loop
      vertex 313.09 410 69.5106
      vertex 308.955 410 69.9452
      vertex 311.045 410 69.9452
    endloop
  endfacet
  facet normal 0 1 0
    outer loop
      vertex 313.09 410 69.5106
      vertex 306.91 410 69.5106
      vertex 308.955 410 69.9452
    endloop
  endfacet
  facet normal 0 1 0
    outer loop
      vertex 315 410 68.6603
      vertex 306.91 410 69.5106
      vertex 313.09 410 69.5106
    endloop
  endfacet
  facet normal 0 1 0
    outer loop
      vertex 315 410 68.6603
      vertex 305 410 68.6603
      vertex 306.91 410 69.5106
    endloop
  endfacet
  facet normal 0 1 0
    outer loop
      vertex 316.691 410 67.4314
      vertex 305 410 68.6603
      vertex 315 410 68.6603
    endloop
  endfacet
  facet normal 0 1 0
    outer loop
      vertex 316.691 410 67.4314
      vertex 303.309 410 67.4314
      vertex 305 410 68.6603
    endloop
  endfacet
  facet normal 0 1 0
    outer loop
      vertex 318.09 410 65.8779
      vertex 303.309 410 67.4314
      vertex 316.691 410 67.4314
    endloop
  endfacet
  facet normal 0 1 0
    outer loop
      vertex 318.09 410 65.8779
      vertex 301.91 410 65.8779
      vertex 303.309 410 67.4314
    endloop
  endfacet
  facet normal 0 1 0
    outer loop
      vertex 319.135 410 64.0674
      vertex 301.91 410 65.8779
      vertex 318.09 410 65.8779
    endloop
  endfacet
  facet normal 0 1 0
    outer loop
      vertex 319.135 410 64.0674
      vertex 300.865 410 64.0674
      vertex 301.91 410 65.8779
    endloop
  endfacet
  facet normal 0 1 0
    outer loop
      vertex 319.781 410 62.0791
      vertex 300.865 410 64.0674
      vertex 319.135 410 64.0674
    endloop
  endfacet
  facet normal 0 1 0
    outer loop
      vertex 319.781 410 62.0791
      vertex 300.219 410 62.0791
      vertex 300.865 410 64.0674
    endloop
  endfacet
  facet normal 0 1 0
    outer loop
      vertex 320 410 60
      vertex 300.219 410 62.0791
      vertex 319.781 410 62.0791
    endloop
  endfacet
  facet normal 0 1 0
    outer loop
      vertex 320 410 60
      vertex 300 410 60
      vertex 300.219 410 62.0791
    endloop
  endfacet
  facet normal 0 1 -0
    outer loop
      vertex 319.781 410 57.9209
      vertex 300 410 60
      vertex 320 410 60
    endloop
  endfacet
  facet normal 0 1 0
    outer loop
      vertex 319.781 410 57.9209
      vertex 300.219 410 57.9209
      vertex 300 410 60
    endloop
  endfacet
  facet normal 0 1 -0
    outer loop
      vertex 319.135 410 55.9326
      vertex 300.219 410 57.9209
      vertex 319.781 410 57.9209
    endloop
  endfacet
  facet normal 0 1 0
    outer loop
      vertex 319.135 410 55.9326
      vertex 300.865 410 55.9326
      vertex 300.219 410 57.9209
    endloop
  endfacet
  facet normal 0 1 -0
    outer loop
      vertex 318.09 410 54.1221
      vertex 300.865 410 55.9326
      vertex 319.135 410 55.9326
    endloop
  endfacet
  facet normal 0 1 0
    outer loop
      vertex 318.09 410 54.1221
      vertex 301.91 410 54.1221
      vertex 300.865 410 55.9326
    endloop
  endfacet
  facet normal 0 1 -0
    outer loop
      vertex 316.691 410 52.5686
      vertex 301.91 410 54.1221
      vertex 318.09 410 54.1221
    endloop
  endfacet
  facet normal 0 1 0
    outer loop
      vertex 316.691 410 52.5686
      vertex 303.309 410 52.5686
      vertex 301.91 410 54.1221
    endloop
  endfacet
  facet normal 0 1 -0
    outer loop
      vertex 315 410 51.3397
      vertex 303.309 410 52.5686
      vertex 316.691 410 52.5686
    endloop
  endfacet
  facet normal 0 1 0
    outer loop
      vertex 315 410 51.3397
      vertex 305 410 51.3397
      vertex 303.309 410 52.5686
    endloop
  endfacet
  facet normal 0 1 -0
    outer loop
      vertex 313.09 410 50.4894
      vertex 305 410 51.3397
      vertex 315 410 51.3397
    endloop
  endfacet
  facet normal 0 1 0
    outer loop
      vertex 313.09 410 50.4894
      vertex 306.91 410 50.4894
      vertex 305 410 51.3397
    endloop
  endfacet
  facet normal 0 1 -0
    outer loop
      vertex 311.045 410 50.0548
      vertex 306.91 410 50.4894
      vertex 313.09 410 50.4894
    endloop
  endfacet
  facet normal 0 1 0
    outer loop
      vertex 306.91 410 50.4894
      vertex 311.045 410 50.0548
      vertex 308.955 410 50.0548
    endloop
  endfacet
  facet normal -0.994498 0 -0.104755
    outer loop
      vertex 300.219 410 57.9209
      vertex 300 2.49996 60
      vertex 300 410 60
    endloop
  endfacet
  facet normal -0.994498 0 -0.104755
    outer loop
      vertex 300 2.49996 60
      vertex 300.219 410 57.9209
      vertex 300.219 0.420845 57.9209
    endloop
  endfacet
  facet normal -0.994498 0 -0.104755
    outer loop
      vertex 300.219 -410 57.9209
      vertex 300 -2.49996 60
      vertex 300.219 -0.420845 57.9209
    endloop
  endfacet
  facet normal -0.994498 -0 -0.104755
    outer loop
      vertex 300 -2.49996 60
      vertex 300.219 -410 57.9209
      vertex 300 -410 60
    endloop
  endfacet
  facet normal 0.406702 0 0.913561
    outer loop
      vertex 313.09 410 69.5106
      vertex 315 -410 68.6603
      vertex 315 410 68.6603
    endloop
  endfacet
  facet normal 0.406702 0 0.913561
    outer loop
      vertex 315 -410 68.6603
      vertex 313.09 410 69.5106
      vertex 313.09 -410 69.5106
    endloop
  endfacet
  facet normal -0.406702 0 0.913561
    outer loop
      vertex 305 410 68.6603
      vertex 306.91 -410 69.5106
      vertex 306.91 410 69.5106
    endloop
  endfacet
  facet normal -0.406702 0 0.913561
    outer loop
      vertex 306.91 -410 69.5106
      vertex 305 410 68.6603
      vertex 305 -410 68.6603
    endloop
  endfacet
  facet normal 0 -1 0
    outer loop
      vertex 306.91 -410 69.5106
      vertex 311.045 -410 69.9452
      vertex 308.955 -410 69.9452
    endloop
  endfacet
  facet normal 0 -1 0
    outer loop
      vertex 306.91 -410 69.5106
      vertex 313.09 -410 69.5106
      vertex 311.045 -410 69.9452
    endloop
  endfacet
  facet normal 0 -1 0
    outer loop
      vertex 305 -410 68.6603
      vertex 313.09 -410 69.5106
      vertex 306.91 -410 69.5106
    endloop
  endfacet
  facet normal 0 -1 0
    outer loop
      vertex 305 -410 68.6603
      vertex 315 -410 68.6603
      vertex 313.09 -410 69.5106
    endloop
  endfacet
  facet normal 0 -1 0
    outer loop
      vertex 303.309 -410 67.4314
      vertex 315 -410 68.6603
      vertex 305 -410 68.6603
    endloop
  endfacet
  facet normal 0 -1 0
    outer loop
      vertex 303.309 -410 67.4314
      vertex 316.691 -410 67.4314
      vertex 315 -410 68.6603
    endloop
  endfacet
  facet normal 0 -1 0
    outer loop
      vertex 301.91 -410 65.8779
      vertex 316.691 -410 67.4314
      vertex 303.309 -410 67.4314
    endloop
  endfacet
  facet normal 0 -1 0
    outer loop
      vertex 301.91 -410 65.8779
      vertex 318.09 -410 65.8779
      vertex 316.691 -410 67.4314
    endloop
  endfacet
  facet normal 0 -1 0
    outer loop
      vertex 300.865 -410 64.0674
      vertex 318.09 -410 65.8779
      vertex 301.91 -410 65.8779
    endloop
  endfacet
  facet normal 0 -1 0
    outer loop
      vertex 300.865 -410 64.0674
      vertex 319.135 -410 64.0674
      vertex 318.09 -410 65.8779
    endloop
  endfacet
  facet normal 0 -1 0
    outer loop
      vertex 300.219 -410 62.0791
      vertex 319.135 -410 64.0674
      vertex 300.865 -410 64.0674
    endloop
  endfacet
  facet normal 0 -1 0
    outer loop
      vertex 300.219 -410 62.0791
      vertex 319.781 -410 62.0791
      vertex 319.135 -410 64.0674
    endloop
  endfacet
  facet normal 0 -1 0
    outer loop
      vertex 300 -410 60
      vertex 319.781 -410 62.0791
      vertex 300.219 -410 62.0791
    endloop
  endfacet
  facet normal 0 -1 0
    outer loop
      vertex 300 -410 60
      vertex 320 -410 60
      vertex 319.781 -410 62.0791
    endloop
  endfacet
  facet normal 0 -1 0
    outer loop
      vertex 300.219 -410 57.9209
      vertex 320 -410 60
      vertex 300 -410 60
    endloop
  endfacet
  facet normal 0 -1 0
    outer loop
      vertex 300.219 -410 57.9209
      vertex 319.781 -410 57.9209
      vertex 320 -410 60
    endloop
  endfacet
  facet normal 0 -1 0
    outer loop
      vertex 300.865 -410 55.9326
      vertex 319.781 -410 57.9209
      vertex 300.219 -410 57.9209
    endloop
  endfacet
  facet normal 0 -1 0
    outer loop
      vertex 300.865 -410 55.9326
      vertex 319.135 -410 55.9326
      vertex 319.781 -410 57.9209
    endloop
  endfacet
  facet normal 0 -1 0
    outer loop
      vertex 301.91 -410 54.1221
      vertex 319.135 -410 55.9326
      vertex 300.865 -410 55.9326
    endloop
  endfacet
  facet normal 0 -1 0
    outer loop
      vertex 301.91 -410 54.1221
      vertex 318.09 -410 54.1221
      vertex 319.135 -410 55.9326
    endloop
  endfacet
  facet normal 0 -1 0
    outer loop
      vertex 303.309 -410 52.5686
      vertex 318.09 -410 54.1221
      vertex 301.91 -410 54.1221
    endloop
  endfacet
  facet normal 0 -1 0
    outer loop
      vertex 303.309 -410 52.5686
      vertex 316.691 -410 52.5686
      vertex 318.09 -410 54.1221
    endloop
  endfacet
  facet normal 0 -1 0
    outer loop
      vertex 305 -410 51.3397
      vertex 316.691 -410 52.5686
      vertex 303.309 -410 52.5686
    endloop
  endfacet
  facet normal 0 -1 0
    outer loop
      vertex 305 -410 51.3397
      vertex 315 -410 51.3397
      vertex 316.691 -410 52.5686
    endloop
  endfacet
  facet normal 0 -1 0
    outer loop
      vertex 306.91 -410 50.4894
      vertex 315 -410 51.3397
      vertex 305 -410 51.3397
    endloop
  endfacet
  facet normal 0 -1 0
    outer loop
      vertex 306.91 -410 50.4894
      vertex 313.09 -410 50.4894
      vertex 315 -410 51.3397
    endloop
  endfacet
  facet normal 0 -1 0
    outer loop
      vertex 308.955 -410 50.0548
      vertex 313.09 -410 50.4894
      vertex 306.91 -410 50.4894
    endloop
  endfacet
  facet normal 0 -1 0
    outer loop
      vertex 313.09 -410 50.4894
      vertex 308.955 -410 50.0548
      vertex 311.045 -410 50.0548
    endloop
  endfacet
  facet normal -0.207876 0 0.978155
    outer loop
      vertex 306.91 410 69.5106
      vertex 308.955 1.45468 69.9452
      vertex 308.955 410 69.9452
    endloop
  endfacet
  facet normal -0.207867 4.74827e-08 0.978157
    outer loop
      vertex 308.955 1.45468 69.9452
      vertex 306.91 410 69.5106
      vertex 307.5 0 69.636
    endloop
  endfacet
  facet normal -0.207867 -4.74827e-08 0.978157
    outer loop
      vertex 306.91 -410 69.5106
      vertex 308.955 -1.45468 69.9452
      vertex 307.5 0 69.636
    endloop
  endfacet
  facet normal -0.207876 0 0.978155
    outer loop
      vertex 308.955 -1.45468 69.9452
      vertex 306.91 -410 69.5106
      vertex 308.955 -410 69.9452
    endloop
  endfacet
  facet normal -0.207898 0 0.97815
    outer loop
      vertex 306.91 -410 69.5106
      vertex 307.5 0 69.636
      vertex 306.91 410 69.5106
    endloop
  endfacet
  facet normal 0.866086 0 -0.499895
    outer loop
      vertex 319.135 -410 55.9326
      vertex 318.09 410 54.1221
      vertex 319.135 410 55.9326
    endloop
  endfacet
  facet normal 0.866086 0 -0.499895
    outer loop
      vertex 318.09 410 54.1221
      vertex 319.135 -410 55.9326
      vertex 318.09 -410 54.1221
    endloop
  endfacet
  facet normal -0.207876 0 -0.978155
    outer loop
      vertex 306.91 -410 50.4894
      vertex 308.955 410 50.0548
      vertex 308.955 -410 50.0548
    endloop
  endfacet
  facet normal -0.207876 0 -0.978155
    outer loop
      vertex 308.955 410 50.0548
      vertex 306.91 -410 50.4894
      vertex 306.91 410 50.4894
    endloop
  endfacet
  facet normal 0.866086 -0 0.499895
    outer loop
      vertex 318.09 -410 65.8779
      vertex 319.135 410 64.0674
      vertex 318.09 410 65.8779
    endloop
  endfacet
  facet normal 0.866086 0 0.499895
    outer loop
      vertex 319.135 410 64.0674
      vertex 318.09 -410 65.8779
      vertex 319.135 -410 64.0674
    endloop
  endfacet
  facet normal 0.951062 0 -0.309001
    outer loop
      vertex 319.781 -410 57.9209
      vertex 319.135 410 55.9326
      vertex 319.781 410 57.9209
    endloop
  endfacet
  facet normal 0.951062 0 -0.309001
    outer loop
      vertex 319.135 410 55.9326
      vertex 319.781 -410 57.9209
      vertex 319.135 -410 55.9326
    endloop
  endfacet
  facet normal -0.587884 0 0.808945
    outer loop
      vertex 303.309 410 67.4314
      vertex 305 -410 68.6603
      vertex 305 410 68.6603
    endloop
  endfacet
  facet normal -0.587884 0 0.808945
    outer loop
      vertex 305 -410 68.6603
      vertex 303.309 410 67.4314
      vertex 303.309 -410 67.4314
    endloop
  endfacet
  facet normal 0.994498 0 -0.104755
    outer loop
      vertex 320 -410 60
      vertex 319.781 410 57.9209
      vertex 320 410 60
    endloop
  endfacet
  facet normal 0.994498 0 -0.104755
    outer loop
      vertex 319.781 410 57.9209
      vertex 320 -410 60
      vertex 319.781 -410 57.9209
    endloop
  endfacet
  facet normal 0.587884 0 0.808945
    outer loop
      vertex 315 410 68.6603
      vertex 316.691 -410 67.4314
      vertex 316.691 410 67.4314
    endloop
  endfacet
  facet normal 0.587884 0 0.808945
    outer loop
      vertex 316.691 -410 67.4314
      vertex 315 410 68.6603
      vertex 315 -410 68.6603
    endloop
  endfacet
  facet normal 0.207898 0 0.97815
    outer loop
      vertex 313.09 410 69.5106
      vertex 312.5 0 69.636
      vertex 313.09 -410 69.5106
    endloop
  endfacet
  facet normal 0.207876 -0 0.978155
    outer loop
      vertex 311.045 1.45468 69.9452
      vertex 313.09 410 69.5106
      vertex 311.045 410 69.9452
    endloop
  endfacet
  facet normal 0.207867 4.74827e-08 0.978157
    outer loop
      vertex 313.09 410 69.5106
      vertex 311.045 1.45468 69.9452
      vertex 312.5 0 69.636
    endloop
  endfacet
  facet normal 0.207867 -4.74827e-08 0.978157
    outer loop
      vertex 311.045 -1.45468 69.9452
      vertex 313.09 -410 69.5106
      vertex 312.5 0 69.636
    endloop
  endfacet
  facet normal 0.207876 0 0.978155
    outer loop
      vertex 313.09 -410 69.5106
      vertex 311.045 -1.45468 69.9452
      vertex 311.045 -410 69.9452
    endloop
  endfacet
  facet normal 0 0 1
    outer loop
      vertex 311.045 410 69.9452
      vertex 310 2.49996 69.9452
      vertex 311.045 1.45468 69.9452
    endloop
  endfacet
  facet normal -0 0 1
    outer loop
      vertex 308.955 410 69.9452
      vertex 310 2.49996 69.9452
      vertex 311.045 410 69.9452
    endloop
  endfacet
  facet normal 0 0 1
    outer loop
      vertex 310 2.49996 69.9452
      vertex 308.955 410 69.9452
      vertex 308.955 1.45468 69.9452
    endloop
  endfacet
  facet normal -0 0 1
    outer loop
      vertex 310 -2.49996 69.9452
      vertex 311.045 -410 69.9452
      vertex 311.045 -1.45468 69.9452
    endloop
  endfacet
  facet normal 0 0 1
    outer loop
      vertex 308.955 -410 69.9452
      vertex 310 -2.49996 69.9452
      vertex 308.955 -1.45468 69.9452
    endloop
  endfacet
  facet normal 0 0 1
    outer loop
      vertex 310 -2.49996 69.9452
      vertex 308.955 -410 69.9452
      vertex 311.045 -410 69.9452
    endloop
  endfacet
  facet normal 0 0 -1
    outer loop
      vertex 308.955 -410 50.0548
      vertex 311.045 410 50.0548
      vertex 311.045 -410 50.0548
    endloop
  endfacet
  facet normal -0 0 -1
    outer loop
      vertex 311.045 410 50.0548
      vertex 308.955 -410 50.0548
      vertex 308.955 410 50.0548
    endloop
  endfacet
  facet normal 0.994498 -0 0.104755
    outer loop
      vertex 319.781 -410 62.0791
      vertex 320 410 60
      vertex 319.781 410 62.0791
    endloop
  endfacet
  facet normal 0.994498 0 0.104755
    outer loop
      vertex 320 410 60
      vertex 319.781 -410 62.0791
      vertex 320 -410 60
    endloop
  endfacet
  facet normal -1 0 0
    outer loop
      vertex -350 321.875 100
      vertex -350 322.875 119.5
      vertex -350 322.875 100
    endloop
  endfacet
  facet normal -1 -0 0
    outer loop
      vertex -350 322.875 119.5
      vertex -350 321.875 100
      vertex -350 321.875 119.5
    endloop
  endfacet
  facet normal 1 -0 0
    outer loop
      vertex -300 321.875 120
      vertex -300 322.875 50
      vertex -300 322.875 120
    endloop
  endfacet
  facet normal 1 0 0
    outer loop
      vertex -300 322.875 50
      vertex -300 321.875 120
      vertex -300 321.875 50
    endloop
  endfacet
  facet normal 0 -1 0
    outer loop
      vertex -350 321.875 100
      vertex -312.75 321.875 64.7631
      vertex -310.955 321.875 65.4164
    endloop
  endfacet
  facet normal 0 -1 0
    outer loop
      vertex -350 321.875 100
      vertex -314.213 321.875 63.5353
      vertex -312.75 321.875 64.7631
    endloop
  endfacet
  facet normal 0 -1 0
    outer loop
      vertex -350 321.875 100
      vertex -315.168 321.875 61.8811
      vertex -314.213 321.875 63.5353
    endloop
  endfacet
  facet normal 0 -1 0
    outer loop
      vertex -320 321.875 50
      vertex -315.168 321.875 61.8811
      vertex -350 321.875 100
    endloop
  endfacet
  facet normal 0 -1 0
    outer loop
      vertex -315.168 321.875 61.8811
      vertex -320 321.875 50
      vertex -315.5 321.875 60
    endloop
  endfacet
  facet normal 0 -1 -0
    outer loop
      vertex -315.5 321.875 60
      vertex -320 321.875 50
      vertex -315.168 321.875 58.1189
    endloop
  endfacet
  facet normal 0 -1 -0
    outer loop
      vertex -310.955 321.875 54.5836
      vertex -320 321.875 50
      vertex -309.045 321.875 54.5836
    endloop
  endfacet
  facet normal 0 -1 -0
    outer loop
      vertex -312.75 321.875 55.2369
      vertex -320 321.875 50
      vertex -310.955 321.875 54.5836
    endloop
  endfacet
  facet normal 0 -1 -0
    outer loop
      vertex -314.213 321.875 56.4647
      vertex -320 321.875 50
      vertex -312.75 321.875 55.2369
    endloop
  endfacet
  facet normal 0 -1 -0
    outer loop
      vertex -315.168 321.875 58.1189
      vertex -320 321.875 50
      vertex -314.213 321.875 56.4647
    endloop
  endfacet
  facet normal 0 -1 0
    outer loop
      vertex -350 321.875 119.5
      vertex -338.75 321.875 120.5
      vertex -361.25 321.875 120.5
    endloop
  endfacet
  facet normal 0 -1 0
    outer loop
      vertex -350 321.875 119.5
      vertex -361.25 321.875 120.5
      vertex -361.25 321.875 119.5
    endloop
  endfacet
  facet normal 0 -1 -0
    outer loop
      vertex -338.75 321.875 120.5
      vertex -350 321.875 119.5
      vertex -338.75 321.875 120
    endloop
  endfacet
  facet normal 0 -1 0
    outer loop
      vertex -350 321.875 100
      vertex -338.75 321.875 120
      vertex -350 321.875 119.5
    endloop
  endfacet
  facet normal 0 -1 -0
    outer loop
      vertex -338.75 321.875 120
      vertex -350 321.875 100
      vertex -300 321.875 120
    endloop
  endfacet
  facet normal 0 -1 0
    outer loop
      vertex -310.955 321.875 65.4164
      vertex -300 321.875 120
      vertex -350 321.875 100
    endloop
  endfacet
  facet normal 0 -1 0
    outer loop
      vertex -309.045 321.875 65.4164
      vertex -300 321.875 120
      vertex -310.955 321.875 65.4164
    endloop
  endfacet
  facet normal 0 -1 0
    outer loop
      vertex -307.25 321.875 64.7631
      vertex -300 321.875 120
      vertex -309.045 321.875 65.4164
    endloop
  endfacet
  facet normal 0 -1 0
    outer loop
      vertex -305.787 321.875 63.5353
      vertex -300 321.875 120
      vertex -307.25 321.875 64.7631
    endloop
  endfacet
  facet normal 0 -1 0
    outer loop
      vertex -304.832 321.875 61.8811
      vertex -300 321.875 120
      vertex -305.787 321.875 63.5353
    endloop
  endfacet
  facet normal 0 -1 0
    outer loop
      vertex -300 321.875 50
      vertex -304.832 321.875 61.8811
      vertex -304.5 321.875 60
    endloop
  endfacet
  facet normal 0 -1 0
    outer loop
      vertex -300 321.875 50
      vertex -309.045 321.875 54.5836
      vertex -320 321.875 50
    endloop
  endfacet
  facet normal 0 -1 0
    outer loop
      vertex -304.832 321.875 61.8811
      vertex -300 321.875 50
      vertex -300 321.875 120
    endloop
  endfacet
  facet normal 0 -1 0
    outer loop
      vertex -304.832 321.875 58.1189
      vertex -300 321.875 50
      vertex -304.5 321.875 60
    endloop
  endfacet
  facet normal 0 -1 0
    outer loop
      vertex -305.787 321.875 56.4647
      vertex -300 321.875 50
      vertex -304.832 321.875 58.1189
    endloop
  endfacet
  facet normal 0 -1 0
    outer loop
      vertex -307.25 321.875 55.2369
      vertex -300 321.875 50
      vertex -305.787 321.875 56.4647
    endloop
  endfacet
  facet normal 0 -1 0
    outer loop
      vertex -309.045 321.875 54.5836
      vertex -300 321.875 50
      vertex -307.25 321.875 55.2369
    endloop
  endfacet
  facet normal -0.857493 0 -0.514496
    outer loop
      vertex -320 321.875 50
      vertex -350 322.875 100
      vertex -320 322.875 50
    endloop
  endfacet
  facet normal -0.857493 -0 -0.514496
    outer loop
      vertex -350 322.875 100
      vertex -320 321.875 50
      vertex -350 321.875 100
    endloop
  endfacet
  facet normal -0 0 1
    outer loop
      vertex -338.75 322.875 120
      vertex -300 321.875 120
      vertex -300 322.875 120
    endloop
  endfacet
  facet normal 0 0 1
    outer loop
      vertex -300 321.875 120
      vertex -338.75 322.875 120
      vertex -338.75 321.875 120
    endloop
  endfacet
  facet normal 0 0 -1
    outer loop
      vertex -320 321.875 50
      vertex -300 322.875 50
      vertex -300 321.875 50
    endloop
  endfacet
  facet normal -0 0 -1
    outer loop
      vertex -300 322.875 50
      vertex -320 321.875 50
      vertex -320 322.875 50
    endloop
  endfacet
  facet normal 0 1 0
    outer loop
      vertex -300 322.875 120
      vertex -338.75 322.875 119.5
      vertex -338.75 322.875 120
    endloop
  endfacet
  facet normal 0 1 0
    outer loop
      vertex -338.75 322.875 119.5
      vertex -350 322.875 100
      vertex -350 322.875 119.5
    endloop
  endfacet
  facet normal 0 1 0
    outer loop
      vertex -300 322.875 120
      vertex -350 322.875 100
      vertex -338.75 322.875 119.5
    endloop
  endfacet
  facet normal 0 1 0
    outer loop
      vertex -310.955 322.875 65.4164
      vertex -300 322.875 120
      vertex -309.045 322.875 65.4164
    endloop
  endfacet
  facet normal 0 1 0
    outer loop
      vertex -300 322.875 120
      vertex -307.25 322.875 64.7631
      vertex -309.045 322.875 65.4164
    endloop
  endfacet
  facet normal 0 1 0
    outer loop
      vertex -300 322.875 120
      vertex -305.787 322.875 63.5353
      vertex -307.25 322.875 64.7631
    endloop
  endfacet
  facet normal 0 1 0
    outer loop
      vertex -300 322.875 120
      vertex -304.832 322.875 61.8811
      vertex -305.787 322.875 63.5353
    endloop
  endfacet
  facet normal 0 1 -0
    outer loop
      vertex -300 322.875 50
      vertex -304.832 322.875 61.8811
      vertex -300 322.875 120
    endloop
  endfacet
  facet normal 0 1 0
    outer loop
      vertex -309.045 322.875 54.5836
      vertex -300 322.875 50
      vertex -310.955 322.875 54.5836
    endloop
  endfacet
  facet normal 0 1 0
    outer loop
      vertex -307.25 322.875 55.2369
      vertex -300 322.875 50
      vertex -309.045 322.875 54.5836
    endloop
  endfacet
  facet normal 0 1 0
    outer loop
      vertex -305.787 322.875 56.4647
      vertex -300 322.875 50
      vertex -307.25 322.875 55.2369
    endloop
  endfacet
  facet normal 0 1 0
    outer loop
      vertex -304.832 322.875 58.1189
      vertex -300 322.875 50
      vertex -305.787 322.875 56.4647
    endloop
  endfacet
  facet normal 0 1 0
    outer loop
      vertex -304.5 322.875 60
      vertex -300 322.875 50
      vertex -304.832 322.875 58.1189
    endloop
  endfacet
  facet normal 0 1 0
    outer loop
      vertex -304.832 322.875 61.8811
      vertex -300 322.875 50
      vertex -304.5 322.875 60
    endloop
  endfacet
  facet normal 0 1 0
    outer loop
      vertex -300 322.875 120
      vertex -310.955 322.875 65.4164
      vertex -350 322.875 100
    endloop
  endfacet
  facet normal 0 1 -0
    outer loop
      vertex -312.75 322.875 64.7631
      vertex -350 322.875 100
      vertex -310.955 322.875 65.4164
    endloop
  endfacet
  facet normal 0 1 -0
    outer loop
      vertex -314.213 322.875 63.5353
      vertex -350 322.875 100
      vertex -312.75 322.875 64.7631
    endloop
  endfacet
  facet normal 0 1 -0
    outer loop
      vertex -315.168 322.875 61.8811
      vertex -350 322.875 100
      vertex -314.213 322.875 63.5353
    endloop
  endfacet
  facet normal 0 1 0
    outer loop
      vertex -320 322.875 50
      vertex -315.168 322.875 61.8811
      vertex -315.5 322.875 60
    endloop
  endfacet
  facet normal 0 1 0
    outer loop
      vertex -320 322.875 50
      vertex -315.5 322.875 60
      vertex -315.168 322.875 58.1189
    endloop
  endfacet
  facet normal 0 1 0
    outer loop
      vertex -320 322.875 50
      vertex -315.168 322.875 58.1189
      vertex -314.213 322.875 56.4647
    endloop
  endfacet
  facet normal 0 1 0
    outer loop
      vertex -320 322.875 50
      vertex -310.955 322.875 54.5836
      vertex -300 322.875 50
    endloop
  endfacet
  facet normal 0 1 0
    outer loop
      vertex -315.168 322.875 61.8811
      vertex -320 322.875 50
      vertex -350 322.875 100
    endloop
  endfacet
  facet normal 0 1 0
    outer loop
      vertex -312.75 322.875 55.2369
      vertex -320 322.875 50
      vertex -314.213 322.875 56.4647
    endloop
  endfacet
  facet normal 0 1 0
    outer loop
      vertex -310.955 322.875 54.5836
      vertex -320 322.875 50
      vertex -312.75 322.875 55.2369
    endloop
  endfacet
  facet normal -1 0 0
    outer loop
      vertex -350 377.125 100
      vertex -350 378.125 119.5
      vertex -350 378.125 100
    endloop
  endfacet
  facet normal -1 -0 0
    outer loop
      vertex -350 378.125 119.5
      vertex -350 377.125 100
      vertex -350 377.125 119.5
    endloop
  endfacet
  facet normal 0 -1 0
    outer loop
      vertex -350 377.125 119.5
      vertex -350 377.125 100
      vertex -338.75 377.125 119.5
    endloop
  endfacet
  facet normal 0 -1 0
    outer loop
      vertex -338.75 377.125 119.5
      vertex -300 377.125 120
      vertex -338.75 377.125 120
    endloop
  endfacet
  facet normal 0 -1 0
    outer loop
      vertex -350 377.125 100
      vertex -300 377.125 120
      vertex -338.75 377.125 119.5
    endloop
  endfacet
  facet normal 0 -1 0
    outer loop
      vertex -310.955 377.125 65.4164
      vertex -300 377.125 120
      vertex -350 377.125 100
    endloop
  endfacet
  facet normal 0 -1 0
    outer loop
      vertex -309.045 377.125 65.4164
      vertex -300 377.125 120
      vertex -310.955 377.125 65.4164
    endloop
  endfacet
  facet normal 0 -1 0
    outer loop
      vertex -307.25 377.125 64.7631
      vertex -300 377.125 120
      vertex -309.045 377.125 65.4164
    endloop
  endfacet
  facet normal 0 -1 0
    outer loop
      vertex -305.787 377.125 63.5353
      vertex -300 377.125 120
      vertex -307.25 377.125 64.7631
    endloop
  endfacet
  facet normal 0 -1 0
    outer loop
      vertex -304.832 377.125 61.8811
      vertex -300 377.125 120
      vertex -305.787 377.125 63.5353
    endloop
  endfacet
  facet normal 0 -1 0
    outer loop
      vertex -300 377.125 50
      vertex -304.832 377.125 61.8811
      vertex -304.5 377.125 60
    endloop
  endfacet
  facet normal 0 -1 0
    outer loop
      vertex -300 377.125 50
      vertex -309.045 377.125 54.5836
      vertex -320 377.125 50
    endloop
  endfacet
  facet normal 0 -1 0
    outer loop
      vertex -304.832 377.125 61.8811
      vertex -300 377.125 50
      vertex -300 377.125 120
    endloop
  endfacet
  facet normal 0 -1 0
    outer loop
      vertex -304.832 377.125 58.1189
      vertex -300 377.125 50
      vertex -304.5 377.125 60
    endloop
  endfacet
  facet normal 0 -1 0
    outer loop
      vertex -305.787 377.125 56.4647
      vertex -300 377.125 50
      vertex -304.832 377.125 58.1189
    endloop
  endfacet
  facet normal 0 -1 0
    outer loop
      vertex -307.25 377.125 55.2369
      vertex -300 377.125 50
      vertex -305.787 377.125 56.4647
    endloop
  endfacet
  facet normal 0 -1 0
    outer loop
      vertex -309.045 377.125 54.5836
      vertex -300 377.125 50
      vertex -307.25 377.125 55.2369
    endloop
  endfacet
  facet normal 0 -1 0
    outer loop
      vertex -350 377.125 100
      vertex -312.75 377.125 64.7631
      vertex -310.955 377.125 65.4164
    endloop
  endfacet
  facet normal 0 -1 0
    outer loop
      vertex -350 377.125 100
      vertex -314.213 377.125 63.5353
      vertex -312.75 377.125 64.7631
    endloop
  endfacet
  facet normal 0 -1 0
    outer loop
      vertex -350 377.125 100
      vertex -315.168 377.125 61.8811
      vertex -314.213 377.125 63.5353
    endloop
  endfacet
  facet normal 0 -1 0
    outer loop
      vertex -320 377.125 50
      vertex -315.168 377.125 61.8811
      vertex -350 377.125 100
    endloop
  endfacet
  facet normal 0 -1 0
    outer loop
      vertex -315.168 377.125 61.8811
      vertex -320 377.125 50
      vertex -315.5 377.125 60
    endloop
  endfacet
  facet normal 0 -1 -0
    outer loop
      vertex -315.5 377.125 60
      vertex -320 377.125 50
      vertex -315.168 377.125 58.1189
    endloop
  endfacet
  facet normal 0 -1 -0
    outer loop
      vertex -310.955 377.125 54.5836
      vertex -320 377.125 50
      vertex -309.045 377.125 54.5836
    endloop
  endfacet
  facet normal 0 -1 -0
    outer loop
      vertex -312.75 377.125 55.2369
      vertex -320 377.125 50
      vertex -310.955 377.125 54.5836
    endloop
  endfacet
  facet normal 0 -1 -0
    outer loop
      vertex -314.213 377.125 56.4647
      vertex -320 377.125 50
      vertex -312.75 377.125 55.2369
    endloop
  endfacet
  facet normal 0 -1 -0
    outer loop
      vertex -315.168 377.125 58.1189
      vertex -320 377.125 50
      vertex -314.213 377.125 56.4647
    endloop
  endfacet
  facet normal 1 -0 0
    outer loop
      vertex -300 377.125 120
      vertex -300 378.125 50
      vertex -300 378.125 120
    endloop
  endfacet
  facet normal 1 0 0
    outer loop
      vertex -300 378.125 50
      vertex -300 377.125 120
      vertex -300 377.125 50
    endloop
  endfacet
  facet normal -0.857493 0 -0.514496
    outer loop
      vertex -320 377.125 50
      vertex -350 378.125 100
      vertex -320 378.125 50
    endloop
  endfacet
  facet normal -0.857493 -0 -0.514496
    outer loop
      vertex -350 378.125 100
      vertex -320 377.125 50
      vertex -350 377.125 100
    endloop
  endfacet
  facet normal 0 0 -1
    outer loop
      vertex -320 377.125 50
      vertex -300 378.125 50
      vertex -300 377.125 50
    endloop
  endfacet
  facet normal -0 0 -1
    outer loop
      vertex -300 378.125 50
      vertex -320 377.125 50
      vertex -320 378.125 50
    endloop
  endfacet
  facet normal -0 0 1
    outer loop
      vertex -338.75 378.125 120
      vertex -300 377.125 120
      vertex -300 378.125 120
    endloop
  endfacet
  facet normal 0 0 1
    outer loop
      vertex -300 377.125 120
      vertex -338.75 378.125 120
      vertex -338.75 377.125 120
    endloop
  endfacet
  facet normal 0 1 0
    outer loop
      vertex -350 378.125 100
      vertex -338.75 378.125 120
      vertex -300 378.125 120
    endloop
  endfacet
  facet normal 0 1 0
    outer loop
      vertex -338.75 378.125 120
      vertex -350 378.125 100
      vertex -350 378.125 119.5
    endloop
  endfacet
  facet normal 0 1 0
    outer loop
      vertex -310.955 378.125 65.4164
      vertex -300 378.125 120
      vertex -309.045 378.125 65.4164
    endloop
  endfacet
  facet normal 0 1 0
    outer loop
      vertex -300 378.125 120
      vertex -307.25 378.125 64.7631
      vertex -309.045 378.125 65.4164
    endloop
  endfacet
  facet normal 0 1 0
    outer loop
      vertex -300 378.125 120
      vertex -305.787 378.125 63.5353
      vertex -307.25 378.125 64.7631
    endloop
  endfacet
  facet normal 0 1 0
    outer loop
      vertex -300 378.125 120
      vertex -304.832 378.125 61.8811
      vertex -305.787 378.125 63.5353
    endloop
  endfacet
  facet normal 0 1 -0
    outer loop
      vertex -300 378.125 50
      vertex -304.832 378.125 61.8811
      vertex -300 378.125 120
    endloop
  endfacet
  facet normal 0 1 0
    outer loop
      vertex -309.045 378.125 54.5836
      vertex -300 378.125 50
      vertex -310.955 378.125 54.5836
    endloop
  endfacet
  facet normal 0 1 0
    outer loop
      vertex -307.25 378.125 55.2369
      vertex -300 378.125 50
      vertex -309.045 378.125 54.5836
    endloop
  endfacet
  facet normal 0 1 0
    outer loop
      vertex -305.787 378.125 56.4647
      vertex -300 378.125 50
      vertex -307.25 378.125 55.2369
    endloop
  endfacet
  facet normal 0 1 0
    outer loop
      vertex -304.832 378.125 58.1189
      vertex -300 378.125 50
      vertex -305.787 378.125 56.4647
    endloop
  endfacet
  facet normal 0 1 0
    outer loop
      vertex -304.5 378.125 60
      vertex -300 378.125 50
      vertex -304.832 378.125 58.1189
    endloop
  endfacet
  facet normal 0 1 0
    outer loop
      vertex -304.832 378.125 61.8811
      vertex -300 378.125 50
      vertex -304.5 378.125 60
    endloop
  endfacet
  facet normal 0 1 0
    outer loop
      vertex -350 378.125 119.5
      vertex -338.75 378.125 120.5
      vertex -338.75 378.125 120
    endloop
  endfacet
  facet normal 0 1 0
    outer loop
      vertex -338.75 378.125 120.5
      vertex -350 378.125 119.5
      vertex -361.25 378.125 120.5
    endloop
  endfacet
  facet normal 0 1 0
    outer loop
      vertex -361.25 378.125 120.5
      vertex -350 378.125 119.5
      vertex -361.25 378.125 119.5
    endloop
  endfacet
  facet normal 0 1 0
    outer loop
      vertex -300 378.125 120
      vertex -310.955 378.125 65.4164
      vertex -350 378.125 100
    endloop
  endfacet
  facet normal 0 1 -0
    outer loop
      vertex -312.75 378.125 64.7631
      vertex -350 378.125 100
      vertex -310.955 378.125 65.4164
    endloop
  endfacet
  facet normal 0 1 -0
    outer loop
      vertex -314.213 378.125 63.5353
      vertex -350 378.125 100
      vertex -312.75 378.125 64.7631
    endloop
  endfacet
  facet normal 0 1 -0
    outer loop
      vertex -315.168 378.125 61.8811
      vertex -350 378.125 100
      vertex -314.213 378.125 63.5353
    endloop
  endfacet
  facet normal 0 1 0
    outer loop
      vertex -320 378.125 50
      vertex -315.168 378.125 61.8811
      vertex -315.5 378.125 60
    endloop
  endfacet
  facet normal 0 1 0
    outer loop
      vertex -320 378.125 50
      vertex -315.5 378.125 60
      vertex -315.168 378.125 58.1189
    endloop
  endfacet
  facet normal 0 1 0
    outer loop
      vertex -320 378.125 50
      vertex -315.168 378.125 58.1189
      vertex -314.213 378.125 56.4647
    endloop
  endfacet
  facet normal 0 1 0
    outer loop
      vertex -320 378.125 50
      vertex -310.955 378.125 54.5836
      vertex -300 378.125 50
    endloop
  endfacet
  facet normal 0 1 0
    outer loop
      vertex -315.168 378.125 61.8811
      vertex -320 378.125 50
      vertex -350 378.125 100
    endloop
  endfacet
  facet normal 0 1 0
    outer loop
      vertex -312.75 378.125 55.2369
      vertex -320 378.125 50
      vertex -314.213 378.125 56.4647
    endloop
  endfacet
  facet normal 0 1 0
    outer loop
      vertex -310.955 378.125 54.5836
      vertex -320 378.125 50
      vertex -312.75 378.125 55.2369
    endloop
  endfacet
  facet normal 1 0 0
    outer loop
      vertex -338.75 378.125 120.5
      vertex -338.75 377.125 120
      vertex -338.75 378.125 120
    endloop
  endfacet
  facet normal 1 0 0
    outer loop
      vertex -338.75 377.125 120
      vertex -338.75 322.875 120
      vertex -338.75 377.125 119.5
    endloop
  endfacet
  facet normal 1 0 0
    outer loop
      vertex -338.75 378.125 120.5
      vertex -338.75 322.875 120
      vertex -338.75 377.125 120
    endloop
  endfacet
  facet normal 1 -0 0
    outer loop
      vertex -338.75 321.875 120.5
      vertex -338.75 322.875 120
      vertex -338.75 378.125 120.5
    endloop
  endfacet
  facet normal 1 0 0
    outer loop
      vertex -338.75 322.875 120
      vertex -338.75 321.875 120.5
      vertex -338.75 321.875 120
    endloop
  endfacet
  facet normal 1 0 0
    outer loop
      vertex -338.75 377.125 119.5
      vertex -338.75 322.875 120
      vertex -338.75 322.875 119.5
    endloop
  endfacet
  facet normal 0 0 1
    outer loop
      vertex -338.75 378.125 120.5
      vertex -345 350 120.5
      vertex -338.75 321.875 120.5
    endloop
  endfacet
  facet normal 0 0 1
    outer loop
      vertex -338.75 378.125 120.5
      vertex -345.381 351.913 120.5
      vertex -345 350 120.5
    endloop
  endfacet
  facet normal 0 0 1
    outer loop
      vertex -338.75 378.125 120.5
      vertex -346.464 353.536 120.5
      vertex -345.381 351.913 120.5
    endloop
  endfacet
  facet normal 0 0 1
    outer loop
      vertex -338.75 378.125 120.5
      vertex -348.087 354.619 120.5
      vertex -346.464 353.536 120.5
    endloop
  endfacet
  facet normal 0 0 1
    outer loop
      vertex -338.75 378.125 120.5
      vertex -350 355 120.5
      vertex -348.087 354.619 120.5
    endloop
  endfacet
  facet normal -0 0 1
    outer loop
      vertex -361.25 378.125 120.5
      vertex -350 355 120.5
      vertex -338.75 378.125 120.5
    endloop
  endfacet
  facet normal 0 0 1
    outer loop
      vertex -350 355 120.5
      vertex -361.25 378.125 120.5
      vertex -351.913 354.619 120.5
    endloop
  endfacet
  facet normal 0 0 1
    outer loop
      vertex -351.913 354.619 120.5
      vertex -361.25 378.125 120.5
      vertex -353.536 353.536 120.5
    endloop
  endfacet
  facet normal 0 0 1
    outer loop
      vertex -354.619 351.913 120.5
      vertex -361.25 378.125 120.5
      vertex -355 350 120.5
    endloop
  endfacet
  facet normal 0 0 1
    outer loop
      vertex -353.536 353.536 120.5
      vertex -361.25 378.125 120.5
      vertex -354.619 351.913 120.5
    endloop
  endfacet
  facet normal -0 0 1
    outer loop
      vertex -345.381 348.087 120.5
      vertex -338.75 321.875 120.5
      vertex -345 350 120.5
    endloop
  endfacet
  facet normal -0 0 1
    outer loop
      vertex -346.464 346.464 120.5
      vertex -338.75 321.875 120.5
      vertex -345.381 348.087 120.5
    endloop
  endfacet
  facet normal -0 0 1
    outer loop
      vertex -348.087 345.381 120.5
      vertex -338.75 321.875 120.5
      vertex -346.464 346.464 120.5
    endloop
  endfacet
  facet normal -0 0 1
    outer loop
      vertex -350 345 120.5
      vertex -338.75 321.875 120.5
      vertex -348.087 345.381 120.5
    endloop
  endfacet
  facet normal 0 0 1
    outer loop
      vertex -361.25 321.875 120.5
      vertex -350 345 120.5
      vertex -351.913 345.381 120.5
    endloop
  endfacet
  facet normal 0 0 1
    outer loop
      vertex -361.25 321.875 120.5
      vertex -351.913 345.381 120.5
      vertex -353.536 346.464 120.5
    endloop
  endfacet
  facet normal 0 0 1
    outer loop
      vertex -361.25 321.875 120.5
      vertex -353.536 346.464 120.5
      vertex -354.619 348.087 120.5
    endloop
  endfacet
  facet normal 0 0 1
    outer loop
      vertex -361.25 321.875 120.5
      vertex -355 350 120.5
      vertex -361.25 378.125 120.5
    endloop
  endfacet
  facet normal 0 0 1
    outer loop
      vertex -350 345 120.5
      vertex -361.25 321.875 120.5
      vertex -338.75 321.875 120.5
    endloop
  endfacet
  facet normal 0 0 1
    outer loop
      vertex -355 350 120.5
      vertex -361.25 321.875 120.5
      vertex -354.619 348.087 120.5
    endloop
  endfacet
  facet normal 0 0 -1
    outer loop
      vertex -361.25 321.875 119.5
      vertex -350 322.875 119.5
      vertex -350 321.875 119.5
    endloop
  endfacet
  facet normal -0 0 -1
    outer loop
      vertex -350 322.875 119.5
      vertex -361.25 321.875 119.5
      vertex -350 377.125 119.5
    endloop
  endfacet
  facet normal 0 0 -1
    outer loop
      vertex -361.25 378.125 119.5
      vertex -350 377.125 119.5
      vertex -361.25 321.875 119.5
    endloop
  endfacet
  facet normal 0 0 -1
    outer loop
      vertex -350 377.125 119.5
      vertex -361.25 378.125 119.5
      vertex -350 378.125 119.5
    endloop
  endfacet
  facet normal 0 0 -1
    outer loop
      vertex -350 322.875 119.5
      vertex -338.75 377.125 119.5
      vertex -338.75 322.875 119.5
    endloop
  endfacet
  facet normal -0 0 -1
    outer loop
      vertex -338.75 377.125 119.5
      vertex -350 322.875 119.5
      vertex -350 377.125 119.5
    endloop
  endfacet
  facet normal -1 0 0
    outer loop
      vertex -361.25 321.875 119.5
      vertex -361.25 378.125 120.5
      vertex -361.25 378.125 119.5
    endloop
  endfacet
  facet normal -1 -0 0
    outer loop
      vertex -361.25 378.125 120.5
      vertex -361.25 321.875 119.5
      vertex -361.25 321.875 120.5
    endloop
  endfacet
  facet normal -0.866037 0 -0.499979
    outer loop
      vertex -304.832 321.875 61.8811
      vertex -305.787 322.875 63.5353
      vertex -304.832 322.875 61.8811
    endloop
  endfacet
  facet normal -0.866037 -0 -0.499979
    outer loop
      vertex -305.787 322.875 63.5353
      vertex -304.832 321.875 61.8811
      vertex -305.787 321.875 63.5353
    endloop
  endfacet
  facet normal -0.866037 0 -0.499979
    outer loop
      vertex -304.832 377.125 61.8811
      vertex -305.787 378.125 63.5353
      vertex -304.832 378.125 61.8811
    endloop
  endfacet
  facet normal -0.866037 -0 -0.499979
    outer loop
      vertex -305.787 378.125 63.5353
      vertex -304.832 377.125 61.8811
      vertex -305.787 377.125 63.5353
    endloop
  endfacet
  facet normal -0.98478 0 -0.173806
    outer loop
      vertex -304.5 321.875 60
      vertex -304.832 322.875 61.8811
      vertex -304.5 322.875 60
    endloop
  endfacet
  facet normal -0.98478 -0 -0.173806
    outer loop
      vertex -304.832 322.875 61.8811
      vertex -304.5 321.875 60
      vertex -304.832 321.875 61.8811
    endloop
  endfacet
  facet normal -0.98478 0 -0.173806
    outer loop
      vertex -304.5 377.125 60
      vertex -304.832 378.125 61.8811
      vertex -304.5 378.125 60
    endloop
  endfacet
  facet normal -0.98478 -0 -0.173806
    outer loop
      vertex -304.832 378.125 61.8811
      vertex -304.5 377.125 60
      vertex -304.832 377.125 61.8811
    endloop
  endfacet
  facet normal 0.98478 -0 0.173806
    outer loop
      vertex -315.5 321.875 60
      vertex -315.168 322.875 58.1189
      vertex -315.5 322.875 60
    endloop
  endfacet
  facet normal 0.98478 0 0.173806
    outer loop
      vertex -315.168 322.875 58.1189
      vertex -315.5 321.875 60
      vertex -315.168 321.875 58.1189
    endloop
  endfacet
  facet normal 0.98478 -0 0.173806
    outer loop
      vertex -315.5 377.125 60
      vertex -315.168 378.125 58.1189
      vertex -315.5 378.125 60
    endloop
  endfacet
  facet normal 0.98478 0 0.173806
    outer loop
      vertex -315.168 378.125 58.1189
      vertex -315.5 377.125 60
      vertex -315.168 377.125 58.1189
    endloop
  endfacet
  facet normal 0.866037 0 -0.499979
    outer loop
      vertex -314.213 321.875 63.5353
      vertex -315.168 322.875 61.8811
      vertex -314.213 322.875 63.5353
    endloop
  endfacet
  facet normal 0.866037 0 -0.499979
    outer loop
      vertex -315.168 322.875 61.8811
      vertex -314.213 321.875 63.5353
      vertex -315.168 321.875 61.8811
    endloop
  endfacet
  facet normal 0.866037 0 -0.499979
    outer loop
      vertex -314.213 377.125 63.5353
      vertex -315.168 378.125 61.8811
      vertex -314.213 378.125 63.5353
    endloop
  endfacet
  facet normal 0.866037 0 -0.499979
    outer loop
      vertex -315.168 378.125 61.8811
      vertex -314.213 377.125 63.5353
      vertex -315.168 377.125 61.8811
    endloop
  endfacet
  facet normal -0.342008 0 0.939697
    outer loop
      vertex -309.045 322.875 54.5836
      vertex -307.25 321.875 55.2369
      vertex -307.25 322.875 55.2369
    endloop
  endfacet
  facet normal -0.342008 0 0.939697
    outer loop
      vertex -307.25 321.875 55.2369
      vertex -309.045 322.875 54.5836
      vertex -309.045 321.875 54.5836
    endloop
  endfacet
  facet normal -0.342008 0 0.939697
    outer loop
      vertex -309.045 378.125 54.5836
      vertex -307.25 377.125 55.2369
      vertex -307.25 378.125 55.2369
    endloop
  endfacet
  facet normal -0.342008 0 0.939697
    outer loop
      vertex -307.25 377.125 55.2369
      vertex -309.045 378.125 54.5836
      vertex -309.045 377.125 54.5836
    endloop
  endfacet
  facet normal -0 0 1
    outer loop
      vertex -310.955 322.875 54.5836
      vertex -309.045 321.875 54.5836
      vertex -309.045 322.875 54.5836
    endloop
  endfacet
  facet normal 0 0 1
    outer loop
      vertex -309.045 321.875 54.5836
      vertex -310.955 322.875 54.5836
      vertex -310.955 321.875 54.5836
    endloop
  endfacet
  facet normal -0 0 1
    outer loop
      vertex -310.955 378.125 54.5836
      vertex -309.045 377.125 54.5836
      vertex -309.045 378.125 54.5836
    endloop
  endfacet
  facet normal 0 0 1
    outer loop
      vertex -309.045 377.125 54.5836
      vertex -310.955 378.125 54.5836
      vertex -310.955 377.125 54.5836
    endloop
  endfacet
  facet normal -0.642848 0 -0.765994
    outer loop
      vertex -307.25 321.875 64.7631
      vertex -305.787 322.875 63.5353
      vertex -305.787 321.875 63.5353
    endloop
  endfacet
  facet normal -0.642848 0 -0.765994
    outer loop
      vertex -305.787 322.875 63.5353
      vertex -307.25 321.875 64.7631
      vertex -307.25 322.875 64.7631
    endloop
  endfacet
  facet normal -0.642848 0 -0.765994
    outer loop
      vertex -307.25 377.125 64.7631
      vertex -305.787 378.125 63.5353
      vertex -305.787 377.125 63.5353
    endloop
  endfacet
  facet normal -0.642848 0 -0.765994
    outer loop
      vertex -305.787 378.125 63.5353
      vertex -307.25 377.125 64.7631
      vertex -307.25 378.125 64.7631
    endloop
  endfacet
  facet normal 0.642848 0 -0.765994
    outer loop
      vertex -314.213 321.875 63.5353
      vertex -312.75 322.875 64.7631
      vertex -312.75 321.875 64.7631
    endloop
  endfacet
  facet normal 0.642848 0 -0.765994
    outer loop
      vertex -312.75 322.875 64.7631
      vertex -314.213 321.875 63.5353
      vertex -314.213 322.875 63.5353
    endloop
  endfacet
  facet normal 0.642848 0 -0.765994
    outer loop
      vertex -314.213 377.125 63.5353
      vertex -312.75 378.125 64.7631
      vertex -312.75 377.125 64.7631
    endloop
  endfacet
  facet normal 0.642848 0 -0.765994
    outer loop
      vertex -312.75 378.125 64.7631
      vertex -314.213 377.125 63.5353
      vertex -314.213 378.125 63.5353
    endloop
  endfacet
  facet normal 0.342008 0 0.939697
    outer loop
      vertex -312.75 322.875 55.2369
      vertex -310.955 321.875 54.5836
      vertex -310.955 322.875 54.5836
    endloop
  endfacet
  facet normal 0.342008 0 0.939697
    outer loop
      vertex -310.955 321.875 54.5836
      vertex -312.75 322.875 55.2369
      vertex -312.75 321.875 55.2369
    endloop
  endfacet
  facet normal 0.342008 0 0.939697
    outer loop
      vertex -312.75 378.125 55.2369
      vertex -310.955 377.125 54.5836
      vertex -310.955 378.125 54.5836
    endloop
  endfacet
  facet normal 0.342008 0 0.939697
    outer loop
      vertex -310.955 377.125 54.5836
      vertex -312.75 378.125 55.2369
      vertex -312.75 377.125 55.2369
    endloop
  endfacet
  facet normal 0.342008 0 -0.939697
    outer loop
      vertex -312.75 321.875 64.7631
      vertex -310.955 322.875 65.4164
      vertex -310.955 321.875 65.4164
    endloop
  endfacet
  facet normal 0.342008 0 -0.939697
    outer loop
      vertex -310.955 322.875 65.4164
      vertex -312.75 321.875 64.7631
      vertex -312.75 322.875 64.7631
    endloop
  endfacet
  facet normal 0.342008 0 -0.939697
    outer loop
      vertex -312.75 377.125 64.7631
      vertex -310.955 378.125 65.4164
      vertex -310.955 377.125 65.4164
    endloop
  endfacet
  facet normal 0.342008 0 -0.939697
    outer loop
      vertex -310.955 378.125 65.4164
      vertex -312.75 377.125 64.7631
      vertex -312.75 378.125 64.7631
    endloop
  endfacet
  facet normal -0.342008 0 -0.939697
    outer loop
      vertex -309.045 321.875 65.4164
      vertex -307.25 322.875 64.7631
      vertex -307.25 321.875 64.7631
    endloop
  endfacet
  facet normal -0.342008 0 -0.939697
    outer loop
      vertex -307.25 322.875 64.7631
      vertex -309.045 321.875 65.4164
      vertex -309.045 322.875 65.4164
    endloop
  endfacet
  facet normal -0.342008 0 -0.939697
    outer loop
      vertex -309.045 377.125 65.4164
      vertex -307.25 378.125 64.7631
      vertex -307.25 377.125 64.7631
    endloop
  endfacet
  facet normal -0.342008 0 -0.939697
    outer loop
      vertex -307.25 378.125 64.7631
      vertex -309.045 377.125 65.4164
      vertex -309.045 378.125 65.4164
    endloop
  endfacet
  facet normal -0.642848 0 0.765994
    outer loop
      vertex -307.25 322.875 55.2369
      vertex -305.787 321.875 56.4647
      vertex -305.787 322.875 56.4647
    endloop
  endfacet
  facet normal -0.642848 0 0.765994
    outer loop
      vertex -305.787 321.875 56.4647
      vertex -307.25 322.875 55.2369
      vertex -307.25 321.875 55.2369
    endloop
  endfacet
  facet normal -0.642848 0 0.765994
    outer loop
      vertex -307.25 378.125 55.2369
      vertex -305.787 377.125 56.4647
      vertex -305.787 378.125 56.4647
    endloop
  endfacet
  facet normal -0.642848 0 0.765994
    outer loop
      vertex -305.787 377.125 56.4647
      vertex -307.25 378.125 55.2369
      vertex -307.25 377.125 55.2369
    endloop
  endfacet
  facet normal 0.98478 0 -0.173806
    outer loop
      vertex -315.168 321.875 61.8811
      vertex -315.5 322.875 60
      vertex -315.168 322.875 61.8811
    endloop
  endfacet
  facet normal 0.98478 0 -0.173806
    outer loop
      vertex -315.5 322.875 60
      vertex -315.168 321.875 61.8811
      vertex -315.5 321.875 60
    endloop
  endfacet
  facet normal 0.98478 0 -0.173806
    outer loop
      vertex -315.168 377.125 61.8811
      vertex -315.5 378.125 60
      vertex -315.168 378.125 61.8811
    endloop
  endfacet
  facet normal 0.98478 0 -0.173806
    outer loop
      vertex -315.5 378.125 60
      vertex -315.168 377.125 61.8811
      vertex -315.5 377.125 60
    endloop
  endfacet
  facet normal -0.98478 0 0.173806
    outer loop
      vertex -304.832 321.875 58.1189
      vertex -304.5 322.875 60
      vertex -304.832 322.875 58.1189
    endloop
  endfacet
  facet normal -0.98478 0 0.173806
    outer loop
      vertex -304.5 322.875 60
      vertex -304.832 321.875 58.1189
      vertex -304.5 321.875 60
    endloop
  endfacet
  facet normal -0.98478 0 0.173806
    outer loop
      vertex -304.832 377.125 58.1189
      vertex -304.5 378.125 60
      vertex -304.832 378.125 58.1189
    endloop
  endfacet
  facet normal -0.98478 0 0.173806
    outer loop
      vertex -304.5 378.125 60
      vertex -304.832 377.125 58.1189
      vertex -304.5 377.125 60
    endloop
  endfacet
  facet normal 0 0 -1
    outer loop
      vertex -310.955 321.875 65.4164
      vertex -309.045 322.875 65.4164
      vertex -309.045 321.875 65.4164
    endloop
  endfacet
  facet normal -0 0 -1
    outer loop
      vertex -309.045 322.875 65.4164
      vertex -310.955 321.875 65.4164
      vertex -310.955 322.875 65.4164
    endloop
  endfacet
  facet normal 0 0 -1
    outer loop
      vertex -310.955 377.125 65.4164
      vertex -309.045 378.125 65.4164
      vertex -309.045 377.125 65.4164
    endloop
  endfacet
  facet normal -0 0 -1
    outer loop
      vertex -309.045 378.125 65.4164
      vertex -310.955 377.125 65.4164
      vertex -310.955 378.125 65.4164
    endloop
  endfacet
  facet normal 0.866037 -0 0.499979
    outer loop
      vertex -315.168 321.875 58.1189
      vertex -314.213 322.875 56.4647
      vertex -315.168 322.875 58.1189
    endloop
  endfacet
  facet normal 0.866037 0 0.499979
    outer loop
      vertex -314.213 322.875 56.4647
      vertex -315.168 321.875 58.1189
      vertex -314.213 321.875 56.4647
    endloop
  endfacet
  facet normal 0.866037 -0 0.499979
    outer loop
      vertex -315.168 377.125 58.1189
      vertex -314.213 378.125 56.4647
      vertex -315.168 378.125 58.1189
    endloop
  endfacet
  facet normal 0.866037 0 0.499979
    outer loop
      vertex -314.213 378.125 56.4647
      vertex -315.168 377.125 58.1189
      vertex -314.213 377.125 56.4647
    endloop
  endfacet
  facet normal -0.866037 0 0.499979
    outer loop
      vertex -305.787 321.875 56.4647
      vertex -304.832 322.875 58.1189
      vertex -305.787 322.875 56.4647
    endloop
  endfacet
  facet normal -0.866037 0 0.499979
    outer loop
      vertex -304.832 322.875 58.1189
      vertex -305.787 321.875 56.4647
      vertex -304.832 321.875 58.1189
    endloop
  endfacet
  facet normal -0.866037 0 0.499979
    outer loop
      vertex -305.787 377.125 56.4647
      vertex -304.832 378.125 58.1189
      vertex -305.787 378.125 56.4647
    endloop
  endfacet
  facet normal -0.866037 0 0.499979
    outer loop
      vertex -304.832 378.125 58.1189
      vertex -305.787 377.125 56.4647
      vertex -304.832 377.125 58.1189
    endloop
  endfacet
  facet normal 0.642848 0 0.765994
    outer loop
      vertex -314.213 322.875 56.4647
      vertex -312.75 321.875 55.2369
      vertex -312.75 322.875 55.2369
    endloop
  endfacet
  facet normal 0.642848 0 0.765994
    outer loop
      vertex -312.75 321.875 55.2369
      vertex -314.213 322.875 56.4647
      vertex -314.213 321.875 56.4647
    endloop
  endfacet
  facet normal 0.642848 0 0.765994
    outer loop
      vertex -314.213 378.125 56.4647
      vertex -312.75 377.125 55.2369
      vertex -312.75 378.125 55.2369
    endloop
  endfacet
  facet normal 0.642848 0 0.765994
    outer loop
      vertex -312.75 377.125 55.2369
      vertex -314.213 378.125 56.4647
      vertex -314.213 377.125 56.4647
    endloop
  endfacet
  facet normal 0.9877 0 -0.156363
    outer loop
      vertex -250.329 327.5 53.7283
      vertex -251.311 372.5 47.5253
      vertex -250.329 372.5 53.7283
    endloop
  endfacet
  facet normal 0.9877 0 -0.156363
    outer loop
      vertex -251.311 372.5 47.5253
      vertex -250.329 327.5 53.7283
      vertex -251.311 327.5 47.5253
    endloop
  endfacet
  facet normal 0.9877 -0 0.156363
    outer loop
      vertex -251.311 327.5 72.4747
      vertex -250.329 372.5 66.2717
      vertex -251.311 372.5 72.4747
    endloop
  endfacet
  facet normal 0.9877 0 0.156363
    outer loop
      vertex -250.329 372.5 66.2717
      vertex -251.311 327.5 72.4747
      vertex -250.329 327.5 66.2717
    endloop
  endfacet
  facet normal 0.998627 -0 0.0523858
    outer loop
      vertex -250.329 327.5 66.2717
      vertex -250 372.5 60
      vertex -250.329 372.5 66.2717
    endloop
  endfacet
  facet normal 0.998627 0 0.0523858
    outer loop
      vertex -250 372.5 60
      vertex -250.329 327.5 66.2717
      vertex -250 327.5 60
    endloop
  endfacet
  facet normal 0.965904 -0 0.258899
    outer loop
      vertex -252.937 327.5 78.541
      vertex -251.311 372.5 72.4747
      vertex -252.937 372.5 78.541
    endloop
  endfacet
  facet normal 0.965904 0 0.258899
    outer loop
      vertex -251.311 372.5 72.4747
      vertex -252.937 327.5 78.541
      vertex -251.311 327.5 72.4747
    endloop
  endfacet
  facet normal 0.838634 -0 0.544696
    outer loop
      vertex -261.459 327.5 95.2671
      vertex -258.038 372.5 90
      vertex -261.459 372.5 95.2671
    endloop
  endfacet
  facet normal 0.838634 0 0.544696
    outer loop
      vertex -258.038 372.5 90
      vertex -261.459 327.5 95.2671
      vertex -258.038 327.5 90
    endloop
  endfacet
  facet normal -0.156363 0 0.9877
    outer loop
      vertex -322.475 372.5 118.689
      vertex -316.272 327.5 119.671
      vertex -316.272 372.5 119.671
    endloop
  endfacet
  facet normal -0.156363 0 0.9877
    outer loop
      vertex -316.272 327.5 119.671
      vertex -322.475 372.5 118.689
      vertex -322.475 327.5 118.689
    endloop
  endfacet
  facet normal -0.965904 0 -0.258899
    outer loop
      vertex -367.063 327.5 41.459
      vertex -368.689 372.5 47.5253
      vertex -367.063 372.5 41.459
    endloop
  endfacet
  facet normal -0.965904 -0 -0.258899
    outer loop
      vertex -368.689 372.5 47.5253
      vertex -367.063 327.5 41.459
      vertex -368.689 327.5 47.5253
    endloop
  endfacet
  facet normal -0.453979 0 -0.891013
    outer loop
      vertex -340 327.5 8.03848
      vertex -334.404 372.5 5.18727
      vertex -334.404 327.5 5.18727
    endloop
  endfacet
  facet normal -0.453979 0 -0.891013
    outer loop
      vertex -334.404 372.5 5.18727
      vertex -340 327.5 8.03848
      vertex -340 372.5 8.03848
    endloop
  endfacet
  facet normal 0.998627 0 -0.0523858
    outer loop
      vertex -250 327.5 60
      vertex -250.329 372.5 53.7283
      vertex -250 372.5 60
    endloop
  endfacet
  facet normal 0.998627 0 -0.0523858
    outer loop
      vertex -250.329 372.5 53.7283
      vertex -250 327.5 60
      vertex -250.329 327.5 53.7283
    endloop
  endfacet
  facet normal 0.258832 0 -0.965922
    outer loop
      vertex -297.525 327.5 1.31114
      vertex -291.459 372.5 2.93661
      vertex -291.459 327.5 2.93661
    endloop
  endfacet
  facet normal 0.258832 0 -0.965922
    outer loop
      vertex -291.459 372.5 2.93661
      vertex -297.525 327.5 1.31114
      vertex -297.525 372.5 1.31114
    endloop
  endfacet
  facet normal -0.629296 0 -0.777166
    outer loop
      vertex -350.148 327.5 15.4113
      vertex -345.267 372.5 11.459
      vertex -345.267 327.5 11.459
    endloop
  endfacet
  facet normal -0.629296 0 -0.777166
    outer loop
      vertex -345.267 372.5 11.459
      vertex -350.148 327.5 15.4113
      vertex -350.148 372.5 15.4113
    endloop
  endfacet
  facet normal -0.156434 0 -0.987688
    outer loop
      vertex -322.475 327.5 1.31114
      vertex -316.272 372.5 0.328687
      vertex -316.272 327.5 0.328687
    endloop
  endfacet
  facet normal -0.156434 0 -0.987688
    outer loop
      vertex -316.272 372.5 0.328687
      vertex -322.475 327.5 1.31114
      vertex -322.475 372.5 1.31114
    endloop
  endfacet
  facet normal -0.707099 0 -0.707115
    outer loop
      vertex -354.589 327.5 19.8522
      vertex -350.148 372.5 15.4113
      vertex -350.148 327.5 15.4113
    endloop
  endfacet
  facet normal -0.707099 0 -0.707115
    outer loop
      vertex -350.148 372.5 15.4113
      vertex -354.589 327.5 19.8522
      vertex -354.589 372.5 19.8522
    endloop
  endfacet
  facet normal -0.965904 0 0.258899
    outer loop
      vertex -368.689 327.5 72.4747
      vertex -367.063 372.5 78.541
      vertex -368.689 372.5 72.4747
    endloop
  endfacet
  facet normal -0.965904 0 0.258899
    outer loop
      vertex -367.063 372.5 78.541
      vertex -368.689 327.5 72.4747
      vertex -367.063 327.5 78.541
    endloop
  endfacet
  facet normal -0.544649 0 -0.838664
    outer loop
      vertex -345.267 327.5 11.459
      vertex -340 372.5 8.03848
      vertex -340 327.5 8.03848
    endloop
  endfacet
  facet normal -0.544649 0 -0.838664
    outer loop
      vertex -340 372.5 8.03848
      vertex -345.267 327.5 11.459
      vertex -345.267 372.5 11.459
    endloop
  endfacet
  facet normal 0.629267 0 0.777189
    outer loop
      vertex -274.733 372.5 108.541
      vertex -269.852 327.5 104.589
      vertex -269.852 372.5 104.589
    endloop
  endfacet
  facet normal 0.629267 0 0.777189
    outer loop
      vertex -269.852 327.5 104.589
      vertex -274.733 372.5 108.541
      vertex -274.733 327.5 108.541
    endloop
  endfacet
  facet normal 0.156363 0 0.9877
    outer loop
      vertex -303.728 372.5 119.671
      vertex -297.525 327.5 118.689
      vertex -297.525 372.5 118.689
    endloop
  endfacet
  facet normal 0.156363 0 0.9877
    outer loop
      vertex -297.525 327.5 118.689
      vertex -303.728 372.5 119.671
      vertex -303.728 327.5 119.671
    endloop
  endfacet
  facet normal 0.544703 0 0.838629
    outer loop
      vertex -280 372.5 111.962
      vertex -274.733 327.5 108.541
      vertex -274.733 372.5 108.541
    endloop
  endfacet
  facet normal 0.544703 0 0.838629
    outer loop
      vertex -274.733 327.5 108.541
      vertex -280 372.5 111.962
      vertex -280 327.5 111.962
    endloop
  endfacet
  facet normal 0.358377 0 -0.933577
    outer loop
      vertex -291.459 327.5 2.93661
      vertex -285.596 372.5 5.18727
      vertex -285.596 327.5 5.18727
    endloop
  endfacet
  facet normal 0.358377 0 -0.933577
    outer loop
      vertex -285.596 372.5 5.18727
      vertex -291.459 327.5 2.93661
      vertex -291.459 372.5 2.93661
    endloop
  endfacet
  facet normal -0.258911 0 0.965901
    outer loop
      vertex -328.541 372.5 117.063
      vertex -322.475 327.5 118.689
      vertex -322.475 372.5 118.689
    endloop
  endfacet
  facet normal -0.258911 0 0.965901
    outer loop
      vertex -322.475 327.5 118.689
      vertex -328.541 372.5 117.063
      vertex -328.541 327.5 117.063
    endloop
  endfacet
  facet normal 0.0523833 0 0.998627
    outer loop
      vertex -310 372.5 120
      vertex -303.728 327.5 119.671
      vertex -303.728 372.5 119.671
    endloop
  endfacet
  facet normal 0.0523833 0 0.998627
    outer loop
      vertex -303.728 327.5 119.671
      vertex -310 372.5 120
      vertex -310 327.5 120
    endloop
  endfacet
  facet normal 0.358285 0 0.933612
    outer loop
      vertex -291.459 372.5 117.063
      vertex -285.596 327.5 114.813
      vertex -285.596 372.5 114.813
    endloop
  endfacet
  facet normal 0.358285 0 0.933612
    outer loop
      vertex -285.596 327.5 114.813
      vertex -291.459 372.5 117.063
      vertex -291.459 327.5 117.063
    endloop
  endfacet
  facet normal 0.965904 0 -0.258899
    outer loop
      vertex -251.311 327.5 47.5253
      vertex -252.937 372.5 41.459
      vertex -251.311 372.5 47.5253
    endloop
  endfacet
  facet normal 0.965904 0 -0.258899
    outer loop
      vertex -252.937 372.5 41.459
      vertex -251.311 327.5 47.5253
      vertex -252.937 327.5 41.459
    endloop
  endfacet
  facet normal 0.453952 0 0.891026
    outer loop
      vertex -285.596 372.5 114.813
      vertex -280 327.5 111.962
      vertex -280 372.5 111.962
    endloop
  endfacet
  facet normal 0.453952 0 0.891026
    outer loop
      vertex -280 327.5 111.962
      vertex -285.596 372.5 114.813
      vertex -285.596 327.5 114.813
    endloop
  endfacet
  facet normal -0.453952 0 0.891026
    outer loop
      vertex -340 372.5 111.962
      vertex -334.404 327.5 114.813
      vertex -334.404 372.5 114.813
    endloop
  endfacet
  facet normal -0.453952 0 0.891026
    outer loop
      vertex -334.404 327.5 114.813
      vertex -340 372.5 111.962
      vertex -340 327.5 111.962
    endloop
  endfacet
  facet normal 0.156434 0 -0.987688
    outer loop
      vertex -303.728 327.5 0.328687
      vertex -297.525 372.5 1.31114
      vertex -297.525 327.5 1.31114
    endloop
  endfacet
  facet normal 0.156434 0 -0.987688
    outer loop
      vertex -297.525 372.5 1.31114
      vertex -303.728 327.5 0.328687
      vertex -303.728 372.5 0.328687
    endloop
  endfacet
  facet normal -0.258832 0 -0.965922
    outer loop
      vertex -328.541 327.5 2.93661
      vertex -322.475 372.5 1.31114
      vertex -322.475 327.5 1.31114
    endloop
  endfacet
  facet normal -0.258832 0 -0.965922
    outer loop
      vertex -322.475 372.5 1.31114
      vertex -328.541 327.5 2.93661
      vertex -328.541 372.5 2.93661
    endloop
  endfacet
  facet normal 0.77717 0 -0.62929
    outer loop
      vertex -261.459 327.5 24.7329
      vertex -265.411 372.5 19.8522
      vertex -261.459 372.5 24.7329
    endloop
  endfacet
  facet normal 0.77717 0 -0.62929
    outer loop
      vertex -265.411 372.5 19.8522
      vertex -261.459 327.5 24.7329
      vertex -265.411 327.5 19.8522
    endloop
  endfacet
  facet normal 0.89102 0 -0.453965
    outer loop
      vertex -255.187 327.5 35.5958
      vertex -258.038 372.5 30
      vertex -255.187 372.5 35.5958
    endloop
  endfacet
  facet normal 0.89102 0 -0.453965
    outer loop
      vertex -258.038 372.5 30
      vertex -255.187 327.5 35.5958
      vertex -258.038 327.5 30
    endloop
  endfacet
  facet normal -0.707107 0 0.707107
    outer loop
      vertex -354.589 327.5 100.148
      vertex -350.148 372.5 104.589
      vertex -354.589 372.5 100.148
    endloop
  endfacet
  facet normal -0.707107 0 0.707107
    outer loop
      vertex -350.148 372.5 104.589
      vertex -354.589 327.5 100.148
      vertex -350.148 327.5 104.589
    endloop
  endfacet
  facet normal 0.0523336 0 -0.99863
    outer loop
      vertex -310 327.5 0
      vertex -303.728 372.5 0.328687
      vertex -303.728 327.5 0.328687
    endloop
  endfacet
  facet normal 0.0523336 0 -0.99863
    outer loop
      vertex -303.728 372.5 0.328687
      vertex -310 327.5 0
      vertex -310 372.5 0
    endloop
  endfacet
  facet normal -0.358285 0 0.933612
    outer loop
      vertex -334.404 372.5 114.813
      vertex -328.541 327.5 117.063
      vertex -328.541 372.5 117.063
    endloop
  endfacet
  facet normal -0.358285 0 0.933612
    outer loop
      vertex -328.541 327.5 117.063
      vertex -334.404 372.5 114.813
      vertex -334.404 327.5 114.813
    endloop
  endfacet
  facet normal -0.0523833 0 0.998627
    outer loop
      vertex -316.272 372.5 119.671
      vertex -310 327.5 120
      vertex -310 372.5 120
    endloop
  endfacet
  facet normal -0.0523833 0 0.998627
    outer loop
      vertex -310 327.5 120
      vertex -316.272 372.5 119.671
      vertex -316.272 327.5 119.671
    endloop
  endfacet
  facet normal 0.453979 0 -0.891013
    outer loop
      vertex -285.596 327.5 5.18727
      vertex -280 372.5 8.03848
      vertex -280 327.5 8.03848
    endloop
  endfacet
  facet normal 0.453979 0 -0.891013
    outer loop
      vertex -280 372.5 8.03848
      vertex -285.596 327.5 5.18727
      vertex -285.596 372.5 5.18727
    endloop
  endfacet
  facet normal -0.933616 0 0.358275
    outer loop
      vertex -367.063 327.5 78.541
      vertex -364.813 372.5 84.4042
      vertex -367.063 372.5 78.541
    endloop
  endfacet
  facet normal -0.933616 0 0.358275
    outer loop
      vertex -364.813 372.5 84.4042
      vertex -367.063 327.5 78.541
      vertex -364.813 327.5 84.4042
    endloop
  endfacet
  facet normal -0.89102 0 0.453965
    outer loop
      vertex -364.813 327.5 84.4042
      vertex -361.962 372.5 90
      vertex -364.813 372.5 84.4042
    endloop
  endfacet
  facet normal -0.89102 0 0.453965
    outer loop
      vertex -361.962 372.5 90
      vertex -364.813 327.5 84.4042
      vertex -361.962 327.5 90
    endloop
  endfacet
  facet normal 0.777183 -0 0.629275
    outer loop
      vertex -265.411 327.5 100.148
      vertex -261.459 372.5 95.2671
      vertex -265.411 372.5 100.148
    endloop
  endfacet
  facet normal 0.777183 0 0.629275
    outer loop
      vertex -261.459 372.5 95.2671
      vertex -265.411 327.5 100.148
      vertex -261.459 327.5 95.2671
    endloop
  endfacet
  facet normal 0.258911 0 0.965901
    outer loop
      vertex -297.525 372.5 118.689
      vertex -291.459 327.5 117.063
      vertex -291.459 372.5 117.063
    endloop
  endfacet
  facet normal 0.258911 0 0.965901
    outer loop
      vertex -291.459 327.5 117.063
      vertex -297.525 372.5 118.689
      vertex -297.525 327.5 118.689
    endloop
  endfacet
  facet normal 0.933616 -0 0.358275
    outer loop
      vertex -255.187 327.5 84.4042
      vertex -252.937 372.5 78.541
      vertex -255.187 372.5 84.4042
    endloop
  endfacet
  facet normal 0.933616 0 0.358275
    outer loop
      vertex -252.937 372.5 78.541
      vertex -255.187 327.5 84.4042
      vertex -252.937 327.5 78.541
    endloop
  endfacet
  facet normal 0.838634 0 -0.544696
    outer loop
      vertex -258.038 327.5 30
      vertex -261.459 372.5 24.7329
      vertex -258.038 372.5 30
    endloop
  endfacet
  facet normal 0.838634 0 -0.544696
    outer loop
      vertex -261.459 372.5 24.7329
      vertex -258.038 327.5 30
      vertex -261.459 327.5 24.7329
    endloop
  endfacet
  facet normal -0.998627 0 -0.0523858
    outer loop
      vertex -369.671 327.5 53.7283
      vertex -370 372.5 60
      vertex -369.671 372.5 53.7283
    endloop
  endfacet
  facet normal -0.998627 -0 -0.0523858
    outer loop
      vertex -370 372.5 60
      vertex -369.671 327.5 53.7283
      vertex -370 327.5 60
    endloop
  endfacet
  facet normal 0 1 0
    outer loop
      vertex -310 372.5 70
      vertex -310 372.5 120
      vertex -303.728 372.5 119.671
    endloop
  endfacet
  facet normal 0 1 0
    outer loop
      vertex -308.955 372.5 69.9452
      vertex -303.728 372.5 119.671
      vertex -297.525 372.5 118.689
    endloop
  endfacet
  facet normal 0 1 0
    outer loop
      vertex -310 372.5 120
      vertex -310 372.5 70
      vertex -316.272 372.5 119.671
    endloop
  endfacet
  facet normal 0 1 0
    outer loop
      vertex -307.921 372.5 69.7815
      vertex -297.525 372.5 118.689
      vertex -291.459 372.5 117.063
    endloop
  endfacet
  facet normal 0 1 -0
    outer loop
      vertex -311.045 372.5 69.9452
      vertex -316.272 372.5 119.671
      vertex -310 372.5 70
    endloop
  endfacet
  facet normal 0 1 0
    outer loop
      vertex -306.91 372.5 69.5106
      vertex -291.459 372.5 117.063
      vertex -285.596 372.5 114.813
    endloop
  endfacet
  facet normal 0 1 0
    outer loop
      vertex -316.272 372.5 119.671
      vertex -311.045 372.5 69.9452
      vertex -322.475 372.5 118.689
    endloop
  endfacet
  facet normal 0 1 0
    outer loop
      vertex -305.933 372.5 69.1355
      vertex -285.596 372.5 114.813
      vertex -280 372.5 111.962
    endloop
  endfacet
  facet normal 0 1 -0
    outer loop
      vertex -312.079 372.5 69.7815
      vertex -322.475 372.5 118.689
      vertex -311.045 372.5 69.9452
    endloop
  endfacet
  facet normal 0 1 0
    outer loop
      vertex -305 372.5 68.6603
      vertex -280 372.5 111.962
      vertex -274.733 372.5 108.541
    endloop
  endfacet
  facet normal 0 1 0
    outer loop
      vertex -322.475 372.5 118.689
      vertex -312.079 372.5 69.7815
      vertex -328.541 372.5 117.063
    endloop
  endfacet
  facet normal 0 1 0
    outer loop
      vertex -304.122 372.5 68.0902
      vertex -274.733 372.5 108.541
      vertex -269.852 372.5 104.589
    endloop
  endfacet
  facet normal 0 1 -0
    outer loop
      vertex -313.09 372.5 69.5106
      vertex -328.541 372.5 117.063
      vertex -312.079 372.5 69.7815
    endloop
  endfacet
  facet normal 0 1 0
    outer loop
      vertex -303.309 372.5 67.4314
      vertex -269.852 372.5 104.589
      vertex -265.411 372.5 100.148
    endloop
  endfacet
  facet normal 0 1 0
    outer loop
      vertex -328.541 372.5 117.063
      vertex -313.09 372.5 69.5106
      vertex -334.404 372.5 114.813
    endloop
  endfacet
  facet normal 0 1 0
    outer loop
      vertex -302.569 372.5 66.6913
      vertex -265.411 372.5 100.148
      vertex -261.459 372.5 95.2671
    endloop
  endfacet
  facet normal 0 1 -0
    outer loop
      vertex -314.067 372.5 69.1355
      vertex -334.404 372.5 114.813
      vertex -313.09 372.5 69.5106
    endloop
  endfacet
  facet normal 0 1 0
    outer loop
      vertex -301.91 372.5 65.8779
      vertex -261.459 372.5 95.2671
      vertex -258.038 372.5 90
    endloop
  endfacet
  facet normal 0 1 0
    outer loop
      vertex -334.404 372.5 114.813
      vertex -314.067 372.5 69.1355
      vertex -340 372.5 111.962
    endloop
  endfacet
  facet normal 0 1 0
    outer loop
      vertex -301.34 372.5 65
      vertex -258.038 372.5 90
      vertex -255.187 372.5 84.4042
    endloop
  endfacet
  facet normal 0 1 -0
    outer loop
      vertex -315 372.5 68.6603
      vertex -340 372.5 111.962
      vertex -314.067 372.5 69.1355
    endloop
  endfacet
  facet normal 0 1 0
    outer loop
      vertex -300.865 372.5 64.0674
      vertex -255.187 372.5 84.4042
      vertex -252.937 372.5 78.541
    endloop
  endfacet
  facet normal 0 1 0
    outer loop
      vertex -340 372.5 111.962
      vertex -315 372.5 68.6603
      vertex -345.267 372.5 108.541
    endloop
  endfacet
  facet normal 0 1 0
    outer loop
      vertex -300.489 372.5 63.0902
      vertex -252.937 372.5 78.541
      vertex -251.311 372.5 72.4747
    endloop
  endfacet
  facet normal 0 1 -0
    outer loop
      vertex -315.878 372.5 68.0902
      vertex -345.267 372.5 108.541
      vertex -315 372.5 68.6603
    endloop
  endfacet
  facet normal 0 1 0
    outer loop
      vertex -345.267 372.5 108.541
      vertex -315.878 372.5 68.0902
      vertex -350.148 372.5 104.589
    endloop
  endfacet
  facet normal 0 1 0
    outer loop
      vertex -303.728 372.5 119.671
      vertex -308.955 372.5 69.9452
      vertex -310 372.5 70
    endloop
  endfacet
  facet normal 0 1 0
    outer loop
      vertex -297.525 372.5 118.689
      vertex -307.921 372.5 69.7815
      vertex -308.955 372.5 69.9452
    endloop
  endfacet
  facet normal 0 1 0
    outer loop
      vertex -291.459 372.5 117.063
      vertex -306.91 372.5 69.5106
      vertex -307.921 372.5 69.7815
    endloop
  endfacet
  facet normal 0 1 0
    outer loop
      vertex -285.596 372.5 114.813
      vertex -305.933 372.5 69.1355
      vertex -306.91 372.5 69.5106
    endloop
  endfacet
  facet normal 0 1 0
    outer loop
      vertex -280 372.5 111.962
      vertex -305 372.5 68.6603
      vertex -305.933 372.5 69.1355
    endloop
  endfacet
  facet normal 0 1 0
    outer loop
      vertex -274.733 372.5 108.541
      vertex -304.122 372.5 68.0902
      vertex -305 372.5 68.6603
    endloop
  endfacet
  facet normal 0 1 0
    outer loop
      vertex -269.852 372.5 104.589
      vertex -303.309 372.5 67.4314
      vertex -304.122 372.5 68.0902
    endloop
  endfacet
  facet normal 0 1 0
    outer loop
      vertex -265.411 372.5 100.148
      vertex -302.569 372.5 66.6913
      vertex -303.309 372.5 67.4314
    endloop
  endfacet
  facet normal 0 1 0
    outer loop
      vertex -300.219 372.5 62.0791
      vertex -251.311 372.5 72.4747
      vertex -250.329 372.5 66.2717
    endloop
  endfacet
  facet normal 0 1 0
    outer loop
      vertex -261.459 372.5 95.2671
      vertex -301.91 372.5 65.8779
      vertex -302.569 372.5 66.6913
    endloop
  endfacet
  facet normal 0 1 0
    outer loop
      vertex -258.038 372.5 90
      vertex -301.34 372.5 65
      vertex -301.91 372.5 65.8779
    endloop
  endfacet
  facet normal 0 1 0
    outer loop
      vertex -255.187 372.5 84.4042
      vertex -300.865 372.5 64.0674
      vertex -301.34 372.5 65
    endloop
  endfacet
  facet normal 0 1 0
    outer loop
      vertex -252.937 372.5 78.541
      vertex -300.489 372.5 63.0902
      vertex -300.865 372.5 64.0674
    endloop
  endfacet
  facet normal 0 1 0
    outer loop
      vertex -251.311 372.5 72.4747
      vertex -300.219 372.5 62.0791
      vertex -300.489 372.5 63.0902
    endloop
  endfacet
  facet normal 0 1 0
    outer loop
      vertex -250.329 372.5 66.2717
      vertex -300.055 372.5 61.0453
      vertex -300.219 372.5 62.0791
    endloop
  endfacet
  facet normal 0 1 0
    outer loop
      vertex -250 372.5 60
      vertex -300.055 372.5 61.0453
      vertex -250.329 372.5 66.2717
    endloop
  endfacet
  facet normal 0 1 0
    outer loop
      vertex -250 372.5 60
      vertex -300 372.5 60
      vertex -300.055 372.5 61.0453
    endloop
  endfacet
  facet normal 0 1 0
    outer loop
      vertex -250 372.5 60
      vertex -300.055 372.5 58.9547
      vertex -300 372.5 60
    endloop
  endfacet
  facet normal 0 1 -0
    outer loop
      vertex -250.329 372.5 53.7283
      vertex -300.055 372.5 58.9547
      vertex -250 372.5 60
    endloop
  endfacet
  facet normal 0 1 0
    outer loop
      vertex -300.055 372.5 58.9547
      vertex -250.329 372.5 53.7283
      vertex -300.219 372.5 57.9209
    endloop
  endfacet
  facet normal 0 1 -0
    outer loop
      vertex -251.311 372.5 47.5253
      vertex -300.219 372.5 57.9209
      vertex -250.329 372.5 53.7283
    endloop
  endfacet
  facet normal 0 1 0
    outer loop
      vertex -300.219 372.5 57.9209
      vertex -251.311 372.5 47.5253
      vertex -300.489 372.5 56.9098
    endloop
  endfacet
  facet normal 0 1 -0
    outer loop
      vertex -252.937 372.5 41.459
      vertex -300.489 372.5 56.9098
      vertex -251.311 372.5 47.5253
    endloop
  endfacet
  facet normal 0 1 0
    outer loop
      vertex -300.489 372.5 56.9098
      vertex -252.937 372.5 41.459
      vertex -300.865 372.5 55.9326
    endloop
  endfacet
  facet normal 0 1 -0
    outer loop
      vertex -255.187 372.5 35.5958
      vertex -300.865 372.5 55.9326
      vertex -252.937 372.5 41.459
    endloop
  endfacet
  facet normal 0 1 0
    outer loop
      vertex -300.865 372.5 55.9326
      vertex -255.187 372.5 35.5958
      vertex -301.34 372.5 55
    endloop
  endfacet
  facet normal 0 1 -0
    outer loop
      vertex -258.038 372.5 30
      vertex -301.34 372.5 55
      vertex -255.187 372.5 35.5958
    endloop
  endfacet
  facet normal 0 1 0
    outer loop
      vertex -301.34 372.5 55
      vertex -258.038 372.5 30
      vertex -301.91 372.5 54.1221
    endloop
  endfacet
  facet normal 0 1 -0
    outer loop
      vertex -261.459 372.5 24.7329
      vertex -301.91 372.5 54.1221
      vertex -258.038 372.5 30
    endloop
  endfacet
  facet normal 0 1 0
    outer loop
      vertex -301.91 372.5 54.1221
      vertex -261.459 372.5 24.7329
      vertex -302.569 372.5 53.3087
    endloop
  endfacet
  facet normal 0 1 -0
    outer loop
      vertex -265.411 372.5 19.8522
      vertex -302.569 372.5 53.3087
      vertex -261.459 372.5 24.7329
    endloop
  endfacet
  facet normal 0 1 0
    outer loop
      vertex -302.569 372.5 53.3087
      vertex -265.411 372.5 19.8522
      vertex -303.309 372.5 52.5686
    endloop
  endfacet
  facet normal 0 1 0
    outer loop
      vertex -303.309 372.5 52.5686
      vertex -269.852 372.5 15.4113
      vertex -304.122 372.5 51.9098
    endloop
  endfacet
  facet normal 0 1 -0
    outer loop
      vertex -269.852 372.5 15.4113
      vertex -303.309 372.5 52.5686
      vertex -265.411 372.5 19.8522
    endloop
  endfacet
  facet normal 0 1 -0
    outer loop
      vertex -316.691 372.5 67.4314
      vertex -350.148 372.5 104.589
      vertex -315.878 372.5 68.0902
    endloop
  endfacet
  facet normal 0 1 0
    outer loop
      vertex -350.148 372.5 104.589
      vertex -316.691 372.5 67.4314
      vertex -354.589 372.5 100.148
    endloop
  endfacet
  facet normal 0 1 -0
    outer loop
      vertex -317.431 372.5 66.6913
      vertex -354.589 372.5 100.148
      vertex -316.691 372.5 67.4314
    endloop
  endfacet
  facet normal 0 1 0
    outer loop
      vertex -354.589 372.5 100.148
      vertex -317.431 372.5 66.6913
      vertex -358.541 372.5 95.2671
    endloop
  endfacet
  facet normal 0 1 -0
    outer loop
      vertex -318.09 372.5 65.8779
      vertex -358.541 372.5 95.2671
      vertex -317.431 372.5 66.6913
    endloop
  endfacet
  facet normal 0 1 0
    outer loop
      vertex -358.541 372.5 95.2671
      vertex -318.09 372.5 65.8779
      vertex -361.962 372.5 90
    endloop
  endfacet
  facet normal 0 1 -0
    outer loop
      vertex -318.66 372.5 65
      vertex -361.962 372.5 90
      vertex -318.09 372.5 65.8779
    endloop
  endfacet
  facet normal 0 1 0
    outer loop
      vertex -361.962 372.5 90
      vertex -318.66 372.5 65
      vertex -364.813 372.5 84.4042
    endloop
  endfacet
  facet normal 0 1 -0
    outer loop
      vertex -319.135 372.5 64.0674
      vertex -364.813 372.5 84.4042
      vertex -318.66 372.5 65
    endloop
  endfacet
  facet normal 0 1 0
    outer loop
      vertex -364.813 372.5 84.4042
      vertex -319.135 372.5 64.0674
      vertex -367.063 372.5 78.541
    endloop
  endfacet
  facet normal 0 1 -0
    outer loop
      vertex -319.511 372.5 63.0902
      vertex -367.063 372.5 78.541
      vertex -319.135 372.5 64.0674
    endloop
  endfacet
  facet normal 0 1 0
    outer loop
      vertex -367.063 372.5 78.541
      vertex -319.511 372.5 63.0902
      vertex -368.689 372.5 72.4747
    endloop
  endfacet
  facet normal 0 1 -0
    outer loop
      vertex -319.781 372.5 62.0791
      vertex -368.689 372.5 72.4747
      vertex -319.511 372.5 63.0902
    endloop
  endfacet
  facet normal 0 1 0
    outer loop
      vertex -368.689 372.5 72.4747
      vertex -319.781 372.5 62.0791
      vertex -369.671 372.5 66.2717
    endloop
  endfacet
  facet normal 0 1 -0
    outer loop
      vertex -319.945 372.5 61.0453
      vertex -369.671 372.5 66.2717
      vertex -319.781 372.5 62.0791
    endloop
  endfacet
  facet normal 0 1 -0
    outer loop
      vertex -320 372.5 60
      vertex -369.671 372.5 66.2717
      vertex -319.945 372.5 61.0453
    endloop
  endfacet
  facet normal 0 1 0
    outer loop
      vertex -320 372.5 60
      vertex -370 372.5 60
      vertex -369.671 372.5 66.2717
    endloop
  endfacet
  facet normal 0 1 0
    outer loop
      vertex -319.945 372.5 58.9547
      vertex -370 372.5 60
      vertex -320 372.5 60
    endloop
  endfacet
  facet normal 0 1 0
    outer loop
      vertex -369.671 372.5 53.7283
      vertex -319.945 372.5 58.9547
      vertex -319.781 372.5 57.9209
    endloop
  endfacet
  facet normal 0 1 0
    outer loop
      vertex -368.689 372.5 47.5253
      vertex -319.781 372.5 57.9209
      vertex -319.511 372.5 56.9098
    endloop
  endfacet
  facet normal 0 1 0
    outer loop
      vertex -367.063 372.5 41.459
      vertex -319.511 372.5 56.9098
      vertex -319.135 372.5 55.9326
    endloop
  endfacet
  facet normal 0 1 0
    outer loop
      vertex -364.813 372.5 35.5958
      vertex -319.135 372.5 55.9326
      vertex -318.66 372.5 55
    endloop
  endfacet
  facet normal 0 1 0
    outer loop
      vertex -361.962 372.5 30
      vertex -318.66 372.5 55
      vertex -318.09 372.5 54.1221
    endloop
  endfacet
  facet normal 0 1 0
    outer loop
      vertex -319.945 372.5 58.9547
      vertex -369.671 372.5 53.7283
      vertex -370 372.5 60
    endloop
  endfacet
  facet normal 0 1 0
    outer loop
      vertex -358.541 372.5 24.7329
      vertex -318.09 372.5 54.1221
      vertex -317.431 372.5 53.3087
    endloop
  endfacet
  facet normal 0 1 0
    outer loop
      vertex -354.589 372.5 19.8522
      vertex -317.431 372.5 53.3087
      vertex -316.691 372.5 52.5686
    endloop
  endfacet
  facet normal 0 1 0
    outer loop
      vertex -350.148 372.5 15.4113
      vertex -316.691 372.5 52.5686
      vertex -315.878 372.5 51.9098
    endloop
  endfacet
  facet normal 0 1 0
    outer loop
      vertex -345.267 372.5 11.459
      vertex -315.878 372.5 51.9098
      vertex -315 372.5 51.3397
    endloop
  endfacet
  facet normal 0 1 0
    outer loop
      vertex -340 372.5 8.03848
      vertex -315 372.5 51.3397
      vertex -314.067 372.5 50.8645
    endloop
  endfacet
  facet normal 0 1 0
    outer loop
      vertex -334.404 372.5 5.18727
      vertex -314.067 372.5 50.8645
      vertex -313.09 372.5 50.4894
    endloop
  endfacet
  facet normal 0 1 0
    outer loop
      vertex -328.541 372.5 2.93661
      vertex -313.09 372.5 50.4894
      vertex -312.079 372.5 50.2185
    endloop
  endfacet
  facet normal 0 1 0
    outer loop
      vertex -322.475 372.5 1.31114
      vertex -312.079 372.5 50.2185
      vertex -311.045 372.5 50.0548
    endloop
  endfacet
  facet normal 0 1 0
    outer loop
      vertex -319.781 372.5 57.9209
      vertex -368.689 372.5 47.5253
      vertex -369.671 372.5 53.7283
    endloop
  endfacet
  facet normal 0 1 0
    outer loop
      vertex -316.272 372.5 0.328687
      vertex -311.045 372.5 50.0548
      vertex -310 372.5 50
    endloop
  endfacet
  facet normal 0 1 -0
    outer loop
      vertex -274.733 372.5 11.459
      vertex -304.122 372.5 51.9098
      vertex -269.852 372.5 15.4113
    endloop
  endfacet
  facet normal 0 1 0
    outer loop
      vertex -304.122 372.5 51.9098
      vertex -274.733 372.5 11.459
      vertex -305 372.5 51.3397
    endloop
  endfacet
  facet normal 0 1 0
    outer loop
      vertex -319.511 372.5 56.9098
      vertex -367.063 372.5 41.459
      vertex -368.689 372.5 47.5253
    endloop
  endfacet
  facet normal 0 1 -0
    outer loop
      vertex -280 372.5 8.03848
      vertex -305 372.5 51.3397
      vertex -274.733 372.5 11.459
    endloop
  endfacet
  facet normal 0 1 0
    outer loop
      vertex -319.135 372.5 55.9326
      vertex -364.813 372.5 35.5958
      vertex -367.063 372.5 41.459
    endloop
  endfacet
  facet normal 0 1 0
    outer loop
      vertex -305 372.5 51.3397
      vertex -280 372.5 8.03848
      vertex -305.933 372.5 50.8645
    endloop
  endfacet
  facet normal 0 1 0
    outer loop
      vertex -318.66 372.5 55
      vertex -361.962 372.5 30
      vertex -364.813 372.5 35.5958
    endloop
  endfacet
  facet normal 0 1 -0
    outer loop
      vertex -285.596 372.5 5.18727
      vertex -305.933 372.5 50.8645
      vertex -280 372.5 8.03848
    endloop
  endfacet
  facet normal 0 1 0
    outer loop
      vertex -318.09 372.5 54.1221
      vertex -358.541 372.5 24.7329
      vertex -361.962 372.5 30
    endloop
  endfacet
  facet normal 0 1 0
    outer loop
      vertex -305.933 372.5 50.8645
      vertex -285.596 372.5 5.18727
      vertex -306.91 372.5 50.4894
    endloop
  endfacet
  facet normal 0 1 0
    outer loop
      vertex -317.431 372.5 53.3087
      vertex -354.589 372.5 19.8522
      vertex -358.541 372.5 24.7329
    endloop
  endfacet
  facet normal 0 1 -0
    outer loop
      vertex -291.459 372.5 2.93661
      vertex -306.91 372.5 50.4894
      vertex -285.596 372.5 5.18727
    endloop
  endfacet
  facet normal 0 1 0
    outer loop
      vertex -316.691 372.5 52.5686
      vertex -350.148 372.5 15.4113
      vertex -354.589 372.5 19.8522
    endloop
  endfacet
  facet normal 0 1 0
    outer loop
      vertex -306.91 372.5 50.4894
      vertex -291.459 372.5 2.93661
      vertex -307.921 372.5 50.2185
    endloop
  endfacet
  facet normal 0 1 0
    outer loop
      vertex -315.878 372.5 51.9098
      vertex -345.267 372.5 11.459
      vertex -350.148 372.5 15.4113
    endloop
  endfacet
  facet normal 0 1 -0
    outer loop
      vertex -297.525 372.5 1.31114
      vertex -307.921 372.5 50.2185
      vertex -291.459 372.5 2.93661
    endloop
  endfacet
  facet normal 0 1 0
    outer loop
      vertex -315 372.5 51.3397
      vertex -340 372.5 8.03848
      vertex -345.267 372.5 11.459
    endloop
  endfacet
  facet normal 0 1 0
    outer loop
      vertex -307.921 372.5 50.2185
      vertex -297.525 372.5 1.31114
      vertex -308.955 372.5 50.0548
    endloop
  endfacet
  facet normal 0 1 0
    outer loop
      vertex -314.067 372.5 50.8645
      vertex -334.404 372.5 5.18727
      vertex -340 372.5 8.03848
    endloop
  endfacet
  facet normal 0 1 -0
    outer loop
      vertex -303.728 372.5 0.328687
      vertex -308.955 372.5 50.0548
      vertex -297.525 372.5 1.31114
    endloop
  endfacet
  facet normal 0 1 0
    outer loop
      vertex -313.09 372.5 50.4894
      vertex -328.541 372.5 2.93661
      vertex -334.404 372.5 5.18727
    endloop
  endfacet
  facet normal 0 1 0
    outer loop
      vertex -308.955 372.5 50.0548
      vertex -303.728 372.5 0.328687
      vertex -310 372.5 50
    endloop
  endfacet
  facet normal 0 1 0
    outer loop
      vertex -312.079 372.5 50.2185
      vertex -322.475 372.5 1.31114
      vertex -328.541 372.5 2.93661
    endloop
  endfacet
  facet normal 0 1 0
    outer loop
      vertex -310 372.5 0
      vertex -310 372.5 50
      vertex -303.728 372.5 0.328687
    endloop
  endfacet
  facet normal 0 1 0
    outer loop
      vertex -311.045 372.5 50.0548
      vertex -316.272 372.5 0.328687
      vertex -322.475 372.5 1.31114
    endloop
  endfacet
  facet normal 0 1 0
    outer loop
      vertex -310 372.5 50
      vertex -310 372.5 0
      vertex -316.272 372.5 0.328687
    endloop
  endfacet
  facet normal 0.707107 -0 0.707107
    outer loop
      vertex -269.852 327.5 104.589
      vertex -265.411 372.5 100.148
      vertex -269.852 372.5 104.589
    endloop
  endfacet
  facet normal 0.707107 0 0.707107
    outer loop
      vertex -265.411 372.5 100.148
      vertex -269.852 327.5 104.589
      vertex -265.411 327.5 100.148
    endloop
  endfacet
  facet normal 0.89102 -0 0.453965
    outer loop
      vertex -258.038 327.5 90
      vertex -255.187 372.5 84.4042
      vertex -258.038 372.5 90
    endloop
  endfacet
  facet normal 0.89102 0 0.453965
    outer loop
      vertex -255.187 372.5 84.4042
      vertex -258.038 327.5 90
      vertex -255.187 327.5 84.4042
    endloop
  endfacet
  facet normal -0.838634 0 0.544696
    outer loop
      vertex -361.962 327.5 90
      vertex -358.541 372.5 95.2671
      vertex -361.962 372.5 90
    endloop
  endfacet
  facet normal -0.838634 0 0.544696
    outer loop
      vertex -358.541 372.5 95.2671
      vertex -361.962 327.5 90
      vertex -358.541 327.5 95.2671
    endloop
  endfacet
  facet normal -0.9877 0 0.156363
    outer loop
      vertex -369.671 327.5 66.2717
      vertex -368.689 372.5 72.4747
      vertex -369.671 372.5 66.2717
    endloop
  endfacet
  facet normal -0.9877 0 0.156363
    outer loop
      vertex -368.689 372.5 72.4747
      vertex -369.671 327.5 66.2717
      vertex -368.689 327.5 72.4747
    endloop
  endfacet
  facet normal 0 -1 0
    outer loop
      vertex -310 327.5 70
      vertex -310 327.5 120
      vertex -316.272 327.5 119.671
    endloop
  endfacet
  facet normal 0 -1 0
    outer loop
      vertex -311.045 327.5 69.9452
      vertex -316.272 327.5 119.671
      vertex -322.475 327.5 118.689
    endloop
  endfacet
  facet normal 0 -1 0
    outer loop
      vertex -310 327.5 120
      vertex -310 327.5 70
      vertex -303.728 327.5 119.671
    endloop
  endfacet
  facet normal 0 -1 0
    outer loop
      vertex -312.079 327.5 69.7815
      vertex -322.475 327.5 118.689
      vertex -328.541 327.5 117.063
    endloop
  endfacet
  facet normal 0 -1 0
    outer loop
      vertex -308.955 327.5 69.9452
      vertex -303.728 327.5 119.671
      vertex -310 327.5 70
    endloop
  endfacet
  facet normal 0 -1 0
    outer loop
      vertex -313.09 327.5 69.5106
      vertex -328.541 327.5 117.063
      vertex -334.404 327.5 114.813
    endloop
  endfacet
  facet normal 0 -1 -0
    outer loop
      vertex -303.728 327.5 119.671
      vertex -308.955 327.5 69.9452
      vertex -297.525 327.5 118.689
    endloop
  endfacet
  facet normal 0 -1 0
    outer loop
      vertex -314.067 327.5 69.1355
      vertex -334.404 327.5 114.813
      vertex -340 327.5 111.962
    endloop
  endfacet
  facet normal 0 -1 0
    outer loop
      vertex -307.921 327.5 69.7815
      vertex -297.525 327.5 118.689
      vertex -308.955 327.5 69.9452
    endloop
  endfacet
  facet normal 0 -1 0
    outer loop
      vertex -315 327.5 68.6603
      vertex -340 327.5 111.962
      vertex -345.267 327.5 108.541
    endloop
  endfacet
  facet normal 0 -1 -0
    outer loop
      vertex -297.525 327.5 118.689
      vertex -307.921 327.5 69.7815
      vertex -291.459 327.5 117.063
    endloop
  endfacet
  facet normal 0 -1 0
    outer loop
      vertex -315.878 327.5 68.0902
      vertex -345.267 327.5 108.541
      vertex -350.148 327.5 104.589
    endloop
  endfacet
  facet normal 0 -1 0
    outer loop
      vertex -306.91 327.5 69.5106
      vertex -291.459 327.5 117.063
      vertex -307.921 327.5 69.7815
    endloop
  endfacet
  facet normal 0 -1 0
    outer loop
      vertex -316.691 327.5 67.4314
      vertex -350.148 327.5 104.589
      vertex -354.589 327.5 100.148
    endloop
  endfacet
  facet normal 0 -1 -0
    outer loop
      vertex -291.459 327.5 117.063
      vertex -306.91 327.5 69.5106
      vertex -285.596 327.5 114.813
    endloop
  endfacet
  facet normal 0 -1 0
    outer loop
      vertex -317.431 327.5 66.6913
      vertex -354.589 327.5 100.148
      vertex -358.541 327.5 95.2671
    endloop
  endfacet
  facet normal 0 -1 0
    outer loop
      vertex -305.933 327.5 69.1355
      vertex -285.596 327.5 114.813
      vertex -306.91 327.5 69.5106
    endloop
  endfacet
  facet normal 0 -1 0
    outer loop
      vertex -318.09 327.5 65.8779
      vertex -358.541 327.5 95.2671
      vertex -361.962 327.5 90
    endloop
  endfacet
  facet normal 0 -1 -0
    outer loop
      vertex -285.596 327.5 114.813
      vertex -305.933 327.5 69.1355
      vertex -280 327.5 111.962
    endloop
  endfacet
  facet normal 0 -1 0
    outer loop
      vertex -318.66 327.5 65
      vertex -361.962 327.5 90
      vertex -364.813 327.5 84.4042
    endloop
  endfacet
  facet normal 0 -1 0
    outer loop
      vertex -305 327.5 68.6603
      vertex -280 327.5 111.962
      vertex -305.933 327.5 69.1355
    endloop
  endfacet
  facet normal 0 -1 0
    outer loop
      vertex -319.135 327.5 64.0674
      vertex -364.813 327.5 84.4042
      vertex -367.063 327.5 78.541
    endloop
  endfacet
  facet normal 0 -1 -0
    outer loop
      vertex -280 327.5 111.962
      vertex -305 327.5 68.6603
      vertex -274.733 327.5 108.541
    endloop
  endfacet
  facet normal 0 -1 0
    outer loop
      vertex -319.511 327.5 63.0902
      vertex -367.063 327.5 78.541
      vertex -368.689 327.5 72.4747
    endloop
  endfacet
  facet normal 0 -1 0
    outer loop
      vertex -304.122 327.5 68.0902
      vertex -274.733 327.5 108.541
      vertex -305 327.5 68.6603
    endloop
  endfacet
  facet normal 0 -1 -0
    outer loop
      vertex -274.733 327.5 108.541
      vertex -304.122 327.5 68.0902
      vertex -269.852 327.5 104.589
    endloop
  endfacet
  facet normal 0 -1 0
    outer loop
      vertex -316.272 327.5 119.671
      vertex -311.045 327.5 69.9452
      vertex -310 327.5 70
    endloop
  endfacet
  facet normal 0 -1 0
    outer loop
      vertex -322.475 327.5 118.689
      vertex -312.079 327.5 69.7815
      vertex -311.045 327.5 69.9452
    endloop
  endfacet
  facet normal 0 -1 0
    outer loop
      vertex -328.541 327.5 117.063
      vertex -313.09 327.5 69.5106
      vertex -312.079 327.5 69.7815
    endloop
  endfacet
  facet normal 0 -1 0
    outer loop
      vertex -334.404 327.5 114.813
      vertex -314.067 327.5 69.1355
      vertex -313.09 327.5 69.5106
    endloop
  endfacet
  facet normal 0 -1 0
    outer loop
      vertex -340 327.5 111.962
      vertex -315 327.5 68.6603
      vertex -314.067 327.5 69.1355
    endloop
  endfacet
  facet normal 0 -1 0
    outer loop
      vertex -345.267 327.5 108.541
      vertex -315.878 327.5 68.0902
      vertex -315 327.5 68.6603
    endloop
  endfacet
  facet normal 0 -1 0
    outer loop
      vertex -350.148 327.5 104.589
      vertex -316.691 327.5 67.4314
      vertex -315.878 327.5 68.0902
    endloop
  endfacet
  facet normal 0 -1 0
    outer loop
      vertex -354.589 327.5 100.148
      vertex -317.431 327.5 66.6913
      vertex -316.691 327.5 67.4314
    endloop
  endfacet
  facet normal 0 -1 0
    outer loop
      vertex -319.781 327.5 62.0791
      vertex -368.689 327.5 72.4747
      vertex -369.671 327.5 66.2717
    endloop
  endfacet
  facet normal 0 -1 0
    outer loop
      vertex -358.541 327.5 95.2671
      vertex -318.09 327.5 65.8779
      vertex -317.431 327.5 66.6913
    endloop
  endfacet
  facet normal 0 -1 0
    outer loop
      vertex -361.962 327.5 90
      vertex -318.66 327.5 65
      vertex -318.09 327.5 65.8779
    endloop
  endfacet
  facet normal 0 -1 0
    outer loop
      vertex -364.813 327.5 84.4042
      vertex -319.135 327.5 64.0674
      vertex -318.66 327.5 65
    endloop
  endfacet
  facet normal 0 -1 0
    outer loop
      vertex -367.063 327.5 78.541
      vertex -319.511 327.5 63.0902
      vertex -319.135 327.5 64.0674
    endloop
  endfacet
  facet normal 0 -1 0
    outer loop
      vertex -368.689 327.5 72.4747
      vertex -319.781 327.5 62.0791
      vertex -319.511 327.5 63.0902
    endloop
  endfacet
  facet normal 0 -1 0
    outer loop
      vertex -369.671 327.5 66.2717
      vertex -319.945 327.5 61.0453
      vertex -319.781 327.5 62.0791
    endloop
  endfacet
  facet normal 0 -1 0
    outer loop
      vertex -370 327.5 60
      vertex -319.945 327.5 61.0453
      vertex -369.671 327.5 66.2717
    endloop
  endfacet
  facet normal 0 -1 0
    outer loop
      vertex -370 327.5 60
      vertex -320 327.5 60
      vertex -319.945 327.5 61.0453
    endloop
  endfacet
  facet normal 0 -1 0
    outer loop
      vertex -370 327.5 60
      vertex -319.945 327.5 58.9547
      vertex -320 327.5 60
    endloop
  endfacet
  facet normal 0 -1 0
    outer loop
      vertex -369.671 327.5 53.7283
      vertex -319.945 327.5 58.9547
      vertex -370 327.5 60
    endloop
  endfacet
  facet normal 0 -1 -0
    outer loop
      vertex -319.945 327.5 58.9547
      vertex -369.671 327.5 53.7283
      vertex -319.781 327.5 57.9209
    endloop
  endfacet
  facet normal 0 -1 0
    outer loop
      vertex -368.689 327.5 47.5253
      vertex -319.781 327.5 57.9209
      vertex -369.671 327.5 53.7283
    endloop
  endfacet
  facet normal 0 -1 -0
    outer loop
      vertex -319.781 327.5 57.9209
      vertex -368.689 327.5 47.5253
      vertex -319.511 327.5 56.9098
    endloop
  endfacet
  facet normal 0 -1 0
    outer loop
      vertex -367.063 327.5 41.459
      vertex -319.511 327.5 56.9098
      vertex -368.689 327.5 47.5253
    endloop
  endfacet
  facet normal 0 -1 -0
    outer loop
      vertex -319.511 327.5 56.9098
      vertex -367.063 327.5 41.459
      vertex -319.135 327.5 55.9326
    endloop
  endfacet
  facet normal 0 -1 0
    outer loop
      vertex -364.813 327.5 35.5958
      vertex -319.135 327.5 55.9326
      vertex -367.063 327.5 41.459
    endloop
  endfacet
  facet normal 0 -1 -0
    outer loop
      vertex -319.135 327.5 55.9326
      vertex -364.813 327.5 35.5958
      vertex -318.66 327.5 55
    endloop
  endfacet
  facet normal 0 -1 0
    outer loop
      vertex -361.962 327.5 30
      vertex -318.66 327.5 55
      vertex -364.813 327.5 35.5958
    endloop
  endfacet
  facet normal 0 -1 -0
    outer loop
      vertex -318.66 327.5 55
      vertex -361.962 327.5 30
      vertex -318.09 327.5 54.1221
    endloop
  endfacet
  facet normal 0 -1 0
    outer loop
      vertex -358.541 327.5 24.7329
      vertex -318.09 327.5 54.1221
      vertex -361.962 327.5 30
    endloop
  endfacet
  facet normal 0 -1 -0
    outer loop
      vertex -318.09 327.5 54.1221
      vertex -358.541 327.5 24.7329
      vertex -317.431 327.5 53.3087
    endloop
  endfacet
  facet normal 0 -1 0
    outer loop
      vertex -354.589 327.5 19.8522
      vertex -317.431 327.5 53.3087
      vertex -358.541 327.5 24.7329
    endloop
  endfacet
  facet normal 0 -1 -0
    outer loop
      vertex -317.431 327.5 53.3087
      vertex -354.589 327.5 19.8522
      vertex -316.691 327.5 52.5686
    endloop
  endfacet
  facet normal 0 -1 -0
    outer loop
      vertex -316.691 327.5 52.5686
      vertex -350.148 327.5 15.4113
      vertex -315.878 327.5 51.9098
    endloop
  endfacet
  facet normal 0 -1 0
    outer loop
      vertex -350.148 327.5 15.4113
      vertex -316.691 327.5 52.5686
      vertex -354.589 327.5 19.8522
    endloop
  endfacet
  facet normal 0 -1 0
    outer loop
      vertex -303.309 327.5 67.4314
      vertex -269.852 327.5 104.589
      vertex -304.122 327.5 68.0902
    endloop
  endfacet
  facet normal 0 -1 -0
    outer loop
      vertex -269.852 327.5 104.589
      vertex -303.309 327.5 67.4314
      vertex -265.411 327.5 100.148
    endloop
  endfacet
  facet normal 0 -1 0
    outer loop
      vertex -302.569 327.5 66.6913
      vertex -265.411 327.5 100.148
      vertex -303.309 327.5 67.4314
    endloop
  endfacet
  facet normal 0 -1 -0
    outer loop
      vertex -265.411 327.5 100.148
      vertex -302.569 327.5 66.6913
      vertex -261.459 327.5 95.2671
    endloop
  endfacet
  facet normal 0 -1 0
    outer loop
      vertex -301.91 327.5 65.8779
      vertex -261.459 327.5 95.2671
      vertex -302.569 327.5 66.6913
    endloop
  endfacet
  facet normal 0 -1 -0
    outer loop
      vertex -261.459 327.5 95.2671
      vertex -301.91 327.5 65.8779
      vertex -258.038 327.5 90
    endloop
  endfacet
  facet normal 0 -1 0
    outer loop
      vertex -301.34 327.5 65
      vertex -258.038 327.5 90
      vertex -301.91 327.5 65.8779
    endloop
  endfacet
  facet normal 0 -1 -0
    outer loop
      vertex -258.038 327.5 90
      vertex -301.34 327.5 65
      vertex -255.187 327.5 84.4042
    endloop
  endfacet
  facet normal 0 -1 0
    outer loop
      vertex -300.865 327.5 64.0674
      vertex -255.187 327.5 84.4042
      vertex -301.34 327.5 65
    endloop
  endfacet
  facet normal 0 -1 -0
    outer loop
      vertex -255.187 327.5 84.4042
      vertex -300.865 327.5 64.0674
      vertex -252.937 327.5 78.541
    endloop
  endfacet
  facet normal 0 -1 0
    outer loop
      vertex -300.489 327.5 63.0902
      vertex -252.937 327.5 78.541
      vertex -300.865 327.5 64.0674
    endloop
  endfacet
  facet normal 0 -1 -0
    outer loop
      vertex -252.937 327.5 78.541
      vertex -300.489 327.5 63.0902
      vertex -251.311 327.5 72.4747
    endloop
  endfacet
  facet normal 0 -1 0
    outer loop
      vertex -300.219 327.5 62.0791
      vertex -251.311 327.5 72.4747
      vertex -300.489 327.5 63.0902
    endloop
  endfacet
  facet normal 0 -1 -0
    outer loop
      vertex -251.311 327.5 72.4747
      vertex -300.219 327.5 62.0791
      vertex -250.329 327.5 66.2717
    endloop
  endfacet
  facet normal 0 -1 0
    outer loop
      vertex -300.055 327.5 61.0453
      vertex -250.329 327.5 66.2717
      vertex -300.219 327.5 62.0791
    endloop
  endfacet
  facet normal 0 -1 0
    outer loop
      vertex -300 327.5 60
      vertex -250.329 327.5 66.2717
      vertex -300.055 327.5 61.0453
    endloop
  endfacet
  facet normal 0 -1 0
    outer loop
      vertex -300 327.5 60
      vertex -250 327.5 60
      vertex -250.329 327.5 66.2717
    endloop
  endfacet
  facet normal 0 -1 0
    outer loop
      vertex -300.055 327.5 58.9547
      vertex -250 327.5 60
      vertex -300 327.5 60
    endloop
  endfacet
  facet normal 0 -1 0
    outer loop
      vertex -250.329 327.5 53.7283
      vertex -300.055 327.5 58.9547
      vertex -300.219 327.5 57.9209
    endloop
  endfacet
  facet normal 0 -1 0
    outer loop
      vertex -251.311 327.5 47.5253
      vertex -300.219 327.5 57.9209
      vertex -300.489 327.5 56.9098
    endloop
  endfacet
  facet normal 0 -1 0
    outer loop
      vertex -252.937 327.5 41.459
      vertex -300.489 327.5 56.9098
      vertex -300.865 327.5 55.9326
    endloop
  endfacet
  facet normal 0 -1 0
    outer loop
      vertex -255.187 327.5 35.5958
      vertex -300.865 327.5 55.9326
      vertex -301.34 327.5 55
    endloop
  endfacet
  facet normal 0 -1 0
    outer loop
      vertex -258.038 327.5 30
      vertex -301.34 327.5 55
      vertex -301.91 327.5 54.1221
    endloop
  endfacet
  facet normal 0 -1 0
    outer loop
      vertex -300.055 327.5 58.9547
      vertex -250.329 327.5 53.7283
      vertex -250 327.5 60
    endloop
  endfacet
  facet normal 0 -1 0
    outer loop
      vertex -261.459 327.5 24.7329
      vertex -301.91 327.5 54.1221
      vertex -302.569 327.5 53.3087
    endloop
  endfacet
  facet normal 0 -1 0
    outer loop
      vertex -265.411 327.5 19.8522
      vertex -302.569 327.5 53.3087
      vertex -303.309 327.5 52.5686
    endloop
  endfacet
  facet normal 0 -1 0
    outer loop
      vertex -269.852 327.5 15.4113
      vertex -303.309 327.5 52.5686
      vertex -304.122 327.5 51.9098
    endloop
  endfacet
  facet normal 0 -1 0
    outer loop
      vertex -274.733 327.5 11.459
      vertex -304.122 327.5 51.9098
      vertex -305 327.5 51.3397
    endloop
  endfacet
  facet normal 0 -1 0
    outer loop
      vertex -280 327.5 8.03848
      vertex -305 327.5 51.3397
      vertex -305.933 327.5 50.8645
    endloop
  endfacet
  facet normal 0 -1 0
    outer loop
      vertex -285.596 327.5 5.18727
      vertex -305.933 327.5 50.8645
      vertex -306.91 327.5 50.4894
    endloop
  endfacet
  facet normal 0 -1 0
    outer loop
      vertex -291.459 327.5 2.93661
      vertex -306.91 327.5 50.4894
      vertex -307.921 327.5 50.2185
    endloop
  endfacet
  facet normal 0 -1 0
    outer loop
      vertex -297.525 327.5 1.31114
      vertex -307.921 327.5 50.2185
      vertex -308.955 327.5 50.0548
    endloop
  endfacet
  facet normal 0 -1 0
    outer loop
      vertex -300.219 327.5 57.9209
      vertex -251.311 327.5 47.5253
      vertex -250.329 327.5 53.7283
    endloop
  endfacet
  facet normal 0 -1 0
    outer loop
      vertex -303.728 327.5 0.328687
      vertex -308.955 327.5 50.0548
      vertex -310 327.5 50
    endloop
  endfacet
  facet normal 0 -1 0
    outer loop
      vertex -345.267 327.5 11.459
      vertex -315.878 327.5 51.9098
      vertex -350.148 327.5 15.4113
    endloop
  endfacet
  facet normal 0 -1 -0
    outer loop
      vertex -315.878 327.5 51.9098
      vertex -345.267 327.5 11.459
      vertex -315 327.5 51.3397
    endloop
  endfacet
  facet normal 0 -1 0
    outer loop
      vertex -300.489 327.5 56.9098
      vertex -252.937 327.5 41.459
      vertex -251.311 327.5 47.5253
    endloop
  endfacet
  facet normal 0 -1 0
    outer loop
      vertex -340 327.5 8.03848
      vertex -315 327.5 51.3397
      vertex -345.267 327.5 11.459
    endloop
  endfacet
  facet normal 0 -1 0
    outer loop
      vertex -300.865 327.5 55.9326
      vertex -255.187 327.5 35.5958
      vertex -252.937 327.5 41.459
    endloop
  endfacet
  facet normal 0 -1 -0
    outer loop
      vertex -315 327.5 51.3397
      vertex -340 327.5 8.03848
      vertex -314.067 327.5 50.8645
    endloop
  endfacet
  facet normal 0 -1 0
    outer loop
      vertex -301.34 327.5 55
      vertex -258.038 327.5 30
      vertex -255.187 327.5 35.5958
    endloop
  endfacet
  facet normal 0 -1 0
    outer loop
      vertex -334.404 327.5 5.18727
      vertex -314.067 327.5 50.8645
      vertex -340 327.5 8.03848
    endloop
  endfacet
  facet normal 0 -1 0
    outer loop
      vertex -301.91 327.5 54.1221
      vertex -261.459 327.5 24.7329
      vertex -258.038 327.5 30
    endloop
  endfacet
  facet normal 0 -1 -0
    outer loop
      vertex -314.067 327.5 50.8645
      vertex -334.404 327.5 5.18727
      vertex -313.09 327.5 50.4894
    endloop
  endfacet
  facet normal 0 -1 0
    outer loop
      vertex -302.569 327.5 53.3087
      vertex -265.411 327.5 19.8522
      vertex -261.459 327.5 24.7329
    endloop
  endfacet
  facet normal 0 -1 0
    outer loop
      vertex -328.541 327.5 2.93661
      vertex -313.09 327.5 50.4894
      vertex -334.404 327.5 5.18727
    endloop
  endfacet
  facet normal 0 -1 0
    outer loop
      vertex -303.309 327.5 52.5686
      vertex -269.852 327.5 15.4113
      vertex -265.411 327.5 19.8522
    endloop
  endfacet
  facet normal 0 -1 -0
    outer loop
      vertex -313.09 327.5 50.4894
      vertex -328.541 327.5 2.93661
      vertex -312.079 327.5 50.2185
    endloop
  endfacet
  facet normal 0 -1 0
    outer loop
      vertex -304.122 327.5 51.9098
      vertex -274.733 327.5 11.459
      vertex -269.852 327.5 15.4113
    endloop
  endfacet
  facet normal 0 -1 0
    outer loop
      vertex -322.475 327.5 1.31114
      vertex -312.079 327.5 50.2185
      vertex -328.541 327.5 2.93661
    endloop
  endfacet
  facet normal 0 -1 0
    outer loop
      vertex -305 327.5 51.3397
      vertex -280 327.5 8.03848
      vertex -274.733 327.5 11.459
    endloop
  endfacet
  facet normal 0 -1 -0
    outer loop
      vertex -312.079 327.5 50.2185
      vertex -322.475 327.5 1.31114
      vertex -311.045 327.5 50.0548
    endloop
  endfacet
  facet normal 0 -1 0
    outer loop
      vertex -305.933 327.5 50.8645
      vertex -285.596 327.5 5.18727
      vertex -280 327.5 8.03848
    endloop
  endfacet
  facet normal 0 -1 0
    outer loop
      vertex -316.272 327.5 0.328687
      vertex -311.045 327.5 50.0548
      vertex -322.475 327.5 1.31114
    endloop
  endfacet
  facet normal 0 -1 0
    outer loop
      vertex -306.91 327.5 50.4894
      vertex -291.459 327.5 2.93661
      vertex -285.596 327.5 5.18727
    endloop
  endfacet
  facet normal 0 -1 -0
    outer loop
      vertex -311.045 327.5 50.0548
      vertex -316.272 327.5 0.328687
      vertex -310 327.5 50
    endloop
  endfacet
  facet normal 0 -1 0
    outer loop
      vertex -307.921 327.5 50.2185
      vertex -297.525 327.5 1.31114
      vertex -291.459 327.5 2.93661
    endloop
  endfacet
  facet normal 0 -1 0
    outer loop
      vertex -310 327.5 0
      vertex -310 327.5 50
      vertex -316.272 327.5 0.328687
    endloop
  endfacet
  facet normal 0 -1 0
    outer loop
      vertex -308.955 327.5 50.0548
      vertex -303.728 327.5 0.328687
      vertex -297.525 327.5 1.31114
    endloop
  endfacet
  facet normal 0 -1 0
    outer loop
      vertex -310 327.5 50
      vertex -310 327.5 0
      vertex -303.728 327.5 0.328687
    endloop
  endfacet
  facet normal -0.777183 0 0.629275
    outer loop
      vertex -358.541 327.5 95.2671
      vertex -354.589 372.5 100.148
      vertex -358.541 372.5 95.2671
    endloop
  endfacet
  facet normal -0.777183 0 0.629275
    outer loop
      vertex -354.589 372.5 100.148
      vertex -358.541 327.5 95.2671
      vertex -354.589 327.5 100.148
    endloop
  endfacet
  facet normal -0.629267 0 0.777189
    outer loop
      vertex -350.148 372.5 104.589
      vertex -345.267 327.5 108.541
      vertex -345.267 372.5 108.541
    endloop
  endfacet
  facet normal -0.629267 0 0.777189
    outer loop
      vertex -345.267 327.5 108.541
      vertex -350.148 372.5 104.589
      vertex -350.148 327.5 104.589
    endloop
  endfacet
  facet normal -0.544703 0 0.838629
    outer loop
      vertex -345.267 372.5 108.541
      vertex -340 327.5 111.962
      vertex -340 372.5 111.962
    endloop
  endfacet
  facet normal -0.544703 0 0.838629
    outer loop
      vertex -340 327.5 111.962
      vertex -345.267 372.5 108.541
      vertex -345.267 327.5 108.541
    endloop
  endfacet
  facet normal -0.89102 0 -0.453965
    outer loop
      vertex -361.962 327.5 30
      vertex -364.813 372.5 35.5958
      vertex -361.962 372.5 30
    endloop
  endfacet
  facet normal -0.89102 -0 -0.453965
    outer loop
      vertex -364.813 372.5 35.5958
      vertex -361.962 327.5 30
      vertex -364.813 327.5 35.5958
    endloop
  endfacet
  facet normal 0.629296 0 -0.777166
    outer loop
      vertex -274.733 327.5 11.459
      vertex -269.852 372.5 15.4113
      vertex -269.852 327.5 15.4113
    endloop
  endfacet
  facet normal 0.629296 0 -0.777166
    outer loop
      vertex -269.852 372.5 15.4113
      vertex -274.733 327.5 11.459
      vertex -274.733 372.5 11.459
    endloop
  endfacet
  facet normal -0.838634 0 -0.544696
    outer loop
      vertex -358.541 327.5 24.7329
      vertex -361.962 372.5 30
      vertex -358.541 372.5 24.7329
    endloop
  endfacet
  facet normal -0.838634 -0 -0.544696
    outer loop
      vertex -361.962 372.5 30
      vertex -358.541 327.5 24.7329
      vertex -361.962 327.5 30
    endloop
  endfacet
  facet normal -0.9877 0 -0.156363
    outer loop
      vertex -368.689 327.5 47.5253
      vertex -369.671 372.5 53.7283
      vertex -368.689 372.5 47.5253
    endloop
  endfacet
  facet normal -0.9877 -0 -0.156363
    outer loop
      vertex -369.671 372.5 53.7283
      vertex -368.689 327.5 47.5253
      vertex -369.671 327.5 53.7283
    endloop
  endfacet
  facet normal -0.933616 0 -0.358275
    outer loop
      vertex -364.813 327.5 35.5958
      vertex -367.063 372.5 41.459
      vertex -364.813 372.5 35.5958
    endloop
  endfacet
  facet normal -0.933616 -0 -0.358275
    outer loop
      vertex -367.063 372.5 41.459
      vertex -364.813 327.5 35.5958
      vertex -367.063 327.5 41.459
    endloop
  endfacet
  facet normal -0.77717 0 -0.62929
    outer loop
      vertex -354.589 327.5 19.8522
      vertex -358.541 372.5 24.7329
      vertex -354.589 372.5 19.8522
    endloop
  endfacet
  facet normal -0.77717 -0 -0.62929
    outer loop
      vertex -358.541 372.5 24.7329
      vertex -354.589 327.5 19.8522
      vertex -358.541 327.5 24.7329
    endloop
  endfacet
  facet normal 0.544649 0 -0.838664
    outer loop
      vertex -280 327.5 8.03848
      vertex -274.733 372.5 11.459
      vertex -274.733 327.5 11.459
    endloop
  endfacet
  facet normal 0.544649 0 -0.838664
    outer loop
      vertex -274.733 372.5 11.459
      vertex -280 327.5 8.03848
      vertex -280 372.5 8.03848
    endloop
  endfacet
  facet normal 0.933616 0 -0.358275
    outer loop
      vertex -252.937 327.5 41.459
      vertex -255.187 372.5 35.5958
      vertex -252.937 372.5 41.459
    endloop
  endfacet
  facet normal 0.933616 0 -0.358275
    outer loop
      vertex -255.187 372.5 35.5958
      vertex -252.937 327.5 41.459
      vertex -255.187 327.5 35.5958
    endloop
  endfacet
  facet normal -0.0523336 0 -0.99863
    outer loop
      vertex -316.272 327.5 0.328687
      vertex -310 372.5 0
      vertex -310 327.5 0
    endloop
  endfacet
  facet normal -0.0523336 0 -0.99863
    outer loop
      vertex -310 372.5 0
      vertex -316.272 327.5 0.328687
      vertex -316.272 372.5 0.328687
    endloop
  endfacet
  facet normal -0.998627 0 0.0523858
    outer loop
      vertex -370 327.5 60
      vertex -369.671 372.5 66.2717
      vertex -370 372.5 60
    endloop
  endfacet
  facet normal -0.998627 0 0.0523858
    outer loop
      vertex -369.671 372.5 66.2717
      vertex -370 327.5 60
      vertex -369.671 327.5 66.2717
    endloop
  endfacet
  facet normal -0.358377 0 -0.933577
    outer loop
      vertex -334.404 327.5 5.18727
      vertex -328.541 372.5 2.93661
      vertex -328.541 327.5 2.93661
    endloop
  endfacet
  facet normal -0.358377 0 -0.933577
    outer loop
      vertex -328.541 372.5 2.93661
      vertex -334.404 327.5 5.18727
      vertex -334.404 372.5 5.18727
    endloop
  endfacet
  facet normal 0.707099 0 -0.707115
    outer loop
      vertex -269.852 327.5 15.4113
      vertex -265.411 372.5 19.8522
      vertex -265.411 327.5 19.8522
    endloop
  endfacet
  facet normal 0.707099 0 -0.707115
    outer loop
      vertex -265.411 372.5 19.8522
      vertex -269.852 327.5 15.4113
      vertex -269.852 372.5 15.4113
    endloop
  endfacet
  facet normal -0.98765 0 0.156679
    outer loop
      vertex -300.219 327.5 57.9209
      vertex -300.055 372.5 58.9547
      vertex -300.219 372.5 57.9209
    endloop
  endfacet
  facet normal -0.98765 0 0.156679
    outer loop
      vertex -300.055 372.5 58.9547
      vertex -300.219 327.5 57.9209
      vertex -300.055 327.5 58.9547
    endloop
  endfacet
  facet normal -0.98765 0 -0.156679
    outer loop
      vertex -300.055 327.5 61.0453
      vertex -300.219 372.5 62.0791
      vertex -300.055 372.5 61.0453
    endloop
  endfacet
  facet normal -0.98765 -0 -0.156679
    outer loop
      vertex -300.219 372.5 62.0791
      vertex -300.055 327.5 61.0453
      vertex -300.219 327.5 62.0791
    endloop
  endfacet
  facet normal -0.998619 0 -0.0525438
    outer loop
      vertex -300 327.5 60
      vertex -300.055 372.5 61.0453
      vertex -300 372.5 60
    endloop
  endfacet
  facet normal -0.998619 -0 -0.0525438
    outer loop
      vertex -300.055 372.5 61.0453
      vertex -300 327.5 60
      vertex -300.055 327.5 61.0453
    endloop
  endfacet
  facet normal -0.966146 0 -0.257996
    outer loop
      vertex -300.219 327.5 62.0791
      vertex -300.489 372.5 63.0902
      vertex -300.219 372.5 62.0791
    endloop
  endfacet
  facet normal -0.966146 -0 -0.257996
    outer loop
      vertex -300.489 372.5 63.0902
      vertex -300.219 327.5 62.0791
      vertex -300.489 327.5 63.0902
    endloop
  endfacet
  facet normal -0.838721 0 -0.544562
    outer loop
      vertex -301.34 327.5 65
      vertex -301.91 372.5 65.8779
      vertex -301.34 372.5 65
    endloop
  endfacet
  facet normal -0.838721 -0 -0.544562
    outer loop
      vertex -301.91 372.5 65.8779
      vertex -301.34 327.5 65
      vertex -301.91 327.5 65.8779
    endloop
  endfacet
  facet normal 0.0523682 0 -0.998628
    outer loop
      vertex -311.045 327.5 69.9452
      vertex -310 372.5 70
      vertex -310 327.5 70
    endloop
  endfacet
  facet normal 0.0523682 0 -0.998628
    outer loop
      vertex -310 372.5 70
      vertex -311.045 327.5 69.9452
      vertex -311.045 372.5 69.9452
    endloop
  endfacet
  facet normal -0.998619 0 0.0525438
    outer loop
      vertex -300.055 327.5 58.9547
      vertex -300 372.5 60
      vertex -300.055 372.5 58.9547
    endloop
  endfacet
  facet normal -0.998619 0 0.0525438
    outer loop
      vertex -300 372.5 60
      vertex -300.055 327.5 58.9547
      vertex -300 327.5 60
    endloop
  endfacet
  facet normal -0.776996 0 -0.629506
    outer loop
      vertex -301.91 327.5 65.8779
      vertex -302.569 372.5 66.6913
      vertex -301.91 372.5 65.8779
    endloop
  endfacet
  facet normal -0.776996 -0 -0.629506
    outer loop
      vertex -302.569 372.5 66.6913
      vertex -301.91 327.5 65.8779
      vertex -302.569 327.5 66.6913
    endloop
  endfacet
  facet normal 0.98765 -0 0.156679
    outer loop
      vertex -319.945 327.5 58.9547
      vertex -319.781 372.5 57.9209
      vertex -319.945 372.5 58.9547
    endloop
  endfacet
  facet normal 0.98765 0 0.156679
    outer loop
      vertex -319.781 372.5 57.9209
      vertex -319.945 327.5 58.9547
      vertex -319.781 327.5 57.9209
    endloop
  endfacet
  facet normal 0.891077 0 -0.453851
    outer loop
      vertex -318.66 327.5 65
      vertex -319.135 372.5 64.0674
      vertex -318.66 372.5 65
    endloop
  endfacet
  facet normal 0.891077 0 -0.453851
    outer loop
      vertex -319.135 372.5 64.0674
      vertex -318.66 327.5 65
      vertex -319.135 327.5 64.0674
    endloop
  endfacet
  facet normal -0.258822 0 -0.965925
    outer loop
      vertex -307.921 327.5 69.7815
      vertex -306.91 372.5 69.5106
      vertex -306.91 327.5 69.5106
    endloop
  endfacet
  facet normal -0.258822 0 -0.965925
    outer loop
      vertex -306.91 372.5 69.5106
      vertex -307.921 327.5 69.7815
      vertex -307.921 372.5 69.7815
    endloop
  endfacet
  facet normal -0.358422 0 -0.93356
    outer loop
      vertex -306.91 327.5 69.5106
      vertex -305.933 372.5 69.1355
      vertex -305.933 327.5 69.1355
    endloop
  endfacet
  facet normal -0.358422 0 -0.93356
    outer loop
      vertex -305.933 372.5 69.1355
      vertex -306.91 327.5 69.5106
      vertex -306.91 372.5 69.5106
    endloop
  endfacet
  facet normal 0.966146 -0 0.257996
    outer loop
      vertex -319.781 327.5 57.9209
      vertex -319.511 372.5 56.9098
      vertex -319.781 372.5 57.9209
    endloop
  endfacet
  facet normal 0.966146 0 0.257996
    outer loop
      vertex -319.511 372.5 56.9098
      vertex -319.781 327.5 57.9209
      vertex -319.511 327.5 56.9098
    endloop
  endfacet
  facet normal -0.629578 0 -0.776938
    outer loop
      vertex -304.122 327.5 68.0902
      vertex -303.309 372.5 67.4314
      vertex -303.309 327.5 67.4314
    endloop
  endfacet
  facet normal -0.629578 0 -0.776938
    outer loop
      vertex -303.309 372.5 67.4314
      vertex -304.122 327.5 68.0902
      vertex -304.122 372.5 68.0902
    endloop
  endfacet
  facet normal -0.358422 0 0.93356
    outer loop
      vertex -306.91 372.5 50.4894
      vertex -305.933 327.5 50.8645
      vertex -305.933 372.5 50.8645
    endloop
  endfacet
  facet normal -0.358422 0 0.93356
    outer loop
      vertex -305.933 327.5 50.8645
      vertex -306.91 372.5 50.4894
      vertex -306.91 327.5 50.4894
    endloop
  endfacet
  facet normal 0.776996 0 -0.629506
    outer loop
      vertex -317.431 327.5 66.6913
      vertex -318.09 372.5 65.8779
      vertex -317.431 372.5 66.6913
    endloop
  endfacet
  facet normal 0.776996 0 -0.629506
    outer loop
      vertex -318.09 372.5 65.8779
      vertex -317.431 327.5 66.6913
      vertex -318.09 327.5 65.8779
    endloop
  endfacet
  facet normal 0.258822 0 -0.965925
    outer loop
      vertex -313.09 327.5 69.5106
      vertex -312.079 372.5 69.7815
      vertex -312.079 327.5 69.7815
    endloop
  endfacet
  facet normal 0.258822 0 -0.965925
    outer loop
      vertex -312.079 372.5 69.7815
      vertex -313.09 327.5 69.5106
      vertex -313.09 372.5 69.5106
    endloop
  endfacet
  facet normal 0.707155 0 -0.707059
    outer loop
      vertex -316.691 327.5 67.4314
      vertex -317.431 372.5 66.6913
      vertex -316.691 372.5 67.4314
    endloop
  endfacet
  facet normal 0.707155 0 -0.707059
    outer loop
      vertex -317.431 372.5 66.6913
      vertex -316.691 327.5 67.4314
      vertex -317.431 327.5 66.6913
    endloop
  endfacet
  facet normal 0.544585 0 -0.838705
    outer loop
      vertex -315.878 327.5 68.0902
      vertex -315 372.5 68.6603
      vertex -315 327.5 68.6603
    endloop
  endfacet
  facet normal 0.544585 0 -0.838705
    outer loop
      vertex -315 372.5 68.6603
      vertex -315.878 327.5 68.0902
      vertex -315.878 372.5 68.0902
    endloop
  endfacet
  facet normal -0.966146 0 0.257996
    outer loop
      vertex -300.489 327.5 56.9098
      vertex -300.219 372.5 57.9209
      vertex -300.489 372.5 56.9098
    endloop
  endfacet
  facet normal -0.966146 0 0.257996
    outer loop
      vertex -300.219 372.5 57.9209
      vertex -300.489 327.5 56.9098
      vertex -300.219 327.5 57.9209
    endloop
  endfacet
  facet normal -0.0523682 0 0.998628
    outer loop
      vertex -310 372.5 50
      vertex -308.955 327.5 50.0548
      vertex -308.955 372.5 50.0548
    endloop
  endfacet
  facet normal -0.0523682 0 0.998628
    outer loop
      vertex -308.955 327.5 50.0548
      vertex -310 372.5 50
      vertex -310 327.5 50
    endloop
  endfacet
  facet normal -0.544585 0 -0.838705
    outer loop
      vertex -305 327.5 68.6603
      vertex -304.122 372.5 68.0902
      vertex -304.122 327.5 68.0902
    endloop
  endfacet
  facet normal -0.544585 0 -0.838705
    outer loop
      vertex -304.122 372.5 68.0902
      vertex -305 327.5 68.6603
      vertex -305 372.5 68.6603
    endloop
  endfacet
  facet normal 0.838721 -0 0.544562
    outer loop
      vertex -318.66 327.5 55
      vertex -318.09 372.5 54.1221
      vertex -318.66 372.5 55
    endloop
  endfacet
  facet normal 0.838721 0 0.544562
    outer loop
      vertex -318.09 372.5 54.1221
      vertex -318.66 327.5 55
      vertex -318.09 327.5 54.1221
    endloop
  endfacet
  facet normal -0.15637 0 0.987699
    outer loop
      vertex -308.955 372.5 50.0548
      vertex -307.921 327.5 50.2185
      vertex -307.921 372.5 50.2185
    endloop
  endfacet
  facet normal -0.15637 0 0.987699
    outer loop
      vertex -307.921 327.5 50.2185
      vertex -308.955 372.5 50.0548
      vertex -308.955 327.5 50.0548
    endloop
  endfacet
  facet normal 0.15637 0 0.987699
    outer loop
      vertex -312.079 372.5 50.2185
      vertex -311.045 327.5 50.0548
      vertex -311.045 372.5 50.0548
    endloop
  endfacet
  facet normal 0.15637 0 0.987699
    outer loop
      vertex -311.045 327.5 50.0548
      vertex -312.079 372.5 50.2185
      vertex -312.079 327.5 50.2185
    endloop
  endfacet
  facet normal 0.453849 0 -0.891079
    outer loop
      vertex -315 327.5 68.6603
      vertex -314.067 372.5 69.1355
      vertex -314.067 327.5 69.1355
    endloop
  endfacet
  facet normal 0.453849 0 -0.891079
    outer loop
      vertex -314.067 372.5 69.1355
      vertex -315 327.5 68.6603
      vertex -315 372.5 68.6603
    endloop
  endfacet
  facet normal 0.453849 0 0.891079
    outer loop
      vertex -315 372.5 51.3397
      vertex -314.067 327.5 50.8645
      vertex -314.067 372.5 50.8645
    endloop
  endfacet
  facet normal 0.453849 0 0.891079
    outer loop
      vertex -314.067 327.5 50.8645
      vertex -315 372.5 51.3397
      vertex -315 327.5 51.3397
    endloop
  endfacet
  facet normal 0.358422 0 -0.93356
    outer loop
      vertex -314.067 327.5 69.1355
      vertex -313.09 372.5 69.5106
      vertex -313.09 327.5 69.5106
    endloop
  endfacet
  facet normal 0.358422 0 -0.93356
    outer loop
      vertex -313.09 372.5 69.5106
      vertex -314.067 327.5 69.1355
      vertex -314.067 372.5 69.1355
    endloop
  endfacet
  facet normal -0.453849 0 -0.891079
    outer loop
      vertex -305.933 327.5 69.1355
      vertex -305 372.5 68.6603
      vertex -305 327.5 68.6603
    endloop
  endfacet
  facet normal -0.453849 0 -0.891079
    outer loop
      vertex -305 372.5 68.6603
      vertex -305.933 327.5 69.1355
      vertex -305.933 372.5 69.1355
    endloop
  endfacet
  facet normal -0.891077 0 0.453851
    outer loop
      vertex -301.34 327.5 55
      vertex -300.865 372.5 55.9326
      vertex -301.34 372.5 55
    endloop
  endfacet
  facet normal -0.891077 0 0.453851
    outer loop
      vertex -300.865 372.5 55.9326
      vertex -301.34 327.5 55
      vertex -300.865 327.5 55.9326
    endloop
  endfacet
  facet normal -0.707155 0 -0.707059
    outer loop
      vertex -302.569 327.5 66.6913
      vertex -303.309 372.5 67.4314
      vertex -302.569 372.5 66.6913
    endloop
  endfacet
  facet normal -0.707155 -0 -0.707059
    outer loop
      vertex -303.309 372.5 67.4314
      vertex -302.569 327.5 66.6913
      vertex -303.309 327.5 67.4314
    endloop
  endfacet
  facet normal 0.629578 0 0.776938
    outer loop
      vertex -316.691 372.5 52.5686
      vertex -315.878 327.5 51.9098
      vertex -315.878 372.5 51.9098
    endloop
  endfacet
  facet normal 0.629578 0 0.776938
    outer loop
      vertex -315.878 327.5 51.9098
      vertex -316.691 372.5 52.5686
      vertex -316.691 327.5 52.5686
    endloop
  endfacet
  facet normal -0.838721 0 0.544562
    outer loop
      vertex -301.91 327.5 54.1221
      vertex -301.34 372.5 55
      vertex -301.91 372.5 54.1221
    endloop
  endfacet
  facet normal -0.838721 0 0.544562
    outer loop
      vertex -301.34 372.5 55
      vertex -301.91 327.5 54.1221
      vertex -301.34 327.5 55
    endloop
  endfacet
  facet normal -0.453849 0 0.891079
    outer loop
      vertex -305.933 372.5 50.8645
      vertex -305 327.5 51.3397
      vertex -305 372.5 51.3397
    endloop
  endfacet
  facet normal -0.453849 0 0.891079
    outer loop
      vertex -305 327.5 51.3397
      vertex -305.933 372.5 50.8645
      vertex -305.933 327.5 50.8645
    endloop
  endfacet
  facet normal 0.15637 0 -0.987699
    outer loop
      vertex -312.079 327.5 69.7815
      vertex -311.045 372.5 69.9452
      vertex -311.045 327.5 69.9452
    endloop
  endfacet
  facet normal 0.15637 0 -0.987699
    outer loop
      vertex -311.045 372.5 69.9452
      vertex -312.079 327.5 69.7815
      vertex -312.079 372.5 69.7815
    endloop
  endfacet
  facet normal -0.933296 0 -0.359107
    outer loop
      vertex -300.489 327.5 63.0902
      vertex -300.865 372.5 64.0674
      vertex -300.489 372.5 63.0902
    endloop
  endfacet
  facet normal -0.933296 -0 -0.359107
    outer loop
      vertex -300.865 372.5 64.0674
      vertex -300.489 327.5 63.0902
      vertex -300.865 327.5 64.0674
    endloop
  endfacet
  facet normal -0.776996 0 0.629506
    outer loop
      vertex -302.569 327.5 53.3087
      vertex -301.91 372.5 54.1221
      vertex -302.569 372.5 53.3087
    endloop
  endfacet
  facet normal -0.776996 0 0.629506
    outer loop
      vertex -301.91 372.5 54.1221
      vertex -302.569 327.5 53.3087
      vertex -301.91 327.5 54.1221
    endloop
  endfacet
  facet normal 0.98765 0 -0.156679
    outer loop
      vertex -319.781 327.5 62.0791
      vertex -319.945 372.5 61.0453
      vertex -319.781 372.5 62.0791
    endloop
  endfacet
  facet normal 0.98765 0 -0.156679
    outer loop
      vertex -319.945 372.5 61.0453
      vertex -319.781 327.5 62.0791
      vertex -319.945 327.5 61.0453
    endloop
  endfacet
  facet normal -0.0523682 0 -0.998628
    outer loop
      vertex -310 327.5 70
      vertex -308.955 372.5 69.9452
      vertex -308.955 327.5 69.9452
    endloop
  endfacet
  facet normal -0.0523682 0 -0.998628
    outer loop
      vertex -308.955 372.5 69.9452
      vertex -310 327.5 70
      vertex -310 372.5 70
    endloop
  endfacet
  facet normal -0.891077 0 -0.453851
    outer loop
      vertex -300.865 327.5 64.0674
      vertex -301.34 372.5 65
      vertex -300.865 372.5 64.0674
    endloop
  endfacet
  facet normal -0.891077 -0 -0.453851
    outer loop
      vertex -301.34 372.5 65
      vertex -300.865 327.5 64.0674
      vertex -301.34 327.5 65
    endloop
  endfacet
  facet normal 0.838721 0 -0.544562
    outer loop
      vertex -318.09 327.5 65.8779
      vertex -318.66 372.5 65
      vertex -318.09 372.5 65.8779
    endloop
  endfacet
  facet normal 0.838721 0 -0.544562
    outer loop
      vertex -318.66 372.5 65
      vertex -318.09 327.5 65.8779
      vertex -318.66 327.5 65
    endloop
  endfacet
  facet normal 0.629578 0 -0.776938
    outer loop
      vertex -316.691 327.5 67.4314
      vertex -315.878 372.5 68.0902
      vertex -315.878 327.5 68.0902
    endloop
  endfacet
  facet normal 0.629578 0 -0.776938
    outer loop
      vertex -315.878 372.5 68.0902
      vertex -316.691 327.5 67.4314
      vertex -316.691 372.5 67.4314
    endloop
  endfacet
  facet normal 0.933296 -0 0.359107
    outer loop
      vertex -319.511 327.5 56.9098
      vertex -319.135 372.5 55.9326
      vertex -319.511 372.5 56.9098
    endloop
  endfacet
  facet normal 0.933296 0 0.359107
    outer loop
      vertex -319.135 372.5 55.9326
      vertex -319.511 327.5 56.9098
      vertex -319.135 327.5 55.9326
    endloop
  endfacet
  facet normal 0.933296 0 -0.359107
    outer loop
      vertex -319.135 327.5 64.0674
      vertex -319.511 372.5 63.0902
      vertex -319.135 372.5 64.0674
    endloop
  endfacet
  facet normal 0.933296 0 -0.359107
    outer loop
      vertex -319.511 372.5 63.0902
      vertex -319.135 327.5 64.0674
      vertex -319.511 327.5 63.0902
    endloop
  endfacet
  facet normal 0.891077 -0 0.453851
    outer loop
      vertex -319.135 327.5 55.9326
      vertex -318.66 372.5 55
      vertex -319.135 372.5 55.9326
    endloop
  endfacet
  facet normal 0.891077 0 0.453851
    outer loop
      vertex -318.66 372.5 55
      vertex -319.135 327.5 55.9326
      vertex -318.66 327.5 55
    endloop
  endfacet
  facet normal -0.258822 0 0.965925
    outer loop
      vertex -307.921 372.5 50.2185
      vertex -306.91 327.5 50.4894
      vertex -306.91 372.5 50.4894
    endloop
  endfacet
  facet normal -0.258822 0 0.965925
    outer loop
      vertex -306.91 327.5 50.4894
      vertex -307.921 372.5 50.2185
      vertex -307.921 327.5 50.2185
    endloop
  endfacet
  facet normal -0.629578 0 0.776938
    outer loop
      vertex -304.122 372.5 51.9098
      vertex -303.309 327.5 52.5686
      vertex -303.309 372.5 52.5686
    endloop
  endfacet
  facet normal -0.629578 0 0.776938
    outer loop
      vertex -303.309 327.5 52.5686
      vertex -304.122 372.5 51.9098
      vertex -304.122 327.5 51.9098
    endloop
  endfacet
  facet normal 0.258822 0 0.965925
    outer loop
      vertex -313.09 372.5 50.4894
      vertex -312.079 327.5 50.2185
      vertex -312.079 372.5 50.2185
    endloop
  endfacet
  facet normal 0.258822 0 0.965925
    outer loop
      vertex -312.079 327.5 50.2185
      vertex -313.09 372.5 50.4894
      vertex -313.09 327.5 50.4894
    endloop
  endfacet
  facet normal 0.998619 -0 0.0525438
    outer loop
      vertex -320 327.5 60
      vertex -319.945 372.5 58.9547
      vertex -320 372.5 60
    endloop
  endfacet
  facet normal 0.998619 0 0.0525438
    outer loop
      vertex -319.945 372.5 58.9547
      vertex -320 327.5 60
      vertex -319.945 327.5 58.9547
    endloop
  endfacet
  facet normal -0.15637 0 -0.987699
    outer loop
      vertex -308.955 327.5 69.9452
      vertex -307.921 372.5 69.7815
      vertex -307.921 327.5 69.7815
    endloop
  endfacet
  facet normal -0.15637 0 -0.987699
    outer loop
      vertex -307.921 372.5 69.7815
      vertex -308.955 327.5 69.9452
      vertex -308.955 372.5 69.9452
    endloop
  endfacet
  facet normal 0.776996 -0 0.629506
    outer loop
      vertex -318.09 327.5 54.1221
      vertex -317.431 372.5 53.3087
      vertex -318.09 372.5 54.1221
    endloop
  endfacet
  facet normal 0.776996 0 0.629506
    outer loop
      vertex -317.431 372.5 53.3087
      vertex -318.09 327.5 54.1221
      vertex -317.431 327.5 53.3087
    endloop
  endfacet
  facet normal 0.966146 0 -0.257996
    outer loop
      vertex -319.511 327.5 63.0902
      vertex -319.781 372.5 62.0791
      vertex -319.511 372.5 63.0902
    endloop
  endfacet
  facet normal 0.966146 0 -0.257996
    outer loop
      vertex -319.781 372.5 62.0791
      vertex -319.511 327.5 63.0902
      vertex -319.781 327.5 62.0791
    endloop
  endfacet
  facet normal 0.707155 -0 0.707059
    outer loop
      vertex -317.431 327.5 53.3087
      vertex -316.691 372.5 52.5686
      vertex -317.431 372.5 53.3087
    endloop
  endfacet
  facet normal 0.707155 0 0.707059
    outer loop
      vertex -316.691 372.5 52.5686
      vertex -317.431 327.5 53.3087
      vertex -316.691 327.5 52.5686
    endloop
  endfacet
  facet normal -0.544585 0 0.838705
    outer loop
      vertex -305 372.5 51.3397
      vertex -304.122 327.5 51.9098
      vertex -304.122 372.5 51.9098
    endloop
  endfacet
  facet normal -0.544585 0 0.838705
    outer loop
      vertex -304.122 327.5 51.9098
      vertex -305 372.5 51.3397
      vertex -305 327.5 51.3397
    endloop
  endfacet
  facet normal -0.933296 0 0.359107
    outer loop
      vertex -300.865 327.5 55.9326
      vertex -300.489 372.5 56.9098
      vertex -300.865 372.5 55.9326
    endloop
  endfacet
  facet normal -0.933296 0 0.359107
    outer loop
      vertex -300.489 372.5 56.9098
      vertex -300.865 327.5 55.9326
      vertex -300.489 327.5 56.9098
    endloop
  endfacet
  facet normal 0.0523682 0 0.998628
    outer loop
      vertex -311.045 372.5 50.0548
      vertex -310 327.5 50
      vertex -310 372.5 50
    endloop
  endfacet
  facet normal 0.0523682 0 0.998628
    outer loop
      vertex -310 327.5 50
      vertex -311.045 372.5 50.0548
      vertex -311.045 327.5 50.0548
    endloop
  endfacet
  facet normal 0.998619 0 -0.0525438
    outer loop
      vertex -319.945 327.5 61.0453
      vertex -320 372.5 60
      vertex -319.945 372.5 61.0453
    endloop
  endfacet
  facet normal 0.998619 0 -0.0525438
    outer loop
      vertex -320 372.5 60
      vertex -319.945 327.5 61.0453
      vertex -320 327.5 60
    endloop
  endfacet
  facet normal 0.358422 0 0.93356
    outer loop
      vertex -314.067 372.5 50.8645
      vertex -313.09 327.5 50.4894
      vertex -313.09 372.5 50.4894
    endloop
  endfacet
  facet normal 0.358422 0 0.93356
    outer loop
      vertex -313.09 327.5 50.4894
      vertex -314.067 372.5 50.8645
      vertex -314.067 327.5 50.8645
    endloop
  endfacet
  facet normal 0.544585 0 0.838705
    outer loop
      vertex -315.878 372.5 51.9098
      vertex -315 327.5 51.3397
      vertex -315 372.5 51.3397
    endloop
  endfacet
  facet normal 0.544585 0 0.838705
    outer loop
      vertex -315 327.5 51.3397
      vertex -315.878 372.5 51.9098
      vertex -315.878 327.5 51.9098
    endloop
  endfacet
  facet normal -0.707155 0 0.707059
    outer loop
      vertex -303.309 327.5 52.5686
      vertex -302.569 372.5 53.3087
      vertex -303.309 372.5 52.5686
    endloop
  endfacet
  facet normal -0.707155 0 0.707059
    outer loop
      vertex -302.569 372.5 53.3087
      vertex -303.309 327.5 52.5686
      vertex -302.569 327.5 53.3087
    endloop
  endfacet
  facet normal -0.555055 -0.831814 0
    outer loop
      vertex -353.536 346.464 120.5
      vertex -351.913 345.381 129.5
      vertex -353.536 346.464 129.5
    endloop
  endfacet
  facet normal -0.555055 -0.831814 -0
    outer loop
      vertex -351.913 345.381 129.5
      vertex -353.536 346.464 120.5
      vertex -351.913 345.381 120.5
    endloop
  endfacet
  facet normal 0.831814 -0.555055 0
    outer loop
      vertex -346.464 346.464 129.5
      vertex -345.381 348.087 120.5
      vertex -345.381 348.087 129.5
    endloop
  endfacet
  facet normal 0.831814 -0.555055 0
    outer loop
      vertex -345.381 348.087 120.5
      vertex -346.464 346.464 129.5
      vertex -346.464 346.464 120.5
    endloop
  endfacet
  facet normal 0.980738 -0.195327 0
    outer loop
      vertex -345.381 348.087 129.5
      vertex -345 350 120.5
      vertex -345 350 129.5
    endloop
  endfacet
  facet normal 0.980738 -0.195327 0
    outer loop
      vertex -345 350 120.5
      vertex -345.381 348.087 129.5
      vertex -345.381 348.087 120.5
    endloop
  endfacet
  facet normal -0.831814 -0.555055 0
    outer loop
      vertex -353.536 346.464 120.5
      vertex -354.619 348.087 129.5
      vertex -354.619 348.087 120.5
    endloop
  endfacet
  facet normal -0.831814 -0.555055 0
    outer loop
      vertex -354.619 348.087 129.5
      vertex -353.536 346.464 120.5
      vertex -353.536 346.464 129.5
    endloop
  endfacet
  facet normal -0.195327 0.980738 0
    outer loop
      vertex -350 355 120.5
      vertex -351.913 354.619 129.5
      vertex -350 355 129.5
    endloop
  endfacet
  facet normal -0.195327 0.980738 0
    outer loop
      vertex -351.913 354.619 129.5
      vertex -350 355 120.5
      vertex -351.913 354.619 120.5
    endloop
  endfacet
  facet normal 0.195327 0.980738 -0
    outer loop
      vertex -348.087 354.619 120.5
      vertex -350 355 129.5
      vertex -348.087 354.619 129.5
    endloop
  endfacet
  facet normal 0.195327 0.980738 0
    outer loop
      vertex -350 355 129.5
      vertex -348.087 354.619 120.5
      vertex -350 355 120.5
    endloop
  endfacet
  facet normal 0.555055 0.831814 -0
    outer loop
      vertex -346.464 353.536 120.5
      vertex -348.087 354.619 129.5
      vertex -346.464 353.536 129.5
    endloop
  endfacet
  facet normal 0.555055 0.831814 0
    outer loop
      vertex -348.087 354.619 129.5
      vertex -346.464 353.536 120.5
      vertex -348.087 354.619 120.5
    endloop
  endfacet
  facet normal 0.831814 0.555055 0
    outer loop
      vertex -345.381 351.913 129.5
      vertex -346.464 353.536 120.5
      vertex -346.464 353.536 129.5
    endloop
  endfacet
  facet normal 0.831814 0.555055 0
    outer loop
      vertex -346.464 353.536 120.5
      vertex -345.381 351.913 129.5
      vertex -345.381 351.913 120.5
    endloop
  endfacet
  facet normal -0.980738 -0.195327 0
    outer loop
      vertex -354.619 348.087 120.5
      vertex -355 350 129.5
      vertex -355 350 120.5
    endloop
  endfacet
  facet normal -0.980738 -0.195327 0
    outer loop
      vertex -355 350 129.5
      vertex -354.619 348.087 120.5
      vertex -354.619 348.087 129.5
    endloop
  endfacet
  facet normal 0.980738 0.195327 0
    outer loop
      vertex -345 350 129.5
      vertex -345.381 351.913 120.5
      vertex -345.381 351.913 129.5
    endloop
  endfacet
  facet normal 0.980738 0.195327 0
    outer loop
      vertex -345.381 351.913 120.5
      vertex -345 350 129.5
      vertex -345 350 120.5
    endloop
  endfacet
  facet normal -0.195327 -0.980738 0
    outer loop
      vertex -351.913 345.381 120.5
      vertex -350 345 129.5
      vertex -351.913 345.381 129.5
    endloop
  endfacet
  facet normal -0.195327 -0.980738 -0
    outer loop
      vertex -350 345 129.5
      vertex -351.913 345.381 120.5
      vertex -350 345 120.5
    endloop
  endfacet
  facet normal 0.195327 -0.980738 0
    outer loop
      vertex -350 345 120.5
      vertex -348.087 345.381 129.5
      vertex -350 345 129.5
    endloop
  endfacet
  facet normal 0.195327 -0.980738 0
    outer loop
      vertex -348.087 345.381 129.5
      vertex -350 345 120.5
      vertex -348.087 345.381 120.5
    endloop
  endfacet
  facet normal 0.555055 -0.831814 0
    outer loop
      vertex -348.087 345.381 120.5
      vertex -346.464 346.464 129.5
      vertex -348.087 345.381 129.5
    endloop
  endfacet
  facet normal 0.555055 -0.831814 0
    outer loop
      vertex -346.464 346.464 129.5
      vertex -348.087 345.381 120.5
      vertex -346.464 346.464 120.5
    endloop
  endfacet
  facet normal -0.831814 0.555055 0
    outer loop
      vertex -354.619 351.913 120.5
      vertex -353.536 353.536 129.5
      vertex -353.536 353.536 120.5
    endloop
  endfacet
  facet normal -0.831814 0.555055 0
    outer loop
      vertex -353.536 353.536 129.5
      vertex -354.619 351.913 120.5
      vertex -354.619 351.913 129.5
    endloop
  endfacet
  facet normal -0.980738 0.195327 0
    outer loop
      vertex -355 350 120.5
      vertex -354.619 351.913 129.5
      vertex -354.619 351.913 120.5
    endloop
  endfacet
  facet normal -0.980738 0.195327 0
    outer loop
      vertex -354.619 351.913 129.5
      vertex -355 350 120.5
      vertex -355 350 129.5
    endloop
  endfacet
  facet normal -0.555055 0.831814 0
    outer loop
      vertex -351.913 354.619 120.5
      vertex -353.536 353.536 129.5
      vertex -351.913 354.619 129.5
    endloop
  endfacet
  facet normal -0.555055 0.831814 0
    outer loop
      vertex -353.536 353.536 129.5
      vertex -351.913 354.619 120.5
      vertex -353.536 353.536 120.5
    endloop
  endfacet
  facet normal 1 0 0
    outer loop
      vertex -300 380 130.5
      vertex -300 300 130.5
      vertex -300 380 130
    endloop
  endfacet
  facet normal 1 -0 0
    outer loop
      vertex -300 380 130
      vertex -300 400 129.5
      vertex -300 400 130
    endloop
  endfacet
  facet normal 1 0 0
    outer loop
      vertex -300 300 129.5
      vertex -300 380 130
      vertex -300 300 130.5
    endloop
  endfacet
  facet normal 1 0 0
    outer loop
      vertex -300 380 130
      vertex -300 300 129.5
      vertex -300 400 129.5
    endloop
  endfacet
  facet normal -0 0 1
    outer loop
      vertex -380 380 130.5
      vertex -300 300 130.5
      vertex -300 380 130.5
    endloop
  endfacet
  facet normal 0 0 1
    outer loop
      vertex -300 300 130.5
      vertex -380 380 130.5
      vertex -380 300 130.5
    endloop
  endfacet
  facet normal 0 0 -1
    outer loop
      vertex -300 300 129.5
      vertex -345 350 129.5
      vertex -300 400 129.5
    endloop
  endfacet
  facet normal 0 0 -1
    outer loop
      vertex -300 300 129.5
      vertex -345.381 348.087 129.5
      vertex -345 350 129.5
    endloop
  endfacet
  facet normal 0 0 -1
    outer loop
      vertex -300 300 129.5
      vertex -346.464 346.464 129.5
      vertex -345.381 348.087 129.5
    endloop
  endfacet
  facet normal 0 0 -1
    outer loop
      vertex -300 300 129.5
      vertex -348.087 345.381 129.5
      vertex -346.464 346.464 129.5
    endloop
  endfacet
  facet normal 0 0 -1
    outer loop
      vertex -300 300 129.5
      vertex -350 345 129.5
      vertex -348.087 345.381 129.5
    endloop
  endfacet
  facet normal 0 0 -1
    outer loop
      vertex -400 300 129.5
      vertex -350 345 129.5
      vertex -300 300 129.5
    endloop
  endfacet
  facet normal -0 0 -1
    outer loop
      vertex -350 345 129.5
      vertex -400 300 129.5
      vertex -351.913 345.381 129.5
    endloop
  endfacet
  facet normal -0 0 -1
    outer loop
      vertex -354.619 348.087 129.5
      vertex -400 300 129.5
      vertex -355 350 129.5
    endloop
  endfacet
  facet normal -0 0 -1
    outer loop
      vertex -353.536 346.464 129.5
      vertex -400 300 129.5
      vertex -354.619 348.087 129.5
    endloop
  endfacet
  facet normal -0 0 -1
    outer loop
      vertex -351.913 345.381 129.5
      vertex -400 300 129.5
      vertex -353.536 346.464 129.5
    endloop
  endfacet
  facet normal 0 0 -1
    outer loop
      vertex -345.381 351.913 129.5
      vertex -300 400 129.5
      vertex -345 350 129.5
    endloop
  endfacet
  facet normal 0 0 -1
    outer loop
      vertex -346.464 353.536 129.5
      vertex -300 400 129.5
      vertex -345.381 351.913 129.5
    endloop
  endfacet
  facet normal 0 0 -1
    outer loop
      vertex -348.087 354.619 129.5
      vertex -300 400 129.5
      vertex -346.464 353.536 129.5
    endloop
  endfacet
  facet normal 0 0 -1
    outer loop
      vertex -350 355 129.5
      vertex -300 400 129.5
      vertex -348.087 354.619 129.5
    endloop
  endfacet
  facet normal 0 0 -1
    outer loop
      vertex -400 400 129.5
      vertex -350 355 129.5
      vertex -351.913 354.619 129.5
    endloop
  endfacet
  facet normal 0 0 -1
    outer loop
      vertex -400 400 129.5
      vertex -351.913 354.619 129.5
      vertex -353.536 353.536 129.5
    endloop
  endfacet
  facet normal 0 0 -1
    outer loop
      vertex -400 400 129.5
      vertex -355 350 129.5
      vertex -400 300 129.5
    endloop
  endfacet
  facet normal 0 0 -1
    outer loop
      vertex -355 350 129.5
      vertex -400 400 129.5
      vertex -354.619 351.913 129.5
    endloop
  endfacet
  facet normal 0 0 -1
    outer loop
      vertex -350 355 129.5
      vertex -400 400 129.5
      vertex -300 400 129.5
    endloop
  endfacet
  facet normal 0 0 -1
    outer loop
      vertex -354.619 351.913 129.5
      vertex -400 400 129.5
      vertex -353.536 353.536 129.5
    endloop
  endfacet
  facet normal 0 -1 0
    outer loop
      vertex -400 300 130
      vertex -400 300 129.5
      vertex -380 300 130
    endloop
  endfacet
  facet normal 0 -1 0
    outer loop
      vertex -380 300 130
      vertex -300 300 130.5
      vertex -380 300 130.5
    endloop
  endfacet
  facet normal 0 -1 0
    outer loop
      vertex -300 300 129.5
      vertex -380 300 130
      vertex -400 300 129.5
    endloop
  endfacet
  facet normal 0 -1 0
    outer loop
      vertex -380 300 130
      vertex -300 300 129.5
      vertex -300 300 130.5
    endloop
  endfacet
  facet normal -1 0 0
    outer loop
      vertex -350 -378.125 100
      vertex -350 -377.125 119.5
      vertex -350 -377.125 100
    endloop
  endfacet
  facet normal -1 -0 0
    outer loop
      vertex -350 -377.125 119.5
      vertex -350 -378.125 100
      vertex -350 -378.125 119.5
    endloop
  endfacet
  facet normal 1 -0 0
    outer loop
      vertex -300 -378.125 120
      vertex -300 -377.125 50
      vertex -300 -377.125 120
    endloop
  endfacet
  facet normal 1 0 0
    outer loop
      vertex -300 -377.125 50
      vertex -300 -378.125 120
      vertex -300 -378.125 50
    endloop
  endfacet
  facet normal 0 -1 0
    outer loop
      vertex -350 -378.125 100
      vertex -312.75 -378.125 64.7631
      vertex -310.955 -378.125 65.4164
    endloop
  endfacet
  facet normal 0 -1 0
    outer loop
      vertex -350 -378.125 100
      vertex -314.213 -378.125 63.5353
      vertex -312.75 -378.125 64.7631
    endloop
  endfacet
  facet normal 0 -1 0
    outer loop
      vertex -350 -378.125 100
      vertex -315.168 -378.125 61.8811
      vertex -314.213 -378.125 63.5353
    endloop
  endfacet
  facet normal 0 -1 0
    outer loop
      vertex -320 -378.125 50
      vertex -315.168 -378.125 61.8811
      vertex -350 -378.125 100
    endloop
  endfacet
  facet normal 0 -1 0
    outer loop
      vertex -315.168 -378.125 61.8811
      vertex -320 -378.125 50
      vertex -315.5 -378.125 60
    endloop
  endfacet
  facet normal 0 -1 -0
    outer loop
      vertex -315.5 -378.125 60
      vertex -320 -378.125 50
      vertex -315.168 -378.125 58.1189
    endloop
  endfacet
  facet normal 0 -1 -0
    outer loop
      vertex -310.955 -378.125 54.5836
      vertex -320 -378.125 50
      vertex -309.045 -378.125 54.5836
    endloop
  endfacet
  facet normal 0 -1 -0
    outer loop
      vertex -312.75 -378.125 55.2369
      vertex -320 -378.125 50
      vertex -310.955 -378.125 54.5836
    endloop
  endfacet
  facet normal 0 -1 -0
    outer loop
      vertex -314.213 -378.125 56.4647
      vertex -320 -378.125 50
      vertex -312.75 -378.125 55.2369
    endloop
  endfacet
  facet normal 0 -1 -0
    outer loop
      vertex -315.168 -378.125 58.1189
      vertex -320 -378.125 50
      vertex -314.213 -378.125 56.4647
    endloop
  endfacet
  facet normal 0 -1 0
    outer loop
      vertex -350 -378.125 119.5
      vertex -338.75 -378.125 120.5
      vertex -361.25 -378.125 120.5
    endloop
  endfacet
  facet normal 0 -1 0
    outer loop
      vertex -350 -378.125 119.5
      vertex -361.25 -378.125 120.5
      vertex -361.25 -378.125 119.5
    endloop
  endfacet
  facet normal 0 -1 -0
    outer loop
      vertex -338.75 -378.125 120.5
      vertex -350 -378.125 119.5
      vertex -338.75 -378.125 120
    endloop
  endfacet
  facet normal 0 -1 0
    outer loop
      vertex -350 -378.125 100
      vertex -338.75 -378.125 120
      vertex -350 -378.125 119.5
    endloop
  endfacet
  facet normal 0 -1 -0
    outer loop
      vertex -338.75 -378.125 120
      vertex -350 -378.125 100
      vertex -300 -378.125 120
    endloop
  endfacet
  facet normal 0 -1 0
    outer loop
      vertex -310.955 -378.125 65.4164
      vertex -300 -378.125 120
      vertex -350 -378.125 100
    endloop
  endfacet
  facet normal 0 -1 0
    outer loop
      vertex -309.045 -378.125 65.4164
      vertex -300 -378.125 120
      vertex -310.955 -378.125 65.4164
    endloop
  endfacet
  facet normal 0 -1 0
    outer loop
      vertex -307.25 -378.125 64.7631
      vertex -300 -378.125 120
      vertex -309.045 -378.125 65.4164
    endloop
  endfacet
  facet normal 0 -1 0
    outer loop
      vertex -305.787 -378.125 63.5353
      vertex -300 -378.125 120
      vertex -307.25 -378.125 64.7631
    endloop
  endfacet
  facet normal 0 -1 0
    outer loop
      vertex -304.832 -378.125 61.8811
      vertex -300 -378.125 120
      vertex -305.787 -378.125 63.5353
    endloop
  endfacet
  facet normal 0 -1 0
    outer loop
      vertex -300 -378.125 50
      vertex -304.832 -378.125 61.8811
      vertex -304.5 -378.125 60
    endloop
  endfacet
  facet normal 0 -1 0
    outer loop
      vertex -300 -378.125 50
      vertex -309.045 -378.125 54.5836
      vertex -320 -378.125 50
    endloop
  endfacet
  facet normal 0 -1 0
    outer loop
      vertex -304.832 -378.125 61.8811
      vertex -300 -378.125 50
      vertex -300 -378.125 120
    endloop
  endfacet
  facet normal 0 -1 0
    outer loop
      vertex -304.832 -378.125 58.1189
      vertex -300 -378.125 50
      vertex -304.5 -378.125 60
    endloop
  endfacet
  facet normal 0 -1 0
    outer loop
      vertex -305.787 -378.125 56.4647
      vertex -300 -378.125 50
      vertex -304.832 -378.125 58.1189
    endloop
  endfacet
  facet normal 0 -1 0
    outer loop
      vertex -307.25 -378.125 55.2369
      vertex -300 -378.125 50
      vertex -305.787 -378.125 56.4647
    endloop
  endfacet
  facet normal 0 -1 0
    outer loop
      vertex -309.045 -378.125 54.5836
      vertex -300 -378.125 50
      vertex -307.25 -378.125 55.2369
    endloop
  endfacet
  facet normal -0.857493 0 -0.514496
    outer loop
      vertex -320 -378.125 50
      vertex -350 -377.125 100
      vertex -320 -377.125 50
    endloop
  endfacet
  facet normal -0.857493 -0 -0.514496
    outer loop
      vertex -350 -377.125 100
      vertex -320 -378.125 50
      vertex -350 -378.125 100
    endloop
  endfacet
  facet normal -0 0 1
    outer loop
      vertex -338.75 -377.125 120
      vertex -300 -378.125 120
      vertex -300 -377.125 120
    endloop
  endfacet
  facet normal 0 0 1
    outer loop
      vertex -300 -378.125 120
      vertex -338.75 -377.125 120
      vertex -338.75 -378.125 120
    endloop
  endfacet
  facet normal 0 0 -1
    outer loop
      vertex -320 -378.125 50
      vertex -300 -377.125 50
      vertex -300 -378.125 50
    endloop
  endfacet
  facet normal -0 0 -1
    outer loop
      vertex -300 -377.125 50
      vertex -320 -378.125 50
      vertex -320 -377.125 50
    endloop
  endfacet
  facet normal 0 1 0
    outer loop
      vertex -300 -377.125 120
      vertex -338.75 -377.125 119.5
      vertex -338.75 -377.125 120
    endloop
  endfacet
  facet normal 0 1 0
    outer loop
      vertex -338.75 -377.125 119.5
      vertex -350 -377.125 100
      vertex -350 -377.125 119.5
    endloop
  endfacet
  facet normal 0 1 0
    outer loop
      vertex -300 -377.125 120
      vertex -350 -377.125 100
      vertex -338.75 -377.125 119.5
    endloop
  endfacet
  facet normal 0 1 0
    outer loop
      vertex -310.955 -377.125 65.4164
      vertex -300 -377.125 120
      vertex -309.045 -377.125 65.4164
    endloop
  endfacet
  facet normal 0 1 0
    outer loop
      vertex -300 -377.125 120
      vertex -307.25 -377.125 64.7631
      vertex -309.045 -377.125 65.4164
    endloop
  endfacet
  facet normal 0 1 0
    outer loop
      vertex -300 -377.125 120
      vertex -305.787 -377.125 63.5353
      vertex -307.25 -377.125 64.7631
    endloop
  endfacet
  facet normal 0 1 0
    outer loop
      vertex -300 -377.125 120
      vertex -304.832 -377.125 61.8811
      vertex -305.787 -377.125 63.5353
    endloop
  endfacet
  facet normal 0 1 -0
    outer loop
      vertex -300 -377.125 50
      vertex -304.832 -377.125 61.8811
      vertex -300 -377.125 120
    endloop
  endfacet
  facet normal 0 1 0
    outer loop
      vertex -309.045 -377.125 54.5836
      vertex -300 -377.125 50
      vertex -310.955 -377.125 54.5836
    endloop
  endfacet
  facet normal 0 1 0
    outer loop
      vertex -307.25 -377.125 55.2369
      vertex -300 -377.125 50
      vertex -309.045 -377.125 54.5836
    endloop
  endfacet
  facet normal 0 1 0
    outer loop
      vertex -305.787 -377.125 56.4647
      vertex -300 -377.125 50
      vertex -307.25 -377.125 55.2369
    endloop
  endfacet
  facet normal 0 1 0
    outer loop
      vertex -304.832 -377.125 58.1189
      vertex -300 -377.125 50
      vertex -305.787 -377.125 56.4647
    endloop
  endfacet
  facet normal 0 1 0
    outer loop
      vertex -304.5 -377.125 60
      vertex -300 -377.125 50
      vertex -304.832 -377.125 58.1189
    endloop
  endfacet
  facet normal 0 1 0
    outer loop
      vertex -304.832 -377.125 61.8811
      vertex -300 -377.125 50
      vertex -304.5 -377.125 60
    endloop
  endfacet
  facet normal 0 1 0
    outer loop
      vertex -300 -377.125 120
      vertex -310.955 -377.125 65.4164
      vertex -350 -377.125 100
    endloop
  endfacet
  facet normal 0 1 -0
    outer loop
      vertex -312.75 -377.125 64.7631
      vertex -350 -377.125 100
      vertex -310.955 -377.125 65.4164
    endloop
  endfacet
  facet normal 0 1 -0
    outer loop
      vertex -314.213 -377.125 63.5353
      vertex -350 -377.125 100
      vertex -312.75 -377.125 64.7631
    endloop
  endfacet
  facet normal 0 1 -0
    outer loop
      vertex -315.168 -377.125 61.8811
      vertex -350 -377.125 100
      vertex -314.213 -377.125 63.5353
    endloop
  endfacet
  facet normal 0 1 0
    outer loop
      vertex -320 -377.125 50
      vertex -315.168 -377.125 61.8811
      vertex -315.5 -377.125 60
    endloop
  endfacet
  facet normal 0 1 0
    outer loop
      vertex -320 -377.125 50
      vertex -315.5 -377.125 60
      vertex -315.168 -377.125 58.1189
    endloop
  endfacet
  facet normal 0 1 0
    outer loop
      vertex -320 -377.125 50
      vertex -315.168 -377.125 58.1189
      vertex -314.213 -377.125 56.4647
    endloop
  endfacet
  facet normal 0 1 0
    outer loop
      vertex -320 -377.125 50
      vertex -310.955 -377.125 54.5836
      vertex -300 -377.125 50
    endloop
  endfacet
  facet normal 0 1 0
    outer loop
      vertex -315.168 -377.125 61.8811
      vertex -320 -377.125 50
      vertex -350 -377.125 100
    endloop
  endfacet
  facet normal 0 1 0
    outer loop
      vertex -312.75 -377.125 55.2369
      vertex -320 -377.125 50
      vertex -314.213 -377.125 56.4647
    endloop
  endfacet
  facet normal 0 1 0
    outer loop
      vertex -310.955 -377.125 54.5836
      vertex -320 -377.125 50
      vertex -312.75 -377.125 55.2369
    endloop
  endfacet
  facet normal -1 0 0
    outer loop
      vertex -350 -322.875 100
      vertex -350 -321.875 119.5
      vertex -350 -321.875 100
    endloop
  endfacet
  facet normal -1 -0 0
    outer loop
      vertex -350 -321.875 119.5
      vertex -350 -322.875 100
      vertex -350 -322.875 119.5
    endloop
  endfacet
  facet normal 0 -1 0
    outer loop
      vertex -350 -322.875 119.5
      vertex -350 -322.875 100
      vertex -338.75 -322.875 119.5
    endloop
  endfacet
  facet normal 0 -1 0
    outer loop
      vertex -338.75 -322.875 119.5
      vertex -300 -322.875 120
      vertex -338.75 -322.875 120
    endloop
  endfacet
  facet normal 0 -1 0
    outer loop
      vertex -350 -322.875 100
      vertex -300 -322.875 120
      vertex -338.75 -322.875 119.5
    endloop
  endfacet
  facet normal 0 -1 0
    outer loop
      vertex -310.955 -322.875 65.4164
      vertex -300 -322.875 120
      vertex -350 -322.875 100
    endloop
  endfacet
  facet normal 0 -1 0
    outer loop
      vertex -309.045 -322.875 65.4164
      vertex -300 -322.875 120
      vertex -310.955 -322.875 65.4164
    endloop
  endfacet
  facet normal 0 -1 0
    outer loop
      vertex -307.25 -322.875 64.7631
      vertex -300 -322.875 120
      vertex -309.045 -322.875 65.4164
    endloop
  endfacet
  facet normal 0 -1 0
    outer loop
      vertex -305.787 -322.875 63.5353
      vertex -300 -322.875 120
      vertex -307.25 -322.875 64.7631
    endloop
  endfacet
  facet normal 0 -1 0
    outer loop
      vertex -304.832 -322.875 61.8811
      vertex -300 -322.875 120
      vertex -305.787 -322.875 63.5353
    endloop
  endfacet
  facet normal 0 -1 0
    outer loop
      vertex -300 -322.875 50
      vertex -304.832 -322.875 61.8811
      vertex -304.5 -322.875 60
    endloop
  endfacet
  facet normal 0 -1 0
    outer loop
      vertex -300 -322.875 50
      vertex -309.045 -322.875 54.5836
      vertex -320 -322.875 50
    endloop
  endfacet
  facet normal 0 -1 0
    outer loop
      vertex -304.832 -322.875 61.8811
      vertex -300 -322.875 50
      vertex -300 -322.875 120
    endloop
  endfacet
  facet normal 0 -1 0
    outer loop
      vertex -304.832 -322.875 58.1189
      vertex -300 -322.875 50
      vertex -304.5 -322.875 60
    endloop
  endfacet
  facet normal 0 -1 0
    outer loop
      vertex -305.787 -322.875 56.4647
      vertex -300 -322.875 50
      vertex -304.832 -322.875 58.1189
    endloop
  endfacet
  facet normal 0 -1 0
    outer loop
      vertex -307.25 -322.875 55.2369
      vertex -300 -322.875 50
      vertex -305.787 -322.875 56.4647
    endloop
  endfacet
  facet normal 0 -1 0
    outer loop
      vertex -309.045 -322.875 54.5836
      vertex -300 -322.875 50
      vertex -307.25 -322.875 55.2369
    endloop
  endfacet
  facet normal 0 -1 0
    outer loop
      vertex -350 -322.875 100
      vertex -312.75 -322.875 64.7631
      vertex -310.955 -322.875 65.4164
    endloop
  endfacet
  facet normal 0 -1 0
    outer loop
      vertex -350 -322.875 100
      vertex -314.213 -322.875 63.5353
      vertex -312.75 -322.875 64.7631
    endloop
  endfacet
  facet normal 0 -1 0
    outer loop
      vertex -350 -322.875 100
      vertex -315.168 -322.875 61.8811
      vertex -314.213 -322.875 63.5353
    endloop
  endfacet
  facet normal 0 -1 0
    outer loop
      vertex -320 -322.875 50
      vertex -315.168 -322.875 61.8811
      vertex -350 -322.875 100
    endloop
  endfacet
  facet normal 0 -1 0
    outer loop
      vertex -315.168 -322.875 61.8811
      vertex -320 -322.875 50
      vertex -315.5 -322.875 60
    endloop
  endfacet
  facet normal 0 -1 -0
    outer loop
      vertex -315.5 -322.875 60
      vertex -320 -322.875 50
      vertex -315.168 -322.875 58.1189
    endloop
  endfacet
  facet normal 0 -1 -0
    outer loop
      vertex -310.955 -322.875 54.5836
      vertex -320 -322.875 50
      vertex -309.045 -322.875 54.5836
    endloop
  endfacet
  facet normal 0 -1 -0
    outer loop
      vertex -312.75 -322.875 55.2369
      vertex -320 -322.875 50
      vertex -310.955 -322.875 54.5836
    endloop
  endfacet
  facet normal 0 -1 -0
    outer loop
      vertex -314.213 -322.875 56.4647
      vertex -320 -322.875 50
      vertex -312.75 -322.875 55.2369
    endloop
  endfacet
  facet normal 0 -1 -0
    outer loop
      vertex -315.168 -322.875 58.1189
      vertex -320 -322.875 50
      vertex -314.213 -322.875 56.4647
    endloop
  endfacet
  facet normal 1 -0 0
    outer loop
      vertex -300 -322.875 120
      vertex -300 -321.875 50
      vertex -300 -321.875 120
    endloop
  endfacet
  facet normal 1 0 0
    outer loop
      vertex -300 -321.875 50
      vertex -300 -322.875 120
      vertex -300 -322.875 50
    endloop
  endfacet
  facet normal -0.857493 0 -0.514496
    outer loop
      vertex -320 -322.875 50
      vertex -350 -321.875 100
      vertex -320 -321.875 50
    endloop
  endfacet
  facet normal -0.857493 -0 -0.514496
    outer loop
      vertex -350 -321.875 100
      vertex -320 -322.875 50
      vertex -350 -322.875 100
    endloop
  endfacet
  facet normal 0 0 -1
    outer loop
      vertex -320 -322.875 50
      vertex -300 -321.875 50
      vertex -300 -322.875 50
    endloop
  endfacet
  facet normal -0 0 -1
    outer loop
      vertex -300 -321.875 50
      vertex -320 -322.875 50
      vertex -320 -321.875 50
    endloop
  endfacet
  facet normal -0 0 1
    outer loop
      vertex -338.75 -321.875 120
      vertex -300 -322.875 120
      vertex -300 -321.875 120
    endloop
  endfacet
  facet normal 0 0 1
    outer loop
      vertex -300 -322.875 120
      vertex -338.75 -321.875 120
      vertex -338.75 -322.875 120
    endloop
  endfacet
  facet normal 0 1 0
    outer loop
      vertex -350 -321.875 100
      vertex -338.75 -321.875 120
      vertex -300 -321.875 120
    endloop
  endfacet
  facet normal 0 1 0
    outer loop
      vertex -338.75 -321.875 120
      vertex -350 -321.875 100
      vertex -350 -321.875 119.5
    endloop
  endfacet
  facet normal 0 1 0
    outer loop
      vertex -310.955 -321.875 65.4164
      vertex -300 -321.875 120
      vertex -309.045 -321.875 65.4164
    endloop
  endfacet
  facet normal 0 1 0
    outer loop
      vertex -300 -321.875 120
      vertex -307.25 -321.875 64.7631
      vertex -309.045 -321.875 65.4164
    endloop
  endfacet
  facet normal 0 1 0
    outer loop
      vertex -300 -321.875 120
      vertex -305.787 -321.875 63.5353
      vertex -307.25 -321.875 64.7631
    endloop
  endfacet
  facet normal 0 1 0
    outer loop
      vertex -300 -321.875 120
      vertex -304.832 -321.875 61.8811
      vertex -305.787 -321.875 63.5353
    endloop
  endfacet
  facet normal 0 1 -0
    outer loop
      vertex -300 -321.875 50
      vertex -304.832 -321.875 61.8811
      vertex -300 -321.875 120
    endloop
  endfacet
  facet normal 0 1 0
    outer loop
      vertex -309.045 -321.875 54.5836
      vertex -300 -321.875 50
      vertex -310.955 -321.875 54.5836
    endloop
  endfacet
  facet normal 0 1 0
    outer loop
      vertex -307.25 -321.875 55.2369
      vertex -300 -321.875 50
      vertex -309.045 -321.875 54.5836
    endloop
  endfacet
  facet normal 0 1 0
    outer loop
      vertex -305.787 -321.875 56.4647
      vertex -300 -321.875 50
      vertex -307.25 -321.875 55.2369
    endloop
  endfacet
  facet normal 0 1 0
    outer loop
      vertex -304.832 -321.875 58.1189
      vertex -300 -321.875 50
      vertex -305.787 -321.875 56.4647
    endloop
  endfacet
  facet normal 0 1 0
    outer loop
      vertex -304.5 -321.875 60
      vertex -300 -321.875 50
      vertex -304.832 -321.875 58.1189
    endloop
  endfacet
  facet normal 0 1 0
    outer loop
      vertex -304.832 -321.875 61.8811
      vertex -300 -321.875 50
      vertex -304.5 -321.875 60
    endloop
  endfacet
  facet normal 0 1 0
    outer loop
      vertex -350 -321.875 119.5
      vertex -338.75 -321.875 120.5
      vertex -338.75 -321.875 120
    endloop
  endfacet
  facet normal 0 1 0
    outer loop
      vertex -338.75 -321.875 120.5
      vertex -350 -321.875 119.5
      vertex -361.25 -321.875 120.5
    endloop
  endfacet
  facet normal 0 1 0
    outer loop
      vertex -361.25 -321.875 120.5
      vertex -350 -321.875 119.5
      vertex -361.25 -321.875 119.5
    endloop
  endfacet
  facet normal 0 1 0
    outer loop
      vertex -300 -321.875 120
      vertex -310.955 -321.875 65.4164
      vertex -350 -321.875 100
    endloop
  endfacet
  facet normal 0 1 -0
    outer loop
      vertex -312.75 -321.875 64.7631
      vertex -350 -321.875 100
      vertex -310.955 -321.875 65.4164
    endloop
  endfacet
  facet normal 0 1 -0
    outer loop
      vertex -314.213 -321.875 63.5353
      vertex -350 -321.875 100
      vertex -312.75 -321.875 64.7631
    endloop
  endfacet
  facet normal 0 1 -0
    outer loop
      vertex -315.168 -321.875 61.8811
      vertex -350 -321.875 100
      vertex -314.213 -321.875 63.5353
    endloop
  endfacet
  facet normal 0 1 0
    outer loop
      vertex -320 -321.875 50
      vertex -315.168 -321.875 61.8811
      vertex -315.5 -321.875 60
    endloop
  endfacet
  facet normal 0 1 0
    outer loop
      vertex -320 -321.875 50
      vertex -315.5 -321.875 60
      vertex -315.168 -321.875 58.1189
    endloop
  endfacet
  facet normal 0 1 0
    outer loop
      vertex -320 -321.875 50
      vertex -315.168 -321.875 58.1189
      vertex -314.213 -321.875 56.4647
    endloop
  endfacet
  facet normal 0 1 0
    outer loop
      vertex -320 -321.875 50
      vertex -310.955 -321.875 54.5836
      vertex -300 -321.875 50
    endloop
  endfacet
  facet normal 0 1 0
    outer loop
      vertex -315.168 -321.875 61.8811
      vertex -320 -321.875 50
      vertex -350 -321.875 100
    endloop
  endfacet
  facet normal 0 1 0
    outer loop
      vertex -312.75 -321.875 55.2369
      vertex -320 -321.875 50
      vertex -314.213 -321.875 56.4647
    endloop
  endfacet
  facet normal 0 1 0
    outer loop
      vertex -310.955 -321.875 54.5836
      vertex -320 -321.875 50
      vertex -312.75 -321.875 55.2369
    endloop
  endfacet
  facet normal 1 0 0
    outer loop
      vertex -338.75 -321.875 120.5
      vertex -338.75 -322.875 120
      vertex -338.75 -321.875 120
    endloop
  endfacet
  facet normal 1 0 0
    outer loop
      vertex -338.75 -322.875 120
      vertex -338.75 -377.125 120
      vertex -338.75 -322.875 119.5
    endloop
  endfacet
  facet normal 1 0 0
    outer loop
      vertex -338.75 -321.875 120.5
      vertex -338.75 -377.125 120
      vertex -338.75 -322.875 120
    endloop
  endfacet
  facet normal 1 -0 0
    outer loop
      vertex -338.75 -378.125 120.5
      vertex -338.75 -377.125 120
      vertex -338.75 -321.875 120.5
    endloop
  endfacet
  facet normal 1 0 0
    outer loop
      vertex -338.75 -377.125 120
      vertex -338.75 -378.125 120.5
      vertex -338.75 -378.125 120
    endloop
  endfacet
  facet normal 1 0 0
    outer loop
      vertex -338.75 -322.875 119.5
      vertex -338.75 -377.125 120
      vertex -338.75 -377.125 119.5
    endloop
  endfacet
  facet normal 0 0 1
    outer loop
      vertex -338.75 -321.875 120.5
      vertex -345 -350 120.5
      vertex -338.75 -378.125 120.5
    endloop
  endfacet
  facet normal 0 0 1
    outer loop
      vertex -338.75 -321.875 120.5
      vertex -345.381 -348.087 120.5
      vertex -345 -350 120.5
    endloop
  endfacet
  facet normal 0 0 1
    outer loop
      vertex -338.75 -321.875 120.5
      vertex -346.464 -346.464 120.5
      vertex -345.381 -348.087 120.5
    endloop
  endfacet
  facet normal 0 0 1
    outer loop
      vertex -338.75 -321.875 120.5
      vertex -348.087 -345.381 120.5
      vertex -346.464 -346.464 120.5
    endloop
  endfacet
  facet normal 0 0 1
    outer loop
      vertex -338.75 -321.875 120.5
      vertex -350 -345 120.5
      vertex -348.087 -345.381 120.5
    endloop
  endfacet
  facet normal -0 0 1
    outer loop
      vertex -361.25 -321.875 120.5
      vertex -350 -345 120.5
      vertex -338.75 -321.875 120.5
    endloop
  endfacet
  facet normal 0 0 1
    outer loop
      vertex -350 -345 120.5
      vertex -361.25 -321.875 120.5
      vertex -351.913 -345.381 120.5
    endloop
  endfacet
  facet normal 0 0 1
    outer loop
      vertex -351.913 -345.381 120.5
      vertex -361.25 -321.875 120.5
      vertex -353.536 -346.464 120.5
    endloop
  endfacet
  facet normal 0 0 1
    outer loop
      vertex -354.619 -348.087 120.5
      vertex -361.25 -321.875 120.5
      vertex -355 -350 120.5
    endloop
  endfacet
  facet normal 0 0 1
    outer loop
      vertex -353.536 -346.464 120.5
      vertex -361.25 -321.875 120.5
      vertex -354.619 -348.087 120.5
    endloop
  endfacet
  facet normal -0 0 1
    outer loop
      vertex -345.381 -351.913 120.5
      vertex -338.75 -378.125 120.5
      vertex -345 -350 120.5
    endloop
  endfacet
  facet normal -0 0 1
    outer loop
      vertex -346.464 -353.536 120.5
      vertex -338.75 -378.125 120.5
      vertex -345.381 -351.913 120.5
    endloop
  endfacet
  facet normal -0 0 1
    outer loop
      vertex -348.087 -354.619 120.5
      vertex -338.75 -378.125 120.5
      vertex -346.464 -353.536 120.5
    endloop
  endfacet
  facet normal -0 0 1
    outer loop
      vertex -350 -355 120.5
      vertex -338.75 -378.125 120.5
      vertex -348.087 -354.619 120.5
    endloop
  endfacet
  facet normal 0 0 1
    outer loop
      vertex -361.25 -378.125 120.5
      vertex -350 -355 120.5
      vertex -351.913 -354.619 120.5
    endloop
  endfacet
  facet normal 0 0 1
    outer loop
      vertex -361.25 -378.125 120.5
      vertex -351.913 -354.619 120.5
      vertex -353.536 -353.536 120.5
    endloop
  endfacet
  facet normal 0 0 1
    outer loop
      vertex -361.25 -378.125 120.5
      vertex -353.536 -353.536 120.5
      vertex -354.619 -351.913 120.5
    endloop
  endfacet
  facet normal 0 0 1
    outer loop
      vertex -361.25 -378.125 120.5
      vertex -355 -350 120.5
      vertex -361.25 -321.875 120.5
    endloop
  endfacet
  facet normal 0 0 1
    outer loop
      vertex -350 -355 120.5
      vertex -361.25 -378.125 120.5
      vertex -338.75 -378.125 120.5
    endloop
  endfacet
  facet normal 0 0 1
    outer loop
      vertex -355 -350 120.5
      vertex -361.25 -378.125 120.5
      vertex -354.619 -351.913 120.5
    endloop
  endfacet
  facet normal 0 0 -1
    outer loop
      vertex -361.25 -378.125 119.5
      vertex -350 -377.125 119.5
      vertex -350 -378.125 119.5
    endloop
  endfacet
  facet normal -0 0 -1
    outer loop
      vertex -350 -377.125 119.5
      vertex -361.25 -378.125 119.5
      vertex -350 -322.875 119.5
    endloop
  endfacet
  facet normal 0 0 -1
    outer loop
      vertex -361.25 -321.875 119.5
      vertex -350 -322.875 119.5
      vertex -361.25 -378.125 119.5
    endloop
  endfacet
  facet normal 0 0 -1
    outer loop
      vertex -350 -322.875 119.5
      vertex -361.25 -321.875 119.5
      vertex -350 -321.875 119.5
    endloop
  endfacet
  facet normal 0 0 -1
    outer loop
      vertex -350 -377.125 119.5
      vertex -338.75 -322.875 119.5
      vertex -338.75 -377.125 119.5
    endloop
  endfacet
  facet normal -0 0 -1
    outer loop
      vertex -338.75 -322.875 119.5
      vertex -350 -377.125 119.5
      vertex -350 -322.875 119.5
    endloop
  endfacet
  facet normal -1 0 0
    outer loop
      vertex -361.25 -378.125 119.5
      vertex -361.25 -321.875 120.5
      vertex -361.25 -321.875 119.5
    endloop
  endfacet
  facet normal -1 -0 0
    outer loop
      vertex -361.25 -321.875 120.5
      vertex -361.25 -378.125 119.5
      vertex -361.25 -378.125 120.5
    endloop
  endfacet
  facet normal -0.866037 0 -0.499979
    outer loop
      vertex -304.832 -378.125 61.8811
      vertex -305.787 -377.125 63.5353
      vertex -304.832 -377.125 61.8811
    endloop
  endfacet
  facet normal -0.866037 -0 -0.499979
    outer loop
      vertex -305.787 -377.125 63.5353
      vertex -304.832 -378.125 61.8811
      vertex -305.787 -378.125 63.5353
    endloop
  endfacet
  facet normal -0.866037 0 -0.499979
    outer loop
      vertex -304.832 -322.875 61.8811
      vertex -305.787 -321.875 63.5353
      vertex -304.832 -321.875 61.8811
    endloop
  endfacet
  facet normal -0.866037 -0 -0.499979
    outer loop
      vertex -305.787 -321.875 63.5353
      vertex -304.832 -322.875 61.8811
      vertex -305.787 -322.875 63.5353
    endloop
  endfacet
  facet normal -0.98478 0 -0.173806
    outer loop
      vertex -304.5 -378.125 60
      vertex -304.832 -377.125 61.8811
      vertex -304.5 -377.125 60
    endloop
  endfacet
  facet normal -0.98478 -0 -0.173806
    outer loop
      vertex -304.832 -377.125 61.8811
      vertex -304.5 -378.125 60
      vertex -304.832 -378.125 61.8811
    endloop
  endfacet
  facet normal -0.98478 0 -0.173806
    outer loop
      vertex -304.5 -322.875 60
      vertex -304.832 -321.875 61.8811
      vertex -304.5 -321.875 60
    endloop
  endfacet
  facet normal -0.98478 -0 -0.173806
    outer loop
      vertex -304.832 -321.875 61.8811
      vertex -304.5 -322.875 60
      vertex -304.832 -322.875 61.8811
    endloop
  endfacet
  facet normal 0.98478 -0 0.173806
    outer loop
      vertex -315.5 -378.125 60
      vertex -315.168 -377.125 58.1189
      vertex -315.5 -377.125 60
    endloop
  endfacet
  facet normal 0.98478 0 0.173806
    outer loop
      vertex -315.168 -377.125 58.1189
      vertex -315.5 -378.125 60
      vertex -315.168 -378.125 58.1189
    endloop
  endfacet
  facet normal 0.98478 -0 0.173806
    outer loop
      vertex -315.5 -322.875 60
      vertex -315.168 -321.875 58.1189
      vertex -315.5 -321.875 60
    endloop
  endfacet
  facet normal 0.98478 0 0.173806
    outer loop
      vertex -315.168 -321.875 58.1189
      vertex -315.5 -322.875 60
      vertex -315.168 -322.875 58.1189
    endloop
  endfacet
  facet normal 0.866037 0 -0.499979
    outer loop
      vertex -314.213 -378.125 63.5353
      vertex -315.168 -377.125 61.8811
      vertex -314.213 -377.125 63.5353
    endloop
  endfacet
  facet normal 0.866037 0 -0.499979
    outer loop
      vertex -315.168 -377.125 61.8811
      vertex -314.213 -378.125 63.5353
      vertex -315.168 -378.125 61.8811
    endloop
  endfacet
  facet normal 0.866037 0 -0.499979
    outer loop
      vertex -314.213 -322.875 63.5353
      vertex -315.168 -321.875 61.8811
      vertex -314.213 -321.875 63.5353
    endloop
  endfacet
  facet normal 0.866037 0 -0.499979
    outer loop
      vertex -315.168 -321.875 61.8811
      vertex -314.213 -322.875 63.5353
      vertex -315.168 -322.875 61.8811
    endloop
  endfacet
  facet normal -0.342008 0 0.939697
    outer loop
      vertex -309.045 -377.125 54.5836
      vertex -307.25 -378.125 55.2369
      vertex -307.25 -377.125 55.2369
    endloop
  endfacet
  facet normal -0.342008 0 0.939697
    outer loop
      vertex -307.25 -378.125 55.2369
      vertex -309.045 -377.125 54.5836
      vertex -309.045 -378.125 54.5836
    endloop
  endfacet
  facet normal -0.342008 0 0.939697
    outer loop
      vertex -309.045 -321.875 54.5836
      vertex -307.25 -322.875 55.2369
      vertex -307.25 -321.875 55.2369
    endloop
  endfacet
  facet normal -0.342008 0 0.939697
    outer loop
      vertex -307.25 -322.875 55.2369
      vertex -309.045 -321.875 54.5836
      vertex -309.045 -322.875 54.5836
    endloop
  endfacet
  facet normal -0 0 1
    outer loop
      vertex -310.955 -377.125 54.5836
      vertex -309.045 -378.125 54.5836
      vertex -309.045 -377.125 54.5836
    endloop
  endfacet
  facet normal 0 0 1
    outer loop
      vertex -309.045 -378.125 54.5836
      vertex -310.955 -377.125 54.5836
      vertex -310.955 -378.125 54.5836
    endloop
  endfacet
  facet normal -0 0 1
    outer loop
      vertex -310.955 -321.875 54.5836
      vertex -309.045 -322.875 54.5836
      vertex -309.045 -321.875 54.5836
    endloop
  endfacet
  facet normal 0 0 1
    outer loop
      vertex -309.045 -322.875 54.5836
      vertex -310.955 -321.875 54.5836
      vertex -310.955 -322.875 54.5836
    endloop
  endfacet
  facet normal -0.642848 0 -0.765994
    outer loop
      vertex -307.25 -378.125 64.7631
      vertex -305.787 -377.125 63.5353
      vertex -305.787 -378.125 63.5353
    endloop
  endfacet
  facet normal -0.642848 0 -0.765994
    outer loop
      vertex -305.787 -377.125 63.5353
      vertex -307.25 -378.125 64.7631
      vertex -307.25 -377.125 64.7631
    endloop
  endfacet
  facet normal -0.642848 0 -0.765994
    outer loop
      vertex -307.25 -322.875 64.7631
      vertex -305.787 -321.875 63.5353
      vertex -305.787 -322.875 63.5353
    endloop
  endfacet
  facet normal -0.642848 0 -0.765994
    outer loop
      vertex -305.787 -321.875 63.5353
      vertex -307.25 -322.875 64.7631
      vertex -307.25 -321.875 64.7631
    endloop
  endfacet
  facet normal 0.642848 0 -0.765994
    outer loop
      vertex -314.213 -378.125 63.5353
      vertex -312.75 -377.125 64.7631
      vertex -312.75 -378.125 64.7631
    endloop
  endfacet
  facet normal 0.642848 0 -0.765994
    outer loop
      vertex -312.75 -377.125 64.7631
      vertex -314.213 -378.125 63.5353
      vertex -314.213 -377.125 63.5353
    endloop
  endfacet
  facet normal 0.642848 0 -0.765994
    outer loop
      vertex -314.213 -322.875 63.5353
      vertex -312.75 -321.875 64.7631
      vertex -312.75 -322.875 64.7631
    endloop
  endfacet
  facet normal 0.642848 0 -0.765994
    outer loop
      vertex -312.75 -321.875 64.7631
      vertex -314.213 -322.875 63.5353
      vertex -314.213 -321.875 63.5353
    endloop
  endfacet
  facet normal 0.342008 0 0.939697
    outer loop
      vertex -312.75 -377.125 55.2369
      vertex -310.955 -378.125 54.5836
      vertex -310.955 -377.125 54.5836
    endloop
  endfacet
  facet normal 0.342008 0 0.939697
    outer loop
      vertex -310.955 -378.125 54.5836
      vertex -312.75 -377.125 55.2369
      vertex -312.75 -378.125 55.2369
    endloop
  endfacet
  facet normal 0.342008 0 0.939697
    outer loop
      vertex -312.75 -321.875 55.2369
      vertex -310.955 -322.875 54.5836
      vertex -310.955 -321.875 54.5836
    endloop
  endfacet
  facet normal 0.342008 0 0.939697
    outer loop
      vertex -310.955 -322.875 54.5836
      vertex -312.75 -321.875 55.2369
      vertex -312.75 -322.875 55.2369
    endloop
  endfacet
  facet normal 0.342008 0 -0.939697
    outer loop
      vertex -312.75 -378.125 64.7631
      vertex -310.955 -377.125 65.4164
      vertex -310.955 -378.125 65.4164
    endloop
  endfacet
  facet normal 0.342008 0 -0.939697
    outer loop
      vertex -310.955 -377.125 65.4164
      vertex -312.75 -378.125 64.7631
      vertex -312.75 -377.125 64.7631
    endloop
  endfacet
  facet normal 0.342008 0 -0.939697
    outer loop
      vertex -312.75 -322.875 64.7631
      vertex -310.955 -321.875 65.4164
      vertex -310.955 -322.875 65.4164
    endloop
  endfacet
  facet normal 0.342008 0 -0.939697
    outer loop
      vertex -310.955 -321.875 65.4164
      vertex -312.75 -322.875 64.7631
      vertex -312.75 -321.875 64.7631
    endloop
  endfacet
  facet normal -0.342008 0 -0.939697
    outer loop
      vertex -309.045 -378.125 65.4164
      vertex -307.25 -377.125 64.7631
      vertex -307.25 -378.125 64.7631
    endloop
  endfacet
  facet normal -0.342008 0 -0.939697
    outer loop
      vertex -307.25 -377.125 64.7631
      vertex -309.045 -378.125 65.4164
      vertex -309.045 -377.125 65.4164
    endloop
  endfacet
  facet normal -0.342008 0 -0.939697
    outer loop
      vertex -309.045 -322.875 65.4164
      vertex -307.25 -321.875 64.7631
      vertex -307.25 -322.875 64.7631
    endloop
  endfacet
  facet normal -0.342008 0 -0.939697
    outer loop
      vertex -307.25 -321.875 64.7631
      vertex -309.045 -322.875 65.4164
      vertex -309.045 -321.875 65.4164
    endloop
  endfacet
  facet normal -0.642848 0 0.765994
    outer loop
      vertex -307.25 -377.125 55.2369
      vertex -305.787 -378.125 56.4647
      vertex -305.787 -377.125 56.4647
    endloop
  endfacet
  facet normal -0.642848 0 0.765994
    outer loop
      vertex -305.787 -378.125 56.4647
      vertex -307.25 -377.125 55.2369
      vertex -307.25 -378.125 55.2369
    endloop
  endfacet
  facet normal -0.642848 0 0.765994
    outer loop
      vertex -307.25 -321.875 55.2369
      vertex -305.787 -322.875 56.4647
      vertex -305.787 -321.875 56.4647
    endloop
  endfacet
  facet normal -0.642848 0 0.765994
    outer loop
      vertex -305.787 -322.875 56.4647
      vertex -307.25 -321.875 55.2369
      vertex -307.25 -322.875 55.2369
    endloop
  endfacet
  facet normal 0.98478 0 -0.173806
    outer loop
      vertex -315.168 -378.125 61.8811
      vertex -315.5 -377.125 60
      vertex -315.168 -377.125 61.8811
    endloop
  endfacet
  facet normal 0.98478 0 -0.173806
    outer loop
      vertex -315.5 -377.125 60
      vertex -315.168 -378.125 61.8811
      vertex -315.5 -378.125 60
    endloop
  endfacet
  facet normal 0.98478 0 -0.173806
    outer loop
      vertex -315.168 -322.875 61.8811
      vertex -315.5 -321.875 60
      vertex -315.168 -321.875 61.8811
    endloop
  endfacet
  facet normal 0.98478 0 -0.173806
    outer loop
      vertex -315.5 -321.875 60
      vertex -315.168 -322.875 61.8811
      vertex -315.5 -322.875 60
    endloop
  endfacet
  facet normal -0.98478 0 0.173806
    outer loop
      vertex -304.832 -378.125 58.1189
      vertex -304.5 -377.125 60
      vertex -304.832 -377.125 58.1189
    endloop
  endfacet
  facet normal -0.98478 0 0.173806
    outer loop
      vertex -304.5 -377.125 60
      vertex -304.832 -378.125 58.1189
      vertex -304.5 -378.125 60
    endloop
  endfacet
  facet normal -0.98478 0 0.173806
    outer loop
      vertex -304.832 -322.875 58.1189
      vertex -304.5 -321.875 60
      vertex -304.832 -321.875 58.1189
    endloop
  endfacet
  facet normal -0.98478 0 0.173806
    outer loop
      vertex -304.5 -321.875 60
      vertex -304.832 -322.875 58.1189
      vertex -304.5 -322.875 60
    endloop
  endfacet
  facet normal 0 0 -1
    outer loop
      vertex -310.955 -378.125 65.4164
      vertex -309.045 -377.125 65.4164
      vertex -309.045 -378.125 65.4164
    endloop
  endfacet
  facet normal -0 0 -1
    outer loop
      vertex -309.045 -377.125 65.4164
      vertex -310.955 -378.125 65.4164
      vertex -310.955 -377.125 65.4164
    endloop
  endfacet
  facet normal 0 0 -1
    outer loop
      vertex -310.955 -322.875 65.4164
      vertex -309.045 -321.875 65.4164
      vertex -309.045 -322.875 65.4164
    endloop
  endfacet
  facet normal -0 0 -1
    outer loop
      vertex -309.045 -321.875 65.4164
      vertex -310.955 -322.875 65.4164
      vertex -310.955 -321.875 65.4164
    endloop
  endfacet
  facet normal 0.866037 -0 0.499979
    outer loop
      vertex -315.168 -378.125 58.1189
      vertex -314.213 -377.125 56.4647
      vertex -315.168 -377.125 58.1189
    endloop
  endfacet
  facet normal 0.866037 0 0.499979
    outer loop
      vertex -314.213 -377.125 56.4647
      vertex -315.168 -378.125 58.1189
      vertex -314.213 -378.125 56.4647
    endloop
  endfacet
  facet normal 0.866037 -0 0.499979
    outer loop
      vertex -315.168 -322.875 58.1189
      vertex -314.213 -321.875 56.4647
      vertex -315.168 -321.875 58.1189
    endloop
  endfacet
  facet normal 0.866037 0 0.499979
    outer loop
      vertex -314.213 -321.875 56.4647
      vertex -315.168 -322.875 58.1189
      vertex -314.213 -322.875 56.4647
    endloop
  endfacet
  facet normal -0.866037 0 0.499979
    outer loop
      vertex -305.787 -378.125 56.4647
      vertex -304.832 -377.125 58.1189
      vertex -305.787 -377.125 56.4647
    endloop
  endfacet
  facet normal -0.866037 0 0.499979
    outer loop
      vertex -304.832 -377.125 58.1189
      vertex -305.787 -378.125 56.4647
      vertex -304.832 -378.125 58.1189
    endloop
  endfacet
  facet normal -0.866037 0 0.499979
    outer loop
      vertex -305.787 -322.875 56.4647
      vertex -304.832 -321.875 58.1189
      vertex -305.787 -321.875 56.4647
    endloop
  endfacet
  facet normal -0.866037 0 0.499979
    outer loop
      vertex -304.832 -321.875 58.1189
      vertex -305.787 -322.875 56.4647
      vertex -304.832 -322.875 58.1189
    endloop
  endfacet
  facet normal 0.642848 0 0.765994
    outer loop
      vertex -314.213 -377.125 56.4647
      vertex -312.75 -378.125 55.2369
      vertex -312.75 -377.125 55.2369
    endloop
  endfacet
  facet normal 0.642848 0 0.765994
    outer loop
      vertex -312.75 -378.125 55.2369
      vertex -314.213 -377.125 56.4647
      vertex -314.213 -378.125 56.4647
    endloop
  endfacet
  facet normal 0.642848 0 0.765994
    outer loop
      vertex -314.213 -321.875 56.4647
      vertex -312.75 -322.875 55.2369
      vertex -312.75 -321.875 55.2369
    endloop
  endfacet
  facet normal 0.642848 0 0.765994
    outer loop
      vertex -312.75 -322.875 55.2369
      vertex -314.213 -321.875 56.4647
      vertex -314.213 -322.875 56.4647
    endloop
  endfacet
  facet normal 0.9877 0 -0.156363
    outer loop
      vertex -250.329 -372.5 53.7283
      vertex -251.311 -327.5 47.5253
      vertex -250.329 -327.5 53.7283
    endloop
  endfacet
  facet normal 0.9877 0 -0.156363
    outer loop
      vertex -251.311 -327.5 47.5253
      vertex -250.329 -372.5 53.7283
      vertex -251.311 -372.5 47.5253
    endloop
  endfacet
  facet normal 0.9877 -0 0.156363
    outer loop
      vertex -251.311 -372.5 72.4747
      vertex -250.329 -327.5 66.2717
      vertex -251.311 -327.5 72.4747
    endloop
  endfacet
  facet normal 0.9877 0 0.156363
    outer loop
      vertex -250.329 -327.5 66.2717
      vertex -251.311 -372.5 72.4747
      vertex -250.329 -372.5 66.2717
    endloop
  endfacet
  facet normal 0.998627 -0 0.0523858
    outer loop
      vertex -250.329 -372.5 66.2717
      vertex -250 -327.5 60
      vertex -250.329 -327.5 66.2717
    endloop
  endfacet
  facet normal 0.998627 0 0.0523858
    outer loop
      vertex -250 -327.5 60
      vertex -250.329 -372.5 66.2717
      vertex -250 -372.5 60
    endloop
  endfacet
  facet normal 0.965904 -0 0.258899
    outer loop
      vertex -252.937 -372.5 78.541
      vertex -251.311 -327.5 72.4747
      vertex -252.937 -327.5 78.541
    endloop
  endfacet
  facet normal 0.965904 0 0.258899
    outer loop
      vertex -251.311 -327.5 72.4747
      vertex -252.937 -372.5 78.541
      vertex -251.311 -372.5 72.4747
    endloop
  endfacet
  facet normal 0.838634 -0 0.544696
    outer loop
      vertex -261.459 -372.5 95.2671
      vertex -258.038 -327.5 90
      vertex -261.459 -327.5 95.2671
    endloop
  endfacet
  facet normal 0.838634 0 0.544696
    outer loop
      vertex -258.038 -327.5 90
      vertex -261.459 -372.5 95.2671
      vertex -258.038 -372.5 90
    endloop
  endfacet
  facet normal -0.156363 0 0.9877
    outer loop
      vertex -322.475 -327.5 118.689
      vertex -316.272 -372.5 119.671
      vertex -316.272 -327.5 119.671
    endloop
  endfacet
  facet normal -0.156363 0 0.9877
    outer loop
      vertex -316.272 -372.5 119.671
      vertex -322.475 -327.5 118.689
      vertex -322.475 -372.5 118.689
    endloop
  endfacet
  facet normal -0.965904 0 -0.258899
    outer loop
      vertex -367.063 -372.5 41.459
      vertex -368.689 -327.5 47.5253
      vertex -367.063 -327.5 41.459
    endloop
  endfacet
  facet normal -0.965904 -0 -0.258899
    outer loop
      vertex -368.689 -327.5 47.5253
      vertex -367.063 -372.5 41.459
      vertex -368.689 -372.5 47.5253
    endloop
  endfacet
  facet normal -0.453979 0 -0.891013
    outer loop
      vertex -340 -372.5 8.03848
      vertex -334.404 -327.5 5.18727
      vertex -334.404 -372.5 5.18727
    endloop
  endfacet
  facet normal -0.453979 0 -0.891013
    outer loop
      vertex -334.404 -327.5 5.18727
      vertex -340 -372.5 8.03848
      vertex -340 -327.5 8.03848
    endloop
  endfacet
  facet normal 0.998627 0 -0.0523858
    outer loop
      vertex -250 -372.5 60
      vertex -250.329 -327.5 53.7283
      vertex -250 -327.5 60
    endloop
  endfacet
  facet normal 0.998627 0 -0.0523858
    outer loop
      vertex -250.329 -327.5 53.7283
      vertex -250 -372.5 60
      vertex -250.329 -372.5 53.7283
    endloop
  endfacet
  facet normal 0.258832 0 -0.965922
    outer loop
      vertex -297.525 -372.5 1.31114
      vertex -291.459 -327.5 2.93661
      vertex -291.459 -372.5 2.93661
    endloop
  endfacet
  facet normal 0.258832 0 -0.965922
    outer loop
      vertex -291.459 -327.5 2.93661
      vertex -297.525 -372.5 1.31114
      vertex -297.525 -327.5 1.31114
    endloop
  endfacet
  facet normal -0.629296 0 -0.777166
    outer loop
      vertex -350.148 -372.5 15.4113
      vertex -345.267 -327.5 11.459
      vertex -345.267 -372.5 11.459
    endloop
  endfacet
  facet normal -0.629296 0 -0.777166
    outer loop
      vertex -345.267 -327.5 11.459
      vertex -350.148 -372.5 15.4113
      vertex -350.148 -327.5 15.4113
    endloop
  endfacet
  facet normal -0.156434 0 -0.987688
    outer loop
      vertex -322.475 -372.5 1.31114
      vertex -316.272 -327.5 0.328687
      vertex -316.272 -372.5 0.328687
    endloop
  endfacet
  facet normal -0.156434 0 -0.987688
    outer loop
      vertex -316.272 -327.5 0.328687
      vertex -322.475 -372.5 1.31114
      vertex -322.475 -327.5 1.31114
    endloop
  endfacet
  facet normal -0.707099 0 -0.707115
    outer loop
      vertex -354.589 -372.5 19.8522
      vertex -350.148 -327.5 15.4113
      vertex -350.148 -372.5 15.4113
    endloop
  endfacet
  facet normal -0.707099 0 -0.707115
    outer loop
      vertex -350.148 -327.5 15.4113
      vertex -354.589 -372.5 19.8522
      vertex -354.589 -327.5 19.8522
    endloop
  endfacet
  facet normal -0.965904 0 0.258899
    outer loop
      vertex -368.689 -372.5 72.4747
      vertex -367.063 -327.5 78.541
      vertex -368.689 -327.5 72.4747
    endloop
  endfacet
  facet normal -0.965904 0 0.258899
    outer loop
      vertex -367.063 -327.5 78.541
      vertex -368.689 -372.5 72.4747
      vertex -367.063 -372.5 78.541
    endloop
  endfacet
  facet normal -0.544649 0 -0.838664
    outer loop
      vertex -345.267 -372.5 11.459
      vertex -340 -327.5 8.03848
      vertex -340 -372.5 8.03848
    endloop
  endfacet
  facet normal -0.544649 0 -0.838664
    outer loop
      vertex -340 -327.5 8.03848
      vertex -345.267 -372.5 11.459
      vertex -345.267 -327.5 11.459
    endloop
  endfacet
  facet normal 0.629267 0 0.777189
    outer loop
      vertex -274.733 -327.5 108.541
      vertex -269.852 -372.5 104.589
      vertex -269.852 -327.5 104.589
    endloop
  endfacet
  facet normal 0.629267 0 0.777189
    outer loop
      vertex -269.852 -372.5 104.589
      vertex -274.733 -327.5 108.541
      vertex -274.733 -372.5 108.541
    endloop
  endfacet
  facet normal 0.156363 0 0.9877
    outer loop
      vertex -303.728 -327.5 119.671
      vertex -297.525 -372.5 118.689
      vertex -297.525 -327.5 118.689
    endloop
  endfacet
  facet normal 0.156363 0 0.9877
    outer loop
      vertex -297.525 -372.5 118.689
      vertex -303.728 -327.5 119.671
      vertex -303.728 -372.5 119.671
    endloop
  endfacet
  facet normal 0.544703 0 0.838629
    outer loop
      vertex -280 -327.5 111.962
      vertex -274.733 -372.5 108.541
      vertex -274.733 -327.5 108.541
    endloop
  endfacet
  facet normal 0.544703 0 0.838629
    outer loop
      vertex -274.733 -372.5 108.541
      vertex -280 -327.5 111.962
      vertex -280 -372.5 111.962
    endloop
  endfacet
  facet normal 0.358377 0 -0.933577
    outer loop
      vertex -291.459 -372.5 2.93661
      vertex -285.596 -327.5 5.18727
      vertex -285.596 -372.5 5.18727
    endloop
  endfacet
  facet normal 0.358377 0 -0.933577
    outer loop
      vertex -285.596 -327.5 5.18727
      vertex -291.459 -372.5 2.93661
      vertex -291.459 -327.5 2.93661
    endloop
  endfacet
  facet normal -0.258911 0 0.965901
    outer loop
      vertex -328.541 -327.5 117.063
      vertex -322.475 -372.5 118.689
      vertex -322.475 -327.5 118.689
    endloop
  endfacet
  facet normal -0.258911 0 0.965901
    outer loop
      vertex -322.475 -372.5 118.689
      vertex -328.541 -327.5 117.063
      vertex -328.541 -372.5 117.063
    endloop
  endfacet
  facet normal 0.0523833 0 0.998627
    outer loop
      vertex -310 -327.5 120
      vertex -303.728 -372.5 119.671
      vertex -303.728 -327.5 119.671
    endloop
  endfacet
  facet normal 0.0523833 0 0.998627
    outer loop
      vertex -303.728 -372.5 119.671
      vertex -310 -327.5 120
      vertex -310 -372.5 120
    endloop
  endfacet
  facet normal 0.358285 0 0.933612
    outer loop
      vertex -291.459 -327.5 117.063
      vertex -285.596 -372.5 114.813
      vertex -285.596 -327.5 114.813
    endloop
  endfacet
  facet normal 0.358285 0 0.933612
    outer loop
      vertex -285.596 -372.5 114.813
      vertex -291.459 -327.5 117.063
      vertex -291.459 -372.5 117.063
    endloop
  endfacet
  facet normal 0.965904 0 -0.258899
    outer loop
      vertex -251.311 -372.5 47.5253
      vertex -252.937 -327.5 41.459
      vertex -251.311 -327.5 47.5253
    endloop
  endfacet
  facet normal 0.965904 0 -0.258899
    outer loop
      vertex -252.937 -327.5 41.459
      vertex -251.311 -372.5 47.5253
      vertex -252.937 -372.5 41.459
    endloop
  endfacet
  facet normal 0.453952 0 0.891026
    outer loop
      vertex -285.596 -327.5 114.813
      vertex -280 -372.5 111.962
      vertex -280 -327.5 111.962
    endloop
  endfacet
  facet normal 0.453952 0 0.891026
    outer loop
      vertex -280 -372.5 111.962
      vertex -285.596 -327.5 114.813
      vertex -285.596 -372.5 114.813
    endloop
  endfacet
  facet normal -0.453952 0 0.891026
    outer loop
      vertex -340 -327.5 111.962
      vertex -334.404 -372.5 114.813
      vertex -334.404 -327.5 114.813
    endloop
  endfacet
  facet normal -0.453952 0 0.891026
    outer loop
      vertex -334.404 -372.5 114.813
      vertex -340 -327.5 111.962
      vertex -340 -372.5 111.962
    endloop
  endfacet
  facet normal 0.156434 0 -0.987688
    outer loop
      vertex -303.728 -372.5 0.328687
      vertex -297.525 -327.5 1.31114
      vertex -297.525 -372.5 1.31114
    endloop
  endfacet
  facet normal 0.156434 0 -0.987688
    outer loop
      vertex -297.525 -327.5 1.31114
      vertex -303.728 -372.5 0.328687
      vertex -303.728 -327.5 0.328687
    endloop
  endfacet
  facet normal -0.258832 0 -0.965922
    outer loop
      vertex -328.541 -372.5 2.93661
      vertex -322.475 -327.5 1.31114
      vertex -322.475 -372.5 1.31114
    endloop
  endfacet
  facet normal -0.258832 0 -0.965922
    outer loop
      vertex -322.475 -327.5 1.31114
      vertex -328.541 -372.5 2.93661
      vertex -328.541 -327.5 2.93661
    endloop
  endfacet
  facet normal 0.77717 0 -0.62929
    outer loop
      vertex -261.459 -372.5 24.7329
      vertex -265.411 -327.5 19.8522
      vertex -261.459 -327.5 24.7329
    endloop
  endfacet
  facet normal 0.77717 0 -0.62929
    outer loop
      vertex -265.411 -327.5 19.8522
      vertex -261.459 -372.5 24.7329
      vertex -265.411 -372.5 19.8522
    endloop
  endfacet
  facet normal 0.89102 0 -0.453965
    outer loop
      vertex -255.187 -372.5 35.5958
      vertex -258.038 -327.5 30
      vertex -255.187 -327.5 35.5958
    endloop
  endfacet
  facet normal 0.89102 0 -0.453965
    outer loop
      vertex -258.038 -327.5 30
      vertex -255.187 -372.5 35.5958
      vertex -258.038 -372.5 30
    endloop
  endfacet
  facet normal -0.707107 0 0.707107
    outer loop
      vertex -354.589 -372.5 100.148
      vertex -350.148 -327.5 104.589
      vertex -354.589 -327.5 100.148
    endloop
  endfacet
  facet normal -0.707107 0 0.707107
    outer loop
      vertex -350.148 -327.5 104.589
      vertex -354.589 -372.5 100.148
      vertex -350.148 -372.5 104.589
    endloop
  endfacet
  facet normal 0.0523336 0 -0.99863
    outer loop
      vertex -310 -372.5 0
      vertex -303.728 -327.5 0.328687
      vertex -303.728 -372.5 0.328687
    endloop
  endfacet
  facet normal 0.0523336 0 -0.99863
    outer loop
      vertex -303.728 -327.5 0.328687
      vertex -310 -372.5 0
      vertex -310 -327.5 0
    endloop
  endfacet
  facet normal -0.358285 0 0.933612
    outer loop
      vertex -334.404 -327.5 114.813
      vertex -328.541 -372.5 117.063
      vertex -328.541 -327.5 117.063
    endloop
  endfacet
  facet normal -0.358285 0 0.933612
    outer loop
      vertex -328.541 -372.5 117.063
      vertex -334.404 -327.5 114.813
      vertex -334.404 -372.5 114.813
    endloop
  endfacet
  facet normal -0.0523833 0 0.998627
    outer loop
      vertex -316.272 -327.5 119.671
      vertex -310 -372.5 120
      vertex -310 -327.5 120
    endloop
  endfacet
  facet normal -0.0523833 0 0.998627
    outer loop
      vertex -310 -372.5 120
      vertex -316.272 -327.5 119.671
      vertex -316.272 -372.5 119.671
    endloop
  endfacet
  facet normal 0.453979 0 -0.891013
    outer loop
      vertex -285.596 -372.5 5.18727
      vertex -280 -327.5 8.03848
      vertex -280 -372.5 8.03848
    endloop
  endfacet
  facet normal 0.453979 0 -0.891013
    outer loop
      vertex -280 -327.5 8.03848
      vertex -285.596 -372.5 5.18727
      vertex -285.596 -327.5 5.18727
    endloop
  endfacet
  facet normal -0.933616 0 0.358275
    outer loop
      vertex -367.063 -372.5 78.541
      vertex -364.813 -327.5 84.4042
      vertex -367.063 -327.5 78.541
    endloop
  endfacet
  facet normal -0.933616 0 0.358275
    outer loop
      vertex -364.813 -327.5 84.4042
      vertex -367.063 -372.5 78.541
      vertex -364.813 -372.5 84.4042
    endloop
  endfacet
  facet normal -0.89102 0 0.453965
    outer loop
      vertex -364.813 -372.5 84.4042
      vertex -361.962 -327.5 90
      vertex -364.813 -327.5 84.4042
    endloop
  endfacet
  facet normal -0.89102 0 0.453965
    outer loop
      vertex -361.962 -327.5 90
      vertex -364.813 -372.5 84.4042
      vertex -361.962 -372.5 90
    endloop
  endfacet
  facet normal 0.777183 -0 0.629275
    outer loop
      vertex -265.411 -372.5 100.148
      vertex -261.459 -327.5 95.2671
      vertex -265.411 -327.5 100.148
    endloop
  endfacet
  facet normal 0.777183 0 0.629275
    outer loop
      vertex -261.459 -327.5 95.2671
      vertex -265.411 -372.5 100.148
      vertex -261.459 -372.5 95.2671
    endloop
  endfacet
  facet normal 0.258911 0 0.965901
    outer loop
      vertex -297.525 -327.5 118.689
      vertex -291.459 -372.5 117.063
      vertex -291.459 -327.5 117.063
    endloop
  endfacet
  facet normal 0.258911 0 0.965901
    outer loop
      vertex -291.459 -372.5 117.063
      vertex -297.525 -327.5 118.689
      vertex -297.525 -372.5 118.689
    endloop
  endfacet
  facet normal 0.933616 -0 0.358275
    outer loop
      vertex -255.187 -372.5 84.4042
      vertex -252.937 -327.5 78.541
      vertex -255.187 -327.5 84.4042
    endloop
  endfacet
  facet normal 0.933616 0 0.358275
    outer loop
      vertex -252.937 -327.5 78.541
      vertex -255.187 -372.5 84.4042
      vertex -252.937 -372.5 78.541
    endloop
  endfacet
  facet normal 0.838634 0 -0.544696
    outer loop
      vertex -258.038 -372.5 30
      vertex -261.459 -327.5 24.7329
      vertex -258.038 -327.5 30
    endloop
  endfacet
  facet normal 0.838634 0 -0.544696
    outer loop
      vertex -261.459 -327.5 24.7329
      vertex -258.038 -372.5 30
      vertex -261.459 -372.5 24.7329
    endloop
  endfacet
  facet normal -0.998627 0 -0.0523858
    outer loop
      vertex -369.671 -372.5 53.7283
      vertex -370 -327.5 60
      vertex -369.671 -327.5 53.7283
    endloop
  endfacet
  facet normal -0.998627 -0 -0.0523858
    outer loop
      vertex -370 -327.5 60
      vertex -369.671 -372.5 53.7283
      vertex -370 -372.5 60
    endloop
  endfacet
  facet normal 0 1 0
    outer loop
      vertex -310 -327.5 70
      vertex -310 -327.5 120
      vertex -303.728 -327.5 119.671
    endloop
  endfacet
  facet normal 0 1 0
    outer loop
      vertex -308.955 -327.5 69.9452
      vertex -303.728 -327.5 119.671
      vertex -297.525 -327.5 118.689
    endloop
  endfacet
  facet normal 0 1 0
    outer loop
      vertex -310 -327.5 120
      vertex -310 -327.5 70
      vertex -316.272 -327.5 119.671
    endloop
  endfacet
  facet normal 0 1 0
    outer loop
      vertex -307.921 -327.5 69.7815
      vertex -297.525 -327.5 118.689
      vertex -291.459 -327.5 117.063
    endloop
  endfacet
  facet normal 0 1 -0
    outer loop
      vertex -311.045 -327.5 69.9452
      vertex -316.272 -327.5 119.671
      vertex -310 -327.5 70
    endloop
  endfacet
  facet normal 0 1 0
    outer loop
      vertex -306.91 -327.5 69.5106
      vertex -291.459 -327.5 117.063
      vertex -285.596 -327.5 114.813
    endloop
  endfacet
  facet normal 0 1 0
    outer loop
      vertex -316.272 -327.5 119.671
      vertex -311.045 -327.5 69.9452
      vertex -322.475 -327.5 118.689
    endloop
  endfacet
  facet normal 0 1 0
    outer loop
      vertex -305.933 -327.5 69.1355
      vertex -285.596 -327.5 114.813
      vertex -280 -327.5 111.962
    endloop
  endfacet
  facet normal 0 1 -0
    outer loop
      vertex -312.079 -327.5 69.7815
      vertex -322.475 -327.5 118.689
      vertex -311.045 -327.5 69.9452
    endloop
  endfacet
  facet normal 0 1 0
    outer loop
      vertex -305 -327.5 68.6603
      vertex -280 -327.5 111.962
      vertex -274.733 -327.5 108.541
    endloop
  endfacet
  facet normal 0 1 0
    outer loop
      vertex -322.475 -327.5 118.689
      vertex -312.079 -327.5 69.7815
      vertex -328.541 -327.5 117.063
    endloop
  endfacet
  facet normal 0 1 0
    outer loop
      vertex -304.122 -327.5 68.0902
      vertex -274.733 -327.5 108.541
      vertex -269.852 -327.5 104.589
    endloop
  endfacet
  facet normal 0 1 -0
    outer loop
      vertex -313.09 -327.5 69.5106
      vertex -328.541 -327.5 117.063
      vertex -312.079 -327.5 69.7815
    endloop
  endfacet
  facet normal 0 1 0
    outer loop
      vertex -303.309 -327.5 67.4314
      vertex -269.852 -327.5 104.589
      vertex -265.411 -327.5 100.148
    endloop
  endfacet
  facet normal 0 1 0
    outer loop
      vertex -328.541 -327.5 117.063
      vertex -313.09 -327.5 69.5106
      vertex -334.404 -327.5 114.813
    endloop
  endfacet
  facet normal 0 1 0
    outer loop
      vertex -302.569 -327.5 66.6913
      vertex -265.411 -327.5 100.148
      vertex -261.459 -327.5 95.2671
    endloop
  endfacet
  facet normal 0 1 -0
    outer loop
      vertex -314.067 -327.5 69.1355
      vertex -334.404 -327.5 114.813
      vertex -313.09 -327.5 69.5106
    endloop
  endfacet
  facet normal 0 1 0
    outer loop
      vertex -301.91 -327.5 65.8779
      vertex -261.459 -327.5 95.2671
      vertex -258.038 -327.5 90
    endloop
  endfacet
  facet normal 0 1 0
    outer loop
      vertex -334.404 -327.5 114.813
      vertex -314.067 -327.5 69.1355
      vertex -340 -327.5 111.962
    endloop
  endfacet
  facet normal 0 1 0
    outer loop
      vertex -301.34 -327.5 65
      vertex -258.038 -327.5 90
      vertex -255.187 -327.5 84.4042
    endloop
  endfacet
  facet normal 0 1 -0
    outer loop
      vertex -315 -327.5 68.6603
      vertex -340 -327.5 111.962
      vertex -314.067 -327.5 69.1355
    endloop
  endfacet
  facet normal 0 1 0
    outer loop
      vertex -300.865 -327.5 64.0674
      vertex -255.187 -327.5 84.4042
      vertex -252.937 -327.5 78.541
    endloop
  endfacet
  facet normal 0 1 0
    outer loop
      vertex -340 -327.5 111.962
      vertex -315 -327.5 68.6603
      vertex -345.267 -327.5 108.541
    endloop
  endfacet
  facet normal 0 1 0
    outer loop
      vertex -300.489 -327.5 63.0902
      vertex -252.937 -327.5 78.541
      vertex -251.311 -327.5 72.4747
    endloop
  endfacet
  facet normal 0 1 -0
    outer loop
      vertex -315.878 -327.5 68.0902
      vertex -345.267 -327.5 108.541
      vertex -315 -327.5 68.6603
    endloop
  endfacet
  facet normal 0 1 0
    outer loop
      vertex -345.267 -327.5 108.541
      vertex -315.878 -327.5 68.0902
      vertex -350.148 -327.5 104.589
    endloop
  endfacet
  facet normal 0 1 0
    outer loop
      vertex -303.728 -327.5 119.671
      vertex -308.955 -327.5 69.9452
      vertex -310 -327.5 70
    endloop
  endfacet
  facet normal 0 1 0
    outer loop
      vertex -297.525 -327.5 118.689
      vertex -307.921 -327.5 69.7815
      vertex -308.955 -327.5 69.9452
    endloop
  endfacet
  facet normal 0 1 0
    outer loop
      vertex -291.459 -327.5 117.063
      vertex -306.91 -327.5 69.5106
      vertex -307.921 -327.5 69.7815
    endloop
  endfacet
  facet normal 0 1 0
    outer loop
      vertex -285.596 -327.5 114.813
      vertex -305.933 -327.5 69.1355
      vertex -306.91 -327.5 69.5106
    endloop
  endfacet
  facet normal 0 1 0
    outer loop
      vertex -280 -327.5 111.962
      vertex -305 -327.5 68.6603
      vertex -305.933 -327.5 69.1355
    endloop
  endfacet
  facet normal 0 1 0
    outer loop
      vertex -274.733 -327.5 108.541
      vertex -304.122 -327.5 68.0902
      vertex -305 -327.5 68.6603
    endloop
  endfacet
  facet normal 0 1 0
    outer loop
      vertex -269.852 -327.5 104.589
      vertex -303.309 -327.5 67.4314
      vertex -304.122 -327.5 68.0902
    endloop
  endfacet
  facet normal 0 1 0
    outer loop
      vertex -265.411 -327.5 100.148
      vertex -302.569 -327.5 66.6913
      vertex -303.309 -327.5 67.4314
    endloop
  endfacet
  facet normal 0 1 0
    outer loop
      vertex -300.219 -327.5 62.0791
      vertex -251.311 -327.5 72.4747
      vertex -250.329 -327.5 66.2717
    endloop
  endfacet
  facet normal 0 1 0
    outer loop
      vertex -261.459 -327.5 95.2671
      vertex -301.91 -327.5 65.8779
      vertex -302.569 -327.5 66.6913
    endloop
  endfacet
  facet normal 0 1 0
    outer loop
      vertex -258.038 -327.5 90
      vertex -301.34 -327.5 65
      vertex -301.91 -327.5 65.8779
    endloop
  endfacet
  facet normal 0 1 0
    outer loop
      vertex -255.187 -327.5 84.4042
      vertex -300.865 -327.5 64.0674
      vertex -301.34 -327.5 65
    endloop
  endfacet
  facet normal 0 1 0
    outer loop
      vertex -252.937 -327.5 78.541
      vertex -300.489 -327.5 63.0902
      vertex -300.865 -327.5 64.0674
    endloop
  endfacet
  facet normal 0 1 0
    outer loop
      vertex -251.311 -327.5 72.4747
      vertex -300.219 -327.5 62.0791
      vertex -300.489 -327.5 63.0902
    endloop
  endfacet
  facet normal 0 1 0
    outer loop
      vertex -250.329 -327.5 66.2717
      vertex -300.055 -327.5 61.0453
      vertex -300.219 -327.5 62.0791
    endloop
  endfacet
  facet normal 0 1 0
    outer loop
      vertex -250 -327.5 60
      vertex -300.055 -327.5 61.0453
      vertex -250.329 -327.5 66.2717
    endloop
  endfacet
  facet normal 0 1 0
    outer loop
      vertex -250 -327.5 60
      vertex -300 -327.5 60
      vertex -300.055 -327.5 61.0453
    endloop
  endfacet
  facet normal 0 1 0
    outer loop
      vertex -250 -327.5 60
      vertex -300.055 -327.5 58.9547
      vertex -300 -327.5 60
    endloop
  endfacet
  facet normal 0 1 -0
    outer loop
      vertex -250.329 -327.5 53.7283
      vertex -300.055 -327.5 58.9547
      vertex -250 -327.5 60
    endloop
  endfacet
  facet normal 0 1 0
    outer loop
      vertex -300.055 -327.5 58.9547
      vertex -250.329 -327.5 53.7283
      vertex -300.219 -327.5 57.9209
    endloop
  endfacet
  facet normal 0 1 -0
    outer loop
      vertex -251.311 -327.5 47.5253
      vertex -300.219 -327.5 57.9209
      vertex -250.329 -327.5 53.7283
    endloop
  endfacet
  facet normal 0 1 0
    outer loop
      vertex -300.219 -327.5 57.9209
      vertex -251.311 -327.5 47.5253
      vertex -300.489 -327.5 56.9098
    endloop
  endfacet
  facet normal 0 1 -0
    outer loop
      vertex -252.937 -327.5 41.459
      vertex -300.489 -327.5 56.9098
      vertex -251.311 -327.5 47.5253
    endloop
  endfacet
  facet normal 0 1 0
    outer loop
      vertex -300.489 -327.5 56.9098
      vertex -252.937 -327.5 41.459
      vertex -300.865 -327.5 55.9326
    endloop
  endfacet
  facet normal 0 1 -0
    outer loop
      vertex -255.187 -327.5 35.5958
      vertex -300.865 -327.5 55.9326
      vertex -252.937 -327.5 41.459
    endloop
  endfacet
  facet normal 0 1 0
    outer loop
      vertex -300.865 -327.5 55.9326
      vertex -255.187 -327.5 35.5958
      vertex -301.34 -327.5 55
    endloop
  endfacet
  facet normal 0 1 -0
    outer loop
      vertex -258.038 -327.5 30
      vertex -301.34 -327.5 55
      vertex -255.187 -327.5 35.5958
    endloop
  endfacet
  facet normal 0 1 0
    outer loop
      vertex -301.34 -327.5 55
      vertex -258.038 -327.5 30
      vertex -301.91 -327.5 54.1221
    endloop
  endfacet
  facet normal 0 1 -0
    outer loop
      vertex -261.459 -327.5 24.7329
      vertex -301.91 -327.5 54.1221
      vertex -258.038 -327.5 30
    endloop
  endfacet
  facet normal 0 1 0
    outer loop
      vertex -301.91 -327.5 54.1221
      vertex -261.459 -327.5 24.7329
      vertex -302.569 -327.5 53.3087
    endloop
  endfacet
  facet normal 0 1 -0
    outer loop
      vertex -265.411 -327.5 19.8522
      vertex -302.569 -327.5 53.3087
      vertex -261.459 -327.5 24.7329
    endloop
  endfacet
  facet normal 0 1 0
    outer loop
      vertex -302.569 -327.5 53.3087
      vertex -265.411 -327.5 19.8522
      vertex -303.309 -327.5 52.5686
    endloop
  endfacet
  facet normal 0 1 0
    outer loop
      vertex -303.309 -327.5 52.5686
      vertex -269.852 -327.5 15.4113
      vertex -304.122 -327.5 51.9098
    endloop
  endfacet
  facet normal 0 1 -0
    outer loop
      vertex -269.852 -327.5 15.4113
      vertex -303.309 -327.5 52.5686
      vertex -265.411 -327.5 19.8522
    endloop
  endfacet
  facet normal 0 1 -0
    outer loop
      vertex -316.691 -327.5 67.4314
      vertex -350.148 -327.5 104.589
      vertex -315.878 -327.5 68.0902
    endloop
  endfacet
  facet normal 0 1 0
    outer loop
      vertex -350.148 -327.5 104.589
      vertex -316.691 -327.5 67.4314
      vertex -354.589 -327.5 100.148
    endloop
  endfacet
  facet normal 0 1 -0
    outer loop
      vertex -317.431 -327.5 66.6913
      vertex -354.589 -327.5 100.148
      vertex -316.691 -327.5 67.4314
    endloop
  endfacet
  facet normal 0 1 0
    outer loop
      vertex -354.589 -327.5 100.148
      vertex -317.431 -327.5 66.6913
      vertex -358.541 -327.5 95.2671
    endloop
  endfacet
  facet normal 0 1 -0
    outer loop
      vertex -318.09 -327.5 65.8779
      vertex -358.541 -327.5 95.2671
      vertex -317.431 -327.5 66.6913
    endloop
  endfacet
  facet normal 0 1 0
    outer loop
      vertex -358.541 -327.5 95.2671
      vertex -318.09 -327.5 65.8779
      vertex -361.962 -327.5 90
    endloop
  endfacet
  facet normal 0 1 -0
    outer loop
      vertex -318.66 -327.5 65
      vertex -361.962 -327.5 90
      vertex -318.09 -327.5 65.8779
    endloop
  endfacet
  facet normal 0 1 0
    outer loop
      vertex -361.962 -327.5 90
      vertex -318.66 -327.5 65
      vertex -364.813 -327.5 84.4042
    endloop
  endfacet
  facet normal 0 1 -0
    outer loop
      vertex -319.135 -327.5 64.0674
      vertex -364.813 -327.5 84.4042
      vertex -318.66 -327.5 65
    endloop
  endfacet
  facet normal 0 1 0
    outer loop
      vertex -364.813 -327.5 84.4042
      vertex -319.135 -327.5 64.0674
      vertex -367.063 -327.5 78.541
    endloop
  endfacet
  facet normal 0 1 -0
    outer loop
      vertex -319.511 -327.5 63.0902
      vertex -367.063 -327.5 78.541
      vertex -319.135 -327.5 64.0674
    endloop
  endfacet
  facet normal 0 1 0
    outer loop
      vertex -367.063 -327.5 78.541
      vertex -319.511 -327.5 63.0902
      vertex -368.689 -327.5 72.4747
    endloop
  endfacet
  facet normal 0 1 -0
    outer loop
      vertex -319.781 -327.5 62.0791
      vertex -368.689 -327.5 72.4747
      vertex -319.511 -327.5 63.0902
    endloop
  endfacet
  facet normal 0 1 0
    outer loop
      vertex -368.689 -327.5 72.4747
      vertex -319.781 -327.5 62.0791
      vertex -369.671 -327.5 66.2717
    endloop
  endfacet
  facet normal 0 1 -0
    outer loop
      vertex -319.945 -327.5 61.0453
      vertex -369.671 -327.5 66.2717
      vertex -319.781 -327.5 62.0791
    endloop
  endfacet
  facet normal 0 1 -0
    outer loop
      vertex -320 -327.5 60
      vertex -369.671 -327.5 66.2717
      vertex -319.945 -327.5 61.0453
    endloop
  endfacet
  facet normal 0 1 0
    outer loop
      vertex -320 -327.5 60
      vertex -370 -327.5 60
      vertex -369.671 -327.5 66.2717
    endloop
  endfacet
  facet normal 0 1 0
    outer loop
      vertex -319.945 -327.5 58.9547
      vertex -370 -327.5 60
      vertex -320 -327.5 60
    endloop
  endfacet
  facet normal 0 1 0
    outer loop
      vertex -369.671 -327.5 53.7283
      vertex -319.945 -327.5 58.9547
      vertex -319.781 -327.5 57.9209
    endloop
  endfacet
  facet normal 0 1 0
    outer loop
      vertex -368.689 -327.5 47.5253
      vertex -319.781 -327.5 57.9209
      vertex -319.511 -327.5 56.9098
    endloop
  endfacet
  facet normal 0 1 0
    outer loop
      vertex -367.063 -327.5 41.459
      vertex -319.511 -327.5 56.9098
      vertex -319.135 -327.5 55.9326
    endloop
  endfacet
  facet normal 0 1 0
    outer loop
      vertex -364.813 -327.5 35.5958
      vertex -319.135 -327.5 55.9326
      vertex -318.66 -327.5 55
    endloop
  endfacet
  facet normal 0 1 0
    outer loop
      vertex -361.962 -327.5 30
      vertex -318.66 -327.5 55
      vertex -318.09 -327.5 54.1221
    endloop
  endfacet
  facet normal 0 1 0
    outer loop
      vertex -319.945 -327.5 58.9547
      vertex -369.671 -327.5 53.7283
      vertex -370 -327.5 60
    endloop
  endfacet
  facet normal 0 1 0
    outer loop
      vertex -358.541 -327.5 24.7329
      vertex -318.09 -327.5 54.1221
      vertex -317.431 -327.5 53.3087
    endloop
  endfacet
  facet normal 0 1 0
    outer loop
      vertex -354.589 -327.5 19.8522
      vertex -317.431 -327.5 53.3087
      vertex -316.691 -327.5 52.5686
    endloop
  endfacet
  facet normal 0 1 0
    outer loop
      vertex -350.148 -327.5 15.4113
      vertex -316.691 -327.5 52.5686
      vertex -315.878 -327.5 51.9098
    endloop
  endfacet
  facet normal 0 1 0
    outer loop
      vertex -345.267 -327.5 11.459
      vertex -315.878 -327.5 51.9098
      vertex -315 -327.5 51.3397
    endloop
  endfacet
  facet normal 0 1 0
    outer loop
      vertex -340 -327.5 8.03848
      vertex -315 -327.5 51.3397
      vertex -314.067 -327.5 50.8645
    endloop
  endfacet
  facet normal 0 1 0
    outer loop
      vertex -334.404 -327.5 5.18727
      vertex -314.067 -327.5 50.8645
      vertex -313.09 -327.5 50.4894
    endloop
  endfacet
  facet normal 0 1 0
    outer loop
      vertex -328.541 -327.5 2.93661
      vertex -313.09 -327.5 50.4894
      vertex -312.079 -327.5 50.2185
    endloop
  endfacet
  facet normal 0 1 0
    outer loop
      vertex -322.475 -327.5 1.31114
      vertex -312.079 -327.5 50.2185
      vertex -311.045 -327.5 50.0548
    endloop
  endfacet
  facet normal 0 1 0
    outer loop
      vertex -319.781 -327.5 57.9209
      vertex -368.689 -327.5 47.5253
      vertex -369.671 -327.5 53.7283
    endloop
  endfacet
  facet normal 0 1 0
    outer loop
      vertex -316.272 -327.5 0.328687
      vertex -311.045 -327.5 50.0548
      vertex -310 -327.5 50
    endloop
  endfacet
  facet normal 0 1 -0
    outer loop
      vertex -274.733 -327.5 11.459
      vertex -304.122 -327.5 51.9098
      vertex -269.852 -327.5 15.4113
    endloop
  endfacet
  facet normal 0 1 0
    outer loop
      vertex -304.122 -327.5 51.9098
      vertex -274.733 -327.5 11.459
      vertex -305 -327.5 51.3397
    endloop
  endfacet
  facet normal 0 1 0
    outer loop
      vertex -319.511 -327.5 56.9098
      vertex -367.063 -327.5 41.459
      vertex -368.689 -327.5 47.5253
    endloop
  endfacet
  facet normal 0 1 -0
    outer loop
      vertex -280 -327.5 8.03848
      vertex -305 -327.5 51.3397
      vertex -274.733 -327.5 11.459
    endloop
  endfacet
  facet normal 0 1 0
    outer loop
      vertex -319.135 -327.5 55.9326
      vertex -364.813 -327.5 35.5958
      vertex -367.063 -327.5 41.459
    endloop
  endfacet
  facet normal 0 1 0
    outer loop
      vertex -305 -327.5 51.3397
      vertex -280 -327.5 8.03848
      vertex -305.933 -327.5 50.8645
    endloop
  endfacet
  facet normal 0 1 0
    outer loop
      vertex -318.66 -327.5 55
      vertex -361.962 -327.5 30
      vertex -364.813 -327.5 35.5958
    endloop
  endfacet
  facet normal 0 1 -0
    outer loop
      vertex -285.596 -327.5 5.18727
      vertex -305.933 -327.5 50.8645
      vertex -280 -327.5 8.03848
    endloop
  endfacet
  facet normal 0 1 0
    outer loop
      vertex -318.09 -327.5 54.1221
      vertex -358.541 -327.5 24.7329
      vertex -361.962 -327.5 30
    endloop
  endfacet
  facet normal 0 1 0
    outer loop
      vertex -305.933 -327.5 50.8645
      vertex -285.596 -327.5 5.18727
      vertex -306.91 -327.5 50.4894
    endloop
  endfacet
  facet normal 0 1 0
    outer loop
      vertex -317.431 -327.5 53.3087
      vertex -354.589 -327.5 19.8522
      vertex -358.541 -327.5 24.7329
    endloop
  endfacet
  facet normal 0 1 -0
    outer loop
      vertex -291.459 -327.5 2.93661
      vertex -306.91 -327.5 50.4894
      vertex -285.596 -327.5 5.18727
    endloop
  endfacet
  facet normal 0 1 0
    outer loop
      vertex -316.691 -327.5 52.5686
      vertex -350.148 -327.5 15.4113
      vertex -354.589 -327.5 19.8522
    endloop
  endfacet
  facet normal 0 1 0
    outer loop
      vertex -306.91 -327.5 50.4894
      vertex -291.459 -327.5 2.93661
      vertex -307.921 -327.5 50.2185
    endloop
  endfacet
  facet normal 0 1 0
    outer loop
      vertex -315.878 -327.5 51.9098
      vertex -345.267 -327.5 11.459
      vertex -350.148 -327.5 15.4113
    endloop
  endfacet
  facet normal 0 1 -0
    outer loop
      vertex -297.525 -327.5 1.31114
      vertex -307.921 -327.5 50.2185
      vertex -291.459 -327.5 2.93661
    endloop
  endfacet
  facet normal 0 1 0
    outer loop
      vertex -315 -327.5 51.3397
      vertex -340 -327.5 8.03848
      vertex -345.267 -327.5 11.459
    endloop
  endfacet
  facet normal 0 1 0
    outer loop
      vertex -307.921 -327.5 50.2185
      vertex -297.525 -327.5 1.31114
      vertex -308.955 -327.5 50.0548
    endloop
  endfacet
  facet normal 0 1 0
    outer loop
      vertex -314.067 -327.5 50.8645
      vertex -334.404 -327.5 5.18727
      vertex -340 -327.5 8.03848
    endloop
  endfacet
  facet normal 0 1 -0
    outer loop
      vertex -303.728 -327.5 0.328687
      vertex -308.955 -327.5 50.0548
      vertex -297.525 -327.5 1.31114
    endloop
  endfacet
  facet normal 0 1 0
    outer loop
      vertex -313.09 -327.5 50.4894
      vertex -328.541 -327.5 2.93661
      vertex -334.404 -327.5 5.18727
    endloop
  endfacet
  facet normal 0 1 0
    outer loop
      vertex -308.955 -327.5 50.0548
      vertex -303.728 -327.5 0.328687
      vertex -310 -327.5 50
    endloop
  endfacet
  facet normal 0 1 0
    outer loop
      vertex -312.079 -327.5 50.2185
      vertex -322.475 -327.5 1.31114
      vertex -328.541 -327.5 2.93661
    endloop
  endfacet
  facet normal 0 1 0
    outer loop
      vertex -310 -327.5 0
      vertex -310 -327.5 50
      vertex -303.728 -327.5 0.328687
    endloop
  endfacet
  facet normal 0 1 0
    outer loop
      vertex -311.045 -327.5 50.0548
      vertex -316.272 -327.5 0.328687
      vertex -322.475 -327.5 1.31114
    endloop
  endfacet
  facet normal 0 1 0
    outer loop
      vertex -310 -327.5 50
      vertex -310 -327.5 0
      vertex -316.272 -327.5 0.328687
    endloop
  endfacet
  facet normal 0.707107 -0 0.707107
    outer loop
      vertex -269.852 -372.5 104.589
      vertex -265.411 -327.5 100.148
      vertex -269.852 -327.5 104.589
    endloop
  endfacet
  facet normal 0.707107 0 0.707107
    outer loop
      vertex -265.411 -327.5 100.148
      vertex -269.852 -372.5 104.589
      vertex -265.411 -372.5 100.148
    endloop
  endfacet
  facet normal 0.89102 -0 0.453965
    outer loop
      vertex -258.038 -372.5 90
      vertex -255.187 -327.5 84.4042
      vertex -258.038 -327.5 90
    endloop
  endfacet
  facet normal 0.89102 0 0.453965
    outer loop
      vertex -255.187 -327.5 84.4042
      vertex -258.038 -372.5 90
      vertex -255.187 -372.5 84.4042
    endloop
  endfacet
  facet normal -0.838634 0 0.544696
    outer loop
      vertex -361.962 -372.5 90
      vertex -358.541 -327.5 95.2671
      vertex -361.962 -327.5 90
    endloop
  endfacet
  facet normal -0.838634 0 0.544696
    outer loop
      vertex -358.541 -327.5 95.2671
      vertex -361.962 -372.5 90
      vertex -358.541 -372.5 95.2671
    endloop
  endfacet
  facet normal -0.9877 0 0.156363
    outer loop
      vertex -369.671 -372.5 66.2717
      vertex -368.689 -327.5 72.4747
      vertex -369.671 -327.5 66.2717
    endloop
  endfacet
  facet normal -0.9877 0 0.156363
    outer loop
      vertex -368.689 -327.5 72.4747
      vertex -369.671 -372.5 66.2717
      vertex -368.689 -372.5 72.4747
    endloop
  endfacet
  facet normal 0 -1 0
    outer loop
      vertex -310 -372.5 70
      vertex -310 -372.5 120
      vertex -316.272 -372.5 119.671
    endloop
  endfacet
  facet normal 0 -1 0
    outer loop
      vertex -311.045 -372.5 69.9452
      vertex -316.272 -372.5 119.671
      vertex -322.475 -372.5 118.689
    endloop
  endfacet
  facet normal 0 -1 0
    outer loop
      vertex -310 -372.5 120
      vertex -310 -372.5 70
      vertex -303.728 -372.5 119.671
    endloop
  endfacet
  facet normal 0 -1 0
    outer loop
      vertex -312.079 -372.5 69.7815
      vertex -322.475 -372.5 118.689
      vertex -328.541 -372.5 117.063
    endloop
  endfacet
  facet normal 0 -1 0
    outer loop
      vertex -308.955 -372.5 69.9452
      vertex -303.728 -372.5 119.671
      vertex -310 -372.5 70
    endloop
  endfacet
  facet normal 0 -1 0
    outer loop
      vertex -313.09 -372.5 69.5106
      vertex -328.541 -372.5 117.063
      vertex -334.404 -372.5 114.813
    endloop
  endfacet
  facet normal 0 -1 -0
    outer loop
      vertex -303.728 -372.5 119.671
      vertex -308.955 -372.5 69.9452
      vertex -297.525 -372.5 118.689
    endloop
  endfacet
  facet normal 0 -1 0
    outer loop
      vertex -314.067 -372.5 69.1355
      vertex -334.404 -372.5 114.813
      vertex -340 -372.5 111.962
    endloop
  endfacet
  facet normal 0 -1 0
    outer loop
      vertex -307.921 -372.5 69.7815
      vertex -297.525 -372.5 118.689
      vertex -308.955 -372.5 69.9452
    endloop
  endfacet
  facet normal 0 -1 0
    outer loop
      vertex -315 -372.5 68.6603
      vertex -340 -372.5 111.962
      vertex -345.267 -372.5 108.541
    endloop
  endfacet
  facet normal 0 -1 -0
    outer loop
      vertex -297.525 -372.5 118.689
      vertex -307.921 -372.5 69.7815
      vertex -291.459 -372.5 117.063
    endloop
  endfacet
  facet normal 0 -1 0
    outer loop
      vertex -315.878 -372.5 68.0902
      vertex -345.267 -372.5 108.541
      vertex -350.148 -372.5 104.589
    endloop
  endfacet
  facet normal 0 -1 0
    outer loop
      vertex -306.91 -372.5 69.5106
      vertex -291.459 -372.5 117.063
      vertex -307.921 -372.5 69.7815
    endloop
  endfacet
  facet normal 0 -1 0
    outer loop
      vertex -316.691 -372.5 67.4314
      vertex -350.148 -372.5 104.589
      vertex -354.589 -372.5 100.148
    endloop
  endfacet
  facet normal 0 -1 -0
    outer loop
      vertex -291.459 -372.5 117.063
      vertex -306.91 -372.5 69.5106
      vertex -285.596 -372.5 114.813
    endloop
  endfacet
  facet normal 0 -1 0
    outer loop
      vertex -317.431 -372.5 66.6913
      vertex -354.589 -372.5 100.148
      vertex -358.541 -372.5 95.2671
    endloop
  endfacet
  facet normal 0 -1 0
    outer loop
      vertex -305.933 -372.5 69.1355
      vertex -285.596 -372.5 114.813
      vertex -306.91 -372.5 69.5106
    endloop
  endfacet
  facet normal 0 -1 0
    outer loop
      vertex -318.09 -372.5 65.8779
      vertex -358.541 -372.5 95.2671
      vertex -361.962 -372.5 90
    endloop
  endfacet
  facet normal 0 -1 -0
    outer loop
      vertex -285.596 -372.5 114.813
      vertex -305.933 -372.5 69.1355
      vertex -280 -372.5 111.962
    endloop
  endfacet
  facet normal 0 -1 0
    outer loop
      vertex -318.66 -372.5 65
      vertex -361.962 -372.5 90
      vertex -364.813 -372.5 84.4042
    endloop
  endfacet
  facet normal 0 -1 0
    outer loop
      vertex -305 -372.5 68.6603
      vertex -280 -372.5 111.962
      vertex -305.933 -372.5 69.1355
    endloop
  endfacet
  facet normal 0 -1 0
    outer loop
      vertex -319.135 -372.5 64.0674
      vertex -364.813 -372.5 84.4042
      vertex -367.063 -372.5 78.541
    endloop
  endfacet
  facet normal 0 -1 -0
    outer loop
      vertex -280 -372.5 111.962
      vertex -305 -372.5 68.6603
      vertex -274.733 -372.5 108.541
    endloop
  endfacet
  facet normal 0 -1 0
    outer loop
      vertex -319.511 -372.5 63.0902
      vertex -367.063 -372.5 78.541
      vertex -368.689 -372.5 72.4747
    endloop
  endfacet
  facet normal 0 -1 0
    outer loop
      vertex -304.122 -372.5 68.0902
      vertex -274.733 -372.5 108.541
      vertex -305 -372.5 68.6603
    endloop
  endfacet
  facet normal 0 -1 -0
    outer loop
      vertex -274.733 -372.5 108.541
      vertex -304.122 -372.5 68.0902
      vertex -269.852 -372.5 104.589
    endloop
  endfacet
  facet normal 0 -1 0
    outer loop
      vertex -316.272 -372.5 119.671
      vertex -311.045 -372.5 69.9452
      vertex -310 -372.5 70
    endloop
  endfacet
  facet normal 0 -1 0
    outer loop
      vertex -322.475 -372.5 118.689
      vertex -312.079 -372.5 69.7815
      vertex -311.045 -372.5 69.9452
    endloop
  endfacet
  facet normal 0 -1 0
    outer loop
      vertex -328.541 -372.5 117.063
      vertex -313.09 -372.5 69.5106
      vertex -312.079 -372.5 69.7815
    endloop
  endfacet
  facet normal 0 -1 0
    outer loop
      vertex -334.404 -372.5 114.813
      vertex -314.067 -372.5 69.1355
      vertex -313.09 -372.5 69.5106
    endloop
  endfacet
  facet normal 0 -1 0
    outer loop
      vertex -340 -372.5 111.962
      vertex -315 -372.5 68.6603
      vertex -314.067 -372.5 69.1355
    endloop
  endfacet
  facet normal 0 -1 0
    outer loop
      vertex -345.267 -372.5 108.541
      vertex -315.878 -372.5 68.0902
      vertex -315 -372.5 68.6603
    endloop
  endfacet
  facet normal 0 -1 0
    outer loop
      vertex -350.148 -372.5 104.589
      vertex -316.691 -372.5 67.4314
      vertex -315.878 -372.5 68.0902
    endloop
  endfacet
  facet normal 0 -1 0
    outer loop
      vertex -354.589 -372.5 100.148
      vertex -317.431 -372.5 66.6913
      vertex -316.691 -372.5 67.4314
    endloop
  endfacet
  facet normal 0 -1 0
    outer loop
      vertex -319.781 -372.5 62.0791
      vertex -368.689 -372.5 72.4747
      vertex -369.671 -372.5 66.2717
    endloop
  endfacet
  facet normal 0 -1 0
    outer loop
      vertex -358.541 -372.5 95.2671
      vertex -318.09 -372.5 65.8779
      vertex -317.431 -372.5 66.6913
    endloop
  endfacet
  facet normal 0 -1 0
    outer loop
      vertex -361.962 -372.5 90
      vertex -318.66 -372.5 65
      vertex -318.09 -372.5 65.8779
    endloop
  endfacet
  facet normal 0 -1 0
    outer loop
      vertex -364.813 -372.5 84.4042
      vertex -319.135 -372.5 64.0674
      vertex -318.66 -372.5 65
    endloop
  endfacet
  facet normal 0 -1 0
    outer loop
      vertex -367.063 -372.5 78.541
      vertex -319.511 -372.5 63.0902
      vertex -319.135 -372.5 64.0674
    endloop
  endfacet
  facet normal 0 -1 0
    outer loop
      vertex -368.689 -372.5 72.4747
      vertex -319.781 -372.5 62.0791
      vertex -319.511 -372.5 63.0902
    endloop
  endfacet
  facet normal 0 -1 0
    outer loop
      vertex -369.671 -372.5 66.2717
      vertex -319.945 -372.5 61.0453
      vertex -319.781 -372.5 62.0791
    endloop
  endfacet
  facet normal 0 -1 0
    outer loop
      vertex -370 -372.5 60
      vertex -319.945 -372.5 61.0453
      vertex -369.671 -372.5 66.2717
    endloop
  endfacet
  facet normal 0 -1 0
    outer loop
      vertex -370 -372.5 60
      vertex -320 -372.5 60
      vertex -319.945 -372.5 61.0453
    endloop
  endfacet
  facet normal 0 -1 0
    outer loop
      vertex -370 -372.5 60
      vertex -319.945 -372.5 58.9547
      vertex -320 -372.5 60
    endloop
  endfacet
  facet normal 0 -1 0
    outer loop
      vertex -369.671 -372.5 53.7283
      vertex -319.945 -372.5 58.9547
      vertex -370 -372.5 60
    endloop
  endfacet
  facet normal 0 -1 -0
    outer loop
      vertex -319.945 -372.5 58.9547
      vertex -369.671 -372.5 53.7283
      vertex -319.781 -372.5 57.9209
    endloop
  endfacet
  facet normal 0 -1 0
    outer loop
      vertex -368.689 -372.5 47.5253
      vertex -319.781 -372.5 57.9209
      vertex -369.671 -372.5 53.7283
    endloop
  endfacet
  facet normal 0 -1 -0
    outer loop
      vertex -319.781 -372.5 57.9209
      vertex -368.689 -372.5 47.5253
      vertex -319.511 -372.5 56.9098
    endloop
  endfacet
  facet normal 0 -1 0
    outer loop
      vertex -367.063 -372.5 41.459
      vertex -319.511 -372.5 56.9098
      vertex -368.689 -372.5 47.5253
    endloop
  endfacet
  facet normal 0 -1 -0
    outer loop
      vertex -319.511 -372.5 56.9098
      vertex -367.063 -372.5 41.459
      vertex -319.135 -372.5 55.9326
    endloop
  endfacet
  facet normal 0 -1 0
    outer loop
      vertex -364.813 -372.5 35.5958
      vertex -319.135 -372.5 55.9326
      vertex -367.063 -372.5 41.459
    endloop
  endfacet
  facet normal 0 -1 -0
    outer loop
      vertex -319.135 -372.5 55.9326
      vertex -364.813 -372.5 35.5958
      vertex -318.66 -372.5 55
    endloop
  endfacet
  facet normal 0 -1 0
    outer loop
      vertex -361.962 -372.5 30
      vertex -318.66 -372.5 55
      vertex -364.813 -372.5 35.5958
    endloop
  endfacet
  facet normal 0 -1 -0
    outer loop
      vertex -318.66 -372.5 55
      vertex -361.962 -372.5 30
      vertex -318.09 -372.5 54.1221
    endloop
  endfacet
  facet normal 0 -1 0
    outer loop
      vertex -358.541 -372.5 24.7329
      vertex -318.09 -372.5 54.1221
      vertex -361.962 -372.5 30
    endloop
  endfacet
  facet normal 0 -1 -0
    outer loop
      vertex -318.09 -372.5 54.1221
      vertex -358.541 -372.5 24.7329
      vertex -317.431 -372.5 53.3087
    endloop
  endfacet
  facet normal 0 -1 0
    outer loop
      vertex -354.589 -372.5 19.8522
      vertex -317.431 -372.5 53.3087
      vertex -358.541 -372.5 24.7329
    endloop
  endfacet
  facet normal 0 -1 -0
    outer loop
      vertex -317.431 -372.5 53.3087
      vertex -354.589 -372.5 19.8522
      vertex -316.691 -372.5 52.5686
    endloop
  endfacet
  facet normal 0 -1 -0
    outer loop
      vertex -316.691 -372.5 52.5686
      vertex -350.148 -372.5 15.4113
      vertex -315.878 -372.5 51.9098
    endloop
  endfacet
  facet normal 0 -1 0
    outer loop
      vertex -350.148 -372.5 15.4113
      vertex -316.691 -372.5 52.5686
      vertex -354.589 -372.5 19.8522
    endloop
  endfacet
  facet normal 0 -1 0
    outer loop
      vertex -303.309 -372.5 67.4314
      vertex -269.852 -372.5 104.589
      vertex -304.122 -372.5 68.0902
    endloop
  endfacet
  facet normal 0 -1 -0
    outer loop
      vertex -269.852 -372.5 104.589
      vertex -303.309 -372.5 67.4314
      vertex -265.411 -372.5 100.148
    endloop
  endfacet
  facet normal 0 -1 0
    outer loop
      vertex -302.569 -372.5 66.6913
      vertex -265.411 -372.5 100.148
      vertex -303.309 -372.5 67.4314
    endloop
  endfacet
  facet normal 0 -1 -0
    outer loop
      vertex -265.411 -372.5 100.148
      vertex -302.569 -372.5 66.6913
      vertex -261.459 -372.5 95.2671
    endloop
  endfacet
  facet normal 0 -1 0
    outer loop
      vertex -301.91 -372.5 65.8779
      vertex -261.459 -372.5 95.2671
      vertex -302.569 -372.5 66.6913
    endloop
  endfacet
  facet normal 0 -1 -0
    outer loop
      vertex -261.459 -372.5 95.2671
      vertex -301.91 -372.5 65.8779
      vertex -258.038 -372.5 90
    endloop
  endfacet
  facet normal 0 -1 0
    outer loop
      vertex -301.34 -372.5 65
      vertex -258.038 -372.5 90
      vertex -301.91 -372.5 65.8779
    endloop
  endfacet
  facet normal 0 -1 -0
    outer loop
      vertex -258.038 -372.5 90
      vertex -301.34 -372.5 65
      vertex -255.187 -372.5 84.4042
    endloop
  endfacet
  facet normal 0 -1 0
    outer loop
      vertex -300.865 -372.5 64.0674
      vertex -255.187 -372.5 84.4042
      vertex -301.34 -372.5 65
    endloop
  endfacet
  facet normal 0 -1 -0
    outer loop
      vertex -255.187 -372.5 84.4042
      vertex -300.865 -372.5 64.0674
      vertex -252.937 -372.5 78.541
    endloop
  endfacet
  facet normal 0 -1 0
    outer loop
      vertex -300.489 -372.5 63.0902
      vertex -252.937 -372.5 78.541
      vertex -300.865 -372.5 64.0674
    endloop
  endfacet
  facet normal 0 -1 -0
    outer loop
      vertex -252.937 -372.5 78.541
      vertex -300.489 -372.5 63.0902
      vertex -251.311 -372.5 72.4747
    endloop
  endfacet
  facet normal 0 -1 0
    outer loop
      vertex -300.219 -372.5 62.0791
      vertex -251.311 -372.5 72.4747
      vertex -300.489 -372.5 63.0902
    endloop
  endfacet
  facet normal 0 -1 -0
    outer loop
      vertex -251.311 -372.5 72.4747
      vertex -300.219 -372.5 62.0791
      vertex -250.329 -372.5 66.2717
    endloop
  endfacet
  facet normal 0 -1 0
    outer loop
      vertex -300.055 -372.5 61.0453
      vertex -250.329 -372.5 66.2717
      vertex -300.219 -372.5 62.0791
    endloop
  endfacet
  facet normal 0 -1 0
    outer loop
      vertex -300 -372.5 60
      vertex -250.329 -372.5 66.2717
      vertex -300.055 -372.5 61.0453
    endloop
  endfacet
  facet normal 0 -1 0
    outer loop
      vertex -300 -372.5 60
      vertex -250 -372.5 60
      vertex -250.329 -372.5 66.2717
    endloop
  endfacet
  facet normal 0 -1 0
    outer loop
      vertex -300.055 -372.5 58.9547
      vertex -250 -372.5 60
      vertex -300 -372.5 60
    endloop
  endfacet
  facet normal 0 -1 0
    outer loop
      vertex -250.329 -372.5 53.7283
      vertex -300.055 -372.5 58.9547
      vertex -300.219 -372.5 57.9209
    endloop
  endfacet
  facet normal 0 -1 0
    outer loop
      vertex -251.311 -372.5 47.5253
      vertex -300.219 -372.5 57.9209
      vertex -300.489 -372.5 56.9098
    endloop
  endfacet
  facet normal 0 -1 0
    outer loop
      vertex -252.937 -372.5 41.459
      vertex -300.489 -372.5 56.9098
      vertex -300.865 -372.5 55.9326
    endloop
  endfacet
  facet normal 0 -1 0
    outer loop
      vertex -255.187 -372.5 35.5958
      vertex -300.865 -372.5 55.9326
      vertex -301.34 -372.5 55
    endloop
  endfacet
  facet normal 0 -1 0
    outer loop
      vertex -258.038 -372.5 30
      vertex -301.34 -372.5 55
      vertex -301.91 -372.5 54.1221
    endloop
  endfacet
  facet normal 0 -1 0
    outer loop
      vertex -300.055 -372.5 58.9547
      vertex -250.329 -372.5 53.7283
      vertex -250 -372.5 60
    endloop
  endfacet
  facet normal 0 -1 0
    outer loop
      vertex -261.459 -372.5 24.7329
      vertex -301.91 -372.5 54.1221
      vertex -302.569 -372.5 53.3087
    endloop
  endfacet
  facet normal 0 -1 0
    outer loop
      vertex -265.411 -372.5 19.8522
      vertex -302.569 -372.5 53.3087
      vertex -303.309 -372.5 52.5686
    endloop
  endfacet
  facet normal 0 -1 0
    outer loop
      vertex -269.852 -372.5 15.4113
      vertex -303.309 -372.5 52.5686
      vertex -304.122 -372.5 51.9098
    endloop
  endfacet
  facet normal 0 -1 0
    outer loop
      vertex -274.733 -372.5 11.459
      vertex -304.122 -372.5 51.9098
      vertex -305 -372.5 51.3397
    endloop
  endfacet
  facet normal 0 -1 0
    outer loop
      vertex -280 -372.5 8.03848
      vertex -305 -372.5 51.3397
      vertex -305.933 -372.5 50.8645
    endloop
  endfacet
  facet normal 0 -1 0
    outer loop
      vertex -285.596 -372.5 5.18727
      vertex -305.933 -372.5 50.8645
      vertex -306.91 -372.5 50.4894
    endloop
  endfacet
  facet normal 0 -1 0
    outer loop
      vertex -291.459 -372.5 2.93661
      vertex -306.91 -372.5 50.4894
      vertex -307.921 -372.5 50.2185
    endloop
  endfacet
  facet normal 0 -1 0
    outer loop
      vertex -297.525 -372.5 1.31114
      vertex -307.921 -372.5 50.2185
      vertex -308.955 -372.5 50.0548
    endloop
  endfacet
  facet normal 0 -1 0
    outer loop
      vertex -300.219 -372.5 57.9209
      vertex -251.311 -372.5 47.5253
      vertex -250.329 -372.5 53.7283
    endloop
  endfacet
  facet normal 0 -1 0
    outer loop
      vertex -303.728 -372.5 0.328687
      vertex -308.955 -372.5 50.0548
      vertex -310 -372.5 50
    endloop
  endfacet
  facet normal 0 -1 0
    outer loop
      vertex -345.267 -372.5 11.459
      vertex -315.878 -372.5 51.9098
      vertex -350.148 -372.5 15.4113
    endloop
  endfacet
  facet normal 0 -1 -0
    outer loop
      vertex -315.878 -372.5 51.9098
      vertex -345.267 -372.5 11.459
      vertex -315 -372.5 51.3397
    endloop
  endfacet
  facet normal 0 -1 0
    outer loop
      vertex -300.489 -372.5 56.9098
      vertex -252.937 -372.5 41.459
      vertex -251.311 -372.5 47.5253
    endloop
  endfacet
  facet normal 0 -1 0
    outer loop
      vertex -340 -372.5 8.03848
      vertex -315 -372.5 51.3397
      vertex -345.267 -372.5 11.459
    endloop
  endfacet
  facet normal 0 -1 0
    outer loop
      vertex -300.865 -372.5 55.9326
      vertex -255.187 -372.5 35.5958
      vertex -252.937 -372.5 41.459
    endloop
  endfacet
  facet normal 0 -1 -0
    outer loop
      vertex -315 -372.5 51.3397
      vertex -340 -372.5 8.03848
      vertex -314.067 -372.5 50.8645
    endloop
  endfacet
  facet normal 0 -1 0
    outer loop
      vertex -301.34 -372.5 55
      vertex -258.038 -372.5 30
      vertex -255.187 -372.5 35.5958
    endloop
  endfacet
  facet normal 0 -1 0
    outer loop
      vertex -334.404 -372.5 5.18727
      vertex -314.067 -372.5 50.8645
      vertex -340 -372.5 8.03848
    endloop
  endfacet
  facet normal 0 -1 0
    outer loop
      vertex -301.91 -372.5 54.1221
      vertex -261.459 -372.5 24.7329
      vertex -258.038 -372.5 30
    endloop
  endfacet
  facet normal 0 -1 -0
    outer loop
      vertex -314.067 -372.5 50.8645
      vertex -334.404 -372.5 5.18727
      vertex -313.09 -372.5 50.4894
    endloop
  endfacet
  facet normal 0 -1 0
    outer loop
      vertex -302.569 -372.5 53.3087
      vertex -265.411 -372.5 19.8522
      vertex -261.459 -372.5 24.7329
    endloop
  endfacet
  facet normal 0 -1 0
    outer loop
      vertex -328.541 -372.5 2.93661
      vertex -313.09 -372.5 50.4894
      vertex -334.404 -372.5 5.18727
    endloop
  endfacet
  facet normal 0 -1 0
    outer loop
      vertex -303.309 -372.5 52.5686
      vertex -269.852 -372.5 15.4113
      vertex -265.411 -372.5 19.8522
    endloop
  endfacet
  facet normal 0 -1 -0
    outer loop
      vertex -313.09 -372.5 50.4894
      vertex -328.541 -372.5 2.93661
      vertex -312.079 -372.5 50.2185
    endloop
  endfacet
  facet normal 0 -1 0
    outer loop
      vertex -304.122 -372.5 51.9098
      vertex -274.733 -372.5 11.459
      vertex -269.852 -372.5 15.4113
    endloop
  endfacet
  facet normal 0 -1 0
    outer loop
      vertex -322.475 -372.5 1.31114
      vertex -312.079 -372.5 50.2185
      vertex -328.541 -372.5 2.93661
    endloop
  endfacet
  facet normal 0 -1 0
    outer loop
      vertex -305 -372.5 51.3397
      vertex -280 -372.5 8.03848
      vertex -274.733 -372.5 11.459
    endloop
  endfacet
  facet normal 0 -1 -0
    outer loop
      vertex -312.079 -372.5 50.2185
      vertex -322.475 -372.5 1.31114
      vertex -311.045 -372.5 50.0548
    endloop
  endfacet
  facet normal 0 -1 0
    outer loop
      vertex -305.933 -372.5 50.8645
      vertex -285.596 -372.5 5.18727
      vertex -280 -372.5 8.03848
    endloop
  endfacet
  facet normal 0 -1 0
    outer loop
      vertex -316.272 -372.5 0.328687
      vertex -311.045 -372.5 50.0548
      vertex -322.475 -372.5 1.31114
    endloop
  endfacet
  facet normal 0 -1 0
    outer loop
      vertex -306.91 -372.5 50.4894
      vertex -291.459 -372.5 2.93661
      vertex -285.596 -372.5 5.18727
    endloop
  endfacet
  facet normal 0 -1 -0
    outer loop
      vertex -311.045 -372.5 50.0548
      vertex -316.272 -372.5 0.328687
      vertex -310 -372.5 50
    endloop
  endfacet
  facet normal 0 -1 0
    outer loop
      vertex -307.921 -372.5 50.2185
      vertex -297.525 -372.5 1.31114
      vertex -291.459 -372.5 2.93661
    endloop
  endfacet
  facet normal 0 -1 0
    outer loop
      vertex -310 -372.5 0
      vertex -310 -372.5 50
      vertex -316.272 -372.5 0.328687
    endloop
  endfacet
  facet normal 0 -1 0
    outer loop
      vertex -308.955 -372.5 50.0548
      vertex -303.728 -372.5 0.328687
      vertex -297.525 -372.5 1.31114
    endloop
  endfacet
  facet normal 0 -1 0
    outer loop
      vertex -310 -372.5 50
      vertex -310 -372.5 0
      vertex -303.728 -372.5 0.328687
    endloop
  endfacet
  facet normal -0.777183 0 0.629275
    outer loop
      vertex -358.541 -372.5 95.2671
      vertex -354.589 -327.5 100.148
      vertex -358.541 -327.5 95.2671
    endloop
  endfacet
  facet normal -0.777183 0 0.629275
    outer loop
      vertex -354.589 -327.5 100.148
      vertex -358.541 -372.5 95.2671
      vertex -354.589 -372.5 100.148
    endloop
  endfacet
  facet normal -0.629267 0 0.777189
    outer loop
      vertex -350.148 -327.5 104.589
      vertex -345.267 -372.5 108.541
      vertex -345.267 -327.5 108.541
    endloop
  endfacet
  facet normal -0.629267 0 0.777189
    outer loop
      vertex -345.267 -372.5 108.541
      vertex -350.148 -327.5 104.589
      vertex -350.148 -372.5 104.589
    endloop
  endfacet
  facet normal -0.544703 0 0.838629
    outer loop
      vertex -345.267 -327.5 108.541
      vertex -340 -372.5 111.962
      vertex -340 -327.5 111.962
    endloop
  endfacet
  facet normal -0.544703 0 0.838629
    outer loop
      vertex -340 -372.5 111.962
      vertex -345.267 -327.5 108.541
      vertex -345.267 -372.5 108.541
    endloop
  endfacet
  facet normal -0.89102 0 -0.453965
    outer loop
      vertex -361.962 -372.5 30
      vertex -364.813 -327.5 35.5958
      vertex -361.962 -327.5 30
    endloop
  endfacet
  facet normal -0.89102 -0 -0.453965
    outer loop
      vertex -364.813 -327.5 35.5958
      vertex -361.962 -372.5 30
      vertex -364.813 -372.5 35.5958
    endloop
  endfacet
  facet normal 0.629296 0 -0.777166
    outer loop
      vertex -274.733 -372.5 11.459
      vertex -269.852 -327.5 15.4113
      vertex -269.852 -372.5 15.4113
    endloop
  endfacet
  facet normal 0.629296 0 -0.777166
    outer loop
      vertex -269.852 -327.5 15.4113
      vertex -274.733 -372.5 11.459
      vertex -274.733 -327.5 11.459
    endloop
  endfacet
  facet normal -0.838634 0 -0.544696
    outer loop
      vertex -358.541 -372.5 24.7329
      vertex -361.962 -327.5 30
      vertex -358.541 -327.5 24.7329
    endloop
  endfacet
  facet normal -0.838634 -0 -0.544696
    outer loop
      vertex -361.962 -327.5 30
      vertex -358.541 -372.5 24.7329
      vertex -361.962 -372.5 30
    endloop
  endfacet
  facet normal -0.9877 0 -0.156363
    outer loop
      vertex -368.689 -372.5 47.5253
      vertex -369.671 -327.5 53.7283
      vertex -368.689 -327.5 47.5253
    endloop
  endfacet
  facet normal -0.9877 -0 -0.156363
    outer loop
      vertex -369.671 -327.5 53.7283
      vertex -368.689 -372.5 47.5253
      vertex -369.671 -372.5 53.7283
    endloop
  endfacet
  facet normal -0.933616 0 -0.358275
    outer loop
      vertex -364.813 -372.5 35.5958
      vertex -367.063 -327.5 41.459
      vertex -364.813 -327.5 35.5958
    endloop
  endfacet
  facet normal -0.933616 -0 -0.358275
    outer loop
      vertex -367.063 -327.5 41.459
      vertex -364.813 -372.5 35.5958
      vertex -367.063 -372.5 41.459
    endloop
  endfacet
  facet normal -0.77717 0 -0.62929
    outer loop
      vertex -354.589 -372.5 19.8522
      vertex -358.541 -327.5 24.7329
      vertex -354.589 -327.5 19.8522
    endloop
  endfacet
  facet normal -0.77717 -0 -0.62929
    outer loop
      vertex -358.541 -327.5 24.7329
      vertex -354.589 -372.5 19.8522
      vertex -358.541 -372.5 24.7329
    endloop
  endfacet
  facet normal 0.544649 0 -0.838664
    outer loop
      vertex -280 -372.5 8.03848
      vertex -274.733 -327.5 11.459
      vertex -274.733 -372.5 11.459
    endloop
  endfacet
  facet normal 0.544649 0 -0.838664
    outer loop
      vertex -274.733 -327.5 11.459
      vertex -280 -372.5 8.03848
      vertex -280 -327.5 8.03848
    endloop
  endfacet
  facet normal 0.933616 0 -0.358275
    outer loop
      vertex -252.937 -372.5 41.459
      vertex -255.187 -327.5 35.5958
      vertex -252.937 -327.5 41.459
    endloop
  endfacet
  facet normal 0.933616 0 -0.358275
    outer loop
      vertex -255.187 -327.5 35.5958
      vertex -252.937 -372.5 41.459
      vertex -255.187 -372.5 35.5958
    endloop
  endfacet
  facet normal -0.0523336 0 -0.99863
    outer loop
      vertex -316.272 -372.5 0.328687
      vertex -310 -327.5 0
      vertex -310 -372.5 0
    endloop
  endfacet
  facet normal -0.0523336 0 -0.99863
    outer loop
      vertex -310 -327.5 0
      vertex -316.272 -372.5 0.328687
      vertex -316.272 -327.5 0.328687
    endloop
  endfacet
  facet normal -0.998627 0 0.0523858
    outer loop
      vertex -370 -372.5 60
      vertex -369.671 -327.5 66.2717
      vertex -370 -327.5 60
    endloop
  endfacet
  facet normal -0.998627 0 0.0523858
    outer loop
      vertex -369.671 -327.5 66.2717
      vertex -370 -372.5 60
      vertex -369.671 -372.5 66.2717
    endloop
  endfacet
  facet normal -0.358377 0 -0.933577
    outer loop
      vertex -334.404 -372.5 5.18727
      vertex -328.541 -327.5 2.93661
      vertex -328.541 -372.5 2.93661
    endloop
  endfacet
  facet normal -0.358377 0 -0.933577
    outer loop
      vertex -328.541 -327.5 2.93661
      vertex -334.404 -372.5 5.18727
      vertex -334.404 -327.5 5.18727
    endloop
  endfacet
  facet normal 0.707099 0 -0.707115
    outer loop
      vertex -269.852 -372.5 15.4113
      vertex -265.411 -327.5 19.8522
      vertex -265.411 -372.5 19.8522
    endloop
  endfacet
  facet normal 0.707099 0 -0.707115
    outer loop
      vertex -265.411 -327.5 19.8522
      vertex -269.852 -372.5 15.4113
      vertex -269.852 -327.5 15.4113
    endloop
  endfacet
  facet normal -0.98765 0 0.156679
    outer loop
      vertex -300.219 -372.5 57.9209
      vertex -300.055 -327.5 58.9547
      vertex -300.219 -327.5 57.9209
    endloop
  endfacet
  facet normal -0.98765 0 0.156679
    outer loop
      vertex -300.055 -327.5 58.9547
      vertex -300.219 -372.5 57.9209
      vertex -300.055 -372.5 58.9547
    endloop
  endfacet
  facet normal -0.98765 0 -0.156679
    outer loop
      vertex -300.055 -372.5 61.0453
      vertex -300.219 -327.5 62.0791
      vertex -300.055 -327.5 61.0453
    endloop
  endfacet
  facet normal -0.98765 -0 -0.156679
    outer loop
      vertex -300.219 -327.5 62.0791
      vertex -300.055 -372.5 61.0453
      vertex -300.219 -372.5 62.0791
    endloop
  endfacet
  facet normal -0.998619 0 -0.0525438
    outer loop
      vertex -300 -372.5 60
      vertex -300.055 -327.5 61.0453
      vertex -300 -327.5 60
    endloop
  endfacet
  facet normal -0.998619 -0 -0.0525438
    outer loop
      vertex -300.055 -327.5 61.0453
      vertex -300 -372.5 60
      vertex -300.055 -372.5 61.0453
    endloop
  endfacet
  facet normal -0.966146 0 -0.257996
    outer loop
      vertex -300.219 -372.5 62.0791
      vertex -300.489 -327.5 63.0902
      vertex -300.219 -327.5 62.0791
    endloop
  endfacet
  facet normal -0.966146 -0 -0.257996
    outer loop
      vertex -300.489 -327.5 63.0902
      vertex -300.219 -372.5 62.0791
      vertex -300.489 -372.5 63.0902
    endloop
  endfacet
  facet normal -0.838721 0 -0.544562
    outer loop
      vertex -301.34 -372.5 65
      vertex -301.91 -327.5 65.8779
      vertex -301.34 -327.5 65
    endloop
  endfacet
  facet normal -0.838721 -0 -0.544562
    outer loop
      vertex -301.91 -327.5 65.8779
      vertex -301.34 -372.5 65
      vertex -301.91 -372.5 65.8779
    endloop
  endfacet
  facet normal 0.0523682 0 -0.998628
    outer loop
      vertex -311.045 -372.5 69.9452
      vertex -310 -327.5 70
      vertex -310 -372.5 70
    endloop
  endfacet
  facet normal 0.0523682 0 -0.998628
    outer loop
      vertex -310 -327.5 70
      vertex -311.045 -372.5 69.9452
      vertex -311.045 -327.5 69.9452
    endloop
  endfacet
  facet normal -0.998619 0 0.0525438
    outer loop
      vertex -300.055 -372.5 58.9547
      vertex -300 -327.5 60
      vertex -300.055 -327.5 58.9547
    endloop
  endfacet
  facet normal -0.998619 0 0.0525438
    outer loop
      vertex -300 -327.5 60
      vertex -300.055 -372.5 58.9547
      vertex -300 -372.5 60
    endloop
  endfacet
  facet normal -0.776996 0 -0.629506
    outer loop
      vertex -301.91 -372.5 65.8779
      vertex -302.569 -327.5 66.6913
      vertex -301.91 -327.5 65.8779
    endloop
  endfacet
  facet normal -0.776996 -0 -0.629506
    outer loop
      vertex -302.569 -327.5 66.6913
      vertex -301.91 -372.5 65.8779
      vertex -302.569 -372.5 66.6913
    endloop
  endfacet
  facet normal 0.98765 -0 0.156679
    outer loop
      vertex -319.945 -372.5 58.9547
      vertex -319.781 -327.5 57.9209
      vertex -319.945 -327.5 58.9547
    endloop
  endfacet
  facet normal 0.98765 0 0.156679
    outer loop
      vertex -319.781 -327.5 57.9209
      vertex -319.945 -372.5 58.9547
      vertex -319.781 -372.5 57.9209
    endloop
  endfacet
  facet normal 0.891077 0 -0.453851
    outer loop
      vertex -318.66 -372.5 65
      vertex -319.135 -327.5 64.0674
      vertex -318.66 -327.5 65
    endloop
  endfacet
  facet normal 0.891077 0 -0.453851
    outer loop
      vertex -319.135 -327.5 64.0674
      vertex -318.66 -372.5 65
      vertex -319.135 -372.5 64.0674
    endloop
  endfacet
  facet normal -0.258822 0 -0.965925
    outer loop
      vertex -307.921 -372.5 69.7815
      vertex -306.91 -327.5 69.5106
      vertex -306.91 -372.5 69.5106
    endloop
  endfacet
  facet normal -0.258822 0 -0.965925
    outer loop
      vertex -306.91 -327.5 69.5106
      vertex -307.921 -372.5 69.7815
      vertex -307.921 -327.5 69.7815
    endloop
  endfacet
  facet normal -0.358422 0 -0.93356
    outer loop
      vertex -306.91 -372.5 69.5106
      vertex -305.933 -327.5 69.1355
      vertex -305.933 -372.5 69.1355
    endloop
  endfacet
  facet normal -0.358422 0 -0.93356
    outer loop
      vertex -305.933 -327.5 69.1355
      vertex -306.91 -372.5 69.5106
      vertex -306.91 -327.5 69.5106
    endloop
  endfacet
  facet normal 0.966146 -0 0.257996
    outer loop
      vertex -319.781 -372.5 57.9209
      vertex -319.511 -327.5 56.9098
      vertex -319.781 -327.5 57.9209
    endloop
  endfacet
  facet normal 0.966146 0 0.257996
    outer loop
      vertex -319.511 -327.5 56.9098
      vertex -319.781 -372.5 57.9209
      vertex -319.511 -372.5 56.9098
    endloop
  endfacet
  facet normal -0.629578 0 -0.776938
    outer loop
      vertex -304.122 -372.5 68.0902
      vertex -303.309 -327.5 67.4314
      vertex -303.309 -372.5 67.4314
    endloop
  endfacet
  facet normal -0.629578 0 -0.776938
    outer loop
      vertex -303.309 -327.5 67.4314
      vertex -304.122 -372.5 68.0902
      vertex -304.122 -327.5 68.0902
    endloop
  endfacet
  facet normal -0.358422 0 0.93356
    outer loop
      vertex -306.91 -327.5 50.4894
      vertex -305.933 -372.5 50.8645
      vertex -305.933 -327.5 50.8645
    endloop
  endfacet
  facet normal -0.358422 0 0.93356
    outer loop
      vertex -305.933 -372.5 50.8645
      vertex -306.91 -327.5 50.4894
      vertex -306.91 -372.5 50.4894
    endloop
  endfacet
  facet normal 0.776996 0 -0.629506
    outer loop
      vertex -317.431 -372.5 66.6913
      vertex -318.09 -327.5 65.8779
      vertex -317.431 -327.5 66.6913
    endloop
  endfacet
  facet normal 0.776996 0 -0.629506
    outer loop
      vertex -318.09 -327.5 65.8779
      vertex -317.431 -372.5 66.6913
      vertex -318.09 -372.5 65.8779
    endloop
  endfacet
  facet normal 0.258822 0 -0.965925
    outer loop
      vertex -313.09 -372.5 69.5106
      vertex -312.079 -327.5 69.7815
      vertex -312.079 -372.5 69.7815
    endloop
  endfacet
  facet normal 0.258822 0 -0.965925
    outer loop
      vertex -312.079 -327.5 69.7815
      vertex -313.09 -372.5 69.5106
      vertex -313.09 -327.5 69.5106
    endloop
  endfacet
  facet normal 0.707155 0 -0.707059
    outer loop
      vertex -316.691 -372.5 67.4314
      vertex -317.431 -327.5 66.6913
      vertex -316.691 -327.5 67.4314
    endloop
  endfacet
  facet normal 0.707155 0 -0.707059
    outer loop
      vertex -317.431 -327.5 66.6913
      vertex -316.691 -372.5 67.4314
      vertex -317.431 -372.5 66.6913
    endloop
  endfacet
  facet normal 0.544585 0 -0.838705
    outer loop
      vertex -315.878 -372.5 68.0902
      vertex -315 -327.5 68.6603
      vertex -315 -372.5 68.6603
    endloop
  endfacet
  facet normal 0.544585 0 -0.838705
    outer loop
      vertex -315 -327.5 68.6603
      vertex -315.878 -372.5 68.0902
      vertex -315.878 -327.5 68.0902
    endloop
  endfacet
  facet normal -0.966146 0 0.257996
    outer loop
      vertex -300.489 -372.5 56.9098
      vertex -300.219 -327.5 57.9209
      vertex -300.489 -327.5 56.9098
    endloop
  endfacet
  facet normal -0.966146 0 0.257996
    outer loop
      vertex -300.219 -327.5 57.9209
      vertex -300.489 -372.5 56.9098
      vertex -300.219 -372.5 57.9209
    endloop
  endfacet
  facet normal -0.0523682 0 0.998628
    outer loop
      vertex -310 -327.5 50
      vertex -308.955 -372.5 50.0548
      vertex -308.955 -327.5 50.0548
    endloop
  endfacet
  facet normal -0.0523682 0 0.998628
    outer loop
      vertex -308.955 -372.5 50.0548
      vertex -310 -327.5 50
      vertex -310 -372.5 50
    endloop
  endfacet
  facet normal -0.544585 0 -0.838705
    outer loop
      vertex -305 -372.5 68.6603
      vertex -304.122 -327.5 68.0902
      vertex -304.122 -372.5 68.0902
    endloop
  endfacet
  facet normal -0.544585 0 -0.838705
    outer loop
      vertex -304.122 -327.5 68.0902
      vertex -305 -372.5 68.6603
      vertex -305 -327.5 68.6603
    endloop
  endfacet
  facet normal 0.838721 -0 0.544562
    outer loop
      vertex -318.66 -372.5 55
      vertex -318.09 -327.5 54.1221
      vertex -318.66 -327.5 55
    endloop
  endfacet
  facet normal 0.838721 0 0.544562
    outer loop
      vertex -318.09 -327.5 54.1221
      vertex -318.66 -372.5 55
      vertex -318.09 -372.5 54.1221
    endloop
  endfacet
  facet normal -0.15637 0 0.987699
    outer loop
      vertex -308.955 -327.5 50.0548
      vertex -307.921 -372.5 50.2185
      vertex -307.921 -327.5 50.2185
    endloop
  endfacet
  facet normal -0.15637 0 0.987699
    outer loop
      vertex -307.921 -372.5 50.2185
      vertex -308.955 -327.5 50.0548
      vertex -308.955 -372.5 50.0548
    endloop
  endfacet
  facet normal 0.15637 0 0.987699
    outer loop
      vertex -312.079 -327.5 50.2185
      vertex -311.045 -372.5 50.0548
      vertex -311.045 -327.5 50.0548
    endloop
  endfacet
  facet normal 0.15637 0 0.987699
    outer loop
      vertex -311.045 -372.5 50.0548
      vertex -312.079 -327.5 50.2185
      vertex -312.079 -372.5 50.2185
    endloop
  endfacet
  facet normal 0.453849 0 -0.891079
    outer loop
      vertex -315 -372.5 68.6603
      vertex -314.067 -327.5 69.1355
      vertex -314.067 -372.5 69.1355
    endloop
  endfacet
  facet normal 0.453849 0 -0.891079
    outer loop
      vertex -314.067 -327.5 69.1355
      vertex -315 -372.5 68.6603
      vertex -315 -327.5 68.6603
    endloop
  endfacet
  facet normal 0.453849 0 0.891079
    outer loop
      vertex -315 -327.5 51.3397
      vertex -314.067 -372.5 50.8645
      vertex -314.067 -327.5 50.8645
    endloop
  endfacet
  facet normal 0.453849 0 0.891079
    outer loop
      vertex -314.067 -372.5 50.8645
      vertex -315 -327.5 51.3397
      vertex -315 -372.5 51.3397
    endloop
  endfacet
  facet normal 0.358422 0 -0.93356
    outer loop
      vertex -314.067 -372.5 69.1355
      vertex -313.09 -327.5 69.5106
      vertex -313.09 -372.5 69.5106
    endloop
  endfacet
  facet normal 0.358422 0 -0.93356
    outer loop
      vertex -313.09 -327.5 69.5106
      vertex -314.067 -372.5 69.1355
      vertex -314.067 -327.5 69.1355
    endloop
  endfacet
  facet normal -0.453849 0 -0.891079
    outer loop
      vertex -305.933 -372.5 69.1355
      vertex -305 -327.5 68.6603
      vertex -305 -372.5 68.6603
    endloop
  endfacet
  facet normal -0.453849 0 -0.891079
    outer loop
      vertex -305 -327.5 68.6603
      vertex -305.933 -372.5 69.1355
      vertex -305.933 -327.5 69.1355
    endloop
  endfacet
  facet normal -0.891077 0 0.453851
    outer loop
      vertex -301.34 -372.5 55
      vertex -300.865 -327.5 55.9326
      vertex -301.34 -327.5 55
    endloop
  endfacet
  facet normal -0.891077 0 0.453851
    outer loop
      vertex -300.865 -327.5 55.9326
      vertex -301.34 -372.5 55
      vertex -300.865 -372.5 55.9326
    endloop
  endfacet
  facet normal -0.707155 0 -0.707059
    outer loop
      vertex -302.569 -372.5 66.6913
      vertex -303.309 -327.5 67.4314
      vertex -302.569 -327.5 66.6913
    endloop
  endfacet
  facet normal -0.707155 -0 -0.707059
    outer loop
      vertex -303.309 -327.5 67.4314
      vertex -302.569 -372.5 66.6913
      vertex -303.309 -372.5 67.4314
    endloop
  endfacet
  facet normal 0.629578 0 0.776938
    outer loop
      vertex -316.691 -327.5 52.5686
      vertex -315.878 -372.5 51.9098
      vertex -315.878 -327.5 51.9098
    endloop
  endfacet
  facet normal 0.629578 0 0.776938
    outer loop
      vertex -315.878 -372.5 51.9098
      vertex -316.691 -327.5 52.5686
      vertex -316.691 -372.5 52.5686
    endloop
  endfacet
  facet normal -0.838721 0 0.544562
    outer loop
      vertex -301.91 -372.5 54.1221
      vertex -301.34 -327.5 55
      vertex -301.91 -327.5 54.1221
    endloop
  endfacet
  facet normal -0.838721 0 0.544562
    outer loop
      vertex -301.34 -327.5 55
      vertex -301.91 -372.5 54.1221
      vertex -301.34 -372.5 55
    endloop
  endfacet
  facet normal -0.453849 0 0.891079
    outer loop
      vertex -305.933 -327.5 50.8645
      vertex -305 -372.5 51.3397
      vertex -305 -327.5 51.3397
    endloop
  endfacet
  facet normal -0.453849 0 0.891079
    outer loop
      vertex -305 -372.5 51.3397
      vertex -305.933 -327.5 50.8645
      vertex -305.933 -372.5 50.8645
    endloop
  endfacet
  facet normal 0.15637 0 -0.987699
    outer loop
      vertex -312.079 -372.5 69.7815
      vertex -311.045 -327.5 69.9452
      vertex -311.045 -372.5 69.9452
    endloop
  endfacet
  facet normal 0.15637 0 -0.987699
    outer loop
      vertex -311.045 -327.5 69.9452
      vertex -312.079 -372.5 69.7815
      vertex -312.079 -327.5 69.7815
    endloop
  endfacet
  facet normal -0.933296 0 -0.359107
    outer loop
      vertex -300.489 -372.5 63.0902
      vertex -300.865 -327.5 64.0674
      vertex -300.489 -327.5 63.0902
    endloop
  endfacet
  facet normal -0.933296 -0 -0.359107
    outer loop
      vertex -300.865 -327.5 64.0674
      vertex -300.489 -372.5 63.0902
      vertex -300.865 -372.5 64.0674
    endloop
  endfacet
  facet normal -0.776996 0 0.629506
    outer loop
      vertex -302.569 -372.5 53.3087
      vertex -301.91 -327.5 54.1221
      vertex -302.569 -327.5 53.3087
    endloop
  endfacet
  facet normal -0.776996 0 0.629506
    outer loop
      vertex -301.91 -327.5 54.1221
      vertex -302.569 -372.5 53.3087
      vertex -301.91 -372.5 54.1221
    endloop
  endfacet
  facet normal 0.98765 0 -0.156679
    outer loop
      vertex -319.781 -372.5 62.0791
      vertex -319.945 -327.5 61.0453
      vertex -319.781 -327.5 62.0791
    endloop
  endfacet
  facet normal 0.98765 0 -0.156679
    outer loop
      vertex -319.945 -327.5 61.0453
      vertex -319.781 -372.5 62.0791
      vertex -319.945 -372.5 61.0453
    endloop
  endfacet
  facet normal -0.0523682 0 -0.998628
    outer loop
      vertex -310 -372.5 70
      vertex -308.955 -327.5 69.9452
      vertex -308.955 -372.5 69.9452
    endloop
  endfacet
  facet normal -0.0523682 0 -0.998628
    outer loop
      vertex -308.955 -327.5 69.9452
      vertex -310 -372.5 70
      vertex -310 -327.5 70
    endloop
  endfacet
  facet normal -0.891077 0 -0.453851
    outer loop
      vertex -300.865 -372.5 64.0674
      vertex -301.34 -327.5 65
      vertex -300.865 -327.5 64.0674
    endloop
  endfacet
  facet normal -0.891077 -0 -0.453851
    outer loop
      vertex -301.34 -327.5 65
      vertex -300.865 -372.5 64.0674
      vertex -301.34 -372.5 65
    endloop
  endfacet
  facet normal 0.838721 0 -0.544562
    outer loop
      vertex -318.09 -372.5 65.8779
      vertex -318.66 -327.5 65
      vertex -318.09 -327.5 65.8779
    endloop
  endfacet
  facet normal 0.838721 0 -0.544562
    outer loop
      vertex -318.66 -327.5 65
      vertex -318.09 -372.5 65.8779
      vertex -318.66 -372.5 65
    endloop
  endfacet
  facet normal 0.629578 0 -0.776938
    outer loop
      vertex -316.691 -372.5 67.4314
      vertex -315.878 -327.5 68.0902
      vertex -315.878 -372.5 68.0902
    endloop
  endfacet
  facet normal 0.629578 0 -0.776938
    outer loop
      vertex -315.878 -327.5 68.0902
      vertex -316.691 -372.5 67.4314
      vertex -316.691 -327.5 67.4314
    endloop
  endfacet
  facet normal 0.933296 -0 0.359107
    outer loop
      vertex -319.511 -372.5 56.9098
      vertex -319.135 -327.5 55.9326
      vertex -319.511 -327.5 56.9098
    endloop
  endfacet
  facet normal 0.933296 0 0.359107
    outer loop
      vertex -319.135 -327.5 55.9326
      vertex -319.511 -372.5 56.9098
      vertex -319.135 -372.5 55.9326
    endloop
  endfacet
  facet normal 0.933296 0 -0.359107
    outer loop
      vertex -319.135 -372.5 64.0674
      vertex -319.511 -327.5 63.0902
      vertex -319.135 -327.5 64.0674
    endloop
  endfacet
  facet normal 0.933296 0 -0.359107
    outer loop
      vertex -319.511 -327.5 63.0902
      vertex -319.135 -372.5 64.0674
      vertex -319.511 -372.5 63.0902
    endloop
  endfacet
  facet normal 0.891077 -0 0.453851
    outer loop
      vertex -319.135 -372.5 55.9326
      vertex -318.66 -327.5 55
      vertex -319.135 -327.5 55.9326
    endloop
  endfacet
  facet normal 0.891077 0 0.453851
    outer loop
      vertex -318.66 -327.5 55
      vertex -319.135 -372.5 55.9326
      vertex -318.66 -372.5 55
    endloop
  endfacet
  facet normal -0.258822 0 0.965925
    outer loop
      vertex -307.921 -327.5 50.2185
      vertex -306.91 -372.5 50.4894
      vertex -306.91 -327.5 50.4894
    endloop
  endfacet
  facet normal -0.258822 0 0.965925
    outer loop
      vertex -306.91 -372.5 50.4894
      vertex -307.921 -327.5 50.2185
      vertex -307.921 -372.5 50.2185
    endloop
  endfacet
  facet normal -0.629578 0 0.776938
    outer loop
      vertex -304.122 -327.5 51.9098
      vertex -303.309 -372.5 52.5686
      vertex -303.309 -327.5 52.5686
    endloop
  endfacet
  facet normal -0.629578 0 0.776938
    outer loop
      vertex -303.309 -372.5 52.5686
      vertex -304.122 -327.5 51.9098
      vertex -304.122 -372.5 51.9098
    endloop
  endfacet
  facet normal 0.258822 0 0.965925
    outer loop
      vertex -313.09 -327.5 50.4894
      vertex -312.079 -372.5 50.2185
      vertex -312.079 -327.5 50.2185
    endloop
  endfacet
  facet normal 0.258822 0 0.965925
    outer loop
      vertex -312.079 -372.5 50.2185
      vertex -313.09 -327.5 50.4894
      vertex -313.09 -372.5 50.4894
    endloop
  endfacet
  facet normal 0.998619 -0 0.0525438
    outer loop
      vertex -320 -372.5 60
      vertex -319.945 -327.5 58.9547
      vertex -320 -327.5 60
    endloop
  endfacet
  facet normal 0.998619 0 0.0525438
    outer loop
      vertex -319.945 -327.5 58.9547
      vertex -320 -372.5 60
      vertex -319.945 -372.5 58.9547
    endloop
  endfacet
  facet normal -0.15637 0 -0.987699
    outer loop
      vertex -308.955 -372.5 69.9452
      vertex -307.921 -327.5 69.7815
      vertex -307.921 -372.5 69.7815
    endloop
  endfacet
  facet normal -0.15637 0 -0.987699
    outer loop
      vertex -307.921 -327.5 69.7815
      vertex -308.955 -372.5 69.9452
      vertex -308.955 -327.5 69.9452
    endloop
  endfacet
  facet normal 0.776996 -0 0.629506
    outer loop
      vertex -318.09 -372.5 54.1221
      vertex -317.431 -327.5 53.3087
      vertex -318.09 -327.5 54.1221
    endloop
  endfacet
  facet normal 0.776996 0 0.629506
    outer loop
      vertex -317.431 -327.5 53.3087
      vertex -318.09 -372.5 54.1221
      vertex -317.431 -372.5 53.3087
    endloop
  endfacet
  facet normal 0.966146 0 -0.257996
    outer loop
      vertex -319.511 -372.5 63.0902
      vertex -319.781 -327.5 62.0791
      vertex -319.511 -327.5 63.0902
    endloop
  endfacet
  facet normal 0.966146 0 -0.257996
    outer loop
      vertex -319.781 -327.5 62.0791
      vertex -319.511 -372.5 63.0902
      vertex -319.781 -372.5 62.0791
    endloop
  endfacet
  facet normal 0.707155 -0 0.707059
    outer loop
      vertex -317.431 -372.5 53.3087
      vertex -316.691 -327.5 52.5686
      vertex -317.431 -327.5 53.3087
    endloop
  endfacet
  facet normal 0.707155 0 0.707059
    outer loop
      vertex -316.691 -327.5 52.5686
      vertex -317.431 -372.5 53.3087
      vertex -316.691 -372.5 52.5686
    endloop
  endfacet
  facet normal -0.544585 0 0.838705
    outer loop
      vertex -305 -327.5 51.3397
      vertex -304.122 -372.5 51.9098
      vertex -304.122 -327.5 51.9098
    endloop
  endfacet
  facet normal -0.544585 0 0.838705
    outer loop
      vertex -304.122 -372.5 51.9098
      vertex -305 -327.5 51.3397
      vertex -305 -372.5 51.3397
    endloop
  endfacet
  facet normal -0.933296 0 0.359107
    outer loop
      vertex -300.865 -372.5 55.9326
      vertex -300.489 -327.5 56.9098
      vertex -300.865 -327.5 55.9326
    endloop
  endfacet
  facet normal -0.933296 0 0.359107
    outer loop
      vertex -300.489 -327.5 56.9098
      vertex -300.865 -372.5 55.9326
      vertex -300.489 -372.5 56.9098
    endloop
  endfacet
  facet normal 0.0523682 0 0.998628
    outer loop
      vertex -311.045 -327.5 50.0548
      vertex -310 -372.5 50
      vertex -310 -327.5 50
    endloop
  endfacet
  facet normal 0.0523682 0 0.998628
    outer loop
      vertex -310 -372.5 50
      vertex -311.045 -327.5 50.0548
      vertex -311.045 -372.5 50.0548
    endloop
  endfacet
  facet normal 0.998619 0 -0.0525438
    outer loop
      vertex -319.945 -372.5 61.0453
      vertex -320 -327.5 60
      vertex -319.945 -327.5 61.0453
    endloop
  endfacet
  facet normal 0.998619 0 -0.0525438
    outer loop
      vertex -320 -327.5 60
      vertex -319.945 -372.5 61.0453
      vertex -320 -372.5 60
    endloop
  endfacet
  facet normal 0.358422 0 0.93356
    outer loop
      vertex -314.067 -327.5 50.8645
      vertex -313.09 -372.5 50.4894
      vertex -313.09 -327.5 50.4894
    endloop
  endfacet
  facet normal 0.358422 0 0.93356
    outer loop
      vertex -313.09 -372.5 50.4894
      vertex -314.067 -327.5 50.8645
      vertex -314.067 -372.5 50.8645
    endloop
  endfacet
  facet normal 0.544585 0 0.838705
    outer loop
      vertex -315.878 -327.5 51.9098
      vertex -315 -372.5 51.3397
      vertex -315 -327.5 51.3397
    endloop
  endfacet
  facet normal 0.544585 0 0.838705
    outer loop
      vertex -315 -372.5 51.3397
      vertex -315.878 -327.5 51.9098
      vertex -315.878 -372.5 51.9098
    endloop
  endfacet
  facet normal -0.707155 0 0.707059
    outer loop
      vertex -303.309 -372.5 52.5686
      vertex -302.569 -327.5 53.3087
      vertex -303.309 -327.5 52.5686
    endloop
  endfacet
  facet normal -0.707155 0 0.707059
    outer loop
      vertex -302.569 -327.5 53.3087
      vertex -303.309 -372.5 52.5686
      vertex -302.569 -372.5 53.3087
    endloop
  endfacet
  facet normal -0.555055 -0.831814 0
    outer loop
      vertex -353.536 -353.536 120.5
      vertex -351.913 -354.619 129.5
      vertex -353.536 -353.536 129.5
    endloop
  endfacet
  facet normal -0.555055 -0.831814 -0
    outer loop
      vertex -351.913 -354.619 129.5
      vertex -353.536 -353.536 120.5
      vertex -351.913 -354.619 120.5
    endloop
  endfacet
  facet normal 0.831814 -0.555055 0
    outer loop
      vertex -346.464 -353.536 129.5
      vertex -345.381 -351.913 120.5
      vertex -345.381 -351.913 129.5
    endloop
  endfacet
  facet normal 0.831814 -0.555055 0
    outer loop
      vertex -345.381 -351.913 120.5
      vertex -346.464 -353.536 129.5
      vertex -346.464 -353.536 120.5
    endloop
  endfacet
  facet normal 0.980738 -0.195327 0
    outer loop
      vertex -345.381 -351.913 129.5
      vertex -345 -350 120.5
      vertex -345 -350 129.5
    endloop
  endfacet
  facet normal 0.980738 -0.195327 0
    outer loop
      vertex -345 -350 120.5
      vertex -345.381 -351.913 129.5
      vertex -345.381 -351.913 120.5
    endloop
  endfacet
  facet normal -0.831814 -0.555055 0
    outer loop
      vertex -353.536 -353.536 120.5
      vertex -354.619 -351.913 129.5
      vertex -354.619 -351.913 120.5
    endloop
  endfacet
  facet normal -0.831814 -0.555055 0
    outer loop
      vertex -354.619 -351.913 129.5
      vertex -353.536 -353.536 120.5
      vertex -353.536 -353.536 129.5
    endloop
  endfacet
  facet normal -0.195327 0.980738 0
    outer loop
      vertex -350 -345 120.5
      vertex -351.913 -345.381 129.5
      vertex -350 -345 129.5
    endloop
  endfacet
  facet normal -0.195327 0.980738 0
    outer loop
      vertex -351.913 -345.381 129.5
      vertex -350 -345 120.5
      vertex -351.913 -345.381 120.5
    endloop
  endfacet
  facet normal 0.195327 0.980738 -0
    outer loop
      vertex -348.087 -345.381 120.5
      vertex -350 -345 129.5
      vertex -348.087 -345.381 129.5
    endloop
  endfacet
  facet normal 0.195327 0.980738 0
    outer loop
      vertex -350 -345 129.5
      vertex -348.087 -345.381 120.5
      vertex -350 -345 120.5
    endloop
  endfacet
  facet normal 0.555055 0.831814 -0
    outer loop
      vertex -346.464 -346.464 120.5
      vertex -348.087 -345.381 129.5
      vertex -346.464 -346.464 129.5
    endloop
  endfacet
  facet normal 0.555055 0.831814 0
    outer loop
      vertex -348.087 -345.381 129.5
      vertex -346.464 -346.464 120.5
      vertex -348.087 -345.381 120.5
    endloop
  endfacet
  facet normal 0.831814 0.555055 0
    outer loop
      vertex -345.381 -348.087 129.5
      vertex -346.464 -346.464 120.5
      vertex -346.464 -346.464 129.5
    endloop
  endfacet
  facet normal 0.831814 0.555055 0
    outer loop
      vertex -346.464 -346.464 120.5
      vertex -345.381 -348.087 129.5
      vertex -345.381 -348.087 120.5
    endloop
  endfacet
  facet normal -0.980738 -0.195327 0
    outer loop
      vertex -354.619 -351.913 120.5
      vertex -355 -350 129.5
      vertex -355 -350 120.5
    endloop
  endfacet
  facet normal -0.980738 -0.195327 0
    outer loop
      vertex -355 -350 129.5
      vertex -354.619 -351.913 120.5
      vertex -354.619 -351.913 129.5
    endloop
  endfacet
  facet normal 0.980738 0.195327 0
    outer loop
      vertex -345 -350 129.5
      vertex -345.381 -348.087 120.5
      vertex -345.381 -348.087 129.5
    endloop
  endfacet
  facet normal 0.980738 0.195327 0
    outer loop
      vertex -345.381 -348.087 120.5
      vertex -345 -350 129.5
      vertex -345 -350 120.5
    endloop
  endfacet
  facet normal -0.195327 -0.980738 0
    outer loop
      vertex -351.913 -354.619 120.5
      vertex -350 -355 129.5
      vertex -351.913 -354.619 129.5
    endloop
  endfacet
  facet normal -0.195327 -0.980738 -0
    outer loop
      vertex -350 -355 129.5
      vertex -351.913 -354.619 120.5
      vertex -350 -355 120.5
    endloop
  endfacet
  facet normal 0.195327 -0.980738 0
    outer loop
      vertex -350 -355 120.5
      vertex -348.087 -354.619 129.5
      vertex -350 -355 129.5
    endloop
  endfacet
  facet normal 0.195327 -0.980738 0
    outer loop
      vertex -348.087 -354.619 129.5
      vertex -350 -355 120.5
      vertex -348.087 -354.619 120.5
    endloop
  endfacet
  facet normal 0.555055 -0.831814 0
    outer loop
      vertex -348.087 -354.619 120.5
      vertex -346.464 -353.536 129.5
      vertex -348.087 -354.619 129.5
    endloop
  endfacet
  facet normal 0.555055 -0.831814 0
    outer loop
      vertex -346.464 -353.536 129.5
      vertex -348.087 -354.619 120.5
      vertex -346.464 -353.536 120.5
    endloop
  endfacet
  facet normal -0.831814 0.555055 0
    outer loop
      vertex -354.619 -348.087 120.5
      vertex -353.536 -346.464 129.5
      vertex -353.536 -346.464 120.5
    endloop
  endfacet
  facet normal -0.831814 0.555055 0
    outer loop
      vertex -353.536 -346.464 129.5
      vertex -354.619 -348.087 120.5
      vertex -354.619 -348.087 129.5
    endloop
  endfacet
  facet normal -0.980738 0.195327 0
    outer loop
      vertex -355 -350 120.5
      vertex -354.619 -348.087 129.5
      vertex -354.619 -348.087 120.5
    endloop
  endfacet
  facet normal -0.980738 0.195327 0
    outer loop
      vertex -354.619 -348.087 129.5
      vertex -355 -350 120.5
      vertex -355 -350 129.5
    endloop
  endfacet
  facet normal -0.555055 0.831814 0
    outer loop
      vertex -351.913 -345.381 120.5
      vertex -353.536 -346.464 129.5
      vertex -351.913 -345.381 129.5
    endloop
  endfacet
  facet normal -0.555055 0.831814 0
    outer loop
      vertex -353.536 -346.464 129.5
      vertex -351.913 -345.381 120.5
      vertex -353.536 -346.464 120.5
    endloop
  endfacet
  facet normal 1 -0 0
    outer loop
      vertex -300 -380 130.5
      vertex -300 -300 129.5
      vertex -300 -300 130.5
    endloop
  endfacet
  facet normal 1 -0 0
    outer loop
      vertex -300 -380 130
      vertex -300 -300 129.5
      vertex -300 -380 130.5
    endloop
  endfacet
  facet normal 1 0 0
    outer loop
      vertex -300 -400 129.5
      vertex -300 -380 130
      vertex -300 -400 130
    endloop
  endfacet
  facet normal 1 0 0
    outer loop
      vertex -300 -380 130
      vertex -300 -400 129.5
      vertex -300 -300 129.5
    endloop
  endfacet
  facet normal -0 0 1
    outer loop
      vertex -380 -300 130.5
      vertex -300 -380 130.5
      vertex -300 -300 130.5
    endloop
  endfacet
  facet normal 0 0 1
    outer loop
      vertex -300 -380 130.5
      vertex -380 -300 130.5
      vertex -380 -380 130.5
    endloop
  endfacet
  facet normal 0 0 -1
    outer loop
      vertex -300 -400 129.5
      vertex -345 -350 129.5
      vertex -300 -300 129.5
    endloop
  endfacet
  facet normal 0 0 -1
    outer loop
      vertex -300 -400 129.5
      vertex -345.381 -351.913 129.5
      vertex -345 -350 129.5
    endloop
  endfacet
  facet normal 0 0 -1
    outer loop
      vertex -300 -400 129.5
      vertex -346.464 -353.536 129.5
      vertex -345.381 -351.913 129.5
    endloop
  endfacet
  facet normal 0 0 -1
    outer loop
      vertex -300 -400 129.5
      vertex -348.087 -354.619 129.5
      vertex -346.464 -353.536 129.5
    endloop
  endfacet
  facet normal 0 0 -1
    outer loop
      vertex -300 -400 129.5
      vertex -350 -355 129.5
      vertex -348.087 -354.619 129.5
    endloop
  endfacet
  facet normal 0 0 -1
    outer loop
      vertex -400 -400 129.5
      vertex -350 -355 129.5
      vertex -300 -400 129.5
    endloop
  endfacet
  facet normal -0 0 -1
    outer loop
      vertex -350 -355 129.5
      vertex -400 -400 129.5
      vertex -351.913 -354.619 129.5
    endloop
  endfacet
  facet normal -0 0 -1
    outer loop
      vertex -354.619 -351.913 129.5
      vertex -400 -400 129.5
      vertex -355 -350 129.5
    endloop
  endfacet
  facet normal -0 0 -1
    outer loop
      vertex -353.536 -353.536 129.5
      vertex -400 -400 129.5
      vertex -354.619 -351.913 129.5
    endloop
  endfacet
  facet normal -0 0 -1
    outer loop
      vertex -351.913 -354.619 129.5
      vertex -400 -400 129.5
      vertex -353.536 -353.536 129.5
    endloop
  endfacet
  facet normal 0 0 -1
    outer loop
      vertex -345.381 -348.087 129.5
      vertex -300 -300 129.5
      vertex -345 -350 129.5
    endloop
  endfacet
  facet normal 0 0 -1
    outer loop
      vertex -346.464 -346.464 129.5
      vertex -300 -300 129.5
      vertex -345.381 -348.087 129.5
    endloop
  endfacet
  facet normal 0 0 -1
    outer loop
      vertex -348.087 -345.381 129.5
      vertex -300 -300 129.5
      vertex -346.464 -346.464 129.5
    endloop
  endfacet
  facet normal 0 0 -1
    outer loop
      vertex -350 -345 129.5
      vertex -300 -300 129.5
      vertex -348.087 -345.381 129.5
    endloop
  endfacet
  facet normal 0 0 -1
    outer loop
      vertex -400 -300 129.5
      vertex -350 -345 129.5
      vertex -351.913 -345.381 129.5
    endloop
  endfacet
  facet normal 0 0 -1
    outer loop
      vertex -400 -300 129.5
      vertex -351.913 -345.381 129.5
      vertex -353.536 -346.464 129.5
    endloop
  endfacet
  facet normal 0 0 -1
    outer loop
      vertex -400 -300 129.5
      vertex -355 -350 129.5
      vertex -400 -400 129.5
    endloop
  endfacet
  facet normal 0 0 -1
    outer loop
      vertex -355 -350 129.5
      vertex -400 -300 129.5
      vertex -354.619 -348.087 129.5
    endloop
  endfacet
  facet normal 0 0 -1
    outer loop
      vertex -350 -345 129.5
      vertex -400 -300 129.5
      vertex -300 -300 129.5
    endloop
  endfacet
  facet normal 0 0 -1
    outer loop
      vertex -354.619 -348.087 129.5
      vertex -400 -300 129.5
      vertex -353.536 -346.464 129.5
    endloop
  endfacet
  facet normal 0 1 0
    outer loop
      vertex -300 -300 130.5
      vertex -380 -300 130
      vertex -380 -300 130.5
    endloop
  endfacet
  facet normal 0 1 -0
    outer loop
      vertex -300 -300 129.5
      vertex -380 -300 130
      vertex -300 -300 130.5
    endloop
  endfacet
  facet normal 0 1 0
    outer loop
      vertex -400 -300 129.5
      vertex -380 -300 130
      vertex -300 -300 129.5
    endloop
  endfacet
  facet normal 0 1 0
    outer loop
      vertex -380 -300 130
      vertex -400 -300 129.5
      vertex -400 -300 130
    endloop
  endfacet
  facet normal 0 -1 0
    outer loop
      vertex -138.7 -250 170
      vertex -250 -250 183
      vertex -250 -250 170
    endloop
  endfacet
  facet normal 0 -1 0
    outer loop
      vertex -118.7 -250 170
      vertex -250 -250 183
      vertex -138.7 -250 170
    endloop
  endfacet
  facet normal 0 -1 0
    outer loop
      vertex -250 -250 183
      vertex -118.7 -250 170
      vertex 250 -250 183
    endloop
  endfacet
  facet normal 0 -1 0
    outer loop
      vertex 118.7 -250 170
      vertex 250 -250 183
      vertex -118.7 -250 170
    endloop
  endfacet
  facet normal 0 -1 0
    outer loop
      vertex 138.7 -250 170
      vertex 250 -250 183
      vertex 118.7 -250 170
    endloop
  endfacet
  facet normal 0 -1 -0
    outer loop
      vertex 250 -250 183
      vertex 138.7 -250 170
      vertex 250 -250 170
    endloop
  endfacet
  facet normal 0 0 1
    outer loop
      vertex 237.5 5 183
      vertex 250 250 183
      vertex 237.5 235 183
    endloop
  endfacet
  facet normal 0 0 1
    outer loop
      vertex 250 250 183
      vertex 62.5 235 183
      vertex 237.5 235 183
    endloop
  endfacet
  facet normal 0 0 1
    outer loop
      vertex -250 250 183
      vertex 62.5 5 183
      vertex 62.5 235 183
    endloop
  endfacet
  facet normal 0 0 1
    outer loop
      vertex 62.5 5 183
      vertex -97 -107 183
      vertex -43 -107 183
    endloop
  endfacet
  facet normal 0 0 1
    outer loop
      vertex -97 -107 183
      vertex -123 -107 183
      vertex -97 -193 183
    endloop
  endfacet
  facet normal 0 -0 1
    outer loop
      vertex -123 -107 183
      vertex 62.5 5 183
      vertex -250 250 183
    endloop
  endfacet
  facet normal 0 0 1
    outer loop
      vertex 62.5 5 183
      vertex -123 -107 183
      vertex -97 -107 183
    endloop
  endfacet
  facet normal 0 0 1
    outer loop
      vertex -250 -250 183
      vertex -177 -107 183
      vertex -250 250 183
    endloop
  endfacet
  facet normal 0 0 1
    outer loop
      vertex -123 -107 183
      vertex -250 250 183
      vertex -177 -107 183
    endloop
  endfacet
  facet normal -0 0 1
    outer loop
      vertex -250 250 183
      vertex 62.5 235 183
      vertex 250 250 183
    endloop
  endfacet
  facet normal 0 0 1
    outer loop
      vertex 250 250 183
      vertex 237.5 5 183
      vertex 250 -250 183
    endloop
  endfacet
  facet normal -0 0 1
    outer loop
      vertex 62.5 5 183
      vertex 250 -250 183
      vertex 237.5 5 183
    endloop
  endfacet
  facet normal 0 0 1
    outer loop
      vertex -43 -193 183
      vertex 62.5 5 183
      vertex -43 -107 183
    endloop
  endfacet
  facet normal 0 0 1
    outer loop
      vertex 62.5 5 183
      vertex -43 -193 183
      vertex 250 -250 183
    endloop
  endfacet
  facet normal 0 0 1
    outer loop
      vertex -250 -250 183
      vertex -43 -193 183
      vertex -97 -193 183
    endloop
  endfacet
  facet normal 0 0 1
    outer loop
      vertex -123 -193 183
      vertex -97 -193 183
      vertex -123 -107 183
    endloop
  endfacet
  facet normal 0 0 1
    outer loop
      vertex -250 -250 183
      vertex -97 -193 183
      vertex -123 -193 183
    endloop
  endfacet
  facet normal 0 0 1
    outer loop
      vertex -250 -250 183
      vertex -123 -193 183
      vertex -177 -193 183
    endloop
  endfacet
  facet normal 0 0 1
    outer loop
      vertex -43 -193 183
      vertex -250 -250 183
      vertex 250 -250 183
    endloop
  endfacet
  facet normal 0 0 1
    outer loop
      vertex -177 -107 183
      vertex -250 -250 183
      vertex -177 -193 183
    endloop
  endfacet
  facet normal 0 1 0
    outer loop
      vertex 138.7 250 170
      vertex 250 250 183
      vertex 250 250 170
    endloop
  endfacet
  facet normal 0 1 0
    outer loop
      vertex 118.7 250 170
      vertex 250 250 183
      vertex 138.7 250 170
    endloop
  endfacet
  facet normal 0 1 0
    outer loop
      vertex 250 250 183
      vertex 118.7 250 170
      vertex -250 250 183
    endloop
  endfacet
  facet normal 0 1 -0
    outer loop
      vertex -118.7 250 170
      vertex -250 250 183
      vertex 118.7 250 170
    endloop
  endfacet
  facet normal 0 1 -0
    outer loop
      vertex -138.7 250 170
      vertex -250 250 183
      vertex -118.7 250 170
    endloop
  endfacet
  facet normal 0 1 0
    outer loop
      vertex -250 250 183
      vertex -138.7 250 170
      vertex -250 250 170
    endloop
  endfacet
  facet normal -1 0 0
    outer loop
      vertex -250 -100 170
      vertex -250 -250 170
      vertex -250 -100 181
    endloop
  endfacet
  facet normal -1 0 0
    outer loop
      vertex -250 100 181
      vertex -250 250 170
      vertex -250 100 170
    endloop
  endfacet
  facet normal -1 0 0
    outer loop
      vertex -250 250 170
      vertex -250 100 181
      vertex -250 250 183
    endloop
  endfacet
  facet normal -1 0 0
    outer loop
      vertex -250 -100 181
      vertex -250 250 183
      vertex -250 100 181
    endloop
  endfacet
  facet normal -1 0 0
    outer loop
      vertex -250 -100 181
      vertex -250 -250 183
      vertex -250 250 183
    endloop
  endfacet
  facet normal -1 0 0
    outer loop
      vertex -250 -250 183
      vertex -250 -100 181
      vertex -250 -250 170
    endloop
  endfacet
  facet normal 1 0 0
    outer loop
      vertex 250 250 183
      vertex 250 100 181
      vertex 250 250 170
    endloop
  endfacet
  facet normal 1 0 0
    outer loop
      vertex 250 250 183
      vertex 250 -100 181
      vertex 250 100 181
    endloop
  endfacet
  facet normal 1 -0 0
    outer loop
      vertex 250 -250 183
      vertex 250 -100 181
      vertex 250 250 183
    endloop
  endfacet
  facet normal 1 0 0
    outer loop
      vertex 250 -250 170
      vertex 250 -100 181
      vertex 250 -250 183
    endloop
  endfacet
  facet normal 1 0 0
    outer loop
      vertex 250 -100 181
      vertex 250 -250 170
      vertex 250 -100 170
    endloop
  endfacet
  facet normal 1 0 0
    outer loop
      vertex 250 250 170
      vertex 250 100 181
      vertex 250 100 170
    endloop
  endfacet
  facet normal 0 1 0
    outer loop
      vertex 138.7 -100 170
      vertex 250 -100 181
      vertex 250 -100 170
    endloop
  endfacet
  facet normal 0 1 0
    outer loop
      vertex 118.7 -100 170
      vertex 250 -100 181
      vertex 138.7 -100 170
    endloop
  endfacet
  facet normal 0 1 0
    outer loop
      vertex 250 -100 181
      vertex 118.7 -100 170
      vertex -250 -100 181
    endloop
  endfacet
  facet normal 0 1 -0
    outer loop
      vertex -118.7 -100 170
      vertex -250 -100 181
      vertex 118.7 -100 170
    endloop
  endfacet
  facet normal 0 1 -0
    outer loop
      vertex -138.7 -100 170
      vertex -250 -100 181
      vertex -118.7 -100 170
    endloop
  endfacet
  facet normal 0 1 0
    outer loop
      vertex -250 -100 181
      vertex -138.7 -100 170
      vertex -250 -100 170
    endloop
  endfacet
  facet normal 0 0 -1
    outer loop
      vertex -250 -100 181
      vertex 250 100 181
      vertex 250 -100 181
    endloop
  endfacet
  facet normal -0 0 -1
    outer loop
      vertex 250 100 181
      vertex -250 -100 181
      vertex -250 100 181
    endloop
  endfacet
  facet normal 0 -1 0
    outer loop
      vertex -138.7 100 170
      vertex -250 100 181
      vertex -250 100 170
    endloop
  endfacet
  facet normal 0 -1 0
    outer loop
      vertex -118.7 100 170
      vertex -250 100 181
      vertex -138.7 100 170
    endloop
  endfacet
  facet normal 0 -1 0
    outer loop
      vertex -250 100 181
      vertex -118.7 100 170
      vertex 250 100 181
    endloop
  endfacet
  facet normal 0 -1 0
    outer loop
      vertex 118.7 100 170
      vertex 250 100 181
      vertex -118.7 100 170
    endloop
  endfacet
  facet normal 0 -1 0
    outer loop
      vertex 138.7 100 170
      vertex 250 100 181
      vertex 118.7 100 170
    endloop
  endfacet
  facet normal 0 -1 -0
    outer loop
      vertex 250 100 181
      vertex 138.7 100 170
      vertex 250 100 170
    endloop
  endfacet
  facet normal 0 -1 0
    outer loop
      vertex 62.5 5 183
      vertex 237.5 5 408
      vertex 62.5 5 408
    endloop
  endfacet
  facet normal 0 -1 -0
    outer loop
      vertex 237.5 5 408
      vertex 62.5 5 183
      vertex 237.5 5 183
    endloop
  endfacet
  facet normal -0 0 1
    outer loop
      vertex 62.5 235 408
      vertex 237.5 5 408
      vertex 237.5 235 408
    endloop
  endfacet
  facet normal 0 0 1
    outer loop
      vertex 237.5 5 408
      vertex 62.5 235 408
      vertex 62.5 5 408
    endloop
  endfacet
  facet normal 0 1 -0
    outer loop
      vertex 237.5 235 183
      vertex 62.5 235 408
      vertex 237.5 235 408
    endloop
  endfacet
  facet normal 0 1 0
    outer loop
      vertex 62.5 235 408
      vertex 237.5 235 183
      vertex 62.5 235 183
    endloop
  endfacet
  facet normal -1 0 0
    outer loop
      vertex 62.5 5 183
      vertex 62.5 235 408
      vertex 62.5 235 183
    endloop
  endfacet
  facet normal -1 -0 0
    outer loop
      vertex 62.5 235 408
      vertex 62.5 5 183
      vertex 62.5 5 408
    endloop
  endfacet
  facet normal 1 -0 0
    outer loop
      vertex 237.5 5 408
      vertex 237.5 235 183
      vertex 237.5 235 408
    endloop
  endfacet
  facet normal 1 0 0
    outer loop
      vertex 237.5 235 183
      vertex 237.5 5 408
      vertex 237.5 5 183
    endloop
  endfacet
  facet normal 0 -1 0
    outer loop
      vertex -177 -193 183
      vertex -123 -193 200
      vertex -177 -193 200
    endloop
  endfacet
  facet normal 0 -1 -0
    outer loop
      vertex -123 -193 200
      vertex -177 -193 183
      vertex -123 -193 183
    endloop
  endfacet
  facet normal -0 0 1
    outer loop
      vertex -177 -107 200
      vertex -123 -193 200
      vertex -123 -107 200
    endloop
  endfacet
  facet normal 0 0 1
    outer loop
      vertex -123 -193 200
      vertex -177 -107 200
      vertex -177 -193 200
    endloop
  endfacet
  facet normal 0 1 -0
    outer loop
      vertex -123 -107 183
      vertex -177 -107 200
      vertex -123 -107 200
    endloop
  endfacet
  facet normal 0 1 0
    outer loop
      vertex -177 -107 200
      vertex -123 -107 183
      vertex -177 -107 183
    endloop
  endfacet
  facet normal -1 0 0
    outer loop
      vertex -177 -193 183
      vertex -177 -107 200
      vertex -177 -107 183
    endloop
  endfacet
  facet normal -1 -0 0
    outer loop
      vertex -177 -107 200
      vertex -177 -193 183
      vertex -177 -193 200
    endloop
  endfacet
  facet normal 1 -0 0
    outer loop
      vertex -123 -193 200
      vertex -123 -107 183
      vertex -123 -107 200
    endloop
  endfacet
  facet normal 1 0 0
    outer loop
      vertex -123 -107 183
      vertex -123 -193 200
      vertex -123 -193 183
    endloop
  endfacet
  facet normal 0 -1 0
    outer loop
      vertex -97 -193 183
      vertex -43 -193 200
      vertex -97 -193 200
    endloop
  endfacet
  facet normal 0 -1 -0
    outer loop
      vertex -43 -193 200
      vertex -97 -193 183
      vertex -43 -193 183
    endloop
  endfacet
  facet normal -0 0 1
    outer loop
      vertex -97 -107 200
      vertex -43 -193 200
      vertex -43 -107 200
    endloop
  endfacet
  facet normal 0 0 1
    outer loop
      vertex -43 -193 200
      vertex -97 -107 200
      vertex -97 -193 200
    endloop
  endfacet
  facet normal 0 1 -0
    outer loop
      vertex -43 -107 183
      vertex -97 -107 200
      vertex -43 -107 200
    endloop
  endfacet
  facet normal 0 1 0
    outer loop
      vertex -97 -107 200
      vertex -43 -107 183
      vertex -97 -107 183
    endloop
  endfacet
  facet normal -1 0 0
    outer loop
      vertex -97 -193 183
      vertex -97 -107 200
      vertex -97 -107 183
    endloop
  endfacet
  facet normal -1 -0 0
    outer loop
      vertex -97 -107 200
      vertex -97 -193 183
      vertex -97 -193 200
    endloop
  endfacet
  facet normal 1 -0 0
    outer loop
      vertex -43 -193 200
      vertex -43 -107 183
      vertex -43 -107 200
    endloop
  endfacet
  facet normal 1 0 0
    outer loop
      vertex -43 -107 183
      vertex -43 -193 200
      vertex -43 -193 183
    endloop
  endfacet
endsolid OpenSCAD_Model
