solid OpenSCAD_Model
  facet normal -0.98769 0 0.156426
    outer loop
      vertex -59.6713 -400 6.27171
      vertex -58.6889 -360 12.4747
      vertex -59.6713 -360 6.27171
    endloop
  endfacet
  facet normal -0.98769 0 0.156426
    outer loop
      vertex -58.6889 -360 12.4747
      vertex -59.6713 -400 6.27171
      vertex -58.6889 -400 12.4747
    endloop
  endfacet
  facet normal -0.98769 0 -0.156426
    outer loop
      vertex -58.6889 -400 -12.4747
      vertex -59.6713 -360 -6.27171
      vertex -58.6889 -360 -12.4747
    endloop
  endfacet
  facet normal -0.98769 -0 -0.156426
    outer loop
      vertex -59.6713 -360 -6.27171
      vertex -58.6889 -400 -12.4747
      vertex -59.6713 -400 -6.27171
    endloop
  endfacet
  facet normal -0.998629 0 -0.0523381
    outer loop
      vertex -59.6713 -400 -6.27171
      vertex -60 -360 0
      vertex -59.6713 -360 -6.27171
    endloop
  endfacet
  facet normal -0.998629 -0 -0.0523381
    outer loop
      vertex -60 -360 0
      vertex -59.6713 -400 -6.27171
      vertex -60 -400 0
    endloop
  endfacet
  facet normal -0.965924 0 -0.258825
    outer loop
      vertex -57.0634 -400 -18.541
      vertex -58.6889 -360 -12.4747
      vertex -57.0634 -360 -18.541
    endloop
  endfacet
  facet normal -0.965924 -0 -0.258825
    outer loop
      vertex -58.6889 -360 -12.4747
      vertex -57.0634 -400 -18.541
      vertex -58.6889 -400 -12.4747
    endloop
  endfacet
  facet normal -0.83867 0 -0.54464
    outer loop
      vertex -48.541 -400 -35.2671
      vertex -51.9615 -360 -30
      vertex -48.541 -360 -35.2671
    endloop
  endfacet
  facet normal -0.83867 -0 -0.54464
    outer loop
      vertex -51.9615 -360 -30
      vertex -48.541 -400 -35.2671
      vertex -51.9615 -400 -30
    endloop
  endfacet
  facet normal -0.933579 0 -0.358372
    outer loop
      vertex -54.8127 -400 -24.4042
      vertex -57.0634 -360 -18.541
      vertex -54.8127 -360 -24.4042
    endloop
  endfacet
  facet normal -0.933579 -0 -0.358372
    outer loop
      vertex -57.0634 -360 -18.541
      vertex -54.8127 -400 -24.4042
      vertex -57.0634 -400 -18.541
    endloop
  endfacet
  facet normal 0.156426 0 -0.98769
    outer loop
      vertex 6.27171 -400 -59.6713
      vertex 12.4747 -360 -58.6889
      vertex 12.4747 -400 -58.6889
    endloop
  endfacet
  facet normal 0.156426 0 -0.98769
    outer loop
      vertex 12.4747 -360 -58.6889
      vertex 6.27171 -400 -59.6713
      vertex 6.27171 -360 -59.6713
    endloop
  endfacet
  facet normal 0.965924 -0 0.258825
    outer loop
      vertex 57.0634 -400 18.541
      vertex 58.6889 -360 12.4747
      vertex 57.0634 -360 18.541
    endloop
  endfacet
  facet normal 0.965924 0 0.258825
    outer loop
      vertex 58.6889 -360 12.4747
      vertex 57.0634 -400 18.541
      vertex 58.6889 -400 12.4747
    endloop
  endfacet
  facet normal 0.45399 0 0.891007
    outer loop
      vertex 24.4042 -360 54.8127
      vertex 30 -400 51.9615
      vertex 30 -360 51.9615
    endloop
  endfacet
  facet normal 0.45399 0 0.891007
    outer loop
      vertex 30 -400 51.9615
      vertex 24.4042 -360 54.8127
      vertex 24.4042 -400 54.8127
    endloop
  endfacet
  facet normal -0.998629 0 0.0523381
    outer loop
      vertex -60 -400 0
      vertex -59.6713 -360 6.27171
      vertex -60 -360 0
    endloop
  endfacet
  facet normal -0.998629 0 0.0523381
    outer loop
      vertex -59.6713 -360 6.27171
      vertex -60 -400 0
      vertex -59.6713 -400 6.27171
    endloop
  endfacet
  facet normal -0.258825 0 0.965924
    outer loop
      vertex -18.541 -360 57.0634
      vertex -12.4747 -400 58.6889
      vertex -12.4747 -360 58.6889
    endloop
  endfacet
  facet normal -0.258825 0 0.965924
    outer loop
      vertex -12.4747 -400 58.6889
      vertex -18.541 -360 57.0634
      vertex -18.541 -400 57.0634
    endloop
  endfacet
  facet normal 0.629319 0 0.777147
    outer loop
      vertex 35.2671 -360 48.541
      vertex 40.1478 -400 44.5887
      vertex 40.1478 -360 44.5887
    endloop
  endfacet
  facet normal 0.629319 0 0.777147
    outer loop
      vertex 40.1478 -400 44.5887
      vertex 35.2671 -360 48.541
      vertex 35.2671 -400 48.541
    endloop
  endfacet
  facet normal 0.707107 -0 0.707107
    outer loop
      vertex 40.1478 -400 44.5887
      vertex 44.5887 -360 40.1478
      vertex 40.1478 -360 44.5887
    endloop
  endfacet
  facet normal 0.707107 0 0.707107
    outer loop
      vertex 44.5887 -360 40.1478
      vertex 40.1478 -400 44.5887
      vertex 44.5887 -400 40.1478
    endloop
  endfacet
  facet normal 0.965924 0 -0.258825
    outer loop
      vertex 58.6889 -400 -12.4747
      vertex 57.0634 -360 -18.541
      vertex 58.6889 -360 -12.4747
    endloop
  endfacet
  facet normal 0.965924 0 -0.258825
    outer loop
      vertex 57.0634 -360 -18.541
      vertex 58.6889 -400 -12.4747
      vertex 57.0634 -400 -18.541
    endloop
  endfacet
  facet normal 0.54464 0 0.83867
    outer loop
      vertex 30 -360 51.9615
      vertex 35.2671 -400 48.541
      vertex 35.2671 -360 48.541
    endloop
  endfacet
  facet normal 0.54464 0 0.83867
    outer loop
      vertex 35.2671 -400 48.541
      vertex 30 -360 51.9615
      vertex 30 -400 51.9615
    endloop
  endfacet
  facet normal -0.156426 0 -0.98769
    outer loop
      vertex -12.4747 -400 -58.6889
      vertex -6.27171 -360 -59.6713
      vertex -6.27171 -400 -59.6713
    endloop
  endfacet
  facet normal -0.156426 0 -0.98769
    outer loop
      vertex -6.27171 -360 -59.6713
      vertex -12.4747 -400 -58.6889
      vertex -12.4747 -360 -58.6889
    endloop
  endfacet
  facet normal -0.54464 0 -0.83867
    outer loop
      vertex -35.2671 -400 -48.541
      vertex -30 -360 -51.9615
      vertex -30 -400 -51.9615
    endloop
  endfacet
  facet normal -0.54464 0 -0.83867
    outer loop
      vertex -30 -360 -51.9615
      vertex -35.2671 -400 -48.541
      vertex -35.2671 -360 -48.541
    endloop
  endfacet
  facet normal -0.358372 0 0.933579
    outer loop
      vertex -24.4042 -360 54.8127
      vertex -18.541 -400 57.0634
      vertex -18.541 -360 57.0634
    endloop
  endfacet
  facet normal -0.358372 0 0.933579
    outer loop
      vertex -18.541 -400 57.0634
      vertex -24.4042 -360 54.8127
      vertex -24.4042 -400 54.8127
    endloop
  endfacet
  facet normal 0.258825 0 -0.965924
    outer loop
      vertex 12.4747 -400 -58.6889
      vertex 18.541 -360 -57.0634
      vertex 18.541 -400 -57.0634
    endloop
  endfacet
  facet normal 0.258825 0 -0.965924
    outer loop
      vertex 18.541 -360 -57.0634
      vertex 12.4747 -400 -58.6889
      vertex 12.4747 -360 -58.6889
    endloop
  endfacet
  facet normal -0.0523381 0 -0.998629
    outer loop
      vertex -6.27171 -400 -59.6713
      vertex 0 -360 -60
      vertex 0 -400 -60
    endloop
  endfacet
  facet normal -0.0523381 0 -0.998629
    outer loop
      vertex 0 -360 -60
      vertex -6.27171 -400 -59.6713
      vertex -6.27171 -360 -59.6713
    endloop
  endfacet
  facet normal -0.358372 0 -0.933579
    outer loop
      vertex -24.4042 -400 -54.8127
      vertex -18.541 -360 -57.0634
      vertex -18.541 -400 -57.0634
    endloop
  endfacet
  facet normal -0.358372 0 -0.933579
    outer loop
      vertex -18.541 -360 -57.0634
      vertex -24.4042 -400 -54.8127
      vertex -24.4042 -360 -54.8127
    endloop
  endfacet
  facet normal -0.965924 0 0.258825
    outer loop
      vertex -58.6889 -400 12.4747
      vertex -57.0634 -360 18.541
      vertex -58.6889 -360 12.4747
    endloop
  endfacet
  facet normal -0.965924 0 0.258825
    outer loop
      vertex -57.0634 -360 18.541
      vertex -58.6889 -400 12.4747
      vertex -57.0634 -400 18.541
    endloop
  endfacet
  facet normal -0.45399 0 -0.891007
    outer loop
      vertex -30 -400 -51.9615
      vertex -24.4042 -360 -54.8127
      vertex -24.4042 -400 -54.8127
    endloop
  endfacet
  facet normal -0.45399 0 -0.891007
    outer loop
      vertex -24.4042 -360 -54.8127
      vertex -30 -400 -51.9615
      vertex -30 -360 -51.9615
    endloop
  endfacet
  facet normal 0.45399 0 -0.891007
    outer loop
      vertex 24.4042 -400 -54.8127
      vertex 30 -360 -51.9615
      vertex 30 -400 -51.9615
    endloop
  endfacet
  facet normal 0.45399 0 -0.891007
    outer loop
      vertex 30 -360 -51.9615
      vertex 24.4042 -400 -54.8127
      vertex 24.4042 -360 -54.8127
    endloop
  endfacet
  facet normal -0.156426 0 0.98769
    outer loop
      vertex -12.4747 -360 58.6889
      vertex -6.27171 -400 59.6713
      vertex -6.27171 -360 59.6713
    endloop
  endfacet
  facet normal -0.156426 0 0.98769
    outer loop
      vertex -6.27171 -400 59.6713
      vertex -12.4747 -360 58.6889
      vertex -12.4747 -400 58.6889
    endloop
  endfacet
  facet normal 0.258825 0 0.965924
    outer loop
      vertex 12.4747 -360 58.6889
      vertex 18.541 -400 57.0634
      vertex 18.541 -360 57.0634
    endloop
  endfacet
  facet normal 0.258825 0 0.965924
    outer loop
      vertex 18.541 -400 57.0634
      vertex 12.4747 -360 58.6889
      vertex 12.4747 -400 58.6889
    endloop
  endfacet
  facet normal -0.777147 0 0.629319
    outer loop
      vertex -48.541 -400 35.2671
      vertex -44.5887 -360 40.1478
      vertex -48.541 -360 35.2671
    endloop
  endfacet
  facet normal -0.777147 0 0.629319
    outer loop
      vertex -44.5887 -360 40.1478
      vertex -48.541 -400 35.2671
      vertex -44.5887 -400 40.1478
    endloop
  endfacet
  facet normal -0.629319 0 -0.777147
    outer loop
      vertex -40.1478 -400 -44.5887
      vertex -35.2671 -360 -48.541
      vertex -35.2671 -400 -48.541
    endloop
  endfacet
  facet normal -0.629319 0 -0.777147
    outer loop
      vertex -35.2671 -360 -48.541
      vertex -40.1478 -400 -44.5887
      vertex -40.1478 -360 -44.5887
    endloop
  endfacet
  facet normal -0.891007 0 0.45399
    outer loop
      vertex -54.8127 -400 24.4042
      vertex -51.9615 -360 30
      vertex -54.8127 -360 24.4042
    endloop
  endfacet
  facet normal -0.891007 0 0.45399
    outer loop
      vertex -51.9615 -360 30
      vertex -54.8127 -400 24.4042
      vertex -51.9615 -400 30
    endloop
  endfacet
  facet normal 0.707107 0 -0.707107
    outer loop
      vertex 44.5887 -400 -40.1478
      vertex 40.1478 -360 -44.5887
      vertex 44.5887 -360 -40.1478
    endloop
  endfacet
  facet normal 0.707107 0 -0.707107
    outer loop
      vertex 40.1478 -360 -44.5887
      vertex 44.5887 -400 -40.1478
      vertex 40.1478 -400 -44.5887
    endloop
  endfacet
  facet normal -0.0523381 0 0.998629
    outer loop
      vertex -6.27171 -360 59.6713
      vertex 0 -400 60
      vertex 0 -360 60
    endloop
  endfacet
  facet normal -0.0523381 0 0.998629
    outer loop
      vertex 0 -400 60
      vertex -6.27171 -360 59.6713
      vertex -6.27171 -400 59.6713
    endloop
  endfacet
  facet normal 0.358372 0 -0.933579
    outer loop
      vertex 18.541 -400 -57.0634
      vertex 24.4042 -360 -54.8127
      vertex 24.4042 -400 -54.8127
    endloop
  endfacet
  facet normal 0.358372 0 -0.933579
    outer loop
      vertex 24.4042 -360 -54.8127
      vertex 18.541 -400 -57.0634
      vertex 18.541 -360 -57.0634
    endloop
  endfacet
  facet normal 0.0523381 0 -0.998629
    outer loop
      vertex 0 -400 -60
      vertex 6.27171 -360 -59.6713
      vertex 6.27171 -400 -59.6713
    endloop
  endfacet
  facet normal 0.0523381 0 -0.998629
    outer loop
      vertex 6.27171 -360 -59.6713
      vertex 0 -400 -60
      vertex 0 -360 -60
    endloop
  endfacet
  facet normal -0.45399 0 0.891007
    outer loop
      vertex -30 -360 51.9615
      vertex -24.4042 -400 54.8127
      vertex -24.4042 -360 54.8127
    endloop
  endfacet
  facet normal -0.45399 0 0.891007
    outer loop
      vertex -24.4042 -400 54.8127
      vertex -30 -360 51.9615
      vertex -30 -400 51.9615
    endloop
  endfacet
  facet normal 0.933579 0 -0.358372
    outer loop
      vertex 57.0634 -400 -18.541
      vertex 54.8127 -360 -24.4042
      vertex 57.0634 -360 -18.541
    endloop
  endfacet
  facet normal 0.933579 0 -0.358372
    outer loop
      vertex 54.8127 -360 -24.4042
      vertex 57.0634 -400 -18.541
      vertex 54.8127 -400 -24.4042
    endloop
  endfacet
  facet normal 0.891007 0 -0.45399
    outer loop
      vertex 54.8127 -400 -24.4042
      vertex 51.9615 -360 -30
      vertex 54.8127 -360 -24.4042
    endloop
  endfacet
  facet normal 0.891007 0 -0.45399
    outer loop
      vertex 51.9615 -360 -30
      vertex 54.8127 -400 -24.4042
      vertex 51.9615 -400 -30
    endloop
  endfacet
  facet normal -0.777147 0 -0.629319
    outer loop
      vertex -44.5887 -400 -40.1478
      vertex -48.541 -360 -35.2671
      vertex -44.5887 -360 -40.1478
    endloop
  endfacet
  facet normal -0.777147 -0 -0.629319
    outer loop
      vertex -48.541 -360 -35.2671
      vertex -44.5887 -400 -40.1478
      vertex -48.541 -400 -35.2671
    endloop
  endfacet
  facet normal -0.258825 0 -0.965924
    outer loop
      vertex -18.541 -400 -57.0634
      vertex -12.4747 -360 -58.6889
      vertex -12.4747 -400 -58.6889
    endloop
  endfacet
  facet normal -0.258825 0 -0.965924
    outer loop
      vertex -12.4747 -360 -58.6889
      vertex -18.541 -400 -57.0634
      vertex -18.541 -360 -57.0634
    endloop
  endfacet
  facet normal -0.83867 0 0.54464
    outer loop
      vertex -51.9615 -400 30
      vertex -48.541 -360 35.2671
      vertex -51.9615 -360 30
    endloop
  endfacet
  facet normal -0.83867 0 0.54464
    outer loop
      vertex -48.541 -360 35.2671
      vertex -51.9615 -400 30
      vertex -48.541 -400 35.2671
    endloop
  endfacet
  facet normal 0.998629 -0 0.0523381
    outer loop
      vertex 59.6713 -400 6.27171
      vertex 60 -360 0
      vertex 59.6713 -360 6.27171
    endloop
  endfacet
  facet normal 0.998629 0 0.0523381
    outer loop
      vertex 60 -360 0
      vertex 59.6713 -400 6.27171
      vertex 60 -400 0
    endloop
  endfacet
  facet normal 0 1 0
    outer loop
      vertex 0 -360 10.5
      vertex 0 -360 60
      vertex 6.27171 -360 59.6713
    endloop
  endfacet
  facet normal 0 1 0
    outer loop
      vertex 1.09755 -360 10.4425
      vertex 6.27171 -360 59.6713
      vertex 12.4747 -360 58.6889
    endloop
  endfacet
  facet normal 0 1 0
    outer loop
      vertex 0 -360 60
      vertex 0 -360 10.5
      vertex -6.27171 -360 59.6713
    endloop
  endfacet
  facet normal 0 1 0
    outer loop
      vertex 2.18307 -360 10.2705
      vertex 12.4747 -360 58.6889
      vertex 18.541 -360 57.0634
    endloop
  endfacet
  facet normal 0 1 -0
    outer loop
      vertex -1.09755 -360 10.4425
      vertex -6.27171 -360 59.6713
      vertex 0 -360 10.5
    endloop
  endfacet
  facet normal 0 1 0
    outer loop
      vertex 3.24468 -360 9.98609
      vertex 18.541 -360 57.0634
      vertex 24.4042 -360 54.8127
    endloop
  endfacet
  facet normal 0 1 0
    outer loop
      vertex -6.27171 -360 59.6713
      vertex -1.09755 -360 10.4425
      vertex -12.4747 -360 58.6889
    endloop
  endfacet
  facet normal 0 1 0
    outer loop
      vertex 4.27073 -360 9.59223
      vertex 24.4042 -360 54.8127
      vertex 30 -360 51.9615
    endloop
  endfacet
  facet normal 0 1 -0
    outer loop
      vertex -2.18307 -360 10.2705
      vertex -12.4747 -360 58.6889
      vertex -1.09755 -360 10.4425
    endloop
  endfacet
  facet normal 0 1 0
    outer loop
      vertex 5.25 -360 9.09327
      vertex 30 -360 51.9615
      vertex 35.2671 -360 48.541
    endloop
  endfacet
  facet normal 0 1 0
    outer loop
      vertex -12.4747 -360 58.6889
      vertex -2.18307 -360 10.2705
      vertex -18.541 -360 57.0634
    endloop
  endfacet
  facet normal 0 1 0
    outer loop
      vertex 6.17174 -360 8.49468
      vertex 35.2671 -360 48.541
      vertex 40.1478 -360 44.5887
    endloop
  endfacet
  facet normal 0 1 -0
    outer loop
      vertex -3.24468 -360 9.98609
      vertex -18.541 -360 57.0634
      vertex -2.18307 -360 10.2705
    endloop
  endfacet
  facet normal 0 1 0
    outer loop
      vertex 7.02587 -360 7.80302
      vertex 40.1478 -360 44.5887
      vertex 44.5887 -360 40.1478
    endloop
  endfacet
  facet normal 0 1 0
    outer loop
      vertex -18.541 -360 57.0634
      vertex -3.24468 -360 9.98609
      vertex -24.4042 -360 54.8127
    endloop
  endfacet
  facet normal 0 1 0
    outer loop
      vertex 7.80302 -360 7.02587
      vertex 44.5887 -360 40.1478
      vertex 48.541 -360 35.2671
    endloop
  endfacet
  facet normal 0 1 -0
    outer loop
      vertex -4.27073 -360 9.59223
      vertex -24.4042 -360 54.8127
      vertex -3.24468 -360 9.98609
    endloop
  endfacet
  facet normal 0 1 0
    outer loop
      vertex 8.49468 -360 6.17174
      vertex 48.541 -360 35.2671
      vertex 51.9615 -360 30
    endloop
  endfacet
  facet normal 0 1 0
    outer loop
      vertex -24.4042 -360 54.8127
      vertex -4.27073 -360 9.59223
      vertex -30 -360 51.9615
    endloop
  endfacet
  facet normal 0 1 0
    outer loop
      vertex 9.09327 -360 5.25
      vertex 51.9615 -360 30
      vertex 54.8127 -360 24.4042
    endloop
  endfacet
  facet normal 0 1 -0
    outer loop
      vertex -5.25 -360 9.09327
      vertex -30 -360 51.9615
      vertex -4.27073 -360 9.59223
    endloop
  endfacet
  facet normal 0 1 0
    outer loop
      vertex 9.59223 -360 4.27073
      vertex 54.8127 -360 24.4042
      vertex 57.0634 -360 18.541
    endloop
  endfacet
  facet normal 0 1 0
    outer loop
      vertex -30 -360 51.9615
      vertex -5.25 -360 9.09327
      vertex -35.2671 -360 48.541
    endloop
  endfacet
  facet normal 0 1 0
    outer loop
      vertex 9.98609 -360 3.24468
      vertex 57.0634 -360 18.541
      vertex 58.6889 -360 12.4747
    endloop
  endfacet
  facet normal 0 1 -0
    outer loop
      vertex -6.17174 -360 8.49468
      vertex -35.2671 -360 48.541
      vertex -5.25 -360 9.09327
    endloop
  endfacet
  facet normal 0 1 0
    outer loop
      vertex -35.2671 -360 48.541
      vertex -6.17174 -360 8.49468
      vertex -40.1478 -360 44.5887
    endloop
  endfacet
  facet normal 0 1 0
    outer loop
      vertex 6.27171 -360 59.6713
      vertex 1.09755 -360 10.4425
      vertex 0 -360 10.5
    endloop
  endfacet
  facet normal 0 1 0
    outer loop
      vertex 12.4747 -360 58.6889
      vertex 2.18307 -360 10.2705
      vertex 1.09755 -360 10.4425
    endloop
  endfacet
  facet normal 0 1 0
    outer loop
      vertex 18.541 -360 57.0634
      vertex 3.24468 -360 9.98609
      vertex 2.18307 -360 10.2705
    endloop
  endfacet
  facet normal 0 1 0
    outer loop
      vertex 24.4042 -360 54.8127
      vertex 4.27073 -360 9.59223
      vertex 3.24468 -360 9.98609
    endloop
  endfacet
  facet normal 0 1 0
    outer loop
      vertex 30 -360 51.9615
      vertex 5.25 -360 9.09327
      vertex 4.27073 -360 9.59223
    endloop
  endfacet
  facet normal 0 1 0
    outer loop
      vertex 35.2671 -360 48.541
      vertex 6.17174 -360 8.49468
      vertex 5.25 -360 9.09327
    endloop
  endfacet
  facet normal 0 1 0
    outer loop
      vertex 40.1478 -360 44.5887
      vertex 7.02587 -360 7.80302
      vertex 6.17174 -360 8.49468
    endloop
  endfacet
  facet normal 0 1 0
    outer loop
      vertex 44.5887 -360 40.1478
      vertex 7.80302 -360 7.02587
      vertex 7.02587 -360 7.80302
    endloop
  endfacet
  facet normal 0 1 0
    outer loop
      vertex 10.2705 -360 2.18307
      vertex 58.6889 -360 12.4747
      vertex 59.6713 -360 6.27171
    endloop
  endfacet
  facet normal 0 1 0
    outer loop
      vertex 48.541 -360 35.2671
      vertex 8.49468 -360 6.17174
      vertex 7.80302 -360 7.02587
    endloop
  endfacet
  facet normal 0 1 0
    outer loop
      vertex 51.9615 -360 30
      vertex 9.09327 -360 5.25
      vertex 8.49468 -360 6.17174
    endloop
  endfacet
  facet normal 0 1 0
    outer loop
      vertex 54.8127 -360 24.4042
      vertex 9.59223 -360 4.27073
      vertex 9.09327 -360 5.25
    endloop
  endfacet
  facet normal 0 1 0
    outer loop
      vertex 57.0634 -360 18.541
      vertex 9.98609 -360 3.24468
      vertex 9.59223 -360 4.27073
    endloop
  endfacet
  facet normal 0 1 0
    outer loop
      vertex 58.6889 -360 12.4747
      vertex 10.2705 -360 2.18307
      vertex 9.98609 -360 3.24468
    endloop
  endfacet
  facet normal 0 1 0
    outer loop
      vertex 59.6713 -360 6.27171
      vertex 10.4425 -360 1.09755
      vertex 10.2705 -360 2.18307
    endloop
  endfacet
  facet normal 0 1 0
    outer loop
      vertex 60 -360 0
      vertex 10.4425 -360 1.09755
      vertex 59.6713 -360 6.27171
    endloop
  endfacet
  facet normal 0 1 0
    outer loop
      vertex 60 -360 0
      vertex 10.5 -360 0
      vertex 10.4425 -360 1.09755
    endloop
  endfacet
  facet normal 0 1 0
    outer loop
      vertex 60 -360 0
      vertex 10.4425 -360 -1.09755
      vertex 10.5 -360 0
    endloop
  endfacet
  facet normal 0 1 -0
    outer loop
      vertex 59.6713 -360 -6.27171
      vertex 10.4425 -360 -1.09755
      vertex 60 -360 0
    endloop
  endfacet
  facet normal 0 1 0
    outer loop
      vertex 10.4425 -360 -1.09755
      vertex 59.6713 -360 -6.27171
      vertex 10.2705 -360 -2.18307
    endloop
  endfacet
  facet normal 0 1 -0
    outer loop
      vertex 58.6889 -360 -12.4747
      vertex 10.2705 -360 -2.18307
      vertex 59.6713 -360 -6.27171
    endloop
  endfacet
  facet normal 0 1 0
    outer loop
      vertex 10.2705 -360 -2.18307
      vertex 58.6889 -360 -12.4747
      vertex 9.98609 -360 -3.24468
    endloop
  endfacet
  facet normal 0 1 -0
    outer loop
      vertex 57.0634 -360 -18.541
      vertex 9.98609 -360 -3.24468
      vertex 58.6889 -360 -12.4747
    endloop
  endfacet
  facet normal 0 1 0
    outer loop
      vertex 9.98609 -360 -3.24468
      vertex 57.0634 -360 -18.541
      vertex 9.59223 -360 -4.27073
    endloop
  endfacet
  facet normal 0 1 -0
    outer loop
      vertex 54.8127 -360 -24.4042
      vertex 9.59223 -360 -4.27073
      vertex 57.0634 -360 -18.541
    endloop
  endfacet
  facet normal 0 1 0
    outer loop
      vertex 9.59223 -360 -4.27073
      vertex 54.8127 -360 -24.4042
      vertex 9.09327 -360 -5.25
    endloop
  endfacet
  facet normal 0 1 -0
    outer loop
      vertex 51.9615 -360 -30
      vertex 9.09327 -360 -5.25
      vertex 54.8127 -360 -24.4042
    endloop
  endfacet
  facet normal 0 1 0
    outer loop
      vertex 9.09327 -360 -5.25
      vertex 51.9615 -360 -30
      vertex 8.49468 -360 -6.17174
    endloop
  endfacet
  facet normal 0 1 -0
    outer loop
      vertex 48.541 -360 -35.2671
      vertex 8.49468 -360 -6.17174
      vertex 51.9615 -360 -30
    endloop
  endfacet
  facet normal 0 1 0
    outer loop
      vertex 8.49468 -360 -6.17174
      vertex 48.541 -360 -35.2671
      vertex 7.80302 -360 -7.02587
    endloop
  endfacet
  facet normal 0 1 -0
    outer loop
      vertex 44.5887 -360 -40.1478
      vertex 7.80302 -360 -7.02587
      vertex 48.541 -360 -35.2671
    endloop
  endfacet
  facet normal 0 1 0
    outer loop
      vertex 7.80302 -360 -7.02587
      vertex 44.5887 -360 -40.1478
      vertex 7.02587 -360 -7.80302
    endloop
  endfacet
  facet normal 0 1 0
    outer loop
      vertex 7.02587 -360 -7.80302
      vertex 40.1478 -360 -44.5887
      vertex 6.17174 -360 -8.49468
    endloop
  endfacet
  facet normal 0 1 -0
    outer loop
      vertex 40.1478 -360 -44.5887
      vertex 7.02587 -360 -7.80302
      vertex 44.5887 -360 -40.1478
    endloop
  endfacet
  facet normal 0 1 -0
    outer loop
      vertex -7.02587 -360 7.80302
      vertex -40.1478 -360 44.5887
      vertex -6.17174 -360 8.49468
    endloop
  endfacet
  facet normal 0 1 0
    outer loop
      vertex -40.1478 -360 44.5887
      vertex -7.02587 -360 7.80302
      vertex -44.5887 -360 40.1478
    endloop
  endfacet
  facet normal 0 1 -0
    outer loop
      vertex -7.80302 -360 7.02587
      vertex -44.5887 -360 40.1478
      vertex -7.02587 -360 7.80302
    endloop
  endfacet
  facet normal 0 1 0
    outer loop
      vertex -44.5887 -360 40.1478
      vertex -7.80302 -360 7.02587
      vertex -48.541 -360 35.2671
    endloop
  endfacet
  facet normal 0 1 -0
    outer loop
      vertex -8.49468 -360 6.17174
      vertex -48.541 -360 35.2671
      vertex -7.80302 -360 7.02587
    endloop
  endfacet
  facet normal 0 1 0
    outer loop
      vertex -48.541 -360 35.2671
      vertex -8.49468 -360 6.17174
      vertex -51.9615 -360 30
    endloop
  endfacet
  facet normal 0 1 -0
    outer loop
      vertex -9.09327 -360 5.25
      vertex -51.9615 -360 30
      vertex -8.49468 -360 6.17174
    endloop
  endfacet
  facet normal 0 1 0
    outer loop
      vertex -51.9615 -360 30
      vertex -9.09327 -360 5.25
      vertex -54.8127 -360 24.4042
    endloop
  endfacet
  facet normal 0 1 -0
    outer loop
      vertex -9.59223 -360 4.27073
      vertex -54.8127 -360 24.4042
      vertex -9.09327 -360 5.25
    endloop
  endfacet
  facet normal 0 1 0
    outer loop
      vertex -54.8127 -360 24.4042
      vertex -9.59223 -360 4.27073
      vertex -57.0634 -360 18.541
    endloop
  endfacet
  facet normal 0 1 -0
    outer loop
      vertex -9.98609 -360 3.24468
      vertex -57.0634 -360 18.541
      vertex -9.59223 -360 4.27073
    endloop
  endfacet
  facet normal 0 1 0
    outer loop
      vertex -57.0634 -360 18.541
      vertex -9.98609 -360 3.24468
      vertex -58.6889 -360 12.4747
    endloop
  endfacet
  facet normal 0 1 -0
    outer loop
      vertex -10.2705 -360 2.18307
      vertex -58.6889 -360 12.4747
      vertex -9.98609 -360 3.24468
    endloop
  endfacet
  facet normal 0 1 0
    outer loop
      vertex -58.6889 -360 12.4747
      vertex -10.2705 -360 2.18307
      vertex -59.6713 -360 6.27171
    endloop
  endfacet
  facet normal 0 1 -0
    outer loop
      vertex -10.4425 -360 1.09755
      vertex -59.6713 -360 6.27171
      vertex -10.2705 -360 2.18307
    endloop
  endfacet
  facet normal 0 1 -0
    outer loop
      vertex -10.5 -360 0
      vertex -59.6713 -360 6.27171
      vertex -10.4425 -360 1.09755
    endloop
  endfacet
  facet normal 0 1 0
    outer loop
      vertex -10.5 -360 0
      vertex -60 -360 0
      vertex -59.6713 -360 6.27171
    endloop
  endfacet
  facet normal 0 1 0
    outer loop
      vertex -10.4425 -360 -1.09755
      vertex -60 -360 0
      vertex -10.5 -360 0
    endloop
  endfacet
  facet normal 0 1 0
    outer loop
      vertex -59.6713 -360 -6.27171
      vertex -10.4425 -360 -1.09755
      vertex -10.2705 -360 -2.18307
    endloop
  endfacet
  facet normal 0 1 0
    outer loop
      vertex -58.6889 -360 -12.4747
      vertex -10.2705 -360 -2.18307
      vertex -9.98609 -360 -3.24468
    endloop
  endfacet
  facet normal 0 1 0
    outer loop
      vertex -57.0634 -360 -18.541
      vertex -9.98609 -360 -3.24468
      vertex -9.59223 -360 -4.27073
    endloop
  endfacet
  facet normal 0 1 0
    outer loop
      vertex -54.8127 -360 -24.4042
      vertex -9.59223 -360 -4.27073
      vertex -9.09327 -360 -5.25
    endloop
  endfacet
  facet normal 0 1 0
    outer loop
      vertex -51.9615 -360 -30
      vertex -9.09327 -360 -5.25
      vertex -8.49468 -360 -6.17174
    endloop
  endfacet
  facet normal 0 1 0
    outer loop
      vertex -10.4425 -360 -1.09755
      vertex -59.6713 -360 -6.27171
      vertex -60 -360 0
    endloop
  endfacet
  facet normal 0 1 0
    outer loop
      vertex -48.541 -360 -35.2671
      vertex -8.49468 -360 -6.17174
      vertex -7.80302 -360 -7.02587
    endloop
  endfacet
  facet normal 0 1 0
    outer loop
      vertex -44.5887 -360 -40.1478
      vertex -7.80302 -360 -7.02587
      vertex -7.02587 -360 -7.80302
    endloop
  endfacet
  facet normal 0 1 0
    outer loop
      vertex -40.1478 -360 -44.5887
      vertex -7.02587 -360 -7.80302
      vertex -6.17174 -360 -8.49468
    endloop
  endfacet
  facet normal 0 1 0
    outer loop
      vertex -35.2671 -360 -48.541
      vertex -6.17174 -360 -8.49468
      vertex -5.25 -360 -9.09327
    endloop
  endfacet
  facet normal 0 1 0
    outer loop
      vertex -30 -360 -51.9615
      vertex -5.25 -360 -9.09327
      vertex -4.27073 -360 -9.59223
    endloop
  endfacet
  facet normal 0 1 0
    outer loop
      vertex -24.4042 -360 -54.8127
      vertex -4.27073 -360 -9.59223
      vertex -3.24468 -360 -9.98609
    endloop
  endfacet
  facet normal 0 1 0
    outer loop
      vertex -18.541 -360 -57.0634
      vertex -3.24468 -360 -9.98609
      vertex -2.18307 -360 -10.2705
    endloop
  endfacet
  facet normal 0 1 0
    outer loop
      vertex -12.4747 -360 -58.6889
      vertex -2.18307 -360 -10.2705
      vertex -1.09755 -360 -10.4425
    endloop
  endfacet
  facet normal 0 1 0
    outer loop
      vertex -10.2705 -360 -2.18307
      vertex -58.6889 -360 -12.4747
      vertex -59.6713 -360 -6.27171
    endloop
  endfacet
  facet normal 0 1 0
    outer loop
      vertex -6.27171 -360 -59.6713
      vertex -1.09755 -360 -10.4425
      vertex 0 -360 -10.5
    endloop
  endfacet
  facet normal 0 1 -0
    outer loop
      vertex 35.2671 -360 -48.541
      vertex 6.17174 -360 -8.49468
      vertex 40.1478 -360 -44.5887
    endloop
  endfacet
  facet normal 0 1 0
    outer loop
      vertex 6.17174 -360 -8.49468
      vertex 35.2671 -360 -48.541
      vertex 5.25 -360 -9.09327
    endloop
  endfacet
  facet normal 0 1 0
    outer loop
      vertex -9.98609 -360 -3.24468
      vertex -57.0634 -360 -18.541
      vertex -58.6889 -360 -12.4747
    endloop
  endfacet
  facet normal 0 1 -0
    outer loop
      vertex 30 -360 -51.9615
      vertex 5.25 -360 -9.09327
      vertex 35.2671 -360 -48.541
    endloop
  endfacet
  facet normal 0 1 0
    outer loop
      vertex -9.59223 -360 -4.27073
      vertex -54.8127 -360 -24.4042
      vertex -57.0634 -360 -18.541
    endloop
  endfacet
  facet normal 0 1 0
    outer loop
      vertex 5.25 -360 -9.09327
      vertex 30 -360 -51.9615
      vertex 4.27073 -360 -9.59223
    endloop
  endfacet
  facet normal 0 1 0
    outer loop
      vertex -9.09327 -360 -5.25
      vertex -51.9615 -360 -30
      vertex -54.8127 -360 -24.4042
    endloop
  endfacet
  facet normal 0 1 -0
    outer loop
      vertex 24.4042 -360 -54.8127
      vertex 4.27073 -360 -9.59223
      vertex 30 -360 -51.9615
    endloop
  endfacet
  facet normal 0 1 0
    outer loop
      vertex -8.49468 -360 -6.17174
      vertex -48.541 -360 -35.2671
      vertex -51.9615 -360 -30
    endloop
  endfacet
  facet normal 0 1 0
    outer loop
      vertex 4.27073 -360 -9.59223
      vertex 24.4042 -360 -54.8127
      vertex 3.24468 -360 -9.98609
    endloop
  endfacet
  facet normal 0 1 0
    outer loop
      vertex -7.80302 -360 -7.02587
      vertex -44.5887 -360 -40.1478
      vertex -48.541 -360 -35.2671
    endloop
  endfacet
  facet normal 0 1 -0
    outer loop
      vertex 18.541 -360 -57.0634
      vertex 3.24468 -360 -9.98609
      vertex 24.4042 -360 -54.8127
    endloop
  endfacet
  facet normal 0 1 0
    outer loop
      vertex -7.02587 -360 -7.80302
      vertex -40.1478 -360 -44.5887
      vertex -44.5887 -360 -40.1478
    endloop
  endfacet
  facet normal 0 1 0
    outer loop
      vertex 3.24468 -360 -9.98609
      vertex 18.541 -360 -57.0634
      vertex 2.18307 -360 -10.2705
    endloop
  endfacet
  facet normal 0 1 0
    outer loop
      vertex -6.17174 -360 -8.49468
      vertex -35.2671 -360 -48.541
      vertex -40.1478 -360 -44.5887
    endloop
  endfacet
  facet normal 0 1 -0
    outer loop
      vertex 12.4747 -360 -58.6889
      vertex 2.18307 -360 -10.2705
      vertex 18.541 -360 -57.0634
    endloop
  endfacet
  facet normal 0 1 0
    outer loop
      vertex -5.25 -360 -9.09327
      vertex -30 -360 -51.9615
      vertex -35.2671 -360 -48.541
    endloop
  endfacet
  facet normal 0 1 0
    outer loop
      vertex 2.18307 -360 -10.2705
      vertex 12.4747 -360 -58.6889
      vertex 1.09755 -360 -10.4425
    endloop
  endfacet
  facet normal 0 1 0
    outer loop
      vertex -4.27073 -360 -9.59223
      vertex -24.4042 -360 -54.8127
      vertex -30 -360 -51.9615
    endloop
  endfacet
  facet normal 0 1 -0
    outer loop
      vertex 6.27171 -360 -59.6713
      vertex 1.09755 -360 -10.4425
      vertex 12.4747 -360 -58.6889
    endloop
  endfacet
  facet normal 0 1 0
    outer loop
      vertex -3.24468 -360 -9.98609
      vertex -18.541 -360 -57.0634
      vertex -24.4042 -360 -54.8127
    endloop
  endfacet
  facet normal 0 1 0
    outer loop
      vertex 1.09755 -360 -10.4425
      vertex 6.27171 -360 -59.6713
      vertex 0 -360 -10.5
    endloop
  endfacet
  facet normal 0 1 0
    outer loop
      vertex -2.18307 -360 -10.2705
      vertex -12.4747 -360 -58.6889
      vertex -18.541 -360 -57.0634
    endloop
  endfacet
  facet normal 0 1 0
    outer loop
      vertex 0 -360 -60
      vertex 0 -360 -10.5
      vertex 6.27171 -360 -59.6713
    endloop
  endfacet
  facet normal 0 1 0
    outer loop
      vertex -1.09755 -360 -10.4425
      vertex -6.27171 -360 -59.6713
      vertex -12.4747 -360 -58.6889
    endloop
  endfacet
  facet normal 0 1 0
    outer loop
      vertex 0 -360 -10.5
      vertex 0 -360 -60
      vertex -6.27171 -360 -59.6713
    endloop
  endfacet
  facet normal -0.707107 0 -0.707107
    outer loop
      vertex -40.1478 -400 -44.5887
      vertex -44.5887 -360 -40.1478
      vertex -40.1478 -360 -44.5887
    endloop
  endfacet
  facet normal -0.707107 -0 -0.707107
    outer loop
      vertex -44.5887 -360 -40.1478
      vertex -40.1478 -400 -44.5887
      vertex -44.5887 -400 -40.1478
    endloop
  endfacet
  facet normal -0.891007 0 -0.45399
    outer loop
      vertex -51.9615 -400 -30
      vertex -54.8127 -360 -24.4042
      vertex -51.9615 -360 -30
    endloop
  endfacet
  facet normal -0.891007 -0 -0.45399
    outer loop
      vertex -54.8127 -360 -24.4042
      vertex -51.9615 -400 -30
      vertex -54.8127 -400 -24.4042
    endloop
  endfacet
  facet normal 0.83867 0 -0.54464
    outer loop
      vertex 51.9615 -400 -30
      vertex 48.541 -360 -35.2671
      vertex 51.9615 -360 -30
    endloop
  endfacet
  facet normal 0.83867 0 -0.54464
    outer loop
      vertex 48.541 -360 -35.2671
      vertex 51.9615 -400 -30
      vertex 48.541 -400 -35.2671
    endloop
  endfacet
  facet normal 0.98769 0 -0.156426
    outer loop
      vertex 59.6713 -400 -6.27171
      vertex 58.6889 -360 -12.4747
      vertex 59.6713 -360 -6.27171
    endloop
  endfacet
  facet normal 0.98769 0 -0.156426
    outer loop
      vertex 58.6889 -360 -12.4747
      vertex 59.6713 -400 -6.27171
      vertex 58.6889 -400 -12.4747
    endloop
  endfacet
  facet normal 0 -1 0
    outer loop
      vertex 0 -400 10.5
      vertex 0 -400 60
      vertex -6.27171 -400 59.6713
    endloop
  endfacet
  facet normal 0 -1 0
    outer loop
      vertex -1.09755 -400 10.4425
      vertex -6.27171 -400 59.6713
      vertex -12.4747 -400 58.6889
    endloop
  endfacet
  facet normal 0 -1 0
    outer loop
      vertex 0 -400 60
      vertex 0 -400 10.5
      vertex 6.27171 -400 59.6713
    endloop
  endfacet
  facet normal 0 -1 0
    outer loop
      vertex -2.18307 -400 10.2705
      vertex -12.4747 -400 58.6889
      vertex -18.541 -400 57.0634
    endloop
  endfacet
  facet normal 0 -1 0
    outer loop
      vertex 1.09755 -400 10.4425
      vertex 6.27171 -400 59.6713
      vertex 0 -400 10.5
    endloop
  endfacet
  facet normal 0 -1 0
    outer loop
      vertex -3.24468 -400 9.98609
      vertex -18.541 -400 57.0634
      vertex -24.4042 -400 54.8127
    endloop
  endfacet
  facet normal 0 -1 -0
    outer loop
      vertex 6.27171 -400 59.6713
      vertex 1.09755 -400 10.4425
      vertex 12.4747 -400 58.6889
    endloop
  endfacet
  facet normal 0 -1 0
    outer loop
      vertex -4.27073 -400 9.59223
      vertex -24.4042 -400 54.8127
      vertex -30 -400 51.9615
    endloop
  endfacet
  facet normal 0 -1 0
    outer loop
      vertex 2.18307 -400 10.2705
      vertex 12.4747 -400 58.6889
      vertex 1.09755 -400 10.4425
    endloop
  endfacet
  facet normal 0 -1 0
    outer loop
      vertex -5.25 -400 9.09327
      vertex -30 -400 51.9615
      vertex -35.2671 -400 48.541
    endloop
  endfacet
  facet normal 0 -1 -0
    outer loop
      vertex 12.4747 -400 58.6889
      vertex 2.18307 -400 10.2705
      vertex 18.541 -400 57.0634
    endloop
  endfacet
  facet normal 0 -1 0
    outer loop
      vertex -6.17174 -400 8.49468
      vertex -35.2671 -400 48.541
      vertex -40.1478 -400 44.5887
    endloop
  endfacet
  facet normal 0 -1 0
    outer loop
      vertex 3.24468 -400 9.98609
      vertex 18.541 -400 57.0634
      vertex 2.18307 -400 10.2705
    endloop
  endfacet
  facet normal 0 -1 0
    outer loop
      vertex -7.02587 -400 7.80302
      vertex -40.1478 -400 44.5887
      vertex -44.5887 -400 40.1478
    endloop
  endfacet
  facet normal 0 -1 -0
    outer loop
      vertex 18.541 -400 57.0634
      vertex 3.24468 -400 9.98609
      vertex 24.4042 -400 54.8127
    endloop
  endfacet
  facet normal 0 -1 0
    outer loop
      vertex -7.80302 -400 7.02587
      vertex -44.5887 -400 40.1478
      vertex -48.541 -400 35.2671
    endloop
  endfacet
  facet normal 0 -1 0
    outer loop
      vertex 4.27073 -400 9.59223
      vertex 24.4042 -400 54.8127
      vertex 3.24468 -400 9.98609
    endloop
  endfacet
  facet normal 0 -1 0
    outer loop
      vertex -8.49468 -400 6.17174
      vertex -48.541 -400 35.2671
      vertex -51.9615 -400 30
    endloop
  endfacet
  facet normal 0 -1 -0
    outer loop
      vertex 24.4042 -400 54.8127
      vertex 4.27073 -400 9.59223
      vertex 30 -400 51.9615
    endloop
  endfacet
  facet normal 0 -1 0
    outer loop
      vertex -9.09327 -400 5.25
      vertex -51.9615 -400 30
      vertex -54.8127 -400 24.4042
    endloop
  endfacet
  facet normal 0 -1 0
    outer loop
      vertex 5.25 -400 9.09327
      vertex 30 -400 51.9615
      vertex 4.27073 -400 9.59223
    endloop
  endfacet
  facet normal 0 -1 0
    outer loop
      vertex -9.59223 -400 4.27073
      vertex -54.8127 -400 24.4042
      vertex -57.0634 -400 18.541
    endloop
  endfacet
  facet normal 0 -1 -0
    outer loop
      vertex 30 -400 51.9615
      vertex 5.25 -400 9.09327
      vertex 35.2671 -400 48.541
    endloop
  endfacet
  facet normal 0 -1 0
    outer loop
      vertex -9.98609 -400 3.24468
      vertex -57.0634 -400 18.541
      vertex -58.6889 -400 12.4747
    endloop
  endfacet
  facet normal 0 -1 0
    outer loop
      vertex 6.17174 -400 8.49468
      vertex 35.2671 -400 48.541
      vertex 5.25 -400 9.09327
    endloop
  endfacet
  facet normal 0 -1 -0
    outer loop
      vertex 35.2671 -400 48.541
      vertex 6.17174 -400 8.49468
      vertex 40.1478 -400 44.5887
    endloop
  endfacet
  facet normal 0 -1 0
    outer loop
      vertex -6.27171 -400 59.6713
      vertex -1.09755 -400 10.4425
      vertex 0 -400 10.5
    endloop
  endfacet
  facet normal 0 -1 0
    outer loop
      vertex -12.4747 -400 58.6889
      vertex -2.18307 -400 10.2705
      vertex -1.09755 -400 10.4425
    endloop
  endfacet
  facet normal 0 -1 0
    outer loop
      vertex -18.541 -400 57.0634
      vertex -3.24468 -400 9.98609
      vertex -2.18307 -400 10.2705
    endloop
  endfacet
  facet normal 0 -1 0
    outer loop
      vertex -24.4042 -400 54.8127
      vertex -4.27073 -400 9.59223
      vertex -3.24468 -400 9.98609
    endloop
  endfacet
  facet normal 0 -1 0
    outer loop
      vertex -30 -400 51.9615
      vertex -5.25 -400 9.09327
      vertex -4.27073 -400 9.59223
    endloop
  endfacet
  facet normal 0 -1 0
    outer loop
      vertex -35.2671 -400 48.541
      vertex -6.17174 -400 8.49468
      vertex -5.25 -400 9.09327
    endloop
  endfacet
  facet normal 0 -1 0
    outer loop
      vertex -40.1478 -400 44.5887
      vertex -7.02587 -400 7.80302
      vertex -6.17174 -400 8.49468
    endloop
  endfacet
  facet normal 0 -1 0
    outer loop
      vertex -44.5887 -400 40.1478
      vertex -7.80302 -400 7.02587
      vertex -7.02587 -400 7.80302
    endloop
  endfacet
  facet normal 0 -1 0
    outer loop
      vertex -10.2705 -400 2.18307
      vertex -58.6889 -400 12.4747
      vertex -59.6713 -400 6.27171
    endloop
  endfacet
  facet normal 0 -1 0
    outer loop
      vertex -48.541 -400 35.2671
      vertex -8.49468 -400 6.17174
      vertex -7.80302 -400 7.02587
    endloop
  endfacet
  facet normal 0 -1 0
    outer loop
      vertex -51.9615 -400 30
      vertex -9.09327 -400 5.25
      vertex -8.49468 -400 6.17174
    endloop
  endfacet
  facet normal 0 -1 0
    outer loop
      vertex -54.8127 -400 24.4042
      vertex -9.59223 -400 4.27073
      vertex -9.09327 -400 5.25
    endloop
  endfacet
  facet normal 0 -1 0
    outer loop
      vertex -57.0634 -400 18.541
      vertex -9.98609 -400 3.24468
      vertex -9.59223 -400 4.27073
    endloop
  endfacet
  facet normal 0 -1 0
    outer loop
      vertex -58.6889 -400 12.4747
      vertex -10.2705 -400 2.18307
      vertex -9.98609 -400 3.24468
    endloop
  endfacet
  facet normal 0 -1 0
    outer loop
      vertex -59.6713 -400 6.27171
      vertex -10.4425 -400 1.09755
      vertex -10.2705 -400 2.18307
    endloop
  endfacet
  facet normal 0 -1 0
    outer loop
      vertex -60 -400 0
      vertex -10.4425 -400 1.09755
      vertex -59.6713 -400 6.27171
    endloop
  endfacet
  facet normal 0 -1 0
    outer loop
      vertex -60 -400 0
      vertex -10.5 -400 0
      vertex -10.4425 -400 1.09755
    endloop
  endfacet
  facet normal 0 -1 0
    outer loop
      vertex -60 -400 0
      vertex -10.4425 -400 -1.09755
      vertex -10.5 -400 0
    endloop
  endfacet
  facet normal 0 -1 0
    outer loop
      vertex -59.6713 -400 -6.27171
      vertex -10.4425 -400 -1.09755
      vertex -60 -400 0
    endloop
  endfacet
  facet normal 0 -1 -0
    outer loop
      vertex -10.4425 -400 -1.09755
      vertex -59.6713 -400 -6.27171
      vertex -10.2705 -400 -2.18307
    endloop
  endfacet
  facet normal 0 -1 0
    outer loop
      vertex -58.6889 -400 -12.4747
      vertex -10.2705 -400 -2.18307
      vertex -59.6713 -400 -6.27171
    endloop
  endfacet
  facet normal 0 -1 -0
    outer loop
      vertex -10.2705 -400 -2.18307
      vertex -58.6889 -400 -12.4747
      vertex -9.98609 -400 -3.24468
    endloop
  endfacet
  facet normal 0 -1 0
    outer loop
      vertex -57.0634 -400 -18.541
      vertex -9.98609 -400 -3.24468
      vertex -58.6889 -400 -12.4747
    endloop
  endfacet
  facet normal 0 -1 -0
    outer loop
      vertex -9.98609 -400 -3.24468
      vertex -57.0634 -400 -18.541
      vertex -9.59223 -400 -4.27073
    endloop
  endfacet
  facet normal 0 -1 0
    outer loop
      vertex -54.8127 -400 -24.4042
      vertex -9.59223 -400 -4.27073
      vertex -57.0634 -400 -18.541
    endloop
  endfacet
  facet normal 0 -1 -0
    outer loop
      vertex -9.59223 -400 -4.27073
      vertex -54.8127 -400 -24.4042
      vertex -9.09327 -400 -5.25
    endloop
  endfacet
  facet normal 0 -1 0
    outer loop
      vertex -51.9615 -400 -30
      vertex -9.09327 -400 -5.25
      vertex -54.8127 -400 -24.4042
    endloop
  endfacet
  facet normal 0 -1 -0
    outer loop
      vertex -9.09327 -400 -5.25
      vertex -51.9615 -400 -30
      vertex -8.49468 -400 -6.17174
    endloop
  endfacet
  facet normal 0 -1 0
    outer loop
      vertex -48.541 -400 -35.2671
      vertex -8.49468 -400 -6.17174
      vertex -51.9615 -400 -30
    endloop
  endfacet
  facet normal 0 -1 -0
    outer loop
      vertex -8.49468 -400 -6.17174
      vertex -48.541 -400 -35.2671
      vertex -7.80302 -400 -7.02587
    endloop
  endfacet
  facet normal 0 -1 0
    outer loop
      vertex -44.5887 -400 -40.1478
      vertex -7.80302 -400 -7.02587
      vertex -48.541 -400 -35.2671
    endloop
  endfacet
  facet normal 0 -1 -0
    outer loop
      vertex -7.80302 -400 -7.02587
      vertex -44.5887 -400 -40.1478
      vertex -7.02587 -400 -7.80302
    endloop
  endfacet
  facet normal 0 -1 -0
    outer loop
      vertex -7.02587 -400 -7.80302
      vertex -40.1478 -400 -44.5887
      vertex -6.17174 -400 -8.49468
    endloop
  endfacet
  facet normal 0 -1 0
    outer loop
      vertex -40.1478 -400 -44.5887
      vertex -7.02587 -400 -7.80302
      vertex -44.5887 -400 -40.1478
    endloop
  endfacet
  facet normal 0 -1 0
    outer loop
      vertex 7.02587 -400 7.80302
      vertex 40.1478 -400 44.5887
      vertex 6.17174 -400 8.49468
    endloop
  endfacet
  facet normal 0 -1 -0
    outer loop
      vertex 40.1478 -400 44.5887
      vertex 7.02587 -400 7.80302
      vertex 44.5887 -400 40.1478
    endloop
  endfacet
  facet normal 0 -1 0
    outer loop
      vertex 7.80302 -400 7.02587
      vertex 44.5887 -400 40.1478
      vertex 7.02587 -400 7.80302
    endloop
  endfacet
  facet normal 0 -1 -0
    outer loop
      vertex 44.5887 -400 40.1478
      vertex 7.80302 -400 7.02587
      vertex 48.541 -400 35.2671
    endloop
  endfacet
  facet normal 0 -1 0
    outer loop
      vertex 8.49468 -400 6.17174
      vertex 48.541 -400 35.2671
      vertex 7.80302 -400 7.02587
    endloop
  endfacet
  facet normal 0 -1 -0
    outer loop
      vertex 48.541 -400 35.2671
      vertex 8.49468 -400 6.17174
      vertex 51.9615 -400 30
    endloop
  endfacet
  facet normal 0 -1 0
    outer loop
      vertex 9.09327 -400 5.25
      vertex 51.9615 -400 30
      vertex 8.49468 -400 6.17174
    endloop
  endfacet
  facet normal 0 -1 -0
    outer loop
      vertex 51.9615 -400 30
      vertex 9.09327 -400 5.25
      vertex 54.8127 -400 24.4042
    endloop
  endfacet
  facet normal 0 -1 0
    outer loop
      vertex 9.59223 -400 4.27073
      vertex 54.8127 -400 24.4042
      vertex 9.09327 -400 5.25
    endloop
  endfacet
  facet normal 0 -1 -0
    outer loop
      vertex 54.8127 -400 24.4042
      vertex 9.59223 -400 4.27073
      vertex 57.0634 -400 18.541
    endloop
  endfacet
  facet normal 0 -1 0
    outer loop
      vertex 9.98609 -400 3.24468
      vertex 57.0634 -400 18.541
      vertex 9.59223 -400 4.27073
    endloop
  endfacet
  facet normal 0 -1 -0
    outer loop
      vertex 57.0634 -400 18.541
      vertex 9.98609 -400 3.24468
      vertex 58.6889 -400 12.4747
    endloop
  endfacet
  facet normal 0 -1 0
    outer loop
      vertex 10.2705 -400 2.18307
      vertex 58.6889 -400 12.4747
      vertex 9.98609 -400 3.24468
    endloop
  endfacet
  facet normal 0 -1 -0
    outer loop
      vertex 58.6889 -400 12.4747
      vertex 10.2705 -400 2.18307
      vertex 59.6713 -400 6.27171
    endloop
  endfacet
  facet normal 0 -1 0
    outer loop
      vertex 10.4425 -400 1.09755
      vertex 59.6713 -400 6.27171
      vertex 10.2705 -400 2.18307
    endloop
  endfacet
  facet normal 0 -1 0
    outer loop
      vertex 10.5 -400 0
      vertex 59.6713 -400 6.27171
      vertex 10.4425 -400 1.09755
    endloop
  endfacet
  facet normal 0 -1 0
    outer loop
      vertex 10.5 -400 0
      vertex 60 -400 0
      vertex 59.6713 -400 6.27171
    endloop
  endfacet
  facet normal 0 -1 0
    outer loop
      vertex 10.4425 -400 -1.09755
      vertex 60 -400 0
      vertex 10.5 -400 0
    endloop
  endfacet
  facet normal 0 -1 0
    outer loop
      vertex 59.6713 -400 -6.27171
      vertex 10.4425 -400 -1.09755
      vertex 10.2705 -400 -2.18307
    endloop
  endfacet
  facet normal 0 -1 0
    outer loop
      vertex 58.6889 -400 -12.4747
      vertex 10.2705 -400 -2.18307
      vertex 9.98609 -400 -3.24468
    endloop
  endfacet
  facet normal 0 -1 0
    outer loop
      vertex 57.0634 -400 -18.541
      vertex 9.98609 -400 -3.24468
      vertex 9.59223 -400 -4.27073
    endloop
  endfacet
  facet normal 0 -1 0
    outer loop
      vertex 54.8127 -400 -24.4042
      vertex 9.59223 -400 -4.27073
      vertex 9.09327 -400 -5.25
    endloop
  endfacet
  facet normal 0 -1 0
    outer loop
      vertex 51.9615 -400 -30
      vertex 9.09327 -400 -5.25
      vertex 8.49468 -400 -6.17174
    endloop
  endfacet
  facet normal 0 -1 0
    outer loop
      vertex 10.4425 -400 -1.09755
      vertex 59.6713 -400 -6.27171
      vertex 60 -400 0
    endloop
  endfacet
  facet normal 0 -1 0
    outer loop
      vertex 48.541 -400 -35.2671
      vertex 8.49468 -400 -6.17174
      vertex 7.80302 -400 -7.02587
    endloop
  endfacet
  facet normal 0 -1 0
    outer loop
      vertex 44.5887 -400 -40.1478
      vertex 7.80302 -400 -7.02587
      vertex 7.02587 -400 -7.80302
    endloop
  endfacet
  facet normal 0 -1 0
    outer loop
      vertex 40.1478 -400 -44.5887
      vertex 7.02587 -400 -7.80302
      vertex 6.17174 -400 -8.49468
    endloop
  endfacet
  facet normal 0 -1 0
    outer loop
      vertex 35.2671 -400 -48.541
      vertex 6.17174 -400 -8.49468
      vertex 5.25 -400 -9.09327
    endloop
  endfacet
  facet normal 0 -1 0
    outer loop
      vertex 30 -400 -51.9615
      vertex 5.25 -400 -9.09327
      vertex 4.27073 -400 -9.59223
    endloop
  endfacet
  facet normal 0 -1 0
    outer loop
      vertex 24.4042 -400 -54.8127
      vertex 4.27073 -400 -9.59223
      vertex 3.24468 -400 -9.98609
    endloop
  endfacet
  facet normal 0 -1 0
    outer loop
      vertex 18.541 -400 -57.0634
      vertex 3.24468 -400 -9.98609
      vertex 2.18307 -400 -10.2705
    endloop
  endfacet
  facet normal 0 -1 0
    outer loop
      vertex 12.4747 -400 -58.6889
      vertex 2.18307 -400 -10.2705
      vertex 1.09755 -400 -10.4425
    endloop
  endfacet
  facet normal 0 -1 0
    outer loop
      vertex 10.2705 -400 -2.18307
      vertex 58.6889 -400 -12.4747
      vertex 59.6713 -400 -6.27171
    endloop
  endfacet
  facet normal 0 -1 0
    outer loop
      vertex 6.27171 -400 -59.6713
      vertex 1.09755 -400 -10.4425
      vertex 0 -400 -10.5
    endloop
  endfacet
  facet normal 0 -1 0
    outer loop
      vertex -35.2671 -400 -48.541
      vertex -6.17174 -400 -8.49468
      vertex -40.1478 -400 -44.5887
    endloop
  endfacet
  facet normal 0 -1 -0
    outer loop
      vertex -6.17174 -400 -8.49468
      vertex -35.2671 -400 -48.541
      vertex -5.25 -400 -9.09327
    endloop
  endfacet
  facet normal 0 -1 0
    outer loop
      vertex 9.98609 -400 -3.24468
      vertex 57.0634 -400 -18.541
      vertex 58.6889 -400 -12.4747
    endloop
  endfacet
  facet normal 0 -1 0
    outer loop
      vertex -30 -400 -51.9615
      vertex -5.25 -400 -9.09327
      vertex -35.2671 -400 -48.541
    endloop
  endfacet
  facet normal 0 -1 0
    outer loop
      vertex 9.59223 -400 -4.27073
      vertex 54.8127 -400 -24.4042
      vertex 57.0634 -400 -18.541
    endloop
  endfacet
  facet normal 0 -1 -0
    outer loop
      vertex -5.25 -400 -9.09327
      vertex -30 -400 -51.9615
      vertex -4.27073 -400 -9.59223
    endloop
  endfacet
  facet normal 0 -1 0
    outer loop
      vertex 9.09327 -400 -5.25
      vertex 51.9615 -400 -30
      vertex 54.8127 -400 -24.4042
    endloop
  endfacet
  facet normal 0 -1 0
    outer loop
      vertex -24.4042 -400 -54.8127
      vertex -4.27073 -400 -9.59223
      vertex -30 -400 -51.9615
    endloop
  endfacet
  facet normal 0 -1 0
    outer loop
      vertex 8.49468 -400 -6.17174
      vertex 48.541 -400 -35.2671
      vertex 51.9615 -400 -30
    endloop
  endfacet
  facet normal 0 -1 -0
    outer loop
      vertex -4.27073 -400 -9.59223
      vertex -24.4042 -400 -54.8127
      vertex -3.24468 -400 -9.98609
    endloop
  endfacet
  facet normal 0 -1 0
    outer loop
      vertex 7.80302 -400 -7.02587
      vertex 44.5887 -400 -40.1478
      vertex 48.541 -400 -35.2671
    endloop
  endfacet
  facet normal 0 -1 0
    outer loop
      vertex -18.541 -400 -57.0634
      vertex -3.24468 -400 -9.98609
      vertex -24.4042 -400 -54.8127
    endloop
  endfacet
  facet normal 0 -1 0
    outer loop
      vertex 7.02587 -400 -7.80302
      vertex 40.1478 -400 -44.5887
      vertex 44.5887 -400 -40.1478
    endloop
  endfacet
  facet normal 0 -1 -0
    outer loop
      vertex -3.24468 -400 -9.98609
      vertex -18.541 -400 -57.0634
      vertex -2.18307 -400 -10.2705
    endloop
  endfacet
  facet normal 0 -1 0
    outer loop
      vertex 6.17174 -400 -8.49468
      vertex 35.2671 -400 -48.541
      vertex 40.1478 -400 -44.5887
    endloop
  endfacet
  facet normal 0 -1 0
    outer loop
      vertex -12.4747 -400 -58.6889
      vertex -2.18307 -400 -10.2705
      vertex -18.541 -400 -57.0634
    endloop
  endfacet
  facet normal 0 -1 0
    outer loop
      vertex 5.25 -400 -9.09327
      vertex 30 -400 -51.9615
      vertex 35.2671 -400 -48.541
    endloop
  endfacet
  facet normal 0 -1 -0
    outer loop
      vertex -2.18307 -400 -10.2705
      vertex -12.4747 -400 -58.6889
      vertex -1.09755 -400 -10.4425
    endloop
  endfacet
  facet normal 0 -1 0
    outer loop
      vertex 4.27073 -400 -9.59223
      vertex 24.4042 -400 -54.8127
      vertex 30 -400 -51.9615
    endloop
  endfacet
  facet normal 0 -1 0
    outer loop
      vertex -6.27171 -400 -59.6713
      vertex -1.09755 -400 -10.4425
      vertex -12.4747 -400 -58.6889
    endloop
  endfacet
  facet normal 0 -1 0
    outer loop
      vertex 3.24468 -400 -9.98609
      vertex 18.541 -400 -57.0634
      vertex 24.4042 -400 -54.8127
    endloop
  endfacet
  facet normal 0 -1 -0
    outer loop
      vertex -1.09755 -400 -10.4425
      vertex -6.27171 -400 -59.6713
      vertex 0 -400 -10.5
    endloop
  endfacet
  facet normal 0 -1 0
    outer loop
      vertex 2.18307 -400 -10.2705
      vertex 12.4747 -400 -58.6889
      vertex 18.541 -400 -57.0634
    endloop
  endfacet
  facet normal 0 -1 0
    outer loop
      vertex 0 -400 -60
      vertex 0 -400 -10.5
      vertex -6.27171 -400 -59.6713
    endloop
  endfacet
  facet normal 0 -1 0
    outer loop
      vertex 1.09755 -400 -10.4425
      vertex 6.27171 -400 -59.6713
      vertex 12.4747 -400 -58.6889
    endloop
  endfacet
  facet normal 0 -1 0
    outer loop
      vertex 0 -400 -10.5
      vertex 0 -400 -60
      vertex 6.27171 -400 -59.6713
    endloop
  endfacet
  facet normal 0.777147 0 -0.629319
    outer loop
      vertex 48.541 -400 -35.2671
      vertex 44.5887 -360 -40.1478
      vertex 48.541 -360 -35.2671
    endloop
  endfacet
  facet normal 0.777147 0 -0.629319
    outer loop
      vertex 44.5887 -360 -40.1478
      vertex 48.541 -400 -35.2671
      vertex 44.5887 -400 -40.1478
    endloop
  endfacet
  facet normal 0.629319 0 -0.777147
    outer loop
      vertex 35.2671 -400 -48.541
      vertex 40.1478 -360 -44.5887
      vertex 40.1478 -400 -44.5887
    endloop
  endfacet
  facet normal 0.629319 0 -0.777147
    outer loop
      vertex 40.1478 -360 -44.5887
      vertex 35.2671 -400 -48.541
      vertex 35.2671 -360 -48.541
    endloop
  endfacet
  facet normal 0.54464 0 -0.83867
    outer loop
      vertex 30 -400 -51.9615
      vertex 35.2671 -360 -48.541
      vertex 35.2671 -400 -48.541
    endloop
  endfacet
  facet normal 0.54464 0 -0.83867
    outer loop
      vertex 35.2671 -360 -48.541
      vertex 30 -400 -51.9615
      vertex 30 -360 -51.9615
    endloop
  endfacet
  facet normal 0.891007 -0 0.45399
    outer loop
      vertex 51.9615 -400 30
      vertex 54.8127 -360 24.4042
      vertex 51.9615 -360 30
    endloop
  endfacet
  facet normal 0.891007 0 0.45399
    outer loop
      vertex 54.8127 -360 24.4042
      vertex 51.9615 -400 30
      vertex 54.8127 -400 24.4042
    endloop
  endfacet
  facet normal -0.629319 0 0.777147
    outer loop
      vertex -40.1478 -360 44.5887
      vertex -35.2671 -400 48.541
      vertex -35.2671 -360 48.541
    endloop
  endfacet
  facet normal -0.629319 0 0.777147
    outer loop
      vertex -35.2671 -400 48.541
      vertex -40.1478 -360 44.5887
      vertex -40.1478 -400 44.5887
    endloop
  endfacet
  facet normal 0.358372 0 0.933579
    outer loop
      vertex 18.541 -360 57.0634
      vertex 24.4042 -400 54.8127
      vertex 24.4042 -360 54.8127
    endloop
  endfacet
  facet normal 0.358372 0 0.933579
    outer loop
      vertex 24.4042 -400 54.8127
      vertex 18.541 -360 57.0634
      vertex 18.541 -400 57.0634
    endloop
  endfacet
  facet normal 0.83867 -0 0.54464
    outer loop
      vertex 48.541 -400 35.2671
      vertex 51.9615 -360 30
      vertex 48.541 -360 35.2671
    endloop
  endfacet
  facet normal 0.83867 0 0.54464
    outer loop
      vertex 51.9615 -360 30
      vertex 48.541 -400 35.2671
      vertex 51.9615 -400 30
    endloop
  endfacet
  facet normal 0.98769 -0 0.156426
    outer loop
      vertex 58.6889 -400 12.4747
      vertex 59.6713 -360 6.27171
      vertex 58.6889 -360 12.4747
    endloop
  endfacet
  facet normal 0.98769 0 0.156426
    outer loop
      vertex 59.6713 -360 6.27171
      vertex 58.6889 -400 12.4747
      vertex 59.6713 -400 6.27171
    endloop
  endfacet
  facet normal 0.933579 -0 0.358372
    outer loop
      vertex 54.8127 -400 24.4042
      vertex 57.0634 -360 18.541
      vertex 54.8127 -360 24.4042
    endloop
  endfacet
  facet normal 0.933579 0 0.358372
    outer loop
      vertex 57.0634 -360 18.541
      vertex 54.8127 -400 24.4042
      vertex 57.0634 -400 18.541
    endloop
  endfacet
  facet normal 0.777147 -0 0.629319
    outer loop
      vertex 44.5887 -400 40.1478
      vertex 48.541 -360 35.2671
      vertex 44.5887 -360 40.1478
    endloop
  endfacet
  facet normal 0.777147 0 0.629319
    outer loop
      vertex 48.541 -360 35.2671
      vertex 44.5887 -400 40.1478
      vertex 48.541 -400 35.2671
    endloop
  endfacet
  facet normal -0.54464 0 0.83867
    outer loop
      vertex -35.2671 -360 48.541
      vertex -30 -400 51.9615
      vertex -30 -360 51.9615
    endloop
  endfacet
  facet normal -0.54464 0 0.83867
    outer loop
      vertex -30 -400 51.9615
      vertex -35.2671 -360 48.541
      vertex -35.2671 -400 48.541
    endloop
  endfacet
  facet normal -0.933579 0 0.358372
    outer loop
      vertex -57.0634 -400 18.541
      vertex -54.8127 -360 24.4042
      vertex -57.0634 -360 18.541
    endloop
  endfacet
  facet normal -0.933579 0 0.358372
    outer loop
      vertex -54.8127 -360 24.4042
      vertex -57.0634 -400 18.541
      vertex -54.8127 -400 24.4042
    endloop
  endfacet
  facet normal 0.0523381 0 0.998629
    outer loop
      vertex 0 -360 60
      vertex 6.27171 -400 59.6713
      vertex 6.27171 -360 59.6713
    endloop
  endfacet
  facet normal 0.0523381 0 0.998629
    outer loop
      vertex 6.27171 -400 59.6713
      vertex 0 -360 60
      vertex 0 -400 60
    endloop
  endfacet
  facet normal 0.998629 0 -0.0523381
    outer loop
      vertex 60 -400 0
      vertex 59.6713 -360 -6.27171
      vertex 60 -360 0
    endloop
  endfacet
  facet normal 0.998629 0 -0.0523381
    outer loop
      vertex 59.6713 -360 -6.27171
      vertex 60 -400 0
      vertex 59.6713 -400 -6.27171
    endloop
  endfacet
  facet normal 0.156426 0 0.98769
    outer loop
      vertex 6.27171 -360 59.6713
      vertex 12.4747 -400 58.6889
      vertex 12.4747 -360 58.6889
    endloop
  endfacet
  facet normal 0.156426 0 0.98769
    outer loop
      vertex 12.4747 -400 58.6889
      vertex 6.27171 -360 59.6713
      vertex 6.27171 -400 59.6713
    endloop
  endfacet
  facet normal -0.707107 0 0.707107
    outer loop
      vertex -44.5887 -400 40.1478
      vertex -40.1478 -360 44.5887
      vertex -44.5887 -360 40.1478
    endloop
  endfacet
  facet normal -0.707107 0 0.707107
    outer loop
      vertex -40.1478 -360 44.5887
      vertex -44.5887 -400 40.1478
      vertex -40.1478 -400 44.5887
    endloop
  endfacet
  facet normal 0.987678 -0 0.156497
    outer loop
      vertex -10.4425 -400 -1.09755
      vertex -10.2705 -360 -2.18307
      vertex -10.4425 -360 -1.09755
    endloop
  endfacet
  facet normal 0.987678 0 0.156497
    outer loop
      vertex -10.2705 -360 -2.18307
      vertex -10.4425 -400 -1.09755
      vertex -10.2705 -400 -2.18307
    endloop
  endfacet
  facet normal 0.99863 -0 0.0523177
    outer loop
      vertex -10.5 -400 0
      vertex -10.4425 -360 -1.09755
      vertex -10.5 -360 0
    endloop
  endfacet
  facet normal 0.99863 0 0.0523177
    outer loop
      vertex -10.4425 -360 -1.09755
      vertex -10.5 -400 0
      vertex -10.4425 -400 -1.09755
    endloop
  endfacet
  facet normal 0.965937 -0 0.258779
    outer loop
      vertex -10.2705 -400 -2.18307
      vertex -9.98609 -360 -3.24468
      vertex -10.2705 -360 -2.18307
    endloop
  endfacet
  facet normal 0.965937 0 0.258779
    outer loop
      vertex -9.98609 -360 -3.24468
      vertex -10.2705 -400 -2.18307
      vertex -9.98609 -400 -3.24468
    endloop
  endfacet
  facet normal 0.453988 0 0.891008
    outer loop
      vertex -5.25 -360 -9.09327
      vertex -4.27073 -400 -9.59223
      vertex -4.27073 -360 -9.59223
    endloop
  endfacet
  facet normal 0.453988 0 0.891008
    outer loop
      vertex -4.27073 -400 -9.59223
      vertex -5.25 -360 -9.09327
      vertex -5.25 -400 -9.09327
    endloop
  endfacet
  facet normal -0.258779 0 0.965937
    outer loop
      vertex 2.18307 -360 -10.2705
      vertex 3.24468 -400 -9.98609
      vertex 3.24468 -360 -9.98609
    endloop
  endfacet
  facet normal -0.258779 0 0.965937
    outer loop
      vertex 3.24468 -400 -9.98609
      vertex 2.18307 -360 -10.2705
      vertex 2.18307 -400 -10.2705
    endloop
  endfacet
  facet normal 0.544642 0 -0.838668
    outer loop
      vertex -6.17174 -400 8.49468
      vertex -5.25 -360 9.09327
      vertex -5.25 -400 9.09327
    endloop
  endfacet
  facet normal 0.544642 0 -0.838668
    outer loop
      vertex -5.25 -360 9.09327
      vertex -6.17174 -400 8.49468
      vertex -6.17174 -360 8.49468
    endloop
  endfacet
  facet normal 0.258779 0 0.965937
    outer loop
      vertex -3.24468 -360 -9.98609
      vertex -2.18307 -400 -10.2705
      vertex -2.18307 -360 -10.2705
    endloop
  endfacet
  facet normal 0.258779 0 0.965937
    outer loop
      vertex -2.18307 -400 -10.2705
      vertex -3.24468 -360 -9.98609
      vertex -3.24468 -400 -9.98609
    endloop
  endfacet
  facet normal 0.707107 -0 0.707107
    outer loop
      vertex -7.80302 -400 -7.02587
      vertex -7.02587 -360 -7.80302
      vertex -7.80302 -360 -7.02587
    endloop
  endfacet
  facet normal 0.707107 0 0.707107
    outer loop
      vertex -7.02587 -360 -7.80302
      vertex -7.80302 -400 -7.02587
      vertex -7.02587 -400 -7.80302
    endloop
  endfacet
  facet normal -0.258779 0 -0.965937
    outer loop
      vertex 2.18307 -400 10.2705
      vertex 3.24468 -360 9.98609
      vertex 3.24468 -400 9.98609
    endloop
  endfacet
  facet normal -0.258779 0 -0.965937
    outer loop
      vertex 3.24468 -360 9.98609
      vertex 2.18307 -400 10.2705
      vertex 2.18307 -360 10.2705
    endloop
  endfacet
  facet normal 0.156497 0 0.987678
    outer loop
      vertex -2.18307 -360 -10.2705
      vertex -1.09755 -400 -10.4425
      vertex -1.09755 -360 -10.4425
    endloop
  endfacet
  facet normal 0.156497 0 0.987678
    outer loop
      vertex -1.09755 -400 -10.4425
      vertex -2.18307 -360 -10.2705
      vertex -2.18307 -400 -10.2705
    endloop
  endfacet
  facet normal -0.838668 0 0.544642
    outer loop
      vertex 8.49468 -400 -6.17174
      vertex 9.09327 -360 -5.25
      vertex 8.49468 -360 -6.17174
    endloop
  endfacet
  facet normal -0.838668 0 0.544642
    outer loop
      vertex 9.09327 -360 -5.25
      vertex 8.49468 -400 -6.17174
      vertex 9.09327 -400 -5.25
    endloop
  endfacet
  facet normal -0.933582 0 -0.358365
    outer loop
      vertex 9.98609 -400 3.24468
      vertex 9.59223 -360 4.27073
      vertex 9.98609 -360 3.24468
    endloop
  endfacet
  facet normal -0.933582 -0 -0.358365
    outer loop
      vertex 9.59223 -360 4.27073
      vertex 9.98609 -400 3.24468
      vertex 9.59223 -400 4.27073
    endloop
  endfacet
  facet normal 0.358365 0 -0.933582
    outer loop
      vertex -4.27073 -400 9.59223
      vertex -3.24468 -360 9.98609
      vertex -3.24468 -400 9.98609
    endloop
  endfacet
  facet normal 0.358365 0 -0.933582
    outer loop
      vertex -3.24468 -360 9.98609
      vertex -4.27073 -400 9.59223
      vertex -4.27073 -360 9.59223
    endloop
  endfacet
  facet normal 0.838668 -0 0.544642
    outer loop
      vertex -9.09327 -400 -5.25
      vertex -8.49468 -360 -6.17174
      vertex -9.09327 -360 -5.25
    endloop
  endfacet
  facet normal 0.838668 0 0.544642
    outer loop
      vertex -8.49468 -360 -6.17174
      vertex -9.09327 -400 -5.25
      vertex -8.49468 -400 -6.17174
    endloop
  endfacet
  facet normal 0.891008 -0 0.453988
    outer loop
      vertex -9.59223 -400 -4.27073
      vertex -9.09327 -360 -5.25
      vertex -9.59223 -360 -4.27073
    endloop
  endfacet
  facet normal 0.891008 0 0.453988
    outer loop
      vertex -9.09327 -360 -5.25
      vertex -9.59223 -400 -4.27073
      vertex -9.09327 -400 -5.25
    endloop
  endfacet
  facet normal -0.965937 0 0.258779
    outer loop
      vertex 9.98609 -400 -3.24468
      vertex 10.2705 -360 -2.18307
      vertex 9.98609 -360 -3.24468
    endloop
  endfacet
  facet normal -0.965937 0 0.258779
    outer loop
      vertex 10.2705 -360 -2.18307
      vertex 9.98609 -400 -3.24468
      vertex 10.2705 -400 -2.18307
    endloop
  endfacet
  facet normal -0.156497 0 0.987678
    outer loop
      vertex 1.09755 -360 -10.4425
      vertex 2.18307 -400 -10.2705
      vertex 2.18307 -360 -10.2705
    endloop
  endfacet
  facet normal -0.156497 0 0.987678
    outer loop
      vertex 2.18307 -400 -10.2705
      vertex 1.09755 -360 -10.4425
      vertex 1.09755 -400 -10.4425
    endloop
  endfacet
  facet normal -0.987678 0 0.156497
    outer loop
      vertex 10.2705 -400 -2.18307
      vertex 10.4425 -360 -1.09755
      vertex 10.2705 -360 -2.18307
    endloop
  endfacet
  facet normal -0.987678 0 0.156497
    outer loop
      vertex 10.4425 -360 -1.09755
      vertex 10.2705 -400 -2.18307
      vertex 10.4425 -400 -1.09755
    endloop
  endfacet
  facet normal -0.777146 0 0.62932
    outer loop
      vertex 7.80302 -400 -7.02587
      vertex 8.49468 -360 -6.17174
      vertex 7.80302 -360 -7.02587
    endloop
  endfacet
  facet normal -0.777146 0 0.62932
    outer loop
      vertex 8.49468 -360 -6.17174
      vertex 7.80302 -400 -7.02587
      vertex 8.49468 -400 -6.17174
    endloop
  endfacet
  facet normal -0.987678 0 -0.156497
    outer loop
      vertex 10.4425 -400 1.09755
      vertex 10.2705 -360 2.18307
      vertex 10.4425 -360 1.09755
    endloop
  endfacet
  facet normal -0.987678 -0 -0.156497
    outer loop
      vertex 10.2705 -360 2.18307
      vertex 10.4425 -400 1.09755
      vertex 10.2705 -400 2.18307
    endloop
  endfacet
  facet normal -0.453988 0 0.891008
    outer loop
      vertex 4.27073 -360 -9.59223
      vertex 5.25 -400 -9.09327
      vertex 5.25 -360 -9.09327
    endloop
  endfacet
  facet normal -0.453988 0 0.891008
    outer loop
      vertex 5.25 -400 -9.09327
      vertex 4.27073 -360 -9.59223
      vertex 4.27073 -400 -9.59223
    endloop
  endfacet
  facet normal 0.258779 0 -0.965937
    outer loop
      vertex -3.24468 -400 9.98609
      vertex -2.18307 -360 10.2705
      vertex -2.18307 -400 10.2705
    endloop
  endfacet
  facet normal 0.258779 0 -0.965937
    outer loop
      vertex -2.18307 -360 10.2705
      vertex -3.24468 -400 9.98609
      vertex -3.24468 -360 9.98609
    endloop
  endfacet
  facet normal 0.156497 0 -0.987678
    outer loop
      vertex -2.18307 -400 10.2705
      vertex -1.09755 -360 10.4425
      vertex -1.09755 -400 10.4425
    endloop
  endfacet
  facet normal 0.156497 0 -0.987678
    outer loop
      vertex -1.09755 -360 10.4425
      vertex -2.18307 -400 10.2705
      vertex -2.18307 -360 10.2705
    endloop
  endfacet
  facet normal -0.891008 0 0.453988
    outer loop
      vertex 9.09327 -400 -5.25
      vertex 9.59223 -360 -4.27073
      vertex 9.09327 -360 -5.25
    endloop
  endfacet
  facet normal -0.891008 0 0.453988
    outer loop
      vertex 9.59223 -360 -4.27073
      vertex 9.09327 -400 -5.25
      vertex 9.59223 -400 -4.27073
    endloop
  endfacet
  facet normal 0.777146 -0 0.62932
    outer loop
      vertex -8.49468 -400 -6.17174
      vertex -7.80302 -360 -7.02587
      vertex -8.49468 -360 -6.17174
    endloop
  endfacet
  facet normal 0.777146 0 0.62932
    outer loop
      vertex -7.80302 -360 -7.02587
      vertex -8.49468 -400 -6.17174
      vertex -7.80302 -400 -7.02587
    endloop
  endfacet
  facet normal -0.358365 0 0.933582
    outer loop
      vertex 3.24468 -360 -9.98609
      vertex 4.27073 -400 -9.59223
      vertex 4.27073 -360 -9.59223
    endloop
  endfacet
  facet normal -0.358365 0 0.933582
    outer loop
      vertex 4.27073 -400 -9.59223
      vertex 3.24468 -360 -9.98609
      vertex 3.24468 -400 -9.98609
    endloop
  endfacet
  facet normal 0.891008 0 -0.453988
    outer loop
      vertex -9.09327 -400 5.25
      vertex -9.59223 -360 4.27073
      vertex -9.09327 -360 5.25
    endloop
  endfacet
  facet normal 0.891008 0 -0.453988
    outer loop
      vertex -9.59223 -360 4.27073
      vertex -9.09327 -400 5.25
      vertex -9.59223 -400 4.27073
    endloop
  endfacet
  facet normal -0.62932 0 0.777146
    outer loop
      vertex 6.17174 -360 -8.49468
      vertex 7.02587 -400 -7.80302
      vertex 7.02587 -360 -7.80302
    endloop
  endfacet
  facet normal -0.62932 0 0.777146
    outer loop
      vertex 7.02587 -400 -7.80302
      vertex 6.17174 -360 -8.49468
      vertex 6.17174 -400 -8.49468
    endloop
  endfacet
  facet normal -0.544642 0 0.838668
    outer loop
      vertex 5.25 -360 -9.09327
      vertex 6.17174 -400 -8.49468
      vertex 6.17174 -360 -8.49468
    endloop
  endfacet
  facet normal -0.544642 0 0.838668
    outer loop
      vertex 6.17174 -400 -8.49468
      vertex 5.25 -360 -9.09327
      vertex 5.25 -400 -9.09327
    endloop
  endfacet
  facet normal 0.933582 -0 0.358365
    outer loop
      vertex -9.98609 -400 -3.24468
      vertex -9.59223 -360 -4.27073
      vertex -9.98609 -360 -3.24468
    endloop
  endfacet
  facet normal 0.933582 0 0.358365
    outer loop
      vertex -9.59223 -360 -4.27073
      vertex -9.98609 -400 -3.24468
      vertex -9.59223 -400 -4.27073
    endloop
  endfacet
  facet normal -0.707107 0 -0.707107
    outer loop
      vertex 7.80302 -400 7.02587
      vertex 7.02587 -360 7.80302
      vertex 7.80302 -360 7.02587
    endloop
  endfacet
  facet normal -0.707107 -0 -0.707107
    outer loop
      vertex 7.02587 -360 7.80302
      vertex 7.80302 -400 7.02587
      vertex 7.02587 -400 7.80302
    endloop
  endfacet
  facet normal -0.965937 0 -0.258779
    outer loop
      vertex 10.2705 -400 2.18307
      vertex 9.98609 -360 3.24468
      vertex 10.2705 -360 2.18307
    endloop
  endfacet
  facet normal -0.965937 -0 -0.258779
    outer loop
      vertex 9.98609 -360 3.24468
      vertex 10.2705 -400 2.18307
      vertex 9.98609 -400 3.24468
    endloop
  endfacet
  facet normal -0.838668 0 -0.544642
    outer loop
      vertex 9.09327 -400 5.25
      vertex 8.49468 -360 6.17174
      vertex 9.09327 -360 5.25
    endloop
  endfacet
  facet normal -0.838668 -0 -0.544642
    outer loop
      vertex 8.49468 -360 6.17174
      vertex 9.09327 -400 5.25
      vertex 8.49468 -400 6.17174
    endloop
  endfacet
  facet normal -0.891008 0 -0.453988
    outer loop
      vertex 9.59223 -400 4.27073
      vertex 9.09327 -360 5.25
      vertex 9.59223 -360 4.27073
    endloop
  endfacet
  facet normal -0.891008 -0 -0.453988
    outer loop
      vertex 9.09327 -360 5.25
      vertex 9.59223 -400 4.27073
      vertex 9.09327 -400 5.25
    endloop
  endfacet
  facet normal 0.453988 0 -0.891008
    outer loop
      vertex -5.25 -400 9.09327
      vertex -4.27073 -360 9.59223
      vertex -4.27073 -400 9.59223
    endloop
  endfacet
  facet normal 0.453988 0 -0.891008
    outer loop
      vertex -4.27073 -360 9.59223
      vertex -5.25 -400 9.09327
      vertex -5.25 -360 9.09327
    endloop
  endfacet
  facet normal 0.544642 0 0.838668
    outer loop
      vertex -6.17174 -360 -8.49468
      vertex -5.25 -400 -9.09327
      vertex -5.25 -360 -9.09327
    endloop
  endfacet
  facet normal 0.544642 0 0.838668
    outer loop
      vertex -5.25 -400 -9.09327
      vertex -6.17174 -360 -8.49468
      vertex -6.17174 -400 -8.49468
    endloop
  endfacet
  facet normal -0.933582 0 0.358365
    outer loop
      vertex 9.59223 -400 -4.27073
      vertex 9.98609 -360 -3.24468
      vertex 9.59223 -360 -4.27073
    endloop
  endfacet
  facet normal -0.933582 0 0.358365
    outer loop
      vertex 9.98609 -360 -3.24468
      vertex 9.59223 -400 -4.27073
      vertex 9.98609 -400 -3.24468
    endloop
  endfacet
  facet normal 0.965937 0 -0.258779
    outer loop
      vertex -9.98609 -400 3.24468
      vertex -10.2705 -360 2.18307
      vertex -9.98609 -360 3.24468
    endloop
  endfacet
  facet normal 0.965937 0 -0.258779
    outer loop
      vertex -10.2705 -360 2.18307
      vertex -9.98609 -400 3.24468
      vertex -10.2705 -400 2.18307
    endloop
  endfacet
  facet normal 0.62932 0 0.777146
    outer loop
      vertex -7.02587 -360 -7.80302
      vertex -6.17174 -400 -8.49468
      vertex -6.17174 -360 -8.49468
    endloop
  endfacet
  facet normal 0.62932 0 0.777146
    outer loop
      vertex -6.17174 -400 -8.49468
      vertex -7.02587 -360 -7.80302
      vertex -7.02587 -400 -7.80302
    endloop
  endfacet
  facet normal 0.99863 0 -0.0523177
    outer loop
      vertex -10.4425 -400 1.09755
      vertex -10.5 -360 0
      vertex -10.4425 -360 1.09755
    endloop
  endfacet
  facet normal 0.99863 0 -0.0523177
    outer loop
      vertex -10.5 -360 0
      vertex -10.4425 -400 1.09755
      vertex -10.5 -400 0
    endloop
  endfacet
  facet normal 0.0523177 0 -0.99863
    outer loop
      vertex -1.09755 -400 10.4425
      vertex 0 -360 10.5
      vertex 0 -400 10.5
    endloop
  endfacet
  facet normal 0.0523177 0 -0.99863
    outer loop
      vertex 0 -360 10.5
      vertex -1.09755 -400 10.4425
      vertex -1.09755 -360 10.4425
    endloop
  endfacet
  facet normal 0.358365 0 0.933582
    outer loop
      vertex -4.27073 -360 -9.59223
      vertex -3.24468 -400 -9.98609
      vertex -3.24468 -360 -9.98609
    endloop
  endfacet
  facet normal 0.358365 0 0.933582
    outer loop
      vertex -3.24468 -400 -9.98609
      vertex -4.27073 -360 -9.59223
      vertex -4.27073 -400 -9.59223
    endloop
  endfacet
  facet normal 0.777146 0 -0.62932
    outer loop
      vertex -7.80302 -400 7.02587
      vertex -8.49468 -360 6.17174
      vertex -7.80302 -360 7.02587
    endloop
  endfacet
  facet normal 0.777146 0 -0.62932
    outer loop
      vertex -8.49468 -360 6.17174
      vertex -7.80302 -400 7.02587
      vertex -8.49468 -400 6.17174
    endloop
  endfacet
  facet normal 0.838668 0 -0.544642
    outer loop
      vertex -8.49468 -400 6.17174
      vertex -9.09327 -360 5.25
      vertex -8.49468 -360 6.17174
    endloop
  endfacet
  facet normal 0.838668 0 -0.544642
    outer loop
      vertex -9.09327 -360 5.25
      vertex -8.49468 -400 6.17174
      vertex -9.09327 -400 5.25
    endloop
  endfacet
  facet normal -0.156497 0 -0.987678
    outer loop
      vertex 1.09755 -400 10.4425
      vertex 2.18307 -360 10.2705
      vertex 2.18307 -400 10.2705
    endloop
  endfacet
  facet normal -0.156497 0 -0.987678
    outer loop
      vertex 2.18307 -360 10.2705
      vertex 1.09755 -400 10.4425
      vertex 1.09755 -360 10.4425
    endloop
  endfacet
  facet normal 0.62932 0 -0.777146
    outer loop
      vertex -7.02587 -400 7.80302
      vertex -6.17174 -360 8.49468
      vertex -6.17174 -400 8.49468
    endloop
  endfacet
  facet normal 0.62932 0 -0.777146
    outer loop
      vertex -6.17174 -360 8.49468
      vertex -7.02587 -400 7.80302
      vertex -7.02587 -360 7.80302
    endloop
  endfacet
  facet normal -0.707107 0 0.707107
    outer loop
      vertex 7.02587 -400 -7.80302
      vertex 7.80302 -360 -7.02587
      vertex 7.02587 -360 -7.80302
    endloop
  endfacet
  facet normal -0.707107 0 0.707107
    outer loop
      vertex 7.80302 -360 -7.02587
      vertex 7.02587 -400 -7.80302
      vertex 7.80302 -400 -7.02587
    endloop
  endfacet
  facet normal 0.987678 0 -0.156497
    outer loop
      vertex -10.2705 -400 2.18307
      vertex -10.4425 -360 1.09755
      vertex -10.2705 -360 2.18307
    endloop
  endfacet
  facet normal 0.987678 0 -0.156497
    outer loop
      vertex -10.4425 -360 1.09755
      vertex -10.2705 -400 2.18307
      vertex -10.4425 -400 1.09755
    endloop
  endfacet
  facet normal 0.0523177 0 0.99863
    outer loop
      vertex -1.09755 -360 -10.4425
      vertex 0 -400 -10.5
      vertex 0 -360 -10.5
    endloop
  endfacet
  facet normal 0.0523177 0 0.99863
    outer loop
      vertex 0 -400 -10.5
      vertex -1.09755 -360 -10.4425
      vertex -1.09755 -400 -10.4425
    endloop
  endfacet
  facet normal 0.707107 0 -0.707107
    outer loop
      vertex -7.02587 -400 7.80302
      vertex -7.80302 -360 7.02587
      vertex -7.02587 -360 7.80302
    endloop
  endfacet
  facet normal 0.707107 0 -0.707107
    outer loop
      vertex -7.80302 -360 7.02587
      vertex -7.02587 -400 7.80302
      vertex -7.80302 -400 7.02587
    endloop
  endfacet
  facet normal -0.0523177 0 0.99863
    outer loop
      vertex 0 -360 -10.5
      vertex 1.09755 -400 -10.4425
      vertex 1.09755 -360 -10.4425
    endloop
  endfacet
  facet normal -0.0523177 0 0.99863
    outer loop
      vertex 1.09755 -400 -10.4425
      vertex 0 -360 -10.5
      vertex 0 -400 -10.5
    endloop
  endfacet
  facet normal -0.99863 0 -0.0523177
    outer loop
      vertex 10.5 -400 0
      vertex 10.4425 -360 1.09755
      vertex 10.5 -360 0
    endloop
  endfacet
  facet normal -0.99863 -0 -0.0523177
    outer loop
      vertex 10.4425 -360 1.09755
      vertex 10.5 -400 0
      vertex 10.4425 -400 1.09755
    endloop
  endfacet
  facet normal -0.0523177 0 -0.99863
    outer loop
      vertex 0 -400 10.5
      vertex 1.09755 -360 10.4425
      vertex 1.09755 -400 10.4425
    endloop
  endfacet
  facet normal -0.0523177 0 -0.99863
    outer loop
      vertex 1.09755 -360 10.4425
      vertex 0 -400 10.5
      vertex 0 -360 10.5
    endloop
  endfacet
  facet normal -0.777146 0 -0.62932
    outer loop
      vertex 8.49468 -400 6.17174
      vertex 7.80302 -360 7.02587
      vertex 8.49468 -360 6.17174
    endloop
  endfacet
  facet normal -0.777146 -0 -0.62932
    outer loop
      vertex 7.80302 -360 7.02587
      vertex 8.49468 -400 6.17174
      vertex 7.80302 -400 7.02587
    endloop
  endfacet
  facet normal -0.453988 0 -0.891008
    outer loop
      vertex 4.27073 -400 9.59223
      vertex 5.25 -360 9.09327
      vertex 5.25 -400 9.09327
    endloop
  endfacet
  facet normal -0.453988 0 -0.891008
    outer loop
      vertex 5.25 -360 9.09327
      vertex 4.27073 -400 9.59223
      vertex 4.27073 -360 9.59223
    endloop
  endfacet
  facet normal -0.62932 0 -0.777146
    outer loop
      vertex 6.17174 -400 8.49468
      vertex 7.02587 -360 7.80302
      vertex 7.02587 -400 7.80302
    endloop
  endfacet
  facet normal -0.62932 0 -0.777146
    outer loop
      vertex 7.02587 -360 7.80302
      vertex 6.17174 -400 8.49468
      vertex 6.17174 -360 8.49468
    endloop
  endfacet
  facet normal 0.933582 0 -0.358365
    outer loop
      vertex -9.59223 -400 4.27073
      vertex -9.98609 -360 3.24468
      vertex -9.59223 -360 4.27073
    endloop
  endfacet
  facet normal 0.933582 0 -0.358365
    outer loop
      vertex -9.98609 -360 3.24468
      vertex -9.59223 -400 4.27073
      vertex -9.98609 -400 3.24468
    endloop
  endfacet
  facet normal -0.544642 0 -0.838668
    outer loop
      vertex 5.25 -400 9.09327
      vertex 6.17174 -360 8.49468
      vertex 6.17174 -400 8.49468
    endloop
  endfacet
  facet normal -0.544642 0 -0.838668
    outer loop
      vertex 6.17174 -360 8.49468
      vertex 5.25 -400 9.09327
      vertex 5.25 -360 9.09327
    endloop
  endfacet
  facet normal -0.358365 0 -0.933582
    outer loop
      vertex 3.24468 -400 9.98609
      vertex 4.27073 -360 9.59223
      vertex 4.27073 -400 9.59223
    endloop
  endfacet
  facet normal -0.358365 0 -0.933582
    outer loop
      vertex 4.27073 -360 9.59223
      vertex 3.24468 -400 9.98609
      vertex 3.24468 -360 9.98609
    endloop
  endfacet
  facet normal -0.99863 0 0.0523177
    outer loop
      vertex 10.4425 -400 -1.09755
      vertex 10.5 -360 0
      vertex 10.4425 -360 -1.09755
    endloop
  endfacet
  facet normal -0.99863 0 0.0523177
    outer loop
      vertex 10.5 -360 0
      vertex 10.4425 -400 -1.09755
      vertex 10.5 -400 0
    endloop
  endfacet
  facet normal -0.98769 0 0.156426
    outer loop
      vertex -59.6713 360 6.27171
      vertex -58.6889 400 12.4747
      vertex -59.6713 400 6.27171
    endloop
  endfacet
  facet normal -0.98769 0 0.156426
    outer loop
      vertex -58.6889 400 12.4747
      vertex -59.6713 360 6.27171
      vertex -58.6889 360 12.4747
    endloop
  endfacet
  facet normal -0.98769 0 -0.156426
    outer loop
      vertex -58.6889 360 -12.4747
      vertex -59.6713 400 -6.27171
      vertex -58.6889 400 -12.4747
    endloop
  endfacet
  facet normal -0.98769 -0 -0.156426
    outer loop
      vertex -59.6713 400 -6.27171
      vertex -58.6889 360 -12.4747
      vertex -59.6713 360 -6.27171
    endloop
  endfacet
  facet normal -0.998629 0 -0.0523381
    outer loop
      vertex -59.6713 360 -6.27171
      vertex -60 400 0
      vertex -59.6713 400 -6.27171
    endloop
  endfacet
  facet normal -0.998629 -0 -0.0523381
    outer loop
      vertex -60 400 0
      vertex -59.6713 360 -6.27171
      vertex -60 360 0
    endloop
  endfacet
  facet normal -0.965924 0 -0.258825
    outer loop
      vertex -57.0634 360 -18.541
      vertex -58.6889 400 -12.4747
      vertex -57.0634 400 -18.541
    endloop
  endfacet
  facet normal -0.965924 -0 -0.258825
    outer loop
      vertex -58.6889 400 -12.4747
      vertex -57.0634 360 -18.541
      vertex -58.6889 360 -12.4747
    endloop
  endfacet
  facet normal -0.83867 0 -0.54464
    outer loop
      vertex -48.541 360 -35.2671
      vertex -51.9615 400 -30
      vertex -48.541 400 -35.2671
    endloop
  endfacet
  facet normal -0.83867 -0 -0.54464
    outer loop
      vertex -51.9615 400 -30
      vertex -48.541 360 -35.2671
      vertex -51.9615 360 -30
    endloop
  endfacet
  facet normal -0.933579 0 -0.358372
    outer loop
      vertex -54.8127 360 -24.4042
      vertex -57.0634 400 -18.541
      vertex -54.8127 400 -24.4042
    endloop
  endfacet
  facet normal -0.933579 -0 -0.358372
    outer loop
      vertex -57.0634 400 -18.541
      vertex -54.8127 360 -24.4042
      vertex -57.0634 360 -18.541
    endloop
  endfacet
  facet normal 0.156426 0 -0.98769
    outer loop
      vertex 6.27171 360 -59.6713
      vertex 12.4747 400 -58.6889
      vertex 12.4747 360 -58.6889
    endloop
  endfacet
  facet normal 0.156426 0 -0.98769
    outer loop
      vertex 12.4747 400 -58.6889
      vertex 6.27171 360 -59.6713
      vertex 6.27171 400 -59.6713
    endloop
  endfacet
  facet normal 0.965924 -0 0.258825
    outer loop
      vertex 57.0634 360 18.541
      vertex 58.6889 400 12.4747
      vertex 57.0634 400 18.541
    endloop
  endfacet
  facet normal 0.965924 0 0.258825
    outer loop
      vertex 58.6889 400 12.4747
      vertex 57.0634 360 18.541
      vertex 58.6889 360 12.4747
    endloop
  endfacet
  facet normal 0.45399 0 0.891007
    outer loop
      vertex 24.4042 400 54.8127
      vertex 30 360 51.9615
      vertex 30 400 51.9615
    endloop
  endfacet
  facet normal 0.45399 0 0.891007
    outer loop
      vertex 30 360 51.9615
      vertex 24.4042 400 54.8127
      vertex 24.4042 360 54.8127
    endloop
  endfacet
  facet normal -0.998629 0 0.0523381
    outer loop
      vertex -60 360 0
      vertex -59.6713 400 6.27171
      vertex -60 400 0
    endloop
  endfacet
  facet normal -0.998629 0 0.0523381
    outer loop
      vertex -59.6713 400 6.27171
      vertex -60 360 0
      vertex -59.6713 360 6.27171
    endloop
  endfacet
  facet normal -0.258825 0 0.965924
    outer loop
      vertex -18.541 400 57.0634
      vertex -12.4747 360 58.6889
      vertex -12.4747 400 58.6889
    endloop
  endfacet
  facet normal -0.258825 0 0.965924
    outer loop
      vertex -12.4747 360 58.6889
      vertex -18.541 400 57.0634
      vertex -18.541 360 57.0634
    endloop
  endfacet
  facet normal 0.629319 0 0.777147
    outer loop
      vertex 35.2671 400 48.541
      vertex 40.1478 360 44.5887
      vertex 40.1478 400 44.5887
    endloop
  endfacet
  facet normal 0.629319 0 0.777147
    outer loop
      vertex 40.1478 360 44.5887
      vertex 35.2671 400 48.541
      vertex 35.2671 360 48.541
    endloop
  endfacet
  facet normal 0.707107 -0 0.707107
    outer loop
      vertex 40.1478 360 44.5887
      vertex 44.5887 400 40.1478
      vertex 40.1478 400 44.5887
    endloop
  endfacet
  facet normal 0.707107 0 0.707107
    outer loop
      vertex 44.5887 400 40.1478
      vertex 40.1478 360 44.5887
      vertex 44.5887 360 40.1478
    endloop
  endfacet
  facet normal 0.965924 0 -0.258825
    outer loop
      vertex 58.6889 360 -12.4747
      vertex 57.0634 400 -18.541
      vertex 58.6889 400 -12.4747
    endloop
  endfacet
  facet normal 0.965924 0 -0.258825
    outer loop
      vertex 57.0634 400 -18.541
      vertex 58.6889 360 -12.4747
      vertex 57.0634 360 -18.541
    endloop
  endfacet
  facet normal 0.54464 0 0.83867
    outer loop
      vertex 30 400 51.9615
      vertex 35.2671 360 48.541
      vertex 35.2671 400 48.541
    endloop
  endfacet
  facet normal 0.54464 0 0.83867
    outer loop
      vertex 35.2671 360 48.541
      vertex 30 400 51.9615
      vertex 30 360 51.9615
    endloop
  endfacet
  facet normal -0.156426 0 -0.98769
    outer loop
      vertex -12.4747 360 -58.6889
      vertex -6.27171 400 -59.6713
      vertex -6.27171 360 -59.6713
    endloop
  endfacet
  facet normal -0.156426 0 -0.98769
    outer loop
      vertex -6.27171 400 -59.6713
      vertex -12.4747 360 -58.6889
      vertex -12.4747 400 -58.6889
    endloop
  endfacet
  facet normal -0.54464 0 -0.83867
    outer loop
      vertex -35.2671 360 -48.541
      vertex -30 400 -51.9615
      vertex -30 360 -51.9615
    endloop
  endfacet
  facet normal -0.54464 0 -0.83867
    outer loop
      vertex -30 400 -51.9615
      vertex -35.2671 360 -48.541
      vertex -35.2671 400 -48.541
    endloop
  endfacet
  facet normal -0.358372 0 0.933579
    outer loop
      vertex -24.4042 400 54.8127
      vertex -18.541 360 57.0634
      vertex -18.541 400 57.0634
    endloop
  endfacet
  facet normal -0.358372 0 0.933579
    outer loop
      vertex -18.541 360 57.0634
      vertex -24.4042 400 54.8127
      vertex -24.4042 360 54.8127
    endloop
  endfacet
  facet normal 0.258825 0 -0.965924
    outer loop
      vertex 12.4747 360 -58.6889
      vertex 18.541 400 -57.0634
      vertex 18.541 360 -57.0634
    endloop
  endfacet
  facet normal 0.258825 0 -0.965924
    outer loop
      vertex 18.541 400 -57.0634
      vertex 12.4747 360 -58.6889
      vertex 12.4747 400 -58.6889
    endloop
  endfacet
  facet normal -0.0523381 0 -0.998629
    outer loop
      vertex -6.27171 360 -59.6713
      vertex 0 400 -60
      vertex 0 360 -60
    endloop
  endfacet
  facet normal -0.0523381 0 -0.998629
    outer loop
      vertex 0 400 -60
      vertex -6.27171 360 -59.6713
      vertex -6.27171 400 -59.6713
    endloop
  endfacet
  facet normal -0.358372 0 -0.933579
    outer loop
      vertex -24.4042 360 -54.8127
      vertex -18.541 400 -57.0634
      vertex -18.541 360 -57.0634
    endloop
  endfacet
  facet normal -0.358372 0 -0.933579
    outer loop
      vertex -18.541 400 -57.0634
      vertex -24.4042 360 -54.8127
      vertex -24.4042 400 -54.8127
    endloop
  endfacet
  facet normal -0.965924 0 0.258825
    outer loop
      vertex -58.6889 360 12.4747
      vertex -57.0634 400 18.541
      vertex -58.6889 400 12.4747
    endloop
  endfacet
  facet normal -0.965924 0 0.258825
    outer loop
      vertex -57.0634 400 18.541
      vertex -58.6889 360 12.4747
      vertex -57.0634 360 18.541
    endloop
  endfacet
  facet normal -0.45399 0 -0.891007
    outer loop
      vertex -30 360 -51.9615
      vertex -24.4042 400 -54.8127
      vertex -24.4042 360 -54.8127
    endloop
  endfacet
  facet normal -0.45399 0 -0.891007
    outer loop
      vertex -24.4042 400 -54.8127
      vertex -30 360 -51.9615
      vertex -30 400 -51.9615
    endloop
  endfacet
  facet normal 0.45399 0 -0.891007
    outer loop
      vertex 24.4042 360 -54.8127
      vertex 30 400 -51.9615
      vertex 30 360 -51.9615
    endloop
  endfacet
  facet normal 0.45399 0 -0.891007
    outer loop
      vertex 30 400 -51.9615
      vertex 24.4042 360 -54.8127
      vertex 24.4042 400 -54.8127
    endloop
  endfacet
  facet normal -0.156426 0 0.98769
    outer loop
      vertex -12.4747 400 58.6889
      vertex -6.27171 360 59.6713
      vertex -6.27171 400 59.6713
    endloop
  endfacet
  facet normal -0.156426 0 0.98769
    outer loop
      vertex -6.27171 360 59.6713
      vertex -12.4747 400 58.6889
      vertex -12.4747 360 58.6889
    endloop
  endfacet
  facet normal 0.258825 0 0.965924
    outer loop
      vertex 12.4747 400 58.6889
      vertex 18.541 360 57.0634
      vertex 18.541 400 57.0634
    endloop
  endfacet
  facet normal 0.258825 0 0.965924
    outer loop
      vertex 18.541 360 57.0634
      vertex 12.4747 400 58.6889
      vertex 12.4747 360 58.6889
    endloop
  endfacet
  facet normal -0.777147 0 0.629319
    outer loop
      vertex -48.541 360 35.2671
      vertex -44.5887 400 40.1478
      vertex -48.541 400 35.2671
    endloop
  endfacet
  facet normal -0.777147 0 0.629319
    outer loop
      vertex -44.5887 400 40.1478
      vertex -48.541 360 35.2671
      vertex -44.5887 360 40.1478
    endloop
  endfacet
  facet normal -0.629319 0 -0.777147
    outer loop
      vertex -40.1478 360 -44.5887
      vertex -35.2671 400 -48.541
      vertex -35.2671 360 -48.541
    endloop
  endfacet
  facet normal -0.629319 0 -0.777147
    outer loop
      vertex -35.2671 400 -48.541
      vertex -40.1478 360 -44.5887
      vertex -40.1478 400 -44.5887
    endloop
  endfacet
  facet normal -0.891007 0 0.45399
    outer loop
      vertex -54.8127 360 24.4042
      vertex -51.9615 400 30
      vertex -54.8127 400 24.4042
    endloop
  endfacet
  facet normal -0.891007 0 0.45399
    outer loop
      vertex -51.9615 400 30
      vertex -54.8127 360 24.4042
      vertex -51.9615 360 30
    endloop
  endfacet
  facet normal 0.707107 0 -0.707107
    outer loop
      vertex 44.5887 360 -40.1478
      vertex 40.1478 400 -44.5887
      vertex 44.5887 400 -40.1478
    endloop
  endfacet
  facet normal 0.707107 0 -0.707107
    outer loop
      vertex 40.1478 400 -44.5887
      vertex 44.5887 360 -40.1478
      vertex 40.1478 360 -44.5887
    endloop
  endfacet
  facet normal -0.0523381 0 0.998629
    outer loop
      vertex -6.27171 400 59.6713
      vertex 0 360 60
      vertex 0 400 60
    endloop
  endfacet
  facet normal -0.0523381 0 0.998629
    outer loop
      vertex 0 360 60
      vertex -6.27171 400 59.6713
      vertex -6.27171 360 59.6713
    endloop
  endfacet
  facet normal 0.358372 0 -0.933579
    outer loop
      vertex 18.541 360 -57.0634
      vertex 24.4042 400 -54.8127
      vertex 24.4042 360 -54.8127
    endloop
  endfacet
  facet normal 0.358372 0 -0.933579
    outer loop
      vertex 24.4042 400 -54.8127
      vertex 18.541 360 -57.0634
      vertex 18.541 400 -57.0634
    endloop
  endfacet
  facet normal 0.0523381 0 -0.998629
    outer loop
      vertex 0 360 -60
      vertex 6.27171 400 -59.6713
      vertex 6.27171 360 -59.6713
    endloop
  endfacet
  facet normal 0.0523381 0 -0.998629
    outer loop
      vertex 6.27171 400 -59.6713
      vertex 0 360 -60
      vertex 0 400 -60
    endloop
  endfacet
  facet normal -0.45399 0 0.891007
    outer loop
      vertex -30 400 51.9615
      vertex -24.4042 360 54.8127
      vertex -24.4042 400 54.8127
    endloop
  endfacet
  facet normal -0.45399 0 0.891007
    outer loop
      vertex -24.4042 360 54.8127
      vertex -30 400 51.9615
      vertex -30 360 51.9615
    endloop
  endfacet
  facet normal 0.933579 0 -0.358372
    outer loop
      vertex 57.0634 360 -18.541
      vertex 54.8127 400 -24.4042
      vertex 57.0634 400 -18.541
    endloop
  endfacet
  facet normal 0.933579 0 -0.358372
    outer loop
      vertex 54.8127 400 -24.4042
      vertex 57.0634 360 -18.541
      vertex 54.8127 360 -24.4042
    endloop
  endfacet
  facet normal 0.891007 0 -0.45399
    outer loop
      vertex 54.8127 360 -24.4042
      vertex 51.9615 400 -30
      vertex 54.8127 400 -24.4042
    endloop
  endfacet
  facet normal 0.891007 0 -0.45399
    outer loop
      vertex 51.9615 400 -30
      vertex 54.8127 360 -24.4042
      vertex 51.9615 360 -30
    endloop
  endfacet
  facet normal -0.777147 0 -0.629319
    outer loop
      vertex -44.5887 360 -40.1478
      vertex -48.541 400 -35.2671
      vertex -44.5887 400 -40.1478
    endloop
  endfacet
  facet normal -0.777147 -0 -0.629319
    outer loop
      vertex -48.541 400 -35.2671
      vertex -44.5887 360 -40.1478
      vertex -48.541 360 -35.2671
    endloop
  endfacet
  facet normal -0.258825 0 -0.965924
    outer loop
      vertex -18.541 360 -57.0634
      vertex -12.4747 400 -58.6889
      vertex -12.4747 360 -58.6889
    endloop
  endfacet
  facet normal -0.258825 0 -0.965924
    outer loop
      vertex -12.4747 400 -58.6889
      vertex -18.541 360 -57.0634
      vertex -18.541 400 -57.0634
    endloop
  endfacet
  facet normal -0.83867 0 0.54464
    outer loop
      vertex -51.9615 360 30
      vertex -48.541 400 35.2671
      vertex -51.9615 400 30
    endloop
  endfacet
  facet normal -0.83867 0 0.54464
    outer loop
      vertex -48.541 400 35.2671
      vertex -51.9615 360 30
      vertex -48.541 360 35.2671
    endloop
  endfacet
  facet normal 0.998629 -0 0.0523381
    outer loop
      vertex 59.6713 360 6.27171
      vertex 60 400 0
      vertex 59.6713 400 6.27171
    endloop
  endfacet
  facet normal 0.998629 0 0.0523381
    outer loop
      vertex 60 400 0
      vertex 59.6713 360 6.27171
      vertex 60 360 0
    endloop
  endfacet
  facet normal 0 1 0
    outer loop
      vertex 0 400 10.5
      vertex 0 400 60
      vertex 6.27171 400 59.6713
    endloop
  endfacet
  facet normal 0 1 0
    outer loop
      vertex 1.09755 400 10.4425
      vertex 6.27171 400 59.6713
      vertex 12.4747 400 58.6889
    endloop
  endfacet
  facet normal 0 1 0
    outer loop
      vertex 0 400 60
      vertex 0 400 10.5
      vertex -6.27171 400 59.6713
    endloop
  endfacet
  facet normal 0 1 0
    outer loop
      vertex 2.18307 400 10.2705
      vertex 12.4747 400 58.6889
      vertex 18.541 400 57.0634
    endloop
  endfacet
  facet normal 0 1 -0
    outer loop
      vertex -1.09755 400 10.4425
      vertex -6.27171 400 59.6713
      vertex 0 400 10.5
    endloop
  endfacet
  facet normal 0 1 0
    outer loop
      vertex 3.24468 400 9.98609
      vertex 18.541 400 57.0634
      vertex 24.4042 400 54.8127
    endloop
  endfacet
  facet normal 0 1 0
    outer loop
      vertex -6.27171 400 59.6713
      vertex -1.09755 400 10.4425
      vertex -12.4747 400 58.6889
    endloop
  endfacet
  facet normal 0 1 0
    outer loop
      vertex 4.27073 400 9.59223
      vertex 24.4042 400 54.8127
      vertex 30 400 51.9615
    endloop
  endfacet
  facet normal 0 1 -0
    outer loop
      vertex -2.18307 400 10.2705
      vertex -12.4747 400 58.6889
      vertex -1.09755 400 10.4425
    endloop
  endfacet
  facet normal 0 1 0
    outer loop
      vertex 5.25 400 9.09327
      vertex 30 400 51.9615
      vertex 35.2671 400 48.541
    endloop
  endfacet
  facet normal 0 1 0
    outer loop
      vertex -12.4747 400 58.6889
      vertex -2.18307 400 10.2705
      vertex -18.541 400 57.0634
    endloop
  endfacet
  facet normal 0 1 0
    outer loop
      vertex 6.17174 400 8.49468
      vertex 35.2671 400 48.541
      vertex 40.1478 400 44.5887
    endloop
  endfacet
  facet normal 0 1 -0
    outer loop
      vertex -3.24468 400 9.98609
      vertex -18.541 400 57.0634
      vertex -2.18307 400 10.2705
    endloop
  endfacet
  facet normal 0 1 0
    outer loop
      vertex 7.02587 400 7.80302
      vertex 40.1478 400 44.5887
      vertex 44.5887 400 40.1478
    endloop
  endfacet
  facet normal 0 1 0
    outer loop
      vertex -18.541 400 57.0634
      vertex -3.24468 400 9.98609
      vertex -24.4042 400 54.8127
    endloop
  endfacet
  facet normal 0 1 0
    outer loop
      vertex 7.80302 400 7.02587
      vertex 44.5887 400 40.1478
      vertex 48.541 400 35.2671
    endloop
  endfacet
  facet normal 0 1 -0
    outer loop
      vertex -4.27073 400 9.59223
      vertex -24.4042 400 54.8127
      vertex -3.24468 400 9.98609
    endloop
  endfacet
  facet normal 0 1 0
    outer loop
      vertex 8.49468 400 6.17174
      vertex 48.541 400 35.2671
      vertex 51.9615 400 30
    endloop
  endfacet
  facet normal 0 1 0
    outer loop
      vertex -24.4042 400 54.8127
      vertex -4.27073 400 9.59223
      vertex -30 400 51.9615
    endloop
  endfacet
  facet normal 0 1 0
    outer loop
      vertex 9.09327 400 5.25
      vertex 51.9615 400 30
      vertex 54.8127 400 24.4042
    endloop
  endfacet
  facet normal 0 1 -0
    outer loop
      vertex -5.25 400 9.09327
      vertex -30 400 51.9615
      vertex -4.27073 400 9.59223
    endloop
  endfacet
  facet normal 0 1 0
    outer loop
      vertex 9.59223 400 4.27073
      vertex 54.8127 400 24.4042
      vertex 57.0634 400 18.541
    endloop
  endfacet
  facet normal 0 1 0
    outer loop
      vertex -30 400 51.9615
      vertex -5.25 400 9.09327
      vertex -35.2671 400 48.541
    endloop
  endfacet
  facet normal 0 1 0
    outer loop
      vertex 9.98609 400 3.24468
      vertex 57.0634 400 18.541
      vertex 58.6889 400 12.4747
    endloop
  endfacet
  facet normal 0 1 -0
    outer loop
      vertex -6.17174 400 8.49468
      vertex -35.2671 400 48.541
      vertex -5.25 400 9.09327
    endloop
  endfacet
  facet normal 0 1 0
    outer loop
      vertex -35.2671 400 48.541
      vertex -6.17174 400 8.49468
      vertex -40.1478 400 44.5887
    endloop
  endfacet
  facet normal 0 1 0
    outer loop
      vertex 6.27171 400 59.6713
      vertex 1.09755 400 10.4425
      vertex 0 400 10.5
    endloop
  endfacet
  facet normal 0 1 0
    outer loop
      vertex 12.4747 400 58.6889
      vertex 2.18307 400 10.2705
      vertex 1.09755 400 10.4425
    endloop
  endfacet
  facet normal 0 1 0
    outer loop
      vertex 18.541 400 57.0634
      vertex 3.24468 400 9.98609
      vertex 2.18307 400 10.2705
    endloop
  endfacet
  facet normal 0 1 0
    outer loop
      vertex 24.4042 400 54.8127
      vertex 4.27073 400 9.59223
      vertex 3.24468 400 9.98609
    endloop
  endfacet
  facet normal 0 1 0
    outer loop
      vertex 30 400 51.9615
      vertex 5.25 400 9.09327
      vertex 4.27073 400 9.59223
    endloop
  endfacet
  facet normal 0 1 0
    outer loop
      vertex 35.2671 400 48.541
      vertex 6.17174 400 8.49468
      vertex 5.25 400 9.09327
    endloop
  endfacet
  facet normal 0 1 0
    outer loop
      vertex 40.1478 400 44.5887
      vertex 7.02587 400 7.80302
      vertex 6.17174 400 8.49468
    endloop
  endfacet
  facet normal 0 1 0
    outer loop
      vertex 44.5887 400 40.1478
      vertex 7.80302 400 7.02587
      vertex 7.02587 400 7.80302
    endloop
  endfacet
  facet normal 0 1 0
    outer loop
      vertex 10.2705 400 2.18307
      vertex 58.6889 400 12.4747
      vertex 59.6713 400 6.27171
    endloop
  endfacet
  facet normal 0 1 0
    outer loop
      vertex 48.541 400 35.2671
      vertex 8.49468 400 6.17174
      vertex 7.80302 400 7.02587
    endloop
  endfacet
  facet normal 0 1 0
    outer loop
      vertex 51.9615 400 30
      vertex 9.09327 400 5.25
      vertex 8.49468 400 6.17174
    endloop
  endfacet
  facet normal 0 1 0
    outer loop
      vertex 54.8127 400 24.4042
      vertex 9.59223 400 4.27073
      vertex 9.09327 400 5.25
    endloop
  endfacet
  facet normal 0 1 0
    outer loop
      vertex 57.0634 400 18.541
      vertex 9.98609 400 3.24468
      vertex 9.59223 400 4.27073
    endloop
  endfacet
  facet normal 0 1 0
    outer loop
      vertex 58.6889 400 12.4747
      vertex 10.2705 400 2.18307
      vertex 9.98609 400 3.24468
    endloop
  endfacet
  facet normal 0 1 0
    outer loop
      vertex 59.6713 400 6.27171
      vertex 10.4425 400 1.09755
      vertex 10.2705 400 2.18307
    endloop
  endfacet
  facet normal 0 1 0
    outer loop
      vertex 60 400 0
      vertex 10.4425 400 1.09755
      vertex 59.6713 400 6.27171
    endloop
  endfacet
  facet normal 0 1 0
    outer loop
      vertex 60 400 0
      vertex 10.5 400 0
      vertex 10.4425 400 1.09755
    endloop
  endfacet
  facet normal 0 1 0
    outer loop
      vertex 60 400 0
      vertex 10.4425 400 -1.09755
      vertex 10.5 400 0
    endloop
  endfacet
  facet normal 0 1 -0
    outer loop
      vertex 59.6713 400 -6.27171
      vertex 10.4425 400 -1.09755
      vertex 60 400 0
    endloop
  endfacet
  facet normal 0 1 0
    outer loop
      vertex 10.4425 400 -1.09755
      vertex 59.6713 400 -6.27171
      vertex 10.2705 400 -2.18307
    endloop
  endfacet
  facet normal 0 1 -0
    outer loop
      vertex 58.6889 400 -12.4747
      vertex 10.2705 400 -2.18307
      vertex 59.6713 400 -6.27171
    endloop
  endfacet
  facet normal 0 1 0
    outer loop
      vertex 10.2705 400 -2.18307
      vertex 58.6889 400 -12.4747
      vertex 9.98609 400 -3.24468
    endloop
  endfacet
  facet normal 0 1 -0
    outer loop
      vertex 57.0634 400 -18.541
      vertex 9.98609 400 -3.24468
      vertex 58.6889 400 -12.4747
    endloop
  endfacet
  facet normal 0 1 0
    outer loop
      vertex 9.98609 400 -3.24468
      vertex 57.0634 400 -18.541
      vertex 9.59223 400 -4.27073
    endloop
  endfacet
  facet normal 0 1 -0
    outer loop
      vertex 54.8127 400 -24.4042
      vertex 9.59223 400 -4.27073
      vertex 57.0634 400 -18.541
    endloop
  endfacet
  facet normal 0 1 0
    outer loop
      vertex 9.59223 400 -4.27073
      vertex 54.8127 400 -24.4042
      vertex 9.09327 400 -5.25
    endloop
  endfacet
  facet normal 0 1 -0
    outer loop
      vertex 51.9615 400 -30
      vertex 9.09327 400 -5.25
      vertex 54.8127 400 -24.4042
    endloop
  endfacet
  facet normal 0 1 0
    outer loop
      vertex 9.09327 400 -5.25
      vertex 51.9615 400 -30
      vertex 8.49468 400 -6.17174
    endloop
  endfacet
  facet normal 0 1 -0
    outer loop
      vertex 48.541 400 -35.2671
      vertex 8.49468 400 -6.17174
      vertex 51.9615 400 -30
    endloop
  endfacet
  facet normal 0 1 0
    outer loop
      vertex 8.49468 400 -6.17174
      vertex 48.541 400 -35.2671
      vertex 7.80302 400 -7.02587
    endloop
  endfacet
  facet normal 0 1 -0
    outer loop
      vertex 44.5887 400 -40.1478
      vertex 7.80302 400 -7.02587
      vertex 48.541 400 -35.2671
    endloop
  endfacet
  facet normal 0 1 0
    outer loop
      vertex 7.80302 400 -7.02587
      vertex 44.5887 400 -40.1478
      vertex 7.02587 400 -7.80302
    endloop
  endfacet
  facet normal 0 1 0
    outer loop
      vertex 7.02587 400 -7.80302
      vertex 40.1478 400 -44.5887
      vertex 6.17174 400 -8.49468
    endloop
  endfacet
  facet normal 0 1 -0
    outer loop
      vertex 40.1478 400 -44.5887
      vertex 7.02587 400 -7.80302
      vertex 44.5887 400 -40.1478
    endloop
  endfacet
  facet normal 0 1 -0
    outer loop
      vertex -7.02587 400 7.80302
      vertex -40.1478 400 44.5887
      vertex -6.17174 400 8.49468
    endloop
  endfacet
  facet normal 0 1 0
    outer loop
      vertex -40.1478 400 44.5887
      vertex -7.02587 400 7.80302
      vertex -44.5887 400 40.1478
    endloop
  endfacet
  facet normal 0 1 -0
    outer loop
      vertex -7.80302 400 7.02587
      vertex -44.5887 400 40.1478
      vertex -7.02587 400 7.80302
    endloop
  endfacet
  facet normal 0 1 0
    outer loop
      vertex -44.5887 400 40.1478
      vertex -7.80302 400 7.02587
      vertex -48.541 400 35.2671
    endloop
  endfacet
  facet normal 0 1 -0
    outer loop
      vertex -8.49468 400 6.17174
      vertex -48.541 400 35.2671
      vertex -7.80302 400 7.02587
    endloop
  endfacet
  facet normal 0 1 0
    outer loop
      vertex -48.541 400 35.2671
      vertex -8.49468 400 6.17174
      vertex -51.9615 400 30
    endloop
  endfacet
  facet normal 0 1 -0
    outer loop
      vertex -9.09327 400 5.25
      vertex -51.9615 400 30
      vertex -8.49468 400 6.17174
    endloop
  endfacet
  facet normal 0 1 0
    outer loop
      vertex -51.9615 400 30
      vertex -9.09327 400 5.25
      vertex -54.8127 400 24.4042
    endloop
  endfacet
  facet normal 0 1 -0
    outer loop
      vertex -9.59223 400 4.27073
      vertex -54.8127 400 24.4042
      vertex -9.09327 400 5.25
    endloop
  endfacet
  facet normal 0 1 0
    outer loop
      vertex -54.8127 400 24.4042
      vertex -9.59223 400 4.27073
      vertex -57.0634 400 18.541
    endloop
  endfacet
  facet normal 0 1 -0
    outer loop
      vertex -9.98609 400 3.24468
      vertex -57.0634 400 18.541
      vertex -9.59223 400 4.27073
    endloop
  endfacet
  facet normal 0 1 0
    outer loop
      vertex -57.0634 400 18.541
      vertex -9.98609 400 3.24468
      vertex -58.6889 400 12.4747
    endloop
  endfacet
  facet normal 0 1 -0
    outer loop
      vertex -10.2705 400 2.18307
      vertex -58.6889 400 12.4747
      vertex -9.98609 400 3.24468
    endloop
  endfacet
  facet normal 0 1 0
    outer loop
      vertex -58.6889 400 12.4747
      vertex -10.2705 400 2.18307
      vertex -59.6713 400 6.27171
    endloop
  endfacet
  facet normal 0 1 -0
    outer loop
      vertex -10.4425 400 1.09755
      vertex -59.6713 400 6.27171
      vertex -10.2705 400 2.18307
    endloop
  endfacet
  facet normal 0 1 -0
    outer loop
      vertex -10.5 400 0
      vertex -59.6713 400 6.27171
      vertex -10.4425 400 1.09755
    endloop
  endfacet
  facet normal 0 1 0
    outer loop
      vertex -10.5 400 0
      vertex -60 400 0
      vertex -59.6713 400 6.27171
    endloop
  endfacet
  facet normal 0 1 0
    outer loop
      vertex -10.4425 400 -1.09755
      vertex -60 400 0
      vertex -10.5 400 0
    endloop
  endfacet
  facet normal 0 1 0
    outer loop
      vertex -59.6713 400 -6.27171
      vertex -10.4425 400 -1.09755
      vertex -10.2705 400 -2.18307
    endloop
  endfacet
  facet normal 0 1 0
    outer loop
      vertex -58.6889 400 -12.4747
      vertex -10.2705 400 -2.18307
      vertex -9.98609 400 -3.24468
    endloop
  endfacet
  facet normal 0 1 0
    outer loop
      vertex -57.0634 400 -18.541
      vertex -9.98609 400 -3.24468
      vertex -9.59223 400 -4.27073
    endloop
  endfacet
  facet normal 0 1 0
    outer loop
      vertex -54.8127 400 -24.4042
      vertex -9.59223 400 -4.27073
      vertex -9.09327 400 -5.25
    endloop
  endfacet
  facet normal 0 1 0
    outer loop
      vertex -51.9615 400 -30
      vertex -9.09327 400 -5.25
      vertex -8.49468 400 -6.17174
    endloop
  endfacet
  facet normal 0 1 0
    outer loop
      vertex -10.4425 400 -1.09755
      vertex -59.6713 400 -6.27171
      vertex -60 400 0
    endloop
  endfacet
  facet normal 0 1 0
    outer loop
      vertex -48.541 400 -35.2671
      vertex -8.49468 400 -6.17174
      vertex -7.80302 400 -7.02587
    endloop
  endfacet
  facet normal 0 1 0
    outer loop
      vertex -44.5887 400 -40.1478
      vertex -7.80302 400 -7.02587
      vertex -7.02587 400 -7.80302
    endloop
  endfacet
  facet normal 0 1 0
    outer loop
      vertex -40.1478 400 -44.5887
      vertex -7.02587 400 -7.80302
      vertex -6.17174 400 -8.49468
    endloop
  endfacet
  facet normal 0 1 0
    outer loop
      vertex -35.2671 400 -48.541
      vertex -6.17174 400 -8.49468
      vertex -5.25 400 -9.09327
    endloop
  endfacet
  facet normal 0 1 0
    outer loop
      vertex -30 400 -51.9615
      vertex -5.25 400 -9.09327
      vertex -4.27073 400 -9.59223
    endloop
  endfacet
  facet normal 0 1 0
    outer loop
      vertex -24.4042 400 -54.8127
      vertex -4.27073 400 -9.59223
      vertex -3.24468 400 -9.98609
    endloop
  endfacet
  facet normal 0 1 0
    outer loop
      vertex -18.541 400 -57.0634
      vertex -3.24468 400 -9.98609
      vertex -2.18307 400 -10.2705
    endloop
  endfacet
  facet normal 0 1 0
    outer loop
      vertex -12.4747 400 -58.6889
      vertex -2.18307 400 -10.2705
      vertex -1.09755 400 -10.4425
    endloop
  endfacet
  facet normal 0 1 0
    outer loop
      vertex -10.2705 400 -2.18307
      vertex -58.6889 400 -12.4747
      vertex -59.6713 400 -6.27171
    endloop
  endfacet
  facet normal 0 1 0
    outer loop
      vertex -6.27171 400 -59.6713
      vertex -1.09755 400 -10.4425
      vertex 0 400 -10.5
    endloop
  endfacet
  facet normal 0 1 -0
    outer loop
      vertex 35.2671 400 -48.541
      vertex 6.17174 400 -8.49468
      vertex 40.1478 400 -44.5887
    endloop
  endfacet
  facet normal 0 1 0
    outer loop
      vertex 6.17174 400 -8.49468
      vertex 35.2671 400 -48.541
      vertex 5.25 400 -9.09327
    endloop
  endfacet
  facet normal 0 1 0
    outer loop
      vertex -9.98609 400 -3.24468
      vertex -57.0634 400 -18.541
      vertex -58.6889 400 -12.4747
    endloop
  endfacet
  facet normal 0 1 -0
    outer loop
      vertex 30 400 -51.9615
      vertex 5.25 400 -9.09327
      vertex 35.2671 400 -48.541
    endloop
  endfacet
  facet normal 0 1 0
    outer loop
      vertex -9.59223 400 -4.27073
      vertex -54.8127 400 -24.4042
      vertex -57.0634 400 -18.541
    endloop
  endfacet
  facet normal 0 1 0
    outer loop
      vertex 5.25 400 -9.09327
      vertex 30 400 -51.9615
      vertex 4.27073 400 -9.59223
    endloop
  endfacet
  facet normal 0 1 0
    outer loop
      vertex -9.09327 400 -5.25
      vertex -51.9615 400 -30
      vertex -54.8127 400 -24.4042
    endloop
  endfacet
  facet normal 0 1 -0
    outer loop
      vertex 24.4042 400 -54.8127
      vertex 4.27073 400 -9.59223
      vertex 30 400 -51.9615
    endloop
  endfacet
  facet normal 0 1 0
    outer loop
      vertex -8.49468 400 -6.17174
      vertex -48.541 400 -35.2671
      vertex -51.9615 400 -30
    endloop
  endfacet
  facet normal 0 1 0
    outer loop
      vertex 4.27073 400 -9.59223
      vertex 24.4042 400 -54.8127
      vertex 3.24468 400 -9.98609
    endloop
  endfacet
  facet normal 0 1 0
    outer loop
      vertex -7.80302 400 -7.02587
      vertex -44.5887 400 -40.1478
      vertex -48.541 400 -35.2671
    endloop
  endfacet
  facet normal 0 1 -0
    outer loop
      vertex 18.541 400 -57.0634
      vertex 3.24468 400 -9.98609
      vertex 24.4042 400 -54.8127
    endloop
  endfacet
  facet normal 0 1 0
    outer loop
      vertex -7.02587 400 -7.80302
      vertex -40.1478 400 -44.5887
      vertex -44.5887 400 -40.1478
    endloop
  endfacet
  facet normal 0 1 0
    outer loop
      vertex 3.24468 400 -9.98609
      vertex 18.541 400 -57.0634
      vertex 2.18307 400 -10.2705
    endloop
  endfacet
  facet normal 0 1 0
    outer loop
      vertex -6.17174 400 -8.49468
      vertex -35.2671 400 -48.541
      vertex -40.1478 400 -44.5887
    endloop
  endfacet
  facet normal 0 1 -0
    outer loop
      vertex 12.4747 400 -58.6889
      vertex 2.18307 400 -10.2705
      vertex 18.541 400 -57.0634
    endloop
  endfacet
  facet normal 0 1 0
    outer loop
      vertex -5.25 400 -9.09327
      vertex -30 400 -51.9615
      vertex -35.2671 400 -48.541
    endloop
  endfacet
  facet normal 0 1 0
    outer loop
      vertex 2.18307 400 -10.2705
      vertex 12.4747 400 -58.6889
      vertex 1.09755 400 -10.4425
    endloop
  endfacet
  facet normal 0 1 0
    outer loop
      vertex -4.27073 400 -9.59223
      vertex -24.4042 400 -54.8127
      vertex -30 400 -51.9615
    endloop
  endfacet
  facet normal 0 1 -0
    outer loop
      vertex 6.27171 400 -59.6713
      vertex 1.09755 400 -10.4425
      vertex 12.4747 400 -58.6889
    endloop
  endfacet
  facet normal 0 1 0
    outer loop
      vertex -3.24468 400 -9.98609
      vertex -18.541 400 -57.0634
      vertex -24.4042 400 -54.8127
    endloop
  endfacet
  facet normal 0 1 0
    outer loop
      vertex 1.09755 400 -10.4425
      vertex 6.27171 400 -59.6713
      vertex 0 400 -10.5
    endloop
  endfacet
  facet normal 0 1 0
    outer loop
      vertex -2.18307 400 -10.2705
      vertex -12.4747 400 -58.6889
      vertex -18.541 400 -57.0634
    endloop
  endfacet
  facet normal 0 1 0
    outer loop
      vertex 0 400 -60
      vertex 0 400 -10.5
      vertex 6.27171 400 -59.6713
    endloop
  endfacet
  facet normal 0 1 0
    outer loop
      vertex -1.09755 400 -10.4425
      vertex -6.27171 400 -59.6713
      vertex -12.4747 400 -58.6889
    endloop
  endfacet
  facet normal 0 1 0
    outer loop
      vertex 0 400 -10.5
      vertex 0 400 -60
      vertex -6.27171 400 -59.6713
    endloop
  endfacet
  facet normal -0.707107 0 -0.707107
    outer loop
      vertex -40.1478 360 -44.5887
      vertex -44.5887 400 -40.1478
      vertex -40.1478 400 -44.5887
    endloop
  endfacet
  facet normal -0.707107 -0 -0.707107
    outer loop
      vertex -44.5887 400 -40.1478
      vertex -40.1478 360 -44.5887
      vertex -44.5887 360 -40.1478
    endloop
  endfacet
  facet normal -0.891007 0 -0.45399
    outer loop
      vertex -51.9615 360 -30
      vertex -54.8127 400 -24.4042
      vertex -51.9615 400 -30
    endloop
  endfacet
  facet normal -0.891007 -0 -0.45399
    outer loop
      vertex -54.8127 400 -24.4042
      vertex -51.9615 360 -30
      vertex -54.8127 360 -24.4042
    endloop
  endfacet
  facet normal 0.83867 0 -0.54464
    outer loop
      vertex 51.9615 360 -30
      vertex 48.541 400 -35.2671
      vertex 51.9615 400 -30
    endloop
  endfacet
  facet normal 0.83867 0 -0.54464
    outer loop
      vertex 48.541 400 -35.2671
      vertex 51.9615 360 -30
      vertex 48.541 360 -35.2671
    endloop
  endfacet
  facet normal 0.98769 0 -0.156426
    outer loop
      vertex 59.6713 360 -6.27171
      vertex 58.6889 400 -12.4747
      vertex 59.6713 400 -6.27171
    endloop
  endfacet
  facet normal 0.98769 0 -0.156426
    outer loop
      vertex 58.6889 400 -12.4747
      vertex 59.6713 360 -6.27171
      vertex 58.6889 360 -12.4747
    endloop
  endfacet
  facet normal 0 -1 0
    outer loop
      vertex 0 360 10.5
      vertex 0 360 60
      vertex -6.27171 360 59.6713
    endloop
  endfacet
  facet normal 0 -1 0
    outer loop
      vertex -1.09755 360 10.4425
      vertex -6.27171 360 59.6713
      vertex -12.4747 360 58.6889
    endloop
  endfacet
  facet normal 0 -1 0
    outer loop
      vertex 0 360 60
      vertex 0 360 10.5
      vertex 6.27171 360 59.6713
    endloop
  endfacet
  facet normal 0 -1 0
    outer loop
      vertex -2.18307 360 10.2705
      vertex -12.4747 360 58.6889
      vertex -18.541 360 57.0634
    endloop
  endfacet
  facet normal 0 -1 0
    outer loop
      vertex 1.09755 360 10.4425
      vertex 6.27171 360 59.6713
      vertex 0 360 10.5
    endloop
  endfacet
  facet normal 0 -1 0
    outer loop
      vertex -3.24468 360 9.98609
      vertex -18.541 360 57.0634
      vertex -24.4042 360 54.8127
    endloop
  endfacet
  facet normal 0 -1 -0
    outer loop
      vertex 6.27171 360 59.6713
      vertex 1.09755 360 10.4425
      vertex 12.4747 360 58.6889
    endloop
  endfacet
  facet normal 0 -1 0
    outer loop
      vertex -4.27073 360 9.59223
      vertex -24.4042 360 54.8127
      vertex -30 360 51.9615
    endloop
  endfacet
  facet normal 0 -1 0
    outer loop
      vertex 2.18307 360 10.2705
      vertex 12.4747 360 58.6889
      vertex 1.09755 360 10.4425
    endloop
  endfacet
  facet normal 0 -1 0
    outer loop
      vertex -5.25 360 9.09327
      vertex -30 360 51.9615
      vertex -35.2671 360 48.541
    endloop
  endfacet
  facet normal 0 -1 -0
    outer loop
      vertex 12.4747 360 58.6889
      vertex 2.18307 360 10.2705
      vertex 18.541 360 57.0634
    endloop
  endfacet
  facet normal 0 -1 0
    outer loop
      vertex -6.17174 360 8.49468
      vertex -35.2671 360 48.541
      vertex -40.1478 360 44.5887
    endloop
  endfacet
  facet normal 0 -1 0
    outer loop
      vertex 3.24468 360 9.98609
      vertex 18.541 360 57.0634
      vertex 2.18307 360 10.2705
    endloop
  endfacet
  facet normal 0 -1 0
    outer loop
      vertex -7.02587 360 7.80302
      vertex -40.1478 360 44.5887
      vertex -44.5887 360 40.1478
    endloop
  endfacet
  facet normal 0 -1 -0
    outer loop
      vertex 18.541 360 57.0634
      vertex 3.24468 360 9.98609
      vertex 24.4042 360 54.8127
    endloop
  endfacet
  facet normal 0 -1 0
    outer loop
      vertex -7.80302 360 7.02587
      vertex -44.5887 360 40.1478
      vertex -48.541 360 35.2671
    endloop
  endfacet
  facet normal 0 -1 0
    outer loop
      vertex 4.27073 360 9.59223
      vertex 24.4042 360 54.8127
      vertex 3.24468 360 9.98609
    endloop
  endfacet
  facet normal 0 -1 0
    outer loop
      vertex -8.49468 360 6.17174
      vertex -48.541 360 35.2671
      vertex -51.9615 360 30
    endloop
  endfacet
  facet normal 0 -1 -0
    outer loop
      vertex 24.4042 360 54.8127
      vertex 4.27073 360 9.59223
      vertex 30 360 51.9615
    endloop
  endfacet
  facet normal 0 -1 0
    outer loop
      vertex -9.09327 360 5.25
      vertex -51.9615 360 30
      vertex -54.8127 360 24.4042
    endloop
  endfacet
  facet normal 0 -1 0
    outer loop
      vertex 5.25 360 9.09327
      vertex 30 360 51.9615
      vertex 4.27073 360 9.59223
    endloop
  endfacet
  facet normal 0 -1 0
    outer loop
      vertex -9.59223 360 4.27073
      vertex -54.8127 360 24.4042
      vertex -57.0634 360 18.541
    endloop
  endfacet
  facet normal 0 -1 -0
    outer loop
      vertex 30 360 51.9615
      vertex 5.25 360 9.09327
      vertex 35.2671 360 48.541
    endloop
  endfacet
  facet normal 0 -1 0
    outer loop
      vertex -9.98609 360 3.24468
      vertex -57.0634 360 18.541
      vertex -58.6889 360 12.4747
    endloop
  endfacet
  facet normal 0 -1 0
    outer loop
      vertex 6.17174 360 8.49468
      vertex 35.2671 360 48.541
      vertex 5.25 360 9.09327
    endloop
  endfacet
  facet normal 0 -1 -0
    outer loop
      vertex 35.2671 360 48.541
      vertex 6.17174 360 8.49468
      vertex 40.1478 360 44.5887
    endloop
  endfacet
  facet normal 0 -1 0
    outer loop
      vertex -6.27171 360 59.6713
      vertex -1.09755 360 10.4425
      vertex 0 360 10.5
    endloop
  endfacet
  facet normal 0 -1 0
    outer loop
      vertex -12.4747 360 58.6889
      vertex -2.18307 360 10.2705
      vertex -1.09755 360 10.4425
    endloop
  endfacet
  facet normal 0 -1 0
    outer loop
      vertex -18.541 360 57.0634
      vertex -3.24468 360 9.98609
      vertex -2.18307 360 10.2705
    endloop
  endfacet
  facet normal 0 -1 0
    outer loop
      vertex -24.4042 360 54.8127
      vertex -4.27073 360 9.59223
      vertex -3.24468 360 9.98609
    endloop
  endfacet
  facet normal 0 -1 0
    outer loop
      vertex -30 360 51.9615
      vertex -5.25 360 9.09327
      vertex -4.27073 360 9.59223
    endloop
  endfacet
  facet normal 0 -1 0
    outer loop
      vertex -35.2671 360 48.541
      vertex -6.17174 360 8.49468
      vertex -5.25 360 9.09327
    endloop
  endfacet
  facet normal 0 -1 0
    outer loop
      vertex -40.1478 360 44.5887
      vertex -7.02587 360 7.80302
      vertex -6.17174 360 8.49468
    endloop
  endfacet
  facet normal 0 -1 0
    outer loop
      vertex -44.5887 360 40.1478
      vertex -7.80302 360 7.02587
      vertex -7.02587 360 7.80302
    endloop
  endfacet
  facet normal 0 -1 0
    outer loop
      vertex -10.2705 360 2.18307
      vertex -58.6889 360 12.4747
      vertex -59.6713 360 6.27171
    endloop
  endfacet
  facet normal 0 -1 0
    outer loop
      vertex -48.541 360 35.2671
      vertex -8.49468 360 6.17174
      vertex -7.80302 360 7.02587
    endloop
  endfacet
  facet normal 0 -1 0
    outer loop
      vertex -51.9615 360 30
      vertex -9.09327 360 5.25
      vertex -8.49468 360 6.17174
    endloop
  endfacet
  facet normal 0 -1 0
    outer loop
      vertex -54.8127 360 24.4042
      vertex -9.59223 360 4.27073
      vertex -9.09327 360 5.25
    endloop
  endfacet
  facet normal 0 -1 0
    outer loop
      vertex -57.0634 360 18.541
      vertex -9.98609 360 3.24468
      vertex -9.59223 360 4.27073
    endloop
  endfacet
  facet normal 0 -1 0
    outer loop
      vertex -58.6889 360 12.4747
      vertex -10.2705 360 2.18307
      vertex -9.98609 360 3.24468
    endloop
  endfacet
  facet normal 0 -1 0
    outer loop
      vertex -59.6713 360 6.27171
      vertex -10.4425 360 1.09755
      vertex -10.2705 360 2.18307
    endloop
  endfacet
  facet normal 0 -1 0
    outer loop
      vertex -60 360 0
      vertex -10.4425 360 1.09755
      vertex -59.6713 360 6.27171
    endloop
  endfacet
  facet normal 0 -1 0
    outer loop
      vertex -60 360 0
      vertex -10.5 360 0
      vertex -10.4425 360 1.09755
    endloop
  endfacet
  facet normal 0 -1 0
    outer loop
      vertex -60 360 0
      vertex -10.4425 360 -1.09755
      vertex -10.5 360 0
    endloop
  endfacet
  facet normal 0 -1 0
    outer loop
      vertex -59.6713 360 -6.27171
      vertex -10.4425 360 -1.09755
      vertex -60 360 0
    endloop
  endfacet
  facet normal 0 -1 -0
    outer loop
      vertex -10.4425 360 -1.09755
      vertex -59.6713 360 -6.27171
      vertex -10.2705 360 -2.18307
    endloop
  endfacet
  facet normal 0 -1 0
    outer loop
      vertex -58.6889 360 -12.4747
      vertex -10.2705 360 -2.18307
      vertex -59.6713 360 -6.27171
    endloop
  endfacet
  facet normal 0 -1 -0
    outer loop
      vertex -10.2705 360 -2.18307
      vertex -58.6889 360 -12.4747
      vertex -9.98609 360 -3.24468
    endloop
  endfacet
  facet normal 0 -1 0
    outer loop
      vertex -57.0634 360 -18.541
      vertex -9.98609 360 -3.24468
      vertex -58.6889 360 -12.4747
    endloop
  endfacet
  facet normal 0 -1 -0
    outer loop
      vertex -9.98609 360 -3.24468
      vertex -57.0634 360 -18.541
      vertex -9.59223 360 -4.27073
    endloop
  endfacet
  facet normal 0 -1 0
    outer loop
      vertex -54.8127 360 -24.4042
      vertex -9.59223 360 -4.27073
      vertex -57.0634 360 -18.541
    endloop
  endfacet
  facet normal 0 -1 -0
    outer loop
      vertex -9.59223 360 -4.27073
      vertex -54.8127 360 -24.4042
      vertex -9.09327 360 -5.25
    endloop
  endfacet
  facet normal 0 -1 0
    outer loop
      vertex -51.9615 360 -30
      vertex -9.09327 360 -5.25
      vertex -54.8127 360 -24.4042
    endloop
  endfacet
  facet normal 0 -1 -0
    outer loop
      vertex -9.09327 360 -5.25
      vertex -51.9615 360 -30
      vertex -8.49468 360 -6.17174
    endloop
  endfacet
  facet normal 0 -1 0
    outer loop
      vertex -48.541 360 -35.2671
      vertex -8.49468 360 -6.17174
      vertex -51.9615 360 -30
    endloop
  endfacet
  facet normal 0 -1 -0
    outer loop
      vertex -8.49468 360 -6.17174
      vertex -48.541 360 -35.2671
      vertex -7.80302 360 -7.02587
    endloop
  endfacet
  facet normal 0 -1 0
    outer loop
      vertex -44.5887 360 -40.1478
      vertex -7.80302 360 -7.02587
      vertex -48.541 360 -35.2671
    endloop
  endfacet
  facet normal 0 -1 -0
    outer loop
      vertex -7.80302 360 -7.02587
      vertex -44.5887 360 -40.1478
      vertex -7.02587 360 -7.80302
    endloop
  endfacet
  facet normal 0 -1 -0
    outer loop
      vertex -7.02587 360 -7.80302
      vertex -40.1478 360 -44.5887
      vertex -6.17174 360 -8.49468
    endloop
  endfacet
  facet normal 0 -1 0
    outer loop
      vertex -40.1478 360 -44.5887
      vertex -7.02587 360 -7.80302
      vertex -44.5887 360 -40.1478
    endloop
  endfacet
  facet normal 0 -1 0
    outer loop
      vertex 7.02587 360 7.80302
      vertex 40.1478 360 44.5887
      vertex 6.17174 360 8.49468
    endloop
  endfacet
  facet normal 0 -1 -0
    outer loop
      vertex 40.1478 360 44.5887
      vertex 7.02587 360 7.80302
      vertex 44.5887 360 40.1478
    endloop
  endfacet
  facet normal 0 -1 0
    outer loop
      vertex 7.80302 360 7.02587
      vertex 44.5887 360 40.1478
      vertex 7.02587 360 7.80302
    endloop
  endfacet
  facet normal 0 -1 -0
    outer loop
      vertex 44.5887 360 40.1478
      vertex 7.80302 360 7.02587
      vertex 48.541 360 35.2671
    endloop
  endfacet
  facet normal 0 -1 0
    outer loop
      vertex 8.49468 360 6.17174
      vertex 48.541 360 35.2671
      vertex 7.80302 360 7.02587
    endloop
  endfacet
  facet normal 0 -1 -0
    outer loop
      vertex 48.541 360 35.2671
      vertex 8.49468 360 6.17174
      vertex 51.9615 360 30
    endloop
  endfacet
  facet normal 0 -1 0
    outer loop
      vertex 9.09327 360 5.25
      vertex 51.9615 360 30
      vertex 8.49468 360 6.17174
    endloop
  endfacet
  facet normal 0 -1 -0
    outer loop
      vertex 51.9615 360 30
      vertex 9.09327 360 5.25
      vertex 54.8127 360 24.4042
    endloop
  endfacet
  facet normal 0 -1 0
    outer loop
      vertex 9.59223 360 4.27073
      vertex 54.8127 360 24.4042
      vertex 9.09327 360 5.25
    endloop
  endfacet
  facet normal 0 -1 -0
    outer loop
      vertex 54.8127 360 24.4042
      vertex 9.59223 360 4.27073
      vertex 57.0634 360 18.541
    endloop
  endfacet
  facet normal 0 -1 0
    outer loop
      vertex 9.98609 360 3.24468
      vertex 57.0634 360 18.541
      vertex 9.59223 360 4.27073
    endloop
  endfacet
  facet normal 0 -1 -0
    outer loop
      vertex 57.0634 360 18.541
      vertex 9.98609 360 3.24468
      vertex 58.6889 360 12.4747
    endloop
  endfacet
  facet normal 0 -1 0
    outer loop
      vertex 10.2705 360 2.18307
      vertex 58.6889 360 12.4747
      vertex 9.98609 360 3.24468
    endloop
  endfacet
  facet normal 0 -1 -0
    outer loop
      vertex 58.6889 360 12.4747
      vertex 10.2705 360 2.18307
      vertex 59.6713 360 6.27171
    endloop
  endfacet
  facet normal 0 -1 0
    outer loop
      vertex 10.4425 360 1.09755
      vertex 59.6713 360 6.27171
      vertex 10.2705 360 2.18307
    endloop
  endfacet
  facet normal 0 -1 0
    outer loop
      vertex 10.5 360 0
      vertex 59.6713 360 6.27171
      vertex 10.4425 360 1.09755
    endloop
  endfacet
  facet normal 0 -1 0
    outer loop
      vertex 10.5 360 0
      vertex 60 360 0
      vertex 59.6713 360 6.27171
    endloop
  endfacet
  facet normal 0 -1 0
    outer loop
      vertex 10.4425 360 -1.09755
      vertex 60 360 0
      vertex 10.5 360 0
    endloop
  endfacet
  facet normal 0 -1 0
    outer loop
      vertex 59.6713 360 -6.27171
      vertex 10.4425 360 -1.09755
      vertex 10.2705 360 -2.18307
    endloop
  endfacet
  facet normal 0 -1 0
    outer loop
      vertex 58.6889 360 -12.4747
      vertex 10.2705 360 -2.18307
      vertex 9.98609 360 -3.24468
    endloop
  endfacet
  facet normal 0 -1 0
    outer loop
      vertex 57.0634 360 -18.541
      vertex 9.98609 360 -3.24468
      vertex 9.59223 360 -4.27073
    endloop
  endfacet
  facet normal 0 -1 0
    outer loop
      vertex 54.8127 360 -24.4042
      vertex 9.59223 360 -4.27073
      vertex 9.09327 360 -5.25
    endloop
  endfacet
  facet normal 0 -1 0
    outer loop
      vertex 51.9615 360 -30
      vertex 9.09327 360 -5.25
      vertex 8.49468 360 -6.17174
    endloop
  endfacet
  facet normal 0 -1 0
    outer loop
      vertex 10.4425 360 -1.09755
      vertex 59.6713 360 -6.27171
      vertex 60 360 0
    endloop
  endfacet
  facet normal 0 -1 0
    outer loop
      vertex 48.541 360 -35.2671
      vertex 8.49468 360 -6.17174
      vertex 7.80302 360 -7.02587
    endloop
  endfacet
  facet normal 0 -1 0
    outer loop
      vertex 44.5887 360 -40.1478
      vertex 7.80302 360 -7.02587
      vertex 7.02587 360 -7.80302
    endloop
  endfacet
  facet normal 0 -1 0
    outer loop
      vertex 40.1478 360 -44.5887
      vertex 7.02587 360 -7.80302
      vertex 6.17174 360 -8.49468
    endloop
  endfacet
  facet normal 0 -1 0
    outer loop
      vertex 35.2671 360 -48.541
      vertex 6.17174 360 -8.49468
      vertex 5.25 360 -9.09327
    endloop
  endfacet
  facet normal 0 -1 0
    outer loop
      vertex 30 360 -51.9615
      vertex 5.25 360 -9.09327
      vertex 4.27073 360 -9.59223
    endloop
  endfacet
  facet normal 0 -1 0
    outer loop
      vertex 24.4042 360 -54.8127
      vertex 4.27073 360 -9.59223
      vertex 3.24468 360 -9.98609
    endloop
  endfacet
  facet normal 0 -1 0
    outer loop
      vertex 18.541 360 -57.0634
      vertex 3.24468 360 -9.98609
      vertex 2.18307 360 -10.2705
    endloop
  endfacet
  facet normal 0 -1 0
    outer loop
      vertex 12.4747 360 -58.6889
      vertex 2.18307 360 -10.2705
      vertex 1.09755 360 -10.4425
    endloop
  endfacet
  facet normal 0 -1 0
    outer loop
      vertex 10.2705 360 -2.18307
      vertex 58.6889 360 -12.4747
      vertex 59.6713 360 -6.27171
    endloop
  endfacet
  facet normal 0 -1 0
    outer loop
      vertex 6.27171 360 -59.6713
      vertex 1.09755 360 -10.4425
      vertex 0 360 -10.5
    endloop
  endfacet
  facet normal 0 -1 0
    outer loop
      vertex -35.2671 360 -48.541
      vertex -6.17174 360 -8.49468
      vertex -40.1478 360 -44.5887
    endloop
  endfacet
  facet normal 0 -1 -0
    outer loop
      vertex -6.17174 360 -8.49468
      vertex -35.2671 360 -48.541
      vertex -5.25 360 -9.09327
    endloop
  endfacet
  facet normal 0 -1 0
    outer loop
      vertex 9.98609 360 -3.24468
      vertex 57.0634 360 -18.541
      vertex 58.6889 360 -12.4747
    endloop
  endfacet
  facet normal 0 -1 0
    outer loop
      vertex -30 360 -51.9615
      vertex -5.25 360 -9.09327
      vertex -35.2671 360 -48.541
    endloop
  endfacet
  facet normal 0 -1 0
    outer loop
      vertex 9.59223 360 -4.27073
      vertex 54.8127 360 -24.4042
      vertex 57.0634 360 -18.541
    endloop
  endfacet
  facet normal 0 -1 -0
    outer loop
      vertex -5.25 360 -9.09327
      vertex -30 360 -51.9615
      vertex -4.27073 360 -9.59223
    endloop
  endfacet
  facet normal 0 -1 0
    outer loop
      vertex 9.09327 360 -5.25
      vertex 51.9615 360 -30
      vertex 54.8127 360 -24.4042
    endloop
  endfacet
  facet normal 0 -1 0
    outer loop
      vertex -24.4042 360 -54.8127
      vertex -4.27073 360 -9.59223
      vertex -30 360 -51.9615
    endloop
  endfacet
  facet normal 0 -1 0
    outer loop
      vertex 8.49468 360 -6.17174
      vertex 48.541 360 -35.2671
      vertex 51.9615 360 -30
    endloop
  endfacet
  facet normal 0 -1 -0
    outer loop
      vertex -4.27073 360 -9.59223
      vertex -24.4042 360 -54.8127
      vertex -3.24468 360 -9.98609
    endloop
  endfacet
  facet normal 0 -1 0
    outer loop
      vertex 7.80302 360 -7.02587
      vertex 44.5887 360 -40.1478
      vertex 48.541 360 -35.2671
    endloop
  endfacet
  facet normal 0 -1 0
    outer loop
      vertex -18.541 360 -57.0634
      vertex -3.24468 360 -9.98609
      vertex -24.4042 360 -54.8127
    endloop
  endfacet
  facet normal 0 -1 0
    outer loop
      vertex 7.02587 360 -7.80302
      vertex 40.1478 360 -44.5887
      vertex 44.5887 360 -40.1478
    endloop
  endfacet
  facet normal 0 -1 -0
    outer loop
      vertex -3.24468 360 -9.98609
      vertex -18.541 360 -57.0634
      vertex -2.18307 360 -10.2705
    endloop
  endfacet
  facet normal 0 -1 0
    outer loop
      vertex 6.17174 360 -8.49468
      vertex 35.2671 360 -48.541
      vertex 40.1478 360 -44.5887
    endloop
  endfacet
  facet normal 0 -1 0
    outer loop
      vertex -12.4747 360 -58.6889
      vertex -2.18307 360 -10.2705
      vertex -18.541 360 -57.0634
    endloop
  endfacet
  facet normal 0 -1 0
    outer loop
      vertex 5.25 360 -9.09327
      vertex 30 360 -51.9615
      vertex 35.2671 360 -48.541
    endloop
  endfacet
  facet normal 0 -1 -0
    outer loop
      vertex -2.18307 360 -10.2705
      vertex -12.4747 360 -58.6889
      vertex -1.09755 360 -10.4425
    endloop
  endfacet
  facet normal 0 -1 0
    outer loop
      vertex 4.27073 360 -9.59223
      vertex 24.4042 360 -54.8127
      vertex 30 360 -51.9615
    endloop
  endfacet
  facet normal 0 -1 0
    outer loop
      vertex -6.27171 360 -59.6713
      vertex -1.09755 360 -10.4425
      vertex -12.4747 360 -58.6889
    endloop
  endfacet
  facet normal 0 -1 0
    outer loop
      vertex 3.24468 360 -9.98609
      vertex 18.541 360 -57.0634
      vertex 24.4042 360 -54.8127
    endloop
  endfacet
  facet normal 0 -1 -0
    outer loop
      vertex -1.09755 360 -10.4425
      vertex -6.27171 360 -59.6713
      vertex 0 360 -10.5
    endloop
  endfacet
  facet normal 0 -1 0
    outer loop
      vertex 2.18307 360 -10.2705
      vertex 12.4747 360 -58.6889
      vertex 18.541 360 -57.0634
    endloop
  endfacet
  facet normal 0 -1 0
    outer loop
      vertex 0 360 -60
      vertex 0 360 -10.5
      vertex -6.27171 360 -59.6713
    endloop
  endfacet
  facet normal 0 -1 0
    outer loop
      vertex 1.09755 360 -10.4425
      vertex 6.27171 360 -59.6713
      vertex 12.4747 360 -58.6889
    endloop
  endfacet
  facet normal 0 -1 0
    outer loop
      vertex 0 360 -10.5
      vertex 0 360 -60
      vertex 6.27171 360 -59.6713
    endloop
  endfacet
  facet normal 0.777147 0 -0.629319
    outer loop
      vertex 48.541 360 -35.2671
      vertex 44.5887 400 -40.1478
      vertex 48.541 400 -35.2671
    endloop
  endfacet
  facet normal 0.777147 0 -0.629319
    outer loop
      vertex 44.5887 400 -40.1478
      vertex 48.541 360 -35.2671
      vertex 44.5887 360 -40.1478
    endloop
  endfacet
  facet normal 0.629319 0 -0.777147
    outer loop
      vertex 35.2671 360 -48.541
      vertex 40.1478 400 -44.5887
      vertex 40.1478 360 -44.5887
    endloop
  endfacet
  facet normal 0.629319 0 -0.777147
    outer loop
      vertex 40.1478 400 -44.5887
      vertex 35.2671 360 -48.541
      vertex 35.2671 400 -48.541
    endloop
  endfacet
  facet normal 0.54464 0 -0.83867
    outer loop
      vertex 30 360 -51.9615
      vertex 35.2671 400 -48.541
      vertex 35.2671 360 -48.541
    endloop
  endfacet
  facet normal 0.54464 0 -0.83867
    outer loop
      vertex 35.2671 400 -48.541
      vertex 30 360 -51.9615
      vertex 30 400 -51.9615
    endloop
  endfacet
  facet normal 0.891007 -0 0.45399
    outer loop
      vertex 51.9615 360 30
      vertex 54.8127 400 24.4042
      vertex 51.9615 400 30
    endloop
  endfacet
  facet normal 0.891007 0 0.45399
    outer loop
      vertex 54.8127 400 24.4042
      vertex 51.9615 360 30
      vertex 54.8127 360 24.4042
    endloop
  endfacet
  facet normal -0.629319 0 0.777147
    outer loop
      vertex -40.1478 400 44.5887
      vertex -35.2671 360 48.541
      vertex -35.2671 400 48.541
    endloop
  endfacet
  facet normal -0.629319 0 0.777147
    outer loop
      vertex -35.2671 360 48.541
      vertex -40.1478 400 44.5887
      vertex -40.1478 360 44.5887
    endloop
  endfacet
  facet normal 0.358372 0 0.933579
    outer loop
      vertex 18.541 400 57.0634
      vertex 24.4042 360 54.8127
      vertex 24.4042 400 54.8127
    endloop
  endfacet
  facet normal 0.358372 0 0.933579
    outer loop
      vertex 24.4042 360 54.8127
      vertex 18.541 400 57.0634
      vertex 18.541 360 57.0634
    endloop
  endfacet
  facet normal 0.83867 -0 0.54464
    outer loop
      vertex 48.541 360 35.2671
      vertex 51.9615 400 30
      vertex 48.541 400 35.2671
    endloop
  endfacet
  facet normal 0.83867 0 0.54464
    outer loop
      vertex 51.9615 400 30
      vertex 48.541 360 35.2671
      vertex 51.9615 360 30
    endloop
  endfacet
  facet normal 0.98769 -0 0.156426
    outer loop
      vertex 58.6889 360 12.4747
      vertex 59.6713 400 6.27171
      vertex 58.6889 400 12.4747
    endloop
  endfacet
  facet normal 0.98769 0 0.156426
    outer loop
      vertex 59.6713 400 6.27171
      vertex 58.6889 360 12.4747
      vertex 59.6713 360 6.27171
    endloop
  endfacet
  facet normal 0.933579 -0 0.358372
    outer loop
      vertex 54.8127 360 24.4042
      vertex 57.0634 400 18.541
      vertex 54.8127 400 24.4042
    endloop
  endfacet
  facet normal 0.933579 0 0.358372
    outer loop
      vertex 57.0634 400 18.541
      vertex 54.8127 360 24.4042
      vertex 57.0634 360 18.541
    endloop
  endfacet
  facet normal 0.777147 -0 0.629319
    outer loop
      vertex 44.5887 360 40.1478
      vertex 48.541 400 35.2671
      vertex 44.5887 400 40.1478
    endloop
  endfacet
  facet normal 0.777147 0 0.629319
    outer loop
      vertex 48.541 400 35.2671
      vertex 44.5887 360 40.1478
      vertex 48.541 360 35.2671
    endloop
  endfacet
  facet normal -0.54464 0 0.83867
    outer loop
      vertex -35.2671 400 48.541
      vertex -30 360 51.9615
      vertex -30 400 51.9615
    endloop
  endfacet
  facet normal -0.54464 0 0.83867
    outer loop
      vertex -30 360 51.9615
      vertex -35.2671 400 48.541
      vertex -35.2671 360 48.541
    endloop
  endfacet
  facet normal -0.933579 0 0.358372
    outer loop
      vertex -57.0634 360 18.541
      vertex -54.8127 400 24.4042
      vertex -57.0634 400 18.541
    endloop
  endfacet
  facet normal -0.933579 0 0.358372
    outer loop
      vertex -54.8127 400 24.4042
      vertex -57.0634 360 18.541
      vertex -54.8127 360 24.4042
    endloop
  endfacet
  facet normal 0.0523381 0 0.998629
    outer loop
      vertex 0 400 60
      vertex 6.27171 360 59.6713
      vertex 6.27171 400 59.6713
    endloop
  endfacet
  facet normal 0.0523381 0 0.998629
    outer loop
      vertex 6.27171 360 59.6713
      vertex 0 400 60
      vertex 0 360 60
    endloop
  endfacet
  facet normal 0.998629 0 -0.0523381
    outer loop
      vertex 60 360 0
      vertex 59.6713 400 -6.27171
      vertex 60 400 0
    endloop
  endfacet
  facet normal 0.998629 0 -0.0523381
    outer loop
      vertex 59.6713 400 -6.27171
      vertex 60 360 0
      vertex 59.6713 360 -6.27171
    endloop
  endfacet
  facet normal 0.156426 0 0.98769
    outer loop
      vertex 6.27171 400 59.6713
      vertex 12.4747 360 58.6889
      vertex 12.4747 400 58.6889
    endloop
  endfacet
  facet normal 0.156426 0 0.98769
    outer loop
      vertex 12.4747 360 58.6889
      vertex 6.27171 400 59.6713
      vertex 6.27171 360 59.6713
    endloop
  endfacet
  facet normal -0.707107 0 0.707107
    outer loop
      vertex -44.5887 360 40.1478
      vertex -40.1478 400 44.5887
      vertex -44.5887 400 40.1478
    endloop
  endfacet
  facet normal -0.707107 0 0.707107
    outer loop
      vertex -40.1478 400 44.5887
      vertex -44.5887 360 40.1478
      vertex -40.1478 360 44.5887
    endloop
  endfacet
  facet normal 0.987678 -0 0.156497
    outer loop
      vertex -10.4425 360 -1.09755
      vertex -10.2705 400 -2.18307
      vertex -10.4425 400 -1.09755
    endloop
  endfacet
  facet normal 0.987678 0 0.156497
    outer loop
      vertex -10.2705 400 -2.18307
      vertex -10.4425 360 -1.09755
      vertex -10.2705 360 -2.18307
    endloop
  endfacet
  facet normal 0.99863 -0 0.0523177
    outer loop
      vertex -10.5 360 0
      vertex -10.4425 400 -1.09755
      vertex -10.5 400 0
    endloop
  endfacet
  facet normal 0.99863 0 0.0523177
    outer loop
      vertex -10.4425 400 -1.09755
      vertex -10.5 360 0
      vertex -10.4425 360 -1.09755
    endloop
  endfacet
  facet normal 0.965937 -0 0.258779
    outer loop
      vertex -10.2705 360 -2.18307
      vertex -9.98609 400 -3.24468
      vertex -10.2705 400 -2.18307
    endloop
  endfacet
  facet normal 0.965937 0 0.258779
    outer loop
      vertex -9.98609 400 -3.24468
      vertex -10.2705 360 -2.18307
      vertex -9.98609 360 -3.24468
    endloop
  endfacet
  facet normal 0.453988 0 0.891008
    outer loop
      vertex -5.25 400 -9.09327
      vertex -4.27073 360 -9.59223
      vertex -4.27073 400 -9.59223
    endloop
  endfacet
  facet normal 0.453988 0 0.891008
    outer loop
      vertex -4.27073 360 -9.59223
      vertex -5.25 400 -9.09327
      vertex -5.25 360 -9.09327
    endloop
  endfacet
  facet normal -0.258779 0 0.965937
    outer loop
      vertex 2.18307 400 -10.2705
      vertex 3.24468 360 -9.98609
      vertex 3.24468 400 -9.98609
    endloop
  endfacet
  facet normal -0.258779 0 0.965937
    outer loop
      vertex 3.24468 360 -9.98609
      vertex 2.18307 400 -10.2705
      vertex 2.18307 360 -10.2705
    endloop
  endfacet
  facet normal 0.544642 0 -0.838668
    outer loop
      vertex -6.17174 360 8.49468
      vertex -5.25 400 9.09327
      vertex -5.25 360 9.09327
    endloop
  endfacet
  facet normal 0.544642 0 -0.838668
    outer loop
      vertex -5.25 400 9.09327
      vertex -6.17174 360 8.49468
      vertex -6.17174 400 8.49468
    endloop
  endfacet
  facet normal 0.258779 0 0.965937
    outer loop
      vertex -3.24468 400 -9.98609
      vertex -2.18307 360 -10.2705
      vertex -2.18307 400 -10.2705
    endloop
  endfacet
  facet normal 0.258779 0 0.965937
    outer loop
      vertex -2.18307 360 -10.2705
      vertex -3.24468 400 -9.98609
      vertex -3.24468 360 -9.98609
    endloop
  endfacet
  facet normal 0.707107 -0 0.707107
    outer loop
      vertex -7.80302 360 -7.02587
      vertex -7.02587 400 -7.80302
      vertex -7.80302 400 -7.02587
    endloop
  endfacet
  facet normal 0.707107 0 0.707107
    outer loop
      vertex -7.02587 400 -7.80302
      vertex -7.80302 360 -7.02587
      vertex -7.02587 360 -7.80302
    endloop
  endfacet
  facet normal -0.258779 0 -0.965937
    outer loop
      vertex 2.18307 360 10.2705
      vertex 3.24468 400 9.98609
      vertex 3.24468 360 9.98609
    endloop
  endfacet
  facet normal -0.258779 0 -0.965937
    outer loop
      vertex 3.24468 400 9.98609
      vertex 2.18307 360 10.2705
      vertex 2.18307 400 10.2705
    endloop
  endfacet
  facet normal 0.156497 0 0.987678
    outer loop
      vertex -2.18307 400 -10.2705
      vertex -1.09755 360 -10.4425
      vertex -1.09755 400 -10.4425
    endloop
  endfacet
  facet normal 0.156497 0 0.987678
    outer loop
      vertex -1.09755 360 -10.4425
      vertex -2.18307 400 -10.2705
      vertex -2.18307 360 -10.2705
    endloop
  endfacet
  facet normal -0.838668 0 0.544642
    outer loop
      vertex 8.49468 360 -6.17174
      vertex 9.09327 400 -5.25
      vertex 8.49468 400 -6.17174
    endloop
  endfacet
  facet normal -0.838668 0 0.544642
    outer loop
      vertex 9.09327 400 -5.25
      vertex 8.49468 360 -6.17174
      vertex 9.09327 360 -5.25
    endloop
  endfacet
  facet normal -0.933582 0 -0.358365
    outer loop
      vertex 9.98609 360 3.24468
      vertex 9.59223 400 4.27073
      vertex 9.98609 400 3.24468
    endloop
  endfacet
  facet normal -0.933582 -0 -0.358365
    outer loop
      vertex 9.59223 400 4.27073
      vertex 9.98609 360 3.24468
      vertex 9.59223 360 4.27073
    endloop
  endfacet
  facet normal 0.358365 0 -0.933582
    outer loop
      vertex -4.27073 360 9.59223
      vertex -3.24468 400 9.98609
      vertex -3.24468 360 9.98609
    endloop
  endfacet
  facet normal 0.358365 0 -0.933582
    outer loop
      vertex -3.24468 400 9.98609
      vertex -4.27073 360 9.59223
      vertex -4.27073 400 9.59223
    endloop
  endfacet
  facet normal 0.838668 -0 0.544642
    outer loop
      vertex -9.09327 360 -5.25
      vertex -8.49468 400 -6.17174
      vertex -9.09327 400 -5.25
    endloop
  endfacet
  facet normal 0.838668 0 0.544642
    outer loop
      vertex -8.49468 400 -6.17174
      vertex -9.09327 360 -5.25
      vertex -8.49468 360 -6.17174
    endloop
  endfacet
  facet normal 0.891008 -0 0.453988
    outer loop
      vertex -9.59223 360 -4.27073
      vertex -9.09327 400 -5.25
      vertex -9.59223 400 -4.27073
    endloop
  endfacet
  facet normal 0.891008 0 0.453988
    outer loop
      vertex -9.09327 400 -5.25
      vertex -9.59223 360 -4.27073
      vertex -9.09327 360 -5.25
    endloop
  endfacet
  facet normal -0.965937 0 0.258779
    outer loop
      vertex 9.98609 360 -3.24468
      vertex 10.2705 400 -2.18307
      vertex 9.98609 400 -3.24468
    endloop
  endfacet
  facet normal -0.965937 0 0.258779
    outer loop
      vertex 10.2705 400 -2.18307
      vertex 9.98609 360 -3.24468
      vertex 10.2705 360 -2.18307
    endloop
  endfacet
  facet normal -0.156497 0 0.987678
    outer loop
      vertex 1.09755 400 -10.4425
      vertex 2.18307 360 -10.2705
      vertex 2.18307 400 -10.2705
    endloop
  endfacet
  facet normal -0.156497 0 0.987678
    outer loop
      vertex 2.18307 360 -10.2705
      vertex 1.09755 400 -10.4425
      vertex 1.09755 360 -10.4425
    endloop
  endfacet
  facet normal -0.987678 0 0.156497
    outer loop
      vertex 10.2705 360 -2.18307
      vertex 10.4425 400 -1.09755
      vertex 10.2705 400 -2.18307
    endloop
  endfacet
  facet normal -0.987678 0 0.156497
    outer loop
      vertex 10.4425 400 -1.09755
      vertex 10.2705 360 -2.18307
      vertex 10.4425 360 -1.09755
    endloop
  endfacet
  facet normal -0.777146 0 0.62932
    outer loop
      vertex 7.80302 360 -7.02587
      vertex 8.49468 400 -6.17174
      vertex 7.80302 400 -7.02587
    endloop
  endfacet
  facet normal -0.777146 0 0.62932
    outer loop
      vertex 8.49468 400 -6.17174
      vertex 7.80302 360 -7.02587
      vertex 8.49468 360 -6.17174
    endloop
  endfacet
  facet normal -0.987678 0 -0.156497
    outer loop
      vertex 10.4425 360 1.09755
      vertex 10.2705 400 2.18307
      vertex 10.4425 400 1.09755
    endloop
  endfacet
  facet normal -0.987678 -0 -0.156497
    outer loop
      vertex 10.2705 400 2.18307
      vertex 10.4425 360 1.09755
      vertex 10.2705 360 2.18307
    endloop
  endfacet
  facet normal -0.453988 0 0.891008
    outer loop
      vertex 4.27073 400 -9.59223
      vertex 5.25 360 -9.09327
      vertex 5.25 400 -9.09327
    endloop
  endfacet
  facet normal -0.453988 0 0.891008
    outer loop
      vertex 5.25 360 -9.09327
      vertex 4.27073 400 -9.59223
      vertex 4.27073 360 -9.59223
    endloop
  endfacet
  facet normal 0.258779 0 -0.965937
    outer loop
      vertex -3.24468 360 9.98609
      vertex -2.18307 400 10.2705
      vertex -2.18307 360 10.2705
    endloop
  endfacet
  facet normal 0.258779 0 -0.965937
    outer loop
      vertex -2.18307 400 10.2705
      vertex -3.24468 360 9.98609
      vertex -3.24468 400 9.98609
    endloop
  endfacet
  facet normal 0.156497 0 -0.987678
    outer loop
      vertex -2.18307 360 10.2705
      vertex -1.09755 400 10.4425
      vertex -1.09755 360 10.4425
    endloop
  endfacet
  facet normal 0.156497 0 -0.987678
    outer loop
      vertex -1.09755 400 10.4425
      vertex -2.18307 360 10.2705
      vertex -2.18307 400 10.2705
    endloop
  endfacet
  facet normal -0.891008 0 0.453988
    outer loop
      vertex 9.09327 360 -5.25
      vertex 9.59223 400 -4.27073
      vertex 9.09327 400 -5.25
    endloop
  endfacet
  facet normal -0.891008 0 0.453988
    outer loop
      vertex 9.59223 400 -4.27073
      vertex 9.09327 360 -5.25
      vertex 9.59223 360 -4.27073
    endloop
  endfacet
  facet normal 0.777146 -0 0.62932
    outer loop
      vertex -8.49468 360 -6.17174
      vertex -7.80302 400 -7.02587
      vertex -8.49468 400 -6.17174
    endloop
  endfacet
  facet normal 0.777146 0 0.62932
    outer loop
      vertex -7.80302 400 -7.02587
      vertex -8.49468 360 -6.17174
      vertex -7.80302 360 -7.02587
    endloop
  endfacet
  facet normal -0.358365 0 0.933582
    outer loop
      vertex 3.24468 400 -9.98609
      vertex 4.27073 360 -9.59223
      vertex 4.27073 400 -9.59223
    endloop
  endfacet
  facet normal -0.358365 0 0.933582
    outer loop
      vertex 4.27073 360 -9.59223
      vertex 3.24468 400 -9.98609
      vertex 3.24468 360 -9.98609
    endloop
  endfacet
  facet normal 0.891008 0 -0.453988
    outer loop
      vertex -9.09327 360 5.25
      vertex -9.59223 400 4.27073
      vertex -9.09327 400 5.25
    endloop
  endfacet
  facet normal 0.891008 0 -0.453988
    outer loop
      vertex -9.59223 400 4.27073
      vertex -9.09327 360 5.25
      vertex -9.59223 360 4.27073
    endloop
  endfacet
  facet normal -0.62932 0 0.777146
    outer loop
      vertex 6.17174 400 -8.49468
      vertex 7.02587 360 -7.80302
      vertex 7.02587 400 -7.80302
    endloop
  endfacet
  facet normal -0.62932 0 0.777146
    outer loop
      vertex 7.02587 360 -7.80302
      vertex 6.17174 400 -8.49468
      vertex 6.17174 360 -8.49468
    endloop
  endfacet
  facet normal -0.544642 0 0.838668
    outer loop
      vertex 5.25 400 -9.09327
      vertex 6.17174 360 -8.49468
      vertex 6.17174 400 -8.49468
    endloop
  endfacet
  facet normal -0.544642 0 0.838668
    outer loop
      vertex 6.17174 360 -8.49468
      vertex 5.25 400 -9.09327
      vertex 5.25 360 -9.09327
    endloop
  endfacet
  facet normal 0.933582 -0 0.358365
    outer loop
      vertex -9.98609 360 -3.24468
      vertex -9.59223 400 -4.27073
      vertex -9.98609 400 -3.24468
    endloop
  endfacet
  facet normal 0.933582 0 0.358365
    outer loop
      vertex -9.59223 400 -4.27073
      vertex -9.98609 360 -3.24468
      vertex -9.59223 360 -4.27073
    endloop
  endfacet
  facet normal -0.707107 0 -0.707107
    outer loop
      vertex 7.80302 360 7.02587
      vertex 7.02587 400 7.80302
      vertex 7.80302 400 7.02587
    endloop
  endfacet
  facet normal -0.707107 -0 -0.707107
    outer loop
      vertex 7.02587 400 7.80302
      vertex 7.80302 360 7.02587
      vertex 7.02587 360 7.80302
    endloop
  endfacet
  facet normal -0.965937 0 -0.258779
    outer loop
      vertex 10.2705 360 2.18307
      vertex 9.98609 400 3.24468
      vertex 10.2705 400 2.18307
    endloop
  endfacet
  facet normal -0.965937 -0 -0.258779
    outer loop
      vertex 9.98609 400 3.24468
      vertex 10.2705 360 2.18307
      vertex 9.98609 360 3.24468
    endloop
  endfacet
  facet normal -0.838668 0 -0.544642
    outer loop
      vertex 9.09327 360 5.25
      vertex 8.49468 400 6.17174
      vertex 9.09327 400 5.25
    endloop
  endfacet
  facet normal -0.838668 -0 -0.544642
    outer loop
      vertex 8.49468 400 6.17174
      vertex 9.09327 360 5.25
      vertex 8.49468 360 6.17174
    endloop
  endfacet
  facet normal -0.891008 0 -0.453988
    outer loop
      vertex 9.59223 360 4.27073
      vertex 9.09327 400 5.25
      vertex 9.59223 400 4.27073
    endloop
  endfacet
  facet normal -0.891008 -0 -0.453988
    outer loop
      vertex 9.09327 400 5.25
      vertex 9.59223 360 4.27073
      vertex 9.09327 360 5.25
    endloop
  endfacet
  facet normal 0.453988 0 -0.891008
    outer loop
      vertex -5.25 360 9.09327
      vertex -4.27073 400 9.59223
      vertex -4.27073 360 9.59223
    endloop
  endfacet
  facet normal 0.453988 0 -0.891008
    outer loop
      vertex -4.27073 400 9.59223
      vertex -5.25 360 9.09327
      vertex -5.25 400 9.09327
    endloop
  endfacet
  facet normal 0.544642 0 0.838668
    outer loop
      vertex -6.17174 400 -8.49468
      vertex -5.25 360 -9.09327
      vertex -5.25 400 -9.09327
    endloop
  endfacet
  facet normal 0.544642 0 0.838668
    outer loop
      vertex -5.25 360 -9.09327
      vertex -6.17174 400 -8.49468
      vertex -6.17174 360 -8.49468
    endloop
  endfacet
  facet normal -0.933582 0 0.358365
    outer loop
      vertex 9.59223 360 -4.27073
      vertex 9.98609 400 -3.24468
      vertex 9.59223 400 -4.27073
    endloop
  endfacet
  facet normal -0.933582 0 0.358365
    outer loop
      vertex 9.98609 400 -3.24468
      vertex 9.59223 360 -4.27073
      vertex 9.98609 360 -3.24468
    endloop
  endfacet
  facet normal 0.965937 0 -0.258779
    outer loop
      vertex -9.98609 360 3.24468
      vertex -10.2705 400 2.18307
      vertex -9.98609 400 3.24468
    endloop
  endfacet
  facet normal 0.965937 0 -0.258779
    outer loop
      vertex -10.2705 400 2.18307
      vertex -9.98609 360 3.24468
      vertex -10.2705 360 2.18307
    endloop
  endfacet
  facet normal 0.62932 0 0.777146
    outer loop
      vertex -7.02587 400 -7.80302
      vertex -6.17174 360 -8.49468
      vertex -6.17174 400 -8.49468
    endloop
  endfacet
  facet normal 0.62932 0 0.777146
    outer loop
      vertex -6.17174 360 -8.49468
      vertex -7.02587 400 -7.80302
      vertex -7.02587 360 -7.80302
    endloop
  endfacet
  facet normal 0.99863 0 -0.0523177
    outer loop
      vertex -10.4425 360 1.09755
      vertex -10.5 400 0
      vertex -10.4425 400 1.09755
    endloop
  endfacet
  facet normal 0.99863 0 -0.0523177
    outer loop
      vertex -10.5 400 0
      vertex -10.4425 360 1.09755
      vertex -10.5 360 0
    endloop
  endfacet
  facet normal 0.0523177 0 -0.99863
    outer loop
      vertex -1.09755 360 10.4425
      vertex 0 400 10.5
      vertex 0 360 10.5
    endloop
  endfacet
  facet normal 0.0523177 0 -0.99863
    outer loop
      vertex 0 400 10.5
      vertex -1.09755 360 10.4425
      vertex -1.09755 400 10.4425
    endloop
  endfacet
  facet normal 0.358365 0 0.933582
    outer loop
      vertex -4.27073 400 -9.59223
      vertex -3.24468 360 -9.98609
      vertex -3.24468 400 -9.98609
    endloop
  endfacet
  facet normal 0.358365 0 0.933582
    outer loop
      vertex -3.24468 360 -9.98609
      vertex -4.27073 400 -9.59223
      vertex -4.27073 360 -9.59223
    endloop
  endfacet
  facet normal 0.777146 0 -0.62932
    outer loop
      vertex -7.80302 360 7.02587
      vertex -8.49468 400 6.17174
      vertex -7.80302 400 7.02587
    endloop
  endfacet
  facet normal 0.777146 0 -0.62932
    outer loop
      vertex -8.49468 400 6.17174
      vertex -7.80302 360 7.02587
      vertex -8.49468 360 6.17174
    endloop
  endfacet
  facet normal 0.838668 0 -0.544642
    outer loop
      vertex -8.49468 360 6.17174
      vertex -9.09327 400 5.25
      vertex -8.49468 400 6.17174
    endloop
  endfacet
  facet normal 0.838668 0 -0.544642
    outer loop
      vertex -9.09327 400 5.25
      vertex -8.49468 360 6.17174
      vertex -9.09327 360 5.25
    endloop
  endfacet
  facet normal -0.156497 0 -0.987678
    outer loop
      vertex 1.09755 360 10.4425
      vertex 2.18307 400 10.2705
      vertex 2.18307 360 10.2705
    endloop
  endfacet
  facet normal -0.156497 0 -0.987678
    outer loop
      vertex 2.18307 400 10.2705
      vertex 1.09755 360 10.4425
      vertex 1.09755 400 10.4425
    endloop
  endfacet
  facet normal 0.62932 0 -0.777146
    outer loop
      vertex -7.02587 360 7.80302
      vertex -6.17174 400 8.49468
      vertex -6.17174 360 8.49468
    endloop
  endfacet
  facet normal 0.62932 0 -0.777146
    outer loop
      vertex -6.17174 400 8.49468
      vertex -7.02587 360 7.80302
      vertex -7.02587 400 7.80302
    endloop
  endfacet
  facet normal -0.707107 0 0.707107
    outer loop
      vertex 7.02587 360 -7.80302
      vertex 7.80302 400 -7.02587
      vertex 7.02587 400 -7.80302
    endloop
  endfacet
  facet normal -0.707107 0 0.707107
    outer loop
      vertex 7.80302 400 -7.02587
      vertex 7.02587 360 -7.80302
      vertex 7.80302 360 -7.02587
    endloop
  endfacet
  facet normal 0.987678 0 -0.156497
    outer loop
      vertex -10.2705 360 2.18307
      vertex -10.4425 400 1.09755
      vertex -10.2705 400 2.18307
    endloop
  endfacet
  facet normal 0.987678 0 -0.156497
    outer loop
      vertex -10.4425 400 1.09755
      vertex -10.2705 360 2.18307
      vertex -10.4425 360 1.09755
    endloop
  endfacet
  facet normal 0.0523177 0 0.99863
    outer loop
      vertex -1.09755 400 -10.4425
      vertex 0 360 -10.5
      vertex 0 400 -10.5
    endloop
  endfacet
  facet normal 0.0523177 0 0.99863
    outer loop
      vertex 0 360 -10.5
      vertex -1.09755 400 -10.4425
      vertex -1.09755 360 -10.4425
    endloop
  endfacet
  facet normal 0.707107 0 -0.707107
    outer loop
      vertex -7.02587 360 7.80302
      vertex -7.80302 400 7.02587
      vertex -7.02587 400 7.80302
    endloop
  endfacet
  facet normal 0.707107 0 -0.707107
    outer loop
      vertex -7.80302 400 7.02587
      vertex -7.02587 360 7.80302
      vertex -7.80302 360 7.02587
    endloop
  endfacet
  facet normal -0.0523177 0 0.99863
    outer loop
      vertex 0 400 -10.5
      vertex 1.09755 360 -10.4425
      vertex 1.09755 400 -10.4425
    endloop
  endfacet
  facet normal -0.0523177 0 0.99863
    outer loop
      vertex 1.09755 360 -10.4425
      vertex 0 400 -10.5
      vertex 0 360 -10.5
    endloop
  endfacet
  facet normal -0.99863 0 -0.0523177
    outer loop
      vertex 10.5 360 0
      vertex 10.4425 400 1.09755
      vertex 10.5 400 0
    endloop
  endfacet
  facet normal -0.99863 -0 -0.0523177
    outer loop
      vertex 10.4425 400 1.09755
      vertex 10.5 360 0
      vertex 10.4425 360 1.09755
    endloop
  endfacet
  facet normal -0.0523177 0 -0.99863
    outer loop
      vertex 0 360 10.5
      vertex 1.09755 400 10.4425
      vertex 1.09755 360 10.4425
    endloop
  endfacet
  facet normal -0.0523177 0 -0.99863
    outer loop
      vertex 1.09755 400 10.4425
      vertex 0 360 10.5
      vertex 0 400 10.5
    endloop
  endfacet
  facet normal -0.777146 0 -0.62932
    outer loop
      vertex 8.49468 360 6.17174
      vertex 7.80302 400 7.02587
      vertex 8.49468 400 6.17174
    endloop
  endfacet
  facet normal -0.777146 -0 -0.62932
    outer loop
      vertex 7.80302 400 7.02587
      vertex 8.49468 360 6.17174
      vertex 7.80302 360 7.02587
    endloop
  endfacet
  facet normal -0.453988 0 -0.891008
    outer loop
      vertex 4.27073 360 9.59223
      vertex 5.25 400 9.09327
      vertex 5.25 360 9.09327
    endloop
  endfacet
  facet normal -0.453988 0 -0.891008
    outer loop
      vertex 5.25 400 9.09327
      vertex 4.27073 360 9.59223
      vertex 4.27073 400 9.59223
    endloop
  endfacet
  facet normal -0.62932 0 -0.777146
    outer loop
      vertex 6.17174 360 8.49468
      vertex 7.02587 400 7.80302
      vertex 7.02587 360 7.80302
    endloop
  endfacet
  facet normal -0.62932 0 -0.777146
    outer loop
      vertex 7.02587 400 7.80302
      vertex 6.17174 360 8.49468
      vertex 6.17174 400 8.49468
    endloop
  endfacet
  facet normal 0.933582 0 -0.358365
    outer loop
      vertex -9.59223 360 4.27073
      vertex -9.98609 400 3.24468
      vertex -9.59223 400 4.27073
    endloop
  endfacet
  facet normal 0.933582 0 -0.358365
    outer loop
      vertex -9.98609 400 3.24468
      vertex -9.59223 360 4.27073
      vertex -9.98609 360 3.24468
    endloop
  endfacet
  facet normal -0.544642 0 -0.838668
    outer loop
      vertex 5.25 360 9.09327
      vertex 6.17174 400 8.49468
      vertex 6.17174 360 8.49468
    endloop
  endfacet
  facet normal -0.544642 0 -0.838668
    outer loop
      vertex 6.17174 400 8.49468
      vertex 5.25 360 9.09327
      vertex 5.25 400 9.09327
    endloop
  endfacet
  facet normal -0.358365 0 -0.933582
    outer loop
      vertex 3.24468 360 9.98609
      vertex 4.27073 400 9.59223
      vertex 4.27073 360 9.59223
    endloop
  endfacet
  facet normal -0.358365 0 -0.933582
    outer loop
      vertex 4.27073 400 9.59223
      vertex 3.24468 360 9.98609
      vertex 3.24468 400 9.98609
    endloop
  endfacet
  facet normal -0.99863 0 0.0523177
    outer loop
      vertex 10.4425 360 -1.09755
      vertex 10.5 400 0
      vertex 10.4425 400 -1.09755
    endloop
  endfacet
  facet normal -0.99863 0 0.0523177
    outer loop
      vertex 10.5 400 0
      vertex 10.4425 360 -1.09755
      vertex 10.5 360 0
    endloop
  endfacet
  facet normal 0.743147 0 -0.669129
    outer loop
      vertex 8.09017 -410 -5.87785
      vertex 6.69131 410 -7.43145
      vertex 8.09017 410 -5.87785
    endloop
  endfacet
  facet normal 0.743147 0 -0.669129
    outer loop
      vertex 6.69131 410 -7.43145
      vertex 8.09017 -410 -5.87785
      vertex 6.69131 -410 -7.43145
    endloop
  endfacet
  facet normal -0.587783 0 -0.809019
    outer loop
      vertex -6.69131 -410 -7.43145
      vertex -5 410 -8.66025
      vertex -5 -410 -8.66025
    endloop
  endfacet
  facet normal -0.587783 0 -0.809019
    outer loop
      vertex -5 410 -8.66025
      vertex -6.69131 -410 -7.43145
      vertex -6.69131 410 -7.43145
    endloop
  endfacet
  facet normal -0.951055 0 0.309021
    outer loop
      vertex -9.78148 -410 2.07912
      vertex -9.13545 410 4.06737
      vertex -9.78148 410 2.07912
    endloop
  endfacet
  facet normal -0.951055 0 0.309021
    outer loop
      vertex -9.13545 410 4.06737
      vertex -9.78148 -410 2.07912
      vertex -9.13545 -410 4.06737
    endloop
  endfacet
  facet normal -0.994522 0 0.104526
    outer loop
      vertex -10 -410 0
      vertex -9.78148 410 2.07912
      vertex -10 410 0
    endloop
  endfacet
  facet normal -0.994522 0 0.104526
    outer loop
      vertex -9.78148 410 2.07912
      vertex -10 -410 0
      vertex -9.78148 -410 2.07912
    endloop
  endfacet
  facet normal -0.951055 0 -0.309021
    outer loop
      vertex -9.13545 -410 -4.06737
      vertex -9.78148 410 -2.07912
      vertex -9.13545 410 -4.06737
    endloop
  endfacet
  facet normal -0.951055 -0 -0.309021
    outer loop
      vertex -9.78148 410 -2.07912
      vertex -9.13545 -410 -4.06737
      vertex -9.78148 -410 -2.07912
    endloop
  endfacet
  facet normal -0.743147 0 0.669129
    outer loop
      vertex -8.09017 -410 5.87785
      vertex -6.69131 410 7.43145
      vertex -8.09017 410 5.87785
    endloop
  endfacet
  facet normal -0.743147 0 0.669129
    outer loop
      vertex -6.69131 410 7.43145
      vertex -8.09017 -410 5.87785
      vertex -6.69131 -410 7.43145
    endloop
  endfacet
  facet normal -0.743147 0 -0.669129
    outer loop
      vertex -6.69131 -410 -7.43145
      vertex -8.09017 410 -5.87785
      vertex -6.69131 410 -7.43145
    endloop
  endfacet
  facet normal -0.743147 -0 -0.669129
    outer loop
      vertex -8.09017 410 -5.87785
      vertex -6.69131 -410 -7.43145
      vertex -8.09017 -410 -5.87785
    endloop
  endfacet
  facet normal 0.587783 0 -0.809019
    outer loop
      vertex 5 -410 -8.66025
      vertex 6.69131 410 -7.43145
      vertex 6.69131 -410 -7.43145
    endloop
  endfacet
  facet normal 0.587783 0 -0.809019
    outer loop
      vertex 6.69131 410 -7.43145
      vertex 5 -410 -8.66025
      vertex 5 410 -8.66025
    endloop
  endfacet
  facet normal 0.406736 0 -0.913546
    outer loop
      vertex 3.09017 -410 -9.51056
      vertex 5 410 -8.66025
      vertex 5 -410 -8.66025
    endloop
  endfacet
  facet normal 0.406736 0 -0.913546
    outer loop
      vertex 5 410 -8.66025
      vertex 3.09017 -410 -9.51056
      vertex 3.09017 410 -9.51056
    endloop
  endfacet
  facet normal -0.866026 0 0.5
    outer loop
      vertex -9.13545 -410 4.06737
      vertex -8.09017 410 5.87785
      vertex -9.13545 410 4.06737
    endloop
  endfacet
  facet normal -0.866026 0 0.5
    outer loop
      vertex -8.09017 410 5.87785
      vertex -9.13545 -410 4.06737
      vertex -8.09017 -410 5.87785
    endloop
  endfacet
  facet normal 0.743147 -0 0.669129
    outer loop
      vertex 6.69131 -410 7.43145
      vertex 8.09017 410 5.87785
      vertex 6.69131 410 7.43145
    endloop
  endfacet
  facet normal 0.743147 0 0.669129
    outer loop
      vertex 8.09017 410 5.87785
      vertex 6.69131 -410 7.43145
      vertex 8.09017 -410 5.87785
    endloop
  endfacet
  facet normal -0.406736 0 -0.913546
    outer loop
      vertex -5 -410 -8.66025
      vertex -3.09017 410 -9.51056
      vertex -3.09017 -410 -9.51056
    endloop
  endfacet
  facet normal -0.406736 0 -0.913546
    outer loop
      vertex -3.09017 410 -9.51056
      vertex -5 -410 -8.66025
      vertex -5 410 -8.66025
    endloop
  endfacet
  facet normal 0.207914 0 -0.978147
    outer loop
      vertex 1.04528 -410 -9.94522
      vertex 3.09017 410 -9.51056
      vertex 3.09017 -410 -9.51056
    endloop
  endfacet
  facet normal 0.207914 0 -0.978147
    outer loop
      vertex 3.09017 410 -9.51056
      vertex 1.04528 -410 -9.94522
      vertex 1.04528 410 -9.94522
    endloop
  endfacet
  facet normal -0.866026 0 -0.5
    outer loop
      vertex -8.09017 -410 -5.87785
      vertex -9.13545 410 -4.06737
      vertex -8.09017 410 -5.87785
    endloop
  endfacet
  facet normal -0.866026 -0 -0.5
    outer loop
      vertex -9.13545 410 -4.06737
      vertex -8.09017 -410 -5.87785
      vertex -9.13545 -410 -4.06737
    endloop
  endfacet
  facet normal 0.951055 -0 0.309021
    outer loop
      vertex 9.13545 -410 4.06737
      vertex 9.78148 410 2.07912
      vertex 9.13545 410 4.06737
    endloop
  endfacet
  facet normal 0.951055 0 0.309021
    outer loop
      vertex 9.78148 410 2.07912
      vertex 9.13545 -410 4.06737
      vertex 9.78148 -410 2.07912
    endloop
  endfacet
  facet normal 0 1 0
    outer loop
      vertex 3.09017 410 9.51056
      vertex -1.04528 410 9.94522
      vertex 1.04528 410 9.94522
    endloop
  endfacet
  facet normal 0 1 0
    outer loop
      vertex 3.09017 410 9.51056
      vertex -3.09017 410 9.51056
      vertex -1.04528 410 9.94522
    endloop
  endfacet
  facet normal 0 1 0
    outer loop
      vertex 5 410 8.66025
      vertex -3.09017 410 9.51056
      vertex 3.09017 410 9.51056
    endloop
  endfacet
  facet normal 0 1 0
    outer loop
      vertex 5 410 8.66025
      vertex -5 410 8.66025
      vertex -3.09017 410 9.51056
    endloop
  endfacet
  facet normal 0 1 0
    outer loop
      vertex 6.69131 410 7.43145
      vertex -5 410 8.66025
      vertex 5 410 8.66025
    endloop
  endfacet
  facet normal 0 1 0
    outer loop
      vertex 6.69131 410 7.43145
      vertex -6.69131 410 7.43145
      vertex -5 410 8.66025
    endloop
  endfacet
  facet normal 0 1 0
    outer loop
      vertex 8.09017 410 5.87785
      vertex -6.69131 410 7.43145
      vertex 6.69131 410 7.43145
    endloop
  endfacet
  facet normal 0 1 0
    outer loop
      vertex 8.09017 410 5.87785
      vertex -8.09017 410 5.87785
      vertex -6.69131 410 7.43145
    endloop
  endfacet
  facet normal 0 1 0
    outer loop
      vertex 9.13545 410 4.06737
      vertex -8.09017 410 5.87785
      vertex 8.09017 410 5.87785
    endloop
  endfacet
  facet normal 0 1 0
    outer loop
      vertex 9.13545 410 4.06737
      vertex -9.13545 410 4.06737
      vertex -8.09017 410 5.87785
    endloop
  endfacet
  facet normal 0 1 0
    outer loop
      vertex 9.78148 410 2.07912
      vertex -9.13545 410 4.06737
      vertex 9.13545 410 4.06737
    endloop
  endfacet
  facet normal 0 1 0
    outer loop
      vertex 9.78148 410 2.07912
      vertex -9.78148 410 2.07912
      vertex -9.13545 410 4.06737
    endloop
  endfacet
  facet normal 0 1 0
    outer loop
      vertex 10 410 0
      vertex -9.78148 410 2.07912
      vertex 9.78148 410 2.07912
    endloop
  endfacet
  facet normal 0 1 0
    outer loop
      vertex 10 410 0
      vertex -10 410 0
      vertex -9.78148 410 2.07912
    endloop
  endfacet
  facet normal 0 1 -0
    outer loop
      vertex 9.78148 410 -2.07912
      vertex -10 410 0
      vertex 10 410 0
    endloop
  endfacet
  facet normal 0 1 0
    outer loop
      vertex 9.78148 410 -2.07912
      vertex -9.78148 410 -2.07912
      vertex -10 410 0
    endloop
  endfacet
  facet normal 0 1 -0
    outer loop
      vertex 9.13545 410 -4.06737
      vertex -9.78148 410 -2.07912
      vertex 9.78148 410 -2.07912
    endloop
  endfacet
  facet normal 0 1 0
    outer loop
      vertex 9.13545 410 -4.06737
      vertex -9.13545 410 -4.06737
      vertex -9.78148 410 -2.07912
    endloop
  endfacet
  facet normal 0 1 -0
    outer loop
      vertex 8.09017 410 -5.87785
      vertex -9.13545 410 -4.06737
      vertex 9.13545 410 -4.06737
    endloop
  endfacet
  facet normal 0 1 0
    outer loop
      vertex 8.09017 410 -5.87785
      vertex -8.09017 410 -5.87785
      vertex -9.13545 410 -4.06737
    endloop
  endfacet
  facet normal 0 1 -0
    outer loop
      vertex 6.69131 410 -7.43145
      vertex -8.09017 410 -5.87785
      vertex 8.09017 410 -5.87785
    endloop
  endfacet
  facet normal 0 1 0
    outer loop
      vertex 6.69131 410 -7.43145
      vertex -6.69131 410 -7.43145
      vertex -8.09017 410 -5.87785
    endloop
  endfacet
  facet normal 0 1 -0
    outer loop
      vertex 5 410 -8.66025
      vertex -6.69131 410 -7.43145
      vertex 6.69131 410 -7.43145
    endloop
  endfacet
  facet normal 0 1 0
    outer loop
      vertex 5 410 -8.66025
      vertex -5 410 -8.66025
      vertex -6.69131 410 -7.43145
    endloop
  endfacet
  facet normal 0 1 -0
    outer loop
      vertex 3.09017 410 -9.51056
      vertex -5 410 -8.66025
      vertex 5 410 -8.66025
    endloop
  endfacet
  facet normal 0 1 0
    outer loop
      vertex 3.09017 410 -9.51056
      vertex -3.09017 410 -9.51056
      vertex -5 410 -8.66025
    endloop
  endfacet
  facet normal 0 1 -0
    outer loop
      vertex 1.04528 410 -9.94522
      vertex -3.09017 410 -9.51056
      vertex 3.09017 410 -9.51056
    endloop
  endfacet
  facet normal 0 1 0
    outer loop
      vertex -3.09017 410 -9.51056
      vertex 1.04528 410 -9.94522
      vertex -1.04528 410 -9.94522
    endloop
  endfacet
  facet normal -0.994522 0 -0.104526
    outer loop
      vertex -9.78148 -410 -2.07912
      vertex -10 410 0
      vertex -9.78148 410 -2.07912
    endloop
  endfacet
  facet normal -0.994522 -0 -0.104526
    outer loop
      vertex -10 410 0
      vertex -9.78148 -410 -2.07912
      vertex -10 -410 0
    endloop
  endfacet
  facet normal 0.406736 0 0.913546
    outer loop
      vertex 3.09017 410 9.51056
      vertex 5 -410 8.66025
      vertex 5 410 8.66025
    endloop
  endfacet
  facet normal 0.406736 0 0.913546
    outer loop
      vertex 5 -410 8.66025
      vertex 3.09017 410 9.51056
      vertex 3.09017 -410 9.51056
    endloop
  endfacet
  facet normal -0.406736 0 0.913546
    outer loop
      vertex -5 410 8.66025
      vertex -3.09017 -410 9.51056
      vertex -3.09017 410 9.51056
    endloop
  endfacet
  facet normal -0.406736 0 0.913546
    outer loop
      vertex -3.09017 -410 9.51056
      vertex -5 410 8.66025
      vertex -5 -410 8.66025
    endloop
  endfacet
  facet normal 0 -1 0
    outer loop
      vertex -3.09017 -410 9.51056
      vertex 1.04528 -410 9.94522
      vertex -1.04528 -410 9.94522
    endloop
  endfacet
  facet normal 0 -1 0
    outer loop
      vertex -3.09017 -410 9.51056
      vertex 3.09017 -410 9.51056
      vertex 1.04528 -410 9.94522
    endloop
  endfacet
  facet normal 0 -1 0
    outer loop
      vertex -5 -410 8.66025
      vertex 3.09017 -410 9.51056
      vertex -3.09017 -410 9.51056
    endloop
  endfacet
  facet normal 0 -1 0
    outer loop
      vertex -5 -410 8.66025
      vertex 5 -410 8.66025
      vertex 3.09017 -410 9.51056
    endloop
  endfacet
  facet normal 0 -1 0
    outer loop
      vertex -6.69131 -410 7.43145
      vertex 5 -410 8.66025
      vertex -5 -410 8.66025
    endloop
  endfacet
  facet normal 0 -1 0
    outer loop
      vertex -6.69131 -410 7.43145
      vertex 6.69131 -410 7.43145
      vertex 5 -410 8.66025
    endloop
  endfacet
  facet normal 0 -1 0
    outer loop
      vertex -8.09017 -410 5.87785
      vertex 6.69131 -410 7.43145
      vertex -6.69131 -410 7.43145
    endloop
  endfacet
  facet normal 0 -1 0
    outer loop
      vertex -8.09017 -410 5.87785
      vertex 8.09017 -410 5.87785
      vertex 6.69131 -410 7.43145
    endloop
  endfacet
  facet normal 0 -1 0
    outer loop
      vertex -9.13545 -410 4.06737
      vertex 8.09017 -410 5.87785
      vertex -8.09017 -410 5.87785
    endloop
  endfacet
  facet normal 0 -1 0
    outer loop
      vertex -9.13545 -410 4.06737
      vertex 9.13545 -410 4.06737
      vertex 8.09017 -410 5.87785
    endloop
  endfacet
  facet normal 0 -1 0
    outer loop
      vertex -9.78148 -410 2.07912
      vertex 9.13545 -410 4.06737
      vertex -9.13545 -410 4.06737
    endloop
  endfacet
  facet normal 0 -1 0
    outer loop
      vertex -9.78148 -410 2.07912
      vertex 9.78148 -410 2.07912
      vertex 9.13545 -410 4.06737
    endloop
  endfacet
  facet normal 0 -1 0
    outer loop
      vertex -10 -410 0
      vertex 9.78148 -410 2.07912
      vertex -9.78148 -410 2.07912
    endloop
  endfacet
  facet normal 0 -1 0
    outer loop
      vertex -10 -410 0
      vertex 10 -410 0
      vertex 9.78148 -410 2.07912
    endloop
  endfacet
  facet normal 0 -1 0
    outer loop
      vertex -9.78148 -410 -2.07912
      vertex 10 -410 0
      vertex -10 -410 0
    endloop
  endfacet
  facet normal 0 -1 0
    outer loop
      vertex -9.78148 -410 -2.07912
      vertex 9.78148 -410 -2.07912
      vertex 10 -410 0
    endloop
  endfacet
  facet normal 0 -1 0
    outer loop
      vertex -9.13545 -410 -4.06737
      vertex 9.78148 -410 -2.07912
      vertex -9.78148 -410 -2.07912
    endloop
  endfacet
  facet normal 0 -1 0
    outer loop
      vertex -9.13545 -410 -4.06737
      vertex 9.13545 -410 -4.06737
      vertex 9.78148 -410 -2.07912
    endloop
  endfacet
  facet normal 0 -1 0
    outer loop
      vertex -8.09017 -410 -5.87785
      vertex 9.13545 -410 -4.06737
      vertex -9.13545 -410 -4.06737
    endloop
  endfacet
  facet normal 0 -1 0
    outer loop
      vertex -8.09017 -410 -5.87785
      vertex 8.09017 -410 -5.87785
      vertex 9.13545 -410 -4.06737
    endloop
  endfacet
  facet normal 0 -1 0
    outer loop
      vertex -6.69131 -410 -7.43145
      vertex 8.09017 -410 -5.87785
      vertex -8.09017 -410 -5.87785
    endloop
  endfacet
  facet normal 0 -1 0
    outer loop
      vertex -6.69131 -410 -7.43145
      vertex 6.69131 -410 -7.43145
      vertex 8.09017 -410 -5.87785
    endloop
  endfacet
  facet normal 0 -1 0
    outer loop
      vertex -5 -410 -8.66025
      vertex 6.69131 -410 -7.43145
      vertex -6.69131 -410 -7.43145
    endloop
  endfacet
  facet normal 0 -1 0
    outer loop
      vertex -5 -410 -8.66025
      vertex 5 -410 -8.66025
      vertex 6.69131 -410 -7.43145
    endloop
  endfacet
  facet normal 0 -1 0
    outer loop
      vertex -3.09017 -410 -9.51056
      vertex 5 -410 -8.66025
      vertex -5 -410 -8.66025
    endloop
  endfacet
  facet normal 0 -1 0
    outer loop
      vertex -3.09017 -410 -9.51056
      vertex 3.09017 -410 -9.51056
      vertex 5 -410 -8.66025
    endloop
  endfacet
  facet normal 0 -1 0
    outer loop
      vertex -1.04528 -410 -9.94522
      vertex 3.09017 -410 -9.51056
      vertex -3.09017 -410 -9.51056
    endloop
  endfacet
  facet normal 0 -1 0
    outer loop
      vertex 3.09017 -410 -9.51056
      vertex -1.04528 -410 -9.94522
      vertex 1.04528 -410 -9.94522
    endloop
  endfacet
  facet normal -0.207914 0 0.978147
    outer loop
      vertex -3.09017 410 9.51056
      vertex -1.04528 -410 9.94522
      vertex -1.04528 410 9.94522
    endloop
  endfacet
  facet normal -0.207914 0 0.978147
    outer loop
      vertex -1.04528 -410 9.94522
      vertex -3.09017 410 9.51056
      vertex -3.09017 -410 9.51056
    endloop
  endfacet
  facet normal 0.866026 0 -0.5
    outer loop
      vertex 9.13545 -410 -4.06737
      vertex 8.09017 410 -5.87785
      vertex 9.13545 410 -4.06737
    endloop
  endfacet
  facet normal 0.866026 0 -0.5
    outer loop
      vertex 8.09017 410 -5.87785
      vertex 9.13545 -410 -4.06737
      vertex 8.09017 -410 -5.87785
    endloop
  endfacet
  facet normal -0.207914 0 -0.978147
    outer loop
      vertex -3.09017 -410 -9.51056
      vertex -1.04528 410 -9.94522
      vertex -1.04528 -410 -9.94522
    endloop
  endfacet
  facet normal -0.207914 0 -0.978147
    outer loop
      vertex -1.04528 410 -9.94522
      vertex -3.09017 -410 -9.51056
      vertex -3.09017 410 -9.51056
    endloop
  endfacet
  facet normal 0.866026 -0 0.5
    outer loop
      vertex 8.09017 -410 5.87785
      vertex 9.13545 410 4.06737
      vertex 8.09017 410 5.87785
    endloop
  endfacet
  facet normal 0.866026 0 0.5
    outer loop
      vertex 9.13545 410 4.06737
      vertex 8.09017 -410 5.87785
      vertex 9.13545 -410 4.06737
    endloop
  endfacet
  facet normal 0.951055 0 -0.309021
    outer loop
      vertex 9.78148 -410 -2.07912
      vertex 9.13545 410 -4.06737
      vertex 9.78148 410 -2.07912
    endloop
  endfacet
  facet normal 0.951055 0 -0.309021
    outer loop
      vertex 9.13545 410 -4.06737
      vertex 9.78148 -410 -2.07912
      vertex 9.13545 -410 -4.06737
    endloop
  endfacet
  facet normal -0.587783 0 0.809019
    outer loop
      vertex -6.69131 410 7.43145
      vertex -5 -410 8.66025
      vertex -5 410 8.66025
    endloop
  endfacet
  facet normal -0.587783 0 0.809019
    outer loop
      vertex -5 -410 8.66025
      vertex -6.69131 410 7.43145
      vertex -6.69131 -410 7.43145
    endloop
  endfacet
  facet normal 0.994522 0 -0.104526
    outer loop
      vertex 10 -410 0
      vertex 9.78148 410 -2.07912
      vertex 10 410 0
    endloop
  endfacet
  facet normal 0.994522 0 -0.104526
    outer loop
      vertex 9.78148 410 -2.07912
      vertex 10 -410 0
      vertex 9.78148 -410 -2.07912
    endloop
  endfacet
  facet normal 0.587783 0 0.809019
    outer loop
      vertex 5 410 8.66025
      vertex 6.69131 -410 7.43145
      vertex 6.69131 410 7.43145
    endloop
  endfacet
  facet normal 0.587783 0 0.809019
    outer loop
      vertex 6.69131 -410 7.43145
      vertex 5 410 8.66025
      vertex 5 -410 8.66025
    endloop
  endfacet
  facet normal 0.207914 0 0.978147
    outer loop
      vertex 1.04528 410 9.94522
      vertex 3.09017 -410 9.51056
      vertex 3.09017 410 9.51056
    endloop
  endfacet
  facet normal 0.207914 0 0.978147
    outer loop
      vertex 3.09017 -410 9.51056
      vertex 1.04528 410 9.94522
      vertex 1.04528 -410 9.94522
    endloop
  endfacet
  facet normal -0 0 1
    outer loop
      vertex -1.04528 410 9.94522
      vertex 1.04528 -410 9.94522
      vertex 1.04528 410 9.94522
    endloop
  endfacet
  facet normal 0 0 1
    outer loop
      vertex 1.04528 -410 9.94522
      vertex -1.04528 410 9.94522
      vertex -1.04528 -410 9.94522
    endloop
  endfacet
  facet normal 0 0 -1
    outer loop
      vertex -1.04528 -410 -9.94522
      vertex 1.04528 410 -9.94522
      vertex 1.04528 -410 -9.94522
    endloop
  endfacet
  facet normal -0 0 -1
    outer loop
      vertex 1.04528 410 -9.94522
      vertex -1.04528 -410 -9.94522
      vertex -1.04528 410 -9.94522
    endloop
  endfacet
  facet normal 0.994522 -0 0.104526
    outer loop
      vertex 9.78148 -410 2.07912
      vertex 10 410 0
      vertex 9.78148 410 2.07912
    endloop
  endfacet
  facet normal 0.994522 0 0.104526
    outer loop
      vertex 10 410 0
      vertex 9.78148 -410 2.07912
      vertex 10 -410 0
    endloop
  endfacet
endsolid OpenSCAD_Model
