solid OpenSCAD_Model
  facet normal -1 0 0
    outer loop
      vertex 400 237.5 176
      vertex 400 280 180
      vertex 400 280 176
    endloop
  endfacet
  facet normal -1 -0 0
    outer loop
      vertex 400 280 180
      vertex 400 237.5 176
      vertex 400 237.5 180
    endloop
  endfacet
  facet normal -1 0 0
    outer loop
      vertex 400 300 176
      vertex 400 312.5 180
      vertex 400 312.5 176
    endloop
  endfacet
  facet normal -1 -0 0
    outer loop
      vertex 400 312.5 180
      vertex 400 300 176
      vertex 400 300 180
    endloop
  endfacet
  facet normal -1 0 0
    outer loop
      vertex 400 -312.5 176
      vertex 400 -300 180
      vertex 400 -300 176
    endloop
  endfacet
  facet normal -1 -0 0
    outer loop
      vertex 400 -300 180
      vertex 400 -312.5 176
      vertex 400 -312.5 180
    endloop
  endfacet
  facet normal -1 0 0
    outer loop
      vertex 400 -280 176
      vertex 400 -237.5 180
      vertex 400 -237.5 176
    endloop
  endfacet
  facet normal -1 -0 0
    outer loop
      vertex 400 -237.5 180
      vertex 400 -280 176
      vertex 400 -280 180
    endloop
  endfacet
  facet normal 1 0 0
    outer loop
      vertex 400 -280 176
      vertex 400 -281.2 168.8
      vertex 400 -280 170
    endloop
  endfacet
  facet normal 1 0 0
    outer loop
      vertex 400 -280 176
      vertex 400 -298.8 168.8
      vertex 400 -281.2 168.8
    endloop
  endfacet
  facet normal 1 0 0
    outer loop
      vertex 400 -300 130
      vertex 400 -298.8 168.8
      vertex 400 -300 176
    endloop
  endfacet
  facet normal 1 -0 0
    outer loop
      vertex 400 -300 176
      vertex 400 -298.8 168.8
      vertex 400 -280 176
    endloop
  endfacet
  facet normal 1 0 0
    outer loop
      vertex 400 300 176
      vertex 400 298.8 168.8
      vertex 400 300 130
    endloop
  endfacet
  facet normal 1 0 0
    outer loop
      vertex 400 300 176
      vertex 400 281.2 168.8
      vertex 400 298.8 168.8
    endloop
  endfacet
  facet normal 1 -0 0
    outer loop
      vertex 400 280 170
      vertex 400 281.2 168.8
      vertex 400 280 176
    endloop
  endfacet
  facet normal 1 -0 0
    outer loop
      vertex 400 280 176
      vertex 400 281.2 168.8
      vertex 400 300 176
    endloop
  endfacet
  facet normal 1 -0 0
    outer loop
      vertex 400 298.8 131.2
      vertex 400 300 130
      vertex 400 298.8 168.8
    endloop
  endfacet
  facet normal 1 -0 0
    outer loop
      vertex 400 281.2 131.2
      vertex 400 300 130
      vertex 400 298.8 131.2
    endloop
  endfacet
  facet normal 1 0 0
    outer loop
      vertex 400 281.2 168.8
      vertex 400 280 170
      vertex 400 281.2 131.2
    endloop
  endfacet
  facet normal 1 -0 0
    outer loop
      vertex 400 -280 170
      vertex 400 281.2 131.2
      vertex 400 280 170
    endloop
  endfacet
  facet normal 1 0 0
    outer loop
      vertex 400 -281.2 131.2
      vertex 400 -280 170
      vertex 400 -281.2 168.8
    endloop
  endfacet
  facet normal 1 0 0
    outer loop
      vertex 400 -280 170
      vertex 400 -281.2 131.2
      vertex 400 281.2 131.2
    endloop
  endfacet
  facet normal 1 -0 0
    outer loop
      vertex 400 -281.2 131.2
      vertex 400 300 130
      vertex 400 281.2 131.2
    endloop
  endfacet
  facet normal 1 0 0
    outer loop
      vertex 400 -300 130
      vertex 400 -281.2 131.2
      vertex 400 -298.8 131.2
    endloop
  endfacet
  facet normal 1 0 0
    outer loop
      vertex 400 -281.2 131.2
      vertex 400 -300 130
      vertex 400 300 130
    endloop
  endfacet
  facet normal 1 0 0
    outer loop
      vertex 400 -298.8 168.8
      vertex 400 -300 130
      vertex 400 -298.8 131.2
    endloop
  endfacet
  facet normal 1 0 0
    outer loop
      vertex 400 300 450
      vertex 400 280 430
      vertex 400 300 280
    endloop
  endfacet
  facet normal 1 0 0
    outer loop
      vertex 400 300 450
      vertex 400 -280 430
      vertex 400 280 430
    endloop
  endfacet
  facet normal 1 -0 0
    outer loop
      vertex 400 -300 450
      vertex 400 -280 430
      vertex 400 300 450
    endloop
  endfacet
  facet normal 1 0 0
    outer loop
      vertex 400 -300 280
      vertex 400 -280 430
      vertex 400 -300 450
    endloop
  endfacet
  facet normal 1 0 0
    outer loop
      vertex 400 -280 430
      vertex 400 -300 280
      vertex 400 -280 280
    endloop
  endfacet
  facet normal 1 0 0
    outer loop
      vertex 400 300 280
      vertex 400 280 430
      vertex 400 280 280
    endloop
  endfacet
  facet normal -1 0 0
    outer loop
      vertex -400 -281.2 131.2
      vertex -400 -200 130
      vertex -400 -200 129.5
    endloop
  endfacet
  facet normal -1 0 0
    outer loop
      vertex -400 -281.2 168.8
      vertex -400 -280 170
      vertex -400 -281.2 131.2
    endloop
  endfacet
  facet normal -1 0 0
    outer loop
      vertex -400 -200 130
      vertex -400 -281.2 131.2
      vertex -400 -280 170
    endloop
  endfacet
  facet normal -1 0 0
    outer loop
      vertex -400 -300 129.5
      vertex -400 -281.2 131.2
      vertex -400 -200 129.5
    endloop
  endfacet
  facet normal -1 -0 0
    outer loop
      vertex -400 -298.8 131.2
      vertex -400 -300 129.5
      vertex -400 -298.8 168.8
    endloop
  endfacet
  facet normal -1 -0 0
    outer loop
      vertex -400 -281.2 131.2
      vertex -400 -300 129.5
      vertex -400 -298.8 131.2
    endloop
  endfacet
  facet normal -1 0 0
    outer loop
      vertex -400 298.8 168.8
      vertex -400 300 129.5
      vertex -400 298.8 131.2
    endloop
  endfacet
  facet normal -1 0 0
    outer loop
      vertex -400 300 129.5
      vertex -400 281.2 131.2
      vertex -400 298.8 131.2
    endloop
  endfacet
  facet normal -1 0 0
    outer loop
      vertex -400 281.2 131.2
      vertex -400 280 170
      vertex -400 281.2 168.8
    endloop
  endfacet
  facet normal -1 0 0
    outer loop
      vertex -400 200 129.5
      vertex -400 281.2 131.2
      vertex -400 300 129.5
    endloop
  endfacet
  facet normal -1 0 0
    outer loop
      vertex -400 200 130
      vertex -400 281.2 131.2
      vertex -400 200 129.5
    endloop
  endfacet
  facet normal -1 -0 0
    outer loop
      vertex -400 281.2 131.2
      vertex -400 200 130
      vertex -400 280 170
    endloop
  endfacet
  facet normal -1 0 0
    outer loop
      vertex -400 -200 130
      vertex -400 280 170
      vertex -400 200 130
    endloop
  endfacet
  facet normal -1 -0 0
    outer loop
      vertex -400 280 170
      vertex -400 -200 130
      vertex -400 -280 170
    endloop
  endfacet
  facet normal -1 0 0
    outer loop
      vertex -400 300 129.5
      vertex -400 298.8 168.8
      vertex -400 300 450
    endloop
  endfacet
  facet normal -1 0 0
    outer loop
      vertex -400 280 170
      vertex -400 298.8 168.8
      vertex -400 281.2 168.8
    endloop
  endfacet
  facet normal -1 0 0
    outer loop
      vertex -400 298.8 168.8
      vertex -400 280 170
      vertex -400 280 430
    endloop
  endfacet
  facet normal -1 0 0
    outer loop
      vertex -400 298.8 168.8
      vertex -400 280 430
      vertex -400 300 450
    endloop
  endfacet
  facet normal -1 0 0
    outer loop
      vertex -400 -280 430
      vertex -400 300 450
      vertex -400 280 430
    endloop
  endfacet
  facet normal -1 0 0
    outer loop
      vertex -400 -298.8 168.8
      vertex -400 -280 170
      vertex -400 -281.2 168.8
    endloop
  endfacet
  facet normal -1 -0 0
    outer loop
      vertex -400 -280 170
      vertex -400 -298.8 168.8
      vertex -400 -280 430
    endloop
  endfacet
  facet normal -1 0 0
    outer loop
      vertex -400 -280 430
      vertex -400 -300 450
      vertex -400 300 450
    endloop
  endfacet
  facet normal -1 0 0
    outer loop
      vertex -400 -298.8 168.8
      vertex -400 -300 450
      vertex -400 -280 430
    endloop
  endfacet
  facet normal -1 0 0
    outer loop
      vertex -400 -300 450
      vertex -400 -298.8 168.8
      vertex -400 -300 129.5
    endloop
  endfacet
  facet normal 0 1 0
    outer loop
      vertex 400 300 180
      vertex 400 300 176
      vertex 398 300 180
    endloop
  endfacet
  facet normal 0 1 0
    outer loop
      vertex 400 300 450
      vertex 380 300 430
      vertex -400 300 450
    endloop
  endfacet
  facet normal 0 1 -0
    outer loop
      vertex 400 300 280
      vertex 380 300 430
      vertex 400 300 450
    endloop
  endfacet
  facet normal 0 1 -0
    outer loop
      vertex 398 300 280
      vertex 380 300 430
      vertex 400 300 280
    endloop
  endfacet
  facet normal 0 1 0
    outer loop
      vertex 380 300 170
      vertex 398 300 280
      vertex 398 300 180
    endloop
  endfacet
  facet normal 0 1 0
    outer loop
      vertex 398 300 280
      vertex 380 300 170
      vertex 380 300 430
    endloop
  endfacet
  facet normal 0 1 0
    outer loop
      vertex 400 300 176
      vertex 380 300 170
      vertex 398 300 180
    endloop
  endfacet
  facet normal 0 1 0
    outer loop
      vertex -300 300 130
      vertex 380 300 170
      vertex 400 300 130
    endloop
  endfacet
  facet normal 0 1 -0
    outer loop
      vertex 400 300 130
      vertex 380 300 170
      vertex 400 300 176
    endloop
  endfacet
  facet normal 0 1 -0
    outer loop
      vertex -380 300 430
      vertex -400 300 450
      vertex 380 300 430
    endloop
  endfacet
  facet normal 0 1 -0
    outer loop
      vertex -380 300 170
      vertex -400 300 450
      vertex -380 300 430
    endloop
  endfacet
  facet normal 0 1 0
    outer loop
      vertex 380 300 170
      vertex -300 300 130
      vertex -380 300 170
    endloop
  endfacet
  facet normal 0 1 -0
    outer loop
      vertex -300 300 129.5
      vertex -380 300 170
      vertex -300 300 130
    endloop
  endfacet
  facet normal 0 1 0
    outer loop
      vertex -380 300 170
      vertex -400 300 129.5
      vertex -400 300 450
    endloop
  endfacet
  facet normal 0 1 0
    outer loop
      vertex -400 300 129.5
      vertex -380 300 170
      vertex -300 300 129.5
    endloop
  endfacet
  facet normal 0 0 -1
    outer loop
      vertex -250 -250 170
      vertex -138.7 -100 170
      vertex -138.7 -250 170
    endloop
  endfacet
  facet normal -0 0 -1
    outer loop
      vertex -138.7 -100 170
      vertex -250 -250 170
      vertex -250 -100 170
    endloop
  endfacet
  facet normal 0 0 -1
    outer loop
      vertex 138.7 -250 170
      vertex 250 -100 170
      vertex 250 -250 170
    endloop
  endfacet
  facet normal -0 0 -1
    outer loop
      vertex 250 -100 170
      vertex 138.7 -250 170
      vertex 138.7 -100 170
    endloop
  endfacet
  facet normal 0 0 -1
    outer loop
      vertex 138.7 100 170
      vertex 250 250 170
      vertex 250 100 170
    endloop
  endfacet
  facet normal -0 0 -1
    outer loop
      vertex 250 250 170
      vertex 138.7 100 170
      vertex 138.7 250 170
    endloop
  endfacet
  facet normal 0 0 -1
    outer loop
      vertex -250 100 170
      vertex -138.7 250 170
      vertex -138.7 100 170
    endloop
  endfacet
  facet normal -0 0 -1
    outer loop
      vertex -138.7 250 170
      vertex -250 100 170
      vertex -250 250 170
    endloop
  endfacet
  facet normal 0 0 1
    outer loop
      vertex -118.7 -250 170
      vertex -138.7 -250 170
      vertex -118.7 -280 170
    endloop
  endfacet
  facet normal 0 0 1
    outer loop
      vertex 138.7 -250 170
      vertex 118.7 -250 170
      vertex 138.7 -280 170
    endloop
  endfacet
  facet normal -0 0 1
    outer loop
      vertex 138.7 -280 170
      vertex 380 -300 170
      vertex 380 -280 170
    endloop
  endfacet
  facet normal 0 0 1
    outer loop
      vertex 118.7 -280 170
      vertex 138.7 -280 170
      vertex 118.7 -250 170
    endloop
  endfacet
  facet normal -0 0 1
    outer loop
      vertex 118.7 -280 170
      vertex 380 -300 170
      vertex 138.7 -280 170
    endloop
  endfacet
  facet normal -0 0 1
    outer loop
      vertex -118.7 -280 170
      vertex 380 -300 170
      vertex 118.7 -280 170
    endloop
  endfacet
  facet normal 0 0 1
    outer loop
      vertex -138.7 -280 170
      vertex -118.7 -280 170
      vertex -138.7 -250 170
    endloop
  endfacet
  facet normal 0 0 1
    outer loop
      vertex -380 -300 170
      vertex -118.7 -280 170
      vertex -138.7 -280 170
    endloop
  endfacet
  facet normal 0 0 1
    outer loop
      vertex -380 -300 170
      vertex -138.7 -280 170
      vertex -380 -280 170
    endloop
  endfacet
  facet normal 0 0 1
    outer loop
      vertex -118.7 -280 170
      vertex -380 -300 170
      vertex 380 -300 170
    endloop
  endfacet
  facet normal 0 0 1
    outer loop
      vertex 380 300 170
      vertex 138.7 280 170
      vertex 380 280 170
    endloop
  endfacet
  facet normal 0 0 1
    outer loop
      vertex 138.7 280 170
      vertex 118.7 280 170
      vertex 138.7 250 170
    endloop
  endfacet
  facet normal 0 0 1
    outer loop
      vertex 380 300 170
      vertex 118.7 280 170
      vertex 138.7 280 170
    endloop
  endfacet
  facet normal 0 0 1
    outer loop
      vertex 380 300 170
      vertex -118.7 280 170
      vertex 118.7 280 170
    endloop
  endfacet
  facet normal 0 0 1
    outer loop
      vertex -118.7 280 170
      vertex -138.7 280 170
      vertex -118.7 250 170
    endloop
  endfacet
  facet normal -0 0 1
    outer loop
      vertex -380 300 170
      vertex -118.7 280 170
      vertex 380 300 170
    endloop
  endfacet
  facet normal 0 0 1
    outer loop
      vertex -118.7 280 170
      vertex -380 300 170
      vertex -138.7 280 170
    endloop
  endfacet
  facet normal 0 0 1
    outer loop
      vertex -138.7 280 170
      vertex -380 300 170
      vertex -380 280 170
    endloop
  endfacet
  facet normal 0 0 1
    outer loop
      vertex 138.7 250 170
      vertex 118.7 280 170
      vertex 118.7 250 170
    endloop
  endfacet
  facet normal 0 0 1
    outer loop
      vertex -118.7 250 170
      vertex -138.7 280 170
      vertex -138.7 250 170
    endloop
  endfacet
  facet normal 0 0 -1
    outer loop
      vertex -118.7 -250 170
      vertex 118.7 -100 170
      vertex 118.7 -250 170
    endloop
  endfacet
  facet normal -0 0 -1
    outer loop
      vertex 118.7 -100 170
      vertex -118.7 -250 170
      vertex -118.7 -100 170
    endloop
  endfacet
  facet normal 0 0 -1
    outer loop
      vertex -118.7 100 170
      vertex 118.7 250 170
      vertex 118.7 100 170
    endloop
  endfacet
  facet normal -0 0 -1
    outer loop
      vertex 118.7 250 170
      vertex -118.7 100 170
      vertex -118.7 250 170
    endloop
  endfacet
  facet normal -0 0 1
    outer loop
      vertex 118.7 100 170
      vertex 138.7 -100 170
      vertex 138.7 100 170
    endloop
  endfacet
  facet normal 0 0 1
    outer loop
      vertex 138.7 -100 170
      vertex 118.7 100 170
      vertex 118.7 -100 170
    endloop
  endfacet
  facet normal -0 0 1
    outer loop
      vertex -138.7 100 170
      vertex -118.7 -100 170
      vertex -118.7 100 170
    endloop
  endfacet
  facet normal 0 0 1
    outer loop
      vertex -118.7 -100 170
      vertex -138.7 100 170
      vertex -138.7 -100 170
    endloop
  endfacet
  facet normal -0 0 1
    outer loop
      vertex -400 280 170
      vertex -380 -280 170
      vertex -380 280 170
    endloop
  endfacet
  facet normal 0 0 1
    outer loop
      vertex -380 -280 170
      vertex -400 280 170
      vertex -400 -280 170
    endloop
  endfacet
  facet normal -0 0 1
    outer loop
      vertex 380 280 170
      vertex 400 -280 170
      vertex 400 280 170
    endloop
  endfacet
  facet normal 0 0 1
    outer loop
      vertex 400 -280 170
      vertex 380 280 170
      vertex 380 -280 170
    endloop
  endfacet
  facet normal -0 0 1
    outer loop
      vertex 381.2 298.8 170
      vertex 398.8 281.2 170
      vertex 398.8 298.8 170
    endloop
  endfacet
  facet normal 0 0 1
    outer loop
      vertex 398.8 281.2 170
      vertex 381.2 298.8 170
      vertex 381.2 281.2 170
    endloop
  endfacet
  facet normal -0 0 1
    outer loop
      vertex -398.8 -281.2 170
      vertex -381.2 -298.8 170
      vertex -381.2 -281.2 170
    endloop
  endfacet
  facet normal 0 0 1
    outer loop
      vertex -381.2 -298.8 170
      vertex -398.8 -281.2 170
      vertex -398.8 -298.8 170
    endloop
  endfacet
  facet normal -0 0 1
    outer loop
      vertex 381.2 -281.2 170
      vertex 398.8 -298.8 170
      vertex 398.8 -281.2 170
    endloop
  endfacet
  facet normal 0 0 1
    outer loop
      vertex 398.8 -298.8 170
      vertex 381.2 -281.2 170
      vertex 381.2 -298.8 170
    endloop
  endfacet
  facet normal -0 0 1
    outer loop
      vertex -398.8 298.8 170
      vertex -381.2 281.2 170
      vertex -381.2 298.8 170
    endloop
  endfacet
  facet normal 0 0 1
    outer loop
      vertex -381.2 281.2 170
      vertex -398.8 298.8 170
      vertex -398.8 281.2 170
    endloop
  endfacet
  facet normal 0 -1 0
    outer loop
      vertex -300 280 130.5
      vertex -380 280 170
      vertex -380 280 130.5
    endloop
  endfacet
  facet normal 0 -1 0
    outer loop
      vertex -380 280 170
      vertex -300 280 130.5
      vertex -138.7 280 170
    endloop
  endfacet
  facet normal 0 -1 0
    outer loop
      vertex -138.7 280 130
      vertex -300 280 130.5
      vertex -300 280 130
    endloop
  endfacet
  facet normal 0 -1 0
    outer loop
      vertex -300 280 130.5
      vertex -138.7 280 130
      vertex -138.7 280 170
    endloop
  endfacet
  facet normal 0 -1 0
    outer loop
      vertex -398.8 280 131.2
      vertex -381.2 280 168.8
      vertex -398.8 280 168.8
    endloop
  endfacet
  facet normal 0 -1 -0
    outer loop
      vertex -381.2 280 168.8
      vertex -398.8 280 131.2
      vertex -381.2 280 131.2
    endloop
  endfacet
  facet normal 0 -1 0
    outer loop
      vertex 138.7 280 130
      vertex 380 280 170
      vertex 138.7 280 170
    endloop
  endfacet
  facet normal 0 -1 -0
    outer loop
      vertex 380 280 170
      vertex 138.7 280 130
      vertex 380 280 130
    endloop
  endfacet
  facet normal 0 -1 0
    outer loop
      vertex 119.9 280 131.2
      vertex 137.5 280 168.8
      vertex 119.9 280 168.8
    endloop
  endfacet
  facet normal 0 -1 -0
    outer loop
      vertex 137.5 280 168.8
      vertex 119.9 280 131.2
      vertex 137.5 280 131.2
    endloop
  endfacet
  facet normal 0 -1 0
    outer loop
      vertex -118.7 280 130
      vertex 118.7 280 170
      vertex -118.7 280 170
    endloop
  endfacet
  facet normal 0 -1 -0
    outer loop
      vertex 118.7 280 170
      vertex -118.7 280 130
      vertex 118.7 280 130
    endloop
  endfacet
  facet normal 0 -1 0
    outer loop
      vertex -137.5 280 131.2
      vertex -119.9 280 168.8
      vertex -137.5 280 168.8
    endloop
  endfacet
  facet normal 0 -1 -0
    outer loop
      vertex -119.9 280 168.8
      vertex -137.5 280 131.2
      vertex -119.9 280 131.2
    endloop
  endfacet
  facet normal 0 -1 0
    outer loop
      vertex 381.2 280 131.2
      vertex 398.8 280 168.8
      vertex 381.2 280 168.8
    endloop
  endfacet
  facet normal 0 -1 -0
    outer loop
      vertex 398.8 280 168.8
      vertex 381.2 280 131.2
      vertex 398.8 280 131.2
    endloop
  endfacet
  facet normal 0 0 -1
    outer loop
      vertex 400 -300 130
      vertex 380 -280 130
      vertex 400 300 130
    endloop
  endfacet
  facet normal 0 0 -1
    outer loop
      vertex 400 -300 130
      vertex 138.7 -280 130
      vertex 380 -280 130
    endloop
  endfacet
  facet normal 0 0 -1
    outer loop
      vertex 138.7 -280 130
      vertex 118.7 -280 130
      vertex 138.7 280 130
    endloop
  endfacet
  facet normal 0 0 -1
    outer loop
      vertex 400 -300 130
      vertex 118.7 -280 130
      vertex 138.7 -280 130
    endloop
  endfacet
  facet normal 0 0 -1
    outer loop
      vertex -300 -300 130
      vertex 118.7 -280 130
      vertex 400 -300 130
    endloop
  endfacet
  facet normal 0 0 -1
    outer loop
      vertex -118.7 -280 130
      vertex -138.7 -280 130
      vertex -118.7 280 130
    endloop
  endfacet
  facet normal -0 0 -1
    outer loop
      vertex 118.7 -280 130
      vertex -300 -300 130
      vertex -118.7 -280 130
    endloop
  endfacet
  facet normal -0 0 -1
    outer loop
      vertex -118.7 -280 130
      vertex -300 -300 130
      vertex -138.7 -280 130
    endloop
  endfacet
  facet normal -0 0 -1
    outer loop
      vertex -138.7 -280 130
      vertex -300 -300 130
      vertex -300 -280 130
    endloop
  endfacet
  facet normal 0 0 -1
    outer loop
      vertex 380 280 130
      vertex 400 300 130
      vertex 380 -280 130
    endloop
  endfacet
  facet normal 0 0 -1
    outer loop
      vertex 138.7 280 130
      vertex 400 300 130
      vertex 380 280 130
    endloop
  endfacet
  facet normal 0 0 -1
    outer loop
      vertex 118.7 280 130
      vertex 138.7 280 130
      vertex 118.7 -280 130
    endloop
  endfacet
  facet normal 0 0 -1
    outer loop
      vertex 118.7 280 130
      vertex 400 300 130
      vertex 138.7 280 130
    endloop
  endfacet
  facet normal 0 0 -1
    outer loop
      vertex -300 300 130
      vertex 118.7 280 130
      vertex -118.7 280 130
    endloop
  endfacet
  facet normal 0 0 -1
    outer loop
      vertex -138.7 280 130
      vertex -118.7 280 130
      vertex -138.7 -280 130
    endloop
  endfacet
  facet normal 0 0 -1
    outer loop
      vertex -300 300 130
      vertex -118.7 280 130
      vertex -138.7 280 130
    endloop
  endfacet
  facet normal 0 0 -1
    outer loop
      vertex -300 300 130
      vertex -138.7 280 130
      vertex -300 280 130
    endloop
  endfacet
  facet normal 0 0 -1
    outer loop
      vertex 118.7 280 130
      vertex -300 300 130
      vertex 400 300 130
    endloop
  endfacet
  facet normal 0 0 -1
    outer loop
      vertex -400 -200 130
      vertex -380 200 130
      vertex -380 -200 130
    endloop
  endfacet
  facet normal -0 0 -1
    outer loop
      vertex -380 200 130
      vertex -400 -200 130
      vertex -400 200 130
    endloop
  endfacet
  facet normal 0 0 -1
    outer loop
      vertex -400 281.2 168.8
      vertex 400 298.8 168.8
      vertex 400 281.2 168.8
    endloop
  endfacet
  facet normal -0 0 -1
    outer loop
      vertex 400 298.8 168.8
      vertex -400 281.2 168.8
      vertex -400 298.8 168.8
    endloop
  endfacet
  facet normal 0 -1 0
    outer loop
      vertex -400 298.8 131.2
      vertex 400 298.8 168.8
      vertex -400 298.8 168.8
    endloop
  endfacet
  facet normal 0 -1 -0
    outer loop
      vertex 400 298.8 168.8
      vertex -400 298.8 131.2
      vertex 400 298.8 131.2
    endloop
  endfacet
  facet normal -0 0 1
    outer loop
      vertex -400 298.8 131.2
      vertex 400 281.2 131.2
      vertex 400 298.8 131.2
    endloop
  endfacet
  facet normal 0 0 1
    outer loop
      vertex 400 281.2 131.2
      vertex -400 298.8 131.2
      vertex -400 281.2 131.2
    endloop
  endfacet
  facet normal 0 1 -0
    outer loop
      vertex 400 281.2 131.2
      vertex -400 281.2 168.8
      vertex 400 281.2 168.8
    endloop
  endfacet
  facet normal 0 1 0
    outer loop
      vertex -400 281.2 168.8
      vertex 400 281.2 131.2
      vertex -400 281.2 131.2
    endloop
  endfacet
  facet normal 0 1 -0
    outer loop
      vertex -381.2 -280 131.2
      vertex -398.8 -280 168.8
      vertex -381.2 -280 168.8
    endloop
  endfacet
  facet normal 0 1 0
    outer loop
      vertex -398.8 -280 168.8
      vertex -381.2 -280 131.2
      vertex -398.8 -280 131.2
    endloop
  endfacet
  facet normal 0 1 0
    outer loop
      vertex -138.7 -280 170
      vertex -300 -280 130.5
      vertex -380 -280 170
    endloop
  endfacet
  facet normal 0 1 -0
    outer loop
      vertex -138.7 -280 130
      vertex -300 -280 130.5
      vertex -138.7 -280 170
    endloop
  endfacet
  facet normal 0 1 0
    outer loop
      vertex -300 -280 130.5
      vertex -138.7 -280 130
      vertex -300 -280 130
    endloop
  endfacet
  facet normal 0 1 0
    outer loop
      vertex -380 -280 170
      vertex -300 -280 130.5
      vertex -380 -280 130.5
    endloop
  endfacet
  facet normal 0 1 -0
    outer loop
      vertex 137.5 -280 131.2
      vertex 119.9 -280 168.8
      vertex 137.5 -280 168.8
    endloop
  endfacet
  facet normal 0 1 0
    outer loop
      vertex 119.9 -280 168.8
      vertex 137.5 -280 131.2
      vertex 119.9 -280 131.2
    endloop
  endfacet
  facet normal 0 1 -0
    outer loop
      vertex 380 -280 130
      vertex 138.7 -280 170
      vertex 380 -280 170
    endloop
  endfacet
  facet normal 0 1 0
    outer loop
      vertex 138.7 -280 170
      vertex 380 -280 130
      vertex 138.7 -280 130
    endloop
  endfacet
  facet normal 0 1 -0
    outer loop
      vertex 118.7 -280 130
      vertex -118.7 -280 170
      vertex 118.7 -280 170
    endloop
  endfacet
  facet normal 0 1 0
    outer loop
      vertex -118.7 -280 170
      vertex 118.7 -280 130
      vertex -118.7 -280 130
    endloop
  endfacet
  facet normal 0 1 -0
    outer loop
      vertex -119.9 -280 131.2
      vertex -137.5 -280 168.8
      vertex -119.9 -280 168.8
    endloop
  endfacet
  facet normal 0 1 0
    outer loop
      vertex -137.5 -280 168.8
      vertex -119.9 -280 131.2
      vertex -137.5 -280 131.2
    endloop
  endfacet
  facet normal 0 1 -0
    outer loop
      vertex 398.8 -280 131.2
      vertex 381.2 -280 168.8
      vertex 398.8 -280 168.8
    endloop
  endfacet
  facet normal 0 1 0
    outer loop
      vertex 381.2 -280 168.8
      vertex 398.8 -280 131.2
      vertex 381.2 -280 131.2
    endloop
  endfacet
  facet normal 0 -1 0
    outer loop
      vertex 380 -300 170
      vertex 398 -300 280
      vertex 380 -300 430
    endloop
  endfacet
  facet normal 0 -1 0
    outer loop
      vertex 398 -300 180
      vertex 400 -300 176
      vertex 400 -300 180
    endloop
  endfacet
  facet normal 0 -1 -0
    outer loop
      vertex 398 -300 280
      vertex 380 -300 170
      vertex 398 -300 180
    endloop
  endfacet
  facet normal 0 -1 0
    outer loop
      vertex 380 -300 170
      vertex 400 -300 176
      vertex 398 -300 180
    endloop
  endfacet
  facet normal 0 -1 0
    outer loop
      vertex 380 -300 170
      vertex 400 -300 130
      vertex 400 -300 176
    endloop
  endfacet
  facet normal 0 -1 0
    outer loop
      vertex 400 -300 130
      vertex 380 -300 170
      vertex -300 -300 130
    endloop
  endfacet
  facet normal 0 -1 0
    outer loop
      vertex -400 -300 450
      vertex -380 -300 430
      vertex 400 -300 450
    endloop
  endfacet
  facet normal 0 -1 0
    outer loop
      vertex -400 -300 450
      vertex -380 -300 170
      vertex -380 -300 430
    endloop
  endfacet
  facet normal 0 -1 0
    outer loop
      vertex -380 -300 170
      vertex -300 -300 130
      vertex 380 -300 170
    endloop
  endfacet
  facet normal 0 -1 0
    outer loop
      vertex -400 -300 129.5
      vertex -380 -300 170
      vertex -400 -300 450
    endloop
  endfacet
  facet normal 0 -1 0
    outer loop
      vertex -400 -300 129.5
      vertex -300 -300 130
      vertex -380 -300 170
    endloop
  endfacet
  facet normal 0 -1 -0
    outer loop
      vertex -300 -300 130
      vertex -400 -300 129.5
      vertex -300 -300 129.5
    endloop
  endfacet
  facet normal 0 -1 0
    outer loop
      vertex 380 -300 430
      vertex 400 -300 450
      vertex -380 -300 430
    endloop
  endfacet
  facet normal 0 -1 0
    outer loop
      vertex 400 -300 280
      vertex 380 -300 430
      vertex 398 -300 280
    endloop
  endfacet
  facet normal 0 -1 0
    outer loop
      vertex 380 -300 430
      vertex 400 -300 280
      vertex 400 -300 450
    endloop
  endfacet
  facet normal 0 0 -1
    outer loop
      vertex -400 -298.8 168.8
      vertex 400 -281.2 168.8
      vertex 400 -298.8 168.8
    endloop
  endfacet
  facet normal -0 0 -1
    outer loop
      vertex 400 -281.2 168.8
      vertex -400 -298.8 168.8
      vertex -400 -281.2 168.8
    endloop
  endfacet
  facet normal 0 -1 0
    outer loop
      vertex -400 -281.2 131.2
      vertex 400 -281.2 168.8
      vertex -400 -281.2 168.8
    endloop
  endfacet
  facet normal 0 -1 -0
    outer loop
      vertex 400 -281.2 168.8
      vertex -400 -281.2 131.2
      vertex 400 -281.2 131.2
    endloop
  endfacet
  facet normal -0 0 1
    outer loop
      vertex -400 -281.2 131.2
      vertex 400 -298.8 131.2
      vertex 400 -281.2 131.2
    endloop
  endfacet
  facet normal 0 0 1
    outer loop
      vertex 400 -298.8 131.2
      vertex -400 -281.2 131.2
      vertex -400 -298.8 131.2
    endloop
  endfacet
  facet normal 0 1 -0
    outer loop
      vertex 400 -298.8 131.2
      vertex -400 -298.8 168.8
      vertex 400 -298.8 168.8
    endloop
  endfacet
  facet normal 0 1 0
    outer loop
      vertex -400 -298.8 168.8
      vertex 400 -298.8 131.2
      vertex -400 -298.8 131.2
    endloop
  endfacet
  facet normal 1 0 0
    outer loop
      vertex -380 280 170
      vertex -380 200 130.5
      vertex -380 280 130.5
    endloop
  endfacet
  facet normal 1 0 0
    outer loop
      vertex -380 200 130.5
      vertex -380 -200 130.5
      vertex -380 200 130
    endloop
  endfacet
  facet normal 1 0 0
    outer loop
      vertex -380 280 170
      vertex -380 -200 130.5
      vertex -380 200 130.5
    endloop
  endfacet
  facet normal 1 -0 0
    outer loop
      vertex -380 -280 170
      vertex -380 -200 130.5
      vertex -380 280 170
    endloop
  endfacet
  facet normal 1 0 0
    outer loop
      vertex -380 -200 130.5
      vertex -380 -280 170
      vertex -380 -280 130.5
    endloop
  endfacet
  facet normal 1 0 0
    outer loop
      vertex -380 200 130
      vertex -380 -200 130.5
      vertex -380 -200 130
    endloop
  endfacet
  facet normal 0 0 -1
    outer loop
      vertex -398.8 -280 168.8
      vertex -381.2 280 168.8
      vertex -381.2 -280 168.8
    endloop
  endfacet
  facet normal -0 0 -1
    outer loop
      vertex -381.2 280 168.8
      vertex -398.8 -280 168.8
      vertex -398.8 280 168.8
    endloop
  endfacet
  facet normal -1 0 0
    outer loop
      vertex -381.2 -280 131.2
      vertex -381.2 280 168.8
      vertex -381.2 280 131.2
    endloop
  endfacet
  facet normal -1 -0 0
    outer loop
      vertex -381.2 280 168.8
      vertex -381.2 -280 131.2
      vertex -381.2 -280 168.8
    endloop
  endfacet
  facet normal -0 0 1
    outer loop
      vertex -398.8 280 131.2
      vertex -381.2 -280 131.2
      vertex -381.2 280 131.2
    endloop
  endfacet
  facet normal 0 0 1
    outer loop
      vertex -381.2 -280 131.2
      vertex -398.8 280 131.2
      vertex -398.8 -280 131.2
    endloop
  endfacet
  facet normal 1 -0 0
    outer loop
      vertex -398.8 -280 168.8
      vertex -398.8 280 131.2
      vertex -398.8 280 168.8
    endloop
  endfacet
  facet normal 1 0 0
    outer loop
      vertex -398.8 280 131.2
      vertex -398.8 -280 168.8
      vertex -398.8 -280 131.2
    endloop
  endfacet
  facet normal 1 -0 0
    outer loop
      vertex -118.7 250 170
      vertex -118.7 280 130
      vertex -118.7 280 170
    endloop
  endfacet
  facet normal 1 -0 0
    outer loop
      vertex -118.7 100 170
      vertex -118.7 280 130
      vertex -118.7 250 170
    endloop
  endfacet
  facet normal 1 -0 0
    outer loop
      vertex -118.7 -100 170
      vertex -118.7 280 130
      vertex -118.7 100 170
    endloop
  endfacet
  facet normal 1 0 0
    outer loop
      vertex -118.7 -280 130
      vertex -118.7 -100 170
      vertex -118.7 -250 170
    endloop
  endfacet
  facet normal 1 0 0
    outer loop
      vertex -118.7 -280 130
      vertex -118.7 -250 170
      vertex -118.7 -280 170
    endloop
  endfacet
  facet normal 1 0 0
    outer loop
      vertex -118.7 -100 170
      vertex -118.7 -280 130
      vertex -118.7 280 130
    endloop
  endfacet
  facet normal -1 0 0
    outer loop
      vertex -138.7 280 130
      vertex -138.7 250 170
      vertex -138.7 280 170
    endloop
  endfacet
  facet normal -1 0 0
    outer loop
      vertex -138.7 280 130
      vertex -138.7 100 170
      vertex -138.7 250 170
    endloop
  endfacet
  facet normal -1 0 0
    outer loop
      vertex -138.7 280 130
      vertex -138.7 -100 170
      vertex -138.7 100 170
    endloop
  endfacet
  facet normal -1 0 0
    outer loop
      vertex -138.7 -280 130
      vertex -138.7 -100 170
      vertex -138.7 280 130
    endloop
  endfacet
  facet normal -1 -0 0
    outer loop
      vertex -138.7 -100 170
      vertex -138.7 -280 130
      vertex -138.7 -250 170
    endloop
  endfacet
  facet normal -1 -0 0
    outer loop
      vertex -138.7 -250 170
      vertex -138.7 -280 130
      vertex -138.7 -280 170
    endloop
  endfacet
  facet normal 0 0 -1
    outer loop
      vertex -137.5 -280 168.8
      vertex -119.9 280 168.8
      vertex -119.9 -280 168.8
    endloop
  endfacet
  facet normal -0 0 -1
    outer loop
      vertex -119.9 280 168.8
      vertex -137.5 -280 168.8
      vertex -137.5 280 168.8
    endloop
  endfacet
  facet normal -1 0 0
    outer loop
      vertex -119.9 -280 131.2
      vertex -119.9 280 168.8
      vertex -119.9 280 131.2
    endloop
  endfacet
  facet normal -1 -0 0
    outer loop
      vertex -119.9 280 168.8
      vertex -119.9 -280 131.2
      vertex -119.9 -280 168.8
    endloop
  endfacet
  facet normal -0 0 1
    outer loop
      vertex -137.5 280 131.2
      vertex -119.9 -280 131.2
      vertex -119.9 280 131.2
    endloop
  endfacet
  facet normal 0 0 1
    outer loop
      vertex -119.9 -280 131.2
      vertex -137.5 280 131.2
      vertex -137.5 -280 131.2
    endloop
  endfacet
  facet normal 1 -0 0
    outer loop
      vertex -137.5 -280 168.8
      vertex -137.5 280 131.2
      vertex -137.5 280 168.8
    endloop
  endfacet
  facet normal 1 0 0
    outer loop
      vertex -137.5 280 131.2
      vertex -137.5 -280 168.8
      vertex -137.5 -280 131.2
    endloop
  endfacet
  facet normal 1 -0 0
    outer loop
      vertex 138.7 250 170
      vertex 138.7 280 130
      vertex 138.7 280 170
    endloop
  endfacet
  facet normal 1 -0 0
    outer loop
      vertex 138.7 100 170
      vertex 138.7 280 130
      vertex 138.7 250 170
    endloop
  endfacet
  facet normal 1 -0 0
    outer loop
      vertex 138.7 -100 170
      vertex 138.7 280 130
      vertex 138.7 100 170
    endloop
  endfacet
  facet normal 1 0 0
    outer loop
      vertex 138.7 -280 130
      vertex 138.7 -100 170
      vertex 138.7 -250 170
    endloop
  endfacet
  facet normal 1 0 0
    outer loop
      vertex 138.7 -280 130
      vertex 138.7 -250 170
      vertex 138.7 -280 170
    endloop
  endfacet
  facet normal 1 0 0
    outer loop
      vertex 138.7 -100 170
      vertex 138.7 -280 130
      vertex 138.7 280 130
    endloop
  endfacet
  facet normal -1 0 0
    outer loop
      vertex 118.7 280 130
      vertex 118.7 250 170
      vertex 118.7 280 170
    endloop
  endfacet
  facet normal -1 0 0
    outer loop
      vertex 118.7 280 130
      vertex 118.7 100 170
      vertex 118.7 250 170
    endloop
  endfacet
  facet normal -1 0 0
    outer loop
      vertex 118.7 280 130
      vertex 118.7 -100 170
      vertex 118.7 100 170
    endloop
  endfacet
  facet normal -1 0 0
    outer loop
      vertex 118.7 -280 130
      vertex 118.7 -100 170
      vertex 118.7 280 130
    endloop
  endfacet
  facet normal -1 -0 0
    outer loop
      vertex 118.7 -100 170
      vertex 118.7 -280 130
      vertex 118.7 -250 170
    endloop
  endfacet
  facet normal -1 -0 0
    outer loop
      vertex 118.7 -250 170
      vertex 118.7 -280 130
      vertex 118.7 -280 170
    endloop
  endfacet
  facet normal 0 0 -1
    outer loop
      vertex 119.9 -280 168.8
      vertex 137.5 280 168.8
      vertex 137.5 -280 168.8
    endloop
  endfacet
  facet normal -0 0 -1
    outer loop
      vertex 137.5 280 168.8
      vertex 119.9 -280 168.8
      vertex 119.9 280 168.8
    endloop
  endfacet
  facet normal -1 0 0
    outer loop
      vertex 137.5 -280 131.2
      vertex 137.5 280 168.8
      vertex 137.5 280 131.2
    endloop
  endfacet
  facet normal -1 -0 0
    outer loop
      vertex 137.5 280 168.8
      vertex 137.5 -280 131.2
      vertex 137.5 -280 168.8
    endloop
  endfacet
  facet normal -0 0 1
    outer loop
      vertex 119.9 280 131.2
      vertex 137.5 -280 131.2
      vertex 137.5 280 131.2
    endloop
  endfacet
  facet normal 0 0 1
    outer loop
      vertex 137.5 -280 131.2
      vertex 119.9 280 131.2
      vertex 119.9 -280 131.2
    endloop
  endfacet
  facet normal 1 -0 0
    outer loop
      vertex 119.9 -280 168.8
      vertex 119.9 280 131.2
      vertex 119.9 280 168.8
    endloop
  endfacet
  facet normal 1 0 0
    outer loop
      vertex 119.9 280 131.2
      vertex 119.9 -280 168.8
      vertex 119.9 -280 131.2
    endloop
  endfacet
  facet normal -1 0 0
    outer loop
      vertex 380 -280 130
      vertex 380 280 170
      vertex 380 280 130
    endloop
  endfacet
  facet normal -1 -0 0
    outer loop
      vertex 380 280 170
      vertex 380 -280 130
      vertex 380 -280 170
    endloop
  endfacet
  facet normal 0 0 -1
    outer loop
      vertex 381.2 -280 168.8
      vertex 398.8 280 168.8
      vertex 398.8 -280 168.8
    endloop
  endfacet
  facet normal -0 0 -1
    outer loop
      vertex 398.8 280 168.8
      vertex 381.2 -280 168.8
      vertex 381.2 280 168.8
    endloop
  endfacet
  facet normal -1 0 0
    outer loop
      vertex 398.8 -280 131.2
      vertex 398.8 280 168.8
      vertex 398.8 280 131.2
    endloop
  endfacet
  facet normal -1 -0 0
    outer loop
      vertex 398.8 280 168.8
      vertex 398.8 -280 131.2
      vertex 398.8 -280 168.8
    endloop
  endfacet
  facet normal -0 0 1
    outer loop
      vertex 381.2 280 131.2
      vertex 398.8 -280 131.2
      vertex 398.8 280 131.2
    endloop
  endfacet
  facet normal 0 0 1
    outer loop
      vertex 398.8 -280 131.2
      vertex 381.2 280 131.2
      vertex 381.2 -280 131.2
    endloop
  endfacet
  facet normal 1 -0 0
    outer loop
      vertex 381.2 -280 168.8
      vertex 381.2 280 131.2
      vertex 381.2 280 168.8
    endloop
  endfacet
  facet normal 1 0 0
    outer loop
      vertex 381.2 280 131.2
      vertex 381.2 -280 168.8
      vertex 381.2 -280 131.2
    endloop
  endfacet
  facet normal 0 0 1
    outer loop
      vertex -398.8 -281.2 450
      vertex -380 -280 450
      vertex -398.8 281.2 450
    endloop
  endfacet
  facet normal 0 0 1
    outer loop
      vertex -380 -280 450
      vertex -398.8 -281.2 450
      vertex -381.2 -281.2 450
    endloop
  endfacet
  facet normal 0 0 1
    outer loop
      vertex 380 280 450
      vertex 398.8 281.2 450
      vertex 381.2 281.2 450
    endloop
  endfacet
  facet normal 0 0 1
    outer loop
      vertex 398.8 281.2 450
      vertex 380 280 450
      vertex 398.8 -281.2 450
    endloop
  endfacet
  facet normal 0 0 1
    outer loop
      vertex 398.8 281.2 450
      vertex 400 300 450
      vertex 398.8 298.8 450
    endloop
  endfacet
  facet normal 0 0 1
    outer loop
      vertex 400 300 450
      vertex 381.2 298.8 450
      vertex 398.8 298.8 450
    endloop
  endfacet
  facet normal 0 0 1
    outer loop
      vertex 380 280 450
      vertex 381.2 281.2 450
      vertex 381.2 298.8 450
    endloop
  endfacet
  facet normal -0 0 1
    outer loop
      vertex 380 -280 450
      vertex 398.8 -281.2 450
      vertex 380 280 450
    endloop
  endfacet
  facet normal 0 0 1
    outer loop
      vertex 398.8 -281.2 450
      vertex 380 -280 450
      vertex 381.2 -281.2 450
    endloop
  endfacet
  facet normal 0 0 1
    outer loop
      vertex 381.2 298.8 450
      vertex 10 280 450
      vertex 380 280 450
    endloop
  endfacet
  facet normal 0 0 1
    outer loop
      vertex -381.2 298.8 450
      vertex 381.2 298.8 450
      vertex 400 300 450
    endloop
  endfacet
  facet normal 0 0 1
    outer loop
      vertex 10 280 450
      vertex -10 280 450
      vertex 10 -280 450
    endloop
  endfacet
  facet normal 0 0 1
    outer loop
      vertex 381.2 298.8 450
      vertex -10 280 450
      vertex 10 280 450
    endloop
  endfacet
  facet normal 0 0 1
    outer loop
      vertex 381.2 298.8 450
      vertex -381.2 298.8 450
      vertex -10 280 450
    endloop
  endfacet
  facet normal -0 0 1
    outer loop
      vertex -381.2 281.2 450
      vertex -380 280 450
      vertex -381.2 298.8 450
    endloop
  endfacet
  facet normal 0 0 1
    outer loop
      vertex -10 280 450
      vertex -381.2 298.8 450
      vertex -380 280 450
    endloop
  endfacet
  facet normal -0 0 1
    outer loop
      vertex -400 300 450
      vertex -381.2 298.8 450
      vertex 400 300 450
    endloop
  endfacet
  facet normal 0 0 1
    outer loop
      vertex -400 300 450
      vertex -398.8 281.2 450
      vertex -398.8 298.8 450
    endloop
  endfacet
  facet normal 0 0 1
    outer loop
      vertex -398.8 281.2 450
      vertex -400 300 450
      vertex -398.8 -281.2 450
    endloop
  endfacet
  facet normal 0 0 1
    outer loop
      vertex -400 -300 450
      vertex -398.8 -281.2 450
      vertex -400 300 450
    endloop
  endfacet
  facet normal 0 0 1
    outer loop
      vertex -381.2 298.8 450
      vertex -400 300 450
      vertex -398.8 298.8 450
    endloop
  endfacet
  facet normal 0 0 1
    outer loop
      vertex 400 300 450
      vertex 398.8 281.2 450
      vertex 400 -300 450
    endloop
  endfacet
  facet normal -0 0 1
    outer loop
      vertex 398.8 -281.2 450
      vertex 400 -300 450
      vertex 398.8 281.2 450
    endloop
  endfacet
  facet normal -0 0 1
    outer loop
      vertex 398.8 -298.8 450
      vertex 400 -300 450
      vertex 398.8 -281.2 450
    endloop
  endfacet
  facet normal -0 0 1
    outer loop
      vertex 381.2 -298.8 450
      vertex 400 -300 450
      vertex 398.8 -298.8 450
    endloop
  endfacet
  facet normal 0 0 1
    outer loop
      vertex 381.2 -281.2 450
      vertex 380 -280 450
      vertex 381.2 -298.8 450
    endloop
  endfacet
  facet normal -0 0 1
    outer loop
      vertex 10 -280 450
      vertex 381.2 -298.8 450
      vertex 380 -280 450
    endloop
  endfacet
  facet normal -0 0 1
    outer loop
      vertex -10 -280 450
      vertex 381.2 -298.8 450
      vertex 10 -280 450
    endloop
  endfacet
  facet normal 0 0 1
    outer loop
      vertex -10 -280 450
      vertex 10 -280 450
      vertex -10 280 450
    endloop
  endfacet
  facet normal 0 0 1
    outer loop
      vertex -381.2 -298.8 450
      vertex 381.2 -298.8 450
      vertex -10 -280 450
    endloop
  endfacet
  facet normal 0 0 1
    outer loop
      vertex -381.2 -298.8 450
      vertex -10 -280 450
      vertex -380 -280 450
    endloop
  endfacet
  facet normal -0 0 1
    outer loop
      vertex -398.8 281.2 450
      vertex -380 280 450
      vertex -381.2 281.2 450
    endloop
  endfacet
  facet normal 0 0 1
    outer loop
      vertex -380 280 450
      vertex -398.8 281.2 450
      vertex -380 -280 450
    endloop
  endfacet
  facet normal 0 0 1
    outer loop
      vertex -381.2 -298.8 450
      vertex -380 -280 450
      vertex -381.2 -281.2 450
    endloop
  endfacet
  facet normal 0 0 1
    outer loop
      vertex 381.2 -298.8 450
      vertex -381.2 -298.8 450
      vertex 400 -300 450
    endloop
  endfacet
  facet normal 0 0 1
    outer loop
      vertex -400 -300 450
      vertex -381.2 -298.8 450
      vertex -398.8 -298.8 450
    endloop
  endfacet
  facet normal 0 0 1
    outer loop
      vertex -381.2 -298.8 450
      vertex -400 -300 450
      vertex 400 -300 450
    endloop
  endfacet
  facet normal 0 0 1
    outer loop
      vertex -398.8 -281.2 450
      vertex -400 -300 450
      vertex -398.8 -298.8 450
    endloop
  endfacet
  facet normal -1 0 0
    outer loop
      vertex 380 280 170
      vertex 380 300 430
      vertex 380 300 170
    endloop
  endfacet
  facet normal -1 -0 0
    outer loop
      vertex 380 300 430
      vertex 380 280 170
      vertex 380 280 430
    endloop
  endfacet
  facet normal -1 0 0
    outer loop
      vertex 380 281.2 431.2
      vertex 380 298.8 448.8
      vertex 380 298.8 431.2
    endloop
  endfacet
  facet normal -1 -0 0
    outer loop
      vertex 380 298.8 448.8
      vertex 380 281.2 431.2
      vertex 380 281.2 448.8
    endloop
  endfacet
  facet normal 0 -1 0
    outer loop
      vertex 380 280 430
      vertex 398 280 280
      vertex 400 280 430
    endloop
  endfacet
  facet normal 0 -1 0
    outer loop
      vertex 380 280 170
      vertex 398 280 280
      vertex 380 280 430
    endloop
  endfacet
  facet normal 0 -1 0
    outer loop
      vertex 398 280 180
      vertex 400 280 176
      vertex 400 280 180
    endloop
  endfacet
  facet normal 0 -1 -0
    outer loop
      vertex 398 280 280
      vertex 380 280 170
      vertex 398 280 180
    endloop
  endfacet
  facet normal 0 -1 0
    outer loop
      vertex 380 280 170
      vertex 400 280 176
      vertex 398 280 180
    endloop
  endfacet
  facet normal 0 -1 -0
    outer loop
      vertex 400 280 176
      vertex 380 280 170
      vertex 400 280 170
    endloop
  endfacet
  facet normal 0 -1 -0
    outer loop
      vertex 400 280 430
      vertex 398 280 280
      vertex 400 280 280
    endloop
  endfacet
  facet normal 0 -1 0
    outer loop
      vertex 381.2 280 431.2
      vertex 398.8 280 448.8
      vertex 381.2 280 448.8
    endloop
  endfacet
  facet normal 0 -1 -0
    outer loop
      vertex 398.8 280 448.8
      vertex 381.2 280 431.2
      vertex 398.8 280 431.2
    endloop
  endfacet
  facet normal 1 -0 0
    outer loop
      vertex 381.2 281.2 450
      vertex 381.2 298.8 170
      vertex 381.2 298.8 450
    endloop
  endfacet
  facet normal 1 0 0
    outer loop
      vertex 381.2 298.8 170
      vertex 381.2 281.2 450
      vertex 381.2 281.2 170
    endloop
  endfacet
  facet normal 0 -1 0
    outer loop
      vertex 381.2 298.8 450
      vertex 398 298.8 280
      vertex 398.8 298.8 450
    endloop
  endfacet
  facet normal 0 -1 0
    outer loop
      vertex 381.2 298.8 170
      vertex 398 298.8 280
      vertex 381.2 298.8 450
    endloop
  endfacet
  facet normal 0 -1 -0
    outer loop
      vertex 398 298.8 280
      vertex 381.2 298.8 170
      vertex 398 298.8 180
    endloop
  endfacet
  facet normal 0 -1 0
    outer loop
      vertex 398.8 298.8 170
      vertex 398 298.8 180
      vertex 381.2 298.8 170
    endloop
  endfacet
  facet normal 0 -1 0
    outer loop
      vertex 398 298.8 180
      vertex 398.8 298.8 170
      vertex 398.8 298.8 180
    endloop
  endfacet
  facet normal 0 -1 -0
    outer loop
      vertex 398.8 298.8 450
      vertex 398 298.8 280
      vertex 398.8 298.8 280
    endloop
  endfacet
  facet normal -1 0 0
    outer loop
      vertex 398.8 281.2 170
      vertex 398.8 298.8 180
      vertex 398.8 298.8 170
    endloop
  endfacet
  facet normal -1 -0 0
    outer loop
      vertex 398.8 298.8 180
      vertex 398.8 281.2 170
      vertex 398.8 281.2 180
    endloop
  endfacet
  facet normal -1 0 0
    outer loop
      vertex 398.8 281.2 280
      vertex 398.8 298.8 450
      vertex 398.8 298.8 280
    endloop
  endfacet
  facet normal -1 -0 0
    outer loop
      vertex 398.8 298.8 450
      vertex 398.8 281.2 280
      vertex 398.8 281.2 450
    endloop
  endfacet
  facet normal 0 1 0
    outer loop
      vertex 398.8 281.2 180
      vertex 398.8 281.2 170
      vertex 398 281.2 180
    endloop
  endfacet
  facet normal 0 1 0
    outer loop
      vertex 398 281.2 280
      vertex 398.8 281.2 450
      vertex 398.8 281.2 280
    endloop
  endfacet
  facet normal 0 1 0
    outer loop
      vertex 398.8 281.2 450
      vertex 398 281.2 280
      vertex 381.2 281.2 450
    endloop
  endfacet
  facet normal 0 1 0
    outer loop
      vertex 381.2 281.2 170
      vertex 398 281.2 280
      vertex 398 281.2 180
    endloop
  endfacet
  facet normal 0 1 0
    outer loop
      vertex 398 281.2 280
      vertex 381.2 281.2 170
      vertex 381.2 281.2 450
    endloop
  endfacet
  facet normal 0 1 0
    outer loop
      vertex 381.2 281.2 170
      vertex 398 281.2 180
      vertex 398.8 281.2 170
    endloop
  endfacet
  facet normal 0 1 0
    outer loop
      vertex 400 -280 180
      vertex 400 -280 176
      vertex 398 -280 180
    endloop
  endfacet
  facet normal 0 1 0
    outer loop
      vertex 398 -280 280
      vertex 400 -280 430
      vertex 400 -280 280
    endloop
  endfacet
  facet normal 0 1 0
    outer loop
      vertex 400 -280 430
      vertex 398 -280 280
      vertex 380 -280 430
    endloop
  endfacet
  facet normal 0 1 0
    outer loop
      vertex 380 -280 170
      vertex 398 -280 280
      vertex 398 -280 180
    endloop
  endfacet
  facet normal 0 1 0
    outer loop
      vertex 380 -280 170
      vertex 400 -280 176
      vertex 400 -280 170
    endloop
  endfacet
  facet normal 0 1 0
    outer loop
      vertex 398 -280 280
      vertex 380 -280 170
      vertex 380 -280 430
    endloop
  endfacet
  facet normal 0 1 0
    outer loop
      vertex 400 -280 176
      vertex 380 -280 170
      vertex 398 -280 180
    endloop
  endfacet
  facet normal 0 1 -0
    outer loop
      vertex 398.8 -280 431.2
      vertex 381.2 -280 448.8
      vertex 398.8 -280 448.8
    endloop
  endfacet
  facet normal 0 1 0
    outer loop
      vertex 381.2 -280 448.8
      vertex 398.8 -280 431.2
      vertex 381.2 -280 431.2
    endloop
  endfacet
  facet normal -1 0 0
    outer loop
      vertex 380 -300 170
      vertex 380 -280 430
      vertex 380 -280 170
    endloop
  endfacet
  facet normal -1 -0 0
    outer loop
      vertex 380 -280 430
      vertex 380 -300 170
      vertex 380 -300 430
    endloop
  endfacet
  facet normal -1 0 0
    outer loop
      vertex 380 -298.8 431.2
      vertex 380 -281.2 448.8
      vertex 380 -281.2 431.2
    endloop
  endfacet
  facet normal -1 -0 0
    outer loop
      vertex 380 -281.2 448.8
      vertex 380 -298.8 431.2
      vertex 380 -298.8 448.8
    endloop
  endfacet
  facet normal 1 -0 0
    outer loop
      vertex 381.2 -298.8 450
      vertex 381.2 -281.2 170
      vertex 381.2 -281.2 450
    endloop
  endfacet
  facet normal 1 0 0
    outer loop
      vertex 381.2 -281.2 170
      vertex 381.2 -298.8 450
      vertex 381.2 -298.8 170
    endloop
  endfacet
  facet normal 0 -1 0
    outer loop
      vertex 381.2 -281.2 450
      vertex 398 -281.2 280
      vertex 398.8 -281.2 450
    endloop
  endfacet
  facet normal 0 -1 0
    outer loop
      vertex 381.2 -281.2 170
      vertex 398 -281.2 280
      vertex 381.2 -281.2 450
    endloop
  endfacet
  facet normal 0 -1 -0
    outer loop
      vertex 398 -281.2 280
      vertex 381.2 -281.2 170
      vertex 398 -281.2 180
    endloop
  endfacet
  facet normal 0 -1 0
    outer loop
      vertex 398.8 -281.2 170
      vertex 398 -281.2 180
      vertex 381.2 -281.2 170
    endloop
  endfacet
  facet normal 0 -1 0
    outer loop
      vertex 398 -281.2 180
      vertex 398.8 -281.2 170
      vertex 398.8 -281.2 180
    endloop
  endfacet
  facet normal 0 -1 -0
    outer loop
      vertex 398.8 -281.2 450
      vertex 398 -281.2 280
      vertex 398.8 -281.2 280
    endloop
  endfacet
  facet normal -1 0 0
    outer loop
      vertex 398.8 -298.8 170
      vertex 398.8 -281.2 180
      vertex 398.8 -281.2 170
    endloop
  endfacet
  facet normal -1 -0 0
    outer loop
      vertex 398.8 -281.2 180
      vertex 398.8 -298.8 170
      vertex 398.8 -298.8 180
    endloop
  endfacet
  facet normal -1 0 0
    outer loop
      vertex 398.8 -298.8 280
      vertex 398.8 -281.2 450
      vertex 398.8 -281.2 280
    endloop
  endfacet
  facet normal -1 -0 0
    outer loop
      vertex 398.8 -281.2 450
      vertex 398.8 -298.8 280
      vertex 398.8 -298.8 450
    endloop
  endfacet
  facet normal 0 1 0
    outer loop
      vertex 398.8 -298.8 180
      vertex 398.8 -298.8 170
      vertex 398 -298.8 180
    endloop
  endfacet
  facet normal 0 1 0
    outer loop
      vertex 398 -298.8 280
      vertex 398.8 -298.8 450
      vertex 398.8 -298.8 280
    endloop
  endfacet
  facet normal 0 1 0
    outer loop
      vertex 398.8 -298.8 450
      vertex 398 -298.8 280
      vertex 381.2 -298.8 450
    endloop
  endfacet
  facet normal 0 1 0
    outer loop
      vertex 381.2 -298.8 170
      vertex 398 -298.8 280
      vertex 398 -298.8 180
    endloop
  endfacet
  facet normal 0 1 0
    outer loop
      vertex 398 -298.8 280
      vertex 381.2 -298.8 170
      vertex 381.2 -298.8 450
    endloop
  endfacet
  facet normal 0 1 0
    outer loop
      vertex 381.2 -298.8 170
      vertex 398 -298.8 180
      vertex 398.8 -298.8 170
    endloop
  endfacet
  facet normal 0 1 -0
    outer loop
      vertex -380 -280 170
      vertex -400 -280 430
      vertex -380 -280 430
    endloop
  endfacet
  facet normal 0 1 0
    outer loop
      vertex -400 -280 430
      vertex -380 -280 170
      vertex -400 -280 170
    endloop
  endfacet
  facet normal 0 1 -0
    outer loop
      vertex -381.2 -280 431.2
      vertex -398.8 -280 448.8
      vertex -381.2 -280 448.8
    endloop
  endfacet
  facet normal 0 1 0
    outer loop
      vertex -398.8 -280 448.8
      vertex -381.2 -280 431.2
      vertex -398.8 -280 431.2
    endloop
  endfacet
  facet normal 1 -0 0
    outer loop
      vertex -380 -300 430
      vertex -380 -280 170
      vertex -380 -280 430
    endloop
  endfacet
  facet normal 1 0 0
    outer loop
      vertex -380 -280 170
      vertex -380 -300 430
      vertex -380 -300 170
    endloop
  endfacet
  facet normal 1 -0 0
    outer loop
      vertex -380 -298.8 448.8
      vertex -380 -281.2 431.2
      vertex -380 -281.2 448.8
    endloop
  endfacet
  facet normal 1 0 0
    outer loop
      vertex -380 -281.2 431.2
      vertex -380 -298.8 448.8
      vertex -380 -298.8 431.2
    endloop
  endfacet
  facet normal 1 -0 0
    outer loop
      vertex -398.8 -298.8 450
      vertex -398.8 -281.2 170
      vertex -398.8 -281.2 450
    endloop
  endfacet
  facet normal 1 0 0
    outer loop
      vertex -398.8 -281.2 170
      vertex -398.8 -298.8 450
      vertex -398.8 -298.8 170
    endloop
  endfacet
  facet normal 0 -1 0
    outer loop
      vertex -398.8 -281.2 170
      vertex -381.2 -281.2 450
      vertex -398.8 -281.2 450
    endloop
  endfacet
  facet normal 0 -1 -0
    outer loop
      vertex -381.2 -281.2 450
      vertex -398.8 -281.2 170
      vertex -381.2 -281.2 170
    endloop
  endfacet
  facet normal -1 0 0
    outer loop
      vertex -381.2 -298.8 170
      vertex -381.2 -281.2 450
      vertex -381.2 -281.2 170
    endloop
  endfacet
  facet normal -1 -0 0
    outer loop
      vertex -381.2 -281.2 450
      vertex -381.2 -298.8 170
      vertex -381.2 -298.8 450
    endloop
  endfacet
  facet normal 0 1 -0
    outer loop
      vertex -381.2 -298.8 170
      vertex -398.8 -298.8 450
      vertex -381.2 -298.8 450
    endloop
  endfacet
  facet normal 0 1 0
    outer loop
      vertex -398.8 -298.8 450
      vertex -381.2 -298.8 170
      vertex -398.8 -298.8 170
    endloop
  endfacet
  facet normal 0 -1 0
    outer loop
      vertex -400 280 170
      vertex -380 280 430
      vertex -400 280 430
    endloop
  endfacet
  facet normal 0 -1 -0
    outer loop
      vertex -380 280 430
      vertex -400 280 170
      vertex -380 280 170
    endloop
  endfacet
  facet normal 0 -1 0
    outer loop
      vertex -398.8 280 431.2
      vertex -381.2 280 448.8
      vertex -398.8 280 448.8
    endloop
  endfacet
  facet normal 0 -1 -0
    outer loop
      vertex -381.2 280 448.8
      vertex -398.8 280 431.2
      vertex -381.2 280 431.2
    endloop
  endfacet
  facet normal 1 -0 0
    outer loop
      vertex -380 280 430
      vertex -380 300 170
      vertex -380 300 430
    endloop
  endfacet
  facet normal 1 0 0
    outer loop
      vertex -380 300 170
      vertex -380 280 430
      vertex -380 280 170
    endloop
  endfacet
  facet normal 1 -0 0
    outer loop
      vertex -380 281.2 448.8
      vertex -380 298.8 431.2
      vertex -380 298.8 448.8
    endloop
  endfacet
  facet normal 1 0 0
    outer loop
      vertex -380 298.8 431.2
      vertex -380 281.2 448.8
      vertex -380 281.2 431.2
    endloop
  endfacet
  facet normal 1 -0 0
    outer loop
      vertex -398.8 281.2 450
      vertex -398.8 298.8 170
      vertex -398.8 298.8 450
    endloop
  endfacet
  facet normal 1 0 0
    outer loop
      vertex -398.8 298.8 170
      vertex -398.8 281.2 450
      vertex -398.8 281.2 170
    endloop
  endfacet
  facet normal 0 -1 0
    outer loop
      vertex -398.8 298.8 170
      vertex -381.2 298.8 450
      vertex -398.8 298.8 450
    endloop
  endfacet
  facet normal 0 -1 -0
    outer loop
      vertex -381.2 298.8 450
      vertex -398.8 298.8 170
      vertex -381.2 298.8 170
    endloop
  endfacet
  facet normal -1 0 0
    outer loop
      vertex -381.2 281.2 170
      vertex -381.2 298.8 450
      vertex -381.2 298.8 170
    endloop
  endfacet
  facet normal -1 -0 0
    outer loop
      vertex -381.2 298.8 450
      vertex -381.2 281.2 170
      vertex -381.2 281.2 450
    endloop
  endfacet
  facet normal 0 1 -0
    outer loop
      vertex -381.2 281.2 170
      vertex -398.8 281.2 450
      vertex -381.2 281.2 450
    endloop
  endfacet
  facet normal 0 1 0
    outer loop
      vertex -398.8 281.2 450
      vertex -381.2 281.2 170
      vertex -398.8 281.2 170
    endloop
  endfacet
  facet normal 0 -1 0
    outer loop
      vertex 10 280 430
      vertex 380 280 450
      vertex 10 280 450
    endloop
  endfacet
  facet normal 0 -1 -0
    outer loop
      vertex 380 280 450
      vertex 10 280 430
      vertex 380 280 430
    endloop
  endfacet
  facet normal 0 -1 0
    outer loop
      vertex -380 280 430
      vertex -10 280 450
      vertex -380 280 450
    endloop
  endfacet
  facet normal 0 -1 -0
    outer loop
      vertex -10 280 450
      vertex -380 280 430
      vertex -10 280 430
    endloop
  endfacet
  facet normal 0 -1 0
    outer loop
      vertex -8.8 280 431.2
      vertex 8.8 280 448.8
      vertex -8.8 280 448.8
    endloop
  endfacet
  facet normal 0 -1 -0
    outer loop
      vertex 8.8 280 448.8
      vertex -8.8 280 431.2
      vertex 8.8 280 431.2
    endloop
  endfacet
  facet normal 0 0 -1
    outer loop
      vertex 380 -300 430
      vertex 10 -280 430
      vertex 380 -280 430
    endloop
  endfacet
  facet normal 0 0 -1
    outer loop
      vertex 10 -280 430
      vertex -10 -280 430
      vertex 10 280 430
    endloop
  endfacet
  facet normal 0 0 -1
    outer loop
      vertex 380 -300 430
      vertex -10 -280 430
      vertex 10 -280 430
    endloop
  endfacet
  facet normal 0 0 -1
    outer loop
      vertex -380 -300 430
      vertex -10 -280 430
      vertex 380 -300 430
    endloop
  endfacet
  facet normal -0 0 -1
    outer loop
      vertex -10 -280 430
      vertex -380 -300 430
      vertex -380 -280 430
    endloop
  endfacet
  facet normal 0 0 -1
    outer loop
      vertex 10 280 430
      vertex 380 300 430
      vertex 380 280 430
    endloop
  endfacet
  facet normal 0 0 -1
    outer loop
      vertex -10 280 430
      vertex 10 280 430
      vertex -10 -280 430
    endloop
  endfacet
  facet normal 0 0 -1
    outer loop
      vertex -10 280 430
      vertex 380 300 430
      vertex 10 280 430
    endloop
  endfacet
  facet normal 0 0 -1
    outer loop
      vertex -380 300 430
      vertex -10 280 430
      vertex -380 280 430
    endloop
  endfacet
  facet normal 0 0 -1
    outer loop
      vertex -10 280 430
      vertex -380 300 430
      vertex 380 300 430
    endloop
  endfacet
  facet normal 0 0 -1
    outer loop
      vertex -380 281.2 448.8
      vertex 380 298.8 448.8
      vertex 380 281.2 448.8
    endloop
  endfacet
  facet normal -0 0 -1
    outer loop
      vertex 380 298.8 448.8
      vertex -380 281.2 448.8
      vertex -380 298.8 448.8
    endloop
  endfacet
  facet normal 0 -1 0
    outer loop
      vertex -380 298.8 431.2
      vertex 380 298.8 448.8
      vertex -380 298.8 448.8
    endloop
  endfacet
  facet normal 0 -1 -0
    outer loop
      vertex 380 298.8 448.8
      vertex -380 298.8 431.2
      vertex 380 298.8 431.2
    endloop
  endfacet
  facet normal -0 0 1
    outer loop
      vertex -380 298.8 431.2
      vertex 380 281.2 431.2
      vertex 380 298.8 431.2
    endloop
  endfacet
  facet normal 0 0 1
    outer loop
      vertex 380 281.2 431.2
      vertex -380 298.8 431.2
      vertex -380 281.2 431.2
    endloop
  endfacet
  facet normal 0 1 -0
    outer loop
      vertex 380 281.2 431.2
      vertex -380 281.2 448.8
      vertex 380 281.2 448.8
    endloop
  endfacet
  facet normal 0 1 0
    outer loop
      vertex -380 281.2 448.8
      vertex 380 281.2 431.2
      vertex -380 281.2 431.2
    endloop
  endfacet
  facet normal 0 1 -0
    outer loop
      vertex -10 -280 430
      vertex -380 -280 450
      vertex -10 -280 450
    endloop
  endfacet
  facet normal 0 1 0
    outer loop
      vertex -380 -280 450
      vertex -10 -280 430
      vertex -380 -280 430
    endloop
  endfacet
  facet normal 0 1 -0
    outer loop
      vertex 380 -280 430
      vertex 10 -280 450
      vertex 380 -280 450
    endloop
  endfacet
  facet normal 0 1 0
    outer loop
      vertex 10 -280 450
      vertex 380 -280 430
      vertex 10 -280 430
    endloop
  endfacet
  facet normal 0 1 -0
    outer loop
      vertex 8.8 -280 431.2
      vertex -8.8 -280 448.8
      vertex 8.8 -280 448.8
    endloop
  endfacet
  facet normal 0 1 0
    outer loop
      vertex -8.8 -280 448.8
      vertex 8.8 -280 431.2
      vertex -8.8 -280 431.2
    endloop
  endfacet
  facet normal 0 0 -1
    outer loop
      vertex -380 -298.8 448.8
      vertex 380 -281.2 448.8
      vertex 380 -298.8 448.8
    endloop
  endfacet
  facet normal -0 0 -1
    outer loop
      vertex 380 -281.2 448.8
      vertex -380 -298.8 448.8
      vertex -380 -281.2 448.8
    endloop
  endfacet
  facet normal 0 -1 0
    outer loop
      vertex -380 -281.2 431.2
      vertex 380 -281.2 448.8
      vertex -380 -281.2 448.8
    endloop
  endfacet
  facet normal 0 -1 -0
    outer loop
      vertex 380 -281.2 448.8
      vertex -380 -281.2 431.2
      vertex 380 -281.2 431.2
    endloop
  endfacet
  facet normal -0 0 1
    outer loop
      vertex -380 -281.2 431.2
      vertex 380 -298.8 431.2
      vertex 380 -281.2 431.2
    endloop
  endfacet
  facet normal 0 0 1
    outer loop
      vertex 380 -298.8 431.2
      vertex -380 -281.2 431.2
      vertex -380 -298.8 431.2
    endloop
  endfacet
  facet normal 0 1 -0
    outer loop
      vertex 380 -298.8 431.2
      vertex -380 -298.8 448.8
      vertex 380 -298.8 448.8
    endloop
  endfacet
  facet normal 0 1 0
    outer loop
      vertex -380 -298.8 448.8
      vertex 380 -298.8 431.2
      vertex -380 -298.8 431.2
    endloop
  endfacet
  facet normal 0 0 -1
    outer loop
      vertex 380 -280 430
      vertex 400 280 430
      vertex 400 -280 430
    endloop
  endfacet
  facet normal -0 0 -1
    outer loop
      vertex 400 280 430
      vertex 380 -280 430
      vertex 380 280 430
    endloop
  endfacet
  facet normal -1 0 0
    outer loop
      vertex 380 -280 430
      vertex 380 280 450
      vertex 380 280 430
    endloop
  endfacet
  facet normal -1 -0 0
    outer loop
      vertex 380 280 450
      vertex 380 -280 430
      vertex 380 -280 450
    endloop
  endfacet
  facet normal 1 -0 0
    outer loop
      vertex 381.2 -280 448.8
      vertex 381.2 280 431.2
      vertex 381.2 280 448.8
    endloop
  endfacet
  facet normal 1 0 0
    outer loop
      vertex 381.2 280 431.2
      vertex 381.2 -280 448.8
      vertex 381.2 -280 431.2
    endloop
  endfacet
  facet normal -0 0 1
    outer loop
      vertex 381.2 280 431.2
      vertex 398.8 -280 431.2
      vertex 398.8 280 431.2
    endloop
  endfacet
  facet normal 0 0 1
    outer loop
      vertex 398.8 -280 431.2
      vertex 381.2 280 431.2
      vertex 381.2 -280 431.2
    endloop
  endfacet
  facet normal -1 0 0
    outer loop
      vertex 398.8 -280 431.2
      vertex 398.8 280 448.8
      vertex 398.8 280 431.2
    endloop
  endfacet
  facet normal -1 -0 0
    outer loop
      vertex 398.8 280 448.8
      vertex 398.8 -280 431.2
      vertex 398.8 -280 448.8
    endloop
  endfacet
  facet normal 0 0 -1
    outer loop
      vertex 381.2 -280 448.8
      vertex 398.8 280 448.8
      vertex 398.8 -280 448.8
    endloop
  endfacet
  facet normal -0 0 -1
    outer loop
      vertex 398.8 280 448.8
      vertex 381.2 -280 448.8
      vertex 381.2 280 448.8
    endloop
  endfacet
  facet normal -1 0 0
    outer loop
      vertex -10 -280 430
      vertex -10 280 450
      vertex -10 280 430
    endloop
  endfacet
  facet normal -1 -0 0
    outer loop
      vertex -10 280 450
      vertex -10 -280 430
      vertex -10 -280 450
    endloop
  endfacet
  facet normal 1 -0 0
    outer loop
      vertex 10 -280 450
      vertex 10 280 430
      vertex 10 280 450
    endloop
  endfacet
  facet normal 1 0 0
    outer loop
      vertex 10 280 430
      vertex 10 -280 450
      vertex 10 -280 430
    endloop
  endfacet
  facet normal 1 -0 0
    outer loop
      vertex -8.8 -280 448.8
      vertex -8.8 280 431.2
      vertex -8.8 280 448.8
    endloop
  endfacet
  facet normal 1 0 0
    outer loop
      vertex -8.8 280 431.2
      vertex -8.8 -280 448.8
      vertex -8.8 -280 431.2
    endloop
  endfacet
  facet normal -0 0 1
    outer loop
      vertex -8.8 280 431.2
      vertex 8.8 -280 431.2
      vertex 8.8 280 431.2
    endloop
  endfacet
  facet normal 0 0 1
    outer loop
      vertex 8.8 -280 431.2
      vertex -8.8 280 431.2
      vertex -8.8 -280 431.2
    endloop
  endfacet
  facet normal -1 0 0
    outer loop
      vertex 8.8 -280 431.2
      vertex 8.8 280 448.8
      vertex 8.8 280 431.2
    endloop
  endfacet
  facet normal -1 -0 0
    outer loop
      vertex 8.8 280 448.8
      vertex 8.8 -280 431.2
      vertex 8.8 -280 448.8
    endloop
  endfacet
  facet normal 0 0 -1
    outer loop
      vertex -8.8 -280 448.8
      vertex 8.8 280 448.8
      vertex 8.8 -280 448.8
    endloop
  endfacet
  facet normal -0 0 -1
    outer loop
      vertex 8.8 280 448.8
      vertex -8.8 -280 448.8
      vertex -8.8 280 448.8
    endloop
  endfacet
  facet normal 0 0 -1
    outer loop
      vertex -400 -280 430
      vertex -380 280 430
      vertex -380 -280 430
    endloop
  endfacet
  facet normal -0 0 -1
    outer loop
      vertex -380 280 430
      vertex -400 -280 430
      vertex -400 280 430
    endloop
  endfacet
  facet normal 1 -0 0
    outer loop
      vertex -380 -280 450
      vertex -380 280 430
      vertex -380 280 450
    endloop
  endfacet
  facet normal 1 0 0
    outer loop
      vertex -380 280 430
      vertex -380 -280 450
      vertex -380 -280 430
    endloop
  endfacet
  facet normal 1 -0 0
    outer loop
      vertex -398.8 -280 448.8
      vertex -398.8 280 431.2
      vertex -398.8 280 448.8
    endloop
  endfacet
  facet normal 1 0 0
    outer loop
      vertex -398.8 280 431.2
      vertex -398.8 -280 448.8
      vertex -398.8 -280 431.2
    endloop
  endfacet
  facet normal -0 0 1
    outer loop
      vertex -398.8 280 431.2
      vertex -381.2 -280 431.2
      vertex -381.2 280 431.2
    endloop
  endfacet
  facet normal 0 0 1
    outer loop
      vertex -381.2 -280 431.2
      vertex -398.8 280 431.2
      vertex -398.8 -280 431.2
    endloop
  endfacet
  facet normal -1 0 0
    outer loop
      vertex -381.2 -280 431.2
      vertex -381.2 280 448.8
      vertex -381.2 280 431.2
    endloop
  endfacet
  facet normal -1 -0 0
    outer loop
      vertex -381.2 280 448.8
      vertex -381.2 -280 431.2
      vertex -381.2 -280 448.8
    endloop
  endfacet
  facet normal 0 0 -1
    outer loop
      vertex -398.8 -280 448.8
      vertex -381.2 280 448.8
      vertex -381.2 -280 448.8
    endloop
  endfacet
  facet normal -0 0 -1
    outer loop
      vertex -381.2 280 448.8
      vertex -398.8 -280 448.8
      vertex -398.8 280 448.8
    endloop
  endfacet
  facet normal -0.9877 0 0.156363
    outer loop
      vertex 250.329 -300 66.2717
      vertex 251.311 -260 72.4747
      vertex 250.329 -260 66.2717
    endloop
  endfacet
  facet normal -0.9877 0 0.156363
    outer loop
      vertex 251.311 -260 72.4747
      vertex 250.329 -300 66.2717
      vertex 251.311 -300 72.4747
    endloop
  endfacet
  facet normal -0.9877 0 -0.156363
    outer loop
      vertex 251.311 -300 47.5253
      vertex 250.329 -260 53.7283
      vertex 251.311 -260 47.5253
    endloop
  endfacet
  facet normal -0.9877 -0 -0.156363
    outer loop
      vertex 250.329 -260 53.7283
      vertex 251.311 -300 47.5253
      vertex 250.329 -300 53.7283
    endloop
  endfacet
  facet normal -0.998627 0 -0.0523858
    outer loop
      vertex 250.329 -300 53.7283
      vertex 250 -260 60
      vertex 250.329 -260 53.7283
    endloop
  endfacet
  facet normal -0.998627 -0 -0.0523858
    outer loop
      vertex 250 -260 60
      vertex 250.329 -300 53.7283
      vertex 250 -300 60
    endloop
  endfacet
  facet normal -0.965904 0 -0.258899
    outer loop
      vertex 252.937 -300 41.459
      vertex 251.311 -260 47.5253
      vertex 252.937 -260 41.459
    endloop
  endfacet
  facet normal -0.965904 -0 -0.258899
    outer loop
      vertex 251.311 -260 47.5253
      vertex 252.937 -300 41.459
      vertex 251.311 -300 47.5253
    endloop
  endfacet
  facet normal -0.838634 0 -0.544696
    outer loop
      vertex 261.459 -300 24.7329
      vertex 258.038 -260 30
      vertex 261.459 -260 24.7329
    endloop
  endfacet
  facet normal -0.838634 -0 -0.544696
    outer loop
      vertex 258.038 -260 30
      vertex 261.459 -300 24.7329
      vertex 258.038 -300 30
    endloop
  endfacet
  facet normal 0.156434 0 -0.987688
    outer loop
      vertex 316.272 -300 0.328687
      vertex 322.475 -260 1.31114
      vertex 322.475 -300 1.31114
    endloop
  endfacet
  facet normal 0.156434 0 -0.987688
    outer loop
      vertex 322.475 -260 1.31114
      vertex 316.272 -300 0.328687
      vertex 316.272 -260 0.328687
    endloop
  endfacet
  facet normal 0.965904 -0 0.258899
    outer loop
      vertex 367.063 -300 78.541
      vertex 368.689 -260 72.4747
      vertex 367.063 -260 78.541
    endloop
  endfacet
  facet normal 0.965904 0 0.258899
    outer loop
      vertex 368.689 -260 72.4747
      vertex 367.063 -300 78.541
      vertex 368.689 -300 72.4747
    endloop
  endfacet
  facet normal 0.453952 0 0.891026
    outer loop
      vertex 334.404 -260 114.813
      vertex 340 -300 111.962
      vertex 340 -260 111.962
    endloop
  endfacet
  facet normal 0.453952 0 0.891026
    outer loop
      vertex 340 -300 111.962
      vertex 334.404 -260 114.813
      vertex 334.404 -300 114.813
    endloop
  endfacet
  facet normal -0.998627 0 0.0523858
    outer loop
      vertex 250 -300 60
      vertex 250.329 -260 66.2717
      vertex 250 -260 60
    endloop
  endfacet
  facet normal -0.998627 0 0.0523858
    outer loop
      vertex 250.329 -260 66.2717
      vertex 250 -300 60
      vertex 250.329 -300 66.2717
    endloop
  endfacet
  facet normal -0.258911 0 0.965901
    outer loop
      vertex 291.459 -260 117.063
      vertex 297.525 -300 118.689
      vertex 297.525 -260 118.689
    endloop
  endfacet
  facet normal -0.258911 0 0.965901
    outer loop
      vertex 297.525 -300 118.689
      vertex 291.459 -260 117.063
      vertex 291.459 -300 117.063
    endloop
  endfacet
  facet normal 0.629267 0 0.777189
    outer loop
      vertex 345.267 -260 108.541
      vertex 350.148 -300 104.589
      vertex 350.148 -260 104.589
    endloop
  endfacet
  facet normal 0.629267 0 0.777189
    outer loop
      vertex 350.148 -300 104.589
      vertex 345.267 -260 108.541
      vertex 345.267 -300 108.541
    endloop
  endfacet
  facet normal 0.156363 0 0.9877
    outer loop
      vertex 316.272 -260 119.671
      vertex 322.475 -300 118.689
      vertex 322.475 -260 118.689
    endloop
  endfacet
  facet normal 0.156363 0 0.9877
    outer loop
      vertex 322.475 -300 118.689
      vertex 316.272 -260 119.671
      vertex 316.272 -300 119.671
    endloop
  endfacet
  facet normal 0.707107 -0 0.707107
    outer loop
      vertex 350.148 -300 104.589
      vertex 354.589 -260 100.148
      vertex 350.148 -260 104.589
    endloop
  endfacet
  facet normal 0.707107 0 0.707107
    outer loop
      vertex 354.589 -260 100.148
      vertex 350.148 -300 104.589
      vertex 354.589 -300 100.148
    endloop
  endfacet
  facet normal 0.965904 0 -0.258899
    outer loop
      vertex 368.689 -300 47.5253
      vertex 367.063 -260 41.459
      vertex 368.689 -260 47.5253
    endloop
  endfacet
  facet normal 0.965904 0 -0.258899
    outer loop
      vertex 367.063 -260 41.459
      vertex 368.689 -300 47.5253
      vertex 367.063 -300 41.459
    endloop
  endfacet
  facet normal 0.544703 0 0.838629
    outer loop
      vertex 340 -260 111.962
      vertex 345.267 -300 108.541
      vertex 345.267 -260 108.541
    endloop
  endfacet
  facet normal 0.544703 0 0.838629
    outer loop
      vertex 345.267 -300 108.541
      vertex 340 -260 111.962
      vertex 340 -300 111.962
    endloop
  endfacet
  facet normal -0.629296 0 -0.777166
    outer loop
      vertex 269.852 -300 15.4113
      vertex 274.733 -260 11.459
      vertex 274.733 -300 11.459
    endloop
  endfacet
  facet normal -0.629296 0 -0.777166
    outer loop
      vertex 274.733 -260 11.459
      vertex 269.852 -300 15.4113
      vertex 269.852 -260 15.4113
    endloop
  endfacet
  facet normal -0.156434 0 -0.987688
    outer loop
      vertex 297.525 -300 1.31114
      vertex 303.728 -260 0.328687
      vertex 303.728 -300 0.328687
    endloop
  endfacet
  facet normal -0.156434 0 -0.987688
    outer loop
      vertex 303.728 -260 0.328687
      vertex 297.525 -300 1.31114
      vertex 297.525 -260 1.31114
    endloop
  endfacet
  facet normal -0.544649 0 -0.838664
    outer loop
      vertex 274.733 -300 11.459
      vertex 280 -260 8.03848
      vertex 280 -300 8.03848
    endloop
  endfacet
  facet normal -0.544649 0 -0.838664
    outer loop
      vertex 280 -260 8.03848
      vertex 274.733 -300 11.459
      vertex 274.733 -260 11.459
    endloop
  endfacet
  facet normal -0.358285 0 0.933612
    outer loop
      vertex 285.596 -260 114.813
      vertex 291.459 -300 117.063
      vertex 291.459 -260 117.063
    endloop
  endfacet
  facet normal -0.358285 0 0.933612
    outer loop
      vertex 291.459 -300 117.063
      vertex 285.596 -260 114.813
      vertex 285.596 -300 114.813
    endloop
  endfacet
  facet normal 0.258832 0 -0.965922
    outer loop
      vertex 322.475 -300 1.31114
      vertex 328.541 -260 2.93661
      vertex 328.541 -300 2.93661
    endloop
  endfacet
  facet normal 0.258832 0 -0.965922
    outer loop
      vertex 328.541 -260 2.93661
      vertex 322.475 -300 1.31114
      vertex 322.475 -260 1.31114
    endloop
  endfacet
  facet normal -0.0523336 0 -0.99863
    outer loop
      vertex 303.728 -300 0.328687
      vertex 310 -260 0
      vertex 310 -300 0
    endloop
  endfacet
  facet normal -0.0523336 0 -0.99863
    outer loop
      vertex 310 -260 0
      vertex 303.728 -300 0.328687
      vertex 303.728 -260 0.328687
    endloop
  endfacet
  facet normal -0.358377 0 -0.933577
    outer loop
      vertex 285.596 -300 5.18727
      vertex 291.459 -260 2.93661
      vertex 291.459 -300 2.93661
    endloop
  endfacet
  facet normal -0.358377 0 -0.933577
    outer loop
      vertex 291.459 -260 2.93661
      vertex 285.596 -300 5.18727
      vertex 285.596 -260 5.18727
    endloop
  endfacet
  facet normal -0.965904 0 0.258899
    outer loop
      vertex 251.311 -300 72.4747
      vertex 252.937 -260 78.541
      vertex 251.311 -260 72.4747
    endloop
  endfacet
  facet normal -0.965904 0 0.258899
    outer loop
      vertex 252.937 -260 78.541
      vertex 251.311 -300 72.4747
      vertex 252.937 -300 78.541
    endloop
  endfacet
  facet normal -0.453979 0 -0.891013
    outer loop
      vertex 280 -300 8.03848
      vertex 285.596 -260 5.18727
      vertex 285.596 -300 5.18727
    endloop
  endfacet
  facet normal -0.453979 0 -0.891013
    outer loop
      vertex 285.596 -260 5.18727
      vertex 280 -300 8.03848
      vertex 280 -260 8.03848
    endloop
  endfacet
  facet normal 0.453979 0 -0.891013
    outer loop
      vertex 334.404 -300 5.18727
      vertex 340 -260 8.03848
      vertex 340 -300 8.03848
    endloop
  endfacet
  facet normal 0.453979 0 -0.891013
    outer loop
      vertex 340 -260 8.03848
      vertex 334.404 -300 5.18727
      vertex 334.404 -260 5.18727
    endloop
  endfacet
  facet normal -0.156363 0 0.9877
    outer loop
      vertex 297.525 -260 118.689
      vertex 303.728 -300 119.671
      vertex 303.728 -260 119.671
    endloop
  endfacet
  facet normal -0.156363 0 0.9877
    outer loop
      vertex 303.728 -300 119.671
      vertex 297.525 -260 118.689
      vertex 297.525 -300 118.689
    endloop
  endfacet
  facet normal 0.258911 0 0.965901
    outer loop
      vertex 322.475 -260 118.689
      vertex 328.541 -300 117.063
      vertex 328.541 -260 117.063
    endloop
  endfacet
  facet normal 0.258911 0 0.965901
    outer loop
      vertex 328.541 -300 117.063
      vertex 322.475 -260 118.689
      vertex 322.475 -300 118.689
    endloop
  endfacet
  facet normal -0.777183 0 0.629275
    outer loop
      vertex 261.459 -300 95.2671
      vertex 265.411 -260 100.148
      vertex 261.459 -260 95.2671
    endloop
  endfacet
  facet normal -0.777183 0 0.629275
    outer loop
      vertex 265.411 -260 100.148
      vertex 261.459 -300 95.2671
      vertex 265.411 -300 100.148
    endloop
  endfacet
  facet normal -0.89102 0 0.453965
    outer loop
      vertex 255.187 -300 84.4042
      vertex 258.038 -260 90
      vertex 255.187 -260 84.4042
    endloop
  endfacet
  facet normal -0.89102 0 0.453965
    outer loop
      vertex 258.038 -260 90
      vertex 255.187 -300 84.4042
      vertex 258.038 -300 90
    endloop
  endfacet
  facet normal 0.707099 0 -0.707115
    outer loop
      vertex 350.148 -300 15.4113
      vertex 354.589 -260 19.8522
      vertex 354.589 -300 19.8522
    endloop
  endfacet
  facet normal 0.707099 0 -0.707115
    outer loop
      vertex 354.589 -260 19.8522
      vertex 350.148 -300 15.4113
      vertex 350.148 -260 15.4113
    endloop
  endfacet
  facet normal -0.0523833 0 0.998627
    outer loop
      vertex 303.728 -260 119.671
      vertex 310 -300 120
      vertex 310 -260 120
    endloop
  endfacet
  facet normal -0.0523833 0 0.998627
    outer loop
      vertex 310 -300 120
      vertex 303.728 -260 119.671
      vertex 303.728 -300 119.671
    endloop
  endfacet
  facet normal 0.358377 0 -0.933577
    outer loop
      vertex 328.541 -300 2.93661
      vertex 334.404 -260 5.18727
      vertex 334.404 -300 5.18727
    endloop
  endfacet
  facet normal 0.358377 0 -0.933577
    outer loop
      vertex 334.404 -260 5.18727
      vertex 328.541 -300 2.93661
      vertex 328.541 -260 2.93661
    endloop
  endfacet
  facet normal 0.0523336 0 -0.99863
    outer loop
      vertex 310 -300 0
      vertex 316.272 -260 0.328687
      vertex 316.272 -300 0.328687
    endloop
  endfacet
  facet normal 0.0523336 0 -0.99863
    outer loop
      vertex 316.272 -260 0.328687
      vertex 310 -300 0
      vertex 310 -260 0
    endloop
  endfacet
  facet normal -0.453952 0 0.891026
    outer loop
      vertex 280 -260 111.962
      vertex 285.596 -300 114.813
      vertex 285.596 -260 114.813
    endloop
  endfacet
  facet normal -0.453952 0 0.891026
    outer loop
      vertex 285.596 -300 114.813
      vertex 280 -260 111.962
      vertex 280 -300 111.962
    endloop
  endfacet
  facet normal 0.933616 0 -0.358275
    outer loop
      vertex 367.063 -300 41.459
      vertex 364.813 -260 35.5958
      vertex 367.063 -260 41.459
    endloop
  endfacet
  facet normal 0.933616 0 -0.358275
    outer loop
      vertex 364.813 -260 35.5958
      vertex 367.063 -300 41.459
      vertex 364.813 -300 35.5958
    endloop
  endfacet
  facet normal 0.89102 0 -0.453965
    outer loop
      vertex 364.813 -300 35.5958
      vertex 361.962 -260 30
      vertex 364.813 -260 35.5958
    endloop
  endfacet
  facet normal 0.89102 0 -0.453965
    outer loop
      vertex 361.962 -260 30
      vertex 364.813 -300 35.5958
      vertex 361.962 -300 30
    endloop
  endfacet
  facet normal -0.77717 0 -0.62929
    outer loop
      vertex 265.411 -300 19.8522
      vertex 261.459 -260 24.7329
      vertex 265.411 -260 19.8522
    endloop
  endfacet
  facet normal -0.77717 -0 -0.62929
    outer loop
      vertex 261.459 -260 24.7329
      vertex 265.411 -300 19.8522
      vertex 261.459 -300 24.7329
    endloop
  endfacet
  facet normal -0.258832 0 -0.965922
    outer loop
      vertex 291.459 -300 2.93661
      vertex 297.525 -260 1.31114
      vertex 297.525 -300 1.31114
    endloop
  endfacet
  facet normal -0.258832 0 -0.965922
    outer loop
      vertex 297.525 -260 1.31114
      vertex 291.459 -300 2.93661
      vertex 291.459 -260 2.93661
    endloop
  endfacet
  facet normal -0.933616 0 -0.358275
    outer loop
      vertex 255.187 -300 35.5958
      vertex 252.937 -260 41.459
      vertex 255.187 -260 35.5958
    endloop
  endfacet
  facet normal -0.933616 -0 -0.358275
    outer loop
      vertex 252.937 -260 41.459
      vertex 255.187 -300 35.5958
      vertex 252.937 -300 41.459
    endloop
  endfacet
  facet normal -0.838634 0 0.544696
    outer loop
      vertex 258.038 -300 90
      vertex 261.459 -260 95.2671
      vertex 258.038 -260 90
    endloop
  endfacet
  facet normal -0.838634 0 0.544696
    outer loop
      vertex 261.459 -260 95.2671
      vertex 258.038 -300 90
      vertex 261.459 -300 95.2671
    endloop
  endfacet
  facet normal 0.998627 -0 0.0523858
    outer loop
      vertex 369.671 -300 66.2717
      vertex 370 -260 60
      vertex 369.671 -260 66.2717
    endloop
  endfacet
  facet normal 0.998627 0 0.0523858
    outer loop
      vertex 370 -260 60
      vertex 369.671 -300 66.2717
      vertex 370 -300 60
    endloop
  endfacet
  facet normal 0 1 0
    outer loop
      vertex 310 -260 70.5
      vertex 310 -260 120
      vertex 316.272 -260 119.671
    endloop
  endfacet
  facet normal 0 1 0
    outer loop
      vertex 311.098 -260 70.4425
      vertex 316.272 -260 119.671
      vertex 322.475 -260 118.689
    endloop
  endfacet
  facet normal 0 1 0
    outer loop
      vertex 310 -260 120
      vertex 310 -260 70.5
      vertex 303.728 -260 119.671
    endloop
  endfacet
  facet normal 0 1 0
    outer loop
      vertex 312.183 -260 70.2706
      vertex 322.475 -260 118.689
      vertex 328.541 -260 117.063
    endloop
  endfacet
  facet normal 0 1 -0
    outer loop
      vertex 308.902 -260 70.4425
      vertex 303.728 -260 119.671
      vertex 310 -260 70.5
    endloop
  endfacet
  facet normal 0 1 0
    outer loop
      vertex 313.245 -260 69.9861
      vertex 328.541 -260 117.063
      vertex 334.404 -260 114.813
    endloop
  endfacet
  facet normal 0 1 0
    outer loop
      vertex 303.728 -260 119.671
      vertex 308.902 -260 70.4425
      vertex 297.525 -260 118.689
    endloop
  endfacet
  facet normal 0 1 0
    outer loop
      vertex 314.271 -260 69.5922
      vertex 334.404 -260 114.813
      vertex 340 -260 111.962
    endloop
  endfacet
  facet normal 0 1 -0
    outer loop
      vertex 307.817 -260 70.2706
      vertex 297.525 -260 118.689
      vertex 308.902 -260 70.4425
    endloop
  endfacet
  facet normal 0 1 0
    outer loop
      vertex 315.25 -260 69.0933
      vertex 340 -260 111.962
      vertex 345.267 -260 108.541
    endloop
  endfacet
  facet normal 0 1 0
    outer loop
      vertex 297.525 -260 118.689
      vertex 307.817 -260 70.2706
      vertex 291.459 -260 117.063
    endloop
  endfacet
  facet normal 0 1 0
    outer loop
      vertex 316.172 -260 68.4947
      vertex 345.267 -260 108.541
      vertex 350.148 -260 104.589
    endloop
  endfacet
  facet normal 0 1 -0
    outer loop
      vertex 306.755 -260 69.9861
      vertex 291.459 -260 117.063
      vertex 307.817 -260 70.2706
    endloop
  endfacet
  facet normal 0 1 0
    outer loop
      vertex 317.026 -260 67.803
      vertex 350.148 -260 104.589
      vertex 354.589 -260 100.148
    endloop
  endfacet
  facet normal 0 1 0
    outer loop
      vertex 291.459 -260 117.063
      vertex 306.755 -260 69.9861
      vertex 285.596 -260 114.813
    endloop
  endfacet
  facet normal 0 1 0
    outer loop
      vertex 317.803 -260 67.0259
      vertex 354.589 -260 100.148
      vertex 358.541 -260 95.2671
    endloop
  endfacet
  facet normal 0 1 -0
    outer loop
      vertex 305.729 -260 69.5922
      vertex 285.596 -260 114.813
      vertex 306.755 -260 69.9861
    endloop
  endfacet
  facet normal 0 1 0
    outer loop
      vertex 318.495 -260 66.1717
      vertex 358.541 -260 95.2671
      vertex 361.962 -260 90
    endloop
  endfacet
  facet normal 0 1 0
    outer loop
      vertex 285.596 -260 114.813
      vertex 305.729 -260 69.5922
      vertex 280 -260 111.962
    endloop
  endfacet
  facet normal 0 1 0
    outer loop
      vertex 319.093 -260 65.25
      vertex 361.962 -260 90
      vertex 364.813 -260 84.4042
    endloop
  endfacet
  facet normal 0 1 -0
    outer loop
      vertex 304.75 -260 69.0933
      vertex 280 -260 111.962
      vertex 305.729 -260 69.5922
    endloop
  endfacet
  facet normal 0 1 0
    outer loop
      vertex 319.592 -260 64.2707
      vertex 364.813 -260 84.4042
      vertex 367.063 -260 78.541
    endloop
  endfacet
  facet normal 0 1 0
    outer loop
      vertex 280 -260 111.962
      vertex 304.75 -260 69.0933
      vertex 274.733 -260 108.541
    endloop
  endfacet
  facet normal 0 1 0
    outer loop
      vertex 319.986 -260 63.2447
      vertex 367.063 -260 78.541
      vertex 368.689 -260 72.4747
    endloop
  endfacet
  facet normal 0 1 -0
    outer loop
      vertex 303.828 -260 68.4947
      vertex 274.733 -260 108.541
      vertex 304.75 -260 69.0933
    endloop
  endfacet
  facet normal 0 1 0
    outer loop
      vertex 274.733 -260 108.541
      vertex 303.828 -260 68.4947
      vertex 269.852 -260 104.589
    endloop
  endfacet
  facet normal 0 1 0
    outer loop
      vertex 316.272 -260 119.671
      vertex 311.098 -260 70.4425
      vertex 310 -260 70.5
    endloop
  endfacet
  facet normal 0 1 0
    outer loop
      vertex 322.475 -260 118.689
      vertex 312.183 -260 70.2706
      vertex 311.098 -260 70.4425
    endloop
  endfacet
  facet normal 0 1 0
    outer loop
      vertex 328.541 -260 117.063
      vertex 313.245 -260 69.9861
      vertex 312.183 -260 70.2706
    endloop
  endfacet
  facet normal 0 1 0
    outer loop
      vertex 334.404 -260 114.813
      vertex 314.271 -260 69.5922
      vertex 313.245 -260 69.9861
    endloop
  endfacet
  facet normal 0 1 0
    outer loop
      vertex 340 -260 111.962
      vertex 315.25 -260 69.0933
      vertex 314.271 -260 69.5922
    endloop
  endfacet
  facet normal 0 1 0
    outer loop
      vertex 345.267 -260 108.541
      vertex 316.172 -260 68.4947
      vertex 315.25 -260 69.0933
    endloop
  endfacet
  facet normal 0 1 0
    outer loop
      vertex 350.148 -260 104.589
      vertex 317.026 -260 67.803
      vertex 316.172 -260 68.4947
    endloop
  endfacet
  facet normal 0 1 0
    outer loop
      vertex 354.589 -260 100.148
      vertex 317.803 -260 67.0259
      vertex 317.026 -260 67.803
    endloop
  endfacet
  facet normal 0 1 0
    outer loop
      vertex 320.271 -260 62.1831
      vertex 368.689 -260 72.4747
      vertex 369.671 -260 66.2717
    endloop
  endfacet
  facet normal 0 1 0
    outer loop
      vertex 358.541 -260 95.2671
      vertex 318.495 -260 66.1717
      vertex 317.803 -260 67.0259
    endloop
  endfacet
  facet normal 0 1 0
    outer loop
      vertex 361.962 -260 90
      vertex 319.093 -260 65.25
      vertex 318.495 -260 66.1717
    endloop
  endfacet
  facet normal 0 1 0
    outer loop
      vertex 364.813 -260 84.4042
      vertex 319.592 -260 64.2707
      vertex 319.093 -260 65.25
    endloop
  endfacet
  facet normal 0 1 0
    outer loop
      vertex 367.063 -260 78.541
      vertex 319.986 -260 63.2447
      vertex 319.592 -260 64.2707
    endloop
  endfacet
  facet normal 0 1 0
    outer loop
      vertex 368.689 -260 72.4747
      vertex 320.271 -260 62.1831
      vertex 319.986 -260 63.2447
    endloop
  endfacet
  facet normal 0 1 0
    outer loop
      vertex 369.671 -260 66.2717
      vertex 320.442 -260 61.0975
      vertex 320.271 -260 62.1831
    endloop
  endfacet
  facet normal 0 1 0
    outer loop
      vertex 370 -260 60
      vertex 320.442 -260 61.0975
      vertex 369.671 -260 66.2717
    endloop
  endfacet
  facet normal 0 1 0
    outer loop
      vertex 370 -260 60
      vertex 320.5 -260 60
      vertex 320.442 -260 61.0975
    endloop
  endfacet
  facet normal 0 1 0
    outer loop
      vertex 370 -260 60
      vertex 320.442 -260 58.9025
      vertex 320.5 -260 60
    endloop
  endfacet
  facet normal 0 1 -0
    outer loop
      vertex 369.671 -260 53.7283
      vertex 320.442 -260 58.9025
      vertex 370 -260 60
    endloop
  endfacet
  facet normal 0 1 0
    outer loop
      vertex 320.442 -260 58.9025
      vertex 369.671 -260 53.7283
      vertex 320.271 -260 57.8169
    endloop
  endfacet
  facet normal 0 1 -0
    outer loop
      vertex 368.689 -260 47.5253
      vertex 320.271 -260 57.8169
      vertex 369.671 -260 53.7283
    endloop
  endfacet
  facet normal 0 1 0
    outer loop
      vertex 320.271 -260 57.8169
      vertex 368.689 -260 47.5253
      vertex 319.986 -260 56.7553
    endloop
  endfacet
  facet normal 0 1 -0
    outer loop
      vertex 367.063 -260 41.459
      vertex 319.986 -260 56.7553
      vertex 368.689 -260 47.5253
    endloop
  endfacet
  facet normal 0 1 0
    outer loop
      vertex 319.986 -260 56.7553
      vertex 367.063 -260 41.459
      vertex 319.592 -260 55.7293
    endloop
  endfacet
  facet normal 0 1 -0
    outer loop
      vertex 364.813 -260 35.5958
      vertex 319.592 -260 55.7293
      vertex 367.063 -260 41.459
    endloop
  endfacet
  facet normal 0 1 0
    outer loop
      vertex 319.592 -260 55.7293
      vertex 364.813 -260 35.5958
      vertex 319.093 -260 54.75
    endloop
  endfacet
  facet normal 0 1 -0
    outer loop
      vertex 361.962 -260 30
      vertex 319.093 -260 54.75
      vertex 364.813 -260 35.5958
    endloop
  endfacet
  facet normal 0 1 0
    outer loop
      vertex 319.093 -260 54.75
      vertex 361.962 -260 30
      vertex 318.495 -260 53.8283
    endloop
  endfacet
  facet normal 0 1 -0
    outer loop
      vertex 358.541 -260 24.7329
      vertex 318.495 -260 53.8283
      vertex 361.962 -260 30
    endloop
  endfacet
  facet normal 0 1 0
    outer loop
      vertex 318.495 -260 53.8283
      vertex 358.541 -260 24.7329
      vertex 317.803 -260 52.9741
    endloop
  endfacet
  facet normal 0 1 -0
    outer loop
      vertex 354.589 -260 19.8522
      vertex 317.803 -260 52.9741
      vertex 358.541 -260 24.7329
    endloop
  endfacet
  facet normal 0 1 0
    outer loop
      vertex 317.803 -260 52.9741
      vertex 354.589 -260 19.8522
      vertex 317.026 -260 52.197
    endloop
  endfacet
  facet normal 0 1 0
    outer loop
      vertex 317.026 -260 52.197
      vertex 350.148 -260 15.4113
      vertex 316.172 -260 51.5053
    endloop
  endfacet
  facet normal 0 1 -0
    outer loop
      vertex 350.148 -260 15.4113
      vertex 317.026 -260 52.197
      vertex 354.589 -260 19.8522
    endloop
  endfacet
  facet normal 0 1 -0
    outer loop
      vertex 302.974 -260 67.803
      vertex 269.852 -260 104.589
      vertex 303.828 -260 68.4947
    endloop
  endfacet
  facet normal 0 1 0
    outer loop
      vertex 269.852 -260 104.589
      vertex 302.974 -260 67.803
      vertex 265.411 -260 100.148
    endloop
  endfacet
  facet normal 0 1 -0
    outer loop
      vertex 302.197 -260 67.0259
      vertex 265.411 -260 100.148
      vertex 302.974 -260 67.803
    endloop
  endfacet
  facet normal 0 1 0
    outer loop
      vertex 265.411 -260 100.148
      vertex 302.197 -260 67.0259
      vertex 261.459 -260 95.2671
    endloop
  endfacet
  facet normal 0 1 -0
    outer loop
      vertex 301.505 -260 66.1717
      vertex 261.459 -260 95.2671
      vertex 302.197 -260 67.0259
    endloop
  endfacet
  facet normal 0 1 0
    outer loop
      vertex 261.459 -260 95.2671
      vertex 301.505 -260 66.1717
      vertex 258.038 -260 90
    endloop
  endfacet
  facet normal 0 1 -0
    outer loop
      vertex 300.907 -260 65.25
      vertex 258.038 -260 90
      vertex 301.505 -260 66.1717
    endloop
  endfacet
  facet normal 0 1 0
    outer loop
      vertex 258.038 -260 90
      vertex 300.907 -260 65.25
      vertex 255.187 -260 84.4042
    endloop
  endfacet
  facet normal 0 1 -0
    outer loop
      vertex 300.408 -260 64.2707
      vertex 255.187 -260 84.4042
      vertex 300.907 -260 65.25
    endloop
  endfacet
  facet normal 0 1 0
    outer loop
      vertex 255.187 -260 84.4042
      vertex 300.408 -260 64.2707
      vertex 252.937 -260 78.541
    endloop
  endfacet
  facet normal 0 1 -0
    outer loop
      vertex 300.014 -260 63.2447
      vertex 252.937 -260 78.541
      vertex 300.408 -260 64.2707
    endloop
  endfacet
  facet normal 0 1 0
    outer loop
      vertex 252.937 -260 78.541
      vertex 300.014 -260 63.2447
      vertex 251.311 -260 72.4747
    endloop
  endfacet
  facet normal 0 1 -0
    outer loop
      vertex 299.729 -260 62.1831
      vertex 251.311 -260 72.4747
      vertex 300.014 -260 63.2447
    endloop
  endfacet
  facet normal 0 1 0
    outer loop
      vertex 251.311 -260 72.4747
      vertex 299.729 -260 62.1831
      vertex 250.329 -260 66.2717
    endloop
  endfacet
  facet normal 0 1 -0
    outer loop
      vertex 299.558 -260 61.0975
      vertex 250.329 -260 66.2717
      vertex 299.729 -260 62.1831
    endloop
  endfacet
  facet normal 0 1 -0
    outer loop
      vertex 299.5 -260 60
      vertex 250.329 -260 66.2717
      vertex 299.558 -260 61.0975
    endloop
  endfacet
  facet normal 0 1 0
    outer loop
      vertex 299.5 -260 60
      vertex 250 -260 60
      vertex 250.329 -260 66.2717
    endloop
  endfacet
  facet normal 0 1 0
    outer loop
      vertex 299.558 -260 58.9025
      vertex 250 -260 60
      vertex 299.5 -260 60
    endloop
  endfacet
  facet normal 0 1 0
    outer loop
      vertex 250.329 -260 53.7283
      vertex 299.558 -260 58.9025
      vertex 299.729 -260 57.8169
    endloop
  endfacet
  facet normal 0 1 0
    outer loop
      vertex 251.311 -260 47.5253
      vertex 299.729 -260 57.8169
      vertex 300.014 -260 56.7553
    endloop
  endfacet
  facet normal 0 1 0
    outer loop
      vertex 252.937 -260 41.459
      vertex 300.014 -260 56.7553
      vertex 300.408 -260 55.7293
    endloop
  endfacet
  facet normal 0 1 0
    outer loop
      vertex 255.187 -260 35.5958
      vertex 300.408 -260 55.7293
      vertex 300.907 -260 54.75
    endloop
  endfacet
  facet normal 0 1 0
    outer loop
      vertex 258.038 -260 30
      vertex 300.907 -260 54.75
      vertex 301.505 -260 53.8283
    endloop
  endfacet
  facet normal 0 1 0
    outer loop
      vertex 299.558 -260 58.9025
      vertex 250.329 -260 53.7283
      vertex 250 -260 60
    endloop
  endfacet
  facet normal 0 1 0
    outer loop
      vertex 261.459 -260 24.7329
      vertex 301.505 -260 53.8283
      vertex 302.197 -260 52.9741
    endloop
  endfacet
  facet normal 0 1 0
    outer loop
      vertex 265.411 -260 19.8522
      vertex 302.197 -260 52.9741
      vertex 302.974 -260 52.197
    endloop
  endfacet
  facet normal 0 1 0
    outer loop
      vertex 269.852 -260 15.4113
      vertex 302.974 -260 52.197
      vertex 303.828 -260 51.5053
    endloop
  endfacet
  facet normal 0 1 0
    outer loop
      vertex 274.733 -260 11.459
      vertex 303.828 -260 51.5053
      vertex 304.75 -260 50.9067
    endloop
  endfacet
  facet normal 0 1 0
    outer loop
      vertex 280 -260 8.03848
      vertex 304.75 -260 50.9067
      vertex 305.729 -260 50.4078
    endloop
  endfacet
  facet normal 0 1 0
    outer loop
      vertex 285.596 -260 5.18727
      vertex 305.729 -260 50.4078
      vertex 306.755 -260 50.0139
    endloop
  endfacet
  facet normal 0 1 0
    outer loop
      vertex 291.459 -260 2.93661
      vertex 306.755 -260 50.0139
      vertex 307.817 -260 49.7295
    endloop
  endfacet
  facet normal 0 1 0
    outer loop
      vertex 297.525 -260 1.31114
      vertex 307.817 -260 49.7295
      vertex 308.902 -260 49.5575
    endloop
  endfacet
  facet normal 0 1 0
    outer loop
      vertex 299.729 -260 57.8169
      vertex 251.311 -260 47.5253
      vertex 250.329 -260 53.7283
    endloop
  endfacet
  facet normal 0 1 0
    outer loop
      vertex 303.728 -260 0.328687
      vertex 308.902 -260 49.5575
      vertex 310 -260 49.5
    endloop
  endfacet
  facet normal 0 1 -0
    outer loop
      vertex 345.267 -260 11.459
      vertex 316.172 -260 51.5053
      vertex 350.148 -260 15.4113
    endloop
  endfacet
  facet normal 0 1 0
    outer loop
      vertex 316.172 -260 51.5053
      vertex 345.267 -260 11.459
      vertex 315.25 -260 50.9067
    endloop
  endfacet
  facet normal 0 1 0
    outer loop
      vertex 300.014 -260 56.7553
      vertex 252.937 -260 41.459
      vertex 251.311 -260 47.5253
    endloop
  endfacet
  facet normal 0 1 -0
    outer loop
      vertex 340 -260 8.03848
      vertex 315.25 -260 50.9067
      vertex 345.267 -260 11.459
    endloop
  endfacet
  facet normal 0 1 0
    outer loop
      vertex 300.408 -260 55.7293
      vertex 255.187 -260 35.5958
      vertex 252.937 -260 41.459
    endloop
  endfacet
  facet normal 0 1 0
    outer loop
      vertex 315.25 -260 50.9067
      vertex 340 -260 8.03848
      vertex 314.271 -260 50.4078
    endloop
  endfacet
  facet normal 0 1 0
    outer loop
      vertex 300.907 -260 54.75
      vertex 258.038 -260 30
      vertex 255.187 -260 35.5958
    endloop
  endfacet
  facet normal 0 1 -0
    outer loop
      vertex 334.404 -260 5.18727
      vertex 314.271 -260 50.4078
      vertex 340 -260 8.03848
    endloop
  endfacet
  facet normal 0 1 0
    outer loop
      vertex 301.505 -260 53.8283
      vertex 261.459 -260 24.7329
      vertex 258.038 -260 30
    endloop
  endfacet
  facet normal 0 1 0
    outer loop
      vertex 314.271 -260 50.4078
      vertex 334.404 -260 5.18727
      vertex 313.245 -260 50.0139
    endloop
  endfacet
  facet normal 0 1 0
    outer loop
      vertex 302.197 -260 52.9741
      vertex 265.411 -260 19.8522
      vertex 261.459 -260 24.7329
    endloop
  endfacet
  facet normal 0 1 -0
    outer loop
      vertex 328.541 -260 2.93661
      vertex 313.245 -260 50.0139
      vertex 334.404 -260 5.18727
    endloop
  endfacet
  facet normal 0 1 0
    outer loop
      vertex 302.974 -260 52.197
      vertex 269.852 -260 15.4113
      vertex 265.411 -260 19.8522
    endloop
  endfacet
  facet normal 0 1 0
    outer loop
      vertex 313.245 -260 50.0139
      vertex 328.541 -260 2.93661
      vertex 312.183 -260 49.7295
    endloop
  endfacet
  facet normal 0 1 0
    outer loop
      vertex 303.828 -260 51.5053
      vertex 274.733 -260 11.459
      vertex 269.852 -260 15.4113
    endloop
  endfacet
  facet normal 0 1 -0
    outer loop
      vertex 322.475 -260 1.31114
      vertex 312.183 -260 49.7295
      vertex 328.541 -260 2.93661
    endloop
  endfacet
  facet normal 0 1 0
    outer loop
      vertex 304.75 -260 50.9067
      vertex 280 -260 8.03848
      vertex 274.733 -260 11.459
    endloop
  endfacet
  facet normal 0 1 0
    outer loop
      vertex 312.183 -260 49.7295
      vertex 322.475 -260 1.31114
      vertex 311.098 -260 49.5575
    endloop
  endfacet
  facet normal 0 1 0
    outer loop
      vertex 305.729 -260 50.4078
      vertex 285.596 -260 5.18727
      vertex 280 -260 8.03848
    endloop
  endfacet
  facet normal 0 1 -0
    outer loop
      vertex 316.272 -260 0.328687
      vertex 311.098 -260 49.5575
      vertex 322.475 -260 1.31114
    endloop
  endfacet
  facet normal 0 1 0
    outer loop
      vertex 306.755 -260 50.0139
      vertex 291.459 -260 2.93661
      vertex 285.596 -260 5.18727
    endloop
  endfacet
  facet normal 0 1 0
    outer loop
      vertex 311.098 -260 49.5575
      vertex 316.272 -260 0.328687
      vertex 310 -260 49.5
    endloop
  endfacet
  facet normal 0 1 0
    outer loop
      vertex 307.817 -260 49.7295
      vertex 297.525 -260 1.31114
      vertex 291.459 -260 2.93661
    endloop
  endfacet
  facet normal 0 1 0
    outer loop
      vertex 310 -260 0
      vertex 310 -260 49.5
      vertex 316.272 -260 0.328687
    endloop
  endfacet
  facet normal 0 1 0
    outer loop
      vertex 308.902 -260 49.5575
      vertex 303.728 -260 0.328687
      vertex 297.525 -260 1.31114
    endloop
  endfacet
  facet normal 0 1 0
    outer loop
      vertex 310 -260 49.5
      vertex 310 -260 0
      vertex 303.728 -260 0.328687
    endloop
  endfacet
  facet normal -0.707099 0 -0.707115
    outer loop
      vertex 265.411 -300 19.8522
      vertex 269.852 -260 15.4113
      vertex 269.852 -300 15.4113
    endloop
  endfacet
  facet normal -0.707099 0 -0.707115
    outer loop
      vertex 269.852 -260 15.4113
      vertex 265.411 -300 19.8522
      vertex 265.411 -260 19.8522
    endloop
  endfacet
  facet normal -0.89102 0 -0.453965
    outer loop
      vertex 258.038 -300 30
      vertex 255.187 -260 35.5958
      vertex 258.038 -260 30
    endloop
  endfacet
  facet normal -0.89102 -0 -0.453965
    outer loop
      vertex 255.187 -260 35.5958
      vertex 258.038 -300 30
      vertex 255.187 -300 35.5958
    endloop
  endfacet
  facet normal 0.838634 0 -0.544696
    outer loop
      vertex 361.962 -300 30
      vertex 358.541 -260 24.7329
      vertex 361.962 -260 30
    endloop
  endfacet
  facet normal 0.838634 0 -0.544696
    outer loop
      vertex 358.541 -260 24.7329
      vertex 361.962 -300 30
      vertex 358.541 -300 24.7329
    endloop
  endfacet
  facet normal 0.9877 0 -0.156363
    outer loop
      vertex 369.671 -300 53.7283
      vertex 368.689 -260 47.5253
      vertex 369.671 -260 53.7283
    endloop
  endfacet
  facet normal 0.9877 0 -0.156363
    outer loop
      vertex 368.689 -260 47.5253
      vertex 369.671 -300 53.7283
      vertex 368.689 -300 47.5253
    endloop
  endfacet
  facet normal 0 -1 0
    outer loop
      vertex 310 -300 70.5
      vertex 310 -300 120
      vertex 303.728 -300 119.671
    endloop
  endfacet
  facet normal 0 -1 0
    outer loop
      vertex 308.902 -300 70.4425
      vertex 303.728 -300 119.671
      vertex 297.525 -300 118.689
    endloop
  endfacet
  facet normal 0 -1 0
    outer loop
      vertex 310 -300 120
      vertex 310 -300 70.5
      vertex 316.272 -300 119.671
    endloop
  endfacet
  facet normal 0 -1 0
    outer loop
      vertex 307.817 -300 70.2706
      vertex 297.525 -300 118.689
      vertex 291.459 -300 117.063
    endloop
  endfacet
  facet normal 0 -1 0
    outer loop
      vertex 311.098 -300 70.4425
      vertex 316.272 -300 119.671
      vertex 310 -300 70.5
    endloop
  endfacet
  facet normal 0 -1 0
    outer loop
      vertex 306.755 -300 69.9861
      vertex 291.459 -300 117.063
      vertex 285.596 -300 114.813
    endloop
  endfacet
  facet normal 0 -1 -0
    outer loop
      vertex 316.272 -300 119.671
      vertex 311.098 -300 70.4425
      vertex 322.475 -300 118.689
    endloop
  endfacet
  facet normal 0 -1 0
    outer loop
      vertex 305.729 -300 69.5922
      vertex 285.596 -300 114.813
      vertex 280 -300 111.962
    endloop
  endfacet
  facet normal 0 -1 0
    outer loop
      vertex 312.183 -300 70.2706
      vertex 322.475 -300 118.689
      vertex 311.098 -300 70.4425
    endloop
  endfacet
  facet normal 0 -1 0
    outer loop
      vertex 304.75 -300 69.0933
      vertex 280 -300 111.962
      vertex 274.733 -300 108.541
    endloop
  endfacet
  facet normal 0 -1 -0
    outer loop
      vertex 322.475 -300 118.689
      vertex 312.183 -300 70.2706
      vertex 328.541 -300 117.063
    endloop
  endfacet
  facet normal 0 -1 0
    outer loop
      vertex 303.828 -300 68.4947
      vertex 274.733 -300 108.541
      vertex 269.852 -300 104.589
    endloop
  endfacet
  facet normal 0 -1 0
    outer loop
      vertex 313.245 -300 69.9861
      vertex 328.541 -300 117.063
      vertex 312.183 -300 70.2706
    endloop
  endfacet
  facet normal 0 -1 0
    outer loop
      vertex 302.974 -300 67.803
      vertex 269.852 -300 104.589
      vertex 265.411 -300 100.148
    endloop
  endfacet
  facet normal 0 -1 -0
    outer loop
      vertex 328.541 -300 117.063
      vertex 313.245 -300 69.9861
      vertex 334.404 -300 114.813
    endloop
  endfacet
  facet normal 0 -1 0
    outer loop
      vertex 302.197 -300 67.0259
      vertex 265.411 -300 100.148
      vertex 261.459 -300 95.2671
    endloop
  endfacet
  facet normal 0 -1 0
    outer loop
      vertex 314.271 -300 69.5922
      vertex 334.404 -300 114.813
      vertex 313.245 -300 69.9861
    endloop
  endfacet
  facet normal 0 -1 0
    outer loop
      vertex 301.505 -300 66.1717
      vertex 261.459 -300 95.2671
      vertex 258.038 -300 90
    endloop
  endfacet
  facet normal 0 -1 -0
    outer loop
      vertex 334.404 -300 114.813
      vertex 314.271 -300 69.5922
      vertex 340 -300 111.962
    endloop
  endfacet
  facet normal 0 -1 0
    outer loop
      vertex 300.907 -300 65.25
      vertex 258.038 -300 90
      vertex 255.187 -300 84.4042
    endloop
  endfacet
  facet normal 0 -1 0
    outer loop
      vertex 315.25 -300 69.0933
      vertex 340 -300 111.962
      vertex 314.271 -300 69.5922
    endloop
  endfacet
  facet normal 0 -1 0
    outer loop
      vertex 300.408 -300 64.2707
      vertex 255.187 -300 84.4042
      vertex 252.937 -300 78.541
    endloop
  endfacet
  facet normal 0 -1 -0
    outer loop
      vertex 340 -300 111.962
      vertex 315.25 -300 69.0933
      vertex 345.267 -300 108.541
    endloop
  endfacet
  facet normal 0 -1 0
    outer loop
      vertex 300.014 -300 63.2447
      vertex 252.937 -300 78.541
      vertex 251.311 -300 72.4747
    endloop
  endfacet
  facet normal 0 -1 0
    outer loop
      vertex 316.172 -300 68.4947
      vertex 345.267 -300 108.541
      vertex 315.25 -300 69.0933
    endloop
  endfacet
  facet normal 0 -1 -0
    outer loop
      vertex 345.267 -300 108.541
      vertex 316.172 -300 68.4947
      vertex 350.148 -300 104.589
    endloop
  endfacet
  facet normal 0 -1 0
    outer loop
      vertex 303.728 -300 119.671
      vertex 308.902 -300 70.4425
      vertex 310 -300 70.5
    endloop
  endfacet
  facet normal 0 -1 0
    outer loop
      vertex 297.525 -300 118.689
      vertex 307.817 -300 70.2706
      vertex 308.902 -300 70.4425
    endloop
  endfacet
  facet normal 0 -1 0
    outer loop
      vertex 291.459 -300 117.063
      vertex 306.755 -300 69.9861
      vertex 307.817 -300 70.2706
    endloop
  endfacet
  facet normal 0 -1 0
    outer loop
      vertex 285.596 -300 114.813
      vertex 305.729 -300 69.5922
      vertex 306.755 -300 69.9861
    endloop
  endfacet
  facet normal 0 -1 0
    outer loop
      vertex 280 -300 111.962
      vertex 304.75 -300 69.0933
      vertex 305.729 -300 69.5922
    endloop
  endfacet
  facet normal 0 -1 0
    outer loop
      vertex 274.733 -300 108.541
      vertex 303.828 -300 68.4947
      vertex 304.75 -300 69.0933
    endloop
  endfacet
  facet normal 0 -1 0
    outer loop
      vertex 269.852 -300 104.589
      vertex 302.974 -300 67.803
      vertex 303.828 -300 68.4947
    endloop
  endfacet
  facet normal 0 -1 0
    outer loop
      vertex 265.411 -300 100.148
      vertex 302.197 -300 67.0259
      vertex 302.974 -300 67.803
    endloop
  endfacet
  facet normal 0 -1 0
    outer loop
      vertex 299.729 -300 62.1831
      vertex 251.311 -300 72.4747
      vertex 250.329 -300 66.2717
    endloop
  endfacet
  facet normal 0 -1 0
    outer loop
      vertex 261.459 -300 95.2671
      vertex 301.505 -300 66.1717
      vertex 302.197 -300 67.0259
    endloop
  endfacet
  facet normal 0 -1 0
    outer loop
      vertex 258.038 -300 90
      vertex 300.907 -300 65.25
      vertex 301.505 -300 66.1717
    endloop
  endfacet
  facet normal 0 -1 0
    outer loop
      vertex 255.187 -300 84.4042
      vertex 300.408 -300 64.2707
      vertex 300.907 -300 65.25
    endloop
  endfacet
  facet normal 0 -1 0
    outer loop
      vertex 252.937 -300 78.541
      vertex 300.014 -300 63.2447
      vertex 300.408 -300 64.2707
    endloop
  endfacet
  facet normal 0 -1 0
    outer loop
      vertex 251.311 -300 72.4747
      vertex 299.729 -300 62.1831
      vertex 300.014 -300 63.2447
    endloop
  endfacet
  facet normal 0 -1 0
    outer loop
      vertex 250.329 -300 66.2717
      vertex 299.558 -300 61.0975
      vertex 299.729 -300 62.1831
    endloop
  endfacet
  facet normal 0 -1 0
    outer loop
      vertex 250 -300 60
      vertex 299.558 -300 61.0975
      vertex 250.329 -300 66.2717
    endloop
  endfacet
  facet normal 0 -1 0
    outer loop
      vertex 250 -300 60
      vertex 299.5 -300 60
      vertex 299.558 -300 61.0975
    endloop
  endfacet
  facet normal 0 -1 0
    outer loop
      vertex 250 -300 60
      vertex 299.558 -300 58.9025
      vertex 299.5 -300 60
    endloop
  endfacet
  facet normal 0 -1 0
    outer loop
      vertex 250.329 -300 53.7283
      vertex 299.558 -300 58.9025
      vertex 250 -300 60
    endloop
  endfacet
  facet normal 0 -1 -0
    outer loop
      vertex 299.558 -300 58.9025
      vertex 250.329 -300 53.7283
      vertex 299.729 -300 57.8169
    endloop
  endfacet
  facet normal 0 -1 0
    outer loop
      vertex 251.311 -300 47.5253
      vertex 299.729 -300 57.8169
      vertex 250.329 -300 53.7283
    endloop
  endfacet
  facet normal 0 -1 -0
    outer loop
      vertex 299.729 -300 57.8169
      vertex 251.311 -300 47.5253
      vertex 300.014 -300 56.7553
    endloop
  endfacet
  facet normal 0 -1 0
    outer loop
      vertex 252.937 -300 41.459
      vertex 300.014 -300 56.7553
      vertex 251.311 -300 47.5253
    endloop
  endfacet
  facet normal 0 -1 -0
    outer loop
      vertex 300.014 -300 56.7553
      vertex 252.937 -300 41.459
      vertex 300.408 -300 55.7293
    endloop
  endfacet
  facet normal 0 -1 0
    outer loop
      vertex 255.187 -300 35.5958
      vertex 300.408 -300 55.7293
      vertex 252.937 -300 41.459
    endloop
  endfacet
  facet normal 0 -1 -0
    outer loop
      vertex 300.408 -300 55.7293
      vertex 255.187 -300 35.5958
      vertex 300.907 -300 54.75
    endloop
  endfacet
  facet normal 0 -1 0
    outer loop
      vertex 258.038 -300 30
      vertex 300.907 -300 54.75
      vertex 255.187 -300 35.5958
    endloop
  endfacet
  facet normal 0 -1 -0
    outer loop
      vertex 300.907 -300 54.75
      vertex 258.038 -300 30
      vertex 301.505 -300 53.8283
    endloop
  endfacet
  facet normal 0 -1 0
    outer loop
      vertex 261.459 -300 24.7329
      vertex 301.505 -300 53.8283
      vertex 258.038 -300 30
    endloop
  endfacet
  facet normal 0 -1 -0
    outer loop
      vertex 301.505 -300 53.8283
      vertex 261.459 -300 24.7329
      vertex 302.197 -300 52.9741
    endloop
  endfacet
  facet normal 0 -1 0
    outer loop
      vertex 265.411 -300 19.8522
      vertex 302.197 -300 52.9741
      vertex 261.459 -300 24.7329
    endloop
  endfacet
  facet normal 0 -1 -0
    outer loop
      vertex 302.197 -300 52.9741
      vertex 265.411 -300 19.8522
      vertex 302.974 -300 52.197
    endloop
  endfacet
  facet normal 0 -1 -0
    outer loop
      vertex 302.974 -300 52.197
      vertex 269.852 -300 15.4113
      vertex 303.828 -300 51.5053
    endloop
  endfacet
  facet normal 0 -1 0
    outer loop
      vertex 269.852 -300 15.4113
      vertex 302.974 -300 52.197
      vertex 265.411 -300 19.8522
    endloop
  endfacet
  facet normal 0 -1 0
    outer loop
      vertex 317.026 -300 67.803
      vertex 350.148 -300 104.589
      vertex 316.172 -300 68.4947
    endloop
  endfacet
  facet normal 0 -1 -0
    outer loop
      vertex 350.148 -300 104.589
      vertex 317.026 -300 67.803
      vertex 354.589 -300 100.148
    endloop
  endfacet
  facet normal 0 -1 0
    outer loop
      vertex 317.803 -300 67.0259
      vertex 354.589 -300 100.148
      vertex 317.026 -300 67.803
    endloop
  endfacet
  facet normal 0 -1 -0
    outer loop
      vertex 354.589 -300 100.148
      vertex 317.803 -300 67.0259
      vertex 358.541 -300 95.2671
    endloop
  endfacet
  facet normal 0 -1 0
    outer loop
      vertex 318.495 -300 66.1717
      vertex 358.541 -300 95.2671
      vertex 317.803 -300 67.0259
    endloop
  endfacet
  facet normal 0 -1 -0
    outer loop
      vertex 358.541 -300 95.2671
      vertex 318.495 -300 66.1717
      vertex 361.962 -300 90
    endloop
  endfacet
  facet normal 0 -1 0
    outer loop
      vertex 319.093 -300 65.25
      vertex 361.962 -300 90
      vertex 318.495 -300 66.1717
    endloop
  endfacet
  facet normal 0 -1 -0
    outer loop
      vertex 361.962 -300 90
      vertex 319.093 -300 65.25
      vertex 364.813 -300 84.4042
    endloop
  endfacet
  facet normal 0 -1 0
    outer loop
      vertex 319.592 -300 64.2707
      vertex 364.813 -300 84.4042
      vertex 319.093 -300 65.25
    endloop
  endfacet
  facet normal 0 -1 -0
    outer loop
      vertex 364.813 -300 84.4042
      vertex 319.592 -300 64.2707
      vertex 367.063 -300 78.541
    endloop
  endfacet
  facet normal 0 -1 0
    outer loop
      vertex 319.986 -300 63.2447
      vertex 367.063 -300 78.541
      vertex 319.592 -300 64.2707
    endloop
  endfacet
  facet normal 0 -1 -0
    outer loop
      vertex 367.063 -300 78.541
      vertex 319.986 -300 63.2447
      vertex 368.689 -300 72.4747
    endloop
  endfacet
  facet normal 0 -1 0
    outer loop
      vertex 320.271 -300 62.1831
      vertex 368.689 -300 72.4747
      vertex 319.986 -300 63.2447
    endloop
  endfacet
  facet normal 0 -1 -0
    outer loop
      vertex 368.689 -300 72.4747
      vertex 320.271 -300 62.1831
      vertex 369.671 -300 66.2717
    endloop
  endfacet
  facet normal 0 -1 0
    outer loop
      vertex 320.442 -300 61.0975
      vertex 369.671 -300 66.2717
      vertex 320.271 -300 62.1831
    endloop
  endfacet
  facet normal 0 -1 0
    outer loop
      vertex 320.5 -300 60
      vertex 369.671 -300 66.2717
      vertex 320.442 -300 61.0975
    endloop
  endfacet
  facet normal 0 -1 0
    outer loop
      vertex 320.5 -300 60
      vertex 370 -300 60
      vertex 369.671 -300 66.2717
    endloop
  endfacet
  facet normal 0 -1 0
    outer loop
      vertex 320.442 -300 58.9025
      vertex 370 -300 60
      vertex 320.5 -300 60
    endloop
  endfacet
  facet normal 0 -1 0
    outer loop
      vertex 369.671 -300 53.7283
      vertex 320.442 -300 58.9025
      vertex 320.271 -300 57.8169
    endloop
  endfacet
  facet normal 0 -1 0
    outer loop
      vertex 368.689 -300 47.5253
      vertex 320.271 -300 57.8169
      vertex 319.986 -300 56.7553
    endloop
  endfacet
  facet normal 0 -1 0
    outer loop
      vertex 367.063 -300 41.459
      vertex 319.986 -300 56.7553
      vertex 319.592 -300 55.7293
    endloop
  endfacet
  facet normal 0 -1 0
    outer loop
      vertex 364.813 -300 35.5958
      vertex 319.592 -300 55.7293
      vertex 319.093 -300 54.75
    endloop
  endfacet
  facet normal 0 -1 0
    outer loop
      vertex 361.962 -300 30
      vertex 319.093 -300 54.75
      vertex 318.495 -300 53.8283
    endloop
  endfacet
  facet normal 0 -1 0
    outer loop
      vertex 320.442 -300 58.9025
      vertex 369.671 -300 53.7283
      vertex 370 -300 60
    endloop
  endfacet
  facet normal 0 -1 0
    outer loop
      vertex 358.541 -300 24.7329
      vertex 318.495 -300 53.8283
      vertex 317.803 -300 52.9741
    endloop
  endfacet
  facet normal 0 -1 0
    outer loop
      vertex 354.589 -300 19.8522
      vertex 317.803 -300 52.9741
      vertex 317.026 -300 52.197
    endloop
  endfacet
  facet normal 0 -1 0
    outer loop
      vertex 350.148 -300 15.4113
      vertex 317.026 -300 52.197
      vertex 316.172 -300 51.5053
    endloop
  endfacet
  facet normal 0 -1 0
    outer loop
      vertex 345.267 -300 11.459
      vertex 316.172 -300 51.5053
      vertex 315.25 -300 50.9067
    endloop
  endfacet
  facet normal 0 -1 0
    outer loop
      vertex 340 -300 8.03848
      vertex 315.25 -300 50.9067
      vertex 314.271 -300 50.4078
    endloop
  endfacet
  facet normal 0 -1 0
    outer loop
      vertex 334.404 -300 5.18727
      vertex 314.271 -300 50.4078
      vertex 313.245 -300 50.0139
    endloop
  endfacet
  facet normal 0 -1 0
    outer loop
      vertex 328.541 -300 2.93661
      vertex 313.245 -300 50.0139
      vertex 312.183 -300 49.7295
    endloop
  endfacet
  facet normal 0 -1 0
    outer loop
      vertex 322.475 -300 1.31114
      vertex 312.183 -300 49.7295
      vertex 311.098 -300 49.5575
    endloop
  endfacet
  facet normal 0 -1 0
    outer loop
      vertex 320.271 -300 57.8169
      vertex 368.689 -300 47.5253
      vertex 369.671 -300 53.7283
    endloop
  endfacet
  facet normal 0 -1 0
    outer loop
      vertex 316.272 -300 0.328687
      vertex 311.098 -300 49.5575
      vertex 310 -300 49.5
    endloop
  endfacet
  facet normal 0 -1 0
    outer loop
      vertex 274.733 -300 11.459
      vertex 303.828 -300 51.5053
      vertex 269.852 -300 15.4113
    endloop
  endfacet
  facet normal 0 -1 -0
    outer loop
      vertex 303.828 -300 51.5053
      vertex 274.733 -300 11.459
      vertex 304.75 -300 50.9067
    endloop
  endfacet
  facet normal 0 -1 0
    outer loop
      vertex 319.986 -300 56.7553
      vertex 367.063 -300 41.459
      vertex 368.689 -300 47.5253
    endloop
  endfacet
  facet normal 0 -1 0
    outer loop
      vertex 280 -300 8.03848
      vertex 304.75 -300 50.9067
      vertex 274.733 -300 11.459
    endloop
  endfacet
  facet normal 0 -1 0
    outer loop
      vertex 319.592 -300 55.7293
      vertex 364.813 -300 35.5958
      vertex 367.063 -300 41.459
    endloop
  endfacet
  facet normal 0 -1 -0
    outer loop
      vertex 304.75 -300 50.9067
      vertex 280 -300 8.03848
      vertex 305.729 -300 50.4078
    endloop
  endfacet
  facet normal 0 -1 0
    outer loop
      vertex 319.093 -300 54.75
      vertex 361.962 -300 30
      vertex 364.813 -300 35.5958
    endloop
  endfacet
  facet normal 0 -1 0
    outer loop
      vertex 285.596 -300 5.18727
      vertex 305.729 -300 50.4078
      vertex 280 -300 8.03848
    endloop
  endfacet
  facet normal 0 -1 0
    outer loop
      vertex 318.495 -300 53.8283
      vertex 358.541 -300 24.7329
      vertex 361.962 -300 30
    endloop
  endfacet
  facet normal 0 -1 -0
    outer loop
      vertex 305.729 -300 50.4078
      vertex 285.596 -300 5.18727
      vertex 306.755 -300 50.0139
    endloop
  endfacet
  facet normal 0 -1 0
    outer loop
      vertex 317.803 -300 52.9741
      vertex 354.589 -300 19.8522
      vertex 358.541 -300 24.7329
    endloop
  endfacet
  facet normal 0 -1 0
    outer loop
      vertex 291.459 -300 2.93661
      vertex 306.755 -300 50.0139
      vertex 285.596 -300 5.18727
    endloop
  endfacet
  facet normal 0 -1 0
    outer loop
      vertex 317.026 -300 52.197
      vertex 350.148 -300 15.4113
      vertex 354.589 -300 19.8522
    endloop
  endfacet
  facet normal 0 -1 -0
    outer loop
      vertex 306.755 -300 50.0139
      vertex 291.459 -300 2.93661
      vertex 307.817 -300 49.7295
    endloop
  endfacet
  facet normal 0 -1 0
    outer loop
      vertex 316.172 -300 51.5053
      vertex 345.267 -300 11.459
      vertex 350.148 -300 15.4113
    endloop
  endfacet
  facet normal 0 -1 0
    outer loop
      vertex 297.525 -300 1.31114
      vertex 307.817 -300 49.7295
      vertex 291.459 -300 2.93661
    endloop
  endfacet
  facet normal 0 -1 0
    outer loop
      vertex 315.25 -300 50.9067
      vertex 340 -300 8.03848
      vertex 345.267 -300 11.459
    endloop
  endfacet
  facet normal 0 -1 -0
    outer loop
      vertex 307.817 -300 49.7295
      vertex 297.525 -300 1.31114
      vertex 308.902 -300 49.5575
    endloop
  endfacet
  facet normal 0 -1 0
    outer loop
      vertex 314.271 -300 50.4078
      vertex 334.404 -300 5.18727
      vertex 340 -300 8.03848
    endloop
  endfacet
  facet normal 0 -1 0
    outer loop
      vertex 303.728 -300 0.328687
      vertex 308.902 -300 49.5575
      vertex 297.525 -300 1.31114
    endloop
  endfacet
  facet normal 0 -1 0
    outer loop
      vertex 313.245 -300 50.0139
      vertex 328.541 -300 2.93661
      vertex 334.404 -300 5.18727
    endloop
  endfacet
  facet normal 0 -1 -0
    outer loop
      vertex 308.902 -300 49.5575
      vertex 303.728 -300 0.328687
      vertex 310 -300 49.5
    endloop
  endfacet
  facet normal 0 -1 0
    outer loop
      vertex 312.183 -300 49.7295
      vertex 322.475 -300 1.31114
      vertex 328.541 -300 2.93661
    endloop
  endfacet
  facet normal 0 -1 0
    outer loop
      vertex 310 -300 0
      vertex 310 -300 49.5
      vertex 303.728 -300 0.328687
    endloop
  endfacet
  facet normal 0 -1 0
    outer loop
      vertex 311.098 -300 49.5575
      vertex 316.272 -300 0.328687
      vertex 322.475 -300 1.31114
    endloop
  endfacet
  facet normal 0 -1 0
    outer loop
      vertex 310 -300 49.5
      vertex 310 -300 0
      vertex 316.272 -300 0.328687
    endloop
  endfacet
  facet normal 0.77717 0 -0.62929
    outer loop
      vertex 358.541 -300 24.7329
      vertex 354.589 -260 19.8522
      vertex 358.541 -260 24.7329
    endloop
  endfacet
  facet normal 0.77717 0 -0.62929
    outer loop
      vertex 354.589 -260 19.8522
      vertex 358.541 -300 24.7329
      vertex 354.589 -300 19.8522
    endloop
  endfacet
  facet normal 0.629296 0 -0.777166
    outer loop
      vertex 345.267 -300 11.459
      vertex 350.148 -260 15.4113
      vertex 350.148 -300 15.4113
    endloop
  endfacet
  facet normal 0.629296 0 -0.777166
    outer loop
      vertex 350.148 -260 15.4113
      vertex 345.267 -300 11.459
      vertex 345.267 -260 11.459
    endloop
  endfacet
  facet normal 0.544649 0 -0.838664
    outer loop
      vertex 340 -300 8.03848
      vertex 345.267 -260 11.459
      vertex 345.267 -300 11.459
    endloop
  endfacet
  facet normal 0.544649 0 -0.838664
    outer loop
      vertex 345.267 -260 11.459
      vertex 340 -300 8.03848
      vertex 340 -260 8.03848
    endloop
  endfacet
  facet normal 0.89102 -0 0.453965
    outer loop
      vertex 361.962 -300 90
      vertex 364.813 -260 84.4042
      vertex 361.962 -260 90
    endloop
  endfacet
  facet normal 0.89102 0 0.453965
    outer loop
      vertex 364.813 -260 84.4042
      vertex 361.962 -300 90
      vertex 364.813 -300 84.4042
    endloop
  endfacet
  facet normal -0.629267 0 0.777189
    outer loop
      vertex 269.852 -260 104.589
      vertex 274.733 -300 108.541
      vertex 274.733 -260 108.541
    endloop
  endfacet
  facet normal -0.629267 0 0.777189
    outer loop
      vertex 274.733 -300 108.541
      vertex 269.852 -260 104.589
      vertex 269.852 -300 104.589
    endloop
  endfacet
  facet normal 0.838634 -0 0.544696
    outer loop
      vertex 358.541 -300 95.2671
      vertex 361.962 -260 90
      vertex 358.541 -260 95.2671
    endloop
  endfacet
  facet normal 0.838634 0 0.544696
    outer loop
      vertex 361.962 -260 90
      vertex 358.541 -300 95.2671
      vertex 361.962 -300 90
    endloop
  endfacet
  facet normal 0.9877 -0 0.156363
    outer loop
      vertex 368.689 -300 72.4747
      vertex 369.671 -260 66.2717
      vertex 368.689 -260 72.4747
    endloop
  endfacet
  facet normal 0.9877 0 0.156363
    outer loop
      vertex 369.671 -260 66.2717
      vertex 368.689 -300 72.4747
      vertex 369.671 -300 66.2717
    endloop
  endfacet
  facet normal 0.933616 -0 0.358275
    outer loop
      vertex 364.813 -300 84.4042
      vertex 367.063 -260 78.541
      vertex 364.813 -260 84.4042
    endloop
  endfacet
  facet normal 0.933616 0 0.358275
    outer loop
      vertex 367.063 -260 78.541
      vertex 364.813 -300 84.4042
      vertex 367.063 -300 78.541
    endloop
  endfacet
  facet normal 0.777183 -0 0.629275
    outer loop
      vertex 354.589 -300 100.148
      vertex 358.541 -260 95.2671
      vertex 354.589 -260 100.148
    endloop
  endfacet
  facet normal 0.777183 0 0.629275
    outer loop
      vertex 358.541 -260 95.2671
      vertex 354.589 -300 100.148
      vertex 358.541 -300 95.2671
    endloop
  endfacet
  facet normal -0.544703 0 0.838629
    outer loop
      vertex 274.733 -260 108.541
      vertex 280 -300 111.962
      vertex 280 -260 111.962
    endloop
  endfacet
  facet normal -0.544703 0 0.838629
    outer loop
      vertex 280 -300 111.962
      vertex 274.733 -260 108.541
      vertex 274.733 -300 108.541
    endloop
  endfacet
  facet normal -0.933616 0 0.358275
    outer loop
      vertex 252.937 -300 78.541
      vertex 255.187 -260 84.4042
      vertex 252.937 -260 78.541
    endloop
  endfacet
  facet normal -0.933616 0 0.358275
    outer loop
      vertex 255.187 -260 84.4042
      vertex 252.937 -300 78.541
      vertex 255.187 -300 84.4042
    endloop
  endfacet
  facet normal 0.0523833 0 0.998627
    outer loop
      vertex 310 -260 120
      vertex 316.272 -300 119.671
      vertex 316.272 -260 119.671
    endloop
  endfacet
  facet normal 0.0523833 0 0.998627
    outer loop
      vertex 316.272 -300 119.671
      vertex 310 -260 120
      vertex 310 -300 120
    endloop
  endfacet
  facet normal 0.998627 0 -0.0523858
    outer loop
      vertex 370 -300 60
      vertex 369.671 -260 53.7283
      vertex 370 -260 60
    endloop
  endfacet
  facet normal 0.998627 0 -0.0523858
    outer loop
      vertex 369.671 -260 53.7283
      vertex 370 -300 60
      vertex 369.671 -300 53.7283
    endloop
  endfacet
  facet normal 0.358285 0 0.933612
    outer loop
      vertex 328.541 -260 117.063
      vertex 334.404 -300 114.813
      vertex 334.404 -260 114.813
    endloop
  endfacet
  facet normal 0.358285 0 0.933612
    outer loop
      vertex 334.404 -300 114.813
      vertex 328.541 -260 117.063
      vertex 328.541 -300 117.063
    endloop
  endfacet
  facet normal -0.707107 0 0.707107
    outer loop
      vertex 265.411 -300 100.148
      vertex 269.852 -260 104.589
      vertex 265.411 -260 100.148
    endloop
  endfacet
  facet normal -0.707107 0 0.707107
    outer loop
      vertex 269.852 -260 104.589
      vertex 265.411 -300 100.148
      vertex 269.852 -300 104.589
    endloop
  endfacet
  facet normal 0.98782 -0 0.155598
    outer loop
      vertex 299.558 -300 58.9025
      vertex 299.729 -260 57.8169
      vertex 299.558 -260 58.9025
    endloop
  endfacet
  facet normal 0.98782 0 0.155598
    outer loop
      vertex 299.729 -260 57.8169
      vertex 299.558 -300 58.9025
      vertex 299.729 -300 57.8169
    endloop
  endfacet
  facet normal 0.998606 -0 0.0527737
    outer loop
      vertex 299.5 -300 60
      vertex 299.558 -260 58.9025
      vertex 299.5 -260 60
    endloop
  endfacet
  facet normal 0.998606 0 0.0527737
    outer loop
      vertex 299.558 -260 58.9025
      vertex 299.5 -300 60
      vertex 299.558 -300 58.9025
    endloop
  endfacet
  facet normal 0.965802 -0 0.259282
    outer loop
      vertex 299.729 -300 57.8169
      vertex 300.014 -260 56.7553
      vertex 299.729 -260 57.8169
    endloop
  endfacet
  facet normal 0.965802 0 0.259282
    outer loop
      vertex 300.014 -260 56.7553
      vertex 299.729 -300 57.8169
      vertex 300.014 -300 56.7553
    endloop
  endfacet
  facet normal 0.454044 0 0.890979
    outer loop
      vertex 304.75 -260 50.9067
      vertex 305.729 -300 50.4078
      vertex 305.729 -260 50.4078
    endloop
  endfacet
  facet normal 0.454044 0 0.890979
    outer loop
      vertex 305.729 -300 50.4078
      vertex 304.75 -260 50.9067
      vertex 304.75 -300 50.9067
    endloop
  endfacet
  facet normal -0.258682 0 0.965963
    outer loop
      vertex 312.183 -260 49.7295
      vertex 313.245 -300 50.0139
      vertex 313.245 -260 50.0139
    endloop
  endfacet
  facet normal -0.258682 0 0.965963
    outer loop
      vertex 313.245 -300 50.0139
      vertex 312.183 -260 49.7295
      vertex 312.183 -300 49.7295
    endloop
  endfacet
  facet normal 0.544541 0 -0.838734
    outer loop
      vertex 303.828 -300 68.4947
      vertex 304.75 -260 69.0933
      vertex 304.75 -300 69.0933
    endloop
  endfacet
  facet normal 0.544541 0 -0.838734
    outer loop
      vertex 304.75 -260 69.0933
      vertex 303.828 -300 68.4947
      vertex 303.828 -260 68.4947
    endloop
  endfacet
  facet normal 0.258682 0 0.965963
    outer loop
      vertex 306.755 -260 50.0139
      vertex 307.817 -300 49.7295
      vertex 307.817 -260 49.7295
    endloop
  endfacet
  facet normal 0.258682 0 0.965963
    outer loop
      vertex 307.817 -300 49.7295
      vertex 306.755 -260 50.0139
      vertex 306.755 -300 50.0139
    endloop
  endfacet
  facet normal 0.707152 -0 0.707061
    outer loop
      vertex 302.197 -300 52.9741
      vertex 302.974 -260 52.197
      vertex 302.197 -260 52.9741
    endloop
  endfacet
  facet normal 0.707152 0 0.707061
    outer loop
      vertex 302.974 -260 52.197
      vertex 302.197 -300 52.9741
      vertex 302.974 -300 52.197
    endloop
  endfacet
  facet normal -0.258766 0 -0.96594
    outer loop
      vertex 312.183 -300 70.2706
      vertex 313.245 -260 69.9861
      vertex 313.245 -300 69.9861
    endloop
  endfacet
  facet normal -0.258766 0 -0.96594
    outer loop
      vertex 313.245 -260 69.9861
      vertex 312.183 -300 70.2706
      vertex 312.183 -260 70.2706
    endloop
  endfacet
  facet normal 0.15657 0 0.987667
    outer loop
      vertex 307.817 -260 49.7295
      vertex 308.902 -300 49.5575
      vertex 308.902 -260 49.5575
    endloop
  endfacet
  facet normal 0.15657 0 0.987667
    outer loop
      vertex 308.902 -300 49.5575
      vertex 307.817 -260 49.7295
      vertex 307.817 -300 49.7295
    endloop
  endfacet
  facet normal -0.838903 0 0.544281
    outer loop
      vertex 318.495 -300 53.8283
      vertex 319.093 -260 54.75
      vertex 318.495 -260 53.8283
    endloop
  endfacet
  facet normal -0.838903 0 0.544281
    outer loop
      vertex 319.093 -260 54.75
      vertex 318.495 -300 53.8283
      vertex 319.093 -300 54.75
    endloop
  endfacet
  facet normal -0.933533 0 -0.358491
    outer loop
      vertex 319.986 -300 63.2447
      vertex 319.592 -260 64.2707
      vertex 319.986 -260 63.2447
    endloop
  endfacet
  facet normal -0.933533 -0 -0.358491
    outer loop
      vertex 319.592 -260 64.2707
      vertex 319.986 -300 63.2447
      vertex 319.592 -300 64.2707
    endloop
  endfacet
  facet normal 0.358412 0 -0.933564
    outer loop
      vertex 305.729 -300 69.5922
      vertex 306.755 -260 69.9861
      vertex 306.755 -300 69.9861
    endloop
  endfacet
  facet normal 0.358412 0 -0.933564
    outer loop
      vertex 306.755 -260 69.9861
      vertex 305.729 -300 69.5922
      vertex 305.729 -260 69.5922
    endloop
  endfacet
  facet normal 0.838903 -0 0.544281
    outer loop
      vertex 300.907 -300 54.75
      vertex 301.505 -260 53.8283
      vertex 300.907 -260 54.75
    endloop
  endfacet
  facet normal 0.838903 0 0.544281
    outer loop
      vertex 301.505 -260 53.8283
      vertex 300.907 -300 54.75
      vertex 301.505 -300 53.8283
    endloop
  endfacet
  facet normal 0.890999 -0 0.454006
    outer loop
      vertex 300.408 -300 55.7293
      vertex 300.907 -260 54.75
      vertex 300.408 -260 55.7293
    endloop
  endfacet
  facet normal 0.890999 0 0.454006
    outer loop
      vertex 300.907 -260 54.75
      vertex 300.408 -300 55.7293
      vertex 300.907 -300 54.75
    endloop
  endfacet
  facet normal -0.965802 0 0.259282
    outer loop
      vertex 319.986 -300 56.7553
      vertex 320.271 -260 57.8169
      vertex 319.986 -260 56.7553
    endloop
  endfacet
  facet normal -0.965802 0 0.259282
    outer loop
      vertex 320.271 -260 57.8169
      vertex 319.986 -300 56.7553
      vertex 320.271 -300 57.8169
    endloop
  endfacet
  facet normal -0.15657 0 0.987667
    outer loop
      vertex 311.098 -260 49.5575
      vertex 312.183 -300 49.7295
      vertex 312.183 -260 49.7295
    endloop
  endfacet
  facet normal -0.15657 0 0.987667
    outer loop
      vertex 312.183 -300 49.7295
      vertex 311.098 -260 49.5575
      vertex 311.098 -300 49.5575
    endloop
  endfacet
  facet normal -0.98782 0 0.155598
    outer loop
      vertex 320.271 -300 57.8169
      vertex 320.442 -260 58.9025
      vertex 320.271 -260 57.8169
    endloop
  endfacet
  facet normal -0.98782 0 0.155598
    outer loop
      vertex 320.442 -260 58.9025
      vertex 320.271 -300 57.8169
      vertex 320.442 -300 58.9025
    endloop
  endfacet
  facet normal -0.77702 0 0.629476
    outer loop
      vertex 317.803 -300 52.9741
      vertex 318.495 -260 53.8283
      vertex 317.803 -260 52.9741
    endloop
  endfacet
  facet normal -0.77702 0 0.629476
    outer loop
      vertex 318.495 -260 53.8283
      vertex 317.803 -300 52.9741
      vertex 318.495 -300 53.8283
    endloop
  endfacet
  facet normal -0.98782 0 -0.155598
    outer loop
      vertex 320.442 -300 61.0975
      vertex 320.271 -260 62.1831
      vertex 320.442 -260 61.0975
    endloop
  endfacet
  facet normal -0.98782 -0 -0.155598
    outer loop
      vertex 320.271 -260 62.1831
      vertex 320.442 -300 61.0975
      vertex 320.271 -300 62.1831
    endloop
  endfacet
  facet normal -0.454044 0 0.890979
    outer loop
      vertex 314.271 -260 50.4078
      vertex 315.25 -300 50.9067
      vertex 315.25 -260 50.9067
    endloop
  endfacet
  facet normal -0.454044 0 0.890979
    outer loop
      vertex 315.25 -300 50.9067
      vertex 314.271 -260 50.4078
      vertex 314.271 -300 50.4078
    endloop
  endfacet
  facet normal 0.258766 0 -0.96594
    outer loop
      vertex 306.755 -300 69.9861
      vertex 307.817 -260 70.2706
      vertex 307.817 -300 70.2706
    endloop
  endfacet
  facet normal 0.258766 0 -0.96594
    outer loop
      vertex 307.817 -260 70.2706
      vertex 306.755 -300 69.9861
      vertex 306.755 -260 69.9861
    endloop
  endfacet
  facet normal 0.156481 0 -0.987681
    outer loop
      vertex 307.817 -300 70.2706
      vertex 308.902 -260 70.4425
      vertex 308.902 -300 70.4425
    endloop
  endfacet
  facet normal 0.156481 0 -0.987681
    outer loop
      vertex 308.902 -260 70.4425
      vertex 307.817 -300 70.2706
      vertex 307.817 -260 70.2706
    endloop
  endfacet
  facet normal 0.77702 -0 0.629476
    outer loop
      vertex 301.505 -300 53.8283
      vertex 302.197 -260 52.9741
      vertex 301.505 -260 53.8283
    endloop
  endfacet
  facet normal 0.77702 0 0.629476
    outer loop
      vertex 302.197 -260 52.9741
      vertex 301.505 -300 53.8283
      vertex 302.197 -300 52.9741
    endloop
  endfacet
  facet normal -0.358412 0 0.933564
    outer loop
      vertex 313.245 -260 50.0139
      vertex 314.271 -300 50.4078
      vertex 314.271 -260 50.4078
    endloop
  endfacet
  facet normal -0.358412 0 0.933564
    outer loop
      vertex 314.271 -300 50.4078
      vertex 313.245 -260 50.0139
      vertex 313.245 -300 50.0139
    endloop
  endfacet
  facet normal 0.890999 0 -0.454006
    outer loop
      vertex 300.907 -300 65.25
      vertex 300.408 -260 64.2707
      vertex 300.907 -260 65.25
    endloop
  endfacet
  facet normal 0.890999 0 -0.454006
    outer loop
      vertex 300.408 -260 64.2707
      vertex 300.907 -300 65.25
      vertex 300.408 -300 64.2707
    endloop
  endfacet
  facet normal -0.6294 0 0.777082
    outer loop
      vertex 316.172 -260 51.5053
      vertex 317.026 -300 52.197
      vertex 317.026 -260 52.197
    endloop
  endfacet
  facet normal -0.6294 0 0.777082
    outer loop
      vertex 317.026 -300 52.197
      vertex 316.172 -260 51.5053
      vertex 316.172 -300 51.5053
    endloop
  endfacet
  facet normal -0.544541 0 0.838734
    outer loop
      vertex 315.25 -260 50.9067
      vertex 316.172 -300 51.5053
      vertex 316.172 -260 51.5053
    endloop
  endfacet
  facet normal -0.544541 0 0.838734
    outer loop
      vertex 316.172 -300 51.5053
      vertex 315.25 -260 50.9067
      vertex 315.25 -300 50.9067
    endloop
  endfacet
  facet normal 0.933533 0 -0.358491
    outer loop
      vertex 300.408 -300 64.2707
      vertex 300.014 -260 63.2447
      vertex 300.408 -260 64.2707
    endloop
  endfacet
  facet normal 0.933533 0 -0.358491
    outer loop
      vertex 300.014 -260 63.2447
      vertex 300.408 -300 64.2707
      vertex 300.014 -300 63.2447
    endloop
  endfacet
  facet normal 0.933533 -0 0.358491
    outer loop
      vertex 300.014 -300 56.7553
      vertex 300.408 -260 55.7293
      vertex 300.014 -260 56.7553
    endloop
  endfacet
  facet normal 0.933533 0 0.358491
    outer loop
      vertex 300.408 -260 55.7293
      vertex 300.014 -300 56.7553
      vertex 300.408 -300 55.7293
    endloop
  endfacet
  facet normal -0.707152 0 -0.707061
    outer loop
      vertex 317.803 -300 67.0259
      vertex 317.026 -260 67.803
      vertex 317.803 -260 67.0259
    endloop
  endfacet
  facet normal -0.707152 -0 -0.707061
    outer loop
      vertex 317.026 -260 67.803
      vertex 317.803 -300 67.0259
      vertex 317.026 -300 67.803
    endloop
  endfacet
  facet normal -0.965802 0 -0.259282
    outer loop
      vertex 320.271 -300 62.1831
      vertex 319.986 -260 63.2447
      vertex 320.271 -260 62.1831
    endloop
  endfacet
  facet normal -0.965802 -0 -0.259282
    outer loop
      vertex 319.986 -260 63.2447
      vertex 320.271 -300 62.1831
      vertex 319.986 -300 63.2447
    endloop
  endfacet
  facet normal -0.838903 0 -0.544281
    outer loop
      vertex 319.093 -300 65.25
      vertex 318.495 -260 66.1717
      vertex 319.093 -260 65.25
    endloop
  endfacet
  facet normal -0.838903 -0 -0.544281
    outer loop
      vertex 318.495 -260 66.1717
      vertex 319.093 -300 65.25
      vertex 318.495 -300 66.1717
    endloop
  endfacet
  facet normal -0.890999 0 -0.454006
    outer loop
      vertex 319.592 -300 64.2707
      vertex 319.093 -260 65.25
      vertex 319.592 -260 64.2707
    endloop
  endfacet
  facet normal -0.890999 -0 -0.454006
    outer loop
      vertex 319.093 -260 65.25
      vertex 319.592 -300 64.2707
      vertex 319.093 -300 65.25
    endloop
  endfacet
  facet normal 0.454044 0 -0.890979
    outer loop
      vertex 304.75 -300 69.0933
      vertex 305.729 -260 69.5922
      vertex 305.729 -300 69.5922
    endloop
  endfacet
  facet normal 0.454044 0 -0.890979
    outer loop
      vertex 305.729 -260 69.5922
      vertex 304.75 -300 69.0933
      vertex 304.75 -260 69.0933
    endloop
  endfacet
  facet normal 0.544541 0 0.838734
    outer loop
      vertex 303.828 -260 51.5053
      vertex 304.75 -300 50.9067
      vertex 304.75 -260 50.9067
    endloop
  endfacet
  facet normal 0.544541 0 0.838734
    outer loop
      vertex 304.75 -300 50.9067
      vertex 303.828 -260 51.5053
      vertex 303.828 -300 51.5053
    endloop
  endfacet
  facet normal -0.933533 0 0.358491
    outer loop
      vertex 319.592 -300 55.7293
      vertex 319.986 -260 56.7553
      vertex 319.592 -260 55.7293
    endloop
  endfacet
  facet normal -0.933533 0 0.358491
    outer loop
      vertex 319.986 -260 56.7553
      vertex 319.592 -300 55.7293
      vertex 319.986 -300 56.7553
    endloop
  endfacet
  facet normal 0.965802 0 -0.259282
    outer loop
      vertex 300.014 -300 63.2447
      vertex 299.729 -260 62.1831
      vertex 300.014 -260 63.2447
    endloop
  endfacet
  facet normal 0.965802 0 -0.259282
    outer loop
      vertex 299.729 -260 62.1831
      vertex 300.014 -300 63.2447
      vertex 299.729 -300 62.1831
    endloop
  endfacet
  facet normal 0.6294 0 0.777082
    outer loop
      vertex 302.974 -260 52.197
      vertex 303.828 -300 51.5053
      vertex 303.828 -260 51.5053
    endloop
  endfacet
  facet normal 0.6294 0 0.777082
    outer loop
      vertex 303.828 -300 51.5053
      vertex 302.974 -260 52.197
      vertex 302.974 -300 52.197
    endloop
  endfacet
  facet normal 0.998606 0 -0.0527737
    outer loop
      vertex 299.558 -300 61.0975
      vertex 299.5 -260 60
      vertex 299.558 -260 61.0975
    endloop
  endfacet
  facet normal 0.998606 0 -0.0527737
    outer loop
      vertex 299.5 -260 60
      vertex 299.558 -300 61.0975
      vertex 299.5 -300 60
    endloop
  endfacet
  facet normal 0.0522963 0 -0.998632
    outer loop
      vertex 308.902 -300 70.4425
      vertex 310 -260 70.5
      vertex 310 -300 70.5
    endloop
  endfacet
  facet normal 0.0522963 0 -0.998632
    outer loop
      vertex 310 -260 70.5
      vertex 308.902 -300 70.4425
      vertex 308.902 -260 70.4425
    endloop
  endfacet
  facet normal 0.358412 0 0.933564
    outer loop
      vertex 305.729 -260 50.4078
      vertex 306.755 -300 50.0139
      vertex 306.755 -260 50.0139
    endloop
  endfacet
  facet normal 0.358412 0 0.933564
    outer loop
      vertex 306.755 -300 50.0139
      vertex 305.729 -260 50.4078
      vertex 305.729 -300 50.4078
    endloop
  endfacet
  facet normal 0.77702 0 -0.629476
    outer loop
      vertex 302.197 -300 67.0259
      vertex 301.505 -260 66.1717
      vertex 302.197 -260 67.0259
    endloop
  endfacet
  facet normal 0.77702 0 -0.629476
    outer loop
      vertex 301.505 -260 66.1717
      vertex 302.197 -300 67.0259
      vertex 301.505 -300 66.1717
    endloop
  endfacet
  facet normal 0.838903 0 -0.544281
    outer loop
      vertex 301.505 -300 66.1717
      vertex 300.907 -260 65.25
      vertex 301.505 -260 66.1717
    endloop
  endfacet
  facet normal 0.838903 0 -0.544281
    outer loop
      vertex 300.907 -260 65.25
      vertex 301.505 -300 66.1717
      vertex 300.907 -300 65.25
    endloop
  endfacet
  facet normal -0.156481 0 -0.987681
    outer loop
      vertex 311.098 -300 70.4425
      vertex 312.183 -260 70.2706
      vertex 312.183 -300 70.2706
    endloop
  endfacet
  facet normal -0.156481 0 -0.987681
    outer loop
      vertex 312.183 -260 70.2706
      vertex 311.098 -300 70.4425
      vertex 311.098 -260 70.4425
    endloop
  endfacet
  facet normal 0.6294 0 -0.777082
    outer loop
      vertex 302.974 -300 67.803
      vertex 303.828 -260 68.4947
      vertex 303.828 -300 68.4947
    endloop
  endfacet
  facet normal 0.6294 0 -0.777082
    outer loop
      vertex 303.828 -260 68.4947
      vertex 302.974 -300 67.803
      vertex 302.974 -260 67.803
    endloop
  endfacet
  facet normal -0.707152 0 0.707061
    outer loop
      vertex 317.026 -300 52.197
      vertex 317.803 -260 52.9741
      vertex 317.026 -260 52.197
    endloop
  endfacet
  facet normal -0.707152 0 0.707061
    outer loop
      vertex 317.803 -260 52.9741
      vertex 317.026 -300 52.197
      vertex 317.803 -300 52.9741
    endloop
  endfacet
  facet normal 0.98782 0 -0.155598
    outer loop
      vertex 299.729 -300 62.1831
      vertex 299.558 -260 61.0975
      vertex 299.729 -260 62.1831
    endloop
  endfacet
  facet normal 0.98782 0 -0.155598
    outer loop
      vertex 299.558 -260 61.0975
      vertex 299.729 -300 62.1831
      vertex 299.558 -300 61.0975
    endloop
  endfacet
  facet normal 0.707152 0 -0.707061
    outer loop
      vertex 302.974 -300 67.803
      vertex 302.197 -260 67.0259
      vertex 302.974 -260 67.803
    endloop
  endfacet
  facet normal 0.707152 0 -0.707061
    outer loop
      vertex 302.197 -260 67.0259
      vertex 302.974 -300 67.803
      vertex 302.197 -300 67.0259
    endloop
  endfacet
  facet normal -0.0522963 0 0.998632
    outer loop
      vertex 310 -260 49.5
      vertex 311.098 -300 49.5575
      vertex 311.098 -260 49.5575
    endloop
  endfacet
  facet normal -0.0522963 0 0.998632
    outer loop
      vertex 311.098 -300 49.5575
      vertex 310 -260 49.5
      vertex 310 -300 49.5
    endloop
  endfacet
  facet normal -0.998606 0 -0.0527737
    outer loop
      vertex 320.5 -300 60
      vertex 320.442 -260 61.0975
      vertex 320.5 -260 60
    endloop
  endfacet
  facet normal -0.998606 -0 -0.0527737
    outer loop
      vertex 320.442 -260 61.0975
      vertex 320.5 -300 60
      vertex 320.442 -300 61.0975
    endloop
  endfacet
  facet normal -0.0522963 0 -0.998632
    outer loop
      vertex 310 -300 70.5
      vertex 311.098 -260 70.4425
      vertex 311.098 -300 70.4425
    endloop
  endfacet
  facet normal -0.0522963 0 -0.998632
    outer loop
      vertex 311.098 -260 70.4425
      vertex 310 -300 70.5
      vertex 310 -260 70.5
    endloop
  endfacet
  facet normal -0.77702 0 -0.629476
    outer loop
      vertex 318.495 -300 66.1717
      vertex 317.803 -260 67.0259
      vertex 318.495 -260 66.1717
    endloop
  endfacet
  facet normal -0.77702 -0 -0.629476
    outer loop
      vertex 317.803 -260 67.0259
      vertex 318.495 -300 66.1717
      vertex 317.803 -300 67.0259
    endloop
  endfacet
  facet normal -0.454044 0 -0.890979
    outer loop
      vertex 314.271 -300 69.5922
      vertex 315.25 -260 69.0933
      vertex 315.25 -300 69.0933
    endloop
  endfacet
  facet normal -0.454044 0 -0.890979
    outer loop
      vertex 315.25 -260 69.0933
      vertex 314.271 -300 69.5922
      vertex 314.271 -260 69.5922
    endloop
  endfacet
  facet normal -0.6294 0 -0.777082
    outer loop
      vertex 316.172 -300 68.4947
      vertex 317.026 -260 67.803
      vertex 317.026 -300 67.803
    endloop
  endfacet
  facet normal -0.6294 0 -0.777082
    outer loop
      vertex 317.026 -260 67.803
      vertex 316.172 -300 68.4947
      vertex 316.172 -260 68.4947
    endloop
  endfacet
  facet normal -0.544541 0 -0.838734
    outer loop
      vertex 315.25 -300 69.0933
      vertex 316.172 -260 68.4947
      vertex 316.172 -300 68.4947
    endloop
  endfacet
  facet normal -0.544541 0 -0.838734
    outer loop
      vertex 316.172 -260 68.4947
      vertex 315.25 -300 69.0933
      vertex 315.25 -260 69.0933
    endloop
  endfacet
  facet normal 0.0522963 0 0.998632
    outer loop
      vertex 308.902 -260 49.5575
      vertex 310 -300 49.5
      vertex 310 -260 49.5
    endloop
  endfacet
  facet normal 0.0522963 0 0.998632
    outer loop
      vertex 310 -300 49.5
      vertex 308.902 -260 49.5575
      vertex 308.902 -300 49.5575
    endloop
  endfacet
  facet normal -0.358412 0 -0.933564
    outer loop
      vertex 313.245 -300 69.9861
      vertex 314.271 -260 69.5922
      vertex 314.271 -300 69.5922
    endloop
  endfacet
  facet normal -0.358412 0 -0.933564
    outer loop
      vertex 314.271 -260 69.5922
      vertex 313.245 -300 69.9861
      vertex 313.245 -260 69.9861
    endloop
  endfacet
  facet normal -0.998606 0 0.0527737
    outer loop
      vertex 320.442 -300 58.9025
      vertex 320.5 -260 60
      vertex 320.442 -260 58.9025
    endloop
  endfacet
  facet normal -0.998606 0 0.0527737
    outer loop
      vertex 320.5 -260 60
      vertex 320.442 -300 58.9025
      vertex 320.5 -300 60
    endloop
  endfacet
  facet normal -0.890999 0 0.454006
    outer loop
      vertex 319.093 -300 54.75
      vertex 319.592 -260 55.7293
      vertex 319.093 -260 54.75
    endloop
  endfacet
  facet normal -0.890999 0 0.454006
    outer loop
      vertex 319.592 -260 55.7293
      vertex 319.093 -300 54.75
      vertex 319.592 -300 55.7293
    endloop
  endfacet
  facet normal -0.9877 0 0.156363
    outer loop
      vertex 250.329 260 66.2717
      vertex 251.311 300 72.4747
      vertex 250.329 300 66.2717
    endloop
  endfacet
  facet normal -0.9877 0 0.156363
    outer loop
      vertex 251.311 300 72.4747
      vertex 250.329 260 66.2717
      vertex 251.311 260 72.4747
    endloop
  endfacet
  facet normal -0.9877 0 -0.156363
    outer loop
      vertex 251.311 260 47.5253
      vertex 250.329 300 53.7283
      vertex 251.311 300 47.5253
    endloop
  endfacet
  facet normal -0.9877 -0 -0.156363
    outer loop
      vertex 250.329 300 53.7283
      vertex 251.311 260 47.5253
      vertex 250.329 260 53.7283
    endloop
  endfacet
  facet normal -0.998627 0 -0.0523858
    outer loop
      vertex 250.329 260 53.7283
      vertex 250 300 60
      vertex 250.329 300 53.7283
    endloop
  endfacet
  facet normal -0.998627 -0 -0.0523858
    outer loop
      vertex 250 300 60
      vertex 250.329 260 53.7283
      vertex 250 260 60
    endloop
  endfacet
  facet normal -0.965904 0 -0.258899
    outer loop
      vertex 252.937 260 41.459
      vertex 251.311 300 47.5253
      vertex 252.937 300 41.459
    endloop
  endfacet
  facet normal -0.965904 -0 -0.258899
    outer loop
      vertex 251.311 300 47.5253
      vertex 252.937 260 41.459
      vertex 251.311 260 47.5253
    endloop
  endfacet
  facet normal -0.838634 0 -0.544696
    outer loop
      vertex 261.459 260 24.7329
      vertex 258.038 300 30
      vertex 261.459 300 24.7329
    endloop
  endfacet
  facet normal -0.838634 -0 -0.544696
    outer loop
      vertex 258.038 300 30
      vertex 261.459 260 24.7329
      vertex 258.038 260 30
    endloop
  endfacet
  facet normal 0.156434 0 -0.987688
    outer loop
      vertex 316.272 260 0.328687
      vertex 322.475 300 1.31114
      vertex 322.475 260 1.31114
    endloop
  endfacet
  facet normal 0.156434 0 -0.987688
    outer loop
      vertex 322.475 300 1.31114
      vertex 316.272 260 0.328687
      vertex 316.272 300 0.328687
    endloop
  endfacet
  facet normal 0.965904 -0 0.258899
    outer loop
      vertex 367.063 260 78.541
      vertex 368.689 300 72.4747
      vertex 367.063 300 78.541
    endloop
  endfacet
  facet normal 0.965904 0 0.258899
    outer loop
      vertex 368.689 300 72.4747
      vertex 367.063 260 78.541
      vertex 368.689 260 72.4747
    endloop
  endfacet
  facet normal 0.453952 0 0.891026
    outer loop
      vertex 334.404 300 114.813
      vertex 340 260 111.962
      vertex 340 300 111.962
    endloop
  endfacet
  facet normal 0.453952 0 0.891026
    outer loop
      vertex 340 260 111.962
      vertex 334.404 300 114.813
      vertex 334.404 260 114.813
    endloop
  endfacet
  facet normal -0.998627 0 0.0523858
    outer loop
      vertex 250 260 60
      vertex 250.329 300 66.2717
      vertex 250 300 60
    endloop
  endfacet
  facet normal -0.998627 0 0.0523858
    outer loop
      vertex 250.329 300 66.2717
      vertex 250 260 60
      vertex 250.329 260 66.2717
    endloop
  endfacet
  facet normal -0.258911 0 0.965901
    outer loop
      vertex 291.459 300 117.063
      vertex 297.525 260 118.689
      vertex 297.525 300 118.689
    endloop
  endfacet
  facet normal -0.258911 0 0.965901
    outer loop
      vertex 297.525 260 118.689
      vertex 291.459 300 117.063
      vertex 291.459 260 117.063
    endloop
  endfacet
  facet normal 0.629267 0 0.777189
    outer loop
      vertex 345.267 300 108.541
      vertex 350.148 260 104.589
      vertex 350.148 300 104.589
    endloop
  endfacet
  facet normal 0.629267 0 0.777189
    outer loop
      vertex 350.148 260 104.589
      vertex 345.267 300 108.541
      vertex 345.267 260 108.541
    endloop
  endfacet
  facet normal 0.156363 0 0.9877
    outer loop
      vertex 316.272 300 119.671
      vertex 322.475 260 118.689
      vertex 322.475 300 118.689
    endloop
  endfacet
  facet normal 0.156363 0 0.9877
    outer loop
      vertex 322.475 260 118.689
      vertex 316.272 300 119.671
      vertex 316.272 260 119.671
    endloop
  endfacet
  facet normal 0.707107 -0 0.707107
    outer loop
      vertex 350.148 260 104.589
      vertex 354.589 300 100.148
      vertex 350.148 300 104.589
    endloop
  endfacet
  facet normal 0.707107 0 0.707107
    outer loop
      vertex 354.589 300 100.148
      vertex 350.148 260 104.589
      vertex 354.589 260 100.148
    endloop
  endfacet
  facet normal 0.965904 0 -0.258899
    outer loop
      vertex 368.689 260 47.5253
      vertex 367.063 300 41.459
      vertex 368.689 300 47.5253
    endloop
  endfacet
  facet normal 0.965904 0 -0.258899
    outer loop
      vertex 367.063 300 41.459
      vertex 368.689 260 47.5253
      vertex 367.063 260 41.459
    endloop
  endfacet
  facet normal 0.544703 0 0.838629
    outer loop
      vertex 340 300 111.962
      vertex 345.267 260 108.541
      vertex 345.267 300 108.541
    endloop
  endfacet
  facet normal 0.544703 0 0.838629
    outer loop
      vertex 345.267 260 108.541
      vertex 340 300 111.962
      vertex 340 260 111.962
    endloop
  endfacet
  facet normal -0.629296 0 -0.777166
    outer loop
      vertex 269.852 260 15.4113
      vertex 274.733 300 11.459
      vertex 274.733 260 11.459
    endloop
  endfacet
  facet normal -0.629296 0 -0.777166
    outer loop
      vertex 274.733 300 11.459
      vertex 269.852 260 15.4113
      vertex 269.852 300 15.4113
    endloop
  endfacet
  facet normal -0.156434 0 -0.987688
    outer loop
      vertex 297.525 260 1.31114
      vertex 303.728 300 0.328687
      vertex 303.728 260 0.328687
    endloop
  endfacet
  facet normal -0.156434 0 -0.987688
    outer loop
      vertex 303.728 300 0.328687
      vertex 297.525 260 1.31114
      vertex 297.525 300 1.31114
    endloop
  endfacet
  facet normal -0.544649 0 -0.838664
    outer loop
      vertex 274.733 260 11.459
      vertex 280 300 8.03848
      vertex 280 260 8.03848
    endloop
  endfacet
  facet normal -0.544649 0 -0.838664
    outer loop
      vertex 280 300 8.03848
      vertex 274.733 260 11.459
      vertex 274.733 300 11.459
    endloop
  endfacet
  facet normal -0.358285 0 0.933612
    outer loop
      vertex 285.596 300 114.813
      vertex 291.459 260 117.063
      vertex 291.459 300 117.063
    endloop
  endfacet
  facet normal -0.358285 0 0.933612
    outer loop
      vertex 291.459 260 117.063
      vertex 285.596 300 114.813
      vertex 285.596 260 114.813
    endloop
  endfacet
  facet normal 0.258832 0 -0.965922
    outer loop
      vertex 322.475 260 1.31114
      vertex 328.541 300 2.93661
      vertex 328.541 260 2.93661
    endloop
  endfacet
  facet normal 0.258832 0 -0.965922
    outer loop
      vertex 328.541 300 2.93661
      vertex 322.475 260 1.31114
      vertex 322.475 300 1.31114
    endloop
  endfacet
  facet normal -0.0523336 0 -0.99863
    outer loop
      vertex 303.728 260 0.328687
      vertex 310 300 0
      vertex 310 260 0
    endloop
  endfacet
  facet normal -0.0523336 0 -0.99863
    outer loop
      vertex 310 300 0
      vertex 303.728 260 0.328687
      vertex 303.728 300 0.328687
    endloop
  endfacet
  facet normal -0.358377 0 -0.933577
    outer loop
      vertex 285.596 260 5.18727
      vertex 291.459 300 2.93661
      vertex 291.459 260 2.93661
    endloop
  endfacet
  facet normal -0.358377 0 -0.933577
    outer loop
      vertex 291.459 300 2.93661
      vertex 285.596 260 5.18727
      vertex 285.596 300 5.18727
    endloop
  endfacet
  facet normal -0.965904 0 0.258899
    outer loop
      vertex 251.311 260 72.4747
      vertex 252.937 300 78.541
      vertex 251.311 300 72.4747
    endloop
  endfacet
  facet normal -0.965904 0 0.258899
    outer loop
      vertex 252.937 300 78.541
      vertex 251.311 260 72.4747
      vertex 252.937 260 78.541
    endloop
  endfacet
  facet normal -0.453979 0 -0.891013
    outer loop
      vertex 280 260 8.03848
      vertex 285.596 300 5.18727
      vertex 285.596 260 5.18727
    endloop
  endfacet
  facet normal -0.453979 0 -0.891013
    outer loop
      vertex 285.596 300 5.18727
      vertex 280 260 8.03848
      vertex 280 300 8.03848
    endloop
  endfacet
  facet normal 0.453979 0 -0.891013
    outer loop
      vertex 334.404 260 5.18727
      vertex 340 300 8.03848
      vertex 340 260 8.03848
    endloop
  endfacet
  facet normal 0.453979 0 -0.891013
    outer loop
      vertex 340 300 8.03848
      vertex 334.404 260 5.18727
      vertex 334.404 300 5.18727
    endloop
  endfacet
  facet normal -0.156363 0 0.9877
    outer loop
      vertex 297.525 300 118.689
      vertex 303.728 260 119.671
      vertex 303.728 300 119.671
    endloop
  endfacet
  facet normal -0.156363 0 0.9877
    outer loop
      vertex 303.728 260 119.671
      vertex 297.525 300 118.689
      vertex 297.525 260 118.689
    endloop
  endfacet
  facet normal 0.258911 0 0.965901
    outer loop
      vertex 322.475 300 118.689
      vertex 328.541 260 117.063
      vertex 328.541 300 117.063
    endloop
  endfacet
  facet normal 0.258911 0 0.965901
    outer loop
      vertex 328.541 260 117.063
      vertex 322.475 300 118.689
      vertex 322.475 260 118.689
    endloop
  endfacet
  facet normal -0.777183 0 0.629275
    outer loop
      vertex 261.459 260 95.2671
      vertex 265.411 300 100.148
      vertex 261.459 300 95.2671
    endloop
  endfacet
  facet normal -0.777183 0 0.629275
    outer loop
      vertex 265.411 300 100.148
      vertex 261.459 260 95.2671
      vertex 265.411 260 100.148
    endloop
  endfacet
  facet normal -0.89102 0 0.453965
    outer loop
      vertex 255.187 260 84.4042
      vertex 258.038 300 90
      vertex 255.187 300 84.4042
    endloop
  endfacet
  facet normal -0.89102 0 0.453965
    outer loop
      vertex 258.038 300 90
      vertex 255.187 260 84.4042
      vertex 258.038 260 90
    endloop
  endfacet
  facet normal 0.707099 0 -0.707115
    outer loop
      vertex 350.148 260 15.4113
      vertex 354.589 300 19.8522
      vertex 354.589 260 19.8522
    endloop
  endfacet
  facet normal 0.707099 0 -0.707115
    outer loop
      vertex 354.589 300 19.8522
      vertex 350.148 260 15.4113
      vertex 350.148 300 15.4113
    endloop
  endfacet
  facet normal -0.0523833 0 0.998627
    outer loop
      vertex 303.728 300 119.671
      vertex 310 260 120
      vertex 310 300 120
    endloop
  endfacet
  facet normal -0.0523833 0 0.998627
    outer loop
      vertex 310 260 120
      vertex 303.728 300 119.671
      vertex 303.728 260 119.671
    endloop
  endfacet
  facet normal 0.358377 0 -0.933577
    outer loop
      vertex 328.541 260 2.93661
      vertex 334.404 300 5.18727
      vertex 334.404 260 5.18727
    endloop
  endfacet
  facet normal 0.358377 0 -0.933577
    outer loop
      vertex 334.404 300 5.18727
      vertex 328.541 260 2.93661
      vertex 328.541 300 2.93661
    endloop
  endfacet
  facet normal 0.0523336 0 -0.99863
    outer loop
      vertex 310 260 0
      vertex 316.272 300 0.328687
      vertex 316.272 260 0.328687
    endloop
  endfacet
  facet normal 0.0523336 0 -0.99863
    outer loop
      vertex 316.272 300 0.328687
      vertex 310 260 0
      vertex 310 300 0
    endloop
  endfacet
  facet normal -0.453952 0 0.891026
    outer loop
      vertex 280 300 111.962
      vertex 285.596 260 114.813
      vertex 285.596 300 114.813
    endloop
  endfacet
  facet normal -0.453952 0 0.891026
    outer loop
      vertex 285.596 260 114.813
      vertex 280 300 111.962
      vertex 280 260 111.962
    endloop
  endfacet
  facet normal 0.933616 0 -0.358275
    outer loop
      vertex 367.063 260 41.459
      vertex 364.813 300 35.5958
      vertex 367.063 300 41.459
    endloop
  endfacet
  facet normal 0.933616 0 -0.358275
    outer loop
      vertex 364.813 300 35.5958
      vertex 367.063 260 41.459
      vertex 364.813 260 35.5958
    endloop
  endfacet
  facet normal 0.89102 0 -0.453965
    outer loop
      vertex 364.813 260 35.5958
      vertex 361.962 300 30
      vertex 364.813 300 35.5958
    endloop
  endfacet
  facet normal 0.89102 0 -0.453965
    outer loop
      vertex 361.962 300 30
      vertex 364.813 260 35.5958
      vertex 361.962 260 30
    endloop
  endfacet
  facet normal -0.77717 0 -0.62929
    outer loop
      vertex 265.411 260 19.8522
      vertex 261.459 300 24.7329
      vertex 265.411 300 19.8522
    endloop
  endfacet
  facet normal -0.77717 -0 -0.62929
    outer loop
      vertex 261.459 300 24.7329
      vertex 265.411 260 19.8522
      vertex 261.459 260 24.7329
    endloop
  endfacet
  facet normal -0.258832 0 -0.965922
    outer loop
      vertex 291.459 260 2.93661
      vertex 297.525 300 1.31114
      vertex 297.525 260 1.31114
    endloop
  endfacet
  facet normal -0.258832 0 -0.965922
    outer loop
      vertex 297.525 300 1.31114
      vertex 291.459 260 2.93661
      vertex 291.459 300 2.93661
    endloop
  endfacet
  facet normal -0.933616 0 -0.358275
    outer loop
      vertex 255.187 260 35.5958
      vertex 252.937 300 41.459
      vertex 255.187 300 35.5958
    endloop
  endfacet
  facet normal -0.933616 -0 -0.358275
    outer loop
      vertex 252.937 300 41.459
      vertex 255.187 260 35.5958
      vertex 252.937 260 41.459
    endloop
  endfacet
  facet normal -0.838634 0 0.544696
    outer loop
      vertex 258.038 260 90
      vertex 261.459 300 95.2671
      vertex 258.038 300 90
    endloop
  endfacet
  facet normal -0.838634 0 0.544696
    outer loop
      vertex 261.459 300 95.2671
      vertex 258.038 260 90
      vertex 261.459 260 95.2671
    endloop
  endfacet
  facet normal 0.998627 -0 0.0523858
    outer loop
      vertex 369.671 260 66.2717
      vertex 370 300 60
      vertex 369.671 300 66.2717
    endloop
  endfacet
  facet normal 0.998627 0 0.0523858
    outer loop
      vertex 370 300 60
      vertex 369.671 260 66.2717
      vertex 370 260 60
    endloop
  endfacet
  facet normal 0 1 0
    outer loop
      vertex 310 300 70.5
      vertex 310 300 120
      vertex 316.272 300 119.671
    endloop
  endfacet
  facet normal 0 1 0
    outer loop
      vertex 311.098 300 70.4425
      vertex 316.272 300 119.671
      vertex 322.475 300 118.689
    endloop
  endfacet
  facet normal 0 1 0
    outer loop
      vertex 310 300 120
      vertex 310 300 70.5
      vertex 303.728 300 119.671
    endloop
  endfacet
  facet normal 0 1 0
    outer loop
      vertex 312.183 300 70.2706
      vertex 322.475 300 118.689
      vertex 328.541 300 117.063
    endloop
  endfacet
  facet normal 0 1 -0
    outer loop
      vertex 308.902 300 70.4425
      vertex 303.728 300 119.671
      vertex 310 300 70.5
    endloop
  endfacet
  facet normal 0 1 0
    outer loop
      vertex 313.245 300 69.9861
      vertex 328.541 300 117.063
      vertex 334.404 300 114.813
    endloop
  endfacet
  facet normal 0 1 0
    outer loop
      vertex 303.728 300 119.671
      vertex 308.902 300 70.4425
      vertex 297.525 300 118.689
    endloop
  endfacet
  facet normal 0 1 0
    outer loop
      vertex 314.271 300 69.5922
      vertex 334.404 300 114.813
      vertex 340 300 111.962
    endloop
  endfacet
  facet normal 0 1 -0
    outer loop
      vertex 307.817 300 70.2706
      vertex 297.525 300 118.689
      vertex 308.902 300 70.4425
    endloop
  endfacet
  facet normal 0 1 0
    outer loop
      vertex 315.25 300 69.0933
      vertex 340 300 111.962
      vertex 345.267 300 108.541
    endloop
  endfacet
  facet normal 0 1 0
    outer loop
      vertex 297.525 300 118.689
      vertex 307.817 300 70.2706
      vertex 291.459 300 117.063
    endloop
  endfacet
  facet normal 0 1 0
    outer loop
      vertex 316.172 300 68.4947
      vertex 345.267 300 108.541
      vertex 350.148 300 104.589
    endloop
  endfacet
  facet normal 0 1 -0
    outer loop
      vertex 306.755 300 69.9861
      vertex 291.459 300 117.063
      vertex 307.817 300 70.2706
    endloop
  endfacet
  facet normal 0 1 0
    outer loop
      vertex 317.026 300 67.803
      vertex 350.148 300 104.589
      vertex 354.589 300 100.148
    endloop
  endfacet
  facet normal 0 1 0
    outer loop
      vertex 291.459 300 117.063
      vertex 306.755 300 69.9861
      vertex 285.596 300 114.813
    endloop
  endfacet
  facet normal 0 1 0
    outer loop
      vertex 317.803 300 67.0259
      vertex 354.589 300 100.148
      vertex 358.541 300 95.2671
    endloop
  endfacet
  facet normal 0 1 -0
    outer loop
      vertex 305.729 300 69.5922
      vertex 285.596 300 114.813
      vertex 306.755 300 69.9861
    endloop
  endfacet
  facet normal 0 1 0
    outer loop
      vertex 318.495 300 66.1717
      vertex 358.541 300 95.2671
      vertex 361.962 300 90
    endloop
  endfacet
  facet normal 0 1 0
    outer loop
      vertex 285.596 300 114.813
      vertex 305.729 300 69.5922
      vertex 280 300 111.962
    endloop
  endfacet
  facet normal 0 1 0
    outer loop
      vertex 319.093 300 65.25
      vertex 361.962 300 90
      vertex 364.813 300 84.4042
    endloop
  endfacet
  facet normal 0 1 -0
    outer loop
      vertex 304.75 300 69.0933
      vertex 280 300 111.962
      vertex 305.729 300 69.5922
    endloop
  endfacet
  facet normal 0 1 0
    outer loop
      vertex 319.592 300 64.2707
      vertex 364.813 300 84.4042
      vertex 367.063 300 78.541
    endloop
  endfacet
  facet normal 0 1 0
    outer loop
      vertex 280 300 111.962
      vertex 304.75 300 69.0933
      vertex 274.733 300 108.541
    endloop
  endfacet
  facet normal 0 1 0
    outer loop
      vertex 319.986 300 63.2447
      vertex 367.063 300 78.541
      vertex 368.689 300 72.4747
    endloop
  endfacet
  facet normal 0 1 -0
    outer loop
      vertex 303.828 300 68.4947
      vertex 274.733 300 108.541
      vertex 304.75 300 69.0933
    endloop
  endfacet
  facet normal 0 1 0
    outer loop
      vertex 274.733 300 108.541
      vertex 303.828 300 68.4947
      vertex 269.852 300 104.589
    endloop
  endfacet
  facet normal 0 1 0
    outer loop
      vertex 316.272 300 119.671
      vertex 311.098 300 70.4425
      vertex 310 300 70.5
    endloop
  endfacet
  facet normal 0 1 0
    outer loop
      vertex 322.475 300 118.689
      vertex 312.183 300 70.2706
      vertex 311.098 300 70.4425
    endloop
  endfacet
  facet normal 0 1 0
    outer loop
      vertex 328.541 300 117.063
      vertex 313.245 300 69.9861
      vertex 312.183 300 70.2706
    endloop
  endfacet
  facet normal 0 1 0
    outer loop
      vertex 334.404 300 114.813
      vertex 314.271 300 69.5922
      vertex 313.245 300 69.9861
    endloop
  endfacet
  facet normal 0 1 0
    outer loop
      vertex 340 300 111.962
      vertex 315.25 300 69.0933
      vertex 314.271 300 69.5922
    endloop
  endfacet
  facet normal 0 1 0
    outer loop
      vertex 345.267 300 108.541
      vertex 316.172 300 68.4947
      vertex 315.25 300 69.0933
    endloop
  endfacet
  facet normal 0 1 0
    outer loop
      vertex 350.148 300 104.589
      vertex 317.026 300 67.803
      vertex 316.172 300 68.4947
    endloop
  endfacet
  facet normal 0 1 0
    outer loop
      vertex 354.589 300 100.148
      vertex 317.803 300 67.0259
      vertex 317.026 300 67.803
    endloop
  endfacet
  facet normal 0 1 0
    outer loop
      vertex 320.271 300 62.1831
      vertex 368.689 300 72.4747
      vertex 369.671 300 66.2717
    endloop
  endfacet
  facet normal 0 1 0
    outer loop
      vertex 358.541 300 95.2671
      vertex 318.495 300 66.1717
      vertex 317.803 300 67.0259
    endloop
  endfacet
  facet normal 0 1 0
    outer loop
      vertex 361.962 300 90
      vertex 319.093 300 65.25
      vertex 318.495 300 66.1717
    endloop
  endfacet
  facet normal 0 1 0
    outer loop
      vertex 364.813 300 84.4042
      vertex 319.592 300 64.2707
      vertex 319.093 300 65.25
    endloop
  endfacet
  facet normal 0 1 0
    outer loop
      vertex 367.063 300 78.541
      vertex 319.986 300 63.2447
      vertex 319.592 300 64.2707
    endloop
  endfacet
  facet normal 0 1 0
    outer loop
      vertex 368.689 300 72.4747
      vertex 320.271 300 62.1831
      vertex 319.986 300 63.2447
    endloop
  endfacet
  facet normal 0 1 0
    outer loop
      vertex 369.671 300 66.2717
      vertex 320.442 300 61.0975
      vertex 320.271 300 62.1831
    endloop
  endfacet
  facet normal 0 1 0
    outer loop
      vertex 370 300 60
      vertex 320.442 300 61.0975
      vertex 369.671 300 66.2717
    endloop
  endfacet
  facet normal 0 1 0
    outer loop
      vertex 370 300 60
      vertex 320.5 300 60
      vertex 320.442 300 61.0975
    endloop
  endfacet
  facet normal 0 1 0
    outer loop
      vertex 370 300 60
      vertex 320.442 300 58.9025
      vertex 320.5 300 60
    endloop
  endfacet
  facet normal 0 1 -0
    outer loop
      vertex 369.671 300 53.7283
      vertex 320.442 300 58.9025
      vertex 370 300 60
    endloop
  endfacet
  facet normal 0 1 0
    outer loop
      vertex 320.442 300 58.9025
      vertex 369.671 300 53.7283
      vertex 320.271 300 57.8169
    endloop
  endfacet
  facet normal 0 1 -0
    outer loop
      vertex 368.689 300 47.5253
      vertex 320.271 300 57.8169
      vertex 369.671 300 53.7283
    endloop
  endfacet
  facet normal 0 1 0
    outer loop
      vertex 320.271 300 57.8169
      vertex 368.689 300 47.5253
      vertex 319.986 300 56.7553
    endloop
  endfacet
  facet normal 0 1 -0
    outer loop
      vertex 367.063 300 41.459
      vertex 319.986 300 56.7553
      vertex 368.689 300 47.5253
    endloop
  endfacet
  facet normal 0 1 0
    outer loop
      vertex 319.986 300 56.7553
      vertex 367.063 300 41.459
      vertex 319.592 300 55.7293
    endloop
  endfacet
  facet normal 0 1 -0
    outer loop
      vertex 364.813 300 35.5958
      vertex 319.592 300 55.7293
      vertex 367.063 300 41.459
    endloop
  endfacet
  facet normal 0 1 0
    outer loop
      vertex 319.592 300 55.7293
      vertex 364.813 300 35.5958
      vertex 319.093 300 54.75
    endloop
  endfacet
  facet normal 0 1 -0
    outer loop
      vertex 361.962 300 30
      vertex 319.093 300 54.75
      vertex 364.813 300 35.5958
    endloop
  endfacet
  facet normal 0 1 0
    outer loop
      vertex 319.093 300 54.75
      vertex 361.962 300 30
      vertex 318.495 300 53.8283
    endloop
  endfacet
  facet normal 0 1 -0
    outer loop
      vertex 358.541 300 24.7329
      vertex 318.495 300 53.8283
      vertex 361.962 300 30
    endloop
  endfacet
  facet normal 0 1 0
    outer loop
      vertex 318.495 300 53.8283
      vertex 358.541 300 24.7329
      vertex 317.803 300 52.9741
    endloop
  endfacet
  facet normal 0 1 -0
    outer loop
      vertex 354.589 300 19.8522
      vertex 317.803 300 52.9741
      vertex 358.541 300 24.7329
    endloop
  endfacet
  facet normal 0 1 0
    outer loop
      vertex 317.803 300 52.9741
      vertex 354.589 300 19.8522
      vertex 317.026 300 52.197
    endloop
  endfacet
  facet normal 0 1 0
    outer loop
      vertex 317.026 300 52.197
      vertex 350.148 300 15.4113
      vertex 316.172 300 51.5053
    endloop
  endfacet
  facet normal 0 1 -0
    outer loop
      vertex 350.148 300 15.4113
      vertex 317.026 300 52.197
      vertex 354.589 300 19.8522
    endloop
  endfacet
  facet normal 0 1 -0
    outer loop
      vertex 302.974 300 67.803
      vertex 269.852 300 104.589
      vertex 303.828 300 68.4947
    endloop
  endfacet
  facet normal 0 1 0
    outer loop
      vertex 269.852 300 104.589
      vertex 302.974 300 67.803
      vertex 265.411 300 100.148
    endloop
  endfacet
  facet normal 0 1 -0
    outer loop
      vertex 302.197 300 67.0259
      vertex 265.411 300 100.148
      vertex 302.974 300 67.803
    endloop
  endfacet
  facet normal 0 1 0
    outer loop
      vertex 265.411 300 100.148
      vertex 302.197 300 67.0259
      vertex 261.459 300 95.2671
    endloop
  endfacet
  facet normal 0 1 -0
    outer loop
      vertex 301.505 300 66.1717
      vertex 261.459 300 95.2671
      vertex 302.197 300 67.0259
    endloop
  endfacet
  facet normal 0 1 0
    outer loop
      vertex 261.459 300 95.2671
      vertex 301.505 300 66.1717
      vertex 258.038 300 90
    endloop
  endfacet
  facet normal 0 1 -0
    outer loop
      vertex 300.907 300 65.25
      vertex 258.038 300 90
      vertex 301.505 300 66.1717
    endloop
  endfacet
  facet normal 0 1 0
    outer loop
      vertex 258.038 300 90
      vertex 300.907 300 65.25
      vertex 255.187 300 84.4042
    endloop
  endfacet
  facet normal 0 1 -0
    outer loop
      vertex 300.408 300 64.2707
      vertex 255.187 300 84.4042
      vertex 300.907 300 65.25
    endloop
  endfacet
  facet normal 0 1 0
    outer loop
      vertex 255.187 300 84.4042
      vertex 300.408 300 64.2707
      vertex 252.937 300 78.541
    endloop
  endfacet
  facet normal 0 1 -0
    outer loop
      vertex 300.014 300 63.2447
      vertex 252.937 300 78.541
      vertex 300.408 300 64.2707
    endloop
  endfacet
  facet normal 0 1 0
    outer loop
      vertex 252.937 300 78.541
      vertex 300.014 300 63.2447
      vertex 251.311 300 72.4747
    endloop
  endfacet
  facet normal 0 1 -0
    outer loop
      vertex 299.729 300 62.1831
      vertex 251.311 300 72.4747
      vertex 300.014 300 63.2447
    endloop
  endfacet
  facet normal 0 1 0
    outer loop
      vertex 251.311 300 72.4747
      vertex 299.729 300 62.1831
      vertex 250.329 300 66.2717
    endloop
  endfacet
  facet normal 0 1 -0
    outer loop
      vertex 299.558 300 61.0975
      vertex 250.329 300 66.2717
      vertex 299.729 300 62.1831
    endloop
  endfacet
  facet normal 0 1 -0
    outer loop
      vertex 299.5 300 60
      vertex 250.329 300 66.2717
      vertex 299.558 300 61.0975
    endloop
  endfacet
  facet normal 0 1 0
    outer loop
      vertex 299.5 300 60
      vertex 250 300 60
      vertex 250.329 300 66.2717
    endloop
  endfacet
  facet normal 0 1 0
    outer loop
      vertex 299.558 300 58.9025
      vertex 250 300 60
      vertex 299.5 300 60
    endloop
  endfacet
  facet normal 0 1 0
    outer loop
      vertex 250.329 300 53.7283
      vertex 299.558 300 58.9025
      vertex 299.729 300 57.8169
    endloop
  endfacet
  facet normal 0 1 0
    outer loop
      vertex 251.311 300 47.5253
      vertex 299.729 300 57.8169
      vertex 300.014 300 56.7553
    endloop
  endfacet
  facet normal 0 1 0
    outer loop
      vertex 252.937 300 41.459
      vertex 300.014 300 56.7553
      vertex 300.408 300 55.7293
    endloop
  endfacet
  facet normal 0 1 0
    outer loop
      vertex 255.187 300 35.5958
      vertex 300.408 300 55.7293
      vertex 300.907 300 54.75
    endloop
  endfacet
  facet normal 0 1 0
    outer loop
      vertex 258.038 300 30
      vertex 300.907 300 54.75
      vertex 301.505 300 53.8283
    endloop
  endfacet
  facet normal 0 1 0
    outer loop
      vertex 299.558 300 58.9025
      vertex 250.329 300 53.7283
      vertex 250 300 60
    endloop
  endfacet
  facet normal 0 1 0
    outer loop
      vertex 261.459 300 24.7329
      vertex 301.505 300 53.8283
      vertex 302.197 300 52.9741
    endloop
  endfacet
  facet normal 0 1 0
    outer loop
      vertex 265.411 300 19.8522
      vertex 302.197 300 52.9741
      vertex 302.974 300 52.197
    endloop
  endfacet
  facet normal 0 1 0
    outer loop
      vertex 269.852 300 15.4113
      vertex 302.974 300 52.197
      vertex 303.828 300 51.5053
    endloop
  endfacet
  facet normal 0 1 0
    outer loop
      vertex 274.733 300 11.459
      vertex 303.828 300 51.5053
      vertex 304.75 300 50.9067
    endloop
  endfacet
  facet normal 0 1 0
    outer loop
      vertex 280 300 8.03848
      vertex 304.75 300 50.9067
      vertex 305.729 300 50.4078
    endloop
  endfacet
  facet normal 0 1 0
    outer loop
      vertex 285.596 300 5.18727
      vertex 305.729 300 50.4078
      vertex 306.755 300 50.0139
    endloop
  endfacet
  facet normal 0 1 0
    outer loop
      vertex 291.459 300 2.93661
      vertex 306.755 300 50.0139
      vertex 307.817 300 49.7295
    endloop
  endfacet
  facet normal 0 1 0
    outer loop
      vertex 297.525 300 1.31114
      vertex 307.817 300 49.7295
      vertex 308.902 300 49.5575
    endloop
  endfacet
  facet normal 0 1 0
    outer loop
      vertex 299.729 300 57.8169
      vertex 251.311 300 47.5253
      vertex 250.329 300 53.7283
    endloop
  endfacet
  facet normal 0 1 0
    outer loop
      vertex 303.728 300 0.328687
      vertex 308.902 300 49.5575
      vertex 310 300 49.5
    endloop
  endfacet
  facet normal 0 1 -0
    outer loop
      vertex 345.267 300 11.459
      vertex 316.172 300 51.5053
      vertex 350.148 300 15.4113
    endloop
  endfacet
  facet normal 0 1 0
    outer loop
      vertex 316.172 300 51.5053
      vertex 345.267 300 11.459
      vertex 315.25 300 50.9067
    endloop
  endfacet
  facet normal 0 1 0
    outer loop
      vertex 300.014 300 56.7553
      vertex 252.937 300 41.459
      vertex 251.311 300 47.5253
    endloop
  endfacet
  facet normal 0 1 -0
    outer loop
      vertex 340 300 8.03848
      vertex 315.25 300 50.9067
      vertex 345.267 300 11.459
    endloop
  endfacet
  facet normal 0 1 0
    outer loop
      vertex 300.408 300 55.7293
      vertex 255.187 300 35.5958
      vertex 252.937 300 41.459
    endloop
  endfacet
  facet normal 0 1 0
    outer loop
      vertex 315.25 300 50.9067
      vertex 340 300 8.03848
      vertex 314.271 300 50.4078
    endloop
  endfacet
  facet normal 0 1 0
    outer loop
      vertex 300.907 300 54.75
      vertex 258.038 300 30
      vertex 255.187 300 35.5958
    endloop
  endfacet
  facet normal 0 1 -0
    outer loop
      vertex 334.404 300 5.18727
      vertex 314.271 300 50.4078
      vertex 340 300 8.03848
    endloop
  endfacet
  facet normal 0 1 0
    outer loop
      vertex 301.505 300 53.8283
      vertex 261.459 300 24.7329
      vertex 258.038 300 30
    endloop
  endfacet
  facet normal 0 1 0
    outer loop
      vertex 314.271 300 50.4078
      vertex 334.404 300 5.18727
      vertex 313.245 300 50.0139
    endloop
  endfacet
  facet normal 0 1 0
    outer loop
      vertex 302.197 300 52.9741
      vertex 265.411 300 19.8522
      vertex 261.459 300 24.7329
    endloop
  endfacet
  facet normal 0 1 -0
    outer loop
      vertex 328.541 300 2.93661
      vertex 313.245 300 50.0139
      vertex 334.404 300 5.18727
    endloop
  endfacet
  facet normal 0 1 0
    outer loop
      vertex 302.974 300 52.197
      vertex 269.852 300 15.4113
      vertex 265.411 300 19.8522
    endloop
  endfacet
  facet normal 0 1 0
    outer loop
      vertex 313.245 300 50.0139
      vertex 328.541 300 2.93661
      vertex 312.183 300 49.7295
    endloop
  endfacet
  facet normal 0 1 0
    outer loop
      vertex 303.828 300 51.5053
      vertex 274.733 300 11.459
      vertex 269.852 300 15.4113
    endloop
  endfacet
  facet normal 0 1 -0
    outer loop
      vertex 322.475 300 1.31114
      vertex 312.183 300 49.7295
      vertex 328.541 300 2.93661
    endloop
  endfacet
  facet normal 0 1 0
    outer loop
      vertex 304.75 300 50.9067
      vertex 280 300 8.03848
      vertex 274.733 300 11.459
    endloop
  endfacet
  facet normal 0 1 0
    outer loop
      vertex 312.183 300 49.7295
      vertex 322.475 300 1.31114
      vertex 311.098 300 49.5575
    endloop
  endfacet
  facet normal 0 1 0
    outer loop
      vertex 305.729 300 50.4078
      vertex 285.596 300 5.18727
      vertex 280 300 8.03848
    endloop
  endfacet
  facet normal 0 1 -0
    outer loop
      vertex 316.272 300 0.328687
      vertex 311.098 300 49.5575
      vertex 322.475 300 1.31114
    endloop
  endfacet
  facet normal 0 1 0
    outer loop
      vertex 306.755 300 50.0139
      vertex 291.459 300 2.93661
      vertex 285.596 300 5.18727
    endloop
  endfacet
  facet normal 0 1 0
    outer loop
      vertex 311.098 300 49.5575
      vertex 316.272 300 0.328687
      vertex 310 300 49.5
    endloop
  endfacet
  facet normal 0 1 0
    outer loop
      vertex 307.817 300 49.7295
      vertex 297.525 300 1.31114
      vertex 291.459 300 2.93661
    endloop
  endfacet
  facet normal 0 1 0
    outer loop
      vertex 310 300 0
      vertex 310 300 49.5
      vertex 316.272 300 0.328687
    endloop
  endfacet
  facet normal 0 1 0
    outer loop
      vertex 308.902 300 49.5575
      vertex 303.728 300 0.328687
      vertex 297.525 300 1.31114
    endloop
  endfacet
  facet normal 0 1 0
    outer loop
      vertex 310 300 49.5
      vertex 310 300 0
      vertex 303.728 300 0.328687
    endloop
  endfacet
  facet normal -0.707099 0 -0.707115
    outer loop
      vertex 265.411 260 19.8522
      vertex 269.852 300 15.4113
      vertex 269.852 260 15.4113
    endloop
  endfacet
  facet normal -0.707099 0 -0.707115
    outer loop
      vertex 269.852 300 15.4113
      vertex 265.411 260 19.8522
      vertex 265.411 300 19.8522
    endloop
  endfacet
  facet normal -0.89102 0 -0.453965
    outer loop
      vertex 258.038 260 30
      vertex 255.187 300 35.5958
      vertex 258.038 300 30
    endloop
  endfacet
  facet normal -0.89102 -0 -0.453965
    outer loop
      vertex 255.187 300 35.5958
      vertex 258.038 260 30
      vertex 255.187 260 35.5958
    endloop
  endfacet
  facet normal 0.838634 0 -0.544696
    outer loop
      vertex 361.962 260 30
      vertex 358.541 300 24.7329
      vertex 361.962 300 30
    endloop
  endfacet
  facet normal 0.838634 0 -0.544696
    outer loop
      vertex 358.541 300 24.7329
      vertex 361.962 260 30
      vertex 358.541 260 24.7329
    endloop
  endfacet
  facet normal 0.9877 0 -0.156363
    outer loop
      vertex 369.671 260 53.7283
      vertex 368.689 300 47.5253
      vertex 369.671 300 53.7283
    endloop
  endfacet
  facet normal 0.9877 0 -0.156363
    outer loop
      vertex 368.689 300 47.5253
      vertex 369.671 260 53.7283
      vertex 368.689 260 47.5253
    endloop
  endfacet
  facet normal 0 -1 0
    outer loop
      vertex 310 260 70.5
      vertex 310 260 120
      vertex 303.728 260 119.671
    endloop
  endfacet
  facet normal 0 -1 0
    outer loop
      vertex 308.902 260 70.4425
      vertex 303.728 260 119.671
      vertex 297.525 260 118.689
    endloop
  endfacet
  facet normal 0 -1 0
    outer loop
      vertex 310 260 120
      vertex 310 260 70.5
      vertex 316.272 260 119.671
    endloop
  endfacet
  facet normal 0 -1 0
    outer loop
      vertex 307.817 260 70.2706
      vertex 297.525 260 118.689
      vertex 291.459 260 117.063
    endloop
  endfacet
  facet normal 0 -1 0
    outer loop
      vertex 311.098 260 70.4425
      vertex 316.272 260 119.671
      vertex 310 260 70.5
    endloop
  endfacet
  facet normal 0 -1 0
    outer loop
      vertex 306.755 260 69.9861
      vertex 291.459 260 117.063
      vertex 285.596 260 114.813
    endloop
  endfacet
  facet normal 0 -1 -0
    outer loop
      vertex 316.272 260 119.671
      vertex 311.098 260 70.4425
      vertex 322.475 260 118.689
    endloop
  endfacet
  facet normal 0 -1 0
    outer loop
      vertex 305.729 260 69.5922
      vertex 285.596 260 114.813
      vertex 280 260 111.962
    endloop
  endfacet
  facet normal 0 -1 0
    outer loop
      vertex 312.183 260 70.2706
      vertex 322.475 260 118.689
      vertex 311.098 260 70.4425
    endloop
  endfacet
  facet normal 0 -1 0
    outer loop
      vertex 304.75 260 69.0933
      vertex 280 260 111.962
      vertex 274.733 260 108.541
    endloop
  endfacet
  facet normal 0 -1 -0
    outer loop
      vertex 322.475 260 118.689
      vertex 312.183 260 70.2706
      vertex 328.541 260 117.063
    endloop
  endfacet
  facet normal 0 -1 0
    outer loop
      vertex 303.828 260 68.4947
      vertex 274.733 260 108.541
      vertex 269.852 260 104.589
    endloop
  endfacet
  facet normal 0 -1 0
    outer loop
      vertex 313.245 260 69.9861
      vertex 328.541 260 117.063
      vertex 312.183 260 70.2706
    endloop
  endfacet
  facet normal 0 -1 0
    outer loop
      vertex 302.974 260 67.803
      vertex 269.852 260 104.589
      vertex 265.411 260 100.148
    endloop
  endfacet
  facet normal 0 -1 -0
    outer loop
      vertex 328.541 260 117.063
      vertex 313.245 260 69.9861
      vertex 334.404 260 114.813
    endloop
  endfacet
  facet normal 0 -1 0
    outer loop
      vertex 302.197 260 67.0259
      vertex 265.411 260 100.148
      vertex 261.459 260 95.2671
    endloop
  endfacet
  facet normal 0 -1 0
    outer loop
      vertex 314.271 260 69.5922
      vertex 334.404 260 114.813
      vertex 313.245 260 69.9861
    endloop
  endfacet
  facet normal 0 -1 0
    outer loop
      vertex 301.505 260 66.1717
      vertex 261.459 260 95.2671
      vertex 258.038 260 90
    endloop
  endfacet
  facet normal 0 -1 -0
    outer loop
      vertex 334.404 260 114.813
      vertex 314.271 260 69.5922
      vertex 340 260 111.962
    endloop
  endfacet
  facet normal 0 -1 0
    outer loop
      vertex 300.907 260 65.25
      vertex 258.038 260 90
      vertex 255.187 260 84.4042
    endloop
  endfacet
  facet normal 0 -1 0
    outer loop
      vertex 315.25 260 69.0933
      vertex 340 260 111.962
      vertex 314.271 260 69.5922
    endloop
  endfacet
  facet normal 0 -1 0
    outer loop
      vertex 300.408 260 64.2707
      vertex 255.187 260 84.4042
      vertex 252.937 260 78.541
    endloop
  endfacet
  facet normal 0 -1 -0
    outer loop
      vertex 340 260 111.962
      vertex 315.25 260 69.0933
      vertex 345.267 260 108.541
    endloop
  endfacet
  facet normal 0 -1 0
    outer loop
      vertex 300.014 260 63.2447
      vertex 252.937 260 78.541
      vertex 251.311 260 72.4747
    endloop
  endfacet
  facet normal 0 -1 0
    outer loop
      vertex 316.172 260 68.4947
      vertex 345.267 260 108.541
      vertex 315.25 260 69.0933
    endloop
  endfacet
  facet normal 0 -1 -0
    outer loop
      vertex 345.267 260 108.541
      vertex 316.172 260 68.4947
      vertex 350.148 260 104.589
    endloop
  endfacet
  facet normal 0 -1 0
    outer loop
      vertex 303.728 260 119.671
      vertex 308.902 260 70.4425
      vertex 310 260 70.5
    endloop
  endfacet
  facet normal 0 -1 0
    outer loop
      vertex 297.525 260 118.689
      vertex 307.817 260 70.2706
      vertex 308.902 260 70.4425
    endloop
  endfacet
  facet normal 0 -1 0
    outer loop
      vertex 291.459 260 117.063
      vertex 306.755 260 69.9861
      vertex 307.817 260 70.2706
    endloop
  endfacet
  facet normal 0 -1 0
    outer loop
      vertex 285.596 260 114.813
      vertex 305.729 260 69.5922
      vertex 306.755 260 69.9861
    endloop
  endfacet
  facet normal 0 -1 0
    outer loop
      vertex 280 260 111.962
      vertex 304.75 260 69.0933
      vertex 305.729 260 69.5922
    endloop
  endfacet
  facet normal 0 -1 0
    outer loop
      vertex 274.733 260 108.541
      vertex 303.828 260 68.4947
      vertex 304.75 260 69.0933
    endloop
  endfacet
  facet normal 0 -1 0
    outer loop
      vertex 269.852 260 104.589
      vertex 302.974 260 67.803
      vertex 303.828 260 68.4947
    endloop
  endfacet
  facet normal 0 -1 0
    outer loop
      vertex 265.411 260 100.148
      vertex 302.197 260 67.0259
      vertex 302.974 260 67.803
    endloop
  endfacet
  facet normal 0 -1 0
    outer loop
      vertex 299.729 260 62.1831
      vertex 251.311 260 72.4747
      vertex 250.329 260 66.2717
    endloop
  endfacet
  facet normal 0 -1 0
    outer loop
      vertex 261.459 260 95.2671
      vertex 301.505 260 66.1717
      vertex 302.197 260 67.0259
    endloop
  endfacet
  facet normal 0 -1 0
    outer loop
      vertex 258.038 260 90
      vertex 300.907 260 65.25
      vertex 301.505 260 66.1717
    endloop
  endfacet
  facet normal 0 -1 0
    outer loop
      vertex 255.187 260 84.4042
      vertex 300.408 260 64.2707
      vertex 300.907 260 65.25
    endloop
  endfacet
  facet normal 0 -1 0
    outer loop
      vertex 252.937 260 78.541
      vertex 300.014 260 63.2447
      vertex 300.408 260 64.2707
    endloop
  endfacet
  facet normal 0 -1 0
    outer loop
      vertex 251.311 260 72.4747
      vertex 299.729 260 62.1831
      vertex 300.014 260 63.2447
    endloop
  endfacet
  facet normal 0 -1 0
    outer loop
      vertex 250.329 260 66.2717
      vertex 299.558 260 61.0975
      vertex 299.729 260 62.1831
    endloop
  endfacet
  facet normal 0 -1 0
    outer loop
      vertex 250 260 60
      vertex 299.558 260 61.0975
      vertex 250.329 260 66.2717
    endloop
  endfacet
  facet normal 0 -1 0
    outer loop
      vertex 250 260 60
      vertex 299.5 260 60
      vertex 299.558 260 61.0975
    endloop
  endfacet
  facet normal 0 -1 0
    outer loop
      vertex 250 260 60
      vertex 299.558 260 58.9025
      vertex 299.5 260 60
    endloop
  endfacet
  facet normal 0 -1 0
    outer loop
      vertex 250.329 260 53.7283
      vertex 299.558 260 58.9025
      vertex 250 260 60
    endloop
  endfacet
  facet normal 0 -1 -0
    outer loop
      vertex 299.558 260 58.9025
      vertex 250.329 260 53.7283
      vertex 299.729 260 57.8169
    endloop
  endfacet
  facet normal 0 -1 0
    outer loop
      vertex 251.311 260 47.5253
      vertex 299.729 260 57.8169
      vertex 250.329 260 53.7283
    endloop
  endfacet
  facet normal 0 -1 -0
    outer loop
      vertex 299.729 260 57.8169
      vertex 251.311 260 47.5253
      vertex 300.014 260 56.7553
    endloop
  endfacet
  facet normal 0 -1 0
    outer loop
      vertex 252.937 260 41.459
      vertex 300.014 260 56.7553
      vertex 251.311 260 47.5253
    endloop
  endfacet
  facet normal 0 -1 -0
    outer loop
      vertex 300.014 260 56.7553
      vertex 252.937 260 41.459
      vertex 300.408 260 55.7293
    endloop
  endfacet
  facet normal 0 -1 0
    outer loop
      vertex 255.187 260 35.5958
      vertex 300.408 260 55.7293
      vertex 252.937 260 41.459
    endloop
  endfacet
  facet normal 0 -1 -0
    outer loop
      vertex 300.408 260 55.7293
      vertex 255.187 260 35.5958
      vertex 300.907 260 54.75
    endloop
  endfacet
  facet normal 0 -1 0
    outer loop
      vertex 258.038 260 30
      vertex 300.907 260 54.75
      vertex 255.187 260 35.5958
    endloop
  endfacet
  facet normal 0 -1 -0
    outer loop
      vertex 300.907 260 54.75
      vertex 258.038 260 30
      vertex 301.505 260 53.8283
    endloop
  endfacet
  facet normal 0 -1 0
    outer loop
      vertex 261.459 260 24.7329
      vertex 301.505 260 53.8283
      vertex 258.038 260 30
    endloop
  endfacet
  facet normal 0 -1 -0
    outer loop
      vertex 301.505 260 53.8283
      vertex 261.459 260 24.7329
      vertex 302.197 260 52.9741
    endloop
  endfacet
  facet normal 0 -1 0
    outer loop
      vertex 265.411 260 19.8522
      vertex 302.197 260 52.9741
      vertex 261.459 260 24.7329
    endloop
  endfacet
  facet normal 0 -1 -0
    outer loop
      vertex 302.197 260 52.9741
      vertex 265.411 260 19.8522
      vertex 302.974 260 52.197
    endloop
  endfacet
  facet normal 0 -1 -0
    outer loop
      vertex 302.974 260 52.197
      vertex 269.852 260 15.4113
      vertex 303.828 260 51.5053
    endloop
  endfacet
  facet normal 0 -1 0
    outer loop
      vertex 269.852 260 15.4113
      vertex 302.974 260 52.197
      vertex 265.411 260 19.8522
    endloop
  endfacet
  facet normal 0 -1 0
    outer loop
      vertex 317.026 260 67.803
      vertex 350.148 260 104.589
      vertex 316.172 260 68.4947
    endloop
  endfacet
  facet normal 0 -1 -0
    outer loop
      vertex 350.148 260 104.589
      vertex 317.026 260 67.803
      vertex 354.589 260 100.148
    endloop
  endfacet
  facet normal 0 -1 0
    outer loop
      vertex 317.803 260 67.0259
      vertex 354.589 260 100.148
      vertex 317.026 260 67.803
    endloop
  endfacet
  facet normal 0 -1 -0
    outer loop
      vertex 354.589 260 100.148
      vertex 317.803 260 67.0259
      vertex 358.541 260 95.2671
    endloop
  endfacet
  facet normal 0 -1 0
    outer loop
      vertex 318.495 260 66.1717
      vertex 358.541 260 95.2671
      vertex 317.803 260 67.0259
    endloop
  endfacet
  facet normal 0 -1 -0
    outer loop
      vertex 358.541 260 95.2671
      vertex 318.495 260 66.1717
      vertex 361.962 260 90
    endloop
  endfacet
  facet normal 0 -1 0
    outer loop
      vertex 319.093 260 65.25
      vertex 361.962 260 90
      vertex 318.495 260 66.1717
    endloop
  endfacet
  facet normal 0 -1 -0
    outer loop
      vertex 361.962 260 90
      vertex 319.093 260 65.25
      vertex 364.813 260 84.4042
    endloop
  endfacet
  facet normal 0 -1 0
    outer loop
      vertex 319.592 260 64.2707
      vertex 364.813 260 84.4042
      vertex 319.093 260 65.25
    endloop
  endfacet
  facet normal 0 -1 -0
    outer loop
      vertex 364.813 260 84.4042
      vertex 319.592 260 64.2707
      vertex 367.063 260 78.541
    endloop
  endfacet
  facet normal 0 -1 0
    outer loop
      vertex 319.986 260 63.2447
      vertex 367.063 260 78.541
      vertex 319.592 260 64.2707
    endloop
  endfacet
  facet normal 0 -1 -0
    outer loop
      vertex 367.063 260 78.541
      vertex 319.986 260 63.2447
      vertex 368.689 260 72.4747
    endloop
  endfacet
  facet normal 0 -1 0
    outer loop
      vertex 320.271 260 62.1831
      vertex 368.689 260 72.4747
      vertex 319.986 260 63.2447
    endloop
  endfacet
  facet normal 0 -1 -0
    outer loop
      vertex 368.689 260 72.4747
      vertex 320.271 260 62.1831
      vertex 369.671 260 66.2717
    endloop
  endfacet
  facet normal 0 -1 0
    outer loop
      vertex 320.442 260 61.0975
      vertex 369.671 260 66.2717
      vertex 320.271 260 62.1831
    endloop
  endfacet
  facet normal 0 -1 0
    outer loop
      vertex 320.5 260 60
      vertex 369.671 260 66.2717
      vertex 320.442 260 61.0975
    endloop
  endfacet
  facet normal 0 -1 0
    outer loop
      vertex 320.5 260 60
      vertex 370 260 60
      vertex 369.671 260 66.2717
    endloop
  endfacet
  facet normal 0 -1 0
    outer loop
      vertex 320.442 260 58.9025
      vertex 370 260 60
      vertex 320.5 260 60
    endloop
  endfacet
  facet normal 0 -1 0
    outer loop
      vertex 369.671 260 53.7283
      vertex 320.442 260 58.9025
      vertex 320.271 260 57.8169
    endloop
  endfacet
  facet normal 0 -1 0
    outer loop
      vertex 368.689 260 47.5253
      vertex 320.271 260 57.8169
      vertex 319.986 260 56.7553
    endloop
  endfacet
  facet normal 0 -1 0
    outer loop
      vertex 367.063 260 41.459
      vertex 319.986 260 56.7553
      vertex 319.592 260 55.7293
    endloop
  endfacet
  facet normal 0 -1 0
    outer loop
      vertex 364.813 260 35.5958
      vertex 319.592 260 55.7293
      vertex 319.093 260 54.75
    endloop
  endfacet
  facet normal 0 -1 0
    outer loop
      vertex 361.962 260 30
      vertex 319.093 260 54.75
      vertex 318.495 260 53.8283
    endloop
  endfacet
  facet normal 0 -1 0
    outer loop
      vertex 320.442 260 58.9025
      vertex 369.671 260 53.7283
      vertex 370 260 60
    endloop
  endfacet
  facet normal 0 -1 0
    outer loop
      vertex 358.541 260 24.7329
      vertex 318.495 260 53.8283
      vertex 317.803 260 52.9741
    endloop
  endfacet
  facet normal 0 -1 0
    outer loop
      vertex 354.589 260 19.8522
      vertex 317.803 260 52.9741
      vertex 317.026 260 52.197
    endloop
  endfacet
  facet normal 0 -1 0
    outer loop
      vertex 350.148 260 15.4113
      vertex 317.026 260 52.197
      vertex 316.172 260 51.5053
    endloop
  endfacet
  facet normal 0 -1 0
    outer loop
      vertex 345.267 260 11.459
      vertex 316.172 260 51.5053
      vertex 315.25 260 50.9067
    endloop
  endfacet
  facet normal 0 -1 0
    outer loop
      vertex 340 260 8.03848
      vertex 315.25 260 50.9067
      vertex 314.271 260 50.4078
    endloop
  endfacet
  facet normal 0 -1 0
    outer loop
      vertex 334.404 260 5.18727
      vertex 314.271 260 50.4078
      vertex 313.245 260 50.0139
    endloop
  endfacet
  facet normal 0 -1 0
    outer loop
      vertex 328.541 260 2.93661
      vertex 313.245 260 50.0139
      vertex 312.183 260 49.7295
    endloop
  endfacet
  facet normal 0 -1 0
    outer loop
      vertex 322.475 260 1.31114
      vertex 312.183 260 49.7295
      vertex 311.098 260 49.5575
    endloop
  endfacet
  facet normal 0 -1 0
    outer loop
      vertex 320.271 260 57.8169
      vertex 368.689 260 47.5253
      vertex 369.671 260 53.7283
    endloop
  endfacet
  facet normal 0 -1 0
    outer loop
      vertex 316.272 260 0.328687
      vertex 311.098 260 49.5575
      vertex 310 260 49.5
    endloop
  endfacet
  facet normal 0 -1 0
    outer loop
      vertex 274.733 260 11.459
      vertex 303.828 260 51.5053
      vertex 269.852 260 15.4113
    endloop
  endfacet
  facet normal 0 -1 -0
    outer loop
      vertex 303.828 260 51.5053
      vertex 274.733 260 11.459
      vertex 304.75 260 50.9067
    endloop
  endfacet
  facet normal 0 -1 0
    outer loop
      vertex 319.986 260 56.7553
      vertex 367.063 260 41.459
      vertex 368.689 260 47.5253
    endloop
  endfacet
  facet normal 0 -1 0
    outer loop
      vertex 280 260 8.03848
      vertex 304.75 260 50.9067
      vertex 274.733 260 11.459
    endloop
  endfacet
  facet normal 0 -1 0
    outer loop
      vertex 319.592 260 55.7293
      vertex 364.813 260 35.5958
      vertex 367.063 260 41.459
    endloop
  endfacet
  facet normal 0 -1 -0
    outer loop
      vertex 304.75 260 50.9067
      vertex 280 260 8.03848
      vertex 305.729 260 50.4078
    endloop
  endfacet
  facet normal 0 -1 0
    outer loop
      vertex 319.093 260 54.75
      vertex 361.962 260 30
      vertex 364.813 260 35.5958
    endloop
  endfacet
  facet normal 0 -1 0
    outer loop
      vertex 285.596 260 5.18727
      vertex 305.729 260 50.4078
      vertex 280 260 8.03848
    endloop
  endfacet
  facet normal 0 -1 0
    outer loop
      vertex 318.495 260 53.8283
      vertex 358.541 260 24.7329
      vertex 361.962 260 30
    endloop
  endfacet
  facet normal 0 -1 -0
    outer loop
      vertex 305.729 260 50.4078
      vertex 285.596 260 5.18727
      vertex 306.755 260 50.0139
    endloop
  endfacet
  facet normal 0 -1 0
    outer loop
      vertex 317.803 260 52.9741
      vertex 354.589 260 19.8522
      vertex 358.541 260 24.7329
    endloop
  endfacet
  facet normal 0 -1 0
    outer loop
      vertex 291.459 260 2.93661
      vertex 306.755 260 50.0139
      vertex 285.596 260 5.18727
    endloop
  endfacet
  facet normal 0 -1 0
    outer loop
      vertex 317.026 260 52.197
      vertex 350.148 260 15.4113
      vertex 354.589 260 19.8522
    endloop
  endfacet
  facet normal 0 -1 -0
    outer loop
      vertex 306.755 260 50.0139
      vertex 291.459 260 2.93661
      vertex 307.817 260 49.7295
    endloop
  endfacet
  facet normal 0 -1 0
    outer loop
      vertex 316.172 260 51.5053
      vertex 345.267 260 11.459
      vertex 350.148 260 15.4113
    endloop
  endfacet
  facet normal 0 -1 0
    outer loop
      vertex 297.525 260 1.31114
      vertex 307.817 260 49.7295
      vertex 291.459 260 2.93661
    endloop
  endfacet
  facet normal 0 -1 0
    outer loop
      vertex 315.25 260 50.9067
      vertex 340 260 8.03848
      vertex 345.267 260 11.459
    endloop
  endfacet
  facet normal 0 -1 -0
    outer loop
      vertex 307.817 260 49.7295
      vertex 297.525 260 1.31114
      vertex 308.902 260 49.5575
    endloop
  endfacet
  facet normal 0 -1 0
    outer loop
      vertex 314.271 260 50.4078
      vertex 334.404 260 5.18727
      vertex 340 260 8.03848
    endloop
  endfacet
  facet normal 0 -1 0
    outer loop
      vertex 303.728 260 0.328687
      vertex 308.902 260 49.5575
      vertex 297.525 260 1.31114
    endloop
  endfacet
  facet normal 0 -1 0
    outer loop
      vertex 313.245 260 50.0139
      vertex 328.541 260 2.93661
      vertex 334.404 260 5.18727
    endloop
  endfacet
  facet normal 0 -1 -0
    outer loop
      vertex 308.902 260 49.5575
      vertex 303.728 260 0.328687
      vertex 310 260 49.5
    endloop
  endfacet
  facet normal 0 -1 0
    outer loop
      vertex 312.183 260 49.7295
      vertex 322.475 260 1.31114
      vertex 328.541 260 2.93661
    endloop
  endfacet
  facet normal 0 -1 0
    outer loop
      vertex 310 260 0
      vertex 310 260 49.5
      vertex 303.728 260 0.328687
    endloop
  endfacet
  facet normal 0 -1 0
    outer loop
      vertex 311.098 260 49.5575
      vertex 316.272 260 0.328687
      vertex 322.475 260 1.31114
    endloop
  endfacet
  facet normal 0 -1 0
    outer loop
      vertex 310 260 49.5
      vertex 310 260 0
      vertex 316.272 260 0.328687
    endloop
  endfacet
  facet normal 0.77717 0 -0.62929
    outer loop
      vertex 358.541 260 24.7329
      vertex 354.589 300 19.8522
      vertex 358.541 300 24.7329
    endloop
  endfacet
  facet normal 0.77717 0 -0.62929
    outer loop
      vertex 354.589 300 19.8522
      vertex 358.541 260 24.7329
      vertex 354.589 260 19.8522
    endloop
  endfacet
  facet normal 0.629296 0 -0.777166
    outer loop
      vertex 345.267 260 11.459
      vertex 350.148 300 15.4113
      vertex 350.148 260 15.4113
    endloop
  endfacet
  facet normal 0.629296 0 -0.777166
    outer loop
      vertex 350.148 300 15.4113
      vertex 345.267 260 11.459
      vertex 345.267 300 11.459
    endloop
  endfacet
  facet normal 0.544649 0 -0.838664
    outer loop
      vertex 340 260 8.03848
      vertex 345.267 300 11.459
      vertex 345.267 260 11.459
    endloop
  endfacet
  facet normal 0.544649 0 -0.838664
    outer loop
      vertex 345.267 300 11.459
      vertex 340 260 8.03848
      vertex 340 300 8.03848
    endloop
  endfacet
  facet normal 0.89102 -0 0.453965
    outer loop
      vertex 361.962 260 90
      vertex 364.813 300 84.4042
      vertex 361.962 300 90
    endloop
  endfacet
  facet normal 0.89102 0 0.453965
    outer loop
      vertex 364.813 300 84.4042
      vertex 361.962 260 90
      vertex 364.813 260 84.4042
    endloop
  endfacet
  facet normal -0.629267 0 0.777189
    outer loop
      vertex 269.852 300 104.589
      vertex 274.733 260 108.541
      vertex 274.733 300 108.541
    endloop
  endfacet
  facet normal -0.629267 0 0.777189
    outer loop
      vertex 274.733 260 108.541
      vertex 269.852 300 104.589
      vertex 269.852 260 104.589
    endloop
  endfacet
  facet normal 0.838634 -0 0.544696
    outer loop
      vertex 358.541 260 95.2671
      vertex 361.962 300 90
      vertex 358.541 300 95.2671
    endloop
  endfacet
  facet normal 0.838634 0 0.544696
    outer loop
      vertex 361.962 300 90
      vertex 358.541 260 95.2671
      vertex 361.962 260 90
    endloop
  endfacet
  facet normal 0.9877 -0 0.156363
    outer loop
      vertex 368.689 260 72.4747
      vertex 369.671 300 66.2717
      vertex 368.689 300 72.4747
    endloop
  endfacet
  facet normal 0.9877 0 0.156363
    outer loop
      vertex 369.671 300 66.2717
      vertex 368.689 260 72.4747
      vertex 369.671 260 66.2717
    endloop
  endfacet
  facet normal 0.933616 -0 0.358275
    outer loop
      vertex 364.813 260 84.4042
      vertex 367.063 300 78.541
      vertex 364.813 300 84.4042
    endloop
  endfacet
  facet normal 0.933616 0 0.358275
    outer loop
      vertex 367.063 300 78.541
      vertex 364.813 260 84.4042
      vertex 367.063 260 78.541
    endloop
  endfacet
  facet normal 0.777183 -0 0.629275
    outer loop
      vertex 354.589 260 100.148
      vertex 358.541 300 95.2671
      vertex 354.589 300 100.148
    endloop
  endfacet
  facet normal 0.777183 0 0.629275
    outer loop
      vertex 358.541 300 95.2671
      vertex 354.589 260 100.148
      vertex 358.541 260 95.2671
    endloop
  endfacet
  facet normal -0.544703 0 0.838629
    outer loop
      vertex 274.733 300 108.541
      vertex 280 260 111.962
      vertex 280 300 111.962
    endloop
  endfacet
  facet normal -0.544703 0 0.838629
    outer loop
      vertex 280 260 111.962
      vertex 274.733 300 108.541
      vertex 274.733 260 108.541
    endloop
  endfacet
  facet normal -0.933616 0 0.358275
    outer loop
      vertex 252.937 260 78.541
      vertex 255.187 300 84.4042
      vertex 252.937 300 78.541
    endloop
  endfacet
  facet normal -0.933616 0 0.358275
    outer loop
      vertex 255.187 300 84.4042
      vertex 252.937 260 78.541
      vertex 255.187 260 84.4042
    endloop
  endfacet
  facet normal 0.0523833 0 0.998627
    outer loop
      vertex 310 300 120
      vertex 316.272 260 119.671
      vertex 316.272 300 119.671
    endloop
  endfacet
  facet normal 0.0523833 0 0.998627
    outer loop
      vertex 316.272 260 119.671
      vertex 310 300 120
      vertex 310 260 120
    endloop
  endfacet
  facet normal 0.998627 0 -0.0523858
    outer loop
      vertex 370 260 60
      vertex 369.671 300 53.7283
      vertex 370 300 60
    endloop
  endfacet
  facet normal 0.998627 0 -0.0523858
    outer loop
      vertex 369.671 300 53.7283
      vertex 370 260 60
      vertex 369.671 260 53.7283
    endloop
  endfacet
  facet normal 0.358285 0 0.933612
    outer loop
      vertex 328.541 300 117.063
      vertex 334.404 260 114.813
      vertex 334.404 300 114.813
    endloop
  endfacet
  facet normal 0.358285 0 0.933612
    outer loop
      vertex 334.404 260 114.813
      vertex 328.541 300 117.063
      vertex 328.541 260 117.063
    endloop
  endfacet
  facet normal -0.707107 0 0.707107
    outer loop
      vertex 265.411 260 100.148
      vertex 269.852 300 104.589
      vertex 265.411 300 100.148
    endloop
  endfacet
  facet normal -0.707107 0 0.707107
    outer loop
      vertex 269.852 300 104.589
      vertex 265.411 260 100.148
      vertex 269.852 260 104.589
    endloop
  endfacet
  facet normal 0.98782 -0 0.155598
    outer loop
      vertex 299.558 260 58.9025
      vertex 299.729 300 57.8169
      vertex 299.558 300 58.9025
    endloop
  endfacet
  facet normal 0.98782 0 0.155598
    outer loop
      vertex 299.729 300 57.8169
      vertex 299.558 260 58.9025
      vertex 299.729 260 57.8169
    endloop
  endfacet
  facet normal 0.998606 -0 0.0527737
    outer loop
      vertex 299.5 260 60
      vertex 299.558 300 58.9025
      vertex 299.5 300 60
    endloop
  endfacet
  facet normal 0.998606 0 0.0527737
    outer loop
      vertex 299.558 300 58.9025
      vertex 299.5 260 60
      vertex 299.558 260 58.9025
    endloop
  endfacet
  facet normal 0.965802 -0 0.259282
    outer loop
      vertex 299.729 260 57.8169
      vertex 300.014 300 56.7553
      vertex 299.729 300 57.8169
    endloop
  endfacet
  facet normal 0.965802 0 0.259282
    outer loop
      vertex 300.014 300 56.7553
      vertex 299.729 260 57.8169
      vertex 300.014 260 56.7553
    endloop
  endfacet
  facet normal 0.454044 0 0.890979
    outer loop
      vertex 304.75 300 50.9067
      vertex 305.729 260 50.4078
      vertex 305.729 300 50.4078
    endloop
  endfacet
  facet normal 0.454044 0 0.890979
    outer loop
      vertex 305.729 260 50.4078
      vertex 304.75 300 50.9067
      vertex 304.75 260 50.9067
    endloop
  endfacet
  facet normal -0.258682 0 0.965963
    outer loop
      vertex 312.183 300 49.7295
      vertex 313.245 260 50.0139
      vertex 313.245 300 50.0139
    endloop
  endfacet
  facet normal -0.258682 0 0.965963
    outer loop
      vertex 313.245 260 50.0139
      vertex 312.183 300 49.7295
      vertex 312.183 260 49.7295
    endloop
  endfacet
  facet normal 0.544541 0 -0.838734
    outer loop
      vertex 303.828 260 68.4947
      vertex 304.75 300 69.0933
      vertex 304.75 260 69.0933
    endloop
  endfacet
  facet normal 0.544541 0 -0.838734
    outer loop
      vertex 304.75 300 69.0933
      vertex 303.828 260 68.4947
      vertex 303.828 300 68.4947
    endloop
  endfacet
  facet normal 0.258682 0 0.965963
    outer loop
      vertex 306.755 300 50.0139
      vertex 307.817 260 49.7295
      vertex 307.817 300 49.7295
    endloop
  endfacet
  facet normal 0.258682 0 0.965963
    outer loop
      vertex 307.817 260 49.7295
      vertex 306.755 300 50.0139
      vertex 306.755 260 50.0139
    endloop
  endfacet
  facet normal 0.707152 -0 0.707061
    outer loop
      vertex 302.197 260 52.9741
      vertex 302.974 300 52.197
      vertex 302.197 300 52.9741
    endloop
  endfacet
  facet normal 0.707152 0 0.707061
    outer loop
      vertex 302.974 300 52.197
      vertex 302.197 260 52.9741
      vertex 302.974 260 52.197
    endloop
  endfacet
  facet normal -0.258766 0 -0.96594
    outer loop
      vertex 312.183 260 70.2706
      vertex 313.245 300 69.9861
      vertex 313.245 260 69.9861
    endloop
  endfacet
  facet normal -0.258766 0 -0.96594
    outer loop
      vertex 313.245 300 69.9861
      vertex 312.183 260 70.2706
      vertex 312.183 300 70.2706
    endloop
  endfacet
  facet normal 0.15657 0 0.987667
    outer loop
      vertex 307.817 300 49.7295
      vertex 308.902 260 49.5575
      vertex 308.902 300 49.5575
    endloop
  endfacet
  facet normal 0.15657 0 0.987667
    outer loop
      vertex 308.902 260 49.5575
      vertex 307.817 300 49.7295
      vertex 307.817 260 49.7295
    endloop
  endfacet
  facet normal -0.838903 0 0.544281
    outer loop
      vertex 318.495 260 53.8283
      vertex 319.093 300 54.75
      vertex 318.495 300 53.8283
    endloop
  endfacet
  facet normal -0.838903 0 0.544281
    outer loop
      vertex 319.093 300 54.75
      vertex 318.495 260 53.8283
      vertex 319.093 260 54.75
    endloop
  endfacet
  facet normal -0.933533 0 -0.358491
    outer loop
      vertex 319.986 260 63.2447
      vertex 319.592 300 64.2707
      vertex 319.986 300 63.2447
    endloop
  endfacet
  facet normal -0.933533 -0 -0.358491
    outer loop
      vertex 319.592 300 64.2707
      vertex 319.986 260 63.2447
      vertex 319.592 260 64.2707
    endloop
  endfacet
  facet normal 0.358412 0 -0.933564
    outer loop
      vertex 305.729 260 69.5922
      vertex 306.755 300 69.9861
      vertex 306.755 260 69.9861
    endloop
  endfacet
  facet normal 0.358412 0 -0.933564
    outer loop
      vertex 306.755 300 69.9861
      vertex 305.729 260 69.5922
      vertex 305.729 300 69.5922
    endloop
  endfacet
  facet normal 0.838903 -0 0.544281
    outer loop
      vertex 300.907 260 54.75
      vertex 301.505 300 53.8283
      vertex 300.907 300 54.75
    endloop
  endfacet
  facet normal 0.838903 0 0.544281
    outer loop
      vertex 301.505 300 53.8283
      vertex 300.907 260 54.75
      vertex 301.505 260 53.8283
    endloop
  endfacet
  facet normal 0.890999 -0 0.454006
    outer loop
      vertex 300.408 260 55.7293
      vertex 300.907 300 54.75
      vertex 300.408 300 55.7293
    endloop
  endfacet
  facet normal 0.890999 0 0.454006
    outer loop
      vertex 300.907 300 54.75
      vertex 300.408 260 55.7293
      vertex 300.907 260 54.75
    endloop
  endfacet
  facet normal -0.965802 0 0.259282
    outer loop
      vertex 319.986 260 56.7553
      vertex 320.271 300 57.8169
      vertex 319.986 300 56.7553
    endloop
  endfacet
  facet normal -0.965802 0 0.259282
    outer loop
      vertex 320.271 300 57.8169
      vertex 319.986 260 56.7553
      vertex 320.271 260 57.8169
    endloop
  endfacet
  facet normal -0.15657 0 0.987667
    outer loop
      vertex 311.098 300 49.5575
      vertex 312.183 260 49.7295
      vertex 312.183 300 49.7295
    endloop
  endfacet
  facet normal -0.15657 0 0.987667
    outer loop
      vertex 312.183 260 49.7295
      vertex 311.098 300 49.5575
      vertex 311.098 260 49.5575
    endloop
  endfacet
  facet normal -0.98782 0 0.155598
    outer loop
      vertex 320.271 260 57.8169
      vertex 320.442 300 58.9025
      vertex 320.271 300 57.8169
    endloop
  endfacet
  facet normal -0.98782 0 0.155598
    outer loop
      vertex 320.442 300 58.9025
      vertex 320.271 260 57.8169
      vertex 320.442 260 58.9025
    endloop
  endfacet
  facet normal -0.77702 0 0.629476
    outer loop
      vertex 317.803 260 52.9741
      vertex 318.495 300 53.8283
      vertex 317.803 300 52.9741
    endloop
  endfacet
  facet normal -0.77702 0 0.629476
    outer loop
      vertex 318.495 300 53.8283
      vertex 317.803 260 52.9741
      vertex 318.495 260 53.8283
    endloop
  endfacet
  facet normal -0.98782 0 -0.155598
    outer loop
      vertex 320.442 260 61.0975
      vertex 320.271 300 62.1831
      vertex 320.442 300 61.0975
    endloop
  endfacet
  facet normal -0.98782 -0 -0.155598
    outer loop
      vertex 320.271 300 62.1831
      vertex 320.442 260 61.0975
      vertex 320.271 260 62.1831
    endloop
  endfacet
  facet normal -0.454044 0 0.890979
    outer loop
      vertex 314.271 300 50.4078
      vertex 315.25 260 50.9067
      vertex 315.25 300 50.9067
    endloop
  endfacet
  facet normal -0.454044 0 0.890979
    outer loop
      vertex 315.25 260 50.9067
      vertex 314.271 300 50.4078
      vertex 314.271 260 50.4078
    endloop
  endfacet
  facet normal 0.258766 0 -0.96594
    outer loop
      vertex 306.755 260 69.9861
      vertex 307.817 300 70.2706
      vertex 307.817 260 70.2706
    endloop
  endfacet
  facet normal 0.258766 0 -0.96594
    outer loop
      vertex 307.817 300 70.2706
      vertex 306.755 260 69.9861
      vertex 306.755 300 69.9861
    endloop
  endfacet
  facet normal 0.156481 0 -0.987681
    outer loop
      vertex 307.817 260 70.2706
      vertex 308.902 300 70.4425
      vertex 308.902 260 70.4425
    endloop
  endfacet
  facet normal 0.156481 0 -0.987681
    outer loop
      vertex 308.902 300 70.4425
      vertex 307.817 260 70.2706
      vertex 307.817 300 70.2706
    endloop
  endfacet
  facet normal 0.77702 -0 0.629476
    outer loop
      vertex 301.505 260 53.8283
      vertex 302.197 300 52.9741
      vertex 301.505 300 53.8283
    endloop
  endfacet
  facet normal 0.77702 0 0.629476
    outer loop
      vertex 302.197 300 52.9741
      vertex 301.505 260 53.8283
      vertex 302.197 260 52.9741
    endloop
  endfacet
  facet normal -0.358412 0 0.933564
    outer loop
      vertex 313.245 300 50.0139
      vertex 314.271 260 50.4078
      vertex 314.271 300 50.4078
    endloop
  endfacet
  facet normal -0.358412 0 0.933564
    outer loop
      vertex 314.271 260 50.4078
      vertex 313.245 300 50.0139
      vertex 313.245 260 50.0139
    endloop
  endfacet
  facet normal 0.890999 0 -0.454006
    outer loop
      vertex 300.907 260 65.25
      vertex 300.408 300 64.2707
      vertex 300.907 300 65.25
    endloop
  endfacet
  facet normal 0.890999 0 -0.454006
    outer loop
      vertex 300.408 300 64.2707
      vertex 300.907 260 65.25
      vertex 300.408 260 64.2707
    endloop
  endfacet
  facet normal -0.6294 0 0.777082
    outer loop
      vertex 316.172 300 51.5053
      vertex 317.026 260 52.197
      vertex 317.026 300 52.197
    endloop
  endfacet
  facet normal -0.6294 0 0.777082
    outer loop
      vertex 317.026 260 52.197
      vertex 316.172 300 51.5053
      vertex 316.172 260 51.5053
    endloop
  endfacet
  facet normal -0.544541 0 0.838734
    outer loop
      vertex 315.25 300 50.9067
      vertex 316.172 260 51.5053
      vertex 316.172 300 51.5053
    endloop
  endfacet
  facet normal -0.544541 0 0.838734
    outer loop
      vertex 316.172 260 51.5053
      vertex 315.25 300 50.9067
      vertex 315.25 260 50.9067
    endloop
  endfacet
  facet normal 0.933533 0 -0.358491
    outer loop
      vertex 300.408 260 64.2707
      vertex 300.014 300 63.2447
      vertex 300.408 300 64.2707
    endloop
  endfacet
  facet normal 0.933533 0 -0.358491
    outer loop
      vertex 300.014 300 63.2447
      vertex 300.408 260 64.2707
      vertex 300.014 260 63.2447
    endloop
  endfacet
  facet normal 0.933533 -0 0.358491
    outer loop
      vertex 300.014 260 56.7553
      vertex 300.408 300 55.7293
      vertex 300.014 300 56.7553
    endloop
  endfacet
  facet normal 0.933533 0 0.358491
    outer loop
      vertex 300.408 300 55.7293
      vertex 300.014 260 56.7553
      vertex 300.408 260 55.7293
    endloop
  endfacet
  facet normal -0.707152 0 -0.707061
    outer loop
      vertex 317.803 260 67.0259
      vertex 317.026 300 67.803
      vertex 317.803 300 67.0259
    endloop
  endfacet
  facet normal -0.707152 -0 -0.707061
    outer loop
      vertex 317.026 300 67.803
      vertex 317.803 260 67.0259
      vertex 317.026 260 67.803
    endloop
  endfacet
  facet normal -0.965802 0 -0.259282
    outer loop
      vertex 320.271 260 62.1831
      vertex 319.986 300 63.2447
      vertex 320.271 300 62.1831
    endloop
  endfacet
  facet normal -0.965802 -0 -0.259282
    outer loop
      vertex 319.986 300 63.2447
      vertex 320.271 260 62.1831
      vertex 319.986 260 63.2447
    endloop
  endfacet
  facet normal -0.838903 0 -0.544281
    outer loop
      vertex 319.093 260 65.25
      vertex 318.495 300 66.1717
      vertex 319.093 300 65.25
    endloop
  endfacet
  facet normal -0.838903 -0 -0.544281
    outer loop
      vertex 318.495 300 66.1717
      vertex 319.093 260 65.25
      vertex 318.495 260 66.1717
    endloop
  endfacet
  facet normal -0.890999 0 -0.454006
    outer loop
      vertex 319.592 260 64.2707
      vertex 319.093 300 65.25
      vertex 319.592 300 64.2707
    endloop
  endfacet
  facet normal -0.890999 -0 -0.454006
    outer loop
      vertex 319.093 300 65.25
      vertex 319.592 260 64.2707
      vertex 319.093 260 65.25
    endloop
  endfacet
  facet normal 0.454044 0 -0.890979
    outer loop
      vertex 304.75 260 69.0933
      vertex 305.729 300 69.5922
      vertex 305.729 260 69.5922
    endloop
  endfacet
  facet normal 0.454044 0 -0.890979
    outer loop
      vertex 305.729 300 69.5922
      vertex 304.75 260 69.0933
      vertex 304.75 300 69.0933
    endloop
  endfacet
  facet normal 0.544541 0 0.838734
    outer loop
      vertex 303.828 300 51.5053
      vertex 304.75 260 50.9067
      vertex 304.75 300 50.9067
    endloop
  endfacet
  facet normal 0.544541 0 0.838734
    outer loop
      vertex 304.75 260 50.9067
      vertex 303.828 300 51.5053
      vertex 303.828 260 51.5053
    endloop
  endfacet
  facet normal -0.933533 0 0.358491
    outer loop
      vertex 319.592 260 55.7293
      vertex 319.986 300 56.7553
      vertex 319.592 300 55.7293
    endloop
  endfacet
  facet normal -0.933533 0 0.358491
    outer loop
      vertex 319.986 300 56.7553
      vertex 319.592 260 55.7293
      vertex 319.986 260 56.7553
    endloop
  endfacet
  facet normal 0.965802 0 -0.259282
    outer loop
      vertex 300.014 260 63.2447
      vertex 299.729 300 62.1831
      vertex 300.014 300 63.2447
    endloop
  endfacet
  facet normal 0.965802 0 -0.259282
    outer loop
      vertex 299.729 300 62.1831
      vertex 300.014 260 63.2447
      vertex 299.729 260 62.1831
    endloop
  endfacet
  facet normal 0.6294 0 0.777082
    outer loop
      vertex 302.974 300 52.197
      vertex 303.828 260 51.5053
      vertex 303.828 300 51.5053
    endloop
  endfacet
  facet normal 0.6294 0 0.777082
    outer loop
      vertex 303.828 260 51.5053
      vertex 302.974 300 52.197
      vertex 302.974 260 52.197
    endloop
  endfacet
  facet normal 0.998606 0 -0.0527737
    outer loop
      vertex 299.558 260 61.0975
      vertex 299.5 300 60
      vertex 299.558 300 61.0975
    endloop
  endfacet
  facet normal 0.998606 0 -0.0527737
    outer loop
      vertex 299.5 300 60
      vertex 299.558 260 61.0975
      vertex 299.5 260 60
    endloop
  endfacet
  facet normal 0.0522963 0 -0.998632
    outer loop
      vertex 308.902 260 70.4425
      vertex 310 300 70.5
      vertex 310 260 70.5
    endloop
  endfacet
  facet normal 0.0522963 0 -0.998632
    outer loop
      vertex 310 300 70.5
      vertex 308.902 260 70.4425
      vertex 308.902 300 70.4425
    endloop
  endfacet
  facet normal 0.358412 0 0.933564
    outer loop
      vertex 305.729 300 50.4078
      vertex 306.755 260 50.0139
      vertex 306.755 300 50.0139
    endloop
  endfacet
  facet normal 0.358412 0 0.933564
    outer loop
      vertex 306.755 260 50.0139
      vertex 305.729 300 50.4078
      vertex 305.729 260 50.4078
    endloop
  endfacet
  facet normal 0.77702 0 -0.629476
    outer loop
      vertex 302.197 260 67.0259
      vertex 301.505 300 66.1717
      vertex 302.197 300 67.0259
    endloop
  endfacet
  facet normal 0.77702 0 -0.629476
    outer loop
      vertex 301.505 300 66.1717
      vertex 302.197 260 67.0259
      vertex 301.505 260 66.1717
    endloop
  endfacet
  facet normal 0.838903 0 -0.544281
    outer loop
      vertex 301.505 260 66.1717
      vertex 300.907 300 65.25
      vertex 301.505 300 66.1717
    endloop
  endfacet
  facet normal 0.838903 0 -0.544281
    outer loop
      vertex 300.907 300 65.25
      vertex 301.505 260 66.1717
      vertex 300.907 260 65.25
    endloop
  endfacet
  facet normal -0.156481 0 -0.987681
    outer loop
      vertex 311.098 260 70.4425
      vertex 312.183 300 70.2706
      vertex 312.183 260 70.2706
    endloop
  endfacet
  facet normal -0.156481 0 -0.987681
    outer loop
      vertex 312.183 300 70.2706
      vertex 311.098 260 70.4425
      vertex 311.098 300 70.4425
    endloop
  endfacet
  facet normal 0.6294 0 -0.777082
    outer loop
      vertex 302.974 260 67.803
      vertex 303.828 300 68.4947
      vertex 303.828 260 68.4947
    endloop
  endfacet
  facet normal 0.6294 0 -0.777082
    outer loop
      vertex 303.828 300 68.4947
      vertex 302.974 260 67.803
      vertex 302.974 300 67.803
    endloop
  endfacet
  facet normal -0.707152 0 0.707061
    outer loop
      vertex 317.026 260 52.197
      vertex 317.803 300 52.9741
      vertex 317.026 300 52.197
    endloop
  endfacet
  facet normal -0.707152 0 0.707061
    outer loop
      vertex 317.803 300 52.9741
      vertex 317.026 260 52.197
      vertex 317.803 260 52.9741
    endloop
  endfacet
  facet normal 0.98782 0 -0.155598
    outer loop
      vertex 299.729 260 62.1831
      vertex 299.558 300 61.0975
      vertex 299.729 300 62.1831
    endloop
  endfacet
  facet normal 0.98782 0 -0.155598
    outer loop
      vertex 299.558 300 61.0975
      vertex 299.729 260 62.1831
      vertex 299.558 260 61.0975
    endloop
  endfacet
  facet normal 0.707152 0 -0.707061
    outer loop
      vertex 302.974 260 67.803
      vertex 302.197 300 67.0259
      vertex 302.974 300 67.803
    endloop
  endfacet
  facet normal 0.707152 0 -0.707061
    outer loop
      vertex 302.197 300 67.0259
      vertex 302.974 260 67.803
      vertex 302.197 260 67.0259
    endloop
  endfacet
  facet normal -0.0522963 0 0.998632
    outer loop
      vertex 310 300 49.5
      vertex 311.098 260 49.5575
      vertex 311.098 300 49.5575
    endloop
  endfacet
  facet normal -0.0522963 0 0.998632
    outer loop
      vertex 311.098 260 49.5575
      vertex 310 300 49.5
      vertex 310 260 49.5
    endloop
  endfacet
  facet normal -0.998606 0 -0.0527737
    outer loop
      vertex 320.5 260 60
      vertex 320.442 300 61.0975
      vertex 320.5 300 60
    endloop
  endfacet
  facet normal -0.998606 -0 -0.0527737
    outer loop
      vertex 320.442 300 61.0975
      vertex 320.5 260 60
      vertex 320.442 260 61.0975
    endloop
  endfacet
  facet normal -0.0522963 0 -0.998632
    outer loop
      vertex 310 260 70.5
      vertex 311.098 300 70.4425
      vertex 311.098 260 70.4425
    endloop
  endfacet
  facet normal -0.0522963 0 -0.998632
    outer loop
      vertex 311.098 300 70.4425
      vertex 310 260 70.5
      vertex 310 300 70.5
    endloop
  endfacet
  facet normal -0.77702 0 -0.629476
    outer loop
      vertex 318.495 260 66.1717
      vertex 317.803 300 67.0259
      vertex 318.495 300 66.1717
    endloop
  endfacet
  facet normal -0.77702 -0 -0.629476
    outer loop
      vertex 317.803 300 67.0259
      vertex 318.495 260 66.1717
      vertex 317.803 260 67.0259
    endloop
  endfacet
  facet normal -0.454044 0 -0.890979
    outer loop
      vertex 314.271 260 69.5922
      vertex 315.25 300 69.0933
      vertex 315.25 260 69.0933
    endloop
  endfacet
  facet normal -0.454044 0 -0.890979
    outer loop
      vertex 315.25 300 69.0933
      vertex 314.271 260 69.5922
      vertex 314.271 300 69.5922
    endloop
  endfacet
  facet normal -0.6294 0 -0.777082
    outer loop
      vertex 316.172 260 68.4947
      vertex 317.026 300 67.803
      vertex 317.026 260 67.803
    endloop
  endfacet
  facet normal -0.6294 0 -0.777082
    outer loop
      vertex 317.026 300 67.803
      vertex 316.172 260 68.4947
      vertex 316.172 300 68.4947
    endloop
  endfacet
  facet normal -0.544541 0 -0.838734
    outer loop
      vertex 315.25 260 69.0933
      vertex 316.172 300 68.4947
      vertex 316.172 260 68.4947
    endloop
  endfacet
  facet normal -0.544541 0 -0.838734
    outer loop
      vertex 316.172 300 68.4947
      vertex 315.25 260 69.0933
      vertex 315.25 300 69.0933
    endloop
  endfacet
  facet normal 0.0522963 0 0.998632
    outer loop
      vertex 308.902 300 49.5575
      vertex 310 260 49.5
      vertex 310 300 49.5
    endloop
  endfacet
  facet normal 0.0522963 0 0.998632
    outer loop
      vertex 310 260 49.5
      vertex 308.902 300 49.5575
      vertex 308.902 260 49.5575
    endloop
  endfacet
  facet normal -0.358412 0 -0.933564
    outer loop
      vertex 313.245 260 69.9861
      vertex 314.271 300 69.5922
      vertex 314.271 260 69.5922
    endloop
  endfacet
  facet normal -0.358412 0 -0.933564
    outer loop
      vertex 314.271 300 69.5922
      vertex 313.245 260 69.9861
      vertex 313.245 300 69.9861
    endloop
  endfacet
  facet normal -0.998606 0 0.0527737
    outer loop
      vertex 320.442 260 58.9025
      vertex 320.5 300 60
      vertex 320.442 300 58.9025
    endloop
  endfacet
  facet normal -0.998606 0 0.0527737
    outer loop
      vertex 320.5 300 60
      vertex 320.442 260 58.9025
      vertex 320.5 260 60
    endloop
  endfacet
  facet normal -0.890999 0 0.454006
    outer loop
      vertex 319.093 260 54.75
      vertex 319.592 300 55.7293
      vertex 319.093 300 54.75
    endloop
  endfacet
  facet normal -0.890999 0 0.454006
    outer loop
      vertex 319.592 300 55.7293
      vertex 319.093 260 54.75
      vertex 319.592 260 55.7293
    endloop
  endfacet
  facet normal 0.743092 0 -0.669189
    outer loop
      vertex 318.09 -310 54.1221
      vertex 316.691 310 52.5686
      vertex 318.09 310 54.1221
    endloop
  endfacet
  facet normal 0.743092 0 -0.669189
    outer loop
      vertex 316.691 310 52.5686
      vertex 318.09 -310 54.1221
      vertex 316.691 -310 52.5686
    endloop
  endfacet
  facet normal -0.587884 0 -0.808945
    outer loop
      vertex 303.309 -310 52.5686
      vertex 305 310 51.3397
      vertex 305 -310 51.3397
    endloop
  endfacet
  facet normal -0.587884 0 -0.808945
    outer loop
      vertex 305 310 51.3397
      vertex 303.309 -310 52.5686
      vertex 303.309 310 52.5686
    endloop
  endfacet
  facet normal -0.951062 0 0.309001
    outer loop
      vertex 300.219 -310 62.0791
      vertex 300.865 310 64.0674
      vertex 300.219 310 62.0791
    endloop
  endfacet
  facet normal -0.951062 0 0.309001
    outer loop
      vertex 300.865 310 64.0674
      vertex 300.219 -310 62.0791
      vertex 300.865 -310 64.0674
    endloop
  endfacet
  facet normal -0.994498 0 0.104755
    outer loop
      vertex 300 -310 60
      vertex 300.219 310 62.0791
      vertex 300 310 60
    endloop
  endfacet
  facet normal -0.994498 0 0.104755
    outer loop
      vertex 300.219 310 62.0791
      vertex 300 -310 60
      vertex 300.219 -310 62.0791
    endloop
  endfacet
  facet normal -0.951062 0 -0.309001
    outer loop
      vertex 300.865 -310 55.9326
      vertex 300.219 310 57.9209
      vertex 300.865 310 55.9326
    endloop
  endfacet
  facet normal -0.951062 -0 -0.309001
    outer loop
      vertex 300.219 310 57.9209
      vertex 300.865 -310 55.9326
      vertex 300.219 -310 57.9209
    endloop
  endfacet
  facet normal -0.743092 0 0.669189
    outer loop
      vertex 301.91 -310 65.8779
      vertex 303.309 310 67.4314
      vertex 301.91 310 65.8779
    endloop
  endfacet
  facet normal -0.743092 0 0.669189
    outer loop
      vertex 303.309 310 67.4314
      vertex 301.91 -310 65.8779
      vertex 303.309 -310 67.4314
    endloop
  endfacet
  facet normal -0.743092 0 -0.669189
    outer loop
      vertex 303.309 -310 52.5686
      vertex 301.91 310 54.1221
      vertex 303.309 310 52.5686
    endloop
  endfacet
  facet normal -0.743092 -0 -0.669189
    outer loop
      vertex 301.91 310 54.1221
      vertex 303.309 -310 52.5686
      vertex 301.91 -310 54.1221
    endloop
  endfacet
  facet normal 0.587884 0 -0.808945
    outer loop
      vertex 315 -310 51.3397
      vertex 316.691 310 52.5686
      vertex 316.691 -310 52.5686
    endloop
  endfacet
  facet normal 0.587884 0 -0.808945
    outer loop
      vertex 316.691 310 52.5686
      vertex 315 -310 51.3397
      vertex 315 310 51.3397
    endloop
  endfacet
  facet normal 0.406702 0 -0.913561
    outer loop
      vertex 313.09 -310 50.4894
      vertex 315 310 51.3397
      vertex 315 -310 51.3397
    endloop
  endfacet
  facet normal 0.406702 0 -0.913561
    outer loop
      vertex 315 310 51.3397
      vertex 313.09 -310 50.4894
      vertex 313.09 310 50.4894
    endloop
  endfacet
  facet normal -0.866086 0 0.499895
    outer loop
      vertex 300.865 -310 64.0674
      vertex 301.91 310 65.8779
      vertex 300.865 310 64.0674
    endloop
  endfacet
  facet normal -0.866086 0 0.499895
    outer loop
      vertex 301.91 310 65.8779
      vertex 300.865 -310 64.0674
      vertex 301.91 -310 65.8779
    endloop
  endfacet
  facet normal 0.743092 -0 0.669189
    outer loop
      vertex 316.691 -310 67.4314
      vertex 318.09 310 65.8779
      vertex 316.691 310 67.4314
    endloop
  endfacet
  facet normal 0.743092 0 0.669189
    outer loop
      vertex 318.09 310 65.8779
      vertex 316.691 -310 67.4314
      vertex 318.09 -310 65.8779
    endloop
  endfacet
  facet normal -0.406702 0 -0.913561
    outer loop
      vertex 305 -310 51.3397
      vertex 306.91 310 50.4894
      vertex 306.91 -310 50.4894
    endloop
  endfacet
  facet normal -0.406702 0 -0.913561
    outer loop
      vertex 306.91 310 50.4894
      vertex 305 -310 51.3397
      vertex 305 310 51.3397
    endloop
  endfacet
  facet normal 0.207876 0 -0.978155
    outer loop
      vertex 311.045 -310 50.0548
      vertex 313.09 310 50.4894
      vertex 313.09 -310 50.4894
    endloop
  endfacet
  facet normal 0.207876 0 -0.978155
    outer loop
      vertex 313.09 310 50.4894
      vertex 311.045 -310 50.0548
      vertex 311.045 310 50.0548
    endloop
  endfacet
  facet normal -0.866086 0 -0.499895
    outer loop
      vertex 301.91 -310 54.1221
      vertex 300.865 310 55.9326
      vertex 301.91 310 54.1221
    endloop
  endfacet
  facet normal -0.866086 -0 -0.499895
    outer loop
      vertex 300.865 310 55.9326
      vertex 301.91 -310 54.1221
      vertex 300.865 -310 55.9326
    endloop
  endfacet
  facet normal 0.951062 -0 0.309001
    outer loop
      vertex 319.135 -310 64.0674
      vertex 319.781 310 62.0791
      vertex 319.135 310 64.0674
    endloop
  endfacet
  facet normal 0.951062 0 0.309001
    outer loop
      vertex 319.781 310 62.0791
      vertex 319.135 -310 64.0674
      vertex 319.781 -310 62.0791
    endloop
  endfacet
  facet normal 0 1 0
    outer loop
      vertex 313.09 310 69.5106
      vertex 308.955 310 69.9452
      vertex 311.045 310 69.9452
    endloop
  endfacet
  facet normal 0 1 0
    outer loop
      vertex 313.09 310 69.5106
      vertex 306.91 310 69.5106
      vertex 308.955 310 69.9452
    endloop
  endfacet
  facet normal 0 1 0
    outer loop
      vertex 315 310 68.6603
      vertex 306.91 310 69.5106
      vertex 313.09 310 69.5106
    endloop
  endfacet
  facet normal 0 1 0
    outer loop
      vertex 315 310 68.6603
      vertex 305 310 68.6603
      vertex 306.91 310 69.5106
    endloop
  endfacet
  facet normal 0 1 0
    outer loop
      vertex 316.691 310 67.4314
      vertex 305 310 68.6603
      vertex 315 310 68.6603
    endloop
  endfacet
  facet normal 0 1 0
    outer loop
      vertex 316.691 310 67.4314
      vertex 303.309 310 67.4314
      vertex 305 310 68.6603
    endloop
  endfacet
  facet normal 0 1 0
    outer loop
      vertex 318.09 310 65.8779
      vertex 303.309 310 67.4314
      vertex 316.691 310 67.4314
    endloop
  endfacet
  facet normal 0 1 0
    outer loop
      vertex 318.09 310 65.8779
      vertex 301.91 310 65.8779
      vertex 303.309 310 67.4314
    endloop
  endfacet
  facet normal 0 1 0
    outer loop
      vertex 319.135 310 64.0674
      vertex 301.91 310 65.8779
      vertex 318.09 310 65.8779
    endloop
  endfacet
  facet normal 0 1 0
    outer loop
      vertex 319.135 310 64.0674
      vertex 300.865 310 64.0674
      vertex 301.91 310 65.8779
    endloop
  endfacet
  facet normal 0 1 0
    outer loop
      vertex 319.781 310 62.0791
      vertex 300.865 310 64.0674
      vertex 319.135 310 64.0674
    endloop
  endfacet
  facet normal 0 1 0
    outer loop
      vertex 319.781 310 62.0791
      vertex 300.219 310 62.0791
      vertex 300.865 310 64.0674
    endloop
  endfacet
  facet normal 0 1 0
    outer loop
      vertex 320 310 60
      vertex 300.219 310 62.0791
      vertex 319.781 310 62.0791
    endloop
  endfacet
  facet normal 0 1 0
    outer loop
      vertex 320 310 60
      vertex 300 310 60
      vertex 300.219 310 62.0791
    endloop
  endfacet
  facet normal 0 1 -0
    outer loop
      vertex 319.781 310 57.9209
      vertex 300 310 60
      vertex 320 310 60
    endloop
  endfacet
  facet normal 0 1 0
    outer loop
      vertex 319.781 310 57.9209
      vertex 300.219 310 57.9209
      vertex 300 310 60
    endloop
  endfacet
  facet normal 0 1 -0
    outer loop
      vertex 319.135 310 55.9326
      vertex 300.219 310 57.9209
      vertex 319.781 310 57.9209
    endloop
  endfacet
  facet normal 0 1 0
    outer loop
      vertex 319.135 310 55.9326
      vertex 300.865 310 55.9326
      vertex 300.219 310 57.9209
    endloop
  endfacet
  facet normal 0 1 -0
    outer loop
      vertex 318.09 310 54.1221
      vertex 300.865 310 55.9326
      vertex 319.135 310 55.9326
    endloop
  endfacet
  facet normal 0 1 0
    outer loop
      vertex 318.09 310 54.1221
      vertex 301.91 310 54.1221
      vertex 300.865 310 55.9326
    endloop
  endfacet
  facet normal 0 1 -0
    outer loop
      vertex 316.691 310 52.5686
      vertex 301.91 310 54.1221
      vertex 318.09 310 54.1221
    endloop
  endfacet
  facet normal 0 1 0
    outer loop
      vertex 316.691 310 52.5686
      vertex 303.309 310 52.5686
      vertex 301.91 310 54.1221
    endloop
  endfacet
  facet normal 0 1 -0
    outer loop
      vertex 315 310 51.3397
      vertex 303.309 310 52.5686
      vertex 316.691 310 52.5686
    endloop
  endfacet
  facet normal 0 1 0
    outer loop
      vertex 315 310 51.3397
      vertex 305 310 51.3397
      vertex 303.309 310 52.5686
    endloop
  endfacet
  facet normal 0 1 -0
    outer loop
      vertex 313.09 310 50.4894
      vertex 305 310 51.3397
      vertex 315 310 51.3397
    endloop
  endfacet
  facet normal 0 1 0
    outer loop
      vertex 313.09 310 50.4894
      vertex 306.91 310 50.4894
      vertex 305 310 51.3397
    endloop
  endfacet
  facet normal 0 1 -0
    outer loop
      vertex 311.045 310 50.0548
      vertex 306.91 310 50.4894
      vertex 313.09 310 50.4894
    endloop
  endfacet
  facet normal 0 1 0
    outer loop
      vertex 306.91 310 50.4894
      vertex 311.045 310 50.0548
      vertex 308.955 310 50.0548
    endloop
  endfacet
  facet normal -0.994498 0 -0.104755
    outer loop
      vertex 300.219 -310 57.9209
      vertex 300 310 60
      vertex 300.219 310 57.9209
    endloop
  endfacet
  facet normal -0.994498 -0 -0.104755
    outer loop
      vertex 300 310 60
      vertex 300.219 -310 57.9209
      vertex 300 -310 60
    endloop
  endfacet
  facet normal 0.406702 0 0.913561
    outer loop
      vertex 313.09 310 69.5106
      vertex 315 -310 68.6603
      vertex 315 310 68.6603
    endloop
  endfacet
  facet normal 0.406702 0 0.913561
    outer loop
      vertex 315 -310 68.6603
      vertex 313.09 310 69.5106
      vertex 313.09 -310 69.5106
    endloop
  endfacet
  facet normal -0.406702 0 0.913561
    outer loop
      vertex 305 310 68.6603
      vertex 306.91 -310 69.5106
      vertex 306.91 310 69.5106
    endloop
  endfacet
  facet normal -0.406702 0 0.913561
    outer loop
      vertex 306.91 -310 69.5106
      vertex 305 310 68.6603
      vertex 305 -310 68.6603
    endloop
  endfacet
  facet normal 0 -1 0
    outer loop
      vertex 306.91 -310 69.5106
      vertex 311.045 -310 69.9452
      vertex 308.955 -310 69.9452
    endloop
  endfacet
  facet normal 0 -1 0
    outer loop
      vertex 306.91 -310 69.5106
      vertex 313.09 -310 69.5106
      vertex 311.045 -310 69.9452
    endloop
  endfacet
  facet normal 0 -1 0
    outer loop
      vertex 305 -310 68.6603
      vertex 313.09 -310 69.5106
      vertex 306.91 -310 69.5106
    endloop
  endfacet
  facet normal 0 -1 0
    outer loop
      vertex 305 -310 68.6603
      vertex 315 -310 68.6603
      vertex 313.09 -310 69.5106
    endloop
  endfacet
  facet normal 0 -1 0
    outer loop
      vertex 303.309 -310 67.4314
      vertex 315 -310 68.6603
      vertex 305 -310 68.6603
    endloop
  endfacet
  facet normal 0 -1 0
    outer loop
      vertex 303.309 -310 67.4314
      vertex 316.691 -310 67.4314
      vertex 315 -310 68.6603
    endloop
  endfacet
  facet normal 0 -1 0
    outer loop
      vertex 301.91 -310 65.8779
      vertex 316.691 -310 67.4314
      vertex 303.309 -310 67.4314
    endloop
  endfacet
  facet normal 0 -1 0
    outer loop
      vertex 301.91 -310 65.8779
      vertex 318.09 -310 65.8779
      vertex 316.691 -310 67.4314
    endloop
  endfacet
  facet normal 0 -1 0
    outer loop
      vertex 300.865 -310 64.0674
      vertex 318.09 -310 65.8779
      vertex 301.91 -310 65.8779
    endloop
  endfacet
  facet normal 0 -1 0
    outer loop
      vertex 300.865 -310 64.0674
      vertex 319.135 -310 64.0674
      vertex 318.09 -310 65.8779
    endloop
  endfacet
  facet normal 0 -1 0
    outer loop
      vertex 300.219 -310 62.0791
      vertex 319.135 -310 64.0674
      vertex 300.865 -310 64.0674
    endloop
  endfacet
  facet normal 0 -1 0
    outer loop
      vertex 300.219 -310 62.0791
      vertex 319.781 -310 62.0791
      vertex 319.135 -310 64.0674
    endloop
  endfacet
  facet normal 0 -1 0
    outer loop
      vertex 300 -310 60
      vertex 319.781 -310 62.0791
      vertex 300.219 -310 62.0791
    endloop
  endfacet
  facet normal 0 -1 0
    outer loop
      vertex 300 -310 60
      vertex 320 -310 60
      vertex 319.781 -310 62.0791
    endloop
  endfacet
  facet normal 0 -1 0
    outer loop
      vertex 300.219 -310 57.9209
      vertex 320 -310 60
      vertex 300 -310 60
    endloop
  endfacet
  facet normal 0 -1 0
    outer loop
      vertex 300.219 -310 57.9209
      vertex 319.781 -310 57.9209
      vertex 320 -310 60
    endloop
  endfacet
  facet normal 0 -1 0
    outer loop
      vertex 300.865 -310 55.9326
      vertex 319.781 -310 57.9209
      vertex 300.219 -310 57.9209
    endloop
  endfacet
  facet normal 0 -1 0
    outer loop
      vertex 300.865 -310 55.9326
      vertex 319.135 -310 55.9326
      vertex 319.781 -310 57.9209
    endloop
  endfacet
  facet normal 0 -1 0
    outer loop
      vertex 301.91 -310 54.1221
      vertex 319.135 -310 55.9326
      vertex 300.865 -310 55.9326
    endloop
  endfacet
  facet normal 0 -1 0
    outer loop
      vertex 301.91 -310 54.1221
      vertex 318.09 -310 54.1221
      vertex 319.135 -310 55.9326
    endloop
  endfacet
  facet normal 0 -1 0
    outer loop
      vertex 303.309 -310 52.5686
      vertex 318.09 -310 54.1221
      vertex 301.91 -310 54.1221
    endloop
  endfacet
  facet normal 0 -1 0
    outer loop
      vertex 303.309 -310 52.5686
      vertex 316.691 -310 52.5686
      vertex 318.09 -310 54.1221
    endloop
  endfacet
  facet normal 0 -1 0
    outer loop
      vertex 305 -310 51.3397
      vertex 316.691 -310 52.5686
      vertex 303.309 -310 52.5686
    endloop
  endfacet
  facet normal 0 -1 0
    outer loop
      vertex 305 -310 51.3397
      vertex 315 -310 51.3397
      vertex 316.691 -310 52.5686
    endloop
  endfacet
  facet normal 0 -1 0
    outer loop
      vertex 306.91 -310 50.4894
      vertex 315 -310 51.3397
      vertex 305 -310 51.3397
    endloop
  endfacet
  facet normal 0 -1 0
    outer loop
      vertex 306.91 -310 50.4894
      vertex 313.09 -310 50.4894
      vertex 315 -310 51.3397
    endloop
  endfacet
  facet normal 0 -1 0
    outer loop
      vertex 308.955 -310 50.0548
      vertex 313.09 -310 50.4894
      vertex 306.91 -310 50.4894
    endloop
  endfacet
  facet normal 0 -1 0
    outer loop
      vertex 313.09 -310 50.4894
      vertex 308.955 -310 50.0548
      vertex 311.045 -310 50.0548
    endloop
  endfacet
  facet normal -0.207876 0 0.978155
    outer loop
      vertex 306.91 310 69.5106
      vertex 308.955 -310 69.9452
      vertex 308.955 310 69.9452
    endloop
  endfacet
  facet normal -0.207876 0 0.978155
    outer loop
      vertex 308.955 -310 69.9452
      vertex 306.91 310 69.5106
      vertex 306.91 -310 69.5106
    endloop
  endfacet
  facet normal 0.866086 0 -0.499895
    outer loop
      vertex 319.135 -310 55.9326
      vertex 318.09 310 54.1221
      vertex 319.135 310 55.9326
    endloop
  endfacet
  facet normal 0.866086 0 -0.499895
    outer loop
      vertex 318.09 310 54.1221
      vertex 319.135 -310 55.9326
      vertex 318.09 -310 54.1221
    endloop
  endfacet
  facet normal -0.207876 0 -0.978155
    outer loop
      vertex 306.91 -310 50.4894
      vertex 308.955 310 50.0548
      vertex 308.955 -310 50.0548
    endloop
  endfacet
  facet normal -0.207876 0 -0.978155
    outer loop
      vertex 308.955 310 50.0548
      vertex 306.91 -310 50.4894
      vertex 306.91 310 50.4894
    endloop
  endfacet
  facet normal 0.866086 -0 0.499895
    outer loop
      vertex 318.09 -310 65.8779
      vertex 319.135 310 64.0674
      vertex 318.09 310 65.8779
    endloop
  endfacet
  facet normal 0.866086 0 0.499895
    outer loop
      vertex 319.135 310 64.0674
      vertex 318.09 -310 65.8779
      vertex 319.135 -310 64.0674
    endloop
  endfacet
  facet normal 0.951062 0 -0.309001
    outer loop
      vertex 319.781 -310 57.9209
      vertex 319.135 310 55.9326
      vertex 319.781 310 57.9209
    endloop
  endfacet
  facet normal 0.951062 0 -0.309001
    outer loop
      vertex 319.135 310 55.9326
      vertex 319.781 -310 57.9209
      vertex 319.135 -310 55.9326
    endloop
  endfacet
  facet normal -0.587884 0 0.808945
    outer loop
      vertex 303.309 310 67.4314
      vertex 305 -310 68.6603
      vertex 305 310 68.6603
    endloop
  endfacet
  facet normal -0.587884 0 0.808945
    outer loop
      vertex 305 -310 68.6603
      vertex 303.309 310 67.4314
      vertex 303.309 -310 67.4314
    endloop
  endfacet
  facet normal 0.994498 0 -0.104755
    outer loop
      vertex 320 -310 60
      vertex 319.781 310 57.9209
      vertex 320 310 60
    endloop
  endfacet
  facet normal 0.994498 0 -0.104755
    outer loop
      vertex 319.781 310 57.9209
      vertex 320 -310 60
      vertex 319.781 -310 57.9209
    endloop
  endfacet
  facet normal 0.587884 0 0.808945
    outer loop
      vertex 315 310 68.6603
      vertex 316.691 -310 67.4314
      vertex 316.691 310 67.4314
    endloop
  endfacet
  facet normal 0.587884 0 0.808945
    outer loop
      vertex 316.691 -310 67.4314
      vertex 315 310 68.6603
      vertex 315 -310 68.6603
    endloop
  endfacet
  facet normal 0.207876 0 0.978155
    outer loop
      vertex 311.045 310 69.9452
      vertex 313.09 -310 69.5106
      vertex 313.09 310 69.5106
    endloop
  endfacet
  facet normal 0.207876 0 0.978155
    outer loop
      vertex 313.09 -310 69.5106
      vertex 311.045 310 69.9452
      vertex 311.045 -310 69.9452
    endloop
  endfacet
  facet normal -0 0 1
    outer loop
      vertex 308.955 310 69.9452
      vertex 311.045 -310 69.9452
      vertex 311.045 310 69.9452
    endloop
  endfacet
  facet normal 0 0 1
    outer loop
      vertex 311.045 -310 69.9452
      vertex 308.955 310 69.9452
      vertex 308.955 -310 69.9452
    endloop
  endfacet
  facet normal 0 0 -1
    outer loop
      vertex 308.955 -310 50.0548
      vertex 311.045 310 50.0548
      vertex 311.045 -310 50.0548
    endloop
  endfacet
  facet normal -0 0 -1
    outer loop
      vertex 311.045 310 50.0548
      vertex 308.955 -310 50.0548
      vertex 308.955 310 50.0548
    endloop
  endfacet
  facet normal 0.994498 -0 0.104755
    outer loop
      vertex 319.781 -310 62.0791
      vertex 320 310 60
      vertex 319.781 310 62.0791
    endloop
  endfacet
  facet normal 0.994498 0 0.104755
    outer loop
      vertex 320 310 60
      vertex 319.781 -310 62.0791
      vertex 320 -310 60
    endloop
  endfacet
  facet normal -1 0 0
    outer loop
      vertex -350 221.875 100
      vertex -350 222.875 119.5
      vertex -350 222.875 100
    endloop
  endfacet
  facet normal -1 -0 0
    outer loop
      vertex -350 222.875 119.5
      vertex -350 221.875 100
      vertex -350 221.875 119.5
    endloop
  endfacet
  facet normal 1 -0 0
    outer loop
      vertex -300 221.875 120
      vertex -300 222.875 50
      vertex -300 222.875 120
    endloop
  endfacet
  facet normal 1 0 0
    outer loop
      vertex -300 222.875 50
      vertex -300 221.875 120
      vertex -300 221.875 50
    endloop
  endfacet
  facet normal 0 -1 0
    outer loop
      vertex -350 221.875 100
      vertex -312.75 221.875 64.7631
      vertex -310.955 221.875 65.4164
    endloop
  endfacet
  facet normal 0 -1 0
    outer loop
      vertex -350 221.875 100
      vertex -314.213 221.875 63.5353
      vertex -312.75 221.875 64.7631
    endloop
  endfacet
  facet normal 0 -1 0
    outer loop
      vertex -350 221.875 100
      vertex -315.168 221.875 61.8811
      vertex -314.213 221.875 63.5353
    endloop
  endfacet
  facet normal 0 -1 0
    outer loop
      vertex -320 221.875 50
      vertex -315.168 221.875 61.8811
      vertex -350 221.875 100
    endloop
  endfacet
  facet normal 0 -1 0
    outer loop
      vertex -315.168 221.875 61.8811
      vertex -320 221.875 50
      vertex -315.5 221.875 60
    endloop
  endfacet
  facet normal 0 -1 -0
    outer loop
      vertex -315.5 221.875 60
      vertex -320 221.875 50
      vertex -315.168 221.875 58.1189
    endloop
  endfacet
  facet normal 0 -1 -0
    outer loop
      vertex -310.955 221.875 54.5836
      vertex -320 221.875 50
      vertex -309.045 221.875 54.5836
    endloop
  endfacet
  facet normal 0 -1 -0
    outer loop
      vertex -312.75 221.875 55.2369
      vertex -320 221.875 50
      vertex -310.955 221.875 54.5836
    endloop
  endfacet
  facet normal 0 -1 -0
    outer loop
      vertex -314.213 221.875 56.4647
      vertex -320 221.875 50
      vertex -312.75 221.875 55.2369
    endloop
  endfacet
  facet normal 0 -1 -0
    outer loop
      vertex -315.168 221.875 58.1189
      vertex -320 221.875 50
      vertex -314.213 221.875 56.4647
    endloop
  endfacet
  facet normal 0 -1 0
    outer loop
      vertex -350 221.875 119.5
      vertex -338.75 221.875 120.5
      vertex -361.25 221.875 120.5
    endloop
  endfacet
  facet normal 0 -1 0
    outer loop
      vertex -350 221.875 119.5
      vertex -361.25 221.875 120.5
      vertex -361.25 221.875 119.5
    endloop
  endfacet
  facet normal 0 -1 -0
    outer loop
      vertex -338.75 221.875 120.5
      vertex -350 221.875 119.5
      vertex -338.75 221.875 120
    endloop
  endfacet
  facet normal 0 -1 0
    outer loop
      vertex -350 221.875 100
      vertex -338.75 221.875 120
      vertex -350 221.875 119.5
    endloop
  endfacet
  facet normal 0 -1 -0
    outer loop
      vertex -338.75 221.875 120
      vertex -350 221.875 100
      vertex -300 221.875 120
    endloop
  endfacet
  facet normal 0 -1 0
    outer loop
      vertex -310.955 221.875 65.4164
      vertex -300 221.875 120
      vertex -350 221.875 100
    endloop
  endfacet
  facet normal 0 -1 0
    outer loop
      vertex -309.045 221.875 65.4164
      vertex -300 221.875 120
      vertex -310.955 221.875 65.4164
    endloop
  endfacet
  facet normal 0 -1 0
    outer loop
      vertex -307.25 221.875 64.7631
      vertex -300 221.875 120
      vertex -309.045 221.875 65.4164
    endloop
  endfacet
  facet normal 0 -1 0
    outer loop
      vertex -305.787 221.875 63.5353
      vertex -300 221.875 120
      vertex -307.25 221.875 64.7631
    endloop
  endfacet
  facet normal 0 -1 0
    outer loop
      vertex -304.832 221.875 61.8811
      vertex -300 221.875 120
      vertex -305.787 221.875 63.5353
    endloop
  endfacet
  facet normal 0 -1 0
    outer loop
      vertex -300 221.875 50
      vertex -304.832 221.875 61.8811
      vertex -304.5 221.875 60
    endloop
  endfacet
  facet normal 0 -1 0
    outer loop
      vertex -300 221.875 50
      vertex -309.045 221.875 54.5836
      vertex -320 221.875 50
    endloop
  endfacet
  facet normal 0 -1 0
    outer loop
      vertex -304.832 221.875 61.8811
      vertex -300 221.875 50
      vertex -300 221.875 120
    endloop
  endfacet
  facet normal 0 -1 0
    outer loop
      vertex -304.832 221.875 58.1189
      vertex -300 221.875 50
      vertex -304.5 221.875 60
    endloop
  endfacet
  facet normal 0 -1 0
    outer loop
      vertex -305.787 221.875 56.4647
      vertex -300 221.875 50
      vertex -304.832 221.875 58.1189
    endloop
  endfacet
  facet normal 0 -1 0
    outer loop
      vertex -307.25 221.875 55.2369
      vertex -300 221.875 50
      vertex -305.787 221.875 56.4647
    endloop
  endfacet
  facet normal 0 -1 0
    outer loop
      vertex -309.045 221.875 54.5836
      vertex -300 221.875 50
      vertex -307.25 221.875 55.2369
    endloop
  endfacet
  facet normal -0.857493 0 -0.514496
    outer loop
      vertex -320 221.875 50
      vertex -350 222.875 100
      vertex -320 222.875 50
    endloop
  endfacet
  facet normal -0.857493 -0 -0.514496
    outer loop
      vertex -350 222.875 100
      vertex -320 221.875 50
      vertex -350 221.875 100
    endloop
  endfacet
  facet normal -0 0 1
    outer loop
      vertex -338.75 222.875 120
      vertex -300 221.875 120
      vertex -300 222.875 120
    endloop
  endfacet
  facet normal 0 0 1
    outer loop
      vertex -300 221.875 120
      vertex -338.75 222.875 120
      vertex -338.75 221.875 120
    endloop
  endfacet
  facet normal 0 0 -1
    outer loop
      vertex -320 221.875 50
      vertex -300 222.875 50
      vertex -300 221.875 50
    endloop
  endfacet
  facet normal -0 0 -1
    outer loop
      vertex -300 222.875 50
      vertex -320 221.875 50
      vertex -320 222.875 50
    endloop
  endfacet
  facet normal 0 1 0
    outer loop
      vertex -300 222.875 120
      vertex -338.75 222.875 119.5
      vertex -338.75 222.875 120
    endloop
  endfacet
  facet normal 0 1 0
    outer loop
      vertex -338.75 222.875 119.5
      vertex -350 222.875 100
      vertex -350 222.875 119.5
    endloop
  endfacet
  facet normal 0 1 0
    outer loop
      vertex -300 222.875 120
      vertex -350 222.875 100
      vertex -338.75 222.875 119.5
    endloop
  endfacet
  facet normal 0 1 0
    outer loop
      vertex -310.955 222.875 65.4164
      vertex -300 222.875 120
      vertex -309.045 222.875 65.4164
    endloop
  endfacet
  facet normal 0 1 0
    outer loop
      vertex -300 222.875 120
      vertex -307.25 222.875 64.7631
      vertex -309.045 222.875 65.4164
    endloop
  endfacet
  facet normal 0 1 0
    outer loop
      vertex -300 222.875 120
      vertex -305.787 222.875 63.5353
      vertex -307.25 222.875 64.7631
    endloop
  endfacet
  facet normal 0 1 0
    outer loop
      vertex -300 222.875 120
      vertex -304.832 222.875 61.8811
      vertex -305.787 222.875 63.5353
    endloop
  endfacet
  facet normal 0 1 -0
    outer loop
      vertex -300 222.875 50
      vertex -304.832 222.875 61.8811
      vertex -300 222.875 120
    endloop
  endfacet
  facet normal 0 1 0
    outer loop
      vertex -309.045 222.875 54.5836
      vertex -300 222.875 50
      vertex -310.955 222.875 54.5836
    endloop
  endfacet
  facet normal 0 1 0
    outer loop
      vertex -307.25 222.875 55.2369
      vertex -300 222.875 50
      vertex -309.045 222.875 54.5836
    endloop
  endfacet
  facet normal 0 1 0
    outer loop
      vertex -305.787 222.875 56.4647
      vertex -300 222.875 50
      vertex -307.25 222.875 55.2369
    endloop
  endfacet
  facet normal 0 1 0
    outer loop
      vertex -304.832 222.875 58.1189
      vertex -300 222.875 50
      vertex -305.787 222.875 56.4647
    endloop
  endfacet
  facet normal 0 1 0
    outer loop
      vertex -304.5 222.875 60
      vertex -300 222.875 50
      vertex -304.832 222.875 58.1189
    endloop
  endfacet
  facet normal 0 1 0
    outer loop
      vertex -304.832 222.875 61.8811
      vertex -300 222.875 50
      vertex -304.5 222.875 60
    endloop
  endfacet
  facet normal 0 1 0
    outer loop
      vertex -300 222.875 120
      vertex -310.955 222.875 65.4164
      vertex -350 222.875 100
    endloop
  endfacet
  facet normal 0 1 -0
    outer loop
      vertex -312.75 222.875 64.7631
      vertex -350 222.875 100
      vertex -310.955 222.875 65.4164
    endloop
  endfacet
  facet normal 0 1 -0
    outer loop
      vertex -314.213 222.875 63.5353
      vertex -350 222.875 100
      vertex -312.75 222.875 64.7631
    endloop
  endfacet
  facet normal 0 1 -0
    outer loop
      vertex -315.168 222.875 61.8811
      vertex -350 222.875 100
      vertex -314.213 222.875 63.5353
    endloop
  endfacet
  facet normal 0 1 0
    outer loop
      vertex -320 222.875 50
      vertex -315.168 222.875 61.8811
      vertex -315.5 222.875 60
    endloop
  endfacet
  facet normal 0 1 0
    outer loop
      vertex -320 222.875 50
      vertex -315.5 222.875 60
      vertex -315.168 222.875 58.1189
    endloop
  endfacet
  facet normal 0 1 0
    outer loop
      vertex -320 222.875 50
      vertex -315.168 222.875 58.1189
      vertex -314.213 222.875 56.4647
    endloop
  endfacet
  facet normal 0 1 0
    outer loop
      vertex -320 222.875 50
      vertex -310.955 222.875 54.5836
      vertex -300 222.875 50
    endloop
  endfacet
  facet normal 0 1 0
    outer loop
      vertex -315.168 222.875 61.8811
      vertex -320 222.875 50
      vertex -350 222.875 100
    endloop
  endfacet
  facet normal 0 1 0
    outer loop
      vertex -312.75 222.875 55.2369
      vertex -320 222.875 50
      vertex -314.213 222.875 56.4647
    endloop
  endfacet
  facet normal 0 1 0
    outer loop
      vertex -310.955 222.875 54.5836
      vertex -320 222.875 50
      vertex -312.75 222.875 55.2369
    endloop
  endfacet
  facet normal -1 0 0
    outer loop
      vertex -350 277.125 100
      vertex -350 278.125 119.5
      vertex -350 278.125 100
    endloop
  endfacet
  facet normal -1 -0 0
    outer loop
      vertex -350 278.125 119.5
      vertex -350 277.125 100
      vertex -350 277.125 119.5
    endloop
  endfacet
  facet normal 0 -1 0
    outer loop
      vertex -350 277.125 119.5
      vertex -350 277.125 100
      vertex -338.75 277.125 119.5
    endloop
  endfacet
  facet normal 0 -1 0
    outer loop
      vertex -338.75 277.125 119.5
      vertex -300 277.125 120
      vertex -338.75 277.125 120
    endloop
  endfacet
  facet normal 0 -1 0
    outer loop
      vertex -350 277.125 100
      vertex -300 277.125 120
      vertex -338.75 277.125 119.5
    endloop
  endfacet
  facet normal 0 -1 0
    outer loop
      vertex -310.955 277.125 65.4164
      vertex -300 277.125 120
      vertex -350 277.125 100
    endloop
  endfacet
  facet normal 0 -1 0
    outer loop
      vertex -309.045 277.125 65.4164
      vertex -300 277.125 120
      vertex -310.955 277.125 65.4164
    endloop
  endfacet
  facet normal 0 -1 0
    outer loop
      vertex -307.25 277.125 64.7631
      vertex -300 277.125 120
      vertex -309.045 277.125 65.4164
    endloop
  endfacet
  facet normal 0 -1 0
    outer loop
      vertex -305.787 277.125 63.5353
      vertex -300 277.125 120
      vertex -307.25 277.125 64.7631
    endloop
  endfacet
  facet normal 0 -1 0
    outer loop
      vertex -304.832 277.125 61.8811
      vertex -300 277.125 120
      vertex -305.787 277.125 63.5353
    endloop
  endfacet
  facet normal 0 -1 0
    outer loop
      vertex -300 277.125 50
      vertex -304.832 277.125 61.8811
      vertex -304.5 277.125 60
    endloop
  endfacet
  facet normal 0 -1 0
    outer loop
      vertex -300 277.125 50
      vertex -309.045 277.125 54.5836
      vertex -320 277.125 50
    endloop
  endfacet
  facet normal 0 -1 0
    outer loop
      vertex -304.832 277.125 61.8811
      vertex -300 277.125 50
      vertex -300 277.125 120
    endloop
  endfacet
  facet normal 0 -1 0
    outer loop
      vertex -304.832 277.125 58.1189
      vertex -300 277.125 50
      vertex -304.5 277.125 60
    endloop
  endfacet
  facet normal 0 -1 0
    outer loop
      vertex -305.787 277.125 56.4647
      vertex -300 277.125 50
      vertex -304.832 277.125 58.1189
    endloop
  endfacet
  facet normal 0 -1 0
    outer loop
      vertex -307.25 277.125 55.2369
      vertex -300 277.125 50
      vertex -305.787 277.125 56.4647
    endloop
  endfacet
  facet normal 0 -1 0
    outer loop
      vertex -309.045 277.125 54.5836
      vertex -300 277.125 50
      vertex -307.25 277.125 55.2369
    endloop
  endfacet
  facet normal 0 -1 0
    outer loop
      vertex -350 277.125 100
      vertex -312.75 277.125 64.7631
      vertex -310.955 277.125 65.4164
    endloop
  endfacet
  facet normal 0 -1 0
    outer loop
      vertex -350 277.125 100
      vertex -314.213 277.125 63.5353
      vertex -312.75 277.125 64.7631
    endloop
  endfacet
  facet normal 0 -1 0
    outer loop
      vertex -350 277.125 100
      vertex -315.168 277.125 61.8811
      vertex -314.213 277.125 63.5353
    endloop
  endfacet
  facet normal 0 -1 0
    outer loop
      vertex -320 277.125 50
      vertex -315.168 277.125 61.8811
      vertex -350 277.125 100
    endloop
  endfacet
  facet normal 0 -1 0
    outer loop
      vertex -315.168 277.125 61.8811
      vertex -320 277.125 50
      vertex -315.5 277.125 60
    endloop
  endfacet
  facet normal 0 -1 -0
    outer loop
      vertex -315.5 277.125 60
      vertex -320 277.125 50
      vertex -315.168 277.125 58.1189
    endloop
  endfacet
  facet normal 0 -1 -0
    outer loop
      vertex -310.955 277.125 54.5836
      vertex -320 277.125 50
      vertex -309.045 277.125 54.5836
    endloop
  endfacet
  facet normal 0 -1 -0
    outer loop
      vertex -312.75 277.125 55.2369
      vertex -320 277.125 50
      vertex -310.955 277.125 54.5836
    endloop
  endfacet
  facet normal 0 -1 -0
    outer loop
      vertex -314.213 277.125 56.4647
      vertex -320 277.125 50
      vertex -312.75 277.125 55.2369
    endloop
  endfacet
  facet normal 0 -1 -0
    outer loop
      vertex -315.168 277.125 58.1189
      vertex -320 277.125 50
      vertex -314.213 277.125 56.4647
    endloop
  endfacet
  facet normal 1 -0 0
    outer loop
      vertex -300 277.125 120
      vertex -300 278.125 50
      vertex -300 278.125 120
    endloop
  endfacet
  facet normal 1 0 0
    outer loop
      vertex -300 278.125 50
      vertex -300 277.125 120
      vertex -300 277.125 50
    endloop
  endfacet
  facet normal -0.857493 0 -0.514496
    outer loop
      vertex -320 277.125 50
      vertex -350 278.125 100
      vertex -320 278.125 50
    endloop
  endfacet
  facet normal -0.857493 -0 -0.514496
    outer loop
      vertex -350 278.125 100
      vertex -320 277.125 50
      vertex -350 277.125 100
    endloop
  endfacet
  facet normal 0 0 -1
    outer loop
      vertex -320 277.125 50
      vertex -300 278.125 50
      vertex -300 277.125 50
    endloop
  endfacet
  facet normal -0 0 -1
    outer loop
      vertex -300 278.125 50
      vertex -320 277.125 50
      vertex -320 278.125 50
    endloop
  endfacet
  facet normal -0 0 1
    outer loop
      vertex -338.75 278.125 120
      vertex -300 277.125 120
      vertex -300 278.125 120
    endloop
  endfacet
  facet normal 0 0 1
    outer loop
      vertex -300 277.125 120
      vertex -338.75 278.125 120
      vertex -338.75 277.125 120
    endloop
  endfacet
  facet normal 0 1 0
    outer loop
      vertex -350 278.125 100
      vertex -338.75 278.125 120
      vertex -300 278.125 120
    endloop
  endfacet
  facet normal 0 1 0
    outer loop
      vertex -338.75 278.125 120
      vertex -350 278.125 100
      vertex -350 278.125 119.5
    endloop
  endfacet
  facet normal 0 1 0
    outer loop
      vertex -310.955 278.125 65.4164
      vertex -300 278.125 120
      vertex -309.045 278.125 65.4164
    endloop
  endfacet
  facet normal 0 1 0
    outer loop
      vertex -300 278.125 120
      vertex -307.25 278.125 64.7631
      vertex -309.045 278.125 65.4164
    endloop
  endfacet
  facet normal 0 1 0
    outer loop
      vertex -300 278.125 120
      vertex -305.787 278.125 63.5353
      vertex -307.25 278.125 64.7631
    endloop
  endfacet
  facet normal 0 1 0
    outer loop
      vertex -300 278.125 120
      vertex -304.832 278.125 61.8811
      vertex -305.787 278.125 63.5353
    endloop
  endfacet
  facet normal 0 1 -0
    outer loop
      vertex -300 278.125 50
      vertex -304.832 278.125 61.8811
      vertex -300 278.125 120
    endloop
  endfacet
  facet normal 0 1 0
    outer loop
      vertex -309.045 278.125 54.5836
      vertex -300 278.125 50
      vertex -310.955 278.125 54.5836
    endloop
  endfacet
  facet normal 0 1 0
    outer loop
      vertex -307.25 278.125 55.2369
      vertex -300 278.125 50
      vertex -309.045 278.125 54.5836
    endloop
  endfacet
  facet normal 0 1 0
    outer loop
      vertex -305.787 278.125 56.4647
      vertex -300 278.125 50
      vertex -307.25 278.125 55.2369
    endloop
  endfacet
  facet normal 0 1 0
    outer loop
      vertex -304.832 278.125 58.1189
      vertex -300 278.125 50
      vertex -305.787 278.125 56.4647
    endloop
  endfacet
  facet normal 0 1 0
    outer loop
      vertex -304.5 278.125 60
      vertex -300 278.125 50
      vertex -304.832 278.125 58.1189
    endloop
  endfacet
  facet normal 0 1 0
    outer loop
      vertex -304.832 278.125 61.8811
      vertex -300 278.125 50
      vertex -304.5 278.125 60
    endloop
  endfacet
  facet normal 0 1 0
    outer loop
      vertex -350 278.125 119.5
      vertex -338.75 278.125 120.5
      vertex -338.75 278.125 120
    endloop
  endfacet
  facet normal 0 1 0
    outer loop
      vertex -338.75 278.125 120.5
      vertex -350 278.125 119.5
      vertex -361.25 278.125 120.5
    endloop
  endfacet
  facet normal 0 1 0
    outer loop
      vertex -361.25 278.125 120.5
      vertex -350 278.125 119.5
      vertex -361.25 278.125 119.5
    endloop
  endfacet
  facet normal 0 1 0
    outer loop
      vertex -300 278.125 120
      vertex -310.955 278.125 65.4164
      vertex -350 278.125 100
    endloop
  endfacet
  facet normal 0 1 -0
    outer loop
      vertex -312.75 278.125 64.7631
      vertex -350 278.125 100
      vertex -310.955 278.125 65.4164
    endloop
  endfacet
  facet normal 0 1 -0
    outer loop
      vertex -314.213 278.125 63.5353
      vertex -350 278.125 100
      vertex -312.75 278.125 64.7631
    endloop
  endfacet
  facet normal 0 1 -0
    outer loop
      vertex -315.168 278.125 61.8811
      vertex -350 278.125 100
      vertex -314.213 278.125 63.5353
    endloop
  endfacet
  facet normal 0 1 0
    outer loop
      vertex -320 278.125 50
      vertex -315.168 278.125 61.8811
      vertex -315.5 278.125 60
    endloop
  endfacet
  facet normal 0 1 0
    outer loop
      vertex -320 278.125 50
      vertex -315.5 278.125 60
      vertex -315.168 278.125 58.1189
    endloop
  endfacet
  facet normal 0 1 0
    outer loop
      vertex -320 278.125 50
      vertex -315.168 278.125 58.1189
      vertex -314.213 278.125 56.4647
    endloop
  endfacet
  facet normal 0 1 0
    outer loop
      vertex -320 278.125 50
      vertex -310.955 278.125 54.5836
      vertex -300 278.125 50
    endloop
  endfacet
  facet normal 0 1 0
    outer loop
      vertex -315.168 278.125 61.8811
      vertex -320 278.125 50
      vertex -350 278.125 100
    endloop
  endfacet
  facet normal 0 1 0
    outer loop
      vertex -312.75 278.125 55.2369
      vertex -320 278.125 50
      vertex -314.213 278.125 56.4647
    endloop
  endfacet
  facet normal 0 1 0
    outer loop
      vertex -310.955 278.125 54.5836
      vertex -320 278.125 50
      vertex -312.75 278.125 55.2369
    endloop
  endfacet
  facet normal 1 0 0
    outer loop
      vertex -338.75 278.125 120.5
      vertex -338.75 277.125 120
      vertex -338.75 278.125 120
    endloop
  endfacet
  facet normal 1 0 0
    outer loop
      vertex -338.75 277.125 120
      vertex -338.75 222.875 120
      vertex -338.75 277.125 119.5
    endloop
  endfacet
  facet normal 1 0 0
    outer loop
      vertex -338.75 278.125 120.5
      vertex -338.75 222.875 120
      vertex -338.75 277.125 120
    endloop
  endfacet
  facet normal 1 -0 0
    outer loop
      vertex -338.75 221.875 120.5
      vertex -338.75 222.875 120
      vertex -338.75 278.125 120.5
    endloop
  endfacet
  facet normal 1 0 0
    outer loop
      vertex -338.75 222.875 120
      vertex -338.75 221.875 120.5
      vertex -338.75 221.875 120
    endloop
  endfacet
  facet normal 1 0 0
    outer loop
      vertex -338.75 277.125 119.5
      vertex -338.75 222.875 120
      vertex -338.75 222.875 119.5
    endloop
  endfacet
  facet normal 0 0 1
    outer loop
      vertex -338.75 278.125 120.5
      vertex -345 250 120.5
      vertex -338.75 221.875 120.5
    endloop
  endfacet
  facet normal 0 0 1
    outer loop
      vertex -338.75 278.125 120.5
      vertex -345.381 251.913 120.5
      vertex -345 250 120.5
    endloop
  endfacet
  facet normal 0 0 1
    outer loop
      vertex -338.75 278.125 120.5
      vertex -346.464 253.536 120.5
      vertex -345.381 251.913 120.5
    endloop
  endfacet
  facet normal 0 0 1
    outer loop
      vertex -338.75 278.125 120.5
      vertex -348.087 254.619 120.5
      vertex -346.464 253.536 120.5
    endloop
  endfacet
  facet normal 0 0 1
    outer loop
      vertex -338.75 278.125 120.5
      vertex -350 255 120.5
      vertex -348.087 254.619 120.5
    endloop
  endfacet
  facet normal -0 0 1
    outer loop
      vertex -361.25 278.125 120.5
      vertex -350 255 120.5
      vertex -338.75 278.125 120.5
    endloop
  endfacet
  facet normal 0 0 1
    outer loop
      vertex -350 255 120.5
      vertex -361.25 278.125 120.5
      vertex -351.913 254.619 120.5
    endloop
  endfacet
  facet normal 0 0 1
    outer loop
      vertex -351.913 254.619 120.5
      vertex -361.25 278.125 120.5
      vertex -353.536 253.536 120.5
    endloop
  endfacet
  facet normal 0 0 1
    outer loop
      vertex -354.619 251.913 120.5
      vertex -361.25 278.125 120.5
      vertex -355 250 120.5
    endloop
  endfacet
  facet normal 0 0 1
    outer loop
      vertex -353.536 253.536 120.5
      vertex -361.25 278.125 120.5
      vertex -354.619 251.913 120.5
    endloop
  endfacet
  facet normal -0 0 1
    outer loop
      vertex -345.381 248.087 120.5
      vertex -338.75 221.875 120.5
      vertex -345 250 120.5
    endloop
  endfacet
  facet normal -0 0 1
    outer loop
      vertex -346.464 246.464 120.5
      vertex -338.75 221.875 120.5
      vertex -345.381 248.087 120.5
    endloop
  endfacet
  facet normal -0 0 1
    outer loop
      vertex -348.087 245.381 120.5
      vertex -338.75 221.875 120.5
      vertex -346.464 246.464 120.5
    endloop
  endfacet
  facet normal -0 0 1
    outer loop
      vertex -350 245 120.5
      vertex -338.75 221.875 120.5
      vertex -348.087 245.381 120.5
    endloop
  endfacet
  facet normal 0 0 1
    outer loop
      vertex -361.25 221.875 120.5
      vertex -350 245 120.5
      vertex -351.913 245.381 120.5
    endloop
  endfacet
  facet normal 0 0 1
    outer loop
      vertex -361.25 221.875 120.5
      vertex -351.913 245.381 120.5
      vertex -353.536 246.464 120.5
    endloop
  endfacet
  facet normal 0 0 1
    outer loop
      vertex -361.25 221.875 120.5
      vertex -353.536 246.464 120.5
      vertex -354.619 248.087 120.5
    endloop
  endfacet
  facet normal 0 0 1
    outer loop
      vertex -361.25 221.875 120.5
      vertex -355 250 120.5
      vertex -361.25 278.125 120.5
    endloop
  endfacet
  facet normal 0 0 1
    outer loop
      vertex -350 245 120.5
      vertex -361.25 221.875 120.5
      vertex -338.75 221.875 120.5
    endloop
  endfacet
  facet normal 0 0 1
    outer loop
      vertex -355 250 120.5
      vertex -361.25 221.875 120.5
      vertex -354.619 248.087 120.5
    endloop
  endfacet
  facet normal 0 0 -1
    outer loop
      vertex -361.25 221.875 119.5
      vertex -350 222.875 119.5
      vertex -350 221.875 119.5
    endloop
  endfacet
  facet normal -0 0 -1
    outer loop
      vertex -350 222.875 119.5
      vertex -361.25 221.875 119.5
      vertex -350 277.125 119.5
    endloop
  endfacet
  facet normal 0 0 -1
    outer loop
      vertex -361.25 278.125 119.5
      vertex -350 277.125 119.5
      vertex -361.25 221.875 119.5
    endloop
  endfacet
  facet normal 0 0 -1
    outer loop
      vertex -350 277.125 119.5
      vertex -361.25 278.125 119.5
      vertex -350 278.125 119.5
    endloop
  endfacet
  facet normal 0 0 -1
    outer loop
      vertex -350 222.875 119.5
      vertex -338.75 277.125 119.5
      vertex -338.75 222.875 119.5
    endloop
  endfacet
  facet normal -0 0 -1
    outer loop
      vertex -338.75 277.125 119.5
      vertex -350 222.875 119.5
      vertex -350 277.125 119.5
    endloop
  endfacet
  facet normal -1 0 0
    outer loop
      vertex -361.25 221.875 119.5
      vertex -361.25 278.125 120.5
      vertex -361.25 278.125 119.5
    endloop
  endfacet
  facet normal -1 -0 0
    outer loop
      vertex -361.25 278.125 120.5
      vertex -361.25 221.875 119.5
      vertex -361.25 221.875 120.5
    endloop
  endfacet
  facet normal -0.866037 0 -0.499979
    outer loop
      vertex -304.832 221.875 61.8811
      vertex -305.787 222.875 63.5353
      vertex -304.832 222.875 61.8811
    endloop
  endfacet
  facet normal -0.866037 -0 -0.499979
    outer loop
      vertex -305.787 222.875 63.5353
      vertex -304.832 221.875 61.8811
      vertex -305.787 221.875 63.5353
    endloop
  endfacet
  facet normal -0.866037 0 -0.499979
    outer loop
      vertex -304.832 277.125 61.8811
      vertex -305.787 278.125 63.5353
      vertex -304.832 278.125 61.8811
    endloop
  endfacet
  facet normal -0.866037 -0 -0.499979
    outer loop
      vertex -305.787 278.125 63.5353
      vertex -304.832 277.125 61.8811
      vertex -305.787 277.125 63.5353
    endloop
  endfacet
  facet normal -0.98478 0 -0.173806
    outer loop
      vertex -304.5 221.875 60
      vertex -304.832 222.875 61.8811
      vertex -304.5 222.875 60
    endloop
  endfacet
  facet normal -0.98478 -0 -0.173806
    outer loop
      vertex -304.832 222.875 61.8811
      vertex -304.5 221.875 60
      vertex -304.832 221.875 61.8811
    endloop
  endfacet
  facet normal -0.98478 0 -0.173806
    outer loop
      vertex -304.5 277.125 60
      vertex -304.832 278.125 61.8811
      vertex -304.5 278.125 60
    endloop
  endfacet
  facet normal -0.98478 -0 -0.173806
    outer loop
      vertex -304.832 278.125 61.8811
      vertex -304.5 277.125 60
      vertex -304.832 277.125 61.8811
    endloop
  endfacet
  facet normal 0.98478 -0 0.173806
    outer loop
      vertex -315.5 221.875 60
      vertex -315.168 222.875 58.1189
      vertex -315.5 222.875 60
    endloop
  endfacet
  facet normal 0.98478 0 0.173806
    outer loop
      vertex -315.168 222.875 58.1189
      vertex -315.5 221.875 60
      vertex -315.168 221.875 58.1189
    endloop
  endfacet
  facet normal 0.98478 -0 0.173806
    outer loop
      vertex -315.5 277.125 60
      vertex -315.168 278.125 58.1189
      vertex -315.5 278.125 60
    endloop
  endfacet
  facet normal 0.98478 0 0.173806
    outer loop
      vertex -315.168 278.125 58.1189
      vertex -315.5 277.125 60
      vertex -315.168 277.125 58.1189
    endloop
  endfacet
  facet normal 0.866037 0 -0.499979
    outer loop
      vertex -314.213 221.875 63.5353
      vertex -315.168 222.875 61.8811
      vertex -314.213 222.875 63.5353
    endloop
  endfacet
  facet normal 0.866037 0 -0.499979
    outer loop
      vertex -315.168 222.875 61.8811
      vertex -314.213 221.875 63.5353
      vertex -315.168 221.875 61.8811
    endloop
  endfacet
  facet normal 0.866037 0 -0.499979
    outer loop
      vertex -314.213 277.125 63.5353
      vertex -315.168 278.125 61.8811
      vertex -314.213 278.125 63.5353
    endloop
  endfacet
  facet normal 0.866037 0 -0.499979
    outer loop
      vertex -315.168 278.125 61.8811
      vertex -314.213 277.125 63.5353
      vertex -315.168 277.125 61.8811
    endloop
  endfacet
  facet normal -0.342008 0 0.939697
    outer loop
      vertex -309.045 222.875 54.5836
      vertex -307.25 221.875 55.2369
      vertex -307.25 222.875 55.2369
    endloop
  endfacet
  facet normal -0.342008 0 0.939697
    outer loop
      vertex -307.25 221.875 55.2369
      vertex -309.045 222.875 54.5836
      vertex -309.045 221.875 54.5836
    endloop
  endfacet
  facet normal -0.342008 0 0.939697
    outer loop
      vertex -309.045 278.125 54.5836
      vertex -307.25 277.125 55.2369
      vertex -307.25 278.125 55.2369
    endloop
  endfacet
  facet normal -0.342008 0 0.939697
    outer loop
      vertex -307.25 277.125 55.2369
      vertex -309.045 278.125 54.5836
      vertex -309.045 277.125 54.5836
    endloop
  endfacet
  facet normal -0 0 1
    outer loop
      vertex -310.955 222.875 54.5836
      vertex -309.045 221.875 54.5836
      vertex -309.045 222.875 54.5836
    endloop
  endfacet
  facet normal 0 0 1
    outer loop
      vertex -309.045 221.875 54.5836
      vertex -310.955 222.875 54.5836
      vertex -310.955 221.875 54.5836
    endloop
  endfacet
  facet normal -0 0 1
    outer loop
      vertex -310.955 278.125 54.5836
      vertex -309.045 277.125 54.5836
      vertex -309.045 278.125 54.5836
    endloop
  endfacet
  facet normal 0 0 1
    outer loop
      vertex -309.045 277.125 54.5836
      vertex -310.955 278.125 54.5836
      vertex -310.955 277.125 54.5836
    endloop
  endfacet
  facet normal -0.642848 0 -0.765994
    outer loop
      vertex -307.25 221.875 64.7631
      vertex -305.787 222.875 63.5353
      vertex -305.787 221.875 63.5353
    endloop
  endfacet
  facet normal -0.642848 0 -0.765994
    outer loop
      vertex -305.787 222.875 63.5353
      vertex -307.25 221.875 64.7631
      vertex -307.25 222.875 64.7631
    endloop
  endfacet
  facet normal -0.642848 0 -0.765994
    outer loop
      vertex -307.25 277.125 64.7631
      vertex -305.787 278.125 63.5353
      vertex -305.787 277.125 63.5353
    endloop
  endfacet
  facet normal -0.642848 0 -0.765994
    outer loop
      vertex -305.787 278.125 63.5353
      vertex -307.25 277.125 64.7631
      vertex -307.25 278.125 64.7631
    endloop
  endfacet
  facet normal 0.642848 0 -0.765994
    outer loop
      vertex -314.213 221.875 63.5353
      vertex -312.75 222.875 64.7631
      vertex -312.75 221.875 64.7631
    endloop
  endfacet
  facet normal 0.642848 0 -0.765994
    outer loop
      vertex -312.75 222.875 64.7631
      vertex -314.213 221.875 63.5353
      vertex -314.213 222.875 63.5353
    endloop
  endfacet
  facet normal 0.642848 0 -0.765994
    outer loop
      vertex -314.213 277.125 63.5353
      vertex -312.75 278.125 64.7631
      vertex -312.75 277.125 64.7631
    endloop
  endfacet
  facet normal 0.642848 0 -0.765994
    outer loop
      vertex -312.75 278.125 64.7631
      vertex -314.213 277.125 63.5353
      vertex -314.213 278.125 63.5353
    endloop
  endfacet
  facet normal 0.342008 0 0.939697
    outer loop
      vertex -312.75 222.875 55.2369
      vertex -310.955 221.875 54.5836
      vertex -310.955 222.875 54.5836
    endloop
  endfacet
  facet normal 0.342008 0 0.939697
    outer loop
      vertex -310.955 221.875 54.5836
      vertex -312.75 222.875 55.2369
      vertex -312.75 221.875 55.2369
    endloop
  endfacet
  facet normal 0.342008 0 0.939697
    outer loop
      vertex -312.75 278.125 55.2369
      vertex -310.955 277.125 54.5836
      vertex -310.955 278.125 54.5836
    endloop
  endfacet
  facet normal 0.342008 0 0.939697
    outer loop
      vertex -310.955 277.125 54.5836
      vertex -312.75 278.125 55.2369
      vertex -312.75 277.125 55.2369
    endloop
  endfacet
  facet normal 0.342008 0 -0.939697
    outer loop
      vertex -312.75 221.875 64.7631
      vertex -310.955 222.875 65.4164
      vertex -310.955 221.875 65.4164
    endloop
  endfacet
  facet normal 0.342008 0 -0.939697
    outer loop
      vertex -310.955 222.875 65.4164
      vertex -312.75 221.875 64.7631
      vertex -312.75 222.875 64.7631
    endloop
  endfacet
  facet normal 0.342008 0 -0.939697
    outer loop
      vertex -312.75 277.125 64.7631
      vertex -310.955 278.125 65.4164
      vertex -310.955 277.125 65.4164
    endloop
  endfacet
  facet normal 0.342008 0 -0.939697
    outer loop
      vertex -310.955 278.125 65.4164
      vertex -312.75 277.125 64.7631
      vertex -312.75 278.125 64.7631
    endloop
  endfacet
  facet normal -0.342008 0 -0.939697
    outer loop
      vertex -309.045 221.875 65.4164
      vertex -307.25 222.875 64.7631
      vertex -307.25 221.875 64.7631
    endloop
  endfacet
  facet normal -0.342008 0 -0.939697
    outer loop
      vertex -307.25 222.875 64.7631
      vertex -309.045 221.875 65.4164
      vertex -309.045 222.875 65.4164
    endloop
  endfacet
  facet normal -0.342008 0 -0.939697
    outer loop
      vertex -309.045 277.125 65.4164
      vertex -307.25 278.125 64.7631
      vertex -307.25 277.125 64.7631
    endloop
  endfacet
  facet normal -0.342008 0 -0.939697
    outer loop
      vertex -307.25 278.125 64.7631
      vertex -309.045 277.125 65.4164
      vertex -309.045 278.125 65.4164
    endloop
  endfacet
  facet normal -0.642848 0 0.765994
    outer loop
      vertex -307.25 222.875 55.2369
      vertex -305.787 221.875 56.4647
      vertex -305.787 222.875 56.4647
    endloop
  endfacet
  facet normal -0.642848 0 0.765994
    outer loop
      vertex -305.787 221.875 56.4647
      vertex -307.25 222.875 55.2369
      vertex -307.25 221.875 55.2369
    endloop
  endfacet
  facet normal -0.642848 0 0.765994
    outer loop
      vertex -307.25 278.125 55.2369
      vertex -305.787 277.125 56.4647
      vertex -305.787 278.125 56.4647
    endloop
  endfacet
  facet normal -0.642848 0 0.765994
    outer loop
      vertex -305.787 277.125 56.4647
      vertex -307.25 278.125 55.2369
      vertex -307.25 277.125 55.2369
    endloop
  endfacet
  facet normal 0.98478 0 -0.173806
    outer loop
      vertex -315.168 221.875 61.8811
      vertex -315.5 222.875 60
      vertex -315.168 222.875 61.8811
    endloop
  endfacet
  facet normal 0.98478 0 -0.173806
    outer loop
      vertex -315.5 222.875 60
      vertex -315.168 221.875 61.8811
      vertex -315.5 221.875 60
    endloop
  endfacet
  facet normal 0.98478 0 -0.173806
    outer loop
      vertex -315.168 277.125 61.8811
      vertex -315.5 278.125 60
      vertex -315.168 278.125 61.8811
    endloop
  endfacet
  facet normal 0.98478 0 -0.173806
    outer loop
      vertex -315.5 278.125 60
      vertex -315.168 277.125 61.8811
      vertex -315.5 277.125 60
    endloop
  endfacet
  facet normal -0.98478 0 0.173806
    outer loop
      vertex -304.832 221.875 58.1189
      vertex -304.5 222.875 60
      vertex -304.832 222.875 58.1189
    endloop
  endfacet
  facet normal -0.98478 0 0.173806
    outer loop
      vertex -304.5 222.875 60
      vertex -304.832 221.875 58.1189
      vertex -304.5 221.875 60
    endloop
  endfacet
  facet normal -0.98478 0 0.173806
    outer loop
      vertex -304.832 277.125 58.1189
      vertex -304.5 278.125 60
      vertex -304.832 278.125 58.1189
    endloop
  endfacet
  facet normal -0.98478 0 0.173806
    outer loop
      vertex -304.5 278.125 60
      vertex -304.832 277.125 58.1189
      vertex -304.5 277.125 60
    endloop
  endfacet
  facet normal 0 0 -1
    outer loop
      vertex -310.955 221.875 65.4164
      vertex -309.045 222.875 65.4164
      vertex -309.045 221.875 65.4164
    endloop
  endfacet
  facet normal -0 0 -1
    outer loop
      vertex -309.045 222.875 65.4164
      vertex -310.955 221.875 65.4164
      vertex -310.955 222.875 65.4164
    endloop
  endfacet
  facet normal 0 0 -1
    outer loop
      vertex -310.955 277.125 65.4164
      vertex -309.045 278.125 65.4164
      vertex -309.045 277.125 65.4164
    endloop
  endfacet
  facet normal -0 0 -1
    outer loop
      vertex -309.045 278.125 65.4164
      vertex -310.955 277.125 65.4164
      vertex -310.955 278.125 65.4164
    endloop
  endfacet
  facet normal 0.866037 -0 0.499979
    outer loop
      vertex -315.168 221.875 58.1189
      vertex -314.213 222.875 56.4647
      vertex -315.168 222.875 58.1189
    endloop
  endfacet
  facet normal 0.866037 0 0.499979
    outer loop
      vertex -314.213 222.875 56.4647
      vertex -315.168 221.875 58.1189
      vertex -314.213 221.875 56.4647
    endloop
  endfacet
  facet normal 0.866037 -0 0.499979
    outer loop
      vertex -315.168 277.125 58.1189
      vertex -314.213 278.125 56.4647
      vertex -315.168 278.125 58.1189
    endloop
  endfacet
  facet normal 0.866037 0 0.499979
    outer loop
      vertex -314.213 278.125 56.4647
      vertex -315.168 277.125 58.1189
      vertex -314.213 277.125 56.4647
    endloop
  endfacet
  facet normal -0.866037 0 0.499979
    outer loop
      vertex -305.787 221.875 56.4647
      vertex -304.832 222.875 58.1189
      vertex -305.787 222.875 56.4647
    endloop
  endfacet
  facet normal -0.866037 0 0.499979
    outer loop
      vertex -304.832 222.875 58.1189
      vertex -305.787 221.875 56.4647
      vertex -304.832 221.875 58.1189
    endloop
  endfacet
  facet normal -0.866037 0 0.499979
    outer loop
      vertex -305.787 277.125 56.4647
      vertex -304.832 278.125 58.1189
      vertex -305.787 278.125 56.4647
    endloop
  endfacet
  facet normal -0.866037 0 0.499979
    outer loop
      vertex -304.832 278.125 58.1189
      vertex -305.787 277.125 56.4647
      vertex -304.832 277.125 58.1189
    endloop
  endfacet
  facet normal 0.642848 0 0.765994
    outer loop
      vertex -314.213 222.875 56.4647
      vertex -312.75 221.875 55.2369
      vertex -312.75 222.875 55.2369
    endloop
  endfacet
  facet normal 0.642848 0 0.765994
    outer loop
      vertex -312.75 221.875 55.2369
      vertex -314.213 222.875 56.4647
      vertex -314.213 221.875 56.4647
    endloop
  endfacet
  facet normal 0.642848 0 0.765994
    outer loop
      vertex -314.213 278.125 56.4647
      vertex -312.75 277.125 55.2369
      vertex -312.75 278.125 55.2369
    endloop
  endfacet
  facet normal 0.642848 0 0.765994
    outer loop
      vertex -312.75 277.125 55.2369
      vertex -314.213 278.125 56.4647
      vertex -314.213 277.125 56.4647
    endloop
  endfacet
  facet normal 0.9877 0 -0.156363
    outer loop
      vertex -250.329 227.5 53.7283
      vertex -251.311 272.5 47.5253
      vertex -250.329 272.5 53.7283
    endloop
  endfacet
  facet normal 0.9877 0 -0.156363
    outer loop
      vertex -251.311 272.5 47.5253
      vertex -250.329 227.5 53.7283
      vertex -251.311 227.5 47.5253
    endloop
  endfacet
  facet normal 0.9877 -0 0.156363
    outer loop
      vertex -251.311 227.5 72.4747
      vertex -250.329 272.5 66.2717
      vertex -251.311 272.5 72.4747
    endloop
  endfacet
  facet normal 0.9877 0 0.156363
    outer loop
      vertex -250.329 272.5 66.2717
      vertex -251.311 227.5 72.4747
      vertex -250.329 227.5 66.2717
    endloop
  endfacet
  facet normal 0.998627 -0 0.0523858
    outer loop
      vertex -250.329 227.5 66.2717
      vertex -250 272.5 60
      vertex -250.329 272.5 66.2717
    endloop
  endfacet
  facet normal 0.998627 0 0.0523858
    outer loop
      vertex -250 272.5 60
      vertex -250.329 227.5 66.2717
      vertex -250 227.5 60
    endloop
  endfacet
  facet normal 0.965904 -0 0.258899
    outer loop
      vertex -252.937 227.5 78.541
      vertex -251.311 272.5 72.4747
      vertex -252.937 272.5 78.541
    endloop
  endfacet
  facet normal 0.965904 0 0.258899
    outer loop
      vertex -251.311 272.5 72.4747
      vertex -252.937 227.5 78.541
      vertex -251.311 227.5 72.4747
    endloop
  endfacet
  facet normal 0.838634 -0 0.544696
    outer loop
      vertex -261.459 227.5 95.2671
      vertex -258.038 272.5 90
      vertex -261.459 272.5 95.2671
    endloop
  endfacet
  facet normal 0.838634 0 0.544696
    outer loop
      vertex -258.038 272.5 90
      vertex -261.459 227.5 95.2671
      vertex -258.038 227.5 90
    endloop
  endfacet
  facet normal -0.156363 0 0.9877
    outer loop
      vertex -322.475 272.5 118.689
      vertex -316.272 227.5 119.671
      vertex -316.272 272.5 119.671
    endloop
  endfacet
  facet normal -0.156363 0 0.9877
    outer loop
      vertex -316.272 227.5 119.671
      vertex -322.475 272.5 118.689
      vertex -322.475 227.5 118.689
    endloop
  endfacet
  facet normal -0.965904 0 -0.258899
    outer loop
      vertex -367.063 227.5 41.459
      vertex -368.689 272.5 47.5253
      vertex -367.063 272.5 41.459
    endloop
  endfacet
  facet normal -0.965904 -0 -0.258899
    outer loop
      vertex -368.689 272.5 47.5253
      vertex -367.063 227.5 41.459
      vertex -368.689 227.5 47.5253
    endloop
  endfacet
  facet normal -0.453979 0 -0.891013
    outer loop
      vertex -340 227.5 8.03848
      vertex -334.404 272.5 5.18727
      vertex -334.404 227.5 5.18727
    endloop
  endfacet
  facet normal -0.453979 0 -0.891013
    outer loop
      vertex -334.404 272.5 5.18727
      vertex -340 227.5 8.03848
      vertex -340 272.5 8.03848
    endloop
  endfacet
  facet normal 0.998627 0 -0.0523858
    outer loop
      vertex -250 227.5 60
      vertex -250.329 272.5 53.7283
      vertex -250 272.5 60
    endloop
  endfacet
  facet normal 0.998627 0 -0.0523858
    outer loop
      vertex -250.329 272.5 53.7283
      vertex -250 227.5 60
      vertex -250.329 227.5 53.7283
    endloop
  endfacet
  facet normal 0.258832 0 -0.965922
    outer loop
      vertex -297.525 227.5 1.31114
      vertex -291.459 272.5 2.93661
      vertex -291.459 227.5 2.93661
    endloop
  endfacet
  facet normal 0.258832 0 -0.965922
    outer loop
      vertex -291.459 272.5 2.93661
      vertex -297.525 227.5 1.31114
      vertex -297.525 272.5 1.31114
    endloop
  endfacet
  facet normal -0.629296 0 -0.777166
    outer loop
      vertex -350.148 227.5 15.4113
      vertex -345.267 272.5 11.459
      vertex -345.267 227.5 11.459
    endloop
  endfacet
  facet normal -0.629296 0 -0.777166
    outer loop
      vertex -345.267 272.5 11.459
      vertex -350.148 227.5 15.4113
      vertex -350.148 272.5 15.4113
    endloop
  endfacet
  facet normal -0.156434 0 -0.987688
    outer loop
      vertex -322.475 227.5 1.31114
      vertex -316.272 272.5 0.328687
      vertex -316.272 227.5 0.328687
    endloop
  endfacet
  facet normal -0.156434 0 -0.987688
    outer loop
      vertex -316.272 272.5 0.328687
      vertex -322.475 227.5 1.31114
      vertex -322.475 272.5 1.31114
    endloop
  endfacet
  facet normal -0.707099 0 -0.707115
    outer loop
      vertex -354.589 227.5 19.8522
      vertex -350.148 272.5 15.4113
      vertex -350.148 227.5 15.4113
    endloop
  endfacet
  facet normal -0.707099 0 -0.707115
    outer loop
      vertex -350.148 272.5 15.4113
      vertex -354.589 227.5 19.8522
      vertex -354.589 272.5 19.8522
    endloop
  endfacet
  facet normal -0.965904 0 0.258899
    outer loop
      vertex -368.689 227.5 72.4747
      vertex -367.063 272.5 78.541
      vertex -368.689 272.5 72.4747
    endloop
  endfacet
  facet normal -0.965904 0 0.258899
    outer loop
      vertex -367.063 272.5 78.541
      vertex -368.689 227.5 72.4747
      vertex -367.063 227.5 78.541
    endloop
  endfacet
  facet normal -0.544649 0 -0.838664
    outer loop
      vertex -345.267 227.5 11.459
      vertex -340 272.5 8.03848
      vertex -340 227.5 8.03848
    endloop
  endfacet
  facet normal -0.544649 0 -0.838664
    outer loop
      vertex -340 272.5 8.03848
      vertex -345.267 227.5 11.459
      vertex -345.267 272.5 11.459
    endloop
  endfacet
  facet normal 0.629267 0 0.777189
    outer loop
      vertex -274.733 272.5 108.541
      vertex -269.852 227.5 104.589
      vertex -269.852 272.5 104.589
    endloop
  endfacet
  facet normal 0.629267 0 0.777189
    outer loop
      vertex -269.852 227.5 104.589
      vertex -274.733 272.5 108.541
      vertex -274.733 227.5 108.541
    endloop
  endfacet
  facet normal 0.156363 0 0.9877
    outer loop
      vertex -303.728 272.5 119.671
      vertex -297.525 227.5 118.689
      vertex -297.525 272.5 118.689
    endloop
  endfacet
  facet normal 0.156363 0 0.9877
    outer loop
      vertex -297.525 227.5 118.689
      vertex -303.728 272.5 119.671
      vertex -303.728 227.5 119.671
    endloop
  endfacet
  facet normal 0.544703 0 0.838629
    outer loop
      vertex -280 272.5 111.962
      vertex -274.733 227.5 108.541
      vertex -274.733 272.5 108.541
    endloop
  endfacet
  facet normal 0.544703 0 0.838629
    outer loop
      vertex -274.733 227.5 108.541
      vertex -280 272.5 111.962
      vertex -280 227.5 111.962
    endloop
  endfacet
  facet normal 0.358377 0 -0.933577
    outer loop
      vertex -291.459 227.5 2.93661
      vertex -285.596 272.5 5.18727
      vertex -285.596 227.5 5.18727
    endloop
  endfacet
  facet normal 0.358377 0 -0.933577
    outer loop
      vertex -285.596 272.5 5.18727
      vertex -291.459 227.5 2.93661
      vertex -291.459 272.5 2.93661
    endloop
  endfacet
  facet normal -0.258911 0 0.965901
    outer loop
      vertex -328.541 272.5 117.063
      vertex -322.475 227.5 118.689
      vertex -322.475 272.5 118.689
    endloop
  endfacet
  facet normal -0.258911 0 0.965901
    outer loop
      vertex -322.475 227.5 118.689
      vertex -328.541 272.5 117.063
      vertex -328.541 227.5 117.063
    endloop
  endfacet
  facet normal 0.0523833 0 0.998627
    outer loop
      vertex -310 272.5 120
      vertex -303.728 227.5 119.671
      vertex -303.728 272.5 119.671
    endloop
  endfacet
  facet normal 0.0523833 0 0.998627
    outer loop
      vertex -303.728 227.5 119.671
      vertex -310 272.5 120
      vertex -310 227.5 120
    endloop
  endfacet
  facet normal 0.358285 0 0.933612
    outer loop
      vertex -291.459 272.5 117.063
      vertex -285.596 227.5 114.813
      vertex -285.596 272.5 114.813
    endloop
  endfacet
  facet normal 0.358285 0 0.933612
    outer loop
      vertex -285.596 227.5 114.813
      vertex -291.459 272.5 117.063
      vertex -291.459 227.5 117.063
    endloop
  endfacet
  facet normal 0.965904 0 -0.258899
    outer loop
      vertex -251.311 227.5 47.5253
      vertex -252.937 272.5 41.459
      vertex -251.311 272.5 47.5253
    endloop
  endfacet
  facet normal 0.965904 0 -0.258899
    outer loop
      vertex -252.937 272.5 41.459
      vertex -251.311 227.5 47.5253
      vertex -252.937 227.5 41.459
    endloop
  endfacet
  facet normal 0.453952 0 0.891026
    outer loop
      vertex -285.596 272.5 114.813
      vertex -280 227.5 111.962
      vertex -280 272.5 111.962
    endloop
  endfacet
  facet normal 0.453952 0 0.891026
    outer loop
      vertex -280 227.5 111.962
      vertex -285.596 272.5 114.813
      vertex -285.596 227.5 114.813
    endloop
  endfacet
  facet normal -0.453952 0 0.891026
    outer loop
      vertex -340 272.5 111.962
      vertex -334.404 227.5 114.813
      vertex -334.404 272.5 114.813
    endloop
  endfacet
  facet normal -0.453952 0 0.891026
    outer loop
      vertex -334.404 227.5 114.813
      vertex -340 272.5 111.962
      vertex -340 227.5 111.962
    endloop
  endfacet
  facet normal 0.156434 0 -0.987688
    outer loop
      vertex -303.728 227.5 0.328687
      vertex -297.525 272.5 1.31114
      vertex -297.525 227.5 1.31114
    endloop
  endfacet
  facet normal 0.156434 0 -0.987688
    outer loop
      vertex -297.525 272.5 1.31114
      vertex -303.728 227.5 0.328687
      vertex -303.728 272.5 0.328687
    endloop
  endfacet
  facet normal -0.258832 0 -0.965922
    outer loop
      vertex -328.541 227.5 2.93661
      vertex -322.475 272.5 1.31114
      vertex -322.475 227.5 1.31114
    endloop
  endfacet
  facet normal -0.258832 0 -0.965922
    outer loop
      vertex -322.475 272.5 1.31114
      vertex -328.541 227.5 2.93661
      vertex -328.541 272.5 2.93661
    endloop
  endfacet
  facet normal 0.77717 0 -0.62929
    outer loop
      vertex -261.459 227.5 24.7329
      vertex -265.411 272.5 19.8522
      vertex -261.459 272.5 24.7329
    endloop
  endfacet
  facet normal 0.77717 0 -0.62929
    outer loop
      vertex -265.411 272.5 19.8522
      vertex -261.459 227.5 24.7329
      vertex -265.411 227.5 19.8522
    endloop
  endfacet
  facet normal 0.89102 0 -0.453965
    outer loop
      vertex -255.187 227.5 35.5958
      vertex -258.038 272.5 30
      vertex -255.187 272.5 35.5958
    endloop
  endfacet
  facet normal 0.89102 0 -0.453965
    outer loop
      vertex -258.038 272.5 30
      vertex -255.187 227.5 35.5958
      vertex -258.038 227.5 30
    endloop
  endfacet
  facet normal -0.707107 0 0.707107
    outer loop
      vertex -354.589 227.5 100.148
      vertex -350.148 272.5 104.589
      vertex -354.589 272.5 100.148
    endloop
  endfacet
  facet normal -0.707107 0 0.707107
    outer loop
      vertex -350.148 272.5 104.589
      vertex -354.589 227.5 100.148
      vertex -350.148 227.5 104.589
    endloop
  endfacet
  facet normal 0.0523336 0 -0.99863
    outer loop
      vertex -310 227.5 0
      vertex -303.728 272.5 0.328687
      vertex -303.728 227.5 0.328687
    endloop
  endfacet
  facet normal 0.0523336 0 -0.99863
    outer loop
      vertex -303.728 272.5 0.328687
      vertex -310 227.5 0
      vertex -310 272.5 0
    endloop
  endfacet
  facet normal -0.358285 0 0.933612
    outer loop
      vertex -334.404 272.5 114.813
      vertex -328.541 227.5 117.063
      vertex -328.541 272.5 117.063
    endloop
  endfacet
  facet normal -0.358285 0 0.933612
    outer loop
      vertex -328.541 227.5 117.063
      vertex -334.404 272.5 114.813
      vertex -334.404 227.5 114.813
    endloop
  endfacet
  facet normal -0.0523833 0 0.998627
    outer loop
      vertex -316.272 272.5 119.671
      vertex -310 227.5 120
      vertex -310 272.5 120
    endloop
  endfacet
  facet normal -0.0523833 0 0.998627
    outer loop
      vertex -310 227.5 120
      vertex -316.272 272.5 119.671
      vertex -316.272 227.5 119.671
    endloop
  endfacet
  facet normal 0.453979 0 -0.891013
    outer loop
      vertex -285.596 227.5 5.18727
      vertex -280 272.5 8.03848
      vertex -280 227.5 8.03848
    endloop
  endfacet
  facet normal 0.453979 0 -0.891013
    outer loop
      vertex -280 272.5 8.03848
      vertex -285.596 227.5 5.18727
      vertex -285.596 272.5 5.18727
    endloop
  endfacet
  facet normal -0.933616 0 0.358275
    outer loop
      vertex -367.063 227.5 78.541
      vertex -364.813 272.5 84.4042
      vertex -367.063 272.5 78.541
    endloop
  endfacet
  facet normal -0.933616 0 0.358275
    outer loop
      vertex -364.813 272.5 84.4042
      vertex -367.063 227.5 78.541
      vertex -364.813 227.5 84.4042
    endloop
  endfacet
  facet normal -0.89102 0 0.453965
    outer loop
      vertex -364.813 227.5 84.4042
      vertex -361.962 272.5 90
      vertex -364.813 272.5 84.4042
    endloop
  endfacet
  facet normal -0.89102 0 0.453965
    outer loop
      vertex -361.962 272.5 90
      vertex -364.813 227.5 84.4042
      vertex -361.962 227.5 90
    endloop
  endfacet
  facet normal 0.777183 -0 0.629275
    outer loop
      vertex -265.411 227.5 100.148
      vertex -261.459 272.5 95.2671
      vertex -265.411 272.5 100.148
    endloop
  endfacet
  facet normal 0.777183 0 0.629275
    outer loop
      vertex -261.459 272.5 95.2671
      vertex -265.411 227.5 100.148
      vertex -261.459 227.5 95.2671
    endloop
  endfacet
  facet normal 0.258911 0 0.965901
    outer loop
      vertex -297.525 272.5 118.689
      vertex -291.459 227.5 117.063
      vertex -291.459 272.5 117.063
    endloop
  endfacet
  facet normal 0.258911 0 0.965901
    outer loop
      vertex -291.459 227.5 117.063
      vertex -297.525 272.5 118.689
      vertex -297.525 227.5 118.689
    endloop
  endfacet
  facet normal 0.933616 -0 0.358275
    outer loop
      vertex -255.187 227.5 84.4042
      vertex -252.937 272.5 78.541
      vertex -255.187 272.5 84.4042
    endloop
  endfacet
  facet normal 0.933616 0 0.358275
    outer loop
      vertex -252.937 272.5 78.541
      vertex -255.187 227.5 84.4042
      vertex -252.937 227.5 78.541
    endloop
  endfacet
  facet normal 0.838634 0 -0.544696
    outer loop
      vertex -258.038 227.5 30
      vertex -261.459 272.5 24.7329
      vertex -258.038 272.5 30
    endloop
  endfacet
  facet normal 0.838634 0 -0.544696
    outer loop
      vertex -261.459 272.5 24.7329
      vertex -258.038 227.5 30
      vertex -261.459 227.5 24.7329
    endloop
  endfacet
  facet normal -0.998627 0 -0.0523858
    outer loop
      vertex -369.671 227.5 53.7283
      vertex -370 272.5 60
      vertex -369.671 272.5 53.7283
    endloop
  endfacet
  facet normal -0.998627 -0 -0.0523858
    outer loop
      vertex -370 272.5 60
      vertex -369.671 227.5 53.7283
      vertex -370 227.5 60
    endloop
  endfacet
  facet normal 0 1 0
    outer loop
      vertex -310 272.5 70
      vertex -310 272.5 120
      vertex -303.728 272.5 119.671
    endloop
  endfacet
  facet normal 0 1 0
    outer loop
      vertex -308.955 272.5 69.9452
      vertex -303.728 272.5 119.671
      vertex -297.525 272.5 118.689
    endloop
  endfacet
  facet normal 0 1 0
    outer loop
      vertex -310 272.5 120
      vertex -310 272.5 70
      vertex -316.272 272.5 119.671
    endloop
  endfacet
  facet normal 0 1 0
    outer loop
      vertex -307.921 272.5 69.7815
      vertex -297.525 272.5 118.689
      vertex -291.459 272.5 117.063
    endloop
  endfacet
  facet normal 0 1 -0
    outer loop
      vertex -311.045 272.5 69.9452
      vertex -316.272 272.5 119.671
      vertex -310 272.5 70
    endloop
  endfacet
  facet normal 0 1 0
    outer loop
      vertex -306.91 272.5 69.5106
      vertex -291.459 272.5 117.063
      vertex -285.596 272.5 114.813
    endloop
  endfacet
  facet normal 0 1 0
    outer loop
      vertex -316.272 272.5 119.671
      vertex -311.045 272.5 69.9452
      vertex -322.475 272.5 118.689
    endloop
  endfacet
  facet normal 0 1 0
    outer loop
      vertex -305.933 272.5 69.1355
      vertex -285.596 272.5 114.813
      vertex -280 272.5 111.962
    endloop
  endfacet
  facet normal 0 1 -0
    outer loop
      vertex -312.079 272.5 69.7815
      vertex -322.475 272.5 118.689
      vertex -311.045 272.5 69.9452
    endloop
  endfacet
  facet normal 0 1 0
    outer loop
      vertex -305 272.5 68.6603
      vertex -280 272.5 111.962
      vertex -274.733 272.5 108.541
    endloop
  endfacet
  facet normal 0 1 0
    outer loop
      vertex -322.475 272.5 118.689
      vertex -312.079 272.5 69.7815
      vertex -328.541 272.5 117.063
    endloop
  endfacet
  facet normal 0 1 0
    outer loop
      vertex -304.122 272.5 68.0902
      vertex -274.733 272.5 108.541
      vertex -269.852 272.5 104.589
    endloop
  endfacet
  facet normal 0 1 -0
    outer loop
      vertex -313.09 272.5 69.5106
      vertex -328.541 272.5 117.063
      vertex -312.079 272.5 69.7815
    endloop
  endfacet
  facet normal 0 1 0
    outer loop
      vertex -303.309 272.5 67.4314
      vertex -269.852 272.5 104.589
      vertex -265.411 272.5 100.148
    endloop
  endfacet
  facet normal 0 1 0
    outer loop
      vertex -328.541 272.5 117.063
      vertex -313.09 272.5 69.5106
      vertex -334.404 272.5 114.813
    endloop
  endfacet
  facet normal 0 1 0
    outer loop
      vertex -302.569 272.5 66.6913
      vertex -265.411 272.5 100.148
      vertex -261.459 272.5 95.2671
    endloop
  endfacet
  facet normal 0 1 -0
    outer loop
      vertex -314.067 272.5 69.1355
      vertex -334.404 272.5 114.813
      vertex -313.09 272.5 69.5106
    endloop
  endfacet
  facet normal 0 1 0
    outer loop
      vertex -301.91 272.5 65.8779
      vertex -261.459 272.5 95.2671
      vertex -258.038 272.5 90
    endloop
  endfacet
  facet normal 0 1 0
    outer loop
      vertex -334.404 272.5 114.813
      vertex -314.067 272.5 69.1355
      vertex -340 272.5 111.962
    endloop
  endfacet
  facet normal 0 1 0
    outer loop
      vertex -301.34 272.5 65
      vertex -258.038 272.5 90
      vertex -255.187 272.5 84.4042
    endloop
  endfacet
  facet normal 0 1 -0
    outer loop
      vertex -315 272.5 68.6603
      vertex -340 272.5 111.962
      vertex -314.067 272.5 69.1355
    endloop
  endfacet
  facet normal 0 1 0
    outer loop
      vertex -300.865 272.5 64.0674
      vertex -255.187 272.5 84.4042
      vertex -252.937 272.5 78.541
    endloop
  endfacet
  facet normal 0 1 0
    outer loop
      vertex -340 272.5 111.962
      vertex -315 272.5 68.6603
      vertex -345.267 272.5 108.541
    endloop
  endfacet
  facet normal 0 1 0
    outer loop
      vertex -300.489 272.5 63.0902
      vertex -252.937 272.5 78.541
      vertex -251.311 272.5 72.4747
    endloop
  endfacet
  facet normal 0 1 -0
    outer loop
      vertex -315.878 272.5 68.0902
      vertex -345.267 272.5 108.541
      vertex -315 272.5 68.6603
    endloop
  endfacet
  facet normal 0 1 0
    outer loop
      vertex -345.267 272.5 108.541
      vertex -315.878 272.5 68.0902
      vertex -350.148 272.5 104.589
    endloop
  endfacet
  facet normal 0 1 0
    outer loop
      vertex -303.728 272.5 119.671
      vertex -308.955 272.5 69.9452
      vertex -310 272.5 70
    endloop
  endfacet
  facet normal 0 1 0
    outer loop
      vertex -297.525 272.5 118.689
      vertex -307.921 272.5 69.7815
      vertex -308.955 272.5 69.9452
    endloop
  endfacet
  facet normal 0 1 0
    outer loop
      vertex -291.459 272.5 117.063
      vertex -306.91 272.5 69.5106
      vertex -307.921 272.5 69.7815
    endloop
  endfacet
  facet normal 0 1 0
    outer loop
      vertex -285.596 272.5 114.813
      vertex -305.933 272.5 69.1355
      vertex -306.91 272.5 69.5106
    endloop
  endfacet
  facet normal 0 1 0
    outer loop
      vertex -280 272.5 111.962
      vertex -305 272.5 68.6603
      vertex -305.933 272.5 69.1355
    endloop
  endfacet
  facet normal 0 1 0
    outer loop
      vertex -274.733 272.5 108.541
      vertex -304.122 272.5 68.0902
      vertex -305 272.5 68.6603
    endloop
  endfacet
  facet normal 0 1 0
    outer loop
      vertex -269.852 272.5 104.589
      vertex -303.309 272.5 67.4314
      vertex -304.122 272.5 68.0902
    endloop
  endfacet
  facet normal 0 1 0
    outer loop
      vertex -265.411 272.5 100.148
      vertex -302.569 272.5 66.6913
      vertex -303.309 272.5 67.4314
    endloop
  endfacet
  facet normal 0 1 0
    outer loop
      vertex -300.219 272.5 62.0791
      vertex -251.311 272.5 72.4747
      vertex -250.329 272.5 66.2717
    endloop
  endfacet
  facet normal 0 1 0
    outer loop
      vertex -261.459 272.5 95.2671
      vertex -301.91 272.5 65.8779
      vertex -302.569 272.5 66.6913
    endloop
  endfacet
  facet normal 0 1 0
    outer loop
      vertex -258.038 272.5 90
      vertex -301.34 272.5 65
      vertex -301.91 272.5 65.8779
    endloop
  endfacet
  facet normal 0 1 0
    outer loop
      vertex -255.187 272.5 84.4042
      vertex -300.865 272.5 64.0674
      vertex -301.34 272.5 65
    endloop
  endfacet
  facet normal 0 1 0
    outer loop
      vertex -252.937 272.5 78.541
      vertex -300.489 272.5 63.0902
      vertex -300.865 272.5 64.0674
    endloop
  endfacet
  facet normal 0 1 0
    outer loop
      vertex -251.311 272.5 72.4747
      vertex -300.219 272.5 62.0791
      vertex -300.489 272.5 63.0902
    endloop
  endfacet
  facet normal 0 1 0
    outer loop
      vertex -250.329 272.5 66.2717
      vertex -300.055 272.5 61.0453
      vertex -300.219 272.5 62.0791
    endloop
  endfacet
  facet normal 0 1 0
    outer loop
      vertex -250 272.5 60
      vertex -300.055 272.5 61.0453
      vertex -250.329 272.5 66.2717
    endloop
  endfacet
  facet normal 0 1 0
    outer loop
      vertex -250 272.5 60
      vertex -300 272.5 60
      vertex -300.055 272.5 61.0453
    endloop
  endfacet
  facet normal 0 1 0
    outer loop
      vertex -250 272.5 60
      vertex -300.055 272.5 58.9547
      vertex -300 272.5 60
    endloop
  endfacet
  facet normal 0 1 -0
    outer loop
      vertex -250.329 272.5 53.7283
      vertex -300.055 272.5 58.9547
      vertex -250 272.5 60
    endloop
  endfacet
  facet normal 0 1 0
    outer loop
      vertex -300.055 272.5 58.9547
      vertex -250.329 272.5 53.7283
      vertex -300.219 272.5 57.9209
    endloop
  endfacet
  facet normal 0 1 -0
    outer loop
      vertex -251.311 272.5 47.5253
      vertex -300.219 272.5 57.9209
      vertex -250.329 272.5 53.7283
    endloop
  endfacet
  facet normal 0 1 0
    outer loop
      vertex -300.219 272.5 57.9209
      vertex -251.311 272.5 47.5253
      vertex -300.489 272.5 56.9098
    endloop
  endfacet
  facet normal 0 1 -0
    outer loop
      vertex -252.937 272.5 41.459
      vertex -300.489 272.5 56.9098
      vertex -251.311 272.5 47.5253
    endloop
  endfacet
  facet normal 0 1 0
    outer loop
      vertex -300.489 272.5 56.9098
      vertex -252.937 272.5 41.459
      vertex -300.865 272.5 55.9326
    endloop
  endfacet
  facet normal 0 1 -0
    outer loop
      vertex -255.187 272.5 35.5958
      vertex -300.865 272.5 55.9326
      vertex -252.937 272.5 41.459
    endloop
  endfacet
  facet normal 0 1 0
    outer loop
      vertex -300.865 272.5 55.9326
      vertex -255.187 272.5 35.5958
      vertex -301.34 272.5 55
    endloop
  endfacet
  facet normal 0 1 -0
    outer loop
      vertex -258.038 272.5 30
      vertex -301.34 272.5 55
      vertex -255.187 272.5 35.5958
    endloop
  endfacet
  facet normal 0 1 0
    outer loop
      vertex -301.34 272.5 55
      vertex -258.038 272.5 30
      vertex -301.91 272.5 54.1221
    endloop
  endfacet
  facet normal 0 1 -0
    outer loop
      vertex -261.459 272.5 24.7329
      vertex -301.91 272.5 54.1221
      vertex -258.038 272.5 30
    endloop
  endfacet
  facet normal 0 1 0
    outer loop
      vertex -301.91 272.5 54.1221
      vertex -261.459 272.5 24.7329
      vertex -302.569 272.5 53.3087
    endloop
  endfacet
  facet normal 0 1 -0
    outer loop
      vertex -265.411 272.5 19.8522
      vertex -302.569 272.5 53.3087
      vertex -261.459 272.5 24.7329
    endloop
  endfacet
  facet normal 0 1 0
    outer loop
      vertex -302.569 272.5 53.3087
      vertex -265.411 272.5 19.8522
      vertex -303.309 272.5 52.5686
    endloop
  endfacet
  facet normal 0 1 0
    outer loop
      vertex -303.309 272.5 52.5686
      vertex -269.852 272.5 15.4113
      vertex -304.122 272.5 51.9098
    endloop
  endfacet
  facet normal 0 1 -0
    outer loop
      vertex -269.852 272.5 15.4113
      vertex -303.309 272.5 52.5686
      vertex -265.411 272.5 19.8522
    endloop
  endfacet
  facet normal 0 1 -0
    outer loop
      vertex -316.691 272.5 67.4314
      vertex -350.148 272.5 104.589
      vertex -315.878 272.5 68.0902
    endloop
  endfacet
  facet normal 0 1 0
    outer loop
      vertex -350.148 272.5 104.589
      vertex -316.691 272.5 67.4314
      vertex -354.589 272.5 100.148
    endloop
  endfacet
  facet normal 0 1 -0
    outer loop
      vertex -317.431 272.5 66.6913
      vertex -354.589 272.5 100.148
      vertex -316.691 272.5 67.4314
    endloop
  endfacet
  facet normal 0 1 0
    outer loop
      vertex -354.589 272.5 100.148
      vertex -317.431 272.5 66.6913
      vertex -358.541 272.5 95.2671
    endloop
  endfacet
  facet normal 0 1 -0
    outer loop
      vertex -318.09 272.5 65.8779
      vertex -358.541 272.5 95.2671
      vertex -317.431 272.5 66.6913
    endloop
  endfacet
  facet normal 0 1 0
    outer loop
      vertex -358.541 272.5 95.2671
      vertex -318.09 272.5 65.8779
      vertex -361.962 272.5 90
    endloop
  endfacet
  facet normal 0 1 -0
    outer loop
      vertex -318.66 272.5 65
      vertex -361.962 272.5 90
      vertex -318.09 272.5 65.8779
    endloop
  endfacet
  facet normal 0 1 0
    outer loop
      vertex -361.962 272.5 90
      vertex -318.66 272.5 65
      vertex -364.813 272.5 84.4042
    endloop
  endfacet
  facet normal 0 1 -0
    outer loop
      vertex -319.135 272.5 64.0674
      vertex -364.813 272.5 84.4042
      vertex -318.66 272.5 65
    endloop
  endfacet
  facet normal 0 1 0
    outer loop
      vertex -364.813 272.5 84.4042
      vertex -319.135 272.5 64.0674
      vertex -367.063 272.5 78.541
    endloop
  endfacet
  facet normal 0 1 -0
    outer loop
      vertex -319.511 272.5 63.0902
      vertex -367.063 272.5 78.541
      vertex -319.135 272.5 64.0674
    endloop
  endfacet
  facet normal 0 1 0
    outer loop
      vertex -367.063 272.5 78.541
      vertex -319.511 272.5 63.0902
      vertex -368.689 272.5 72.4747
    endloop
  endfacet
  facet normal 0 1 -0
    outer loop
      vertex -319.781 272.5 62.0791
      vertex -368.689 272.5 72.4747
      vertex -319.511 272.5 63.0902
    endloop
  endfacet
  facet normal 0 1 0
    outer loop
      vertex -368.689 272.5 72.4747
      vertex -319.781 272.5 62.0791
      vertex -369.671 272.5 66.2717
    endloop
  endfacet
  facet normal 0 1 -0
    outer loop
      vertex -319.945 272.5 61.0453
      vertex -369.671 272.5 66.2717
      vertex -319.781 272.5 62.0791
    endloop
  endfacet
  facet normal 0 1 -0
    outer loop
      vertex -320 272.5 60
      vertex -369.671 272.5 66.2717
      vertex -319.945 272.5 61.0453
    endloop
  endfacet
  facet normal 0 1 0
    outer loop
      vertex -320 272.5 60
      vertex -370 272.5 60
      vertex -369.671 272.5 66.2717
    endloop
  endfacet
  facet normal 0 1 0
    outer loop
      vertex -319.945 272.5 58.9547
      vertex -370 272.5 60
      vertex -320 272.5 60
    endloop
  endfacet
  facet normal 0 1 0
    outer loop
      vertex -369.671 272.5 53.7283
      vertex -319.945 272.5 58.9547
      vertex -319.781 272.5 57.9209
    endloop
  endfacet
  facet normal 0 1 0
    outer loop
      vertex -368.689 272.5 47.5253
      vertex -319.781 272.5 57.9209
      vertex -319.511 272.5 56.9098
    endloop
  endfacet
  facet normal 0 1 0
    outer loop
      vertex -367.063 272.5 41.459
      vertex -319.511 272.5 56.9098
      vertex -319.135 272.5 55.9326
    endloop
  endfacet
  facet normal 0 1 0
    outer loop
      vertex -364.813 272.5 35.5958
      vertex -319.135 272.5 55.9326
      vertex -318.66 272.5 55
    endloop
  endfacet
  facet normal 0 1 0
    outer loop
      vertex -361.962 272.5 30
      vertex -318.66 272.5 55
      vertex -318.09 272.5 54.1221
    endloop
  endfacet
  facet normal 0 1 0
    outer loop
      vertex -319.945 272.5 58.9547
      vertex -369.671 272.5 53.7283
      vertex -370 272.5 60
    endloop
  endfacet
  facet normal 0 1 0
    outer loop
      vertex -358.541 272.5 24.7329
      vertex -318.09 272.5 54.1221
      vertex -317.431 272.5 53.3087
    endloop
  endfacet
  facet normal 0 1 0
    outer loop
      vertex -354.589 272.5 19.8522
      vertex -317.431 272.5 53.3087
      vertex -316.691 272.5 52.5686
    endloop
  endfacet
  facet normal 0 1 0
    outer loop
      vertex -350.148 272.5 15.4113
      vertex -316.691 272.5 52.5686
      vertex -315.878 272.5 51.9098
    endloop
  endfacet
  facet normal 0 1 0
    outer loop
      vertex -345.267 272.5 11.459
      vertex -315.878 272.5 51.9098
      vertex -315 272.5 51.3397
    endloop
  endfacet
  facet normal 0 1 0
    outer loop
      vertex -340 272.5 8.03848
      vertex -315 272.5 51.3397
      vertex -314.067 272.5 50.8645
    endloop
  endfacet
  facet normal 0 1 0
    outer loop
      vertex -334.404 272.5 5.18727
      vertex -314.067 272.5 50.8645
      vertex -313.09 272.5 50.4894
    endloop
  endfacet
  facet normal 0 1 0
    outer loop
      vertex -328.541 272.5 2.93661
      vertex -313.09 272.5 50.4894
      vertex -312.079 272.5 50.2185
    endloop
  endfacet
  facet normal 0 1 0
    outer loop
      vertex -322.475 272.5 1.31114
      vertex -312.079 272.5 50.2185
      vertex -311.045 272.5 50.0548
    endloop
  endfacet
  facet normal 0 1 0
    outer loop
      vertex -319.781 272.5 57.9209
      vertex -368.689 272.5 47.5253
      vertex -369.671 272.5 53.7283
    endloop
  endfacet
  facet normal 0 1 0
    outer loop
      vertex -316.272 272.5 0.328687
      vertex -311.045 272.5 50.0548
      vertex -310 272.5 50
    endloop
  endfacet
  facet normal 0 1 -0
    outer loop
      vertex -274.733 272.5 11.459
      vertex -304.122 272.5 51.9098
      vertex -269.852 272.5 15.4113
    endloop
  endfacet
  facet normal 0 1 0
    outer loop
      vertex -304.122 272.5 51.9098
      vertex -274.733 272.5 11.459
      vertex -305 272.5 51.3397
    endloop
  endfacet
  facet normal 0 1 0
    outer loop
      vertex -319.511 272.5 56.9098
      vertex -367.063 272.5 41.459
      vertex -368.689 272.5 47.5253
    endloop
  endfacet
  facet normal 0 1 -0
    outer loop
      vertex -280 272.5 8.03848
      vertex -305 272.5 51.3397
      vertex -274.733 272.5 11.459
    endloop
  endfacet
  facet normal 0 1 0
    outer loop
      vertex -319.135 272.5 55.9326
      vertex -364.813 272.5 35.5958
      vertex -367.063 272.5 41.459
    endloop
  endfacet
  facet normal 0 1 0
    outer loop
      vertex -305 272.5 51.3397
      vertex -280 272.5 8.03848
      vertex -305.933 272.5 50.8645
    endloop
  endfacet
  facet normal 0 1 0
    outer loop
      vertex -318.66 272.5 55
      vertex -361.962 272.5 30
      vertex -364.813 272.5 35.5958
    endloop
  endfacet
  facet normal 0 1 -0
    outer loop
      vertex -285.596 272.5 5.18727
      vertex -305.933 272.5 50.8645
      vertex -280 272.5 8.03848
    endloop
  endfacet
  facet normal 0 1 0
    outer loop
      vertex -318.09 272.5 54.1221
      vertex -358.541 272.5 24.7329
      vertex -361.962 272.5 30
    endloop
  endfacet
  facet normal 0 1 0
    outer loop
      vertex -305.933 272.5 50.8645
      vertex -285.596 272.5 5.18727
      vertex -306.91 272.5 50.4894
    endloop
  endfacet
  facet normal 0 1 0
    outer loop
      vertex -317.431 272.5 53.3087
      vertex -354.589 272.5 19.8522
      vertex -358.541 272.5 24.7329
    endloop
  endfacet
  facet normal 0 1 -0
    outer loop
      vertex -291.459 272.5 2.93661
      vertex -306.91 272.5 50.4894
      vertex -285.596 272.5 5.18727
    endloop
  endfacet
  facet normal 0 1 0
    outer loop
      vertex -316.691 272.5 52.5686
      vertex -350.148 272.5 15.4113
      vertex -354.589 272.5 19.8522
    endloop
  endfacet
  facet normal 0 1 0
    outer loop
      vertex -306.91 272.5 50.4894
      vertex -291.459 272.5 2.93661
      vertex -307.921 272.5 50.2185
    endloop
  endfacet
  facet normal 0 1 0
    outer loop
      vertex -315.878 272.5 51.9098
      vertex -345.267 272.5 11.459
      vertex -350.148 272.5 15.4113
    endloop
  endfacet
  facet normal 0 1 -0
    outer loop
      vertex -297.525 272.5 1.31114
      vertex -307.921 272.5 50.2185
      vertex -291.459 272.5 2.93661
    endloop
  endfacet
  facet normal 0 1 0
    outer loop
      vertex -315 272.5 51.3397
      vertex -340 272.5 8.03848
      vertex -345.267 272.5 11.459
    endloop
  endfacet
  facet normal 0 1 0
    outer loop
      vertex -307.921 272.5 50.2185
      vertex -297.525 272.5 1.31114
      vertex -308.955 272.5 50.0548
    endloop
  endfacet
  facet normal 0 1 0
    outer loop
      vertex -314.067 272.5 50.8645
      vertex -334.404 272.5 5.18727
      vertex -340 272.5 8.03848
    endloop
  endfacet
  facet normal 0 1 -0
    outer loop
      vertex -303.728 272.5 0.328687
      vertex -308.955 272.5 50.0548
      vertex -297.525 272.5 1.31114
    endloop
  endfacet
  facet normal 0 1 0
    outer loop
      vertex -313.09 272.5 50.4894
      vertex -328.541 272.5 2.93661
      vertex -334.404 272.5 5.18727
    endloop
  endfacet
  facet normal 0 1 0
    outer loop
      vertex -308.955 272.5 50.0548
      vertex -303.728 272.5 0.328687
      vertex -310 272.5 50
    endloop
  endfacet
  facet normal 0 1 0
    outer loop
      vertex -312.079 272.5 50.2185
      vertex -322.475 272.5 1.31114
      vertex -328.541 272.5 2.93661
    endloop
  endfacet
  facet normal 0 1 0
    outer loop
      vertex -310 272.5 0
      vertex -310 272.5 50
      vertex -303.728 272.5 0.328687
    endloop
  endfacet
  facet normal 0 1 0
    outer loop
      vertex -311.045 272.5 50.0548
      vertex -316.272 272.5 0.328687
      vertex -322.475 272.5 1.31114
    endloop
  endfacet
  facet normal 0 1 0
    outer loop
      vertex -310 272.5 50
      vertex -310 272.5 0
      vertex -316.272 272.5 0.328687
    endloop
  endfacet
  facet normal 0.707107 -0 0.707107
    outer loop
      vertex -269.852 227.5 104.589
      vertex -265.411 272.5 100.148
      vertex -269.852 272.5 104.589
    endloop
  endfacet
  facet normal 0.707107 0 0.707107
    outer loop
      vertex -265.411 272.5 100.148
      vertex -269.852 227.5 104.589
      vertex -265.411 227.5 100.148
    endloop
  endfacet
  facet normal 0.89102 -0 0.453965
    outer loop
      vertex -258.038 227.5 90
      vertex -255.187 272.5 84.4042
      vertex -258.038 272.5 90
    endloop
  endfacet
  facet normal 0.89102 0 0.453965
    outer loop
      vertex -255.187 272.5 84.4042
      vertex -258.038 227.5 90
      vertex -255.187 227.5 84.4042
    endloop
  endfacet
  facet normal -0.838634 0 0.544696
    outer loop
      vertex -361.962 227.5 90
      vertex -358.541 272.5 95.2671
      vertex -361.962 272.5 90
    endloop
  endfacet
  facet normal -0.838634 0 0.544696
    outer loop
      vertex -358.541 272.5 95.2671
      vertex -361.962 227.5 90
      vertex -358.541 227.5 95.2671
    endloop
  endfacet
  facet normal -0.9877 0 0.156363
    outer loop
      vertex -369.671 227.5 66.2717
      vertex -368.689 272.5 72.4747
      vertex -369.671 272.5 66.2717
    endloop
  endfacet
  facet normal -0.9877 0 0.156363
    outer loop
      vertex -368.689 272.5 72.4747
      vertex -369.671 227.5 66.2717
      vertex -368.689 227.5 72.4747
    endloop
  endfacet
  facet normal 0 -1 0
    outer loop
      vertex -310 227.5 70
      vertex -310 227.5 120
      vertex -316.272 227.5 119.671
    endloop
  endfacet
  facet normal 0 -1 0
    outer loop
      vertex -311.045 227.5 69.9452
      vertex -316.272 227.5 119.671
      vertex -322.475 227.5 118.689
    endloop
  endfacet
  facet normal 0 -1 0
    outer loop
      vertex -310 227.5 120
      vertex -310 227.5 70
      vertex -303.728 227.5 119.671
    endloop
  endfacet
  facet normal 0 -1 0
    outer loop
      vertex -312.079 227.5 69.7815
      vertex -322.475 227.5 118.689
      vertex -328.541 227.5 117.063
    endloop
  endfacet
  facet normal 0 -1 0
    outer loop
      vertex -308.955 227.5 69.9452
      vertex -303.728 227.5 119.671
      vertex -310 227.5 70
    endloop
  endfacet
  facet normal 0 -1 0
    outer loop
      vertex -313.09 227.5 69.5106
      vertex -328.541 227.5 117.063
      vertex -334.404 227.5 114.813
    endloop
  endfacet
  facet normal 0 -1 -0
    outer loop
      vertex -303.728 227.5 119.671
      vertex -308.955 227.5 69.9452
      vertex -297.525 227.5 118.689
    endloop
  endfacet
  facet normal 0 -1 0
    outer loop
      vertex -314.067 227.5 69.1355
      vertex -334.404 227.5 114.813
      vertex -340 227.5 111.962
    endloop
  endfacet
  facet normal 0 -1 0
    outer loop
      vertex -307.921 227.5 69.7815
      vertex -297.525 227.5 118.689
      vertex -308.955 227.5 69.9452
    endloop
  endfacet
  facet normal 0 -1 0
    outer loop
      vertex -315 227.5 68.6603
      vertex -340 227.5 111.962
      vertex -345.267 227.5 108.541
    endloop
  endfacet
  facet normal 0 -1 -0
    outer loop
      vertex -297.525 227.5 118.689
      vertex -307.921 227.5 69.7815
      vertex -291.459 227.5 117.063
    endloop
  endfacet
  facet normal 0 -1 0
    outer loop
      vertex -315.878 227.5 68.0902
      vertex -345.267 227.5 108.541
      vertex -350.148 227.5 104.589
    endloop
  endfacet
  facet normal 0 -1 0
    outer loop
      vertex -306.91 227.5 69.5106
      vertex -291.459 227.5 117.063
      vertex -307.921 227.5 69.7815
    endloop
  endfacet
  facet normal 0 -1 0
    outer loop
      vertex -316.691 227.5 67.4314
      vertex -350.148 227.5 104.589
      vertex -354.589 227.5 100.148
    endloop
  endfacet
  facet normal 0 -1 -0
    outer loop
      vertex -291.459 227.5 117.063
      vertex -306.91 227.5 69.5106
      vertex -285.596 227.5 114.813
    endloop
  endfacet
  facet normal 0 -1 0
    outer loop
      vertex -317.431 227.5 66.6913
      vertex -354.589 227.5 100.148
      vertex -358.541 227.5 95.2671
    endloop
  endfacet
  facet normal 0 -1 0
    outer loop
      vertex -305.933 227.5 69.1355
      vertex -285.596 227.5 114.813
      vertex -306.91 227.5 69.5106
    endloop
  endfacet
  facet normal 0 -1 0
    outer loop
      vertex -318.09 227.5 65.8779
      vertex -358.541 227.5 95.2671
      vertex -361.962 227.5 90
    endloop
  endfacet
  facet normal 0 -1 -0
    outer loop
      vertex -285.596 227.5 114.813
      vertex -305.933 227.5 69.1355
      vertex -280 227.5 111.962
    endloop
  endfacet
  facet normal 0 -1 0
    outer loop
      vertex -318.66 227.5 65
      vertex -361.962 227.5 90
      vertex -364.813 227.5 84.4042
    endloop
  endfacet
  facet normal 0 -1 0
    outer loop
      vertex -305 227.5 68.6603
      vertex -280 227.5 111.962
      vertex -305.933 227.5 69.1355
    endloop
  endfacet
  facet normal 0 -1 0
    outer loop
      vertex -319.135 227.5 64.0674
      vertex -364.813 227.5 84.4042
      vertex -367.063 227.5 78.541
    endloop
  endfacet
  facet normal 0 -1 -0
    outer loop
      vertex -280 227.5 111.962
      vertex -305 227.5 68.6603
      vertex -274.733 227.5 108.541
    endloop
  endfacet
  facet normal 0 -1 0
    outer loop
      vertex -319.511 227.5 63.0902
      vertex -367.063 227.5 78.541
      vertex -368.689 227.5 72.4747
    endloop
  endfacet
  facet normal 0 -1 0
    outer loop
      vertex -304.122 227.5 68.0902
      vertex -274.733 227.5 108.541
      vertex -305 227.5 68.6603
    endloop
  endfacet
  facet normal 0 -1 -0
    outer loop
      vertex -274.733 227.5 108.541
      vertex -304.122 227.5 68.0902
      vertex -269.852 227.5 104.589
    endloop
  endfacet
  facet normal 0 -1 0
    outer loop
      vertex -316.272 227.5 119.671
      vertex -311.045 227.5 69.9452
      vertex -310 227.5 70
    endloop
  endfacet
  facet normal 0 -1 0
    outer loop
      vertex -322.475 227.5 118.689
      vertex -312.079 227.5 69.7815
      vertex -311.045 227.5 69.9452
    endloop
  endfacet
  facet normal 0 -1 0
    outer loop
      vertex -328.541 227.5 117.063
      vertex -313.09 227.5 69.5106
      vertex -312.079 227.5 69.7815
    endloop
  endfacet
  facet normal 0 -1 0
    outer loop
      vertex -334.404 227.5 114.813
      vertex -314.067 227.5 69.1355
      vertex -313.09 227.5 69.5106
    endloop
  endfacet
  facet normal 0 -1 0
    outer loop
      vertex -340 227.5 111.962
      vertex -315 227.5 68.6603
      vertex -314.067 227.5 69.1355
    endloop
  endfacet
  facet normal 0 -1 0
    outer loop
      vertex -345.267 227.5 108.541
      vertex -315.878 227.5 68.0902
      vertex -315 227.5 68.6603
    endloop
  endfacet
  facet normal 0 -1 0
    outer loop
      vertex -350.148 227.5 104.589
      vertex -316.691 227.5 67.4314
      vertex -315.878 227.5 68.0902
    endloop
  endfacet
  facet normal 0 -1 0
    outer loop
      vertex -354.589 227.5 100.148
      vertex -317.431 227.5 66.6913
      vertex -316.691 227.5 67.4314
    endloop
  endfacet
  facet normal 0 -1 0
    outer loop
      vertex -319.781 227.5 62.0791
      vertex -368.689 227.5 72.4747
      vertex -369.671 227.5 66.2717
    endloop
  endfacet
  facet normal 0 -1 0
    outer loop
      vertex -358.541 227.5 95.2671
      vertex -318.09 227.5 65.8779
      vertex -317.431 227.5 66.6913
    endloop
  endfacet
  facet normal 0 -1 0
    outer loop
      vertex -361.962 227.5 90
      vertex -318.66 227.5 65
      vertex -318.09 227.5 65.8779
    endloop
  endfacet
  facet normal 0 -1 0
    outer loop
      vertex -364.813 227.5 84.4042
      vertex -319.135 227.5 64.0674
      vertex -318.66 227.5 65
    endloop
  endfacet
  facet normal 0 -1 0
    outer loop
      vertex -367.063 227.5 78.541
      vertex -319.511 227.5 63.0902
      vertex -319.135 227.5 64.0674
    endloop
  endfacet
  facet normal 0 -1 0
    outer loop
      vertex -368.689 227.5 72.4747
      vertex -319.781 227.5 62.0791
      vertex -319.511 227.5 63.0902
    endloop
  endfacet
  facet normal 0 -1 0
    outer loop
      vertex -369.671 227.5 66.2717
      vertex -319.945 227.5 61.0453
      vertex -319.781 227.5 62.0791
    endloop
  endfacet
  facet normal 0 -1 0
    outer loop
      vertex -370 227.5 60
      vertex -319.945 227.5 61.0453
      vertex -369.671 227.5 66.2717
    endloop
  endfacet
  facet normal 0 -1 0
    outer loop
      vertex -370 227.5 60
      vertex -320 227.5 60
      vertex -319.945 227.5 61.0453
    endloop
  endfacet
  facet normal 0 -1 0
    outer loop
      vertex -370 227.5 60
      vertex -319.945 227.5 58.9547
      vertex -320 227.5 60
    endloop
  endfacet
  facet normal 0 -1 0
    outer loop
      vertex -369.671 227.5 53.7283
      vertex -319.945 227.5 58.9547
      vertex -370 227.5 60
    endloop
  endfacet
  facet normal 0 -1 -0
    outer loop
      vertex -319.945 227.5 58.9547
      vertex -369.671 227.5 53.7283
      vertex -319.781 227.5 57.9209
    endloop
  endfacet
  facet normal 0 -1 0
    outer loop
      vertex -368.689 227.5 47.5253
      vertex -319.781 227.5 57.9209
      vertex -369.671 227.5 53.7283
    endloop
  endfacet
  facet normal 0 -1 -0
    outer loop
      vertex -319.781 227.5 57.9209
      vertex -368.689 227.5 47.5253
      vertex -319.511 227.5 56.9098
    endloop
  endfacet
  facet normal 0 -1 0
    outer loop
      vertex -367.063 227.5 41.459
      vertex -319.511 227.5 56.9098
      vertex -368.689 227.5 47.5253
    endloop
  endfacet
  facet normal 0 -1 -0
    outer loop
      vertex -319.511 227.5 56.9098
      vertex -367.063 227.5 41.459
      vertex -319.135 227.5 55.9326
    endloop
  endfacet
  facet normal 0 -1 0
    outer loop
      vertex -364.813 227.5 35.5958
      vertex -319.135 227.5 55.9326
      vertex -367.063 227.5 41.459
    endloop
  endfacet
  facet normal 0 -1 -0
    outer loop
      vertex -319.135 227.5 55.9326
      vertex -364.813 227.5 35.5958
      vertex -318.66 227.5 55
    endloop
  endfacet
  facet normal 0 -1 0
    outer loop
      vertex -361.962 227.5 30
      vertex -318.66 227.5 55
      vertex -364.813 227.5 35.5958
    endloop
  endfacet
  facet normal 0 -1 -0
    outer loop
      vertex -318.66 227.5 55
      vertex -361.962 227.5 30
      vertex -318.09 227.5 54.1221
    endloop
  endfacet
  facet normal 0 -1 0
    outer loop
      vertex -358.541 227.5 24.7329
      vertex -318.09 227.5 54.1221
      vertex -361.962 227.5 30
    endloop
  endfacet
  facet normal 0 -1 -0
    outer loop
      vertex -318.09 227.5 54.1221
      vertex -358.541 227.5 24.7329
      vertex -317.431 227.5 53.3087
    endloop
  endfacet
  facet normal 0 -1 0
    outer loop
      vertex -354.589 227.5 19.8522
      vertex -317.431 227.5 53.3087
      vertex -358.541 227.5 24.7329
    endloop
  endfacet
  facet normal 0 -1 -0
    outer loop
      vertex -317.431 227.5 53.3087
      vertex -354.589 227.5 19.8522
      vertex -316.691 227.5 52.5686
    endloop
  endfacet
  facet normal 0 -1 -0
    outer loop
      vertex -316.691 227.5 52.5686
      vertex -350.148 227.5 15.4113
      vertex -315.878 227.5 51.9098
    endloop
  endfacet
  facet normal 0 -1 0
    outer loop
      vertex -350.148 227.5 15.4113
      vertex -316.691 227.5 52.5686
      vertex -354.589 227.5 19.8522
    endloop
  endfacet
  facet normal 0 -1 0
    outer loop
      vertex -303.309 227.5 67.4314
      vertex -269.852 227.5 104.589
      vertex -304.122 227.5 68.0902
    endloop
  endfacet
  facet normal 0 -1 -0
    outer loop
      vertex -269.852 227.5 104.589
      vertex -303.309 227.5 67.4314
      vertex -265.411 227.5 100.148
    endloop
  endfacet
  facet normal 0 -1 0
    outer loop
      vertex -302.569 227.5 66.6913
      vertex -265.411 227.5 100.148
      vertex -303.309 227.5 67.4314
    endloop
  endfacet
  facet normal 0 -1 -0
    outer loop
      vertex -265.411 227.5 100.148
      vertex -302.569 227.5 66.6913
      vertex -261.459 227.5 95.2671
    endloop
  endfacet
  facet normal 0 -1 0
    outer loop
      vertex -301.91 227.5 65.8779
      vertex -261.459 227.5 95.2671
      vertex -302.569 227.5 66.6913
    endloop
  endfacet
  facet normal 0 -1 -0
    outer loop
      vertex -261.459 227.5 95.2671
      vertex -301.91 227.5 65.8779
      vertex -258.038 227.5 90
    endloop
  endfacet
  facet normal 0 -1 0
    outer loop
      vertex -301.34 227.5 65
      vertex -258.038 227.5 90
      vertex -301.91 227.5 65.8779
    endloop
  endfacet
  facet normal 0 -1 -0
    outer loop
      vertex -258.038 227.5 90
      vertex -301.34 227.5 65
      vertex -255.187 227.5 84.4042
    endloop
  endfacet
  facet normal 0 -1 0
    outer loop
      vertex -300.865 227.5 64.0674
      vertex -255.187 227.5 84.4042
      vertex -301.34 227.5 65
    endloop
  endfacet
  facet normal 0 -1 -0
    outer loop
      vertex -255.187 227.5 84.4042
      vertex -300.865 227.5 64.0674
      vertex -252.937 227.5 78.541
    endloop
  endfacet
  facet normal 0 -1 0
    outer loop
      vertex -300.489 227.5 63.0902
      vertex -252.937 227.5 78.541
      vertex -300.865 227.5 64.0674
    endloop
  endfacet
  facet normal 0 -1 -0
    outer loop
      vertex -252.937 227.5 78.541
      vertex -300.489 227.5 63.0902
      vertex -251.311 227.5 72.4747
    endloop
  endfacet
  facet normal 0 -1 0
    outer loop
      vertex -300.219 227.5 62.0791
      vertex -251.311 227.5 72.4747
      vertex -300.489 227.5 63.0902
    endloop
  endfacet
  facet normal 0 -1 -0
    outer loop
      vertex -251.311 227.5 72.4747
      vertex -300.219 227.5 62.0791
      vertex -250.329 227.5 66.2717
    endloop
  endfacet
  facet normal 0 -1 0
    outer loop
      vertex -300.055 227.5 61.0453
      vertex -250.329 227.5 66.2717
      vertex -300.219 227.5 62.0791
    endloop
  endfacet
  facet normal 0 -1 0
    outer loop
      vertex -300 227.5 60
      vertex -250.329 227.5 66.2717
      vertex -300.055 227.5 61.0453
    endloop
  endfacet
  facet normal 0 -1 0
    outer loop
      vertex -300 227.5 60
      vertex -250 227.5 60
      vertex -250.329 227.5 66.2717
    endloop
  endfacet
  facet normal 0 -1 0
    outer loop
      vertex -300.055 227.5 58.9547
      vertex -250 227.5 60
      vertex -300 227.5 60
    endloop
  endfacet
  facet normal 0 -1 0
    outer loop
      vertex -250.329 227.5 53.7283
      vertex -300.055 227.5 58.9547
      vertex -300.219 227.5 57.9209
    endloop
  endfacet
  facet normal 0 -1 0
    outer loop
      vertex -251.311 227.5 47.5253
      vertex -300.219 227.5 57.9209
      vertex -300.489 227.5 56.9098
    endloop
  endfacet
  facet normal 0 -1 0
    outer loop
      vertex -252.937 227.5 41.459
      vertex -300.489 227.5 56.9098
      vertex -300.865 227.5 55.9326
    endloop
  endfacet
  facet normal 0 -1 0
    outer loop
      vertex -255.187 227.5 35.5958
      vertex -300.865 227.5 55.9326
      vertex -301.34 227.5 55
    endloop
  endfacet
  facet normal 0 -1 0
    outer loop
      vertex -258.038 227.5 30
      vertex -301.34 227.5 55
      vertex -301.91 227.5 54.1221
    endloop
  endfacet
  facet normal 0 -1 0
    outer loop
      vertex -300.055 227.5 58.9547
      vertex -250.329 227.5 53.7283
      vertex -250 227.5 60
    endloop
  endfacet
  facet normal 0 -1 0
    outer loop
      vertex -261.459 227.5 24.7329
      vertex -301.91 227.5 54.1221
      vertex -302.569 227.5 53.3087
    endloop
  endfacet
  facet normal 0 -1 0
    outer loop
      vertex -265.411 227.5 19.8522
      vertex -302.569 227.5 53.3087
      vertex -303.309 227.5 52.5686
    endloop
  endfacet
  facet normal 0 -1 0
    outer loop
      vertex -269.852 227.5 15.4113
      vertex -303.309 227.5 52.5686
      vertex -304.122 227.5 51.9098
    endloop
  endfacet
  facet normal 0 -1 0
    outer loop
      vertex -274.733 227.5 11.459
      vertex -304.122 227.5 51.9098
      vertex -305 227.5 51.3397
    endloop
  endfacet
  facet normal 0 -1 0
    outer loop
      vertex -280 227.5 8.03848
      vertex -305 227.5 51.3397
      vertex -305.933 227.5 50.8645
    endloop
  endfacet
  facet normal 0 -1 0
    outer loop
      vertex -285.596 227.5 5.18727
      vertex -305.933 227.5 50.8645
      vertex -306.91 227.5 50.4894
    endloop
  endfacet
  facet normal 0 -1 0
    outer loop
      vertex -291.459 227.5 2.93661
      vertex -306.91 227.5 50.4894
      vertex -307.921 227.5 50.2185
    endloop
  endfacet
  facet normal 0 -1 0
    outer loop
      vertex -297.525 227.5 1.31114
      vertex -307.921 227.5 50.2185
      vertex -308.955 227.5 50.0548
    endloop
  endfacet
  facet normal 0 -1 0
    outer loop
      vertex -300.219 227.5 57.9209
      vertex -251.311 227.5 47.5253
      vertex -250.329 227.5 53.7283
    endloop
  endfacet
  facet normal 0 -1 0
    outer loop
      vertex -303.728 227.5 0.328687
      vertex -308.955 227.5 50.0548
      vertex -310 227.5 50
    endloop
  endfacet
  facet normal 0 -1 0
    outer loop
      vertex -345.267 227.5 11.459
      vertex -315.878 227.5 51.9098
      vertex -350.148 227.5 15.4113
    endloop
  endfacet
  facet normal 0 -1 -0
    outer loop
      vertex -315.878 227.5 51.9098
      vertex -345.267 227.5 11.459
      vertex -315 227.5 51.3397
    endloop
  endfacet
  facet normal 0 -1 0
    outer loop
      vertex -300.489 227.5 56.9098
      vertex -252.937 227.5 41.459
      vertex -251.311 227.5 47.5253
    endloop
  endfacet
  facet normal 0 -1 0
    outer loop
      vertex -340 227.5 8.03848
      vertex -315 227.5 51.3397
      vertex -345.267 227.5 11.459
    endloop
  endfacet
  facet normal 0 -1 0
    outer loop
      vertex -300.865 227.5 55.9326
      vertex -255.187 227.5 35.5958
      vertex -252.937 227.5 41.459
    endloop
  endfacet
  facet normal 0 -1 -0
    outer loop
      vertex -315 227.5 51.3397
      vertex -340 227.5 8.03848
      vertex -314.067 227.5 50.8645
    endloop
  endfacet
  facet normal 0 -1 0
    outer loop
      vertex -301.34 227.5 55
      vertex -258.038 227.5 30
      vertex -255.187 227.5 35.5958
    endloop
  endfacet
  facet normal 0 -1 0
    outer loop
      vertex -334.404 227.5 5.18727
      vertex -314.067 227.5 50.8645
      vertex -340 227.5 8.03848
    endloop
  endfacet
  facet normal 0 -1 0
    outer loop
      vertex -301.91 227.5 54.1221
      vertex -261.459 227.5 24.7329
      vertex -258.038 227.5 30
    endloop
  endfacet
  facet normal 0 -1 -0
    outer loop
      vertex -314.067 227.5 50.8645
      vertex -334.404 227.5 5.18727
      vertex -313.09 227.5 50.4894
    endloop
  endfacet
  facet normal 0 -1 0
    outer loop
      vertex -302.569 227.5 53.3087
      vertex -265.411 227.5 19.8522
      vertex -261.459 227.5 24.7329
    endloop
  endfacet
  facet normal 0 -1 0
    outer loop
      vertex -328.541 227.5 2.93661
      vertex -313.09 227.5 50.4894
      vertex -334.404 227.5 5.18727
    endloop
  endfacet
  facet normal 0 -1 0
    outer loop
      vertex -303.309 227.5 52.5686
      vertex -269.852 227.5 15.4113
      vertex -265.411 227.5 19.8522
    endloop
  endfacet
  facet normal 0 -1 -0
    outer loop
      vertex -313.09 227.5 50.4894
      vertex -328.541 227.5 2.93661
      vertex -312.079 227.5 50.2185
    endloop
  endfacet
  facet normal 0 -1 0
    outer loop
      vertex -304.122 227.5 51.9098
      vertex -274.733 227.5 11.459
      vertex -269.852 227.5 15.4113
    endloop
  endfacet
  facet normal 0 -1 0
    outer loop
      vertex -322.475 227.5 1.31114
      vertex -312.079 227.5 50.2185
      vertex -328.541 227.5 2.93661
    endloop
  endfacet
  facet normal 0 -1 0
    outer loop
      vertex -305 227.5 51.3397
      vertex -280 227.5 8.03848
      vertex -274.733 227.5 11.459
    endloop
  endfacet
  facet normal 0 -1 -0
    outer loop
      vertex -312.079 227.5 50.2185
      vertex -322.475 227.5 1.31114
      vertex -311.045 227.5 50.0548
    endloop
  endfacet
  facet normal 0 -1 0
    outer loop
      vertex -305.933 227.5 50.8645
      vertex -285.596 227.5 5.18727
      vertex -280 227.5 8.03848
    endloop
  endfacet
  facet normal 0 -1 0
    outer loop
      vertex -316.272 227.5 0.328687
      vertex -311.045 227.5 50.0548
      vertex -322.475 227.5 1.31114
    endloop
  endfacet
  facet normal 0 -1 0
    outer loop
      vertex -306.91 227.5 50.4894
      vertex -291.459 227.5 2.93661
      vertex -285.596 227.5 5.18727
    endloop
  endfacet
  facet normal 0 -1 -0
    outer loop
      vertex -311.045 227.5 50.0548
      vertex -316.272 227.5 0.328687
      vertex -310 227.5 50
    endloop
  endfacet
  facet normal 0 -1 0
    outer loop
      vertex -307.921 227.5 50.2185
      vertex -297.525 227.5 1.31114
      vertex -291.459 227.5 2.93661
    endloop
  endfacet
  facet normal 0 -1 0
    outer loop
      vertex -310 227.5 0
      vertex -310 227.5 50
      vertex -316.272 227.5 0.328687
    endloop
  endfacet
  facet normal 0 -1 0
    outer loop
      vertex -308.955 227.5 50.0548
      vertex -303.728 227.5 0.328687
      vertex -297.525 227.5 1.31114
    endloop
  endfacet
  facet normal 0 -1 0
    outer loop
      vertex -310 227.5 50
      vertex -310 227.5 0
      vertex -303.728 227.5 0.328687
    endloop
  endfacet
  facet normal -0.777183 0 0.629275
    outer loop
      vertex -358.541 227.5 95.2671
      vertex -354.589 272.5 100.148
      vertex -358.541 272.5 95.2671
    endloop
  endfacet
  facet normal -0.777183 0 0.629275
    outer loop
      vertex -354.589 272.5 100.148
      vertex -358.541 227.5 95.2671
      vertex -354.589 227.5 100.148
    endloop
  endfacet
  facet normal -0.629267 0 0.777189
    outer loop
      vertex -350.148 272.5 104.589
      vertex -345.267 227.5 108.541
      vertex -345.267 272.5 108.541
    endloop
  endfacet
  facet normal -0.629267 0 0.777189
    outer loop
      vertex -345.267 227.5 108.541
      vertex -350.148 272.5 104.589
      vertex -350.148 227.5 104.589
    endloop
  endfacet
  facet normal -0.544703 0 0.838629
    outer loop
      vertex -345.267 272.5 108.541
      vertex -340 227.5 111.962
      vertex -340 272.5 111.962
    endloop
  endfacet
  facet normal -0.544703 0 0.838629
    outer loop
      vertex -340 227.5 111.962
      vertex -345.267 272.5 108.541
      vertex -345.267 227.5 108.541
    endloop
  endfacet
  facet normal -0.89102 0 -0.453965
    outer loop
      vertex -361.962 227.5 30
      vertex -364.813 272.5 35.5958
      vertex -361.962 272.5 30
    endloop
  endfacet
  facet normal -0.89102 -0 -0.453965
    outer loop
      vertex -364.813 272.5 35.5958
      vertex -361.962 227.5 30
      vertex -364.813 227.5 35.5958
    endloop
  endfacet
  facet normal 0.629296 0 -0.777166
    outer loop
      vertex -274.733 227.5 11.459
      vertex -269.852 272.5 15.4113
      vertex -269.852 227.5 15.4113
    endloop
  endfacet
  facet normal 0.629296 0 -0.777166
    outer loop
      vertex -269.852 272.5 15.4113
      vertex -274.733 227.5 11.459
      vertex -274.733 272.5 11.459
    endloop
  endfacet
  facet normal -0.838634 0 -0.544696
    outer loop
      vertex -358.541 227.5 24.7329
      vertex -361.962 272.5 30
      vertex -358.541 272.5 24.7329
    endloop
  endfacet
  facet normal -0.838634 -0 -0.544696
    outer loop
      vertex -361.962 272.5 30
      vertex -358.541 227.5 24.7329
      vertex -361.962 227.5 30
    endloop
  endfacet
  facet normal -0.9877 0 -0.156363
    outer loop
      vertex -368.689 227.5 47.5253
      vertex -369.671 272.5 53.7283
      vertex -368.689 272.5 47.5253
    endloop
  endfacet
  facet normal -0.9877 -0 -0.156363
    outer loop
      vertex -369.671 272.5 53.7283
      vertex -368.689 227.5 47.5253
      vertex -369.671 227.5 53.7283
    endloop
  endfacet
  facet normal -0.933616 0 -0.358275
    outer loop
      vertex -364.813 227.5 35.5958
      vertex -367.063 272.5 41.459
      vertex -364.813 272.5 35.5958
    endloop
  endfacet
  facet normal -0.933616 -0 -0.358275
    outer loop
      vertex -367.063 272.5 41.459
      vertex -364.813 227.5 35.5958
      vertex -367.063 227.5 41.459
    endloop
  endfacet
  facet normal -0.77717 0 -0.62929
    outer loop
      vertex -354.589 227.5 19.8522
      vertex -358.541 272.5 24.7329
      vertex -354.589 272.5 19.8522
    endloop
  endfacet
  facet normal -0.77717 -0 -0.62929
    outer loop
      vertex -358.541 272.5 24.7329
      vertex -354.589 227.5 19.8522
      vertex -358.541 227.5 24.7329
    endloop
  endfacet
  facet normal 0.544649 0 -0.838664
    outer loop
      vertex -280 227.5 8.03848
      vertex -274.733 272.5 11.459
      vertex -274.733 227.5 11.459
    endloop
  endfacet
  facet normal 0.544649 0 -0.838664
    outer loop
      vertex -274.733 272.5 11.459
      vertex -280 227.5 8.03848
      vertex -280 272.5 8.03848
    endloop
  endfacet
  facet normal 0.933616 0 -0.358275
    outer loop
      vertex -252.937 227.5 41.459
      vertex -255.187 272.5 35.5958
      vertex -252.937 272.5 41.459
    endloop
  endfacet
  facet normal 0.933616 0 -0.358275
    outer loop
      vertex -255.187 272.5 35.5958
      vertex -252.937 227.5 41.459
      vertex -255.187 227.5 35.5958
    endloop
  endfacet
  facet normal -0.0523336 0 -0.99863
    outer loop
      vertex -316.272 227.5 0.328687
      vertex -310 272.5 0
      vertex -310 227.5 0
    endloop
  endfacet
  facet normal -0.0523336 0 -0.99863
    outer loop
      vertex -310 272.5 0
      vertex -316.272 227.5 0.328687
      vertex -316.272 272.5 0.328687
    endloop
  endfacet
  facet normal -0.998627 0 0.0523858
    outer loop
      vertex -370 227.5 60
      vertex -369.671 272.5 66.2717
      vertex -370 272.5 60
    endloop
  endfacet
  facet normal -0.998627 0 0.0523858
    outer loop
      vertex -369.671 272.5 66.2717
      vertex -370 227.5 60
      vertex -369.671 227.5 66.2717
    endloop
  endfacet
  facet normal -0.358377 0 -0.933577
    outer loop
      vertex -334.404 227.5 5.18727
      vertex -328.541 272.5 2.93661
      vertex -328.541 227.5 2.93661
    endloop
  endfacet
  facet normal -0.358377 0 -0.933577
    outer loop
      vertex -328.541 272.5 2.93661
      vertex -334.404 227.5 5.18727
      vertex -334.404 272.5 5.18727
    endloop
  endfacet
  facet normal 0.707099 0 -0.707115
    outer loop
      vertex -269.852 227.5 15.4113
      vertex -265.411 272.5 19.8522
      vertex -265.411 227.5 19.8522
    endloop
  endfacet
  facet normal 0.707099 0 -0.707115
    outer loop
      vertex -265.411 272.5 19.8522
      vertex -269.852 227.5 15.4113
      vertex -269.852 272.5 15.4113
    endloop
  endfacet
  facet normal -0.98765 0 0.156679
    outer loop
      vertex -300.219 227.5 57.9209
      vertex -300.055 272.5 58.9547
      vertex -300.219 272.5 57.9209
    endloop
  endfacet
  facet normal -0.98765 0 0.156679
    outer loop
      vertex -300.055 272.5 58.9547
      vertex -300.219 227.5 57.9209
      vertex -300.055 227.5 58.9547
    endloop
  endfacet
  facet normal -0.98765 0 -0.156679
    outer loop
      vertex -300.055 227.5 61.0453
      vertex -300.219 272.5 62.0791
      vertex -300.055 272.5 61.0453
    endloop
  endfacet
  facet normal -0.98765 -0 -0.156679
    outer loop
      vertex -300.219 272.5 62.0791
      vertex -300.055 227.5 61.0453
      vertex -300.219 227.5 62.0791
    endloop
  endfacet
  facet normal -0.998619 0 -0.0525438
    outer loop
      vertex -300 227.5 60
      vertex -300.055 272.5 61.0453
      vertex -300 272.5 60
    endloop
  endfacet
  facet normal -0.998619 -0 -0.0525438
    outer loop
      vertex -300.055 272.5 61.0453
      vertex -300 227.5 60
      vertex -300.055 227.5 61.0453
    endloop
  endfacet
  facet normal -0.966146 0 -0.257996
    outer loop
      vertex -300.219 227.5 62.0791
      vertex -300.489 272.5 63.0902
      vertex -300.219 272.5 62.0791
    endloop
  endfacet
  facet normal -0.966146 -0 -0.257996
    outer loop
      vertex -300.489 272.5 63.0902
      vertex -300.219 227.5 62.0791
      vertex -300.489 227.5 63.0902
    endloop
  endfacet
  facet normal -0.838721 0 -0.544562
    outer loop
      vertex -301.34 227.5 65
      vertex -301.91 272.5 65.8779
      vertex -301.34 272.5 65
    endloop
  endfacet
  facet normal -0.838721 -0 -0.544562
    outer loop
      vertex -301.91 272.5 65.8779
      vertex -301.34 227.5 65
      vertex -301.91 227.5 65.8779
    endloop
  endfacet
  facet normal 0.0523682 0 -0.998628
    outer loop
      vertex -311.045 227.5 69.9452
      vertex -310 272.5 70
      vertex -310 227.5 70
    endloop
  endfacet
  facet normal 0.0523682 0 -0.998628
    outer loop
      vertex -310 272.5 70
      vertex -311.045 227.5 69.9452
      vertex -311.045 272.5 69.9452
    endloop
  endfacet
  facet normal -0.998619 0 0.0525438
    outer loop
      vertex -300.055 227.5 58.9547
      vertex -300 272.5 60
      vertex -300.055 272.5 58.9547
    endloop
  endfacet
  facet normal -0.998619 0 0.0525438
    outer loop
      vertex -300 272.5 60
      vertex -300.055 227.5 58.9547
      vertex -300 227.5 60
    endloop
  endfacet
  facet normal -0.776996 0 -0.629506
    outer loop
      vertex -301.91 227.5 65.8779
      vertex -302.569 272.5 66.6913
      vertex -301.91 272.5 65.8779
    endloop
  endfacet
  facet normal -0.776996 -0 -0.629506
    outer loop
      vertex -302.569 272.5 66.6913
      vertex -301.91 227.5 65.8779
      vertex -302.569 227.5 66.6913
    endloop
  endfacet
  facet normal 0.98765 -0 0.156679
    outer loop
      vertex -319.945 227.5 58.9547
      vertex -319.781 272.5 57.9209
      vertex -319.945 272.5 58.9547
    endloop
  endfacet
  facet normal 0.98765 0 0.156679
    outer loop
      vertex -319.781 272.5 57.9209
      vertex -319.945 227.5 58.9547
      vertex -319.781 227.5 57.9209
    endloop
  endfacet
  facet normal 0.891077 0 -0.453851
    outer loop
      vertex -318.66 227.5 65
      vertex -319.135 272.5 64.0674
      vertex -318.66 272.5 65
    endloop
  endfacet
  facet normal 0.891077 0 -0.453851
    outer loop
      vertex -319.135 272.5 64.0674
      vertex -318.66 227.5 65
      vertex -319.135 227.5 64.0674
    endloop
  endfacet
  facet normal -0.258822 0 -0.965925
    outer loop
      vertex -307.921 227.5 69.7815
      vertex -306.91 272.5 69.5106
      vertex -306.91 227.5 69.5106
    endloop
  endfacet
  facet normal -0.258822 0 -0.965925
    outer loop
      vertex -306.91 272.5 69.5106
      vertex -307.921 227.5 69.7815
      vertex -307.921 272.5 69.7815
    endloop
  endfacet
  facet normal -0.358422 0 -0.93356
    outer loop
      vertex -306.91 227.5 69.5106
      vertex -305.933 272.5 69.1355
      vertex -305.933 227.5 69.1355
    endloop
  endfacet
  facet normal -0.358422 0 -0.93356
    outer loop
      vertex -305.933 272.5 69.1355
      vertex -306.91 227.5 69.5106
      vertex -306.91 272.5 69.5106
    endloop
  endfacet
  facet normal 0.966146 -0 0.257996
    outer loop
      vertex -319.781 227.5 57.9209
      vertex -319.511 272.5 56.9098
      vertex -319.781 272.5 57.9209
    endloop
  endfacet
  facet normal 0.966146 0 0.257996
    outer loop
      vertex -319.511 272.5 56.9098
      vertex -319.781 227.5 57.9209
      vertex -319.511 227.5 56.9098
    endloop
  endfacet
  facet normal -0.629578 0 -0.776938
    outer loop
      vertex -304.122 227.5 68.0902
      vertex -303.309 272.5 67.4314
      vertex -303.309 227.5 67.4314
    endloop
  endfacet
  facet normal -0.629578 0 -0.776938
    outer loop
      vertex -303.309 272.5 67.4314
      vertex -304.122 227.5 68.0902
      vertex -304.122 272.5 68.0902
    endloop
  endfacet
  facet normal -0.358422 0 0.93356
    outer loop
      vertex -306.91 272.5 50.4894
      vertex -305.933 227.5 50.8645
      vertex -305.933 272.5 50.8645
    endloop
  endfacet
  facet normal -0.358422 0 0.93356
    outer loop
      vertex -305.933 227.5 50.8645
      vertex -306.91 272.5 50.4894
      vertex -306.91 227.5 50.4894
    endloop
  endfacet
  facet normal 0.776996 0 -0.629506
    outer loop
      vertex -317.431 227.5 66.6913
      vertex -318.09 272.5 65.8779
      vertex -317.431 272.5 66.6913
    endloop
  endfacet
  facet normal 0.776996 0 -0.629506
    outer loop
      vertex -318.09 272.5 65.8779
      vertex -317.431 227.5 66.6913
      vertex -318.09 227.5 65.8779
    endloop
  endfacet
  facet normal 0.258822 0 -0.965925
    outer loop
      vertex -313.09 227.5 69.5106
      vertex -312.079 272.5 69.7815
      vertex -312.079 227.5 69.7815
    endloop
  endfacet
  facet normal 0.258822 0 -0.965925
    outer loop
      vertex -312.079 272.5 69.7815
      vertex -313.09 227.5 69.5106
      vertex -313.09 272.5 69.5106
    endloop
  endfacet
  facet normal 0.707155 0 -0.707059
    outer loop
      vertex -316.691 227.5 67.4314
      vertex -317.431 272.5 66.6913
      vertex -316.691 272.5 67.4314
    endloop
  endfacet
  facet normal 0.707155 0 -0.707059
    outer loop
      vertex -317.431 272.5 66.6913
      vertex -316.691 227.5 67.4314
      vertex -317.431 227.5 66.6913
    endloop
  endfacet
  facet normal 0.544585 0 -0.838705
    outer loop
      vertex -315.878 227.5 68.0902
      vertex -315 272.5 68.6603
      vertex -315 227.5 68.6603
    endloop
  endfacet
  facet normal 0.544585 0 -0.838705
    outer loop
      vertex -315 272.5 68.6603
      vertex -315.878 227.5 68.0902
      vertex -315.878 272.5 68.0902
    endloop
  endfacet
  facet normal -0.966146 0 0.257996
    outer loop
      vertex -300.489 227.5 56.9098
      vertex -300.219 272.5 57.9209
      vertex -300.489 272.5 56.9098
    endloop
  endfacet
  facet normal -0.966146 0 0.257996
    outer loop
      vertex -300.219 272.5 57.9209
      vertex -300.489 227.5 56.9098
      vertex -300.219 227.5 57.9209
    endloop
  endfacet
  facet normal -0.0523682 0 0.998628
    outer loop
      vertex -310 272.5 50
      vertex -308.955 227.5 50.0548
      vertex -308.955 272.5 50.0548
    endloop
  endfacet
  facet normal -0.0523682 0 0.998628
    outer loop
      vertex -308.955 227.5 50.0548
      vertex -310 272.5 50
      vertex -310 227.5 50
    endloop
  endfacet
  facet normal -0.544585 0 -0.838705
    outer loop
      vertex -305 227.5 68.6603
      vertex -304.122 272.5 68.0902
      vertex -304.122 227.5 68.0902
    endloop
  endfacet
  facet normal -0.544585 0 -0.838705
    outer loop
      vertex -304.122 272.5 68.0902
      vertex -305 227.5 68.6603
      vertex -305 272.5 68.6603
    endloop
  endfacet
  facet normal 0.838721 -0 0.544562
    outer loop
      vertex -318.66 227.5 55
      vertex -318.09 272.5 54.1221
      vertex -318.66 272.5 55
    endloop
  endfacet
  facet normal 0.838721 0 0.544562
    outer loop
      vertex -318.09 272.5 54.1221
      vertex -318.66 227.5 55
      vertex -318.09 227.5 54.1221
    endloop
  endfacet
  facet normal -0.15637 0 0.987699
    outer loop
      vertex -308.955 272.5 50.0548
      vertex -307.921 227.5 50.2185
      vertex -307.921 272.5 50.2185
    endloop
  endfacet
  facet normal -0.15637 0 0.987699
    outer loop
      vertex -307.921 227.5 50.2185
      vertex -308.955 272.5 50.0548
      vertex -308.955 227.5 50.0548
    endloop
  endfacet
  facet normal 0.15637 0 0.987699
    outer loop
      vertex -312.079 272.5 50.2185
      vertex -311.045 227.5 50.0548
      vertex -311.045 272.5 50.0548
    endloop
  endfacet
  facet normal 0.15637 0 0.987699
    outer loop
      vertex -311.045 227.5 50.0548
      vertex -312.079 272.5 50.2185
      vertex -312.079 227.5 50.2185
    endloop
  endfacet
  facet normal 0.453849 0 -0.891079
    outer loop
      vertex -315 227.5 68.6603
      vertex -314.067 272.5 69.1355
      vertex -314.067 227.5 69.1355
    endloop
  endfacet
  facet normal 0.453849 0 -0.891079
    outer loop
      vertex -314.067 272.5 69.1355
      vertex -315 227.5 68.6603
      vertex -315 272.5 68.6603
    endloop
  endfacet
  facet normal 0.453849 0 0.891079
    outer loop
      vertex -315 272.5 51.3397
      vertex -314.067 227.5 50.8645
      vertex -314.067 272.5 50.8645
    endloop
  endfacet
  facet normal 0.453849 0 0.891079
    outer loop
      vertex -314.067 227.5 50.8645
      vertex -315 272.5 51.3397
      vertex -315 227.5 51.3397
    endloop
  endfacet
  facet normal 0.358422 0 -0.93356
    outer loop
      vertex -314.067 227.5 69.1355
      vertex -313.09 272.5 69.5106
      vertex -313.09 227.5 69.5106
    endloop
  endfacet
  facet normal 0.358422 0 -0.93356
    outer loop
      vertex -313.09 272.5 69.5106
      vertex -314.067 227.5 69.1355
      vertex -314.067 272.5 69.1355
    endloop
  endfacet
  facet normal -0.453849 0 -0.891079
    outer loop
      vertex -305.933 227.5 69.1355
      vertex -305 272.5 68.6603
      vertex -305 227.5 68.6603
    endloop
  endfacet
  facet normal -0.453849 0 -0.891079
    outer loop
      vertex -305 272.5 68.6603
      vertex -305.933 227.5 69.1355
      vertex -305.933 272.5 69.1355
    endloop
  endfacet
  facet normal -0.891077 0 0.453851
    outer loop
      vertex -301.34 227.5 55
      vertex -300.865 272.5 55.9326
      vertex -301.34 272.5 55
    endloop
  endfacet
  facet normal -0.891077 0 0.453851
    outer loop
      vertex -300.865 272.5 55.9326
      vertex -301.34 227.5 55
      vertex -300.865 227.5 55.9326
    endloop
  endfacet
  facet normal -0.707155 0 -0.707059
    outer loop
      vertex -302.569 227.5 66.6913
      vertex -303.309 272.5 67.4314
      vertex -302.569 272.5 66.6913
    endloop
  endfacet
  facet normal -0.707155 -0 -0.707059
    outer loop
      vertex -303.309 272.5 67.4314
      vertex -302.569 227.5 66.6913
      vertex -303.309 227.5 67.4314
    endloop
  endfacet
  facet normal 0.629578 0 0.776938
    outer loop
      vertex -316.691 272.5 52.5686
      vertex -315.878 227.5 51.9098
      vertex -315.878 272.5 51.9098
    endloop
  endfacet
  facet normal 0.629578 0 0.776938
    outer loop
      vertex -315.878 227.5 51.9098
      vertex -316.691 272.5 52.5686
      vertex -316.691 227.5 52.5686
    endloop
  endfacet
  facet normal -0.838721 0 0.544562
    outer loop
      vertex -301.91 227.5 54.1221
      vertex -301.34 272.5 55
      vertex -301.91 272.5 54.1221
    endloop
  endfacet
  facet normal -0.838721 0 0.544562
    outer loop
      vertex -301.34 272.5 55
      vertex -301.91 227.5 54.1221
      vertex -301.34 227.5 55
    endloop
  endfacet
  facet normal -0.453849 0 0.891079
    outer loop
      vertex -305.933 272.5 50.8645
      vertex -305 227.5 51.3397
      vertex -305 272.5 51.3397
    endloop
  endfacet
  facet normal -0.453849 0 0.891079
    outer loop
      vertex -305 227.5 51.3397
      vertex -305.933 272.5 50.8645
      vertex -305.933 227.5 50.8645
    endloop
  endfacet
  facet normal 0.15637 0 -0.987699
    outer loop
      vertex -312.079 227.5 69.7815
      vertex -311.045 272.5 69.9452
      vertex -311.045 227.5 69.9452
    endloop
  endfacet
  facet normal 0.15637 0 -0.987699
    outer loop
      vertex -311.045 272.5 69.9452
      vertex -312.079 227.5 69.7815
      vertex -312.079 272.5 69.7815
    endloop
  endfacet
  facet normal -0.933296 0 -0.359107
    outer loop
      vertex -300.489 227.5 63.0902
      vertex -300.865 272.5 64.0674
      vertex -300.489 272.5 63.0902
    endloop
  endfacet
  facet normal -0.933296 -0 -0.359107
    outer loop
      vertex -300.865 272.5 64.0674
      vertex -300.489 227.5 63.0902
      vertex -300.865 227.5 64.0674
    endloop
  endfacet
  facet normal -0.776996 0 0.629506
    outer loop
      vertex -302.569 227.5 53.3087
      vertex -301.91 272.5 54.1221
      vertex -302.569 272.5 53.3087
    endloop
  endfacet
  facet normal -0.776996 0 0.629506
    outer loop
      vertex -301.91 272.5 54.1221
      vertex -302.569 227.5 53.3087
      vertex -301.91 227.5 54.1221
    endloop
  endfacet
  facet normal 0.98765 0 -0.156679
    outer loop
      vertex -319.781 227.5 62.0791
      vertex -319.945 272.5 61.0453
      vertex -319.781 272.5 62.0791
    endloop
  endfacet
  facet normal 0.98765 0 -0.156679
    outer loop
      vertex -319.945 272.5 61.0453
      vertex -319.781 227.5 62.0791
      vertex -319.945 227.5 61.0453
    endloop
  endfacet
  facet normal -0.0523682 0 -0.998628
    outer loop
      vertex -310 227.5 70
      vertex -308.955 272.5 69.9452
      vertex -308.955 227.5 69.9452
    endloop
  endfacet
  facet normal -0.0523682 0 -0.998628
    outer loop
      vertex -308.955 272.5 69.9452
      vertex -310 227.5 70
      vertex -310 272.5 70
    endloop
  endfacet
  facet normal -0.891077 0 -0.453851
    outer loop
      vertex -300.865 227.5 64.0674
      vertex -301.34 272.5 65
      vertex -300.865 272.5 64.0674
    endloop
  endfacet
  facet normal -0.891077 -0 -0.453851
    outer loop
      vertex -301.34 272.5 65
      vertex -300.865 227.5 64.0674
      vertex -301.34 227.5 65
    endloop
  endfacet
  facet normal 0.838721 0 -0.544562
    outer loop
      vertex -318.09 227.5 65.8779
      vertex -318.66 272.5 65
      vertex -318.09 272.5 65.8779
    endloop
  endfacet
  facet normal 0.838721 0 -0.544562
    outer loop
      vertex -318.66 272.5 65
      vertex -318.09 227.5 65.8779
      vertex -318.66 227.5 65
    endloop
  endfacet
  facet normal 0.629578 0 -0.776938
    outer loop
      vertex -316.691 227.5 67.4314
      vertex -315.878 272.5 68.0902
      vertex -315.878 227.5 68.0902
    endloop
  endfacet
  facet normal 0.629578 0 -0.776938
    outer loop
      vertex -315.878 272.5 68.0902
      vertex -316.691 227.5 67.4314
      vertex -316.691 272.5 67.4314
    endloop
  endfacet
  facet normal 0.933296 -0 0.359107
    outer loop
      vertex -319.511 227.5 56.9098
      vertex -319.135 272.5 55.9326
      vertex -319.511 272.5 56.9098
    endloop
  endfacet
  facet normal 0.933296 0 0.359107
    outer loop
      vertex -319.135 272.5 55.9326
      vertex -319.511 227.5 56.9098
      vertex -319.135 227.5 55.9326
    endloop
  endfacet
  facet normal 0.933296 0 -0.359107
    outer loop
      vertex -319.135 227.5 64.0674
      vertex -319.511 272.5 63.0902
      vertex -319.135 272.5 64.0674
    endloop
  endfacet
  facet normal 0.933296 0 -0.359107
    outer loop
      vertex -319.511 272.5 63.0902
      vertex -319.135 227.5 64.0674
      vertex -319.511 227.5 63.0902
    endloop
  endfacet
  facet normal 0.891077 -0 0.453851
    outer loop
      vertex -319.135 227.5 55.9326
      vertex -318.66 272.5 55
      vertex -319.135 272.5 55.9326
    endloop
  endfacet
  facet normal 0.891077 0 0.453851
    outer loop
      vertex -318.66 272.5 55
      vertex -319.135 227.5 55.9326
      vertex -318.66 227.5 55
    endloop
  endfacet
  facet normal -0.258822 0 0.965925
    outer loop
      vertex -307.921 272.5 50.2185
      vertex -306.91 227.5 50.4894
      vertex -306.91 272.5 50.4894
    endloop
  endfacet
  facet normal -0.258822 0 0.965925
    outer loop
      vertex -306.91 227.5 50.4894
      vertex -307.921 272.5 50.2185
      vertex -307.921 227.5 50.2185
    endloop
  endfacet
  facet normal -0.629578 0 0.776938
    outer loop
      vertex -304.122 272.5 51.9098
      vertex -303.309 227.5 52.5686
      vertex -303.309 272.5 52.5686
    endloop
  endfacet
  facet normal -0.629578 0 0.776938
    outer loop
      vertex -303.309 227.5 52.5686
      vertex -304.122 272.5 51.9098
      vertex -304.122 227.5 51.9098
    endloop
  endfacet
  facet normal 0.258822 0 0.965925
    outer loop
      vertex -313.09 272.5 50.4894
      vertex -312.079 227.5 50.2185
      vertex -312.079 272.5 50.2185
    endloop
  endfacet
  facet normal 0.258822 0 0.965925
    outer loop
      vertex -312.079 227.5 50.2185
      vertex -313.09 272.5 50.4894
      vertex -313.09 227.5 50.4894
    endloop
  endfacet
  facet normal 0.998619 -0 0.0525438
    outer loop
      vertex -320 227.5 60
      vertex -319.945 272.5 58.9547
      vertex -320 272.5 60
    endloop
  endfacet
  facet normal 0.998619 0 0.0525438
    outer loop
      vertex -319.945 272.5 58.9547
      vertex -320 227.5 60
      vertex -319.945 227.5 58.9547
    endloop
  endfacet
  facet normal -0.15637 0 -0.987699
    outer loop
      vertex -308.955 227.5 69.9452
      vertex -307.921 272.5 69.7815
      vertex -307.921 227.5 69.7815
    endloop
  endfacet
  facet normal -0.15637 0 -0.987699
    outer loop
      vertex -307.921 272.5 69.7815
      vertex -308.955 227.5 69.9452
      vertex -308.955 272.5 69.9452
    endloop
  endfacet
  facet normal 0.776996 -0 0.629506
    outer loop
      vertex -318.09 227.5 54.1221
      vertex -317.431 272.5 53.3087
      vertex -318.09 272.5 54.1221
    endloop
  endfacet
  facet normal 0.776996 0 0.629506
    outer loop
      vertex -317.431 272.5 53.3087
      vertex -318.09 227.5 54.1221
      vertex -317.431 227.5 53.3087
    endloop
  endfacet
  facet normal 0.966146 0 -0.257996
    outer loop
      vertex -319.511 227.5 63.0902
      vertex -319.781 272.5 62.0791
      vertex -319.511 272.5 63.0902
    endloop
  endfacet
  facet normal 0.966146 0 -0.257996
    outer loop
      vertex -319.781 272.5 62.0791
      vertex -319.511 227.5 63.0902
      vertex -319.781 227.5 62.0791
    endloop
  endfacet
  facet normal 0.707155 -0 0.707059
    outer loop
      vertex -317.431 227.5 53.3087
      vertex -316.691 272.5 52.5686
      vertex -317.431 272.5 53.3087
    endloop
  endfacet
  facet normal 0.707155 0 0.707059
    outer loop
      vertex -316.691 272.5 52.5686
      vertex -317.431 227.5 53.3087
      vertex -316.691 227.5 52.5686
    endloop
  endfacet
  facet normal -0.544585 0 0.838705
    outer loop
      vertex -305 272.5 51.3397
      vertex -304.122 227.5 51.9098
      vertex -304.122 272.5 51.9098
    endloop
  endfacet
  facet normal -0.544585 0 0.838705
    outer loop
      vertex -304.122 227.5 51.9098
      vertex -305 272.5 51.3397
      vertex -305 227.5 51.3397
    endloop
  endfacet
  facet normal -0.933296 0 0.359107
    outer loop
      vertex -300.865 227.5 55.9326
      vertex -300.489 272.5 56.9098
      vertex -300.865 272.5 55.9326
    endloop
  endfacet
  facet normal -0.933296 0 0.359107
    outer loop
      vertex -300.489 272.5 56.9098
      vertex -300.865 227.5 55.9326
      vertex -300.489 227.5 56.9098
    endloop
  endfacet
  facet normal 0.358422 0 0.93356
    outer loop
      vertex -314.067 272.5 50.8645
      vertex -313.09 227.5 50.4894
      vertex -313.09 272.5 50.4894
    endloop
  endfacet
  facet normal 0.358422 0 0.93356
    outer loop
      vertex -313.09 227.5 50.4894
      vertex -314.067 272.5 50.8645
      vertex -314.067 227.5 50.8645
    endloop
  endfacet
  facet normal 0.0523682 0 0.998628
    outer loop
      vertex -311.045 272.5 50.0548
      vertex -310 227.5 50
      vertex -310 272.5 50
    endloop
  endfacet
  facet normal 0.0523682 0 0.998628
    outer loop
      vertex -310 227.5 50
      vertex -311.045 272.5 50.0548
      vertex -311.045 227.5 50.0548
    endloop
  endfacet
  facet normal 0.998619 0 -0.0525438
    outer loop
      vertex -319.945 227.5 61.0453
      vertex -320 272.5 60
      vertex -319.945 272.5 61.0453
    endloop
  endfacet
  facet normal 0.998619 0 -0.0525438
    outer loop
      vertex -320 272.5 60
      vertex -319.945 227.5 61.0453
      vertex -320 227.5 60
    endloop
  endfacet
  facet normal 0.544585 0 0.838705
    outer loop
      vertex -315.878 272.5 51.9098
      vertex -315 227.5 51.3397
      vertex -315 272.5 51.3397
    endloop
  endfacet
  facet normal 0.544585 0 0.838705
    outer loop
      vertex -315 227.5 51.3397
      vertex -315.878 272.5 51.9098
      vertex -315.878 227.5 51.9098
    endloop
  endfacet
  facet normal -0.707155 0 0.707059
    outer loop
      vertex -303.309 227.5 52.5686
      vertex -302.569 272.5 53.3087
      vertex -303.309 272.5 52.5686
    endloop
  endfacet
  facet normal -0.707155 0 0.707059
    outer loop
      vertex -302.569 272.5 53.3087
      vertex -303.309 227.5 52.5686
      vertex -302.569 227.5 53.3087
    endloop
  endfacet
  facet normal -0.555055 -0.831814 0
    outer loop
      vertex -353.536 246.464 120.5
      vertex -351.913 245.381 129.5
      vertex -353.536 246.464 129.5
    endloop
  endfacet
  facet normal -0.555055 -0.831814 -0
    outer loop
      vertex -351.913 245.381 129.5
      vertex -353.536 246.464 120.5
      vertex -351.913 245.381 120.5
    endloop
  endfacet
  facet normal 0.831814 -0.555055 0
    outer loop
      vertex -346.464 246.464 129.5
      vertex -345.381 248.087 120.5
      vertex -345.381 248.087 129.5
    endloop
  endfacet
  facet normal 0.831814 -0.555055 0
    outer loop
      vertex -345.381 248.087 120.5
      vertex -346.464 246.464 129.5
      vertex -346.464 246.464 120.5
    endloop
  endfacet
  facet normal 0.980738 -0.195327 0
    outer loop
      vertex -345.381 248.087 129.5
      vertex -345 250 120.5
      vertex -345 250 129.5
    endloop
  endfacet
  facet normal 0.980738 -0.195327 0
    outer loop
      vertex -345 250 120.5
      vertex -345.381 248.087 129.5
      vertex -345.381 248.087 120.5
    endloop
  endfacet
  facet normal -0.831814 -0.555055 0
    outer loop
      vertex -353.536 246.464 120.5
      vertex -354.619 248.087 129.5
      vertex -354.619 248.087 120.5
    endloop
  endfacet
  facet normal -0.831814 -0.555055 0
    outer loop
      vertex -354.619 248.087 129.5
      vertex -353.536 246.464 120.5
      vertex -353.536 246.464 129.5
    endloop
  endfacet
  facet normal -0.195327 0.980738 0
    outer loop
      vertex -350 255 120.5
      vertex -351.913 254.619 129.5
      vertex -350 255 129.5
    endloop
  endfacet
  facet normal -0.195327 0.980738 0
    outer loop
      vertex -351.913 254.619 129.5
      vertex -350 255 120.5
      vertex -351.913 254.619 120.5
    endloop
  endfacet
  facet normal 0.195327 0.980738 -0
    outer loop
      vertex -348.087 254.619 120.5
      vertex -350 255 129.5
      vertex -348.087 254.619 129.5
    endloop
  endfacet
  facet normal 0.195327 0.980738 0
    outer loop
      vertex -350 255 129.5
      vertex -348.087 254.619 120.5
      vertex -350 255 120.5
    endloop
  endfacet
  facet normal 0.555055 0.831814 -0
    outer loop
      vertex -346.464 253.536 120.5
      vertex -348.087 254.619 129.5
      vertex -346.464 253.536 129.5
    endloop
  endfacet
  facet normal 0.555055 0.831814 0
    outer loop
      vertex -348.087 254.619 129.5
      vertex -346.464 253.536 120.5
      vertex -348.087 254.619 120.5
    endloop
  endfacet
  facet normal 0.831814 0.555055 0
    outer loop
      vertex -345.381 251.913 129.5
      vertex -346.464 253.536 120.5
      vertex -346.464 253.536 129.5
    endloop
  endfacet
  facet normal 0.831814 0.555055 0
    outer loop
      vertex -346.464 253.536 120.5
      vertex -345.381 251.913 129.5
      vertex -345.381 251.913 120.5
    endloop
  endfacet
  facet normal -0.980738 -0.195327 0
    outer loop
      vertex -354.619 248.087 120.5
      vertex -355 250 129.5
      vertex -355 250 120.5
    endloop
  endfacet
  facet normal -0.980738 -0.195327 0
    outer loop
      vertex -355 250 129.5
      vertex -354.619 248.087 120.5
      vertex -354.619 248.087 129.5
    endloop
  endfacet
  facet normal 0.980738 0.195327 0
    outer loop
      vertex -345 250 129.5
      vertex -345.381 251.913 120.5
      vertex -345.381 251.913 129.5
    endloop
  endfacet
  facet normal 0.980738 0.195327 0
    outer loop
      vertex -345.381 251.913 120.5
      vertex -345 250 129.5
      vertex -345 250 120.5
    endloop
  endfacet
  facet normal -0.195327 -0.980738 0
    outer loop
      vertex -351.913 245.381 120.5
      vertex -350 245 129.5
      vertex -351.913 245.381 129.5
    endloop
  endfacet
  facet normal -0.195327 -0.980738 -0
    outer loop
      vertex -350 245 129.5
      vertex -351.913 245.381 120.5
      vertex -350 245 120.5
    endloop
  endfacet
  facet normal 0.195327 -0.980738 0
    outer loop
      vertex -350 245 120.5
      vertex -348.087 245.381 129.5
      vertex -350 245 129.5
    endloop
  endfacet
  facet normal 0.195327 -0.980738 0
    outer loop
      vertex -348.087 245.381 129.5
      vertex -350 245 120.5
      vertex -348.087 245.381 120.5
    endloop
  endfacet
  facet normal 0.555055 -0.831814 0
    outer loop
      vertex -348.087 245.381 120.5
      vertex -346.464 246.464 129.5
      vertex -348.087 245.381 129.5
    endloop
  endfacet
  facet normal 0.555055 -0.831814 0
    outer loop
      vertex -346.464 246.464 129.5
      vertex -348.087 245.381 120.5
      vertex -346.464 246.464 120.5
    endloop
  endfacet
  facet normal -0.831814 0.555055 0
    outer loop
      vertex -354.619 251.913 120.5
      vertex -353.536 253.536 129.5
      vertex -353.536 253.536 120.5
    endloop
  endfacet
  facet normal -0.831814 0.555055 0
    outer loop
      vertex -353.536 253.536 129.5
      vertex -354.619 251.913 120.5
      vertex -354.619 251.913 129.5
    endloop
  endfacet
  facet normal -0.980738 0.195327 0
    outer loop
      vertex -355 250 120.5
      vertex -354.619 251.913 129.5
      vertex -354.619 251.913 120.5
    endloop
  endfacet
  facet normal -0.980738 0.195327 0
    outer loop
      vertex -354.619 251.913 129.5
      vertex -355 250 120.5
      vertex -355 250 129.5
    endloop
  endfacet
  facet normal -0.555055 0.831814 0
    outer loop
      vertex -351.913 254.619 120.5
      vertex -353.536 253.536 129.5
      vertex -351.913 254.619 129.5
    endloop
  endfacet
  facet normal -0.555055 0.831814 0
    outer loop
      vertex -353.536 253.536 129.5
      vertex -351.913 254.619 120.5
      vertex -353.536 253.536 120.5
    endloop
  endfacet
  facet normal 1 0 0
    outer loop
      vertex -300 280 130.5
      vertex -300 200 130.5
      vertex -300 280 130
    endloop
  endfacet
  facet normal 1 -0 0
    outer loop
      vertex -300 280 130
      vertex -300 300 129.5
      vertex -300 300 130
    endloop
  endfacet
  facet normal 1 0 0
    outer loop
      vertex -300 200 129.5
      vertex -300 280 130
      vertex -300 200 130.5
    endloop
  endfacet
  facet normal 1 0 0
    outer loop
      vertex -300 280 130
      vertex -300 200 129.5
      vertex -300 300 129.5
    endloop
  endfacet
  facet normal -0 0 1
    outer loop
      vertex -380 280 130.5
      vertex -300 200 130.5
      vertex -300 280 130.5
    endloop
  endfacet
  facet normal 0 0 1
    outer loop
      vertex -300 200 130.5
      vertex -380 280 130.5
      vertex -380 200 130.5
    endloop
  endfacet
  facet normal 0 0 -1
    outer loop
      vertex -300 200 129.5
      vertex -345 250 129.5
      vertex -300 300 129.5
    endloop
  endfacet
  facet normal 0 0 -1
    outer loop
      vertex -300 200 129.5
      vertex -345.381 248.087 129.5
      vertex -345 250 129.5
    endloop
  endfacet
  facet normal 0 0 -1
    outer loop
      vertex -300 200 129.5
      vertex -346.464 246.464 129.5
      vertex -345.381 248.087 129.5
    endloop
  endfacet
  facet normal 0 0 -1
    outer loop
      vertex -300 200 129.5
      vertex -348.087 245.381 129.5
      vertex -346.464 246.464 129.5
    endloop
  endfacet
  facet normal 0 0 -1
    outer loop
      vertex -300 200 129.5
      vertex -350 245 129.5
      vertex -348.087 245.381 129.5
    endloop
  endfacet
  facet normal 0 0 -1
    outer loop
      vertex -400 200 129.5
      vertex -350 245 129.5
      vertex -300 200 129.5
    endloop
  endfacet
  facet normal -0 0 -1
    outer loop
      vertex -350 245 129.5
      vertex -400 200 129.5
      vertex -351.913 245.381 129.5
    endloop
  endfacet
  facet normal -0 0 -1
    outer loop
      vertex -354.619 248.087 129.5
      vertex -400 200 129.5
      vertex -355 250 129.5
    endloop
  endfacet
  facet normal -0 0 -1
    outer loop
      vertex -353.536 246.464 129.5
      vertex -400 200 129.5
      vertex -354.619 248.087 129.5
    endloop
  endfacet
  facet normal -0 0 -1
    outer loop
      vertex -351.913 245.381 129.5
      vertex -400 200 129.5
      vertex -353.536 246.464 129.5
    endloop
  endfacet
  facet normal 0 0 -1
    outer loop
      vertex -345.381 251.913 129.5
      vertex -300 300 129.5
      vertex -345 250 129.5
    endloop
  endfacet
  facet normal 0 0 -1
    outer loop
      vertex -346.464 253.536 129.5
      vertex -300 300 129.5
      vertex -345.381 251.913 129.5
    endloop
  endfacet
  facet normal 0 0 -1
    outer loop
      vertex -348.087 254.619 129.5
      vertex -300 300 129.5
      vertex -346.464 253.536 129.5
    endloop
  endfacet
  facet normal 0 0 -1
    outer loop
      vertex -350 255 129.5
      vertex -300 300 129.5
      vertex -348.087 254.619 129.5
    endloop
  endfacet
  facet normal 0 0 -1
    outer loop
      vertex -400 300 129.5
      vertex -350 255 129.5
      vertex -351.913 254.619 129.5
    endloop
  endfacet
  facet normal 0 0 -1
    outer loop
      vertex -400 300 129.5
      vertex -351.913 254.619 129.5
      vertex -353.536 253.536 129.5
    endloop
  endfacet
  facet normal 0 0 -1
    outer loop
      vertex -400 300 129.5
      vertex -355 250 129.5
      vertex -400 200 129.5
    endloop
  endfacet
  facet normal 0 0 -1
    outer loop
      vertex -355 250 129.5
      vertex -400 300 129.5
      vertex -354.619 251.913 129.5
    endloop
  endfacet
  facet normal 0 0 -1
    outer loop
      vertex -350 255 129.5
      vertex -400 300 129.5
      vertex -300 300 129.5
    endloop
  endfacet
  facet normal 0 0 -1
    outer loop
      vertex -354.619 251.913 129.5
      vertex -400 300 129.5
      vertex -353.536 253.536 129.5
    endloop
  endfacet
  facet normal 0 -1 0
    outer loop
      vertex -400 200 130
      vertex -400 200 129.5
      vertex -380 200 130
    endloop
  endfacet
  facet normal 0 -1 0
    outer loop
      vertex -380 200 130
      vertex -300 200 130.5
      vertex -380 200 130.5
    endloop
  endfacet
  facet normal 0 -1 0
    outer loop
      vertex -300 200 129.5
      vertex -380 200 130
      vertex -400 200 129.5
    endloop
  endfacet
  facet normal 0 -1 0
    outer loop
      vertex -380 200 130
      vertex -300 200 129.5
      vertex -300 200 130.5
    endloop
  endfacet
  facet normal -1 0 0
    outer loop
      vertex -350 -278.125 100
      vertex -350 -277.125 119.5
      vertex -350 -277.125 100
    endloop
  endfacet
  facet normal -1 -0 0
    outer loop
      vertex -350 -277.125 119.5
      vertex -350 -278.125 100
      vertex -350 -278.125 119.5
    endloop
  endfacet
  facet normal 1 -0 0
    outer loop
      vertex -300 -278.125 120
      vertex -300 -277.125 50
      vertex -300 -277.125 120
    endloop
  endfacet
  facet normal 1 0 0
    outer loop
      vertex -300 -277.125 50
      vertex -300 -278.125 120
      vertex -300 -278.125 50
    endloop
  endfacet
  facet normal 0 -1 0
    outer loop
      vertex -350 -278.125 100
      vertex -312.75 -278.125 64.7631
      vertex -310.955 -278.125 65.4164
    endloop
  endfacet
  facet normal 0 -1 0
    outer loop
      vertex -350 -278.125 100
      vertex -314.213 -278.125 63.5353
      vertex -312.75 -278.125 64.7631
    endloop
  endfacet
  facet normal 0 -1 0
    outer loop
      vertex -350 -278.125 100
      vertex -315.168 -278.125 61.8811
      vertex -314.213 -278.125 63.5353
    endloop
  endfacet
  facet normal 0 -1 0
    outer loop
      vertex -320 -278.125 50
      vertex -315.168 -278.125 61.8811
      vertex -350 -278.125 100
    endloop
  endfacet
  facet normal 0 -1 0
    outer loop
      vertex -315.168 -278.125 61.8811
      vertex -320 -278.125 50
      vertex -315.5 -278.125 60
    endloop
  endfacet
  facet normal 0 -1 -0
    outer loop
      vertex -315.5 -278.125 60
      vertex -320 -278.125 50
      vertex -315.168 -278.125 58.1189
    endloop
  endfacet
  facet normal 0 -1 -0
    outer loop
      vertex -310.955 -278.125 54.5836
      vertex -320 -278.125 50
      vertex -309.045 -278.125 54.5836
    endloop
  endfacet
  facet normal 0 -1 -0
    outer loop
      vertex -312.75 -278.125 55.2369
      vertex -320 -278.125 50
      vertex -310.955 -278.125 54.5836
    endloop
  endfacet
  facet normal 0 -1 -0
    outer loop
      vertex -314.213 -278.125 56.4647
      vertex -320 -278.125 50
      vertex -312.75 -278.125 55.2369
    endloop
  endfacet
  facet normal 0 -1 -0
    outer loop
      vertex -315.168 -278.125 58.1189
      vertex -320 -278.125 50
      vertex -314.213 -278.125 56.4647
    endloop
  endfacet
  facet normal 0 -1 0
    outer loop
      vertex -350 -278.125 119.5
      vertex -338.75 -278.125 120.5
      vertex -361.25 -278.125 120.5
    endloop
  endfacet
  facet normal 0 -1 0
    outer loop
      vertex -350 -278.125 119.5
      vertex -361.25 -278.125 120.5
      vertex -361.25 -278.125 119.5
    endloop
  endfacet
  facet normal 0 -1 -0
    outer loop
      vertex -338.75 -278.125 120.5
      vertex -350 -278.125 119.5
      vertex -338.75 -278.125 120
    endloop
  endfacet
  facet normal 0 -1 0
    outer loop
      vertex -350 -278.125 100
      vertex -338.75 -278.125 120
      vertex -350 -278.125 119.5
    endloop
  endfacet
  facet normal 0 -1 -0
    outer loop
      vertex -338.75 -278.125 120
      vertex -350 -278.125 100
      vertex -300 -278.125 120
    endloop
  endfacet
  facet normal 0 -1 0
    outer loop
      vertex -310.955 -278.125 65.4164
      vertex -300 -278.125 120
      vertex -350 -278.125 100
    endloop
  endfacet
  facet normal 0 -1 0
    outer loop
      vertex -309.045 -278.125 65.4164
      vertex -300 -278.125 120
      vertex -310.955 -278.125 65.4164
    endloop
  endfacet
  facet normal 0 -1 0
    outer loop
      vertex -307.25 -278.125 64.7631
      vertex -300 -278.125 120
      vertex -309.045 -278.125 65.4164
    endloop
  endfacet
  facet normal 0 -1 0
    outer loop
      vertex -305.787 -278.125 63.5353
      vertex -300 -278.125 120
      vertex -307.25 -278.125 64.7631
    endloop
  endfacet
  facet normal 0 -1 0
    outer loop
      vertex -304.832 -278.125 61.8811
      vertex -300 -278.125 120
      vertex -305.787 -278.125 63.5353
    endloop
  endfacet
  facet normal 0 -1 0
    outer loop
      vertex -300 -278.125 50
      vertex -304.832 -278.125 61.8811
      vertex -304.5 -278.125 60
    endloop
  endfacet
  facet normal 0 -1 0
    outer loop
      vertex -300 -278.125 50
      vertex -309.045 -278.125 54.5836
      vertex -320 -278.125 50
    endloop
  endfacet
  facet normal 0 -1 0
    outer loop
      vertex -304.832 -278.125 61.8811
      vertex -300 -278.125 50
      vertex -300 -278.125 120
    endloop
  endfacet
  facet normal 0 -1 0
    outer loop
      vertex -304.832 -278.125 58.1189
      vertex -300 -278.125 50
      vertex -304.5 -278.125 60
    endloop
  endfacet
  facet normal 0 -1 0
    outer loop
      vertex -305.787 -278.125 56.4647
      vertex -300 -278.125 50
      vertex -304.832 -278.125 58.1189
    endloop
  endfacet
  facet normal 0 -1 0
    outer loop
      vertex -307.25 -278.125 55.2369
      vertex -300 -278.125 50
      vertex -305.787 -278.125 56.4647
    endloop
  endfacet
  facet normal 0 -1 0
    outer loop
      vertex -309.045 -278.125 54.5836
      vertex -300 -278.125 50
      vertex -307.25 -278.125 55.2369
    endloop
  endfacet
  facet normal -0.857493 0 -0.514496
    outer loop
      vertex -320 -278.125 50
      vertex -350 -277.125 100
      vertex -320 -277.125 50
    endloop
  endfacet
  facet normal -0.857493 -0 -0.514496
    outer loop
      vertex -350 -277.125 100
      vertex -320 -278.125 50
      vertex -350 -278.125 100
    endloop
  endfacet
  facet normal -0 0 1
    outer loop
      vertex -338.75 -277.125 120
      vertex -300 -278.125 120
      vertex -300 -277.125 120
    endloop
  endfacet
  facet normal 0 0 1
    outer loop
      vertex -300 -278.125 120
      vertex -338.75 -277.125 120
      vertex -338.75 -278.125 120
    endloop
  endfacet
  facet normal 0 0 -1
    outer loop
      vertex -320 -278.125 50
      vertex -300 -277.125 50
      vertex -300 -278.125 50
    endloop
  endfacet
  facet normal -0 0 -1
    outer loop
      vertex -300 -277.125 50
      vertex -320 -278.125 50
      vertex -320 -277.125 50
    endloop
  endfacet
  facet normal 0 1 0
    outer loop
      vertex -300 -277.125 120
      vertex -338.75 -277.125 119.5
      vertex -338.75 -277.125 120
    endloop
  endfacet
  facet normal 0 1 0
    outer loop
      vertex -338.75 -277.125 119.5
      vertex -350 -277.125 100
      vertex -350 -277.125 119.5
    endloop
  endfacet
  facet normal 0 1 0
    outer loop
      vertex -300 -277.125 120
      vertex -350 -277.125 100
      vertex -338.75 -277.125 119.5
    endloop
  endfacet
  facet normal 0 1 0
    outer loop
      vertex -310.955 -277.125 65.4164
      vertex -300 -277.125 120
      vertex -309.045 -277.125 65.4164
    endloop
  endfacet
  facet normal 0 1 0
    outer loop
      vertex -300 -277.125 120
      vertex -307.25 -277.125 64.7631
      vertex -309.045 -277.125 65.4164
    endloop
  endfacet
  facet normal 0 1 0
    outer loop
      vertex -300 -277.125 120
      vertex -305.787 -277.125 63.5353
      vertex -307.25 -277.125 64.7631
    endloop
  endfacet
  facet normal 0 1 0
    outer loop
      vertex -300 -277.125 120
      vertex -304.832 -277.125 61.8811
      vertex -305.787 -277.125 63.5353
    endloop
  endfacet
  facet normal 0 1 -0
    outer loop
      vertex -300 -277.125 50
      vertex -304.832 -277.125 61.8811
      vertex -300 -277.125 120
    endloop
  endfacet
  facet normal 0 1 0
    outer loop
      vertex -309.045 -277.125 54.5836
      vertex -300 -277.125 50
      vertex -310.955 -277.125 54.5836
    endloop
  endfacet
  facet normal 0 1 0
    outer loop
      vertex -307.25 -277.125 55.2369
      vertex -300 -277.125 50
      vertex -309.045 -277.125 54.5836
    endloop
  endfacet
  facet normal 0 1 0
    outer loop
      vertex -305.787 -277.125 56.4647
      vertex -300 -277.125 50
      vertex -307.25 -277.125 55.2369
    endloop
  endfacet
  facet normal 0 1 0
    outer loop
      vertex -304.832 -277.125 58.1189
      vertex -300 -277.125 50
      vertex -305.787 -277.125 56.4647
    endloop
  endfacet
  facet normal 0 1 0
    outer loop
      vertex -304.5 -277.125 60
      vertex -300 -277.125 50
      vertex -304.832 -277.125 58.1189
    endloop
  endfacet
  facet normal 0 1 0
    outer loop
      vertex -304.832 -277.125 61.8811
      vertex -300 -277.125 50
      vertex -304.5 -277.125 60
    endloop
  endfacet
  facet normal 0 1 0
    outer loop
      vertex -300 -277.125 120
      vertex -310.955 -277.125 65.4164
      vertex -350 -277.125 100
    endloop
  endfacet
  facet normal 0 1 -0
    outer loop
      vertex -312.75 -277.125 64.7631
      vertex -350 -277.125 100
      vertex -310.955 -277.125 65.4164
    endloop
  endfacet
  facet normal 0 1 -0
    outer loop
      vertex -314.213 -277.125 63.5353
      vertex -350 -277.125 100
      vertex -312.75 -277.125 64.7631
    endloop
  endfacet
  facet normal 0 1 -0
    outer loop
      vertex -315.168 -277.125 61.8811
      vertex -350 -277.125 100
      vertex -314.213 -277.125 63.5353
    endloop
  endfacet
  facet normal 0 1 0
    outer loop
      vertex -320 -277.125 50
      vertex -315.168 -277.125 61.8811
      vertex -315.5 -277.125 60
    endloop
  endfacet
  facet normal 0 1 0
    outer loop
      vertex -320 -277.125 50
      vertex -315.5 -277.125 60
      vertex -315.168 -277.125 58.1189
    endloop
  endfacet
  facet normal 0 1 0
    outer loop
      vertex -320 -277.125 50
      vertex -315.168 -277.125 58.1189
      vertex -314.213 -277.125 56.4647
    endloop
  endfacet
  facet normal 0 1 0
    outer loop
      vertex -320 -277.125 50
      vertex -310.955 -277.125 54.5836
      vertex -300 -277.125 50
    endloop
  endfacet
  facet normal 0 1 0
    outer loop
      vertex -315.168 -277.125 61.8811
      vertex -320 -277.125 50
      vertex -350 -277.125 100
    endloop
  endfacet
  facet normal 0 1 0
    outer loop
      vertex -312.75 -277.125 55.2369
      vertex -320 -277.125 50
      vertex -314.213 -277.125 56.4647
    endloop
  endfacet
  facet normal 0 1 0
    outer loop
      vertex -310.955 -277.125 54.5836
      vertex -320 -277.125 50
      vertex -312.75 -277.125 55.2369
    endloop
  endfacet
  facet normal -1 0 0
    outer loop
      vertex -350 -222.875 100
      vertex -350 -221.875 119.5
      vertex -350 -221.875 100
    endloop
  endfacet
  facet normal -1 -0 0
    outer loop
      vertex -350 -221.875 119.5
      vertex -350 -222.875 100
      vertex -350 -222.875 119.5
    endloop
  endfacet
  facet normal 0 -1 0
    outer loop
      vertex -350 -222.875 119.5
      vertex -350 -222.875 100
      vertex -338.75 -222.875 119.5
    endloop
  endfacet
  facet normal 0 -1 0
    outer loop
      vertex -338.75 -222.875 119.5
      vertex -300 -222.875 120
      vertex -338.75 -222.875 120
    endloop
  endfacet
  facet normal 0 -1 0
    outer loop
      vertex -350 -222.875 100
      vertex -300 -222.875 120
      vertex -338.75 -222.875 119.5
    endloop
  endfacet
  facet normal 0 -1 0
    outer loop
      vertex -310.955 -222.875 65.4164
      vertex -300 -222.875 120
      vertex -350 -222.875 100
    endloop
  endfacet
  facet normal 0 -1 0
    outer loop
      vertex -309.045 -222.875 65.4164
      vertex -300 -222.875 120
      vertex -310.955 -222.875 65.4164
    endloop
  endfacet
  facet normal 0 -1 0
    outer loop
      vertex -307.25 -222.875 64.7631
      vertex -300 -222.875 120
      vertex -309.045 -222.875 65.4164
    endloop
  endfacet
  facet normal 0 -1 0
    outer loop
      vertex -305.787 -222.875 63.5353
      vertex -300 -222.875 120
      vertex -307.25 -222.875 64.7631
    endloop
  endfacet
  facet normal 0 -1 0
    outer loop
      vertex -304.832 -222.875 61.8811
      vertex -300 -222.875 120
      vertex -305.787 -222.875 63.5353
    endloop
  endfacet
  facet normal 0 -1 0
    outer loop
      vertex -300 -222.875 50
      vertex -304.832 -222.875 61.8811
      vertex -304.5 -222.875 60
    endloop
  endfacet
  facet normal 0 -1 0
    outer loop
      vertex -300 -222.875 50
      vertex -309.045 -222.875 54.5836
      vertex -320 -222.875 50
    endloop
  endfacet
  facet normal 0 -1 0
    outer loop
      vertex -304.832 -222.875 61.8811
      vertex -300 -222.875 50
      vertex -300 -222.875 120
    endloop
  endfacet
  facet normal 0 -1 0
    outer loop
      vertex -304.832 -222.875 58.1189
      vertex -300 -222.875 50
      vertex -304.5 -222.875 60
    endloop
  endfacet
  facet normal 0 -1 0
    outer loop
      vertex -305.787 -222.875 56.4647
      vertex -300 -222.875 50
      vertex -304.832 -222.875 58.1189
    endloop
  endfacet
  facet normal 0 -1 0
    outer loop
      vertex -307.25 -222.875 55.2369
      vertex -300 -222.875 50
      vertex -305.787 -222.875 56.4647
    endloop
  endfacet
  facet normal 0 -1 0
    outer loop
      vertex -309.045 -222.875 54.5836
      vertex -300 -222.875 50
      vertex -307.25 -222.875 55.2369
    endloop
  endfacet
  facet normal 0 -1 0
    outer loop
      vertex -350 -222.875 100
      vertex -312.75 -222.875 64.7631
      vertex -310.955 -222.875 65.4164
    endloop
  endfacet
  facet normal 0 -1 0
    outer loop
      vertex -350 -222.875 100
      vertex -314.213 -222.875 63.5353
      vertex -312.75 -222.875 64.7631
    endloop
  endfacet
  facet normal 0 -1 0
    outer loop
      vertex -350 -222.875 100
      vertex -315.168 -222.875 61.8811
      vertex -314.213 -222.875 63.5353
    endloop
  endfacet
  facet normal 0 -1 0
    outer loop
      vertex -320 -222.875 50
      vertex -315.168 -222.875 61.8811
      vertex -350 -222.875 100
    endloop
  endfacet
  facet normal 0 -1 0
    outer loop
      vertex -315.168 -222.875 61.8811
      vertex -320 -222.875 50
      vertex -315.5 -222.875 60
    endloop
  endfacet
  facet normal 0 -1 -0
    outer loop
      vertex -315.5 -222.875 60
      vertex -320 -222.875 50
      vertex -315.168 -222.875 58.1189
    endloop
  endfacet
  facet normal 0 -1 -0
    outer loop
      vertex -310.955 -222.875 54.5836
      vertex -320 -222.875 50
      vertex -309.045 -222.875 54.5836
    endloop
  endfacet
  facet normal 0 -1 -0
    outer loop
      vertex -312.75 -222.875 55.2369
      vertex -320 -222.875 50
      vertex -310.955 -222.875 54.5836
    endloop
  endfacet
  facet normal 0 -1 -0
    outer loop
      vertex -314.213 -222.875 56.4647
      vertex -320 -222.875 50
      vertex -312.75 -222.875 55.2369
    endloop
  endfacet
  facet normal 0 -1 -0
    outer loop
      vertex -315.168 -222.875 58.1189
      vertex -320 -222.875 50
      vertex -314.213 -222.875 56.4647
    endloop
  endfacet
  facet normal 1 -0 0
    outer loop
      vertex -300 -222.875 120
      vertex -300 -221.875 50
      vertex -300 -221.875 120
    endloop
  endfacet
  facet normal 1 0 0
    outer loop
      vertex -300 -221.875 50
      vertex -300 -222.875 120
      vertex -300 -222.875 50
    endloop
  endfacet
  facet normal -0.857493 0 -0.514496
    outer loop
      vertex -320 -222.875 50
      vertex -350 -221.875 100
      vertex -320 -221.875 50
    endloop
  endfacet
  facet normal -0.857493 -0 -0.514496
    outer loop
      vertex -350 -221.875 100
      vertex -320 -222.875 50
      vertex -350 -222.875 100
    endloop
  endfacet
  facet normal 0 0 -1
    outer loop
      vertex -320 -222.875 50
      vertex -300 -221.875 50
      vertex -300 -222.875 50
    endloop
  endfacet
  facet normal -0 0 -1
    outer loop
      vertex -300 -221.875 50
      vertex -320 -222.875 50
      vertex -320 -221.875 50
    endloop
  endfacet
  facet normal -0 0 1
    outer loop
      vertex -338.75 -221.875 120
      vertex -300 -222.875 120
      vertex -300 -221.875 120
    endloop
  endfacet
  facet normal 0 0 1
    outer loop
      vertex -300 -222.875 120
      vertex -338.75 -221.875 120
      vertex -338.75 -222.875 120
    endloop
  endfacet
  facet normal 0 1 0
    outer loop
      vertex -350 -221.875 100
      vertex -338.75 -221.875 120
      vertex -300 -221.875 120
    endloop
  endfacet
  facet normal 0 1 0
    outer loop
      vertex -338.75 -221.875 120
      vertex -350 -221.875 100
      vertex -350 -221.875 119.5
    endloop
  endfacet
  facet normal 0 1 0
    outer loop
      vertex -310.955 -221.875 65.4164
      vertex -300 -221.875 120
      vertex -309.045 -221.875 65.4164
    endloop
  endfacet
  facet normal 0 1 0
    outer loop
      vertex -300 -221.875 120
      vertex -307.25 -221.875 64.7631
      vertex -309.045 -221.875 65.4164
    endloop
  endfacet
  facet normal 0 1 0
    outer loop
      vertex -300 -221.875 120
      vertex -305.787 -221.875 63.5353
      vertex -307.25 -221.875 64.7631
    endloop
  endfacet
  facet normal 0 1 0
    outer loop
      vertex -300 -221.875 120
      vertex -304.832 -221.875 61.8811
      vertex -305.787 -221.875 63.5353
    endloop
  endfacet
  facet normal 0 1 -0
    outer loop
      vertex -300 -221.875 50
      vertex -304.832 -221.875 61.8811
      vertex -300 -221.875 120
    endloop
  endfacet
  facet normal 0 1 0
    outer loop
      vertex -309.045 -221.875 54.5836
      vertex -300 -221.875 50
      vertex -310.955 -221.875 54.5836
    endloop
  endfacet
  facet normal 0 1 0
    outer loop
      vertex -307.25 -221.875 55.2369
      vertex -300 -221.875 50
      vertex -309.045 -221.875 54.5836
    endloop
  endfacet
  facet normal 0 1 0
    outer loop
      vertex -305.787 -221.875 56.4647
      vertex -300 -221.875 50
      vertex -307.25 -221.875 55.2369
    endloop
  endfacet
  facet normal 0 1 0
    outer loop
      vertex -304.832 -221.875 58.1189
      vertex -300 -221.875 50
      vertex -305.787 -221.875 56.4647
    endloop
  endfacet
  facet normal 0 1 0
    outer loop
      vertex -304.5 -221.875 60
      vertex -300 -221.875 50
      vertex -304.832 -221.875 58.1189
    endloop
  endfacet
  facet normal 0 1 0
    outer loop
      vertex -304.832 -221.875 61.8811
      vertex -300 -221.875 50
      vertex -304.5 -221.875 60
    endloop
  endfacet
  facet normal 0 1 0
    outer loop
      vertex -350 -221.875 119.5
      vertex -338.75 -221.875 120.5
      vertex -338.75 -221.875 120
    endloop
  endfacet
  facet normal 0 1 0
    outer loop
      vertex -338.75 -221.875 120.5
      vertex -350 -221.875 119.5
      vertex -361.25 -221.875 120.5
    endloop
  endfacet
  facet normal 0 1 0
    outer loop
      vertex -361.25 -221.875 120.5
      vertex -350 -221.875 119.5
      vertex -361.25 -221.875 119.5
    endloop
  endfacet
  facet normal 0 1 0
    outer loop
      vertex -300 -221.875 120
      vertex -310.955 -221.875 65.4164
      vertex -350 -221.875 100
    endloop
  endfacet
  facet normal 0 1 -0
    outer loop
      vertex -312.75 -221.875 64.7631
      vertex -350 -221.875 100
      vertex -310.955 -221.875 65.4164
    endloop
  endfacet
  facet normal 0 1 -0
    outer loop
      vertex -314.213 -221.875 63.5353
      vertex -350 -221.875 100
      vertex -312.75 -221.875 64.7631
    endloop
  endfacet
  facet normal 0 1 -0
    outer loop
      vertex -315.168 -221.875 61.8811
      vertex -350 -221.875 100
      vertex -314.213 -221.875 63.5353
    endloop
  endfacet
  facet normal 0 1 0
    outer loop
      vertex -320 -221.875 50
      vertex -315.168 -221.875 61.8811
      vertex -315.5 -221.875 60
    endloop
  endfacet
  facet normal 0 1 0
    outer loop
      vertex -320 -221.875 50
      vertex -315.5 -221.875 60
      vertex -315.168 -221.875 58.1189
    endloop
  endfacet
  facet normal 0 1 0
    outer loop
      vertex -320 -221.875 50
      vertex -315.168 -221.875 58.1189
      vertex -314.213 -221.875 56.4647
    endloop
  endfacet
  facet normal 0 1 0
    outer loop
      vertex -320 -221.875 50
      vertex -310.955 -221.875 54.5836
      vertex -300 -221.875 50
    endloop
  endfacet
  facet normal 0 1 0
    outer loop
      vertex -315.168 -221.875 61.8811
      vertex -320 -221.875 50
      vertex -350 -221.875 100
    endloop
  endfacet
  facet normal 0 1 0
    outer loop
      vertex -312.75 -221.875 55.2369
      vertex -320 -221.875 50
      vertex -314.213 -221.875 56.4647
    endloop
  endfacet
  facet normal 0 1 0
    outer loop
      vertex -310.955 -221.875 54.5836
      vertex -320 -221.875 50
      vertex -312.75 -221.875 55.2369
    endloop
  endfacet
  facet normal 1 0 0
    outer loop
      vertex -338.75 -221.875 120.5
      vertex -338.75 -222.875 120
      vertex -338.75 -221.875 120
    endloop
  endfacet
  facet normal 1 0 0
    outer loop
      vertex -338.75 -222.875 120
      vertex -338.75 -277.125 120
      vertex -338.75 -222.875 119.5
    endloop
  endfacet
  facet normal 1 0 0
    outer loop
      vertex -338.75 -221.875 120.5
      vertex -338.75 -277.125 120
      vertex -338.75 -222.875 120
    endloop
  endfacet
  facet normal 1 -0 0
    outer loop
      vertex -338.75 -278.125 120.5
      vertex -338.75 -277.125 120
      vertex -338.75 -221.875 120.5
    endloop
  endfacet
  facet normal 1 0 0
    outer loop
      vertex -338.75 -277.125 120
      vertex -338.75 -278.125 120.5
      vertex -338.75 -278.125 120
    endloop
  endfacet
  facet normal 1 0 0
    outer loop
      vertex -338.75 -222.875 119.5
      vertex -338.75 -277.125 120
      vertex -338.75 -277.125 119.5
    endloop
  endfacet
  facet normal 0 0 1
    outer loop
      vertex -338.75 -221.875 120.5
      vertex -345 -250 120.5
      vertex -338.75 -278.125 120.5
    endloop
  endfacet
  facet normal 0 0 1
    outer loop
      vertex -338.75 -221.875 120.5
      vertex -345.381 -248.087 120.5
      vertex -345 -250 120.5
    endloop
  endfacet
  facet normal 0 0 1
    outer loop
      vertex -338.75 -221.875 120.5
      vertex -346.464 -246.464 120.5
      vertex -345.381 -248.087 120.5
    endloop
  endfacet
  facet normal 0 0 1
    outer loop
      vertex -338.75 -221.875 120.5
      vertex -348.087 -245.381 120.5
      vertex -346.464 -246.464 120.5
    endloop
  endfacet
  facet normal 0 0 1
    outer loop
      vertex -338.75 -221.875 120.5
      vertex -350 -245 120.5
      vertex -348.087 -245.381 120.5
    endloop
  endfacet
  facet normal -0 0 1
    outer loop
      vertex -361.25 -221.875 120.5
      vertex -350 -245 120.5
      vertex -338.75 -221.875 120.5
    endloop
  endfacet
  facet normal 0 0 1
    outer loop
      vertex -350 -245 120.5
      vertex -361.25 -221.875 120.5
      vertex -351.913 -245.381 120.5
    endloop
  endfacet
  facet normal 0 0 1
    outer loop
      vertex -351.913 -245.381 120.5
      vertex -361.25 -221.875 120.5
      vertex -353.536 -246.464 120.5
    endloop
  endfacet
  facet normal 0 0 1
    outer loop
      vertex -354.619 -248.087 120.5
      vertex -361.25 -221.875 120.5
      vertex -355 -250 120.5
    endloop
  endfacet
  facet normal 0 0 1
    outer loop
      vertex -353.536 -246.464 120.5
      vertex -361.25 -221.875 120.5
      vertex -354.619 -248.087 120.5
    endloop
  endfacet
  facet normal -0 0 1
    outer loop
      vertex -345.381 -251.913 120.5
      vertex -338.75 -278.125 120.5
      vertex -345 -250 120.5
    endloop
  endfacet
  facet normal -0 0 1
    outer loop
      vertex -346.464 -253.536 120.5
      vertex -338.75 -278.125 120.5
      vertex -345.381 -251.913 120.5
    endloop
  endfacet
  facet normal -0 0 1
    outer loop
      vertex -348.087 -254.619 120.5
      vertex -338.75 -278.125 120.5
      vertex -346.464 -253.536 120.5
    endloop
  endfacet
  facet normal -0 0 1
    outer loop
      vertex -350 -255 120.5
      vertex -338.75 -278.125 120.5
      vertex -348.087 -254.619 120.5
    endloop
  endfacet
  facet normal 0 0 1
    outer loop
      vertex -361.25 -278.125 120.5
      vertex -350 -255 120.5
      vertex -351.913 -254.619 120.5
    endloop
  endfacet
  facet normal 0 0 1
    outer loop
      vertex -361.25 -278.125 120.5
      vertex -351.913 -254.619 120.5
      vertex -353.536 -253.536 120.5
    endloop
  endfacet
  facet normal 0 0 1
    outer loop
      vertex -361.25 -278.125 120.5
      vertex -353.536 -253.536 120.5
      vertex -354.619 -251.913 120.5
    endloop
  endfacet
  facet normal 0 0 1
    outer loop
      vertex -361.25 -278.125 120.5
      vertex -355 -250 120.5
      vertex -361.25 -221.875 120.5
    endloop
  endfacet
  facet normal 0 0 1
    outer loop
      vertex -350 -255 120.5
      vertex -361.25 -278.125 120.5
      vertex -338.75 -278.125 120.5
    endloop
  endfacet
  facet normal 0 0 1
    outer loop
      vertex -355 -250 120.5
      vertex -361.25 -278.125 120.5
      vertex -354.619 -251.913 120.5
    endloop
  endfacet
  facet normal 0 0 -1
    outer loop
      vertex -361.25 -278.125 119.5
      vertex -350 -277.125 119.5
      vertex -350 -278.125 119.5
    endloop
  endfacet
  facet normal -0 0 -1
    outer loop
      vertex -350 -277.125 119.5
      vertex -361.25 -278.125 119.5
      vertex -350 -222.875 119.5
    endloop
  endfacet
  facet normal 0 0 -1
    outer loop
      vertex -361.25 -221.875 119.5
      vertex -350 -222.875 119.5
      vertex -361.25 -278.125 119.5
    endloop
  endfacet
  facet normal 0 0 -1
    outer loop
      vertex -350 -222.875 119.5
      vertex -361.25 -221.875 119.5
      vertex -350 -221.875 119.5
    endloop
  endfacet
  facet normal 0 0 -1
    outer loop
      vertex -350 -277.125 119.5
      vertex -338.75 -222.875 119.5
      vertex -338.75 -277.125 119.5
    endloop
  endfacet
  facet normal -0 0 -1
    outer loop
      vertex -338.75 -222.875 119.5
      vertex -350 -277.125 119.5
      vertex -350 -222.875 119.5
    endloop
  endfacet
  facet normal -1 0 0
    outer loop
      vertex -361.25 -278.125 119.5
      vertex -361.25 -221.875 120.5
      vertex -361.25 -221.875 119.5
    endloop
  endfacet
  facet normal -1 -0 0
    outer loop
      vertex -361.25 -221.875 120.5
      vertex -361.25 -278.125 119.5
      vertex -361.25 -278.125 120.5
    endloop
  endfacet
  facet normal -0.866037 0 -0.499979
    outer loop
      vertex -304.832 -278.125 61.8811
      vertex -305.787 -277.125 63.5353
      vertex -304.832 -277.125 61.8811
    endloop
  endfacet
  facet normal -0.866037 -0 -0.499979
    outer loop
      vertex -305.787 -277.125 63.5353
      vertex -304.832 -278.125 61.8811
      vertex -305.787 -278.125 63.5353
    endloop
  endfacet
  facet normal -0.866037 0 -0.499979
    outer loop
      vertex -304.832 -222.875 61.8811
      vertex -305.787 -221.875 63.5353
      vertex -304.832 -221.875 61.8811
    endloop
  endfacet
  facet normal -0.866037 -0 -0.499979
    outer loop
      vertex -305.787 -221.875 63.5353
      vertex -304.832 -222.875 61.8811
      vertex -305.787 -222.875 63.5353
    endloop
  endfacet
  facet normal -0.98478 0 -0.173806
    outer loop
      vertex -304.5 -278.125 60
      vertex -304.832 -277.125 61.8811
      vertex -304.5 -277.125 60
    endloop
  endfacet
  facet normal -0.98478 -0 -0.173806
    outer loop
      vertex -304.832 -277.125 61.8811
      vertex -304.5 -278.125 60
      vertex -304.832 -278.125 61.8811
    endloop
  endfacet
  facet normal -0.98478 0 -0.173806
    outer loop
      vertex -304.5 -222.875 60
      vertex -304.832 -221.875 61.8811
      vertex -304.5 -221.875 60
    endloop
  endfacet
  facet normal -0.98478 -0 -0.173806
    outer loop
      vertex -304.832 -221.875 61.8811
      vertex -304.5 -222.875 60
      vertex -304.832 -222.875 61.8811
    endloop
  endfacet
  facet normal 0.98478 -0 0.173806
    outer loop
      vertex -315.5 -278.125 60
      vertex -315.168 -277.125 58.1189
      vertex -315.5 -277.125 60
    endloop
  endfacet
  facet normal 0.98478 0 0.173806
    outer loop
      vertex -315.168 -277.125 58.1189
      vertex -315.5 -278.125 60
      vertex -315.168 -278.125 58.1189
    endloop
  endfacet
  facet normal 0.98478 -0 0.173806
    outer loop
      vertex -315.5 -222.875 60
      vertex -315.168 -221.875 58.1189
      vertex -315.5 -221.875 60
    endloop
  endfacet
  facet normal 0.98478 0 0.173806
    outer loop
      vertex -315.168 -221.875 58.1189
      vertex -315.5 -222.875 60
      vertex -315.168 -222.875 58.1189
    endloop
  endfacet
  facet normal 0.866037 0 -0.499979
    outer loop
      vertex -314.213 -278.125 63.5353
      vertex -315.168 -277.125 61.8811
      vertex -314.213 -277.125 63.5353
    endloop
  endfacet
  facet normal 0.866037 0 -0.499979
    outer loop
      vertex -315.168 -277.125 61.8811
      vertex -314.213 -278.125 63.5353
      vertex -315.168 -278.125 61.8811
    endloop
  endfacet
  facet normal 0.866037 0 -0.499979
    outer loop
      vertex -314.213 -222.875 63.5353
      vertex -315.168 -221.875 61.8811
      vertex -314.213 -221.875 63.5353
    endloop
  endfacet
  facet normal 0.866037 0 -0.499979
    outer loop
      vertex -315.168 -221.875 61.8811
      vertex -314.213 -222.875 63.5353
      vertex -315.168 -222.875 61.8811
    endloop
  endfacet
  facet normal -0.342008 0 0.939697
    outer loop
      vertex -309.045 -277.125 54.5836
      vertex -307.25 -278.125 55.2369
      vertex -307.25 -277.125 55.2369
    endloop
  endfacet
  facet normal -0.342008 0 0.939697
    outer loop
      vertex -307.25 -278.125 55.2369
      vertex -309.045 -277.125 54.5836
      vertex -309.045 -278.125 54.5836
    endloop
  endfacet
  facet normal -0.342008 0 0.939697
    outer loop
      vertex -309.045 -221.875 54.5836
      vertex -307.25 -222.875 55.2369
      vertex -307.25 -221.875 55.2369
    endloop
  endfacet
  facet normal -0.342008 0 0.939697
    outer loop
      vertex -307.25 -222.875 55.2369
      vertex -309.045 -221.875 54.5836
      vertex -309.045 -222.875 54.5836
    endloop
  endfacet
  facet normal -0 0 1
    outer loop
      vertex -310.955 -277.125 54.5836
      vertex -309.045 -278.125 54.5836
      vertex -309.045 -277.125 54.5836
    endloop
  endfacet
  facet normal 0 0 1
    outer loop
      vertex -309.045 -278.125 54.5836
      vertex -310.955 -277.125 54.5836
      vertex -310.955 -278.125 54.5836
    endloop
  endfacet
  facet normal -0 0 1
    outer loop
      vertex -310.955 -221.875 54.5836
      vertex -309.045 -222.875 54.5836
      vertex -309.045 -221.875 54.5836
    endloop
  endfacet
  facet normal 0 0 1
    outer loop
      vertex -309.045 -222.875 54.5836
      vertex -310.955 -221.875 54.5836
      vertex -310.955 -222.875 54.5836
    endloop
  endfacet
  facet normal -0.642848 0 -0.765994
    outer loop
      vertex -307.25 -278.125 64.7631
      vertex -305.787 -277.125 63.5353
      vertex -305.787 -278.125 63.5353
    endloop
  endfacet
  facet normal -0.642848 0 -0.765994
    outer loop
      vertex -305.787 -277.125 63.5353
      vertex -307.25 -278.125 64.7631
      vertex -307.25 -277.125 64.7631
    endloop
  endfacet
  facet normal -0.642848 0 -0.765994
    outer loop
      vertex -307.25 -222.875 64.7631
      vertex -305.787 -221.875 63.5353
      vertex -305.787 -222.875 63.5353
    endloop
  endfacet
  facet normal -0.642848 0 -0.765994
    outer loop
      vertex -305.787 -221.875 63.5353
      vertex -307.25 -222.875 64.7631
      vertex -307.25 -221.875 64.7631
    endloop
  endfacet
  facet normal 0.642848 0 -0.765994
    outer loop
      vertex -314.213 -278.125 63.5353
      vertex -312.75 -277.125 64.7631
      vertex -312.75 -278.125 64.7631
    endloop
  endfacet
  facet normal 0.642848 0 -0.765994
    outer loop
      vertex -312.75 -277.125 64.7631
      vertex -314.213 -278.125 63.5353
      vertex -314.213 -277.125 63.5353
    endloop
  endfacet
  facet normal 0.642848 0 -0.765994
    outer loop
      vertex -314.213 -222.875 63.5353
      vertex -312.75 -221.875 64.7631
      vertex -312.75 -222.875 64.7631
    endloop
  endfacet
  facet normal 0.642848 0 -0.765994
    outer loop
      vertex -312.75 -221.875 64.7631
      vertex -314.213 -222.875 63.5353
      vertex -314.213 -221.875 63.5353
    endloop
  endfacet
  facet normal 0.342008 0 0.939697
    outer loop
      vertex -312.75 -277.125 55.2369
      vertex -310.955 -278.125 54.5836
      vertex -310.955 -277.125 54.5836
    endloop
  endfacet
  facet normal 0.342008 0 0.939697
    outer loop
      vertex -310.955 -278.125 54.5836
      vertex -312.75 -277.125 55.2369
      vertex -312.75 -278.125 55.2369
    endloop
  endfacet
  facet normal 0.342008 0 0.939697
    outer loop
      vertex -312.75 -221.875 55.2369
      vertex -310.955 -222.875 54.5836
      vertex -310.955 -221.875 54.5836
    endloop
  endfacet
  facet normal 0.342008 0 0.939697
    outer loop
      vertex -310.955 -222.875 54.5836
      vertex -312.75 -221.875 55.2369
      vertex -312.75 -222.875 55.2369
    endloop
  endfacet
  facet normal 0.342008 0 -0.939697
    outer loop
      vertex -312.75 -278.125 64.7631
      vertex -310.955 -277.125 65.4164
      vertex -310.955 -278.125 65.4164
    endloop
  endfacet
  facet normal 0.342008 0 -0.939697
    outer loop
      vertex -310.955 -277.125 65.4164
      vertex -312.75 -278.125 64.7631
      vertex -312.75 -277.125 64.7631
    endloop
  endfacet
  facet normal 0.342008 0 -0.939697
    outer loop
      vertex -312.75 -222.875 64.7631
      vertex -310.955 -221.875 65.4164
      vertex -310.955 -222.875 65.4164
    endloop
  endfacet
  facet normal 0.342008 0 -0.939697
    outer loop
      vertex -310.955 -221.875 65.4164
      vertex -312.75 -222.875 64.7631
      vertex -312.75 -221.875 64.7631
    endloop
  endfacet
  facet normal -0.342008 0 -0.939697
    outer loop
      vertex -309.045 -278.125 65.4164
      vertex -307.25 -277.125 64.7631
      vertex -307.25 -278.125 64.7631
    endloop
  endfacet
  facet normal -0.342008 0 -0.939697
    outer loop
      vertex -307.25 -277.125 64.7631
      vertex -309.045 -278.125 65.4164
      vertex -309.045 -277.125 65.4164
    endloop
  endfacet
  facet normal -0.342008 0 -0.939697
    outer loop
      vertex -309.045 -222.875 65.4164
      vertex -307.25 -221.875 64.7631
      vertex -307.25 -222.875 64.7631
    endloop
  endfacet
  facet normal -0.342008 0 -0.939697
    outer loop
      vertex -307.25 -221.875 64.7631
      vertex -309.045 -222.875 65.4164
      vertex -309.045 -221.875 65.4164
    endloop
  endfacet
  facet normal -0.642848 0 0.765994
    outer loop
      vertex -307.25 -277.125 55.2369
      vertex -305.787 -278.125 56.4647
      vertex -305.787 -277.125 56.4647
    endloop
  endfacet
  facet normal -0.642848 0 0.765994
    outer loop
      vertex -305.787 -278.125 56.4647
      vertex -307.25 -277.125 55.2369
      vertex -307.25 -278.125 55.2369
    endloop
  endfacet
  facet normal -0.642848 0 0.765994
    outer loop
      vertex -307.25 -221.875 55.2369
      vertex -305.787 -222.875 56.4647
      vertex -305.787 -221.875 56.4647
    endloop
  endfacet
  facet normal -0.642848 0 0.765994
    outer loop
      vertex -305.787 -222.875 56.4647
      vertex -307.25 -221.875 55.2369
      vertex -307.25 -222.875 55.2369
    endloop
  endfacet
  facet normal 0.98478 0 -0.173806
    outer loop
      vertex -315.168 -278.125 61.8811
      vertex -315.5 -277.125 60
      vertex -315.168 -277.125 61.8811
    endloop
  endfacet
  facet normal 0.98478 0 -0.173806
    outer loop
      vertex -315.5 -277.125 60
      vertex -315.168 -278.125 61.8811
      vertex -315.5 -278.125 60
    endloop
  endfacet
  facet normal 0.98478 0 -0.173806
    outer loop
      vertex -315.168 -222.875 61.8811
      vertex -315.5 -221.875 60
      vertex -315.168 -221.875 61.8811
    endloop
  endfacet
  facet normal 0.98478 0 -0.173806
    outer loop
      vertex -315.5 -221.875 60
      vertex -315.168 -222.875 61.8811
      vertex -315.5 -222.875 60
    endloop
  endfacet
  facet normal -0.98478 0 0.173806
    outer loop
      vertex -304.832 -278.125 58.1189
      vertex -304.5 -277.125 60
      vertex -304.832 -277.125 58.1189
    endloop
  endfacet
  facet normal -0.98478 0 0.173806
    outer loop
      vertex -304.5 -277.125 60
      vertex -304.832 -278.125 58.1189
      vertex -304.5 -278.125 60
    endloop
  endfacet
  facet normal -0.98478 0 0.173806
    outer loop
      vertex -304.832 -222.875 58.1189
      vertex -304.5 -221.875 60
      vertex -304.832 -221.875 58.1189
    endloop
  endfacet
  facet normal -0.98478 0 0.173806
    outer loop
      vertex -304.5 -221.875 60
      vertex -304.832 -222.875 58.1189
      vertex -304.5 -222.875 60
    endloop
  endfacet
  facet normal 0 0 -1
    outer loop
      vertex -310.955 -278.125 65.4164
      vertex -309.045 -277.125 65.4164
      vertex -309.045 -278.125 65.4164
    endloop
  endfacet
  facet normal -0 0 -1
    outer loop
      vertex -309.045 -277.125 65.4164
      vertex -310.955 -278.125 65.4164
      vertex -310.955 -277.125 65.4164
    endloop
  endfacet
  facet normal 0 0 -1
    outer loop
      vertex -310.955 -222.875 65.4164
      vertex -309.045 -221.875 65.4164
      vertex -309.045 -222.875 65.4164
    endloop
  endfacet
  facet normal -0 0 -1
    outer loop
      vertex -309.045 -221.875 65.4164
      vertex -310.955 -222.875 65.4164
      vertex -310.955 -221.875 65.4164
    endloop
  endfacet
  facet normal 0.866037 -0 0.499979
    outer loop
      vertex -315.168 -278.125 58.1189
      vertex -314.213 -277.125 56.4647
      vertex -315.168 -277.125 58.1189
    endloop
  endfacet
  facet normal 0.866037 0 0.499979
    outer loop
      vertex -314.213 -277.125 56.4647
      vertex -315.168 -278.125 58.1189
      vertex -314.213 -278.125 56.4647
    endloop
  endfacet
  facet normal 0.866037 -0 0.499979
    outer loop
      vertex -315.168 -222.875 58.1189
      vertex -314.213 -221.875 56.4647
      vertex -315.168 -221.875 58.1189
    endloop
  endfacet
  facet normal 0.866037 0 0.499979
    outer loop
      vertex -314.213 -221.875 56.4647
      vertex -315.168 -222.875 58.1189
      vertex -314.213 -222.875 56.4647
    endloop
  endfacet
  facet normal -0.866037 0 0.499979
    outer loop
      vertex -305.787 -278.125 56.4647
      vertex -304.832 -277.125 58.1189
      vertex -305.787 -277.125 56.4647
    endloop
  endfacet
  facet normal -0.866037 0 0.499979
    outer loop
      vertex -304.832 -277.125 58.1189
      vertex -305.787 -278.125 56.4647
      vertex -304.832 -278.125 58.1189
    endloop
  endfacet
  facet normal -0.866037 0 0.499979
    outer loop
      vertex -305.787 -222.875 56.4647
      vertex -304.832 -221.875 58.1189
      vertex -305.787 -221.875 56.4647
    endloop
  endfacet
  facet normal -0.866037 0 0.499979
    outer loop
      vertex -304.832 -221.875 58.1189
      vertex -305.787 -222.875 56.4647
      vertex -304.832 -222.875 58.1189
    endloop
  endfacet
  facet normal 0.642848 0 0.765994
    outer loop
      vertex -314.213 -277.125 56.4647
      vertex -312.75 -278.125 55.2369
      vertex -312.75 -277.125 55.2369
    endloop
  endfacet
  facet normal 0.642848 0 0.765994
    outer loop
      vertex -312.75 -278.125 55.2369
      vertex -314.213 -277.125 56.4647
      vertex -314.213 -278.125 56.4647
    endloop
  endfacet
  facet normal 0.642848 0 0.765994
    outer loop
      vertex -314.213 -221.875 56.4647
      vertex -312.75 -222.875 55.2369
      vertex -312.75 -221.875 55.2369
    endloop
  endfacet
  facet normal 0.642848 0 0.765994
    outer loop
      vertex -312.75 -222.875 55.2369
      vertex -314.213 -221.875 56.4647
      vertex -314.213 -222.875 56.4647
    endloop
  endfacet
  facet normal 0.9877 0 -0.156363
    outer loop
      vertex -250.329 -272.5 53.7283
      vertex -251.311 -227.5 47.5253
      vertex -250.329 -227.5 53.7283
    endloop
  endfacet
  facet normal 0.9877 0 -0.156363
    outer loop
      vertex -251.311 -227.5 47.5253
      vertex -250.329 -272.5 53.7283
      vertex -251.311 -272.5 47.5253
    endloop
  endfacet
  facet normal 0.9877 -0 0.156363
    outer loop
      vertex -251.311 -272.5 72.4747
      vertex -250.329 -227.5 66.2717
      vertex -251.311 -227.5 72.4747
    endloop
  endfacet
  facet normal 0.9877 0 0.156363
    outer loop
      vertex -250.329 -227.5 66.2717
      vertex -251.311 -272.5 72.4747
      vertex -250.329 -272.5 66.2717
    endloop
  endfacet
  facet normal 0.998627 -0 0.0523858
    outer loop
      vertex -250.329 -272.5 66.2717
      vertex -250 -227.5 60
      vertex -250.329 -227.5 66.2717
    endloop
  endfacet
  facet normal 0.998627 0 0.0523858
    outer loop
      vertex -250 -227.5 60
      vertex -250.329 -272.5 66.2717
      vertex -250 -272.5 60
    endloop
  endfacet
  facet normal 0.965904 -0 0.258899
    outer loop
      vertex -252.937 -272.5 78.541
      vertex -251.311 -227.5 72.4747
      vertex -252.937 -227.5 78.541
    endloop
  endfacet
  facet normal 0.965904 0 0.258899
    outer loop
      vertex -251.311 -227.5 72.4747
      vertex -252.937 -272.5 78.541
      vertex -251.311 -272.5 72.4747
    endloop
  endfacet
  facet normal 0.838634 -0 0.544696
    outer loop
      vertex -261.459 -272.5 95.2671
      vertex -258.038 -227.5 90
      vertex -261.459 -227.5 95.2671
    endloop
  endfacet
  facet normal 0.838634 0 0.544696
    outer loop
      vertex -258.038 -227.5 90
      vertex -261.459 -272.5 95.2671
      vertex -258.038 -272.5 90
    endloop
  endfacet
  facet normal -0.156363 0 0.9877
    outer loop
      vertex -322.475 -227.5 118.689
      vertex -316.272 -272.5 119.671
      vertex -316.272 -227.5 119.671
    endloop
  endfacet
  facet normal -0.156363 0 0.9877
    outer loop
      vertex -316.272 -272.5 119.671
      vertex -322.475 -227.5 118.689
      vertex -322.475 -272.5 118.689
    endloop
  endfacet
  facet normal -0.965904 0 -0.258899
    outer loop
      vertex -367.063 -272.5 41.459
      vertex -368.689 -227.5 47.5253
      vertex -367.063 -227.5 41.459
    endloop
  endfacet
  facet normal -0.965904 -0 -0.258899
    outer loop
      vertex -368.689 -227.5 47.5253
      vertex -367.063 -272.5 41.459
      vertex -368.689 -272.5 47.5253
    endloop
  endfacet
  facet normal -0.453979 0 -0.891013
    outer loop
      vertex -340 -272.5 8.03848
      vertex -334.404 -227.5 5.18727
      vertex -334.404 -272.5 5.18727
    endloop
  endfacet
  facet normal -0.453979 0 -0.891013
    outer loop
      vertex -334.404 -227.5 5.18727
      vertex -340 -272.5 8.03848
      vertex -340 -227.5 8.03848
    endloop
  endfacet
  facet normal 0.998627 0 -0.0523858
    outer loop
      vertex -250 -272.5 60
      vertex -250.329 -227.5 53.7283
      vertex -250 -227.5 60
    endloop
  endfacet
  facet normal 0.998627 0 -0.0523858
    outer loop
      vertex -250.329 -227.5 53.7283
      vertex -250 -272.5 60
      vertex -250.329 -272.5 53.7283
    endloop
  endfacet
  facet normal 0.258832 0 -0.965922
    outer loop
      vertex -297.525 -272.5 1.31114
      vertex -291.459 -227.5 2.93661
      vertex -291.459 -272.5 2.93661
    endloop
  endfacet
  facet normal 0.258832 0 -0.965922
    outer loop
      vertex -291.459 -227.5 2.93661
      vertex -297.525 -272.5 1.31114
      vertex -297.525 -227.5 1.31114
    endloop
  endfacet
  facet normal -0.629296 0 -0.777166
    outer loop
      vertex -350.148 -272.5 15.4113
      vertex -345.267 -227.5 11.459
      vertex -345.267 -272.5 11.459
    endloop
  endfacet
  facet normal -0.629296 0 -0.777166
    outer loop
      vertex -345.267 -227.5 11.459
      vertex -350.148 -272.5 15.4113
      vertex -350.148 -227.5 15.4113
    endloop
  endfacet
  facet normal -0.156434 0 -0.987688
    outer loop
      vertex -322.475 -272.5 1.31114
      vertex -316.272 -227.5 0.328687
      vertex -316.272 -272.5 0.328687
    endloop
  endfacet
  facet normal -0.156434 0 -0.987688
    outer loop
      vertex -316.272 -227.5 0.328687
      vertex -322.475 -272.5 1.31114
      vertex -322.475 -227.5 1.31114
    endloop
  endfacet
  facet normal -0.707099 0 -0.707115
    outer loop
      vertex -354.589 -272.5 19.8522
      vertex -350.148 -227.5 15.4113
      vertex -350.148 -272.5 15.4113
    endloop
  endfacet
  facet normal -0.707099 0 -0.707115
    outer loop
      vertex -350.148 -227.5 15.4113
      vertex -354.589 -272.5 19.8522
      vertex -354.589 -227.5 19.8522
    endloop
  endfacet
  facet normal -0.965904 0 0.258899
    outer loop
      vertex -368.689 -272.5 72.4747
      vertex -367.063 -227.5 78.541
      vertex -368.689 -227.5 72.4747
    endloop
  endfacet
  facet normal -0.965904 0 0.258899
    outer loop
      vertex -367.063 -227.5 78.541
      vertex -368.689 -272.5 72.4747
      vertex -367.063 -272.5 78.541
    endloop
  endfacet
  facet normal -0.544649 0 -0.838664
    outer loop
      vertex -345.267 -272.5 11.459
      vertex -340 -227.5 8.03848
      vertex -340 -272.5 8.03848
    endloop
  endfacet
  facet normal -0.544649 0 -0.838664
    outer loop
      vertex -340 -227.5 8.03848
      vertex -345.267 -272.5 11.459
      vertex -345.267 -227.5 11.459
    endloop
  endfacet
  facet normal 0.629267 0 0.777189
    outer loop
      vertex -274.733 -227.5 108.541
      vertex -269.852 -272.5 104.589
      vertex -269.852 -227.5 104.589
    endloop
  endfacet
  facet normal 0.629267 0 0.777189
    outer loop
      vertex -269.852 -272.5 104.589
      vertex -274.733 -227.5 108.541
      vertex -274.733 -272.5 108.541
    endloop
  endfacet
  facet normal 0.156363 0 0.9877
    outer loop
      vertex -303.728 -227.5 119.671
      vertex -297.525 -272.5 118.689
      vertex -297.525 -227.5 118.689
    endloop
  endfacet
  facet normal 0.156363 0 0.9877
    outer loop
      vertex -297.525 -272.5 118.689
      vertex -303.728 -227.5 119.671
      vertex -303.728 -272.5 119.671
    endloop
  endfacet
  facet normal 0.544703 0 0.838629
    outer loop
      vertex -280 -227.5 111.962
      vertex -274.733 -272.5 108.541
      vertex -274.733 -227.5 108.541
    endloop
  endfacet
  facet normal 0.544703 0 0.838629
    outer loop
      vertex -274.733 -272.5 108.541
      vertex -280 -227.5 111.962
      vertex -280 -272.5 111.962
    endloop
  endfacet
  facet normal 0.358377 0 -0.933577
    outer loop
      vertex -291.459 -272.5 2.93661
      vertex -285.596 -227.5 5.18727
      vertex -285.596 -272.5 5.18727
    endloop
  endfacet
  facet normal 0.358377 0 -0.933577
    outer loop
      vertex -285.596 -227.5 5.18727
      vertex -291.459 -272.5 2.93661
      vertex -291.459 -227.5 2.93661
    endloop
  endfacet
  facet normal -0.258911 0 0.965901
    outer loop
      vertex -328.541 -227.5 117.063
      vertex -322.475 -272.5 118.689
      vertex -322.475 -227.5 118.689
    endloop
  endfacet
  facet normal -0.258911 0 0.965901
    outer loop
      vertex -322.475 -272.5 118.689
      vertex -328.541 -227.5 117.063
      vertex -328.541 -272.5 117.063
    endloop
  endfacet
  facet normal 0.0523833 0 0.998627
    outer loop
      vertex -310 -227.5 120
      vertex -303.728 -272.5 119.671
      vertex -303.728 -227.5 119.671
    endloop
  endfacet
  facet normal 0.0523833 0 0.998627
    outer loop
      vertex -303.728 -272.5 119.671
      vertex -310 -227.5 120
      vertex -310 -272.5 120
    endloop
  endfacet
  facet normal 0.358285 0 0.933612
    outer loop
      vertex -291.459 -227.5 117.063
      vertex -285.596 -272.5 114.813
      vertex -285.596 -227.5 114.813
    endloop
  endfacet
  facet normal 0.358285 0 0.933612
    outer loop
      vertex -285.596 -272.5 114.813
      vertex -291.459 -227.5 117.063
      vertex -291.459 -272.5 117.063
    endloop
  endfacet
  facet normal 0.965904 0 -0.258899
    outer loop
      vertex -251.311 -272.5 47.5253
      vertex -252.937 -227.5 41.459
      vertex -251.311 -227.5 47.5253
    endloop
  endfacet
  facet normal 0.965904 0 -0.258899
    outer loop
      vertex -252.937 -227.5 41.459
      vertex -251.311 -272.5 47.5253
      vertex -252.937 -272.5 41.459
    endloop
  endfacet
  facet normal 0.453952 0 0.891026
    outer loop
      vertex -285.596 -227.5 114.813
      vertex -280 -272.5 111.962
      vertex -280 -227.5 111.962
    endloop
  endfacet
  facet normal 0.453952 0 0.891026
    outer loop
      vertex -280 -272.5 111.962
      vertex -285.596 -227.5 114.813
      vertex -285.596 -272.5 114.813
    endloop
  endfacet
  facet normal -0.453952 0 0.891026
    outer loop
      vertex -340 -227.5 111.962
      vertex -334.404 -272.5 114.813
      vertex -334.404 -227.5 114.813
    endloop
  endfacet
  facet normal -0.453952 0 0.891026
    outer loop
      vertex -334.404 -272.5 114.813
      vertex -340 -227.5 111.962
      vertex -340 -272.5 111.962
    endloop
  endfacet
  facet normal 0.156434 0 -0.987688
    outer loop
      vertex -303.728 -272.5 0.328687
      vertex -297.525 -227.5 1.31114
      vertex -297.525 -272.5 1.31114
    endloop
  endfacet
  facet normal 0.156434 0 -0.987688
    outer loop
      vertex -297.525 -227.5 1.31114
      vertex -303.728 -272.5 0.328687
      vertex -303.728 -227.5 0.328687
    endloop
  endfacet
  facet normal -0.258832 0 -0.965922
    outer loop
      vertex -328.541 -272.5 2.93661
      vertex -322.475 -227.5 1.31114
      vertex -322.475 -272.5 1.31114
    endloop
  endfacet
  facet normal -0.258832 0 -0.965922
    outer loop
      vertex -322.475 -227.5 1.31114
      vertex -328.541 -272.5 2.93661
      vertex -328.541 -227.5 2.93661
    endloop
  endfacet
  facet normal 0.77717 0 -0.62929
    outer loop
      vertex -261.459 -272.5 24.7329
      vertex -265.411 -227.5 19.8522
      vertex -261.459 -227.5 24.7329
    endloop
  endfacet
  facet normal 0.77717 0 -0.62929
    outer loop
      vertex -265.411 -227.5 19.8522
      vertex -261.459 -272.5 24.7329
      vertex -265.411 -272.5 19.8522
    endloop
  endfacet
  facet normal 0.89102 0 -0.453965
    outer loop
      vertex -255.187 -272.5 35.5958
      vertex -258.038 -227.5 30
      vertex -255.187 -227.5 35.5958
    endloop
  endfacet
  facet normal 0.89102 0 -0.453965
    outer loop
      vertex -258.038 -227.5 30
      vertex -255.187 -272.5 35.5958
      vertex -258.038 -272.5 30
    endloop
  endfacet
  facet normal -0.707107 0 0.707107
    outer loop
      vertex -354.589 -272.5 100.148
      vertex -350.148 -227.5 104.589
      vertex -354.589 -227.5 100.148
    endloop
  endfacet
  facet normal -0.707107 0 0.707107
    outer loop
      vertex -350.148 -227.5 104.589
      vertex -354.589 -272.5 100.148
      vertex -350.148 -272.5 104.589
    endloop
  endfacet
  facet normal 0.0523336 0 -0.99863
    outer loop
      vertex -310 -272.5 0
      vertex -303.728 -227.5 0.328687
      vertex -303.728 -272.5 0.328687
    endloop
  endfacet
  facet normal 0.0523336 0 -0.99863
    outer loop
      vertex -303.728 -227.5 0.328687
      vertex -310 -272.5 0
      vertex -310 -227.5 0
    endloop
  endfacet
  facet normal -0.358285 0 0.933612
    outer loop
      vertex -334.404 -227.5 114.813
      vertex -328.541 -272.5 117.063
      vertex -328.541 -227.5 117.063
    endloop
  endfacet
  facet normal -0.358285 0 0.933612
    outer loop
      vertex -328.541 -272.5 117.063
      vertex -334.404 -227.5 114.813
      vertex -334.404 -272.5 114.813
    endloop
  endfacet
  facet normal -0.0523833 0 0.998627
    outer loop
      vertex -316.272 -227.5 119.671
      vertex -310 -272.5 120
      vertex -310 -227.5 120
    endloop
  endfacet
  facet normal -0.0523833 0 0.998627
    outer loop
      vertex -310 -272.5 120
      vertex -316.272 -227.5 119.671
      vertex -316.272 -272.5 119.671
    endloop
  endfacet
  facet normal 0.453979 0 -0.891013
    outer loop
      vertex -285.596 -272.5 5.18727
      vertex -280 -227.5 8.03848
      vertex -280 -272.5 8.03848
    endloop
  endfacet
  facet normal 0.453979 0 -0.891013
    outer loop
      vertex -280 -227.5 8.03848
      vertex -285.596 -272.5 5.18727
      vertex -285.596 -227.5 5.18727
    endloop
  endfacet
  facet normal -0.933616 0 0.358275
    outer loop
      vertex -367.063 -272.5 78.541
      vertex -364.813 -227.5 84.4042
      vertex -367.063 -227.5 78.541
    endloop
  endfacet
  facet normal -0.933616 0 0.358275
    outer loop
      vertex -364.813 -227.5 84.4042
      vertex -367.063 -272.5 78.541
      vertex -364.813 -272.5 84.4042
    endloop
  endfacet
  facet normal -0.89102 0 0.453965
    outer loop
      vertex -364.813 -272.5 84.4042
      vertex -361.962 -227.5 90
      vertex -364.813 -227.5 84.4042
    endloop
  endfacet
  facet normal -0.89102 0 0.453965
    outer loop
      vertex -361.962 -227.5 90
      vertex -364.813 -272.5 84.4042
      vertex -361.962 -272.5 90
    endloop
  endfacet
  facet normal 0.777183 -0 0.629275
    outer loop
      vertex -265.411 -272.5 100.148
      vertex -261.459 -227.5 95.2671
      vertex -265.411 -227.5 100.148
    endloop
  endfacet
  facet normal 0.777183 0 0.629275
    outer loop
      vertex -261.459 -227.5 95.2671
      vertex -265.411 -272.5 100.148
      vertex -261.459 -272.5 95.2671
    endloop
  endfacet
  facet normal 0.258911 0 0.965901
    outer loop
      vertex -297.525 -227.5 118.689
      vertex -291.459 -272.5 117.063
      vertex -291.459 -227.5 117.063
    endloop
  endfacet
  facet normal 0.258911 0 0.965901
    outer loop
      vertex -291.459 -272.5 117.063
      vertex -297.525 -227.5 118.689
      vertex -297.525 -272.5 118.689
    endloop
  endfacet
  facet normal 0.933616 -0 0.358275
    outer loop
      vertex -255.187 -272.5 84.4042
      vertex -252.937 -227.5 78.541
      vertex -255.187 -227.5 84.4042
    endloop
  endfacet
  facet normal 0.933616 0 0.358275
    outer loop
      vertex -252.937 -227.5 78.541
      vertex -255.187 -272.5 84.4042
      vertex -252.937 -272.5 78.541
    endloop
  endfacet
  facet normal 0.838634 0 -0.544696
    outer loop
      vertex -258.038 -272.5 30
      vertex -261.459 -227.5 24.7329
      vertex -258.038 -227.5 30
    endloop
  endfacet
  facet normal 0.838634 0 -0.544696
    outer loop
      vertex -261.459 -227.5 24.7329
      vertex -258.038 -272.5 30
      vertex -261.459 -272.5 24.7329
    endloop
  endfacet
  facet normal -0.998627 0 -0.0523858
    outer loop
      vertex -369.671 -272.5 53.7283
      vertex -370 -227.5 60
      vertex -369.671 -227.5 53.7283
    endloop
  endfacet
  facet normal -0.998627 -0 -0.0523858
    outer loop
      vertex -370 -227.5 60
      vertex -369.671 -272.5 53.7283
      vertex -370 -272.5 60
    endloop
  endfacet
  facet normal 0 1 0
    outer loop
      vertex -310 -227.5 70
      vertex -310 -227.5 120
      vertex -303.728 -227.5 119.671
    endloop
  endfacet
  facet normal 0 1 0
    outer loop
      vertex -308.955 -227.5 69.9452
      vertex -303.728 -227.5 119.671
      vertex -297.525 -227.5 118.689
    endloop
  endfacet
  facet normal 0 1 0
    outer loop
      vertex -310 -227.5 120
      vertex -310 -227.5 70
      vertex -316.272 -227.5 119.671
    endloop
  endfacet
  facet normal 0 1 0
    outer loop
      vertex -307.921 -227.5 69.7815
      vertex -297.525 -227.5 118.689
      vertex -291.459 -227.5 117.063
    endloop
  endfacet
  facet normal 0 1 -0
    outer loop
      vertex -311.045 -227.5 69.9452
      vertex -316.272 -227.5 119.671
      vertex -310 -227.5 70
    endloop
  endfacet
  facet normal 0 1 0
    outer loop
      vertex -306.91 -227.5 69.5106
      vertex -291.459 -227.5 117.063
      vertex -285.596 -227.5 114.813
    endloop
  endfacet
  facet normal 0 1 0
    outer loop
      vertex -316.272 -227.5 119.671
      vertex -311.045 -227.5 69.9452
      vertex -322.475 -227.5 118.689
    endloop
  endfacet
  facet normal 0 1 0
    outer loop
      vertex -305.933 -227.5 69.1355
      vertex -285.596 -227.5 114.813
      vertex -280 -227.5 111.962
    endloop
  endfacet
  facet normal 0 1 -0
    outer loop
      vertex -312.079 -227.5 69.7815
      vertex -322.475 -227.5 118.689
      vertex -311.045 -227.5 69.9452
    endloop
  endfacet
  facet normal 0 1 0
    outer loop
      vertex -305 -227.5 68.6603
      vertex -280 -227.5 111.962
      vertex -274.733 -227.5 108.541
    endloop
  endfacet
  facet normal 0 1 0
    outer loop
      vertex -322.475 -227.5 118.689
      vertex -312.079 -227.5 69.7815
      vertex -328.541 -227.5 117.063
    endloop
  endfacet
  facet normal 0 1 0
    outer loop
      vertex -304.122 -227.5 68.0902
      vertex -274.733 -227.5 108.541
      vertex -269.852 -227.5 104.589
    endloop
  endfacet
  facet normal 0 1 -0
    outer loop
      vertex -313.09 -227.5 69.5106
      vertex -328.541 -227.5 117.063
      vertex -312.079 -227.5 69.7815
    endloop
  endfacet
  facet normal 0 1 0
    outer loop
      vertex -303.309 -227.5 67.4314
      vertex -269.852 -227.5 104.589
      vertex -265.411 -227.5 100.148
    endloop
  endfacet
  facet normal 0 1 0
    outer loop
      vertex -328.541 -227.5 117.063
      vertex -313.09 -227.5 69.5106
      vertex -334.404 -227.5 114.813
    endloop
  endfacet
  facet normal 0 1 0
    outer loop
      vertex -302.569 -227.5 66.6913
      vertex -265.411 -227.5 100.148
      vertex -261.459 -227.5 95.2671
    endloop
  endfacet
  facet normal 0 1 -0
    outer loop
      vertex -314.067 -227.5 69.1355
      vertex -334.404 -227.5 114.813
      vertex -313.09 -227.5 69.5106
    endloop
  endfacet
  facet normal 0 1 0
    outer loop
      vertex -301.91 -227.5 65.8779
      vertex -261.459 -227.5 95.2671
      vertex -258.038 -227.5 90
    endloop
  endfacet
  facet normal 0 1 0
    outer loop
      vertex -334.404 -227.5 114.813
      vertex -314.067 -227.5 69.1355
      vertex -340 -227.5 111.962
    endloop
  endfacet
  facet normal 0 1 0
    outer loop
      vertex -301.34 -227.5 65
      vertex -258.038 -227.5 90
      vertex -255.187 -227.5 84.4042
    endloop
  endfacet
  facet normal 0 1 -0
    outer loop
      vertex -315 -227.5 68.6603
      vertex -340 -227.5 111.962
      vertex -314.067 -227.5 69.1355
    endloop
  endfacet
  facet normal 0 1 0
    outer loop
      vertex -300.865 -227.5 64.0674
      vertex -255.187 -227.5 84.4042
      vertex -252.937 -227.5 78.541
    endloop
  endfacet
  facet normal 0 1 0
    outer loop
      vertex -340 -227.5 111.962
      vertex -315 -227.5 68.6603
      vertex -345.267 -227.5 108.541
    endloop
  endfacet
  facet normal 0 1 0
    outer loop
      vertex -300.489 -227.5 63.0902
      vertex -252.937 -227.5 78.541
      vertex -251.311 -227.5 72.4747
    endloop
  endfacet
  facet normal 0 1 -0
    outer loop
      vertex -315.878 -227.5 68.0902
      vertex -345.267 -227.5 108.541
      vertex -315 -227.5 68.6603
    endloop
  endfacet
  facet normal 0 1 0
    outer loop
      vertex -345.267 -227.5 108.541
      vertex -315.878 -227.5 68.0902
      vertex -350.148 -227.5 104.589
    endloop
  endfacet
  facet normal 0 1 0
    outer loop
      vertex -303.728 -227.5 119.671
      vertex -308.955 -227.5 69.9452
      vertex -310 -227.5 70
    endloop
  endfacet
  facet normal 0 1 0
    outer loop
      vertex -297.525 -227.5 118.689
      vertex -307.921 -227.5 69.7815
      vertex -308.955 -227.5 69.9452
    endloop
  endfacet
  facet normal 0 1 0
    outer loop
      vertex -291.459 -227.5 117.063
      vertex -306.91 -227.5 69.5106
      vertex -307.921 -227.5 69.7815
    endloop
  endfacet
  facet normal 0 1 0
    outer loop
      vertex -285.596 -227.5 114.813
      vertex -305.933 -227.5 69.1355
      vertex -306.91 -227.5 69.5106
    endloop
  endfacet
  facet normal 0 1 0
    outer loop
      vertex -280 -227.5 111.962
      vertex -305 -227.5 68.6603
      vertex -305.933 -227.5 69.1355
    endloop
  endfacet
  facet normal 0 1 0
    outer loop
      vertex -274.733 -227.5 108.541
      vertex -304.122 -227.5 68.0902
      vertex -305 -227.5 68.6603
    endloop
  endfacet
  facet normal 0 1 0
    outer loop
      vertex -269.852 -227.5 104.589
      vertex -303.309 -227.5 67.4314
      vertex -304.122 -227.5 68.0902
    endloop
  endfacet
  facet normal 0 1 0
    outer loop
      vertex -265.411 -227.5 100.148
      vertex -302.569 -227.5 66.6913
      vertex -303.309 -227.5 67.4314
    endloop
  endfacet
  facet normal 0 1 0
    outer loop
      vertex -300.219 -227.5 62.0791
      vertex -251.311 -227.5 72.4747
      vertex -250.329 -227.5 66.2717
    endloop
  endfacet
  facet normal 0 1 0
    outer loop
      vertex -261.459 -227.5 95.2671
      vertex -301.91 -227.5 65.8779
      vertex -302.569 -227.5 66.6913
    endloop
  endfacet
  facet normal 0 1 0
    outer loop
      vertex -258.038 -227.5 90
      vertex -301.34 -227.5 65
      vertex -301.91 -227.5 65.8779
    endloop
  endfacet
  facet normal 0 1 0
    outer loop
      vertex -255.187 -227.5 84.4042
      vertex -300.865 -227.5 64.0674
      vertex -301.34 -227.5 65
    endloop
  endfacet
  facet normal 0 1 0
    outer loop
      vertex -252.937 -227.5 78.541
      vertex -300.489 -227.5 63.0902
      vertex -300.865 -227.5 64.0674
    endloop
  endfacet
  facet normal 0 1 0
    outer loop
      vertex -251.311 -227.5 72.4747
      vertex -300.219 -227.5 62.0791
      vertex -300.489 -227.5 63.0902
    endloop
  endfacet
  facet normal 0 1 0
    outer loop
      vertex -250.329 -227.5 66.2717
      vertex -300.055 -227.5 61.0453
      vertex -300.219 -227.5 62.0791
    endloop
  endfacet
  facet normal 0 1 0
    outer loop
      vertex -250 -227.5 60
      vertex -300.055 -227.5 61.0453
      vertex -250.329 -227.5 66.2717
    endloop
  endfacet
  facet normal 0 1 0
    outer loop
      vertex -250 -227.5 60
      vertex -300 -227.5 60
      vertex -300.055 -227.5 61.0453
    endloop
  endfacet
  facet normal 0 1 0
    outer loop
      vertex -250 -227.5 60
      vertex -300.055 -227.5 58.9547
      vertex -300 -227.5 60
    endloop
  endfacet
  facet normal 0 1 -0
    outer loop
      vertex -250.329 -227.5 53.7283
      vertex -300.055 -227.5 58.9547
      vertex -250 -227.5 60
    endloop
  endfacet
  facet normal 0 1 0
    outer loop
      vertex -300.055 -227.5 58.9547
      vertex -250.329 -227.5 53.7283
      vertex -300.219 -227.5 57.9209
    endloop
  endfacet
  facet normal 0 1 -0
    outer loop
      vertex -251.311 -227.5 47.5253
      vertex -300.219 -227.5 57.9209
      vertex -250.329 -227.5 53.7283
    endloop
  endfacet
  facet normal 0 1 0
    outer loop
      vertex -300.219 -227.5 57.9209
      vertex -251.311 -227.5 47.5253
      vertex -300.489 -227.5 56.9098
    endloop
  endfacet
  facet normal 0 1 -0
    outer loop
      vertex -252.937 -227.5 41.459
      vertex -300.489 -227.5 56.9098
      vertex -251.311 -227.5 47.5253
    endloop
  endfacet
  facet normal 0 1 0
    outer loop
      vertex -300.489 -227.5 56.9098
      vertex -252.937 -227.5 41.459
      vertex -300.865 -227.5 55.9326
    endloop
  endfacet
  facet normal 0 1 -0
    outer loop
      vertex -255.187 -227.5 35.5958
      vertex -300.865 -227.5 55.9326
      vertex -252.937 -227.5 41.459
    endloop
  endfacet
  facet normal 0 1 0
    outer loop
      vertex -300.865 -227.5 55.9326
      vertex -255.187 -227.5 35.5958
      vertex -301.34 -227.5 55
    endloop
  endfacet
  facet normal 0 1 -0
    outer loop
      vertex -258.038 -227.5 30
      vertex -301.34 -227.5 55
      vertex -255.187 -227.5 35.5958
    endloop
  endfacet
  facet normal 0 1 0
    outer loop
      vertex -301.34 -227.5 55
      vertex -258.038 -227.5 30
      vertex -301.91 -227.5 54.1221
    endloop
  endfacet
  facet normal 0 1 -0
    outer loop
      vertex -261.459 -227.5 24.7329
      vertex -301.91 -227.5 54.1221
      vertex -258.038 -227.5 30
    endloop
  endfacet
  facet normal 0 1 0
    outer loop
      vertex -301.91 -227.5 54.1221
      vertex -261.459 -227.5 24.7329
      vertex -302.569 -227.5 53.3087
    endloop
  endfacet
  facet normal 0 1 -0
    outer loop
      vertex -265.411 -227.5 19.8522
      vertex -302.569 -227.5 53.3087
      vertex -261.459 -227.5 24.7329
    endloop
  endfacet
  facet normal 0 1 0
    outer loop
      vertex -302.569 -227.5 53.3087
      vertex -265.411 -227.5 19.8522
      vertex -303.309 -227.5 52.5686
    endloop
  endfacet
  facet normal 0 1 0
    outer loop
      vertex -303.309 -227.5 52.5686
      vertex -269.852 -227.5 15.4113
      vertex -304.122 -227.5 51.9098
    endloop
  endfacet
  facet normal 0 1 -0
    outer loop
      vertex -269.852 -227.5 15.4113
      vertex -303.309 -227.5 52.5686
      vertex -265.411 -227.5 19.8522
    endloop
  endfacet
  facet normal 0 1 -0
    outer loop
      vertex -316.691 -227.5 67.4314
      vertex -350.148 -227.5 104.589
      vertex -315.878 -227.5 68.0902
    endloop
  endfacet
  facet normal 0 1 0
    outer loop
      vertex -350.148 -227.5 104.589
      vertex -316.691 -227.5 67.4314
      vertex -354.589 -227.5 100.148
    endloop
  endfacet
  facet normal 0 1 -0
    outer loop
      vertex -317.431 -227.5 66.6913
      vertex -354.589 -227.5 100.148
      vertex -316.691 -227.5 67.4314
    endloop
  endfacet
  facet normal 0 1 0
    outer loop
      vertex -354.589 -227.5 100.148
      vertex -317.431 -227.5 66.6913
      vertex -358.541 -227.5 95.2671
    endloop
  endfacet
  facet normal 0 1 -0
    outer loop
      vertex -318.09 -227.5 65.8779
      vertex -358.541 -227.5 95.2671
      vertex -317.431 -227.5 66.6913
    endloop
  endfacet
  facet normal 0 1 0
    outer loop
      vertex -358.541 -227.5 95.2671
      vertex -318.09 -227.5 65.8779
      vertex -361.962 -227.5 90
    endloop
  endfacet
  facet normal 0 1 -0
    outer loop
      vertex -318.66 -227.5 65
      vertex -361.962 -227.5 90
      vertex -318.09 -227.5 65.8779
    endloop
  endfacet
  facet normal 0 1 0
    outer loop
      vertex -361.962 -227.5 90
      vertex -318.66 -227.5 65
      vertex -364.813 -227.5 84.4042
    endloop
  endfacet
  facet normal 0 1 -0
    outer loop
      vertex -319.135 -227.5 64.0674
      vertex -364.813 -227.5 84.4042
      vertex -318.66 -227.5 65
    endloop
  endfacet
  facet normal 0 1 0
    outer loop
      vertex -364.813 -227.5 84.4042
      vertex -319.135 -227.5 64.0674
      vertex -367.063 -227.5 78.541
    endloop
  endfacet
  facet normal 0 1 -0
    outer loop
      vertex -319.511 -227.5 63.0902
      vertex -367.063 -227.5 78.541
      vertex -319.135 -227.5 64.0674
    endloop
  endfacet
  facet normal 0 1 0
    outer loop
      vertex -367.063 -227.5 78.541
      vertex -319.511 -227.5 63.0902
      vertex -368.689 -227.5 72.4747
    endloop
  endfacet
  facet normal 0 1 -0
    outer loop
      vertex -319.781 -227.5 62.0791
      vertex -368.689 -227.5 72.4747
      vertex -319.511 -227.5 63.0902
    endloop
  endfacet
  facet normal 0 1 0
    outer loop
      vertex -368.689 -227.5 72.4747
      vertex -319.781 -227.5 62.0791
      vertex -369.671 -227.5 66.2717
    endloop
  endfacet
  facet normal 0 1 -0
    outer loop
      vertex -319.945 -227.5 61.0453
      vertex -369.671 -227.5 66.2717
      vertex -319.781 -227.5 62.0791
    endloop
  endfacet
  facet normal 0 1 -0
    outer loop
      vertex -320 -227.5 60
      vertex -369.671 -227.5 66.2717
      vertex -319.945 -227.5 61.0453
    endloop
  endfacet
  facet normal 0 1 0
    outer loop
      vertex -320 -227.5 60
      vertex -370 -227.5 60
      vertex -369.671 -227.5 66.2717
    endloop
  endfacet
  facet normal 0 1 0
    outer loop
      vertex -319.945 -227.5 58.9547
      vertex -370 -227.5 60
      vertex -320 -227.5 60
    endloop
  endfacet
  facet normal 0 1 0
    outer loop
      vertex -369.671 -227.5 53.7283
      vertex -319.945 -227.5 58.9547
      vertex -319.781 -227.5 57.9209
    endloop
  endfacet
  facet normal 0 1 0
    outer loop
      vertex -368.689 -227.5 47.5253
      vertex -319.781 -227.5 57.9209
      vertex -319.511 -227.5 56.9098
    endloop
  endfacet
  facet normal 0 1 0
    outer loop
      vertex -367.063 -227.5 41.459
      vertex -319.511 -227.5 56.9098
      vertex -319.135 -227.5 55.9326
    endloop
  endfacet
  facet normal 0 1 0
    outer loop
      vertex -364.813 -227.5 35.5958
      vertex -319.135 -227.5 55.9326
      vertex -318.66 -227.5 55
    endloop
  endfacet
  facet normal 0 1 0
    outer loop
      vertex -361.962 -227.5 30
      vertex -318.66 -227.5 55
      vertex -318.09 -227.5 54.1221
    endloop
  endfacet
  facet normal 0 1 0
    outer loop
      vertex -319.945 -227.5 58.9547
      vertex -369.671 -227.5 53.7283
      vertex -370 -227.5 60
    endloop
  endfacet
  facet normal 0 1 0
    outer loop
      vertex -358.541 -227.5 24.7329
      vertex -318.09 -227.5 54.1221
      vertex -317.431 -227.5 53.3087
    endloop
  endfacet
  facet normal 0 1 0
    outer loop
      vertex -354.589 -227.5 19.8522
      vertex -317.431 -227.5 53.3087
      vertex -316.691 -227.5 52.5686
    endloop
  endfacet
  facet normal 0 1 0
    outer loop
      vertex -350.148 -227.5 15.4113
      vertex -316.691 -227.5 52.5686
      vertex -315.878 -227.5 51.9098
    endloop
  endfacet
  facet normal 0 1 0
    outer loop
      vertex -345.267 -227.5 11.459
      vertex -315.878 -227.5 51.9098
      vertex -315 -227.5 51.3397
    endloop
  endfacet
  facet normal 0 1 0
    outer loop
      vertex -340 -227.5 8.03848
      vertex -315 -227.5 51.3397
      vertex -314.067 -227.5 50.8645
    endloop
  endfacet
  facet normal 0 1 0
    outer loop
      vertex -334.404 -227.5 5.18727
      vertex -314.067 -227.5 50.8645
      vertex -313.09 -227.5 50.4894
    endloop
  endfacet
  facet normal 0 1 0
    outer loop
      vertex -328.541 -227.5 2.93661
      vertex -313.09 -227.5 50.4894
      vertex -312.079 -227.5 50.2185
    endloop
  endfacet
  facet normal 0 1 0
    outer loop
      vertex -322.475 -227.5 1.31114
      vertex -312.079 -227.5 50.2185
      vertex -311.045 -227.5 50.0548
    endloop
  endfacet
  facet normal 0 1 0
    outer loop
      vertex -319.781 -227.5 57.9209
      vertex -368.689 -227.5 47.5253
      vertex -369.671 -227.5 53.7283
    endloop
  endfacet
  facet normal 0 1 0
    outer loop
      vertex -316.272 -227.5 0.328687
      vertex -311.045 -227.5 50.0548
      vertex -310 -227.5 50
    endloop
  endfacet
  facet normal 0 1 -0
    outer loop
      vertex -274.733 -227.5 11.459
      vertex -304.122 -227.5 51.9098
      vertex -269.852 -227.5 15.4113
    endloop
  endfacet
  facet normal 0 1 0
    outer loop
      vertex -304.122 -227.5 51.9098
      vertex -274.733 -227.5 11.459
      vertex -305 -227.5 51.3397
    endloop
  endfacet
  facet normal 0 1 0
    outer loop
      vertex -319.511 -227.5 56.9098
      vertex -367.063 -227.5 41.459
      vertex -368.689 -227.5 47.5253
    endloop
  endfacet
  facet normal 0 1 -0
    outer loop
      vertex -280 -227.5 8.03848
      vertex -305 -227.5 51.3397
      vertex -274.733 -227.5 11.459
    endloop
  endfacet
  facet normal 0 1 0
    outer loop
      vertex -319.135 -227.5 55.9326
      vertex -364.813 -227.5 35.5958
      vertex -367.063 -227.5 41.459
    endloop
  endfacet
  facet normal 0 1 0
    outer loop
      vertex -305 -227.5 51.3397
      vertex -280 -227.5 8.03848
      vertex -305.933 -227.5 50.8645
    endloop
  endfacet
  facet normal 0 1 0
    outer loop
      vertex -318.66 -227.5 55
      vertex -361.962 -227.5 30
      vertex -364.813 -227.5 35.5958
    endloop
  endfacet
  facet normal 0 1 -0
    outer loop
      vertex -285.596 -227.5 5.18727
      vertex -305.933 -227.5 50.8645
      vertex -280 -227.5 8.03848
    endloop
  endfacet
  facet normal 0 1 0
    outer loop
      vertex -318.09 -227.5 54.1221
      vertex -358.541 -227.5 24.7329
      vertex -361.962 -227.5 30
    endloop
  endfacet
  facet normal 0 1 0
    outer loop
      vertex -305.933 -227.5 50.8645
      vertex -285.596 -227.5 5.18727
      vertex -306.91 -227.5 50.4894
    endloop
  endfacet
  facet normal 0 1 0
    outer loop
      vertex -317.431 -227.5 53.3087
      vertex -354.589 -227.5 19.8522
      vertex -358.541 -227.5 24.7329
    endloop
  endfacet
  facet normal 0 1 -0
    outer loop
      vertex -291.459 -227.5 2.93661
      vertex -306.91 -227.5 50.4894
      vertex -285.596 -227.5 5.18727
    endloop
  endfacet
  facet normal 0 1 0
    outer loop
      vertex -316.691 -227.5 52.5686
      vertex -350.148 -227.5 15.4113
      vertex -354.589 -227.5 19.8522
    endloop
  endfacet
  facet normal 0 1 0
    outer loop
      vertex -306.91 -227.5 50.4894
      vertex -291.459 -227.5 2.93661
      vertex -307.921 -227.5 50.2185
    endloop
  endfacet
  facet normal 0 1 0
    outer loop
      vertex -315.878 -227.5 51.9098
      vertex -345.267 -227.5 11.459
      vertex -350.148 -227.5 15.4113
    endloop
  endfacet
  facet normal 0 1 -0
    outer loop
      vertex -297.525 -227.5 1.31114
      vertex -307.921 -227.5 50.2185
      vertex -291.459 -227.5 2.93661
    endloop
  endfacet
  facet normal 0 1 0
    outer loop
      vertex -315 -227.5 51.3397
      vertex -340 -227.5 8.03848
      vertex -345.267 -227.5 11.459
    endloop
  endfacet
  facet normal 0 1 0
    outer loop
      vertex -307.921 -227.5 50.2185
      vertex -297.525 -227.5 1.31114
      vertex -308.955 -227.5 50.0548
    endloop
  endfacet
  facet normal 0 1 0
    outer loop
      vertex -314.067 -227.5 50.8645
      vertex -334.404 -227.5 5.18727
      vertex -340 -227.5 8.03848
    endloop
  endfacet
  facet normal 0 1 -0
    outer loop
      vertex -303.728 -227.5 0.328687
      vertex -308.955 -227.5 50.0548
      vertex -297.525 -227.5 1.31114
    endloop
  endfacet
  facet normal 0 1 0
    outer loop
      vertex -313.09 -227.5 50.4894
      vertex -328.541 -227.5 2.93661
      vertex -334.404 -227.5 5.18727
    endloop
  endfacet
  facet normal 0 1 0
    outer loop
      vertex -308.955 -227.5 50.0548
      vertex -303.728 -227.5 0.328687
      vertex -310 -227.5 50
    endloop
  endfacet
  facet normal 0 1 0
    outer loop
      vertex -312.079 -227.5 50.2185
      vertex -322.475 -227.5 1.31114
      vertex -328.541 -227.5 2.93661
    endloop
  endfacet
  facet normal 0 1 0
    outer loop
      vertex -310 -227.5 0
      vertex -310 -227.5 50
      vertex -303.728 -227.5 0.328687
    endloop
  endfacet
  facet normal 0 1 0
    outer loop
      vertex -311.045 -227.5 50.0548
      vertex -316.272 -227.5 0.328687
      vertex -322.475 -227.5 1.31114
    endloop
  endfacet
  facet normal 0 1 0
    outer loop
      vertex -310 -227.5 50
      vertex -310 -227.5 0
      vertex -316.272 -227.5 0.328687
    endloop
  endfacet
  facet normal 0.707107 -0 0.707107
    outer loop
      vertex -269.852 -272.5 104.589
      vertex -265.411 -227.5 100.148
      vertex -269.852 -227.5 104.589
    endloop
  endfacet
  facet normal 0.707107 0 0.707107
    outer loop
      vertex -265.411 -227.5 100.148
      vertex -269.852 -272.5 104.589
      vertex -265.411 -272.5 100.148
    endloop
  endfacet
  facet normal 0.89102 -0 0.453965
    outer loop
      vertex -258.038 -272.5 90
      vertex -255.187 -227.5 84.4042
      vertex -258.038 -227.5 90
    endloop
  endfacet
  facet normal 0.89102 0 0.453965
    outer loop
      vertex -255.187 -227.5 84.4042
      vertex -258.038 -272.5 90
      vertex -255.187 -272.5 84.4042
    endloop
  endfacet
  facet normal -0.838634 0 0.544696
    outer loop
      vertex -361.962 -272.5 90
      vertex -358.541 -227.5 95.2671
      vertex -361.962 -227.5 90
    endloop
  endfacet
  facet normal -0.838634 0 0.544696
    outer loop
      vertex -358.541 -227.5 95.2671
      vertex -361.962 -272.5 90
      vertex -358.541 -272.5 95.2671
    endloop
  endfacet
  facet normal -0.9877 0 0.156363
    outer loop
      vertex -369.671 -272.5 66.2717
      vertex -368.689 -227.5 72.4747
      vertex -369.671 -227.5 66.2717
    endloop
  endfacet
  facet normal -0.9877 0 0.156363
    outer loop
      vertex -368.689 -227.5 72.4747
      vertex -369.671 -272.5 66.2717
      vertex -368.689 -272.5 72.4747
    endloop
  endfacet
  facet normal 0 -1 0
    outer loop
      vertex -310 -272.5 70
      vertex -310 -272.5 120
      vertex -316.272 -272.5 119.671
    endloop
  endfacet
  facet normal 0 -1 0
    outer loop
      vertex -311.045 -272.5 69.9452
      vertex -316.272 -272.5 119.671
      vertex -322.475 -272.5 118.689
    endloop
  endfacet
  facet normal 0 -1 0
    outer loop
      vertex -310 -272.5 120
      vertex -310 -272.5 70
      vertex -303.728 -272.5 119.671
    endloop
  endfacet
  facet normal 0 -1 0
    outer loop
      vertex -312.079 -272.5 69.7815
      vertex -322.475 -272.5 118.689
      vertex -328.541 -272.5 117.063
    endloop
  endfacet
  facet normal 0 -1 0
    outer loop
      vertex -308.955 -272.5 69.9452
      vertex -303.728 -272.5 119.671
      vertex -310 -272.5 70
    endloop
  endfacet
  facet normal 0 -1 0
    outer loop
      vertex -313.09 -272.5 69.5106
      vertex -328.541 -272.5 117.063
      vertex -334.404 -272.5 114.813
    endloop
  endfacet
  facet normal 0 -1 -0
    outer loop
      vertex -303.728 -272.5 119.671
      vertex -308.955 -272.5 69.9452
      vertex -297.525 -272.5 118.689
    endloop
  endfacet
  facet normal 0 -1 0
    outer loop
      vertex -314.067 -272.5 69.1355
      vertex -334.404 -272.5 114.813
      vertex -340 -272.5 111.962
    endloop
  endfacet
  facet normal 0 -1 0
    outer loop
      vertex -307.921 -272.5 69.7815
      vertex -297.525 -272.5 118.689
      vertex -308.955 -272.5 69.9452
    endloop
  endfacet
  facet normal 0 -1 0
    outer loop
      vertex -315 -272.5 68.6603
      vertex -340 -272.5 111.962
      vertex -345.267 -272.5 108.541
    endloop
  endfacet
  facet normal 0 -1 -0
    outer loop
      vertex -297.525 -272.5 118.689
      vertex -307.921 -272.5 69.7815
      vertex -291.459 -272.5 117.063
    endloop
  endfacet
  facet normal 0 -1 0
    outer loop
      vertex -315.878 -272.5 68.0902
      vertex -345.267 -272.5 108.541
      vertex -350.148 -272.5 104.589
    endloop
  endfacet
  facet normal 0 -1 0
    outer loop
      vertex -306.91 -272.5 69.5106
      vertex -291.459 -272.5 117.063
      vertex -307.921 -272.5 69.7815
    endloop
  endfacet
  facet normal 0 -1 0
    outer loop
      vertex -316.691 -272.5 67.4314
      vertex -350.148 -272.5 104.589
      vertex -354.589 -272.5 100.148
    endloop
  endfacet
  facet normal 0 -1 -0
    outer loop
      vertex -291.459 -272.5 117.063
      vertex -306.91 -272.5 69.5106
      vertex -285.596 -272.5 114.813
    endloop
  endfacet
  facet normal 0 -1 0
    outer loop
      vertex -317.431 -272.5 66.6913
      vertex -354.589 -272.5 100.148
      vertex -358.541 -272.5 95.2671
    endloop
  endfacet
  facet normal 0 -1 0
    outer loop
      vertex -305.933 -272.5 69.1355
      vertex -285.596 -272.5 114.813
      vertex -306.91 -272.5 69.5106
    endloop
  endfacet
  facet normal 0 -1 0
    outer loop
      vertex -318.09 -272.5 65.8779
      vertex -358.541 -272.5 95.2671
      vertex -361.962 -272.5 90
    endloop
  endfacet
  facet normal 0 -1 -0
    outer loop
      vertex -285.596 -272.5 114.813
      vertex -305.933 -272.5 69.1355
      vertex -280 -272.5 111.962
    endloop
  endfacet
  facet normal 0 -1 0
    outer loop
      vertex -318.66 -272.5 65
      vertex -361.962 -272.5 90
      vertex -364.813 -272.5 84.4042
    endloop
  endfacet
  facet normal 0 -1 0
    outer loop
      vertex -305 -272.5 68.6603
      vertex -280 -272.5 111.962
      vertex -305.933 -272.5 69.1355
    endloop
  endfacet
  facet normal 0 -1 0
    outer loop
      vertex -319.135 -272.5 64.0674
      vertex -364.813 -272.5 84.4042
      vertex -367.063 -272.5 78.541
    endloop
  endfacet
  facet normal 0 -1 -0
    outer loop
      vertex -280 -272.5 111.962
      vertex -305 -272.5 68.6603
      vertex -274.733 -272.5 108.541
    endloop
  endfacet
  facet normal 0 -1 0
    outer loop
      vertex -319.511 -272.5 63.0902
      vertex -367.063 -272.5 78.541
      vertex -368.689 -272.5 72.4747
    endloop
  endfacet
  facet normal 0 -1 0
    outer loop
      vertex -304.122 -272.5 68.0902
      vertex -274.733 -272.5 108.541
      vertex -305 -272.5 68.6603
    endloop
  endfacet
  facet normal 0 -1 -0
    outer loop
      vertex -274.733 -272.5 108.541
      vertex -304.122 -272.5 68.0902
      vertex -269.852 -272.5 104.589
    endloop
  endfacet
  facet normal 0 -1 0
    outer loop
      vertex -316.272 -272.5 119.671
      vertex -311.045 -272.5 69.9452
      vertex -310 -272.5 70
    endloop
  endfacet
  facet normal 0 -1 0
    outer loop
      vertex -322.475 -272.5 118.689
      vertex -312.079 -272.5 69.7815
      vertex -311.045 -272.5 69.9452
    endloop
  endfacet
  facet normal 0 -1 0
    outer loop
      vertex -328.541 -272.5 117.063
      vertex -313.09 -272.5 69.5106
      vertex -312.079 -272.5 69.7815
    endloop
  endfacet
  facet normal 0 -1 0
    outer loop
      vertex -334.404 -272.5 114.813
      vertex -314.067 -272.5 69.1355
      vertex -313.09 -272.5 69.5106
    endloop
  endfacet
  facet normal 0 -1 0
    outer loop
      vertex -340 -272.5 111.962
      vertex -315 -272.5 68.6603
      vertex -314.067 -272.5 69.1355
    endloop
  endfacet
  facet normal 0 -1 0
    outer loop
      vertex -345.267 -272.5 108.541
      vertex -315.878 -272.5 68.0902
      vertex -315 -272.5 68.6603
    endloop
  endfacet
  facet normal 0 -1 0
    outer loop
      vertex -350.148 -272.5 104.589
      vertex -316.691 -272.5 67.4314
      vertex -315.878 -272.5 68.0902
    endloop
  endfacet
  facet normal 0 -1 0
    outer loop
      vertex -354.589 -272.5 100.148
      vertex -317.431 -272.5 66.6913
      vertex -316.691 -272.5 67.4314
    endloop
  endfacet
  facet normal 0 -1 0
    outer loop
      vertex -319.781 -272.5 62.0791
      vertex -368.689 -272.5 72.4747
      vertex -369.671 -272.5 66.2717
    endloop
  endfacet
  facet normal 0 -1 0
    outer loop
      vertex -358.541 -272.5 95.2671
      vertex -318.09 -272.5 65.8779
      vertex -317.431 -272.5 66.6913
    endloop
  endfacet
  facet normal 0 -1 0
    outer loop
      vertex -361.962 -272.5 90
      vertex -318.66 -272.5 65
      vertex -318.09 -272.5 65.8779
    endloop
  endfacet
  facet normal 0 -1 0
    outer loop
      vertex -364.813 -272.5 84.4042
      vertex -319.135 -272.5 64.0674
      vertex -318.66 -272.5 65
    endloop
  endfacet
  facet normal 0 -1 0
    outer loop
      vertex -367.063 -272.5 78.541
      vertex -319.511 -272.5 63.0902
      vertex -319.135 -272.5 64.0674
    endloop
  endfacet
  facet normal 0 -1 0
    outer loop
      vertex -368.689 -272.5 72.4747
      vertex -319.781 -272.5 62.0791
      vertex -319.511 -272.5 63.0902
    endloop
  endfacet
  facet normal 0 -1 0
    outer loop
      vertex -369.671 -272.5 66.2717
      vertex -319.945 -272.5 61.0453
      vertex -319.781 -272.5 62.0791
    endloop
  endfacet
  facet normal 0 -1 0
    outer loop
      vertex -370 -272.5 60
      vertex -319.945 -272.5 61.0453
      vertex -369.671 -272.5 66.2717
    endloop
  endfacet
  facet normal 0 -1 0
    outer loop
      vertex -370 -272.5 60
      vertex -320 -272.5 60
      vertex -319.945 -272.5 61.0453
    endloop
  endfacet
  facet normal 0 -1 0
    outer loop
      vertex -370 -272.5 60
      vertex -319.945 -272.5 58.9547
      vertex -320 -272.5 60
    endloop
  endfacet
  facet normal 0 -1 0
    outer loop
      vertex -369.671 -272.5 53.7283
      vertex -319.945 -272.5 58.9547
      vertex -370 -272.5 60
    endloop
  endfacet
  facet normal 0 -1 -0
    outer loop
      vertex -319.945 -272.5 58.9547
      vertex -369.671 -272.5 53.7283
      vertex -319.781 -272.5 57.9209
    endloop
  endfacet
  facet normal 0 -1 0
    outer loop
      vertex -368.689 -272.5 47.5253
      vertex -319.781 -272.5 57.9209
      vertex -369.671 -272.5 53.7283
    endloop
  endfacet
  facet normal 0 -1 -0
    outer loop
      vertex -319.781 -272.5 57.9209
      vertex -368.689 -272.5 47.5253
      vertex -319.511 -272.5 56.9098
    endloop
  endfacet
  facet normal 0 -1 0
    outer loop
      vertex -367.063 -272.5 41.459
      vertex -319.511 -272.5 56.9098
      vertex -368.689 -272.5 47.5253
    endloop
  endfacet
  facet normal 0 -1 -0
    outer loop
      vertex -319.511 -272.5 56.9098
      vertex -367.063 -272.5 41.459
      vertex -319.135 -272.5 55.9326
    endloop
  endfacet
  facet normal 0 -1 0
    outer loop
      vertex -364.813 -272.5 35.5958
      vertex -319.135 -272.5 55.9326
      vertex -367.063 -272.5 41.459
    endloop
  endfacet
  facet normal 0 -1 -0
    outer loop
      vertex -319.135 -272.5 55.9326
      vertex -364.813 -272.5 35.5958
      vertex -318.66 -272.5 55
    endloop
  endfacet
  facet normal 0 -1 0
    outer loop
      vertex -361.962 -272.5 30
      vertex -318.66 -272.5 55
      vertex -364.813 -272.5 35.5958
    endloop
  endfacet
  facet normal 0 -1 -0
    outer loop
      vertex -318.66 -272.5 55
      vertex -361.962 -272.5 30
      vertex -318.09 -272.5 54.1221
    endloop
  endfacet
  facet normal 0 -1 0
    outer loop
      vertex -358.541 -272.5 24.7329
      vertex -318.09 -272.5 54.1221
      vertex -361.962 -272.5 30
    endloop
  endfacet
  facet normal 0 -1 -0
    outer loop
      vertex -318.09 -272.5 54.1221
      vertex -358.541 -272.5 24.7329
      vertex -317.431 -272.5 53.3087
    endloop
  endfacet
  facet normal 0 -1 0
    outer loop
      vertex -354.589 -272.5 19.8522
      vertex -317.431 -272.5 53.3087
      vertex -358.541 -272.5 24.7329
    endloop
  endfacet
  facet normal 0 -1 -0
    outer loop
      vertex -317.431 -272.5 53.3087
      vertex -354.589 -272.5 19.8522
      vertex -316.691 -272.5 52.5686
    endloop
  endfacet
  facet normal 0 -1 -0
    outer loop
      vertex -316.691 -272.5 52.5686
      vertex -350.148 -272.5 15.4113
      vertex -315.878 -272.5 51.9098
    endloop
  endfacet
  facet normal 0 -1 0
    outer loop
      vertex -350.148 -272.5 15.4113
      vertex -316.691 -272.5 52.5686
      vertex -354.589 -272.5 19.8522
    endloop
  endfacet
  facet normal 0 -1 0
    outer loop
      vertex -303.309 -272.5 67.4314
      vertex -269.852 -272.5 104.589
      vertex -304.122 -272.5 68.0902
    endloop
  endfacet
  facet normal 0 -1 -0
    outer loop
      vertex -269.852 -272.5 104.589
      vertex -303.309 -272.5 67.4314
      vertex -265.411 -272.5 100.148
    endloop
  endfacet
  facet normal 0 -1 0
    outer loop
      vertex -302.569 -272.5 66.6913
      vertex -265.411 -272.5 100.148
      vertex -303.309 -272.5 67.4314
    endloop
  endfacet
  facet normal 0 -1 -0
    outer loop
      vertex -265.411 -272.5 100.148
      vertex -302.569 -272.5 66.6913
      vertex -261.459 -272.5 95.2671
    endloop
  endfacet
  facet normal 0 -1 0
    outer loop
      vertex -301.91 -272.5 65.8779
      vertex -261.459 -272.5 95.2671
      vertex -302.569 -272.5 66.6913
    endloop
  endfacet
  facet normal 0 -1 -0
    outer loop
      vertex -261.459 -272.5 95.2671
      vertex -301.91 -272.5 65.8779
      vertex -258.038 -272.5 90
    endloop
  endfacet
  facet normal 0 -1 0
    outer loop
      vertex -301.34 -272.5 65
      vertex -258.038 -272.5 90
      vertex -301.91 -272.5 65.8779
    endloop
  endfacet
  facet normal 0 -1 -0
    outer loop
      vertex -258.038 -272.5 90
      vertex -301.34 -272.5 65
      vertex -255.187 -272.5 84.4042
    endloop
  endfacet
  facet normal 0 -1 0
    outer loop
      vertex -300.865 -272.5 64.0674
      vertex -255.187 -272.5 84.4042
      vertex -301.34 -272.5 65
    endloop
  endfacet
  facet normal 0 -1 -0
    outer loop
      vertex -255.187 -272.5 84.4042
      vertex -300.865 -272.5 64.0674
      vertex -252.937 -272.5 78.541
    endloop
  endfacet
  facet normal 0 -1 0
    outer loop
      vertex -300.489 -272.5 63.0902
      vertex -252.937 -272.5 78.541
      vertex -300.865 -272.5 64.0674
    endloop
  endfacet
  facet normal 0 -1 -0
    outer loop
      vertex -252.937 -272.5 78.541
      vertex -300.489 -272.5 63.0902
      vertex -251.311 -272.5 72.4747
    endloop
  endfacet
  facet normal 0 -1 0
    outer loop
      vertex -300.219 -272.5 62.0791
      vertex -251.311 -272.5 72.4747
      vertex -300.489 -272.5 63.0902
    endloop
  endfacet
  facet normal 0 -1 -0
    outer loop
      vertex -251.311 -272.5 72.4747
      vertex -300.219 -272.5 62.0791
      vertex -250.329 -272.5 66.2717
    endloop
  endfacet
  facet normal 0 -1 0
    outer loop
      vertex -300.055 -272.5 61.0453
      vertex -250.329 -272.5 66.2717
      vertex -300.219 -272.5 62.0791
    endloop
  endfacet
  facet normal 0 -1 0
    outer loop
      vertex -300 -272.5 60
      vertex -250.329 -272.5 66.2717
      vertex -300.055 -272.5 61.0453
    endloop
  endfacet
  facet normal 0 -1 0
    outer loop
      vertex -300 -272.5 60
      vertex -250 -272.5 60
      vertex -250.329 -272.5 66.2717
    endloop
  endfacet
  facet normal 0 -1 0
    outer loop
      vertex -300.055 -272.5 58.9547
      vertex -250 -272.5 60
      vertex -300 -272.5 60
    endloop
  endfacet
  facet normal 0 -1 0
    outer loop
      vertex -250.329 -272.5 53.7283
      vertex -300.055 -272.5 58.9547
      vertex -300.219 -272.5 57.9209
    endloop
  endfacet
  facet normal 0 -1 0
    outer loop
      vertex -251.311 -272.5 47.5253
      vertex -300.219 -272.5 57.9209
      vertex -300.489 -272.5 56.9098
    endloop
  endfacet
  facet normal 0 -1 0
    outer loop
      vertex -252.937 -272.5 41.459
      vertex -300.489 -272.5 56.9098
      vertex -300.865 -272.5 55.9326
    endloop
  endfacet
  facet normal 0 -1 0
    outer loop
      vertex -255.187 -272.5 35.5958
      vertex -300.865 -272.5 55.9326
      vertex -301.34 -272.5 55
    endloop
  endfacet
  facet normal 0 -1 0
    outer loop
      vertex -258.038 -272.5 30
      vertex -301.34 -272.5 55
      vertex -301.91 -272.5 54.1221
    endloop
  endfacet
  facet normal 0 -1 0
    outer loop
      vertex -300.055 -272.5 58.9547
      vertex -250.329 -272.5 53.7283
      vertex -250 -272.5 60
    endloop
  endfacet
  facet normal 0 -1 0
    outer loop
      vertex -261.459 -272.5 24.7329
      vertex -301.91 -272.5 54.1221
      vertex -302.569 -272.5 53.3087
    endloop
  endfacet
  facet normal 0 -1 0
    outer loop
      vertex -265.411 -272.5 19.8522
      vertex -302.569 -272.5 53.3087
      vertex -303.309 -272.5 52.5686
    endloop
  endfacet
  facet normal 0 -1 0
    outer loop
      vertex -269.852 -272.5 15.4113
      vertex -303.309 -272.5 52.5686
      vertex -304.122 -272.5 51.9098
    endloop
  endfacet
  facet normal 0 -1 0
    outer loop
      vertex -274.733 -272.5 11.459
      vertex -304.122 -272.5 51.9098
      vertex -305 -272.5 51.3397
    endloop
  endfacet
  facet normal 0 -1 0
    outer loop
      vertex -280 -272.5 8.03848
      vertex -305 -272.5 51.3397
      vertex -305.933 -272.5 50.8645
    endloop
  endfacet
  facet normal 0 -1 0
    outer loop
      vertex -285.596 -272.5 5.18727
      vertex -305.933 -272.5 50.8645
      vertex -306.91 -272.5 50.4894
    endloop
  endfacet
  facet normal 0 -1 0
    outer loop
      vertex -291.459 -272.5 2.93661
      vertex -306.91 -272.5 50.4894
      vertex -307.921 -272.5 50.2185
    endloop
  endfacet
  facet normal 0 -1 0
    outer loop
      vertex -297.525 -272.5 1.31114
      vertex -307.921 -272.5 50.2185
      vertex -308.955 -272.5 50.0548
    endloop
  endfacet
  facet normal 0 -1 0
    outer loop
      vertex -300.219 -272.5 57.9209
      vertex -251.311 -272.5 47.5253
      vertex -250.329 -272.5 53.7283
    endloop
  endfacet
  facet normal 0 -1 0
    outer loop
      vertex -303.728 -272.5 0.328687
      vertex -308.955 -272.5 50.0548
      vertex -310 -272.5 50
    endloop
  endfacet
  facet normal 0 -1 0
    outer loop
      vertex -345.267 -272.5 11.459
      vertex -315.878 -272.5 51.9098
      vertex -350.148 -272.5 15.4113
    endloop
  endfacet
  facet normal 0 -1 -0
    outer loop
      vertex -315.878 -272.5 51.9098
      vertex -345.267 -272.5 11.459
      vertex -315 -272.5 51.3397
    endloop
  endfacet
  facet normal 0 -1 0
    outer loop
      vertex -300.489 -272.5 56.9098
      vertex -252.937 -272.5 41.459
      vertex -251.311 -272.5 47.5253
    endloop
  endfacet
  facet normal 0 -1 0
    outer loop
      vertex -340 -272.5 8.03848
      vertex -315 -272.5 51.3397
      vertex -345.267 -272.5 11.459
    endloop
  endfacet
  facet normal 0 -1 0
    outer loop
      vertex -300.865 -272.5 55.9326
      vertex -255.187 -272.5 35.5958
      vertex -252.937 -272.5 41.459
    endloop
  endfacet
  facet normal 0 -1 -0
    outer loop
      vertex -315 -272.5 51.3397
      vertex -340 -272.5 8.03848
      vertex -314.067 -272.5 50.8645
    endloop
  endfacet
  facet normal 0 -1 0
    outer loop
      vertex -301.34 -272.5 55
      vertex -258.038 -272.5 30
      vertex -255.187 -272.5 35.5958
    endloop
  endfacet
  facet normal 0 -1 0
    outer loop
      vertex -334.404 -272.5 5.18727
      vertex -314.067 -272.5 50.8645
      vertex -340 -272.5 8.03848
    endloop
  endfacet
  facet normal 0 -1 0
    outer loop
      vertex -301.91 -272.5 54.1221
      vertex -261.459 -272.5 24.7329
      vertex -258.038 -272.5 30
    endloop
  endfacet
  facet normal 0 -1 -0
    outer loop
      vertex -314.067 -272.5 50.8645
      vertex -334.404 -272.5 5.18727
      vertex -313.09 -272.5 50.4894
    endloop
  endfacet
  facet normal 0 -1 0
    outer loop
      vertex -302.569 -272.5 53.3087
      vertex -265.411 -272.5 19.8522
      vertex -261.459 -272.5 24.7329
    endloop
  endfacet
  facet normal 0 -1 0
    outer loop
      vertex -328.541 -272.5 2.93661
      vertex -313.09 -272.5 50.4894
      vertex -334.404 -272.5 5.18727
    endloop
  endfacet
  facet normal 0 -1 0
    outer loop
      vertex -303.309 -272.5 52.5686
      vertex -269.852 -272.5 15.4113
      vertex -265.411 -272.5 19.8522
    endloop
  endfacet
  facet normal 0 -1 -0
    outer loop
      vertex -313.09 -272.5 50.4894
      vertex -328.541 -272.5 2.93661
      vertex -312.079 -272.5 50.2185
    endloop
  endfacet
  facet normal 0 -1 0
    outer loop
      vertex -304.122 -272.5 51.9098
      vertex -274.733 -272.5 11.459
      vertex -269.852 -272.5 15.4113
    endloop
  endfacet
  facet normal 0 -1 0
    outer loop
      vertex -322.475 -272.5 1.31114
      vertex -312.079 -272.5 50.2185
      vertex -328.541 -272.5 2.93661
    endloop
  endfacet
  facet normal 0 -1 0
    outer loop
      vertex -305 -272.5 51.3397
      vertex -280 -272.5 8.03848
      vertex -274.733 -272.5 11.459
    endloop
  endfacet
  facet normal 0 -1 -0
    outer loop
      vertex -312.079 -272.5 50.2185
      vertex -322.475 -272.5 1.31114
      vertex -311.045 -272.5 50.0548
    endloop
  endfacet
  facet normal 0 -1 0
    outer loop
      vertex -305.933 -272.5 50.8645
      vertex -285.596 -272.5 5.18727
      vertex -280 -272.5 8.03848
    endloop
  endfacet
  facet normal 0 -1 0
    outer loop
      vertex -316.272 -272.5 0.328687
      vertex -311.045 -272.5 50.0548
      vertex -322.475 -272.5 1.31114
    endloop
  endfacet
  facet normal 0 -1 0
    outer loop
      vertex -306.91 -272.5 50.4894
      vertex -291.459 -272.5 2.93661
      vertex -285.596 -272.5 5.18727
    endloop
  endfacet
  facet normal 0 -1 -0
    outer loop
      vertex -311.045 -272.5 50.0548
      vertex -316.272 -272.5 0.328687
      vertex -310 -272.5 50
    endloop
  endfacet
  facet normal 0 -1 0
    outer loop
      vertex -307.921 -272.5 50.2185
      vertex -297.525 -272.5 1.31114
      vertex -291.459 -272.5 2.93661
    endloop
  endfacet
  facet normal 0 -1 0
    outer loop
      vertex -310 -272.5 0
      vertex -310 -272.5 50
      vertex -316.272 -272.5 0.328687
    endloop
  endfacet
  facet normal 0 -1 0
    outer loop
      vertex -308.955 -272.5 50.0548
      vertex -303.728 -272.5 0.328687
      vertex -297.525 -272.5 1.31114
    endloop
  endfacet
  facet normal 0 -1 0
    outer loop
      vertex -310 -272.5 50
      vertex -310 -272.5 0
      vertex -303.728 -272.5 0.328687
    endloop
  endfacet
  facet normal -0.777183 0 0.629275
    outer loop
      vertex -358.541 -272.5 95.2671
      vertex -354.589 -227.5 100.148
      vertex -358.541 -227.5 95.2671
    endloop
  endfacet
  facet normal -0.777183 0 0.629275
    outer loop
      vertex -354.589 -227.5 100.148
      vertex -358.541 -272.5 95.2671
      vertex -354.589 -272.5 100.148
    endloop
  endfacet
  facet normal -0.629267 0 0.777189
    outer loop
      vertex -350.148 -227.5 104.589
      vertex -345.267 -272.5 108.541
      vertex -345.267 -227.5 108.541
    endloop
  endfacet
  facet normal -0.629267 0 0.777189
    outer loop
      vertex -345.267 -272.5 108.541
      vertex -350.148 -227.5 104.589
      vertex -350.148 -272.5 104.589
    endloop
  endfacet
  facet normal -0.544703 0 0.838629
    outer loop
      vertex -345.267 -227.5 108.541
      vertex -340 -272.5 111.962
      vertex -340 -227.5 111.962
    endloop
  endfacet
  facet normal -0.544703 0 0.838629
    outer loop
      vertex -340 -272.5 111.962
      vertex -345.267 -227.5 108.541
      vertex -345.267 -272.5 108.541
    endloop
  endfacet
  facet normal -0.89102 0 -0.453965
    outer loop
      vertex -361.962 -272.5 30
      vertex -364.813 -227.5 35.5958
      vertex -361.962 -227.5 30
    endloop
  endfacet
  facet normal -0.89102 -0 -0.453965
    outer loop
      vertex -364.813 -227.5 35.5958
      vertex -361.962 -272.5 30
      vertex -364.813 -272.5 35.5958
    endloop
  endfacet
  facet normal 0.629296 0 -0.777166
    outer loop
      vertex -274.733 -272.5 11.459
      vertex -269.852 -227.5 15.4113
      vertex -269.852 -272.5 15.4113
    endloop
  endfacet
  facet normal 0.629296 0 -0.777166
    outer loop
      vertex -269.852 -227.5 15.4113
      vertex -274.733 -272.5 11.459
      vertex -274.733 -227.5 11.459
    endloop
  endfacet
  facet normal -0.838634 0 -0.544696
    outer loop
      vertex -358.541 -272.5 24.7329
      vertex -361.962 -227.5 30
      vertex -358.541 -227.5 24.7329
    endloop
  endfacet
  facet normal -0.838634 -0 -0.544696
    outer loop
      vertex -361.962 -227.5 30
      vertex -358.541 -272.5 24.7329
      vertex -361.962 -272.5 30
    endloop
  endfacet
  facet normal -0.9877 0 -0.156363
    outer loop
      vertex -368.689 -272.5 47.5253
      vertex -369.671 -227.5 53.7283
      vertex -368.689 -227.5 47.5253
    endloop
  endfacet
  facet normal -0.9877 -0 -0.156363
    outer loop
      vertex -369.671 -227.5 53.7283
      vertex -368.689 -272.5 47.5253
      vertex -369.671 -272.5 53.7283
    endloop
  endfacet
  facet normal -0.933616 0 -0.358275
    outer loop
      vertex -364.813 -272.5 35.5958
      vertex -367.063 -227.5 41.459
      vertex -364.813 -227.5 35.5958
    endloop
  endfacet
  facet normal -0.933616 -0 -0.358275
    outer loop
      vertex -367.063 -227.5 41.459
      vertex -364.813 -272.5 35.5958
      vertex -367.063 -272.5 41.459
    endloop
  endfacet
  facet normal -0.77717 0 -0.62929
    outer loop
      vertex -354.589 -272.5 19.8522
      vertex -358.541 -227.5 24.7329
      vertex -354.589 -227.5 19.8522
    endloop
  endfacet
  facet normal -0.77717 -0 -0.62929
    outer loop
      vertex -358.541 -227.5 24.7329
      vertex -354.589 -272.5 19.8522
      vertex -358.541 -272.5 24.7329
    endloop
  endfacet
  facet normal 0.544649 0 -0.838664
    outer loop
      vertex -280 -272.5 8.03848
      vertex -274.733 -227.5 11.459
      vertex -274.733 -272.5 11.459
    endloop
  endfacet
  facet normal 0.544649 0 -0.838664
    outer loop
      vertex -274.733 -227.5 11.459
      vertex -280 -272.5 8.03848
      vertex -280 -227.5 8.03848
    endloop
  endfacet
  facet normal 0.933616 0 -0.358275
    outer loop
      vertex -252.937 -272.5 41.459
      vertex -255.187 -227.5 35.5958
      vertex -252.937 -227.5 41.459
    endloop
  endfacet
  facet normal 0.933616 0 -0.358275
    outer loop
      vertex -255.187 -227.5 35.5958
      vertex -252.937 -272.5 41.459
      vertex -255.187 -272.5 35.5958
    endloop
  endfacet
  facet normal -0.0523336 0 -0.99863
    outer loop
      vertex -316.272 -272.5 0.328687
      vertex -310 -227.5 0
      vertex -310 -272.5 0
    endloop
  endfacet
  facet normal -0.0523336 0 -0.99863
    outer loop
      vertex -310 -227.5 0
      vertex -316.272 -272.5 0.328687
      vertex -316.272 -227.5 0.328687
    endloop
  endfacet
  facet normal -0.998627 0 0.0523858
    outer loop
      vertex -370 -272.5 60
      vertex -369.671 -227.5 66.2717
      vertex -370 -227.5 60
    endloop
  endfacet
  facet normal -0.998627 0 0.0523858
    outer loop
      vertex -369.671 -227.5 66.2717
      vertex -370 -272.5 60
      vertex -369.671 -272.5 66.2717
    endloop
  endfacet
  facet normal -0.358377 0 -0.933577
    outer loop
      vertex -334.404 -272.5 5.18727
      vertex -328.541 -227.5 2.93661
      vertex -328.541 -272.5 2.93661
    endloop
  endfacet
  facet normal -0.358377 0 -0.933577
    outer loop
      vertex -328.541 -227.5 2.93661
      vertex -334.404 -272.5 5.18727
      vertex -334.404 -227.5 5.18727
    endloop
  endfacet
  facet normal 0.707099 0 -0.707115
    outer loop
      vertex -269.852 -272.5 15.4113
      vertex -265.411 -227.5 19.8522
      vertex -265.411 -272.5 19.8522
    endloop
  endfacet
  facet normal 0.707099 0 -0.707115
    outer loop
      vertex -265.411 -227.5 19.8522
      vertex -269.852 -272.5 15.4113
      vertex -269.852 -227.5 15.4113
    endloop
  endfacet
  facet normal -0.98765 0 0.156679
    outer loop
      vertex -300.219 -272.5 57.9209
      vertex -300.055 -227.5 58.9547
      vertex -300.219 -227.5 57.9209
    endloop
  endfacet
  facet normal -0.98765 0 0.156679
    outer loop
      vertex -300.055 -227.5 58.9547
      vertex -300.219 -272.5 57.9209
      vertex -300.055 -272.5 58.9547
    endloop
  endfacet
  facet normal -0.98765 0 -0.156679
    outer loop
      vertex -300.055 -272.5 61.0453
      vertex -300.219 -227.5 62.0791
      vertex -300.055 -227.5 61.0453
    endloop
  endfacet
  facet normal -0.98765 -0 -0.156679
    outer loop
      vertex -300.219 -227.5 62.0791
      vertex -300.055 -272.5 61.0453
      vertex -300.219 -272.5 62.0791
    endloop
  endfacet
  facet normal -0.998619 0 -0.0525438
    outer loop
      vertex -300 -272.5 60
      vertex -300.055 -227.5 61.0453
      vertex -300 -227.5 60
    endloop
  endfacet
  facet normal -0.998619 -0 -0.0525438
    outer loop
      vertex -300.055 -227.5 61.0453
      vertex -300 -272.5 60
      vertex -300.055 -272.5 61.0453
    endloop
  endfacet
  facet normal -0.966146 0 -0.257996
    outer loop
      vertex -300.219 -272.5 62.0791
      vertex -300.489 -227.5 63.0902
      vertex -300.219 -227.5 62.0791
    endloop
  endfacet
  facet normal -0.966146 -0 -0.257996
    outer loop
      vertex -300.489 -227.5 63.0902
      vertex -300.219 -272.5 62.0791
      vertex -300.489 -272.5 63.0902
    endloop
  endfacet
  facet normal -0.838721 0 -0.544562
    outer loop
      vertex -301.34 -272.5 65
      vertex -301.91 -227.5 65.8779
      vertex -301.34 -227.5 65
    endloop
  endfacet
  facet normal -0.838721 -0 -0.544562
    outer loop
      vertex -301.91 -227.5 65.8779
      vertex -301.34 -272.5 65
      vertex -301.91 -272.5 65.8779
    endloop
  endfacet
  facet normal 0.0523682 0 -0.998628
    outer loop
      vertex -311.045 -272.5 69.9452
      vertex -310 -227.5 70
      vertex -310 -272.5 70
    endloop
  endfacet
  facet normal 0.0523682 0 -0.998628
    outer loop
      vertex -310 -227.5 70
      vertex -311.045 -272.5 69.9452
      vertex -311.045 -227.5 69.9452
    endloop
  endfacet
  facet normal -0.998619 0 0.0525438
    outer loop
      vertex -300.055 -272.5 58.9547
      vertex -300 -227.5 60
      vertex -300.055 -227.5 58.9547
    endloop
  endfacet
  facet normal -0.998619 0 0.0525438
    outer loop
      vertex -300 -227.5 60
      vertex -300.055 -272.5 58.9547
      vertex -300 -272.5 60
    endloop
  endfacet
  facet normal -0.776996 0 -0.629506
    outer loop
      vertex -301.91 -272.5 65.8779
      vertex -302.569 -227.5 66.6913
      vertex -301.91 -227.5 65.8779
    endloop
  endfacet
  facet normal -0.776996 -0 -0.629506
    outer loop
      vertex -302.569 -227.5 66.6913
      vertex -301.91 -272.5 65.8779
      vertex -302.569 -272.5 66.6913
    endloop
  endfacet
  facet normal 0.98765 -0 0.156679
    outer loop
      vertex -319.945 -272.5 58.9547
      vertex -319.781 -227.5 57.9209
      vertex -319.945 -227.5 58.9547
    endloop
  endfacet
  facet normal 0.98765 0 0.156679
    outer loop
      vertex -319.781 -227.5 57.9209
      vertex -319.945 -272.5 58.9547
      vertex -319.781 -272.5 57.9209
    endloop
  endfacet
  facet normal 0.891077 0 -0.453851
    outer loop
      vertex -318.66 -272.5 65
      vertex -319.135 -227.5 64.0674
      vertex -318.66 -227.5 65
    endloop
  endfacet
  facet normal 0.891077 0 -0.453851
    outer loop
      vertex -319.135 -227.5 64.0674
      vertex -318.66 -272.5 65
      vertex -319.135 -272.5 64.0674
    endloop
  endfacet
  facet normal -0.258822 0 -0.965925
    outer loop
      vertex -307.921 -272.5 69.7815
      vertex -306.91 -227.5 69.5106
      vertex -306.91 -272.5 69.5106
    endloop
  endfacet
  facet normal -0.258822 0 -0.965925
    outer loop
      vertex -306.91 -227.5 69.5106
      vertex -307.921 -272.5 69.7815
      vertex -307.921 -227.5 69.7815
    endloop
  endfacet
  facet normal -0.358422 0 -0.93356
    outer loop
      vertex -306.91 -272.5 69.5106
      vertex -305.933 -227.5 69.1355
      vertex -305.933 -272.5 69.1355
    endloop
  endfacet
  facet normal -0.358422 0 -0.93356
    outer loop
      vertex -305.933 -227.5 69.1355
      vertex -306.91 -272.5 69.5106
      vertex -306.91 -227.5 69.5106
    endloop
  endfacet
  facet normal 0.966146 -0 0.257996
    outer loop
      vertex -319.781 -272.5 57.9209
      vertex -319.511 -227.5 56.9098
      vertex -319.781 -227.5 57.9209
    endloop
  endfacet
  facet normal 0.966146 0 0.257996
    outer loop
      vertex -319.511 -227.5 56.9098
      vertex -319.781 -272.5 57.9209
      vertex -319.511 -272.5 56.9098
    endloop
  endfacet
  facet normal -0.629578 0 -0.776938
    outer loop
      vertex -304.122 -272.5 68.0902
      vertex -303.309 -227.5 67.4314
      vertex -303.309 -272.5 67.4314
    endloop
  endfacet
  facet normal -0.629578 0 -0.776938
    outer loop
      vertex -303.309 -227.5 67.4314
      vertex -304.122 -272.5 68.0902
      vertex -304.122 -227.5 68.0902
    endloop
  endfacet
  facet normal -0.358422 0 0.93356
    outer loop
      vertex -306.91 -227.5 50.4894
      vertex -305.933 -272.5 50.8645
      vertex -305.933 -227.5 50.8645
    endloop
  endfacet
  facet normal -0.358422 0 0.93356
    outer loop
      vertex -305.933 -272.5 50.8645
      vertex -306.91 -227.5 50.4894
      vertex -306.91 -272.5 50.4894
    endloop
  endfacet
  facet normal 0.776996 0 -0.629506
    outer loop
      vertex -317.431 -272.5 66.6913
      vertex -318.09 -227.5 65.8779
      vertex -317.431 -227.5 66.6913
    endloop
  endfacet
  facet normal 0.776996 0 -0.629506
    outer loop
      vertex -318.09 -227.5 65.8779
      vertex -317.431 -272.5 66.6913
      vertex -318.09 -272.5 65.8779
    endloop
  endfacet
  facet normal 0.258822 0 -0.965925
    outer loop
      vertex -313.09 -272.5 69.5106
      vertex -312.079 -227.5 69.7815
      vertex -312.079 -272.5 69.7815
    endloop
  endfacet
  facet normal 0.258822 0 -0.965925
    outer loop
      vertex -312.079 -227.5 69.7815
      vertex -313.09 -272.5 69.5106
      vertex -313.09 -227.5 69.5106
    endloop
  endfacet
  facet normal 0.707155 0 -0.707059
    outer loop
      vertex -316.691 -272.5 67.4314
      vertex -317.431 -227.5 66.6913
      vertex -316.691 -227.5 67.4314
    endloop
  endfacet
  facet normal 0.707155 0 -0.707059
    outer loop
      vertex -317.431 -227.5 66.6913
      vertex -316.691 -272.5 67.4314
      vertex -317.431 -272.5 66.6913
    endloop
  endfacet
  facet normal 0.544585 0 -0.838705
    outer loop
      vertex -315.878 -272.5 68.0902
      vertex -315 -227.5 68.6603
      vertex -315 -272.5 68.6603
    endloop
  endfacet
  facet normal 0.544585 0 -0.838705
    outer loop
      vertex -315 -227.5 68.6603
      vertex -315.878 -272.5 68.0902
      vertex -315.878 -227.5 68.0902
    endloop
  endfacet
  facet normal -0.966146 0 0.257996
    outer loop
      vertex -300.489 -272.5 56.9098
      vertex -300.219 -227.5 57.9209
      vertex -300.489 -227.5 56.9098
    endloop
  endfacet
  facet normal -0.966146 0 0.257996
    outer loop
      vertex -300.219 -227.5 57.9209
      vertex -300.489 -272.5 56.9098
      vertex -300.219 -272.5 57.9209
    endloop
  endfacet
  facet normal -0.0523682 0 0.998628
    outer loop
      vertex -310 -227.5 50
      vertex -308.955 -272.5 50.0548
      vertex -308.955 -227.5 50.0548
    endloop
  endfacet
  facet normal -0.0523682 0 0.998628
    outer loop
      vertex -308.955 -272.5 50.0548
      vertex -310 -227.5 50
      vertex -310 -272.5 50
    endloop
  endfacet
  facet normal -0.544585 0 -0.838705
    outer loop
      vertex -305 -272.5 68.6603
      vertex -304.122 -227.5 68.0902
      vertex -304.122 -272.5 68.0902
    endloop
  endfacet
  facet normal -0.544585 0 -0.838705
    outer loop
      vertex -304.122 -227.5 68.0902
      vertex -305 -272.5 68.6603
      vertex -305 -227.5 68.6603
    endloop
  endfacet
  facet normal 0.838721 -0 0.544562
    outer loop
      vertex -318.66 -272.5 55
      vertex -318.09 -227.5 54.1221
      vertex -318.66 -227.5 55
    endloop
  endfacet
  facet normal 0.838721 0 0.544562
    outer loop
      vertex -318.09 -227.5 54.1221
      vertex -318.66 -272.5 55
      vertex -318.09 -272.5 54.1221
    endloop
  endfacet
  facet normal -0.15637 0 0.987699
    outer loop
      vertex -308.955 -227.5 50.0548
      vertex -307.921 -272.5 50.2185
      vertex -307.921 -227.5 50.2185
    endloop
  endfacet
  facet normal -0.15637 0 0.987699
    outer loop
      vertex -307.921 -272.5 50.2185
      vertex -308.955 -227.5 50.0548
      vertex -308.955 -272.5 50.0548
    endloop
  endfacet
  facet normal 0.15637 0 0.987699
    outer loop
      vertex -312.079 -227.5 50.2185
      vertex -311.045 -272.5 50.0548
      vertex -311.045 -227.5 50.0548
    endloop
  endfacet
  facet normal 0.15637 0 0.987699
    outer loop
      vertex -311.045 -272.5 50.0548
      vertex -312.079 -227.5 50.2185
      vertex -312.079 -272.5 50.2185
    endloop
  endfacet
  facet normal 0.453849 0 -0.891079
    outer loop
      vertex -315 -272.5 68.6603
      vertex -314.067 -227.5 69.1355
      vertex -314.067 -272.5 69.1355
    endloop
  endfacet
  facet normal 0.453849 0 -0.891079
    outer loop
      vertex -314.067 -227.5 69.1355
      vertex -315 -272.5 68.6603
      vertex -315 -227.5 68.6603
    endloop
  endfacet
  facet normal 0.453849 0 0.891079
    outer loop
      vertex -315 -227.5 51.3397
      vertex -314.067 -272.5 50.8645
      vertex -314.067 -227.5 50.8645
    endloop
  endfacet
  facet normal 0.453849 0 0.891079
    outer loop
      vertex -314.067 -272.5 50.8645
      vertex -315 -227.5 51.3397
      vertex -315 -272.5 51.3397
    endloop
  endfacet
  facet normal 0.358422 0 -0.93356
    outer loop
      vertex -314.067 -272.5 69.1355
      vertex -313.09 -227.5 69.5106
      vertex -313.09 -272.5 69.5106
    endloop
  endfacet
  facet normal 0.358422 0 -0.93356
    outer loop
      vertex -313.09 -227.5 69.5106
      vertex -314.067 -272.5 69.1355
      vertex -314.067 -227.5 69.1355
    endloop
  endfacet
  facet normal -0.453849 0 -0.891079
    outer loop
      vertex -305.933 -272.5 69.1355
      vertex -305 -227.5 68.6603
      vertex -305 -272.5 68.6603
    endloop
  endfacet
  facet normal -0.453849 0 -0.891079
    outer loop
      vertex -305 -227.5 68.6603
      vertex -305.933 -272.5 69.1355
      vertex -305.933 -227.5 69.1355
    endloop
  endfacet
  facet normal -0.891077 0 0.453851
    outer loop
      vertex -301.34 -272.5 55
      vertex -300.865 -227.5 55.9326
      vertex -301.34 -227.5 55
    endloop
  endfacet
  facet normal -0.891077 0 0.453851
    outer loop
      vertex -300.865 -227.5 55.9326
      vertex -301.34 -272.5 55
      vertex -300.865 -272.5 55.9326
    endloop
  endfacet
  facet normal -0.707155 0 -0.707059
    outer loop
      vertex -302.569 -272.5 66.6913
      vertex -303.309 -227.5 67.4314
      vertex -302.569 -227.5 66.6913
    endloop
  endfacet
  facet normal -0.707155 -0 -0.707059
    outer loop
      vertex -303.309 -227.5 67.4314
      vertex -302.569 -272.5 66.6913
      vertex -303.309 -272.5 67.4314
    endloop
  endfacet
  facet normal 0.629578 0 0.776938
    outer loop
      vertex -316.691 -227.5 52.5686
      vertex -315.878 -272.5 51.9098
      vertex -315.878 -227.5 51.9098
    endloop
  endfacet
  facet normal 0.629578 0 0.776938
    outer loop
      vertex -315.878 -272.5 51.9098
      vertex -316.691 -227.5 52.5686
      vertex -316.691 -272.5 52.5686
    endloop
  endfacet
  facet normal -0.838721 0 0.544562
    outer loop
      vertex -301.91 -272.5 54.1221
      vertex -301.34 -227.5 55
      vertex -301.91 -227.5 54.1221
    endloop
  endfacet
  facet normal -0.838721 0 0.544562
    outer loop
      vertex -301.34 -227.5 55
      vertex -301.91 -272.5 54.1221
      vertex -301.34 -272.5 55
    endloop
  endfacet
  facet normal -0.453849 0 0.891079
    outer loop
      vertex -305.933 -227.5 50.8645
      vertex -305 -272.5 51.3397
      vertex -305 -227.5 51.3397
    endloop
  endfacet
  facet normal -0.453849 0 0.891079
    outer loop
      vertex -305 -272.5 51.3397
      vertex -305.933 -227.5 50.8645
      vertex -305.933 -272.5 50.8645
    endloop
  endfacet
  facet normal 0.15637 0 -0.987699
    outer loop
      vertex -312.079 -272.5 69.7815
      vertex -311.045 -227.5 69.9452
      vertex -311.045 -272.5 69.9452
    endloop
  endfacet
  facet normal 0.15637 0 -0.987699
    outer loop
      vertex -311.045 -227.5 69.9452
      vertex -312.079 -272.5 69.7815
      vertex -312.079 -227.5 69.7815
    endloop
  endfacet
  facet normal -0.933296 0 -0.359107
    outer loop
      vertex -300.489 -272.5 63.0902
      vertex -300.865 -227.5 64.0674
      vertex -300.489 -227.5 63.0902
    endloop
  endfacet
  facet normal -0.933296 -0 -0.359107
    outer loop
      vertex -300.865 -227.5 64.0674
      vertex -300.489 -272.5 63.0902
      vertex -300.865 -272.5 64.0674
    endloop
  endfacet
  facet normal -0.776996 0 0.629506
    outer loop
      vertex -302.569 -272.5 53.3087
      vertex -301.91 -227.5 54.1221
      vertex -302.569 -227.5 53.3087
    endloop
  endfacet
  facet normal -0.776996 0 0.629506
    outer loop
      vertex -301.91 -227.5 54.1221
      vertex -302.569 -272.5 53.3087
      vertex -301.91 -272.5 54.1221
    endloop
  endfacet
  facet normal 0.98765 0 -0.156679
    outer loop
      vertex -319.781 -272.5 62.0791
      vertex -319.945 -227.5 61.0453
      vertex -319.781 -227.5 62.0791
    endloop
  endfacet
  facet normal 0.98765 0 -0.156679
    outer loop
      vertex -319.945 -227.5 61.0453
      vertex -319.781 -272.5 62.0791
      vertex -319.945 -272.5 61.0453
    endloop
  endfacet
  facet normal -0.0523682 0 -0.998628
    outer loop
      vertex -310 -272.5 70
      vertex -308.955 -227.5 69.9452
      vertex -308.955 -272.5 69.9452
    endloop
  endfacet
  facet normal -0.0523682 0 -0.998628
    outer loop
      vertex -308.955 -227.5 69.9452
      vertex -310 -272.5 70
      vertex -310 -227.5 70
    endloop
  endfacet
  facet normal -0.891077 0 -0.453851
    outer loop
      vertex -300.865 -272.5 64.0674
      vertex -301.34 -227.5 65
      vertex -300.865 -227.5 64.0674
    endloop
  endfacet
  facet normal -0.891077 -0 -0.453851
    outer loop
      vertex -301.34 -227.5 65
      vertex -300.865 -272.5 64.0674
      vertex -301.34 -272.5 65
    endloop
  endfacet
  facet normal 0.838721 0 -0.544562
    outer loop
      vertex -318.09 -272.5 65.8779
      vertex -318.66 -227.5 65
      vertex -318.09 -227.5 65.8779
    endloop
  endfacet
  facet normal 0.838721 0 -0.544562
    outer loop
      vertex -318.66 -227.5 65
      vertex -318.09 -272.5 65.8779
      vertex -318.66 -272.5 65
    endloop
  endfacet
  facet normal 0.629578 0 -0.776938
    outer loop
      vertex -316.691 -272.5 67.4314
      vertex -315.878 -227.5 68.0902
      vertex -315.878 -272.5 68.0902
    endloop
  endfacet
  facet normal 0.629578 0 -0.776938
    outer loop
      vertex -315.878 -227.5 68.0902
      vertex -316.691 -272.5 67.4314
      vertex -316.691 -227.5 67.4314
    endloop
  endfacet
  facet normal 0.933296 -0 0.359107
    outer loop
      vertex -319.511 -272.5 56.9098
      vertex -319.135 -227.5 55.9326
      vertex -319.511 -227.5 56.9098
    endloop
  endfacet
  facet normal 0.933296 0 0.359107
    outer loop
      vertex -319.135 -227.5 55.9326
      vertex -319.511 -272.5 56.9098
      vertex -319.135 -272.5 55.9326
    endloop
  endfacet
  facet normal 0.933296 0 -0.359107
    outer loop
      vertex -319.135 -272.5 64.0674
      vertex -319.511 -227.5 63.0902
      vertex -319.135 -227.5 64.0674
    endloop
  endfacet
  facet normal 0.933296 0 -0.359107
    outer loop
      vertex -319.511 -227.5 63.0902
      vertex -319.135 -272.5 64.0674
      vertex -319.511 -272.5 63.0902
    endloop
  endfacet
  facet normal 0.891077 -0 0.453851
    outer loop
      vertex -319.135 -272.5 55.9326
      vertex -318.66 -227.5 55
      vertex -319.135 -227.5 55.9326
    endloop
  endfacet
  facet normal 0.891077 0 0.453851
    outer loop
      vertex -318.66 -227.5 55
      vertex -319.135 -272.5 55.9326
      vertex -318.66 -272.5 55
    endloop
  endfacet
  facet normal -0.258822 0 0.965925
    outer loop
      vertex -307.921 -227.5 50.2185
      vertex -306.91 -272.5 50.4894
      vertex -306.91 -227.5 50.4894
    endloop
  endfacet
  facet normal -0.258822 0 0.965925
    outer loop
      vertex -306.91 -272.5 50.4894
      vertex -307.921 -227.5 50.2185
      vertex -307.921 -272.5 50.2185
    endloop
  endfacet
  facet normal -0.629578 0 0.776938
    outer loop
      vertex -304.122 -227.5 51.9098
      vertex -303.309 -272.5 52.5686
      vertex -303.309 -227.5 52.5686
    endloop
  endfacet
  facet normal -0.629578 0 0.776938
    outer loop
      vertex -303.309 -272.5 52.5686
      vertex -304.122 -227.5 51.9098
      vertex -304.122 -272.5 51.9098
    endloop
  endfacet
  facet normal 0.258822 0 0.965925
    outer loop
      vertex -313.09 -227.5 50.4894
      vertex -312.079 -272.5 50.2185
      vertex -312.079 -227.5 50.2185
    endloop
  endfacet
  facet normal 0.258822 0 0.965925
    outer loop
      vertex -312.079 -272.5 50.2185
      vertex -313.09 -227.5 50.4894
      vertex -313.09 -272.5 50.4894
    endloop
  endfacet
  facet normal 0.998619 -0 0.0525438
    outer loop
      vertex -320 -272.5 60
      vertex -319.945 -227.5 58.9547
      vertex -320 -227.5 60
    endloop
  endfacet
  facet normal 0.998619 0 0.0525438
    outer loop
      vertex -319.945 -227.5 58.9547
      vertex -320 -272.5 60
      vertex -319.945 -272.5 58.9547
    endloop
  endfacet
  facet normal -0.15637 0 -0.987699
    outer loop
      vertex -308.955 -272.5 69.9452
      vertex -307.921 -227.5 69.7815
      vertex -307.921 -272.5 69.7815
    endloop
  endfacet
  facet normal -0.15637 0 -0.987699
    outer loop
      vertex -307.921 -227.5 69.7815
      vertex -308.955 -272.5 69.9452
      vertex -308.955 -227.5 69.9452
    endloop
  endfacet
  facet normal 0.776996 -0 0.629506
    outer loop
      vertex -318.09 -272.5 54.1221
      vertex -317.431 -227.5 53.3087
      vertex -318.09 -227.5 54.1221
    endloop
  endfacet
  facet normal 0.776996 0 0.629506
    outer loop
      vertex -317.431 -227.5 53.3087
      vertex -318.09 -272.5 54.1221
      vertex -317.431 -272.5 53.3087
    endloop
  endfacet
  facet normal 0.966146 0 -0.257996
    outer loop
      vertex -319.511 -272.5 63.0902
      vertex -319.781 -227.5 62.0791
      vertex -319.511 -227.5 63.0902
    endloop
  endfacet
  facet normal 0.966146 0 -0.257996
    outer loop
      vertex -319.781 -227.5 62.0791
      vertex -319.511 -272.5 63.0902
      vertex -319.781 -272.5 62.0791
    endloop
  endfacet
  facet normal 0.707155 -0 0.707059
    outer loop
      vertex -317.431 -272.5 53.3087
      vertex -316.691 -227.5 52.5686
      vertex -317.431 -227.5 53.3087
    endloop
  endfacet
  facet normal 0.707155 0 0.707059
    outer loop
      vertex -316.691 -227.5 52.5686
      vertex -317.431 -272.5 53.3087
      vertex -316.691 -272.5 52.5686
    endloop
  endfacet
  facet normal -0.544585 0 0.838705
    outer loop
      vertex -305 -227.5 51.3397
      vertex -304.122 -272.5 51.9098
      vertex -304.122 -227.5 51.9098
    endloop
  endfacet
  facet normal -0.544585 0 0.838705
    outer loop
      vertex -304.122 -272.5 51.9098
      vertex -305 -227.5 51.3397
      vertex -305 -272.5 51.3397
    endloop
  endfacet
  facet normal -0.933296 0 0.359107
    outer loop
      vertex -300.865 -272.5 55.9326
      vertex -300.489 -227.5 56.9098
      vertex -300.865 -227.5 55.9326
    endloop
  endfacet
  facet normal -0.933296 0 0.359107
    outer loop
      vertex -300.489 -227.5 56.9098
      vertex -300.865 -272.5 55.9326
      vertex -300.489 -272.5 56.9098
    endloop
  endfacet
  facet normal 0.358422 0 0.93356
    outer loop
      vertex -314.067 -227.5 50.8645
      vertex -313.09 -272.5 50.4894
      vertex -313.09 -227.5 50.4894
    endloop
  endfacet
  facet normal 0.358422 0 0.93356
    outer loop
      vertex -313.09 -272.5 50.4894
      vertex -314.067 -227.5 50.8645
      vertex -314.067 -272.5 50.8645
    endloop
  endfacet
  facet normal 0.0523682 0 0.998628
    outer loop
      vertex -311.045 -227.5 50.0548
      vertex -310 -272.5 50
      vertex -310 -227.5 50
    endloop
  endfacet
  facet normal 0.0523682 0 0.998628
    outer loop
      vertex -310 -272.5 50
      vertex -311.045 -227.5 50.0548
      vertex -311.045 -272.5 50.0548
    endloop
  endfacet
  facet normal 0.998619 0 -0.0525438
    outer loop
      vertex -319.945 -272.5 61.0453
      vertex -320 -227.5 60
      vertex -319.945 -227.5 61.0453
    endloop
  endfacet
  facet normal 0.998619 0 -0.0525438
    outer loop
      vertex -320 -227.5 60
      vertex -319.945 -272.5 61.0453
      vertex -320 -272.5 60
    endloop
  endfacet
  facet normal 0.544585 0 0.838705
    outer loop
      vertex -315.878 -227.5 51.9098
      vertex -315 -272.5 51.3397
      vertex -315 -227.5 51.3397
    endloop
  endfacet
  facet normal 0.544585 0 0.838705
    outer loop
      vertex -315 -272.5 51.3397
      vertex -315.878 -227.5 51.9098
      vertex -315.878 -272.5 51.9098
    endloop
  endfacet
  facet normal -0.707155 0 0.707059
    outer loop
      vertex -303.309 -272.5 52.5686
      vertex -302.569 -227.5 53.3087
      vertex -303.309 -227.5 52.5686
    endloop
  endfacet
  facet normal -0.707155 0 0.707059
    outer loop
      vertex -302.569 -227.5 53.3087
      vertex -303.309 -272.5 52.5686
      vertex -302.569 -272.5 53.3087
    endloop
  endfacet
  facet normal -0.555055 -0.831814 0
    outer loop
      vertex -353.536 -253.536 120.5
      vertex -351.913 -254.619 129.5
      vertex -353.536 -253.536 129.5
    endloop
  endfacet
  facet normal -0.555055 -0.831814 -0
    outer loop
      vertex -351.913 -254.619 129.5
      vertex -353.536 -253.536 120.5
      vertex -351.913 -254.619 120.5
    endloop
  endfacet
  facet normal 0.831814 -0.555055 0
    outer loop
      vertex -346.464 -253.536 129.5
      vertex -345.381 -251.913 120.5
      vertex -345.381 -251.913 129.5
    endloop
  endfacet
  facet normal 0.831814 -0.555055 0
    outer loop
      vertex -345.381 -251.913 120.5
      vertex -346.464 -253.536 129.5
      vertex -346.464 -253.536 120.5
    endloop
  endfacet
  facet normal 0.980738 -0.195327 0
    outer loop
      vertex -345.381 -251.913 129.5
      vertex -345 -250 120.5
      vertex -345 -250 129.5
    endloop
  endfacet
  facet normal 0.980738 -0.195327 0
    outer loop
      vertex -345 -250 120.5
      vertex -345.381 -251.913 129.5
      vertex -345.381 -251.913 120.5
    endloop
  endfacet
  facet normal -0.831814 -0.555055 0
    outer loop
      vertex -353.536 -253.536 120.5
      vertex -354.619 -251.913 129.5
      vertex -354.619 -251.913 120.5
    endloop
  endfacet
  facet normal -0.831814 -0.555055 0
    outer loop
      vertex -354.619 -251.913 129.5
      vertex -353.536 -253.536 120.5
      vertex -353.536 -253.536 129.5
    endloop
  endfacet
  facet normal -0.195327 0.980738 0
    outer loop
      vertex -350 -245 120.5
      vertex -351.913 -245.381 129.5
      vertex -350 -245 129.5
    endloop
  endfacet
  facet normal -0.195327 0.980738 0
    outer loop
      vertex -351.913 -245.381 129.5
      vertex -350 -245 120.5
      vertex -351.913 -245.381 120.5
    endloop
  endfacet
  facet normal 0.195327 0.980738 -0
    outer loop
      vertex -348.087 -245.381 120.5
      vertex -350 -245 129.5
      vertex -348.087 -245.381 129.5
    endloop
  endfacet
  facet normal 0.195327 0.980738 0
    outer loop
      vertex -350 -245 129.5
      vertex -348.087 -245.381 120.5
      vertex -350 -245 120.5
    endloop
  endfacet
  facet normal 0.555055 0.831814 -0
    outer loop
      vertex -346.464 -246.464 120.5
      vertex -348.087 -245.381 129.5
      vertex -346.464 -246.464 129.5
    endloop
  endfacet
  facet normal 0.555055 0.831814 0
    outer loop
      vertex -348.087 -245.381 129.5
      vertex -346.464 -246.464 120.5
      vertex -348.087 -245.381 120.5
    endloop
  endfacet
  facet normal 0.831814 0.555055 0
    outer loop
      vertex -345.381 -248.087 129.5
      vertex -346.464 -246.464 120.5
      vertex -346.464 -246.464 129.5
    endloop
  endfacet
  facet normal 0.831814 0.555055 0
    outer loop
      vertex -346.464 -246.464 120.5
      vertex -345.381 -248.087 129.5
      vertex -345.381 -248.087 120.5
    endloop
  endfacet
  facet normal -0.980738 -0.195327 0
    outer loop
      vertex -354.619 -251.913 120.5
      vertex -355 -250 129.5
      vertex -355 -250 120.5
    endloop
  endfacet
  facet normal -0.980738 -0.195327 0
    outer loop
      vertex -355 -250 129.5
      vertex -354.619 -251.913 120.5
      vertex -354.619 -251.913 129.5
    endloop
  endfacet
  facet normal 0.980738 0.195327 0
    outer loop
      vertex -345 -250 129.5
      vertex -345.381 -248.087 120.5
      vertex -345.381 -248.087 129.5
    endloop
  endfacet
  facet normal 0.980738 0.195327 0
    outer loop
      vertex -345.381 -248.087 120.5
      vertex -345 -250 129.5
      vertex -345 -250 120.5
    endloop
  endfacet
  facet normal -0.195327 -0.980738 0
    outer loop
      vertex -351.913 -254.619 120.5
      vertex -350 -255 129.5
      vertex -351.913 -254.619 129.5
    endloop
  endfacet
  facet normal -0.195327 -0.980738 -0
    outer loop
      vertex -350 -255 129.5
      vertex -351.913 -254.619 120.5
      vertex -350 -255 120.5
    endloop
  endfacet
  facet normal 0.195327 -0.980738 0
    outer loop
      vertex -350 -255 120.5
      vertex -348.087 -254.619 129.5
      vertex -350 -255 129.5
    endloop
  endfacet
  facet normal 0.195327 -0.980738 0
    outer loop
      vertex -348.087 -254.619 129.5
      vertex -350 -255 120.5
      vertex -348.087 -254.619 120.5
    endloop
  endfacet
  facet normal 0.555055 -0.831814 0
    outer loop
      vertex -348.087 -254.619 120.5
      vertex -346.464 -253.536 129.5
      vertex -348.087 -254.619 129.5
    endloop
  endfacet
  facet normal 0.555055 -0.831814 0
    outer loop
      vertex -346.464 -253.536 129.5
      vertex -348.087 -254.619 120.5
      vertex -346.464 -253.536 120.5
    endloop
  endfacet
  facet normal -0.831814 0.555055 0
    outer loop
      vertex -354.619 -248.087 120.5
      vertex -353.536 -246.464 129.5
      vertex -353.536 -246.464 120.5
    endloop
  endfacet
  facet normal -0.831814 0.555055 0
    outer loop
      vertex -353.536 -246.464 129.5
      vertex -354.619 -248.087 120.5
      vertex -354.619 -248.087 129.5
    endloop
  endfacet
  facet normal -0.980738 0.195327 0
    outer loop
      vertex -355 -250 120.5
      vertex -354.619 -248.087 129.5
      vertex -354.619 -248.087 120.5
    endloop
  endfacet
  facet normal -0.980738 0.195327 0
    outer loop
      vertex -354.619 -248.087 129.5
      vertex -355 -250 120.5
      vertex -355 -250 129.5
    endloop
  endfacet
  facet normal -0.555055 0.831814 0
    outer loop
      vertex -351.913 -245.381 120.5
      vertex -353.536 -246.464 129.5
      vertex -351.913 -245.381 129.5
    endloop
  endfacet
  facet normal -0.555055 0.831814 0
    outer loop
      vertex -353.536 -246.464 129.5
      vertex -351.913 -245.381 120.5
      vertex -353.536 -246.464 120.5
    endloop
  endfacet
  facet normal 1 -0 0
    outer loop
      vertex -300 -280 130.5
      vertex -300 -200 129.5
      vertex -300 -200 130.5
    endloop
  endfacet
  facet normal 1 -0 0
    outer loop
      vertex -300 -280 130
      vertex -300 -200 129.5
      vertex -300 -280 130.5
    endloop
  endfacet
  facet normal 1 0 0
    outer loop
      vertex -300 -300 129.5
      vertex -300 -280 130
      vertex -300 -300 130
    endloop
  endfacet
  facet normal 1 0 0
    outer loop
      vertex -300 -280 130
      vertex -300 -300 129.5
      vertex -300 -200 129.5
    endloop
  endfacet
  facet normal -0 0 1
    outer loop
      vertex -380 -200 130.5
      vertex -300 -280 130.5
      vertex -300 -200 130.5
    endloop
  endfacet
  facet normal 0 0 1
    outer loop
      vertex -300 -280 130.5
      vertex -380 -200 130.5
      vertex -380 -280 130.5
    endloop
  endfacet
  facet normal 0 0 -1
    outer loop
      vertex -300 -300 129.5
      vertex -345 -250 129.5
      vertex -300 -200 129.5
    endloop
  endfacet
  facet normal 0 0 -1
    outer loop
      vertex -300 -300 129.5
      vertex -345.381 -251.913 129.5
      vertex -345 -250 129.5
    endloop
  endfacet
  facet normal 0 0 -1
    outer loop
      vertex -300 -300 129.5
      vertex -346.464 -253.536 129.5
      vertex -345.381 -251.913 129.5
    endloop
  endfacet
  facet normal 0 0 -1
    outer loop
      vertex -300 -300 129.5
      vertex -348.087 -254.619 129.5
      vertex -346.464 -253.536 129.5
    endloop
  endfacet
  facet normal 0 0 -1
    outer loop
      vertex -300 -300 129.5
      vertex -350 -255 129.5
      vertex -348.087 -254.619 129.5
    endloop
  endfacet
  facet normal 0 0 -1
    outer loop
      vertex -400 -300 129.5
      vertex -350 -255 129.5
      vertex -300 -300 129.5
    endloop
  endfacet
  facet normal -0 0 -1
    outer loop
      vertex -350 -255 129.5
      vertex -400 -300 129.5
      vertex -351.913 -254.619 129.5
    endloop
  endfacet
  facet normal -0 0 -1
    outer loop
      vertex -354.619 -251.913 129.5
      vertex -400 -300 129.5
      vertex -355 -250 129.5
    endloop
  endfacet
  facet normal -0 0 -1
    outer loop
      vertex -353.536 -253.536 129.5
      vertex -400 -300 129.5
      vertex -354.619 -251.913 129.5
    endloop
  endfacet
  facet normal -0 0 -1
    outer loop
      vertex -351.913 -254.619 129.5
      vertex -400 -300 129.5
      vertex -353.536 -253.536 129.5
    endloop
  endfacet
  facet normal 0 0 -1
    outer loop
      vertex -345.381 -248.087 129.5
      vertex -300 -200 129.5
      vertex -345 -250 129.5
    endloop
  endfacet
  facet normal 0 0 -1
    outer loop
      vertex -346.464 -246.464 129.5
      vertex -300 -200 129.5
      vertex -345.381 -248.087 129.5
    endloop
  endfacet
  facet normal 0 0 -1
    outer loop
      vertex -348.087 -245.381 129.5
      vertex -300 -200 129.5
      vertex -346.464 -246.464 129.5
    endloop
  endfacet
  facet normal 0 0 -1
    outer loop
      vertex -350 -245 129.5
      vertex -300 -200 129.5
      vertex -348.087 -245.381 129.5
    endloop
  endfacet
  facet normal 0 0 -1
    outer loop
      vertex -400 -200 129.5
      vertex -350 -245 129.5
      vertex -351.913 -245.381 129.5
    endloop
  endfacet
  facet normal 0 0 -1
    outer loop
      vertex -400 -200 129.5
      vertex -351.913 -245.381 129.5
      vertex -353.536 -246.464 129.5
    endloop
  endfacet
  facet normal 0 0 -1
    outer loop
      vertex -400 -200 129.5
      vertex -355 -250 129.5
      vertex -400 -300 129.5
    endloop
  endfacet
  facet normal 0 0 -1
    outer loop
      vertex -355 -250 129.5
      vertex -400 -200 129.5
      vertex -354.619 -248.087 129.5
    endloop
  endfacet
  facet normal 0 0 -1
    outer loop
      vertex -350 -245 129.5
      vertex -400 -200 129.5
      vertex -300 -200 129.5
    endloop
  endfacet
  facet normal 0 0 -1
    outer loop
      vertex -354.619 -248.087 129.5
      vertex -400 -200 129.5
      vertex -353.536 -246.464 129.5
    endloop
  endfacet
  facet normal 0 1 0
    outer loop
      vertex -300 -200 130.5
      vertex -380 -200 130
      vertex -380 -200 130.5
    endloop
  endfacet
  facet normal 0 1 -0
    outer loop
      vertex -300 -200 129.5
      vertex -380 -200 130
      vertex -300 -200 130.5
    endloop
  endfacet
  facet normal 0 1 0
    outer loop
      vertex -400 -200 129.5
      vertex -380 -200 130
      vertex -300 -200 129.5
    endloop
  endfacet
  facet normal 0 1 0
    outer loop
      vertex -380 -200 130
      vertex -400 -200 129.5
      vertex -400 -200 130
    endloop
  endfacet
  facet normal 0 -1 0
    outer loop
      vertex -138.7 -250 170
      vertex -250 -250 183
      vertex -250 -250 170
    endloop
  endfacet
  facet normal 0 -1 0
    outer loop
      vertex -118.7 -250 170
      vertex -250 -250 183
      vertex -138.7 -250 170
    endloop
  endfacet
  facet normal 0 -1 0
    outer loop
      vertex -250 -250 183
      vertex -118.7 -250 170
      vertex 250 -250 183
    endloop
  endfacet
  facet normal 0 -1 0
    outer loop
      vertex 118.7 -250 170
      vertex 250 -250 183
      vertex -118.7 -250 170
    endloop
  endfacet
  facet normal 0 -1 0
    outer loop
      vertex 138.7 -250 170
      vertex 250 -250 183
      vertex 118.7 -250 170
    endloop
  endfacet
  facet normal 0 -1 -0
    outer loop
      vertex 250 -250 183
      vertex 138.7 -250 170
      vertex 250 -250 170
    endloop
  endfacet
  facet normal 0 0 1
    outer loop
      vertex 237.5 5 183
      vertex 250 250 183
      vertex 237.5 235 183
    endloop
  endfacet
  facet normal 0 0 1
    outer loop
      vertex 250 250 183
      vertex 62.5 235 183
      vertex 237.5 235 183
    endloop
  endfacet
  facet normal 0 0 1
    outer loop
      vertex -250 250 183
      vertex 62.5 5 183
      vertex 62.5 235 183
    endloop
  endfacet
  facet normal 0 0 1
    outer loop
      vertex 62.5 5 183
      vertex -97 -107 183
      vertex -43 -107 183
    endloop
  endfacet
  facet normal 0 0 1
    outer loop
      vertex -97 -107 183
      vertex -123 -107 183
      vertex -97 -193 183
    endloop
  endfacet
  facet normal 0 -0 1
    outer loop
      vertex -123 -107 183
      vertex 62.5 5 183
      vertex -250 250 183
    endloop
  endfacet
  facet normal 0 0 1
    outer loop
      vertex 62.5 5 183
      vertex -123 -107 183
      vertex -97 -107 183
    endloop
  endfacet
  facet normal 0 0 1
    outer loop
      vertex -250 -250 183
      vertex -177 -107 183
      vertex -250 250 183
    endloop
  endfacet
  facet normal 0 0 1
    outer loop
      vertex -123 -107 183
      vertex -250 250 183
      vertex -177 -107 183
    endloop
  endfacet
  facet normal -0 0 1
    outer loop
      vertex -250 250 183
      vertex 62.5 235 183
      vertex 250 250 183
    endloop
  endfacet
  facet normal 0 0 1
    outer loop
      vertex 250 250 183
      vertex 237.5 5 183
      vertex 250 -250 183
    endloop
  endfacet
  facet normal -0 0 1
    outer loop
      vertex 62.5 5 183
      vertex 250 -250 183
      vertex 237.5 5 183
    endloop
  endfacet
  facet normal 0 0 1
    outer loop
      vertex -43 -193 183
      vertex 62.5 5 183
      vertex -43 -107 183
    endloop
  endfacet
  facet normal 0 0 1
    outer loop
      vertex 62.5 5 183
      vertex -43 -193 183
      vertex 250 -250 183
    endloop
  endfacet
  facet normal 0 0 1
    outer loop
      vertex -250 -250 183
      vertex -43 -193 183
      vertex -97 -193 183
    endloop
  endfacet
  facet normal 0 0 1
    outer loop
      vertex -123 -193 183
      vertex -97 -193 183
      vertex -123 -107 183
    endloop
  endfacet
  facet normal 0 0 1
    outer loop
      vertex -250 -250 183
      vertex -97 -193 183
      vertex -123 -193 183
    endloop
  endfacet
  facet normal 0 0 1
    outer loop
      vertex -250 -250 183
      vertex -123 -193 183
      vertex -177 -193 183
    endloop
  endfacet
  facet normal 0 0 1
    outer loop
      vertex -43 -193 183
      vertex -250 -250 183
      vertex 250 -250 183
    endloop
  endfacet
  facet normal 0 0 1
    outer loop
      vertex -177 -107 183
      vertex -250 -250 183
      vertex -177 -193 183
    endloop
  endfacet
  facet normal 0 1 0
    outer loop
      vertex 138.7 250 170
      vertex 250 250 183
      vertex 250 250 170
    endloop
  endfacet
  facet normal 0 1 0
    outer loop
      vertex 118.7 250 170
      vertex 250 250 183
      vertex 138.7 250 170
    endloop
  endfacet
  facet normal 0 1 0
    outer loop
      vertex 250 250 183
      vertex 118.7 250 170
      vertex -250 250 183
    endloop
  endfacet
  facet normal 0 1 -0
    outer loop
      vertex -118.7 250 170
      vertex -250 250 183
      vertex 118.7 250 170
    endloop
  endfacet
  facet normal 0 1 -0
    outer loop
      vertex -138.7 250 170
      vertex -250 250 183
      vertex -118.7 250 170
    endloop
  endfacet
  facet normal 0 1 0
    outer loop
      vertex -250 250 183
      vertex -138.7 250 170
      vertex -250 250 170
    endloop
  endfacet
  facet normal -1 0 0
    outer loop
      vertex -250 -100 170
      vertex -250 -250 170
      vertex -250 -100 181
    endloop
  endfacet
  facet normal -1 0 0
    outer loop
      vertex -250 100 181
      vertex -250 250 170
      vertex -250 100 170
    endloop
  endfacet
  facet normal -1 0 0
    outer loop
      vertex -250 250 170
      vertex -250 100 181
      vertex -250 250 183
    endloop
  endfacet
  facet normal -1 0 0
    outer loop
      vertex -250 -100 181
      vertex -250 250 183
      vertex -250 100 181
    endloop
  endfacet
  facet normal -1 0 0
    outer loop
      vertex -250 -100 181
      vertex -250 -250 183
      vertex -250 250 183
    endloop
  endfacet
  facet normal -1 0 0
    outer loop
      vertex -250 -250 183
      vertex -250 -100 181
      vertex -250 -250 170
    endloop
  endfacet
  facet normal 1 0 0
    outer loop
      vertex 250 250 183
      vertex 250 100 181
      vertex 250 250 170
    endloop
  endfacet
  facet normal 1 0 0
    outer loop
      vertex 250 250 183
      vertex 250 -100 181
      vertex 250 100 181
    endloop
  endfacet
  facet normal 1 -0 0
    outer loop
      vertex 250 -250 183
      vertex 250 -100 181
      vertex 250 250 183
    endloop
  endfacet
  facet normal 1 0 0
    outer loop
      vertex 250 -250 170
      vertex 250 -100 181
      vertex 250 -250 183
    endloop
  endfacet
  facet normal 1 0 0
    outer loop
      vertex 250 -100 181
      vertex 250 -250 170
      vertex 250 -100 170
    endloop
  endfacet
  facet normal 1 0 0
    outer loop
      vertex 250 250 170
      vertex 250 100 181
      vertex 250 100 170
    endloop
  endfacet
  facet normal 0 1 0
    outer loop
      vertex 138.7 -100 170
      vertex 250 -100 181
      vertex 250 -100 170
    endloop
  endfacet
  facet normal 0 1 0
    outer loop
      vertex 118.7 -100 170
      vertex 250 -100 181
      vertex 138.7 -100 170
    endloop
  endfacet
  facet normal 0 1 0
    outer loop
      vertex 250 -100 181
      vertex 118.7 -100 170
      vertex -250 -100 181
    endloop
  endfacet
  facet normal 0 1 -0
    outer loop
      vertex -118.7 -100 170
      vertex -250 -100 181
      vertex 118.7 -100 170
    endloop
  endfacet
  facet normal 0 1 -0
    outer loop
      vertex -138.7 -100 170
      vertex -250 -100 181
      vertex -118.7 -100 170
    endloop
  endfacet
  facet normal 0 1 0
    outer loop
      vertex -250 -100 181
      vertex -138.7 -100 170
      vertex -250 -100 170
    endloop
  endfacet
  facet normal 0 0 -1
    outer loop
      vertex -250 -100 181
      vertex 250 100 181
      vertex 250 -100 181
    endloop
  endfacet
  facet normal -0 0 -1
    outer loop
      vertex 250 100 181
      vertex -250 -100 181
      vertex -250 100 181
    endloop
  endfacet
  facet normal 0 -1 0
    outer loop
      vertex -138.7 100 170
      vertex -250 100 181
      vertex -250 100 170
    endloop
  endfacet
  facet normal 0 -1 0
    outer loop
      vertex -118.7 100 170
      vertex -250 100 181
      vertex -138.7 100 170
    endloop
  endfacet
  facet normal 0 -1 0
    outer loop
      vertex -250 100 181
      vertex -118.7 100 170
      vertex 250 100 181
    endloop
  endfacet
  facet normal 0 -1 0
    outer loop
      vertex 118.7 100 170
      vertex 250 100 181
      vertex -118.7 100 170
    endloop
  endfacet
  facet normal 0 -1 0
    outer loop
      vertex 138.7 100 170
      vertex 250 100 181
      vertex 118.7 100 170
    endloop
  endfacet
  facet normal 0 -1 -0
    outer loop
      vertex 250 100 181
      vertex 138.7 100 170
      vertex 250 100 170
    endloop
  endfacet
  facet normal 0 -1 0
    outer loop
      vertex 62.5 5 183
      vertex 237.5 5 408
      vertex 62.5 5 408
    endloop
  endfacet
  facet normal 0 -1 -0
    outer loop
      vertex 237.5 5 408
      vertex 62.5 5 183
      vertex 237.5 5 183
    endloop
  endfacet
  facet normal -0 0 1
    outer loop
      vertex 62.5 235 408
      vertex 237.5 5 408
      vertex 237.5 235 408
    endloop
  endfacet
  facet normal 0 0 1
    outer loop
      vertex 237.5 5 408
      vertex 62.5 235 408
      vertex 62.5 5 408
    endloop
  endfacet
  facet normal 0 1 -0
    outer loop
      vertex 237.5 235 183
      vertex 62.5 235 408
      vertex 237.5 235 408
    endloop
  endfacet
  facet normal 0 1 0
    outer loop
      vertex 62.5 235 408
      vertex 237.5 235 183
      vertex 62.5 235 183
    endloop
  endfacet
  facet normal -1 0 0
    outer loop
      vertex 62.5 5 183
      vertex 62.5 235 408
      vertex 62.5 235 183
    endloop
  endfacet
  facet normal -1 -0 0
    outer loop
      vertex 62.5 235 408
      vertex 62.5 5 183
      vertex 62.5 5 408
    endloop
  endfacet
  facet normal 1 -0 0
    outer loop
      vertex 237.5 5 408
      vertex 237.5 235 183
      vertex 237.5 235 408
    endloop
  endfacet
  facet normal 1 0 0
    outer loop
      vertex 237.5 235 183
      vertex 237.5 5 408
      vertex 237.5 5 183
    endloop
  endfacet
  facet normal 0 -1 0
    outer loop
      vertex -177 -193 183
      vertex -123 -193 200
      vertex -177 -193 200
    endloop
  endfacet
  facet normal 0 -1 -0
    outer loop
      vertex -123 -193 200
      vertex -177 -193 183
      vertex -123 -193 183
    endloop
  endfacet
  facet normal -0 0 1
    outer loop
      vertex -177 -107 200
      vertex -123 -193 200
      vertex -123 -107 200
    endloop
  endfacet
  facet normal 0 0 1
    outer loop
      vertex -123 -193 200
      vertex -177 -107 200
      vertex -177 -193 200
    endloop
  endfacet
  facet normal 0 1 -0
    outer loop
      vertex -123 -107 183
      vertex -177 -107 200
      vertex -123 -107 200
    endloop
  endfacet
  facet normal 0 1 0
    outer loop
      vertex -177 -107 200
      vertex -123 -107 183
      vertex -177 -107 183
    endloop
  endfacet
  facet normal -1 0 0
    outer loop
      vertex -177 -193 183
      vertex -177 -107 200
      vertex -177 -107 183
    endloop
  endfacet
  facet normal -1 -0 0
    outer loop
      vertex -177 -107 200
      vertex -177 -193 183
      vertex -177 -193 200
    endloop
  endfacet
  facet normal 1 -0 0
    outer loop
      vertex -123 -193 200
      vertex -123 -107 183
      vertex -123 -107 200
    endloop
  endfacet
  facet normal 1 0 0
    outer loop
      vertex -123 -107 183
      vertex -123 -193 200
      vertex -123 -193 183
    endloop
  endfacet
  facet normal 0 -1 0
    outer loop
      vertex -97 -193 183
      vertex -43 -193 200
      vertex -97 -193 200
    endloop
  endfacet
  facet normal 0 -1 -0
    outer loop
      vertex -43 -193 200
      vertex -97 -193 183
      vertex -43 -193 183
    endloop
  endfacet
  facet normal -0 0 1
    outer loop
      vertex -97 -107 200
      vertex -43 -193 200
      vertex -43 -107 200
    endloop
  endfacet
  facet normal 0 0 1
    outer loop
      vertex -43 -193 200
      vertex -97 -107 200
      vertex -97 -193 200
    endloop
  endfacet
  facet normal 0 1 -0
    outer loop
      vertex -43 -107 183
      vertex -97 -107 200
      vertex -43 -107 200
    endloop
  endfacet
  facet normal 0 1 0
    outer loop
      vertex -97 -107 200
      vertex -43 -107 183
      vertex -97 -107 183
    endloop
  endfacet
  facet normal -1 0 0
    outer loop
      vertex -97 -193 183
      vertex -97 -107 200
      vertex -97 -107 183
    endloop
  endfacet
  facet normal -1 -0 0
    outer loop
      vertex -97 -107 200
      vertex -97 -193 183
      vertex -97 -193 200
    endloop
  endfacet
  facet normal 1 -0 0
    outer loop
      vertex -43 -193 200
      vertex -43 -107 183
      vertex -43 -107 200
    endloop
  endfacet
  facet normal 1 0 0
    outer loop
      vertex -43 -107 183
      vertex -43 -193 200
      vertex -43 -193 183
    endloop
  endfacet
  facet normal 1 0 0
    outer loop
      vertex 400 325 2002
      vertex 400 321 1998
      vertex 400 325 280
    endloop
  endfacet
  facet normal 1 0 0
    outer loop
      vertex 400 325 2002
      vertex 400 -321 1998
      vertex 400 321 1998
    endloop
  endfacet
  facet normal 1 -0 0
    outer loop
      vertex 400 -325 2002
      vertex 400 -321 1998
      vertex 400 325 2002
    endloop
  endfacet
  facet normal 1 0 0
    outer loop
      vertex 400 -325 280
      vertex 400 -321 1998
      vertex 400 -325 2002
    endloop
  endfacet
  facet normal 1 0 0
    outer loop
      vertex 400 -321 1998
      vertex 400 -325 280
      vertex 400 -321 280
    endloop
  endfacet
  facet normal 1 0 0
    outer loop
      vertex 400 325 280
      vertex 400 321 1998
      vertex 400 321 280
    endloop
  endfacet
  facet normal 1 -0 0
    outer loop
      vertex 400 321 180
      vertex 400 325 130
      vertex 400 325 180
    endloop
  endfacet
  facet normal 1 0 0
    outer loop
      vertex 400 325 130
      vertex 400 321 180
      vertex 400 321 130
    endloop
  endfacet
  facet normal 1 -0 0
    outer loop
      vertex 400 -325 180
      vertex 400 -321 130
      vertex 400 -321 180
    endloop
  endfacet
  facet normal 1 0 0
    outer loop
      vertex 400 -321 130
      vertex 400 -325 180
      vertex 400 -325 130
    endloop
  endfacet
  facet normal 0 0 -1
    outer loop
      vertex 300 321 130
      vertex 400 325 130
      vertex 400 321 130
    endloop
  endfacet
  facet normal -0 0 -1
    outer loop
      vertex 400 325 130
      vertex 300 321 130
      vertex 300 325 130
    endloop
  endfacet
  facet normal -1 0 0
    outer loop
      vertex 300 -325 180
      vertex 300 -321 130
      vertex 300 -325 130
    endloop
  endfacet
  facet normal -1 0 0
    outer loop
      vertex 300 321 130
      vertex 300 325 180
      vertex 300 325 130
    endloop
  endfacet
  facet normal -1 -0 0
    outer loop
      vertex 300 325 180
      vertex 300 321 130
      vertex 300 325 280
    endloop
  endfacet
  facet normal -1 -0 0
    outer loop
      vertex 300 325 280
      vertex 300 321 130
      vertex 300 321 1998
    endloop
  endfacet
  facet normal -1 0 0
    outer loop
      vertex 300 325 280
      vertex 300 321 1998
      vertex 300 325 2002
    endloop
  endfacet
  facet normal -1 0 0
    outer loop
      vertex 300 -321 1998
      vertex 300 325 2002
      vertex 300 321 1998
    endloop
  endfacet
  facet normal -1 0 0
    outer loop
      vertex 300 -325 280
      vertex 300 -321 130
      vertex 300 -325 180
    endloop
  endfacet
  facet normal -1 0 0
    outer loop
      vertex 300 -321 130
      vertex 300 -325 280
      vertex 300 -321 1998
    endloop
  endfacet
  facet normal -1 0 0
    outer loop
      vertex 300 -321 1998
      vertex 300 -325 2002
      vertex 300 325 2002
    endloop
  endfacet
  facet normal -1 0 0
    outer loop
      vertex 300 -325 2002
      vertex 300 -321 1998
      vertex 300 -325 280
    endloop
  endfacet
  facet normal -1 0 0
    outer loop
      vertex 300 325 180
      vertex 300 329 280
      vertex 300 329 180
    endloop
  endfacet
  facet normal -1 -0 0
    outer loop
      vertex 300 329 280
      vertex 300 325 180
      vertex 300 325 280
    endloop
  endfacet
  facet normal -1 0 0
    outer loop
      vertex 300 -329 180
      vertex 300 -325 280
      vertex 300 -325 180
    endloop
  endfacet
  facet normal -1 -0 0
    outer loop
      vertex 300 -325 280
      vertex 300 -329 180
      vertex 300 -329 280
    endloop
  endfacet
  facet normal 0 1 -0
    outer loop
      vertex 400 325 280
      vertex 300 325 2002
      vertex 400 325 2002
    endloop
  endfacet
  facet normal 0 1 0
    outer loop
      vertex 300 325 2002
      vertex 400 325 280
      vertex 300 325 280
    endloop
  endfacet
  facet normal 0 1 -0
    outer loop
      vertex 400 325 130
      vertex 300 325 180
      vertex 400 325 180
    endloop
  endfacet
  facet normal 0 1 0
    outer loop
      vertex 300 325 180
      vertex 400 325 130
      vertex 300 325 130
    endloop
  endfacet
  facet normal 0 -1 0
    outer loop
      vertex 300 321 1998
      vertex 398 321 280
      vertex 400 321 1998
    endloop
  endfacet
  facet normal 0 -1 0
    outer loop
      vertex 300 321 130
      vertex 398 321 280
      vertex 300 321 1998
    endloop
  endfacet
  facet normal 0 -1 -0
    outer loop
      vertex 398 321 280
      vertex 300 321 130
      vertex 398 321 180
    endloop
  endfacet
  facet normal 0 -1 0
    outer loop
      vertex 400 321 130
      vertex 398 321 180
      vertex 300 321 130
    endloop
  endfacet
  facet normal 0 -1 0
    outer loop
      vertex 398 321 180
      vertex 400 321 130
      vertex 400 321 180
    endloop
  endfacet
  facet normal 0 -1 -0
    outer loop
      vertex 400 321 1998
      vertex 398 321 280
      vertex 400 321 280
    endloop
  endfacet
  facet normal 0 0 -1
    outer loop
      vertex 300 -325 130
      vertex 400 -321 130
      vertex 400 -325 130
    endloop
  endfacet
  facet normal -0 0 -1
    outer loop
      vertex 400 -321 130
      vertex 300 -325 130
      vertex 300 -321 130
    endloop
  endfacet
  facet normal 0 1 0
    outer loop
      vertex 400 -321 180
      vertex 400 -321 130
      vertex 398 -321 180
    endloop
  endfacet
  facet normal 0 1 0
    outer loop
      vertex 398 -321 280
      vertex 400 -321 1998
      vertex 400 -321 280
    endloop
  endfacet
  facet normal 0 1 0
    outer loop
      vertex 400 -321 1998
      vertex 398 -321 280
      vertex 300 -321 1998
    endloop
  endfacet
  facet normal 0 1 0
    outer loop
      vertex 300 -321 130
      vertex 398 -321 280
      vertex 398 -321 180
    endloop
  endfacet
  facet normal 0 1 0
    outer loop
      vertex 300 -321 130
      vertex 398 -321 180
      vertex 400 -321 130
    endloop
  endfacet
  facet normal 0 1 0
    outer loop
      vertex 398 -321 280
      vertex 300 -321 130
      vertex 300 -321 1998
    endloop
  endfacet
  facet normal 0 -1 0
    outer loop
      vertex 300 -325 280
      vertex 400 -325 2002
      vertex 300 -325 2002
    endloop
  endfacet
  facet normal 0 -1 -0
    outer loop
      vertex 400 -325 2002
      vertex 300 -325 280
      vertex 400 -325 280
    endloop
  endfacet
  facet normal 0 -1 0
    outer loop
      vertex 300 -325 130
      vertex 400 -325 180
      vertex 300 -325 180
    endloop
  endfacet
  facet normal 0 -1 -0
    outer loop
      vertex 400 -325 180
      vertex 300 -325 130
      vertex 400 -325 130
    endloop
  endfacet
  facet normal -0 0 1
    outer loop
      vertex 300 325 2002
      vertex 400 -325 2002
      vertex 400 325 2002
    endloop
  endfacet
  facet normal 0 0 1
    outer loop
      vertex 400 -325 2002
      vertex 300 325 2002
      vertex 300 -325 2002
    endloop
  endfacet
  facet normal 0 0 -1
    outer loop
      vertex 300 -321 1998
      vertex 400 321 1998
      vertex 400 -321 1998
    endloop
  endfacet
  facet normal -0 0 -1
    outer loop
      vertex 400 321 1998
      vertex 300 -321 1998
      vertex 300 321 1998
    endloop
  endfacet
  facet normal 1 -0 0
    outer loop
      vertex 400 325 280
      vertex 400 329 180
      vertex 400 329 280
    endloop
  endfacet
  facet normal 1 0 0
    outer loop
      vertex 400 329 180
      vertex 400 325 280
      vertex 400 325 180
    endloop
  endfacet
  facet normal -0 0 1
    outer loop
      vertex 398 -300 280
      vertex 400 -321 280
      vertex 400 -300 280
    endloop
  endfacet
  facet normal 0 0 1
    outer loop
      vertex 400 -321 280
      vertex 398 -300 280
      vertex 398 -321 280
    endloop
  endfacet
  facet normal -0 0 1
    outer loop
      vertex 398 280 280
      vertex 400 -280 280
      vertex 400 280 280
    endloop
  endfacet
  facet normal 0 0 1
    outer loop
      vertex 400 -280 280
      vertex 398 280 280
      vertex 398 -280 280
    endloop
  endfacet
  facet normal -0 0 1
    outer loop
      vertex 398 321 280
      vertex 400 300 280
      vertex 400 321 280
    endloop
  endfacet
  facet normal 0 0 1
    outer loop
      vertex 400 300 280
      vertex 398 321 280
      vertex 398 300 280
    endloop
  endfacet
  facet normal 0 0 1
    outer loop
      vertex 400 321 280
      vertex 402 325 280
      vertex 400 325 280
    endloop
  endfacet
  facet normal 0 0 1
    outer loop
      vertex 400 300 280
      vertex 402 325 280
      vertex 400 321 280
    endloop
  endfacet
  facet normal 0 0 1
    outer loop
      vertex 400 280 280
      vertex 402 325 280
      vertex 400 300 280
    endloop
  endfacet
  facet normal 0 0 1
    outer loop
      vertex 402 325 280
      vertex 400 280 280
      vertex 402 -325 280
    endloop
  endfacet
  facet normal -0 0 1
    outer loop
      vertex 400 -280 280
      vertex 402 -325 280
      vertex 400 280 280
    endloop
  endfacet
  facet normal -0 0 1
    outer loop
      vertex 400 -300 280
      vertex 402 -325 280
      vertex 400 -280 280
    endloop
  endfacet
  facet normal -0 0 1
    outer loop
      vertex 400 -321 280
      vertex 402 -325 280
      vertex 400 -300 280
    endloop
  endfacet
  facet normal 0 0 1
    outer loop
      vertex 402 -325 280
      vertex 400 -321 280
      vertex 400 -325 280
    endloop
  endfacet
  facet normal -0 0 1
    outer loop
      vertex 398 298.8 280
      vertex 398.8 281.2 280
      vertex 398.8 298.8 280
    endloop
  endfacet
  facet normal 0 0 1
    outer loop
      vertex 398.8 281.2 280
      vertex 398 298.8 280
      vertex 398 281.2 280
    endloop
  endfacet
  facet normal -0 0 1
    outer loop
      vertex 398 -281.2 280
      vertex 398.8 -298.8 280
      vertex 398.8 -281.2 280
    endloop
  endfacet
  facet normal 0 0 1
    outer loop
      vertex 398.8 -298.8 280
      vertex 398 -281.2 280
      vertex 398 -298.8 280
    endloop
  endfacet
  facet normal -0 0 1
    outer loop
      vertex 300 329 280
      vertex 400 325 280
      vertex 400 329 280
    endloop
  endfacet
  facet normal 0 0 1
    outer loop
      vertex 400 325 280
      vertex 300 329 280
      vertex 300 325 280
    endloop
  endfacet
  facet normal -0 0 1
    outer loop
      vertex 300 -325 280
      vertex 400 -329 280
      vertex 400 -325 280
    endloop
  endfacet
  facet normal 0 0 1
    outer loop
      vertex 400 -329 280
      vertex 300 -325 280
      vertex 300 -329 280
    endloop
  endfacet
  facet normal 0 0 -1
    outer loop
      vertex 400 321 180
      vertex 402 312.5 180
      vertex 400 312.5 180
    endloop
  endfacet
  facet normal 0 0 -1
    outer loop
      vertex 402 312.5 180
      vertex 400 321 180
      vertex 402 325 180
    endloop
  endfacet
  facet normal -0 0 -1
    outer loop
      vertex 402 325 180
      vertex 400 321 180
      vertex 400 325 180
    endloop
  endfacet
  facet normal 0 0 -1
    outer loop
      vertex 398 300 180
      vertex 400 312.5 180
      vertex 400 300 180
    endloop
  endfacet
  facet normal 0 0 -1
    outer loop
      vertex 398 321 180
      vertex 400 312.5 180
      vertex 398 300 180
    endloop
  endfacet
  facet normal 0 0 -1
    outer loop
      vertex 400 312.5 180
      vertex 398 321 180
      vertex 400 321 180
    endloop
  endfacet
  facet normal 0 0 -1
    outer loop
      vertex 400 -321 180
      vertex 402 -325 180
      vertex 400 -325 180
    endloop
  endfacet
  facet normal 0 0 -1
    outer loop
      vertex 402 -325 180
      vertex 400 -321 180
      vertex 402 -312.5 180
    endloop
  endfacet
  facet normal 0 0 -1
    outer loop
      vertex 400 -321 180
      vertex 400 -312.5 180
      vertex 402 -312.5 180
    endloop
  endfacet
  facet normal 0 0 -1
    outer loop
      vertex 398 -321 180
      vertex 400 -312.5 180
      vertex 400 -321 180
    endloop
  endfacet
  facet normal 0 0 -1
    outer loop
      vertex 398 -300 180
      vertex 400 -312.5 180
      vertex 398 -321 180
    endloop
  endfacet
  facet normal 0 0 -1
    outer loop
      vertex 400 -312.5 180
      vertex 398 -300 180
      vertex 400 -300 180
    endloop
  endfacet
  facet normal 0 0 -1
    outer loop
      vertex 398 -280 180
      vertex 400 -237.5 180
      vertex 400 -280 180
    endloop
  endfacet
  facet normal -0 0 -1
    outer loop
      vertex 400 -237.5 180
      vertex 398 -280 180
      vertex 400 237.5 180
    endloop
  endfacet
  facet normal 0 0 -1
    outer loop
      vertex 398 280 180
      vertex 400 237.5 180
      vertex 398 -280 180
    endloop
  endfacet
  facet normal 0 0 -1
    outer loop
      vertex 400 237.5 180
      vertex 398 280 180
      vertex 400 280 180
    endloop
  endfacet
  facet normal 0 0 -1
    outer loop
      vertex 400 -237.5 180
      vertex 402 237.5 180
      vertex 402 -237.5 180
    endloop
  endfacet
  facet normal -0 0 -1
    outer loop
      vertex 402 237.5 180
      vertex 400 -237.5 180
      vertex 400 237.5 180
    endloop
  endfacet
  facet normal 0 0 -1
    outer loop
      vertex 398 281.2 180
      vertex 398.8 298.8 180
      vertex 398.8 281.2 180
    endloop
  endfacet
  facet normal -0 0 -1
    outer loop
      vertex 398.8 298.8 180
      vertex 398 281.2 180
      vertex 398 298.8 180
    endloop
  endfacet
  facet normal 0 0 -1
    outer loop
      vertex 398 -298.8 180
      vertex 398.8 -281.2 180
      vertex 398.8 -298.8 180
    endloop
  endfacet
  facet normal -0 0 -1
    outer loop
      vertex 398.8 -281.2 180
      vertex 398 -298.8 180
      vertex 398 -281.2 180
    endloop
  endfacet
  facet normal 0 0 -1
    outer loop
      vertex 300 325 180
      vertex 400 329 180
      vertex 400 325 180
    endloop
  endfacet
  facet normal -0 0 -1
    outer loop
      vertex 400 329 180
      vertex 300 325 180
      vertex 300 329 180
    endloop
  endfacet
  facet normal 0 0 -1
    outer loop
      vertex 300 -329 180
      vertex 400 -325 180
      vertex 400 -329 180
    endloop
  endfacet
  facet normal -0 0 -1
    outer loop
      vertex 400 -325 180
      vertex 300 -329 180
      vertex 300 -325 180
    endloop
  endfacet
  facet normal 0 1 -0
    outer loop
      vertex 400 329 180
      vertex 300 329 280
      vertex 400 329 280
    endloop
  endfacet
  facet normal 0 1 0
    outer loop
      vertex 300 329 280
      vertex 400 329 180
      vertex 300 329 180
    endloop
  endfacet
  facet normal 0 1 -0
    outer loop
      vertex 402 325 180
      vertex 400 325 280
      vertex 402 325 280
    endloop
  endfacet
  facet normal 0 1 0
    outer loop
      vertex 400 325 280
      vertex 402 325 180
      vertex 400 325 180
    endloop
  endfacet
  facet normal 1 -0 0
    outer loop
      vertex 400 -329 280
      vertex 400 -325 180
      vertex 400 -325 280
    endloop
  endfacet
  facet normal 1 0 0
    outer loop
      vertex 400 -325 180
      vertex 400 -329 280
      vertex 400 -329 180
    endloop
  endfacet
  facet normal 0 -1 0
    outer loop
      vertex 400 -325 180
      vertex 402 -325 280
      vertex 400 -325 280
    endloop
  endfacet
  facet normal 0 -1 -0
    outer loop
      vertex 402 -325 280
      vertex 400 -325 180
      vertex 402 -325 180
    endloop
  endfacet
  facet normal 0 -1 0
    outer loop
      vertex 300 -329 180
      vertex 400 -329 280
      vertex 300 -329 280
    endloop
  endfacet
  facet normal 0 -1 -0
    outer loop
      vertex 400 -329 280
      vertex 300 -329 180
      vertex 400 -329 180
    endloop
  endfacet
  facet normal 1 0 0
    outer loop
      vertex 402 325 280
      vertex 402 312.5 253
      vertex 402 325 180
    endloop
  endfacet
  facet normal 1 0 0
    outer loop
      vertex 402 325 280
      vertex 402 237.5 253
      vertex 402 312.5 253
    endloop
  endfacet
  facet normal 1 0 0
    outer loop
      vertex 402 237.5 253
      vertex 402 -237.5 253
      vertex 402 237.5 180
    endloop
  endfacet
  facet normal 1 0 0
    outer loop
      vertex 402 325 280
      vertex 402 -237.5 253
      vertex 402 237.5 253
    endloop
  endfacet
  facet normal 1 -0 0
    outer loop
      vertex 402 -325 280
      vertex 402 -237.5 253
      vertex 402 325 280
    endloop
  endfacet
  facet normal 1 0 0
    outer loop
      vertex 402 -237.5 253
      vertex 402 -325 280
      vertex 402 -312.5 253
    endloop
  endfacet
  facet normal 1 0 0
    outer loop
      vertex 402 -325 180
      vertex 402 -312.5 253
      vertex 402 -325 280
    endloop
  endfacet
  facet normal 1 0 0
    outer loop
      vertex 402 -312.5 253
      vertex 402 -325 180
      vertex 402 -312.5 180
    endloop
  endfacet
  facet normal 1 0 0
    outer loop
      vertex 402 325 180
      vertex 402 312.5 253
      vertex 402 312.5 180
    endloop
  endfacet
  facet normal 1 0 0
    outer loop
      vertex 402 237.5 180
      vertex 402 -237.5 253
      vertex 402 -237.5 180
    endloop
  endfacet
  facet normal -1 0 0
    outer loop
      vertex 398 300 180
      vertex 398 321 280
      vertex 398 321 180
    endloop
  endfacet
  facet normal -1 -0 0
    outer loop
      vertex 398 321 280
      vertex 398 300 180
      vertex 398 300 280
    endloop
  endfacet
  facet normal -1 0 0
    outer loop
      vertex 398 -321 180
      vertex 398 -300 280
      vertex 398 -300 180
    endloop
  endfacet
  facet normal -1 -0 0
    outer loop
      vertex 398 -300 280
      vertex 398 -321 180
      vertex 398 -321 280
    endloop
  endfacet
  facet normal -1 0 0
    outer loop
      vertex 398 -280 180
      vertex 398 280 280
      vertex 398 280 180
    endloop
  endfacet
  facet normal -1 -0 0
    outer loop
      vertex 398 280 280
      vertex 398 -280 180
      vertex 398 -280 280
    endloop
  endfacet
  facet normal -1 0 0
    outer loop
      vertex 398 281.2 180
      vertex 398 298.8 280
      vertex 398 298.8 180
    endloop
  endfacet
  facet normal -1 -0 0
    outer loop
      vertex 398 298.8 280
      vertex 398 281.2 180
      vertex 398 281.2 280
    endloop
  endfacet
  facet normal -1 0 0
    outer loop
      vertex 398 -298.8 180
      vertex 398 -281.2 280
      vertex 398 -281.2 180
    endloop
  endfacet
  facet normal -1 -0 0
    outer loop
      vertex 398 -281.2 280
      vertex 398 -298.8 180
      vertex 398 -298.8 280
    endloop
  endfacet
  facet normal 1 -0 0
    outer loop
      vertex 404 237.5 253
      vertex 404 312.5 180
      vertex 404 312.5 253
    endloop
  endfacet
  facet normal 1 0 0
    outer loop
      vertex 404 312.5 180
      vertex 404 237.5 253
      vertex 404 237.5 180
    endloop
  endfacet
  facet normal -0 0 1
    outer loop
      vertex 402 312.5 253
      vertex 404 237.5 253
      vertex 404 312.5 253
    endloop
  endfacet
  facet normal 0 0 1
    outer loop
      vertex 404 237.5 253
      vertex 402 312.5 253
      vertex 402 237.5 253
    endloop
  endfacet
  facet normal 0 1 -0
    outer loop
      vertex 1100 312.5 176
      vertex 404 312.5 180
      vertex 1100 312.5 180
    endloop
  endfacet
  facet normal 0 1 0
    outer loop
      vertex 400 312.5 176
      vertex 404 312.5 180
      vertex 1100 312.5 176
    endloop
  endfacet
  facet normal 0 1 0
    outer loop
      vertex 404 312.5 180
      vertex 400 312.5 176
      vertex 402 312.5 180
    endloop
  endfacet
  facet normal 0 1 0
    outer loop
      vertex 402 312.5 180
      vertex 400 312.5 176
      vertex 400 312.5 180
    endloop
  endfacet
  facet normal 0 1 -0
    outer loop
      vertex 404 312.5 180
      vertex 402 312.5 253
      vertex 404 312.5 253
    endloop
  endfacet
  facet normal 0 1 0
    outer loop
      vertex 402 312.5 253
      vertex 404 312.5 180
      vertex 402 312.5 180
    endloop
  endfacet
  facet normal 0 -1 0
    outer loop
      vertex 400 237.5 176
      vertex 402 237.5 180
      vertex 400 237.5 180
    endloop
  endfacet
  facet normal 0 -1 -0
    outer loop
      vertex 402 237.5 180
      vertex 400 237.5 176
      vertex 404 237.5 180
    endloop
  endfacet
  facet normal 0 -1 0
    outer loop
      vertex 1100 237.5 176
      vertex 404 237.5 180
      vertex 400 237.5 176
    endloop
  endfacet
  facet normal 0 -1 0
    outer loop
      vertex 404 237.5 180
      vertex 1100 237.5 176
      vertex 1100 237.5 180
    endloop
  endfacet
  facet normal 0 -1 0
    outer loop
      vertex 402 237.5 180
      vertex 404 237.5 253
      vertex 402 237.5 253
    endloop
  endfacet
  facet normal 0 -1 -0
    outer loop
      vertex 404 237.5 253
      vertex 402 237.5 180
      vertex 404 237.5 180
    endloop
  endfacet
  facet normal 1 -0 0
    outer loop
      vertex 1100 237.5 180
      vertex 1100 312.5 176
      vertex 1100 312.5 180
    endloop
  endfacet
  facet normal 1 0 0
    outer loop
      vertex 1100 312.5 176
      vertex 1100 237.5 180
      vertex 1100 237.5 176
    endloop
  endfacet
  facet normal -0 0 1
    outer loop
      vertex 404 312.5 180
      vertex 1100 237.5 180
      vertex 1100 312.5 180
    endloop
  endfacet
  facet normal 0 0 1
    outer loop
      vertex 1100 237.5 180
      vertex 404 312.5 180
      vertex 404 237.5 180
    endloop
  endfacet
  facet normal 0 0 -1
    outer loop
      vertex 400 280 176
      vertex 1100 237.5 176
      vertex 400 237.5 176
    endloop
  endfacet
  facet normal 0 0 -1
    outer loop
      vertex 1100 237.5 176
      vertex 400 280 176
      vertex 1100 312.5 176
    endloop
  endfacet
  facet normal 0 0 -1
    outer loop
      vertex 400 300 176
      vertex 1100 312.5 176
      vertex 400 280 176
    endloop
  endfacet
  facet normal -0 0 -1
    outer loop
      vertex 1100 312.5 176
      vertex 400 300 176
      vertex 400 312.5 176
    endloop
  endfacet
  facet normal 1 -0 0
    outer loop
      vertex 404 -312.5 253
      vertex 404 -237.5 180
      vertex 404 -237.5 253
    endloop
  endfacet
  facet normal 1 0 0
    outer loop
      vertex 404 -237.5 180
      vertex 404 -312.5 253
      vertex 404 -312.5 180
    endloop
  endfacet
  facet normal -0 0 1
    outer loop
      vertex 402 -237.5 253
      vertex 404 -312.5 253
      vertex 404 -237.5 253
    endloop
  endfacet
  facet normal 0 0 1
    outer loop
      vertex 404 -312.5 253
      vertex 402 -237.5 253
      vertex 402 -312.5 253
    endloop
  endfacet
  facet normal 0 1 -0
    outer loop
      vertex 1100 -237.5 176
      vertex 404 -237.5 180
      vertex 1100 -237.5 180
    endloop
  endfacet
  facet normal 0 1 0
    outer loop
      vertex 400 -237.5 176
      vertex 404 -237.5 180
      vertex 1100 -237.5 176
    endloop
  endfacet
  facet normal 0 1 0
    outer loop
      vertex 404 -237.5 180
      vertex 400 -237.5 176
      vertex 402 -237.5 180
    endloop
  endfacet
  facet normal 0 1 0
    outer loop
      vertex 402 -237.5 180
      vertex 400 -237.5 176
      vertex 400 -237.5 180
    endloop
  endfacet
  facet normal 0 1 -0
    outer loop
      vertex 404 -237.5 180
      vertex 402 -237.5 253
      vertex 404 -237.5 253
    endloop
  endfacet
  facet normal 0 1 0
    outer loop
      vertex 402 -237.5 253
      vertex 404 -237.5 180
      vertex 402 -237.5 180
    endloop
  endfacet
  facet normal 0 -1 0
    outer loop
      vertex 400 -312.5 176
      vertex 402 -312.5 180
      vertex 400 -312.5 180
    endloop
  endfacet
  facet normal 0 -1 -0
    outer loop
      vertex 402 -312.5 180
      vertex 400 -312.5 176
      vertex 404 -312.5 180
    endloop
  endfacet
  facet normal 0 -1 0
    outer loop
      vertex 1100 -312.5 176
      vertex 404 -312.5 180
      vertex 400 -312.5 176
    endloop
  endfacet
  facet normal 0 -1 0
    outer loop
      vertex 404 -312.5 180
      vertex 1100 -312.5 176
      vertex 1100 -312.5 180
    endloop
  endfacet
  facet normal 0 -1 0
    outer loop
      vertex 402 -312.5 180
      vertex 404 -312.5 253
      vertex 402 -312.5 253
    endloop
  endfacet
  facet normal 0 -1 -0
    outer loop
      vertex 404 -312.5 253
      vertex 402 -312.5 180
      vertex 404 -312.5 180
    endloop
  endfacet
  facet normal 1 -0 0
    outer loop
      vertex 1100 -312.5 180
      vertex 1100 -237.5 176
      vertex 1100 -237.5 180
    endloop
  endfacet
  facet normal 1 0 0
    outer loop
      vertex 1100 -237.5 176
      vertex 1100 -312.5 180
      vertex 1100 -312.5 176
    endloop
  endfacet
  facet normal -0 0 1
    outer loop
      vertex 404 -237.5 180
      vertex 1100 -312.5 180
      vertex 1100 -237.5 180
    endloop
  endfacet
  facet normal 0 0 1
    outer loop
      vertex 1100 -312.5 180
      vertex 404 -237.5 180
      vertex 404 -312.5 180
    endloop
  endfacet
  facet normal 0 0 -1
    outer loop
      vertex 400 -300 176
      vertex 1100 -312.5 176
      vertex 400 -312.5 176
    endloop
  endfacet
  facet normal 0 0 -1
    outer loop
      vertex 400 -280 176
      vertex 1100 -312.5 176
      vertex 400 -300 176
    endloop
  endfacet
  facet normal 0 0 -1
    outer loop
      vertex 1100 -312.5 176
      vertex 400 -280 176
      vertex 1100 -237.5 176
    endloop
  endfacet
  facet normal -0 0 -1
    outer loop
      vertex 1100 -237.5 176
      vertex 400 -280 176
      vertex 400 -237.5 176
    endloop
  endfacet
endsolid OpenSCAD_Model
