solid OpenSCAD_Model
  facet normal 0.706139 0.706139 -0.0523139
    outer loop
      vertex 44.5887 40.1478 -7.52056
      vertex 40.0929 44.5276 -9.08634
      vertex 40.1478 44.5887 -7.52056
    endloop
  endfacet
  facet normal 0.706139 0.706139 -0.0523139
    outer loop
      vertex 40.0929 44.5276 -9.08634
      vertex 44.5887 40.1478 -7.52056
      vertex 44.5276 40.0929 -9.08634
    endloop
  endfacet
  facet normal -0.154508 -0.975526 -0.156451
    outer loop
      vertex -6.26312 -59.5896 -9.08634
      vertex -12.4066 -58.3682 -10.635
      vertex -6.23744 -59.3453 -10.635
    endloop
  endfacet
  facet normal -0.051693 0.986332 -0.15645
    outer loop
      vertex -6.23744 59.3453 -10.635
      vertex -6.26312 59.5896 -9.08634
      vertex 0 59.6722 -10.635
    endloop
  endfacet
  facet normal -0.0851776 0.131158 0.987696
    outer loop
      vertex -24.0593 41.672 22.1727
      vertex -27.3719 37.6742 22.4179
      vertex -23.284 40.329 22.4179
    endloop
  endfacet
  facet normal -0.0404882 -0.255633 0.965926
    outer loop
      vertex -10.0044 -47.0672 22.1727
      vertex -10.3197 -48.5506 21.7669
      vertex -5.02977 -47.8551 22.1727
    endloop
  endfacet
  facet normal -0.25847 0.0135504 0.965924
    outer loop
      vertex -49.3633 5.1883 21.7669
      vertex -49.6353 0 21.7669
      vertex -47.8551 5.02977 22.1727
    endloop
  endfacet
  facet normal 0.018762 0.357879 0.93358
    outer loop
      vertex 0 51.1011 21.205
      vertex 0 49.6353 21.7669
      vertex 5.1883 49.3633 21.7669
    endloop
  endfacet
  facet normal 0.423873 -0.162713 0.890986
    outer loop
      vertex 48.6 -15.7911 21.205
      vertex 46.6831 -20.7847 21.205
      vertex 47.9611 -21.3537 20.4931
    endloop
  endfacet
  facet normal 0.0244633 -0.154456 0.987697
    outer loop
      vertex 10.0044 -47.0672 22.1727
      vertex 4.86767 -46.3128 22.4179
      vertex 5.02977 -47.8551 22.1727
    endloop
  endfacet
  facet normal 0.0285171 -0.0439134 0.998628
    outer loop
      vertex 26.4503 -36.4058 22.5
      vertex 22.5 -38.9711 22.5
      vertex 23.284 -40.329 22.4179
    endloop
  endfacet
  facet normal 0.83182 0.423833 0.358386
    outer loop
      vertex 51.3257 29.6329 12.1495
      vertex 50.8384 29.3516 13.6132
      vertex 54.142 24.1056 12.1495
    endloop
  endfacet
  facet normal 0.0406946 0.0329539 -0.998628
    outer loop
      vertex 36.4058 26.4503 -22.5
      vertex 33.4415 30.1109 -22.5
      vertex 37.6742 27.3719 -22.4179
    endloop
  endfacet
  facet normal 0.889787 -0.453369 -0.0523045
    outer loop
      vertex 51.9615 -30 -7.52056
      vertex 51.8904 -29.9589 -9.08634
      vertex 54.8127 -24.4042 -7.52056
    endloop
  endfacet
  facet normal 0.0517163 -0.00819086 0.998628
    outer loop
      vertex 46.3128 -4.86767 22.4179
      vertex 44.0166 -9.35603 22.5
      vertex 45.5503 -9.68202 22.4179
    endloop
  endfacet
  facet normal 0.156211 -0.986335 -0.0523525
    outer loop
      vertex 12.4747 -58.6889 -7.52056
      vertex 6.27171 -59.6713 -7.52056
      vertex 12.4576 -58.6085 -9.08634
    endloop
  endfacet
  facet normal 0.0984156 -0.121535 0.987696
    outer loop
      vertex 32.1977 -35.7591 22.1727
      vertex 27.3719 -37.6742 22.4179
      vertex 28.2834 -38.9288 22.1727
    endloop
  endfacet
  facet normal 0.810089 -0.526067 -0.258863
    outer loop
      vertex 51.6777 -29.8361 -10.635
      vertex 47.9471 -34.8356 -12.1495
      vertex 51.3257 -29.6329 -12.1495
    endloop
  endfacet
  facet normal 0.628446 -0.0329339 -0.777156
    outer loop
      vertex 54.7355 -5.75293 -18.6525
      vertex 53.522 -5.62539 -19.6392
      vertex 53.8168 0 -19.6392
    endloop
  endfacet
  facet normal 0.043916 0.0285203 -0.998628
    outer loop
      vertex 40.329 23.284 -22.4179
      vertex 36.4058 26.4503 -22.5
      vertex 37.6742 27.3719 -22.4179
    endloop
  endfacet
  facet normal -0.040673 0.776069 0.629335
    outer loop
      vertex 0 57.1353 16.3253
      vertex -5.97226 56.8223 16.3253
      vertex -5.86898 55.8396 17.5438
    endloop
  endfacet
  facet normal 0.0466536 -0.023771 0.998628
    outer loop
      vertex 42.5419 -18.9409 22.4179
      vertex 38.9711 -22.5 22.5
      vertex 40.329 -23.284 22.4179
    endloop
  endfacet
  facet normal 0.0488827 -0.0187642 0.998628
    outer loop
      vertex 44.2887 -14.3903 22.4179
      vertex 41.1095 -18.3031 22.5
      vertex 42.5419 -18.9409 22.4179
    endloop
  endfacet
  facet normal -0.828363 -0.131192 0.544614
    outer loop
      vertex -56.8223 -5.97226 16.3253
      vertex -57.6727 -6.06165 15.0103
      vertex -56.7232 -12.0569 15.0103
    endloop
  endfacet
  facet normal 0.0522584 -0.99726 -0.052354
    outer loop
      vertex 6.26312 -59.5896 -9.08634
      vertex 0 -60 -7.52056
      vertex 0 -59.9178 -9.08634
    endloop
  endfacet
  facet normal 0.0522912 -0.0027403 0.998628
    outer loop
      vertex 45 0 22.5
      vertex 44.7535 -4.70378 22.5
      vertex 46.5679 0 22.4179
    endloop
  endfacet
  facet normal 0.922077 0.146038 -0.358396
    outer loop
      vertex 58.3816 6.13615 -13.6132
      vertex 57.4204 12.2051 -13.6132
      vertex 58.9412 6.19497 -12.1495
    endloop
  endfacet
  facet normal 0.255638 -0.954032 -0.156435
    outer loop
      vertex 18.5156 -56.9852 -9.08634
      vertex 12.4066 -58.3682 -10.635
      vertex 18.4397 -56.7516 -10.635
    endloop
  endfacet
  facet normal 0.828363 -0.131192 0.544614
    outer loop
      vertex 56.8223 -5.97226 16.3253
      vertex 56.7232 -12.0569 15.0103
      vertex 57.6727 -6.06165 15.0103
    endloop
  endfacet
  facet normal 0.040673 -0.776069 -0.629335
    outer loop
      vertex 5.97226 -56.8223 -16.3253
      vertex 0 -57.1353 -16.3253
      vertex 5.86898 -55.8396 -17.5438
    endloop
  endfacet
  facet normal -0.258456 -0.0135451 0.965928
    outer loop
      vertex -48.1187 0 22.1727
      vertex -49.6353 0 21.7669
      vertex -47.8551 -5.02977 22.1727
    endloop
  endfacet
  facet normal 0.25847 -0.9646 -0.0523532
    outer loop
      vertex 12.4747 -58.6889 -7.52056
      vertex 12.4576 -58.6085 -9.08634
      vertex 18.541 -57.0634 -7.52056
    endloop
  endfacet
  facet normal 0.0187642 -0.0488827 0.998628
    outer loop
      vertex 18.3031 -41.1095 22.5
      vertex 14.3903 -44.2887 22.4179
      vertex 18.9409 -42.5419 22.4179
    endloop
  endfacet
  facet normal 0.489078 -0.39604 -0.777145
    outer loop
      vertex 44.5258 -32.3499 -18.6525
      vertex 39.9937 -36.0105 -19.6392
      vertex 43.5387 -31.6327 -19.6392
    endloop
  endfacet
  facet normal 0.965924 0.258825 0
    outer loop
      vertex 58.6889 12.4747 7.52056
      vertex 57.0634 18.541 -7.52056
      vertex 57.0634 18.541 7.52056
    endloop
  endfacet
  facet normal 0.965924 0.258825 0
    outer loop
      vertex 57.0634 18.541 -7.52056
      vertex 58.6889 12.4747 7.52056
      vertex 58.6889 12.4747 -7.52056
    endloop
  endfacet
  facet normal 0.549531 0.549531 -0.629311
    outer loop
      vertex 41.7255 37.5698 -17.5438
      vertex 38.2309 42.4598 -16.3253
      vertex 42.4598 38.2309 -16.3253
    endloop
  endfacet
  facet normal 0.549531 0.549531 -0.629311
    outer loop
      vertex 38.2309 42.4598 -16.3253
      vertex 41.7255 37.5698 -17.5438
      vertex 37.5698 41.7255 -17.5438
    endloop
  endfacet
  facet normal -0.0488505 0.932308 0.35835
    outer loop
      vertex 0 59.2658 12.1495
      vertex -6.19497 58.9412 12.1495
      vertex 0 58.7032 13.6132
    endloop
  endfacet
  facet normal 0.0710288 -0.448435 0.890989
    outer loop
      vertex 10.9154 -51.3527 20.4931
      vertex 5.34151 -50.8211 21.205
      vertex 5.48774 -52.2124 20.4931
    endloop
  endfacet
  facet normal 0.0984478 -0.621566 0.777151
    outer loop
      vertex 11.1891 -52.6408 19.6392
      vertex 5.75293 -54.7355 18.6525
      vertex 11.4428 -53.8343 18.6525
    endloop
  endfacet
  facet normal 0.0522584 -0.99726 0.052354
    outer loop
      vertex 0 -59.9178 9.08634
      vertex 0 -60 7.52056
      vertex 6.26312 -59.5896 9.08634
    endloop
  endfacet
  facet normal 0.98769 0.156426 0
    outer loop
      vertex 59.6713 6.27171 7.52056
      vertex 58.6889 12.4747 -7.52056
      vertex 58.6889 12.4747 7.52056
    endloop
  endfacet
  facet normal 0.98769 0.156426 0
    outer loop
      vertex 58.6889 12.4747 -7.52056
      vertex 59.6713 6.27171 7.52056
      vertex 59.6713 6.27171 -7.52056
    endloop
  endfacet
  facet normal 0.0522912 -0.0027403 -0.998628
    outer loop
      vertex 46.5679 0 -22.4179
      vertex 44.7535 -4.70378 -22.5
      vertex 45 0 -22.5
    endloop
  endfacet
  facet normal 0.621561 -0.098445 -0.777156
    outer loop
      vertex 54.7355 -5.75293 -18.6525
      vertex 52.6408 -11.1891 -19.6392
      vertex 53.522 -5.62539 -19.6392
    endloop
  endfacet
  facet normal 0.964598 -0.258473 -0.052368
    outer loop
      vertex 57.0634 -18.541 -7.52056
      vertex 56.9852 -18.5156 -9.08634
      vertex 58.6085 -12.4576 -9.08634
    endloop
  endfacet
  facet normal 0.767583 -0.621565 0.15644
    outer loop
      vertex 48.2758 -35.0744 10.635
      vertex 44.5276 -40.0929 9.08634
      vertex 48.4745 -35.2188 9.08634
    endloop
  endfacet
  facet normal 0.99726 -0.0522584 -0.052354
    outer loop
      vertex 60 0 -7.52056
      vertex 59.5896 -6.26312 -9.08634
      vertex 59.9178 0 -9.08634
    endloop
  endfacet
  facet normal 0.692448 -0.352816 0.629314
    outer loop
      vertex 51.293 -22.8371 17.5438
      vertex 48.6249 -28.0736 17.5438
      vertex 49.4806 -28.5676 16.3253
    endloop
  endfacet
  facet normal 0.048862 -0.93229 -0.358396
    outer loop
      vertex 6.19497 -58.9412 -12.1495
      vertex 0 -58.7032 -13.6132
      vertex 6.13615 -58.3816 -13.6132
    endloop
  endfacet
  facet normal 0.776086 -0.628451 -0.052347
    outer loop
      vertex 48.541 -35.2671 -7.52056
      vertex 44.5276 -40.0929 -9.08634
      vertex 48.4745 -35.2188 -9.08634
    endloop
  endfacet
  facet normal -0.146038 0.922077 0.358396
    outer loop
      vertex -6.19497 58.9412 12.1495
      vertex -12.2051 57.4204 13.6132
      vertex -6.13615 58.3816 13.6132
    endloop
  endfacet
  facet normal 0.747276 -0.380754 -0.544615
    outer loop
      vertex 50.2211 -28.9952 -15.0103
      vertex 49.4806 -28.5676 -16.3253
      vertex 52.9768 -23.5868 -15.0103
    endloop
  endfacet
  facet normal 0.593021 0.385116 -0.707115
    outer loop
      vertex 48.6249 28.0736 -17.5438
      vertex 44.5258 32.3499 -18.6525
      vertex 45.424 33.0025 -17.5438
    endloop
  endfacet
  facet normal 0.33458 -0.128436 -0.933574
    outer loop
      vertex 46.6831 -20.7847 -21.205
      vertex 45.3441 -20.1885 -21.7669
      vertex 48.6 -15.7911 -21.205
    endloop
  endfacet
  facet normal 0.986336 0.156219 -0.0523225
    outer loop
      vertex 59.5896 6.26312 -9.08634
      vertex 58.6085 12.4576 -9.08634
      vertex 59.6713 6.27171 -7.52056
    endloop
  endfacet
  facet normal 0.526038 0.140944 -0.8387
    outer loop
      vertex 51.3527 10.9154 -20.4931
      vertex 49.9305 16.2234 -20.4931
      vertex 52.6408 11.1891 -19.6392
    endloop
  endfacet
  facet normal 0.933026 0.250009 0.258763
    outer loop
      vertex 56.7516 18.4397 10.635
      vertex 56.3652 18.3142 12.1495
      vertex 58.3682 12.4066 10.635
    endloop
  endfacet
  facet normal 0.828339 -0.537947 -0.156424
    outer loop
      vertex 51.8904 -29.9589 -9.08634
      vertex 48.2758 -35.0744 -10.635
      vertex 51.6777 -29.8361 -10.635
    endloop
  endfacet
  facet normal 0.0329528 0.0406939 0.998628
    outer loop
      vertex 31.16 34.6067 22.4179
      vertex 27.3719 37.6742 22.4179
      vertex 30.1109 33.4415 22.5
    endloop
  endfacet
  facet normal 0.810089 0.526067 0.258863
    outer loop
      vertex 51.6777 29.8361 10.635
      vertex 47.9471 34.8356 12.1495
      vertex 51.3257 29.6329 12.1495
    endloop
  endfacet
  facet normal 0.880052 0.139383 0.453961
    outer loop
      vertex 57.4204 12.2051 13.6132
      vertex 56.7232 12.0569 15.0103
      vertex 58.3816 6.13615 13.6132
    endloop
  endfacet
  facet normal 0.33458 0.128436 0.933574
    outer loop
      vertex 46.6831 20.7847 21.205
      vertex 45.3441 20.1885 21.7669
      vertex 48.6 15.7911 21.205
    endloop
  endfacet
  facet normal 0.537899 0.0851944 0.838693
    outer loop
      vertex 52.6408 11.1891 19.6392
      vertex 52.2124 5.48774 20.4931
      vertex 53.522 5.62539 19.6392
    endloop
  endfacet
  facet normal 0.0669876 -0.250001 0.965926
    outer loop
      vertex 14.8695 -45.7636 22.1727
      vertex 10.0044 -47.0672 22.1727
      vertex 10.3197 -48.5506 21.7669
    endloop
  endfacet
  facet normal -0.0404874 0.255638 0.965924
    outer loop
      vertex -5.1883 49.3633 21.7669
      vertex -10.3197 48.5506 21.7669
      vertex -5.02977 47.8551 22.1727
    endloop
  endfacet
  facet normal -0.0135504 0.25847 0.965924
    outer loop
      vertex 0 49.6353 21.7669
      vertex -5.1883 49.3633 21.7669
      vertex -5.02977 47.8551 22.1727
    endloop
  endfacet
  facet normal 0.121535 0.0984158 0.987696
    outer loop
      vertex 35.7591 32.1977 22.1727
      vertex 34.6067 31.16 22.4179
      vertex 37.6742 27.3719 22.4179
    endloop
  endfacet
  facet normal -0.25847 -0.9646 0.0523532
    outer loop
      vertex -12.4576 -58.6085 9.08634
      vertex -18.541 -57.0634 7.52056
      vertex -12.4747 -58.6889 7.52056
    endloop
  endfacet
  facet normal -0.156219 -0.986336 -0.0523225
    outer loop
      vertex -6.27171 -59.6713 -7.52056
      vertex -12.4576 -58.6085 -9.08634
      vertex -6.26312 -59.5896 -9.08634
    endloop
  endfacet
  facet normal 0.156167 -0.0081844 0.987697
    outer loop
      vertex 48.1187 0 22.1727
      vertex 46.3128 -4.86767 22.4179
      vertex 47.8551 -5.02977 22.1727
    endloop
  endfacet
  facet normal 0.380782 -0.247285 0.890986
    outer loop
      vertex 44.2548 -25.5505 21.205
      vertex 41.3416 -30.0364 21.205
      vertex 45.4663 -26.25 20.4931
    endloop
  endfacet
  facet normal -0.0187595 -0.357872 0.933582
    outer loop
      vertex -5.1883 -49.3633 21.7669
      vertex -5.34151 -50.8211 21.205
      vertex 0 -51.1011 21.205
    endloop
  endfacet
  facet normal 0.128418 -0.334558 0.933584
    outer loop
      vertex 20.1885 -45.3441 21.7669
      vertex 15.3381 -47.2059 21.7669
      vertex 15.7911 -48.6 21.205
    endloop
  endfacet
  facet normal 0.423833 -0.83182 0.358386
    outer loop
      vertex 29.3516 -50.8384 13.6132
      vertex 24.1056 -54.142 12.1495
      vertex 29.6329 -51.3257 12.1495
    endloop
  endfacet
  facet normal 0.453372 -0.889786 0.0522912
    outer loop
      vertex 29.9589 -51.8904 9.08634
      vertex 24.3708 -54.7377 9.08634
      vertex 24.4042 -54.8127 7.52056
    endloop
  endfacet
  facet normal 0.603944 -0.48907 -0.629335
    outer loop
      vertex 46.2234 -33.5833 -16.3253
      vertex 42.4598 -38.2309 -16.3253
      vertex 45.424 -33.0025 -17.5438
    endloop
  endfacet
  facet normal 0.217083 -0.810119 -0.544594
    outer loop
      vertex 17.92 -55.1521 -15.0103
      vertex 12.0569 -56.7232 -15.0103
      vertex 17.6558 -54.3389 -16.3253
    endloop
  endfacet
  facet normal 0.0187652 0.0488839 -0.998628
    outer loop
      vertex 18.3031 41.1095 -22.5
      vertex 13.9058 42.7975 -22.5
      vertex 14.3903 44.2887 -22.4179
    endloop
  endfacet
  facet normal 0.319321 -0.162706 -0.933574
    outer loop
      vertex 46.6831 -20.7847 -21.205
      vertex 42.9854 -24.8176 -21.7669
      vertex 45.3441 -20.1885 -21.7669
    endloop
  endfacet
  facet normal 0.933013 0.249988 0.258829
    outer loop
      vertex 58.3682 12.4066 10.635
      vertex 56.3652 18.3142 12.1495
      vertex 57.9707 12.3221 12.1495
    endloop
  endfacet
  facet normal 0.83183 -0.319312 -0.453981
    outer loop
      vertex 53.628 -23.8767 -13.6132
      vertex 52.9768 -23.5868 -15.0103
      vertex 55.1521 -17.92 -15.0103
    endloop
  endfacet
  facet normal 0.828339 -0.537942 -0.156438
    outer loop
      vertex 48.4745 -35.2188 -9.08634
      vertex 48.2758 -35.0744 -10.635
      vertex 51.8904 -29.9589 -9.08634
    endloop
  endfacet
  facet normal 0.901773 -0.24164 -0.358351
    outer loop
      vertex 57.9707 -12.3221 -12.1495
      vertex 55.83 -18.1403 -13.6132
      vertex 57.4204 -12.2051 -13.6132
    endloop
  endfacet
  facet normal 0.342754 -0.527794 -0.777144
    outer loop
      vertex 32.3499 -44.5258 -18.6525
      vertex 26.9084 -46.6067 -19.6392
      vertex 31.6327 -43.5387 -19.6392
    endloop
  endfacet
  facet normal 0.319313 -0.162698 -0.933578
    outer loop
      vertex 44.2548 -25.5505 -21.205
      vertex 42.9854 -24.8176 -21.7669
      vertex 46.6831 -20.7847 -21.205
    endloop
  endfacet
  facet normal 0.986336 -0.156219 0.0523225
    outer loop
      vertex 59.5896 -6.26312 9.08634
      vertex 58.6085 -12.4576 9.08634
      vertex 59.6713 -6.27171 7.52056
    endloop
  endfacet
  facet normal 0.837538 0.0438945 0.544613
    outer loop
      vertex 57.6727 6.06165 15.0103
      vertex 56.8223 5.97226 16.3253
      vertex 57.1353 0 16.3253
    endloop
  endfacet
  facet normal 0.217052 -0.810083 -0.544659
    outer loop
      vertex 12.0569 -56.7232 -15.0103
      vertex 11.8791 -55.8867 -16.3253
      vertex 17.6558 -54.3389 -16.3253
    endloop
  endfacet
  facet normal 0.692444 -0.560733 -0.453981
    outer loop
      vertex 43.625 -39.2801 -13.6132
      vertex 43.0953 -38.8031 -15.0103
      vertex 47.4919 -34.5049 -13.6132
    endloop
  endfacet
  facet normal -0.0488505 -0.932308 -0.35835
    outer loop
      vertex 0 -59.2658 -12.1495
      vertex -6.19497 -58.9412 -12.1495
      vertex 0 -58.7032 -13.6132
    endloop
  endfacet
  facet normal -0.0466354 -0.889794 -0.453973
    outer loop
      vertex 0 -58.7032 -13.6132
      vertex -6.06165 -57.6727 -15.0103
      vertex 0 -57.9904 -15.0103
    endloop
  endfacet
  facet normal -0.051693 0.986332 0.15645
    outer loop
      vertex 0 59.6722 10.635
      vertex -6.26312 59.5896 9.08634
      vertex -6.23744 59.3453 10.635
    endloop
  endfacet
  facet normal -0.131192 0.828363 0.544614
    outer loop
      vertex -6.06165 57.6727 15.0103
      vertex -12.0569 56.7232 15.0103
      vertex -5.97226 56.8223 16.3253
    endloop
  endfacet
  facet normal -0.621565 0.767583 -0.15644
    outer loop
      vertex -35.0744 48.2758 -10.635
      vertex -40.0929 44.5276 -9.08634
      vertex -35.2188 48.4745 -9.08634
    endloop
  endfacet
  facet normal 0.0488827 0.0187642 -0.998628
    outer loop
      vertex 44.2887 14.3903 -22.4179
      vertex 41.1095 18.3031 -22.5
      vertex 42.5419 18.9409 -22.4179
    endloop
  endfacet
  facet normal 0.334558 0.128418 -0.933584
    outer loop
      vertex 47.2059 15.3381 -21.7669
      vertex 45.3441 20.1885 -21.7669
      vertex 48.6 15.7911 -21.205
    endloop
  endfacet
  facet normal 0.975525 0.154507 -0.156457
    outer loop
      vertex 59.5896 6.26312 -9.08634
      vertex 58.3682 12.4066 -10.635
      vertex 58.6085 12.4576 -9.08634
    endloop
  endfacet
  facet normal -0.0522916 0.00274044 -0.998628
    outer loop
      vertex -44.7535 4.70378 -22.5
      vertex -46.5679 0 -22.4179
      vertex -46.3128 4.86767 -22.4179
    endloop
  endfacet
  facet normal 0.793898 0.404511 -0.453979
    outer loop
      vertex 52.9768 23.5868 -15.0103
      vertex 50.8384 29.3516 -13.6132
      vertex 53.628 23.8767 -13.6132
    endloop
  endfacet
  facet normal 0.92209 0.353943 -0.156442
    outer loop
      vertex 56.7516 18.4397 -10.635
      vertex 54.5133 24.2709 -10.635
      vertex 54.7377 24.3708 -9.08634
    endloop
  endfacet
  facet normal 0.986332 0.051693 -0.15645
    outer loop
      vertex 59.6722 0 -10.635
      vertex 59.3453 6.23744 -10.635
      vertex 59.5896 6.26312 -9.08634
    endloop
  endfacet
  facet normal 0.747287 0.380768 -0.544591
    outer loop
      vertex 52.1957 23.239 -16.3253
      vertex 49.4806 28.5676 -16.3253
      vertex 52.9768 23.5868 -15.0103
    endloop
  endfacet
  facet normal 0.255638 0.0404874 -0.965924
    outer loop
      vertex 49.3633 5.1883 -21.7669
      vertex 47.8551 5.02977 -22.1727
      vertex 48.5506 10.3197 -21.7669
    endloop
  endfacet
  facet normal 0.628457 0.776083 -0.0523196
    outer loop
      vertex 40.0929 44.5276 -9.08634
      vertex 35.2671 48.541 -7.52056
      vertex 40.1478 44.5887 -7.52056
    endloop
  endfacet
  facet normal 0.352842 0.285722 0.890991
    outer loop
      vertex 42.4734 30.8587 20.4931
      vertex 39.0151 35.1294 20.4931
      vertex 41.3416 30.0364 21.205
    endloop
  endfacet
  facet normal 0.0244633 0.154456 0.987697
    outer loop
      vertex 5.02977 47.8551 22.1727
      vertex 4.86767 46.3128 22.4179
      vertex 10.0044 47.0672 22.1727
    endloop
  endfacet
  facet normal 0.0370263 0.0370263 0.998628
    outer loop
      vertex 31.16 34.6067 22.4179
      vertex 33.4415 30.1109 22.5
      vertex 34.6067 31.16 22.4179
    endloop
  endfacet
  facet normal 0.0370263 0.0370263 0.998628
    outer loop
      vertex 33.4415 30.1109 22.5
      vertex 31.16 34.6067 22.4179
      vertex 30.1109 33.4415 22.5
    endloop
  endfacet
  facet normal 0.776073 0.0406749 0.62933
    outer loop
      vertex 57.1353 0 16.3253
      vertex 55.8396 5.86898 17.5438
      vertex 56.1472 0 17.5438
    endloop
  endfacet
  facet normal 0.139343 -0.0709983 0.987696
    outer loop
      vertex 42.5419 -18.9409 22.4179
      vertex 40.329 -23.284 22.4179
      vertex 41.672 -24.0593 22.1727
    endloop
  endfacet
  facet normal 0.404546 0.206127 0.890985
    outer loop
      vertex 45.4663 26.25 20.4931
      vertex 44.2548 25.5505 21.205
      vertex 46.6831 20.7847 21.205
    endloop
  endfacet
  facet normal 0.253411 0.660146 0.707099
    outer loop
      vertex 22.8371 51.293 17.5438
      vertex 17.0074 52.3433 18.6525
      vertex 22.3855 50.2788 18.6525
    endloop
  endfacet
  facet normal 0.250001 0.0669876 0.965926
    outer loop
      vertex 48.5506 10.3197 21.7669
      vertex 45.7636 14.8695 22.1727
      vertex 47.0672 10.0044 22.1727
    endloop
  endfacet
  facet normal -0.195185 -0.300557 0.933578
    outer loop
      vertex -24.8176 -42.9854 21.7669
      vertex -30.0364 -41.3416 21.205
      vertex -25.5505 -44.2548 21.205
    endloop
  endfacet
  facet normal -0.25847 -0.9646 -0.0523532
    outer loop
      vertex -12.4747 -58.6889 -7.52056
      vertex -18.541 -57.0634 -7.52056
      vertex -12.4576 -58.6085 -9.08634
    endloop
  endfacet
  facet normal -0.0187595 0.357872 0.933582
    outer loop
      vertex 0 51.1011 21.205
      vertex -5.34151 50.8211 21.205
      vertex -5.1883 49.3633 21.7669
    endloop
  endfacet
  facet normal -0.139378 0.880046 0.453975
    outer loop
      vertex -6.13615 58.3816 13.6132
      vertex -12.0569 56.7232 15.0103
      vertex -6.06165 57.6727 15.0103
    endloop
  endfacet
  facet normal -0.225527 0.27851 0.933579
    outer loop
      vertex -30.0364 41.3416 21.205
      vertex -34.1933 37.9755 21.205
      vertex -33.2125 36.8862 21.7669
    endloop
  endfacet
  facet normal -0.334563 -0.871567 -0.358384
    outer loop
      vertex -18.1403 -55.83 -13.6132
      vertex -24.1056 -54.142 -12.1495
      vertex -23.8767 -53.628 -13.6132
    endloop
  endfacet
  facet normal -0.0522664 -0.997262 0.0523223
    outer loop
      vertex -6.26312 -59.5896 9.08634
      vertex -6.27171 -59.6713 7.52056
      vertex 0 -60 7.52056
    endloop
  endfacet
  facet normal 0.48907 -0.603944 -0.629335
    outer loop
      vertex 33.5833 -46.2234 -16.3253
      vertex 33.0025 -45.424 -17.5438
      vertex 38.2309 -42.4598 -16.3253
    endloop
  endfacet
  facet normal -0.0522664 -0.997262 -0.0523223
    outer loop
      vertex 0 -60 -7.52056
      vertex -6.27171 -59.6713 -7.52056
      vertex -6.26312 -59.5896 -9.08634
    endloop
  endfacet
  facet normal -0.146038 -0.922077 -0.358396
    outer loop
      vertex -6.19497 -58.9412 -12.1495
      vertex -12.2051 -57.4204 -13.6132
      vertex -6.13615 -58.3816 -13.6132
    endloop
  endfacet
  facet normal 0.35395 0.0560573 0.933583
    outer loop
      vertex 49.9844 10.6245 21.205
      vertex 48.5506 10.3197 21.7669
      vertex 50.8211 5.34151 21.205
    endloop
  endfacet
  facet normal 0.0517186 -0.00819204 0.998628
    outer loop
      vertex 44.7535 -4.70378 22.5
      vertex 44.0166 -9.35603 22.5
      vertex 46.3128 -4.86767 22.4179
    endloop
  endfacet
  facet normal 0.537899 -0.0851944 0.838693
    outer loop
      vertex 53.522 -5.62539 19.6392
      vertex 52.2124 -5.48774 20.4931
      vertex 52.6408 -11.1891 19.6392
    endloop
  endfacet
  facet normal -0.156167 0.0081844 0.987697
    outer loop
      vertex -47.8551 5.02977 22.1727
      vertex -48.1187 0 22.1727
      vertex -46.3128 4.86767 22.4179
    endloop
  endfacet
  facet normal 0.16287 0.20113 0.96593
    outer loop
      vertex 33.2125 36.8862 21.7669
      vertex 28.2834 38.9288 22.1727
      vertex 32.1977 35.7591 22.1727
    endloop
  endfacet
  facet normal 0.0329528 -0.0406939 0.998628
    outer loop
      vertex 30.1109 -33.4415 22.5
      vertex 27.3719 -37.6742 22.4179
      vertex 31.16 -34.6067 22.4179
    endloop
  endfacet
  facet normal 0.0851944 -0.537899 0.838693
    outer loop
      vertex 11.1891 -52.6408 19.6392
      vertex 5.48774 -52.2124 20.4931
      vertex 5.62539 -53.522 19.6392
    endloop
  endfacet
  facet normal 0.0285203 -0.043916 0.998628
    outer loop
      vertex 26.4503 -36.4058 22.5
      vertex 23.284 -40.329 22.4179
      vertex 27.3719 -37.6742 22.4179
    endloop
  endfacet
  facet normal 0.453369 -0.889787 0.0523045
    outer loop
      vertex 29.9589 -51.8904 9.08634
      vertex 24.4042 -54.8127 7.52056
      vertex 30 -51.9615 7.52056
    endloop
  endfacet
  facet normal 0.217052 -0.810083 0.544659
    outer loop
      vertex 17.6558 -54.3389 16.3253
      vertex 11.8791 -55.8867 16.3253
      vertex 12.0569 -56.7232 15.0103
    endloop
  endfacet
  facet normal 0.860637 -0.438515 0.258859
    outer loop
      vertex 54.142 -24.1056 12.1495
      vertex 51.6777 -29.8361 10.635
      vertex 54.5133 -24.2709 10.635
    endloop
  endfacet
  facet normal 0.725524 -0.587523 0.358374
    outer loop
      vertex 47.4919 -34.5049 13.6132
      vertex 44.0431 -39.6566 12.1495
      vertex 47.9471 -34.8356 12.1495
    endloop
  endfacet
  facet normal 0.353942 -0.922092 -0.156435
    outer loop
      vertex 18.5156 -56.9852 -9.08634
      vertex 18.4397 -56.7516 -10.635
      vertex 24.3708 -54.7377 -9.08634
    endloop
  endfacet
  facet normal 0.810096 -0.526099 -0.258773
    outer loop
      vertex 48.2758 -35.0744 -10.635
      vertex 47.9471 -34.8356 -12.1495
      vertex 51.6777 -29.8361 -10.635
    endloop
  endfacet
  facet normal -0.423867 -0.162712 -0.890989
    outer loop
      vertex -47.9611 -21.3537 -20.4931
      vertex -49.9305 -16.2234 -20.4931
      vertex -48.6 -15.7911 -21.205
    endloop
  endfacet
  facet normal 0.0244633 -0.154456 -0.987697
    outer loop
      vertex 5.02977 -47.8551 -22.1727
      vertex 4.86767 -46.3128 -22.4179
      vertex 10.0044 -47.0672 -22.1727
    endloop
  endfacet
  facet normal 0.70615 0.037008 -0.707094
    outer loop
      vertex 55.037 0 -18.6525
      vertex 54.7355 5.75293 -18.6525
      vertex 55.8396 5.86898 -17.5438
    endloop
  endfacet
  facet normal 0.543858 -0.028501 -0.838693
    outer loop
      vertex 53.522 -5.62539 -19.6392
      vertex 52.2124 -5.48774 -20.4931
      vertex 53.8168 0 -19.6392
    endloop
  endfacet
  facet normal 0.346175 -0.901779 -0.25876
    outer loop
      vertex 18.4397 -56.7516 -10.635
      vertex 18.3142 -56.3652 -12.1495
      vertex 24.1056 -54.142 -12.1495
    endloop
  endfacet
  facet normal 0.0406939 -0.0329528 -0.998628
    outer loop
      vertex 34.6067 -31.16 -22.4179
      vertex 33.4415 -30.1109 -22.5
      vertex 37.6742 -27.3719 -22.4179
    endloop
  endfacet
  facet normal 0.975525 -0.154507 -0.156457
    outer loop
      vertex 58.6085 -12.4576 -9.08634
      vertex 58.3682 -12.4066 -10.635
      vertex 59.5896 -6.26312 -9.08634
    endloop
  endfacet
  facet normal 0.964598 -0.258473 0.052368
    outer loop
      vertex 58.6085 -12.4576 9.08634
      vertex 56.9852 -18.5156 9.08634
      vertex 57.0634 -18.541 7.52056
    endloop
  endfacet
  facet normal 0.901779 -0.346175 -0.25876
    outer loop
      vertex 56.7516 -18.4397 -10.635
      vertex 54.142 -24.1056 -12.1495
      vertex 56.3652 -18.3142 -12.1495
    endloop
  endfacet
  facet normal 0.404546 -0.206127 -0.890985
    outer loop
      vertex 45.4663 -26.25 -20.4931
      vertex 44.2548 -25.5505 -21.205
      vertex 46.6831 -20.7847 -21.205
    endloop
  endfacet
  facet normal 0.954032 -0.255638 -0.156435
    outer loop
      vertex 56.9852 -18.5156 -9.08634
      vertex 56.7516 -18.4397 -10.635
      vertex 58.3682 -12.4066 -10.635
    endloop
  endfacet
  facet normal 0.90175 -0.241611 0.358429
    outer loop
      vertex 57.9707 -12.3221 12.1495
      vertex 55.83 -18.1403 13.6132
      vertex 56.3652 -18.3142 12.1495
    endloop
  endfacet
  facet normal 0.0984156 -0.121535 -0.987696
    outer loop
      vertex 28.2834 -38.9288 -22.1727
      vertex 27.3719 -37.6742 -22.4179
      vertex 32.1977 -35.7591 -22.1727
    endloop
  endfacet
  facet normal 0.630039 -0.630039 -0.453984
    outer loop
      vertex 43.625 -39.2801 -13.6132
      vertex 38.8031 -43.0953 -15.0103
      vertex 43.0953 -38.8031 -15.0103
    endloop
  endfacet
  facet normal 0.630039 -0.630039 -0.453984
    outer loop
      vertex 38.8031 -43.0953 -15.0103
      vertex 43.625 -39.2801 -13.6132
      vertex 39.2801 -43.625 -13.6132
    endloop
  endfacet
  facet normal 0.628441 -0.0329354 0.77716
    outer loop
      vertex 55.037 0 18.6525
      vertex 53.8168 0 19.6392
      vertex 54.7355 -5.75293 18.6525
    endloop
  endfacet
  facet normal 0.889794 -0.0466354 0.453973
    outer loop
      vertex 57.9904 0 15.0103
      vertex 57.6727 -6.06165 15.0103
      vertex 58.7032 0 13.6132
    endloop
  endfacet
  facet normal -0.560728 0.285706 -0.777146
    outer loop
      vertex -49.1641 21.8893 -19.6392
      vertex -50.2788 22.3855 -18.6525
      vertex -47.6634 27.5185 -18.6525
    endloop
  endfacet
  facet normal -0.051693 -0.986332 -0.15645
    outer loop
      vertex 0 -59.6722 -10.635
      vertex -6.26312 -59.5896 -9.08634
      vertex -6.23744 -59.3453 -10.635
    endloop
  endfacet
  facet normal 0.028501 -0.543858 -0.838693
    outer loop
      vertex 5.62539 -53.522 -19.6392
      vertex 0 -53.8168 -19.6392
      vertex 5.48774 -52.2124 -20.4931
    endloop
  endfacet
  facet normal -0.11062 -0.698416 0.707091
    outer loop
      vertex -11.4428 -53.8343 18.6525
      vertex -11.6737 -54.9202 17.5438
      vertex -5.75293 -54.7355 18.6525
    endloop
  endfacet
  facet normal -0.346175 -0.901779 -0.25876
    outer loop
      vertex -18.4397 -56.7516 -10.635
      vertex -24.1056 -54.142 -12.1495
      vertex -18.3142 -56.3652 -12.1495
    endloop
  endfacet
  facet normal -0.146054 0.922092 -0.358349
    outer loop
      vertex -12.2051 57.4204 -13.6132
      vertex -12.3221 57.9707 -12.1495
      vertex -6.19497 58.9412 -12.1495
    endloop
  endfacet
  facet normal 0.0187642 0.0488827 -0.998628
    outer loop
      vertex 18.3031 41.1095 -22.5
      vertex 14.3903 44.2887 -22.4179
      vertex 18.9409 42.5419 -22.4179
    endloop
  endfacet
  facet normal -0.444987 -0.549514 0.707121
    outer loop
      vertex -36.8269 -40.9004 18.6525
      vertex -37.5698 -41.7255 17.5438
      vertex -32.3499 -44.5258 18.6525
    endloop
  endfacet
  facet normal -0.871546 -0.334569 0.358429
    outer loop
      vertex -55.83 -18.1403 13.6132
      vertex -56.3652 -18.3142 12.1495
      vertex -54.142 -24.1056 12.1495
    endloop
  endfacet
  facet normal 0.438575 0.117517 -0.890978
    outer loop
      vertex 49.9844 10.6245 -21.205
      vertex 48.6 15.7911 -21.205
      vertex 51.3527 10.9154 -20.4931
    endloop
  endfacet
  facet normal 0.0488839 -0.0187652 -0.998628
    outer loop
      vertex 44.2887 -14.3903 -22.4179
      vertex 41.1095 -18.3031 -22.5
      vertex 42.7975 -13.9058 -22.5
    endloop
  endfacet
  facet normal 0.628457 0.776083 0.0523196
    outer loop
      vertex 40.1478 44.5887 7.52056
      vertex 35.2671 48.541 7.52056
      vertex 40.0929 44.5276 9.08634
    endloop
  endfacet
  facet normal 0.445009 0.445009 -0.777131
    outer loop
      vertex 39.9937 36.0105 -19.6392
      vertex 36.8269 40.9004 -18.6525
      vertex 40.9004 36.8269 -18.6525
    endloop
  endfacet
  facet normal 0.445009 0.445009 -0.777131
    outer loop
      vertex 36.8269 40.9004 -18.6525
      vertex 39.9937 36.0105 -19.6392
      vertex 36.0105 39.9937 -19.6392
    endloop
  endfacet
  facet normal 0.93229 0.048862 -0.358396
    outer loop
      vertex 58.7032 0 -13.6132
      vertex 58.3816 6.13615 -13.6132
      vertex 58.9412 6.19497 -12.1495
    endloop
  endfacet
  facet normal 0.776069 -0.040673 -0.629335
    outer loop
      vertex 56.8223 -5.97226 -16.3253
      vertex 55.8396 -5.86898 -17.5438
      vertex 57.1353 0 -16.3253
    endloop
  endfacet
  facet normal 0.660146 0.253411 -0.707099
    outer loop
      vertex 52.3433 17.0074 -18.6525
      vertex 50.2788 22.3855 -18.6525
      vertex 51.293 22.8371 -17.5438
    endloop
  endfacet
  facet normal 0.603944 0.48907 -0.629335
    outer loop
      vertex 45.424 33.0025 -17.5438
      vertex 42.4598 38.2309 -16.3253
      vertex 46.2234 33.5833 -16.3253
    endloop
  endfacet
  facet normal 0.933013 0.249988 -0.258829
    outer loop
      vertex 57.9707 12.3221 -12.1495
      vertex 56.3652 18.3142 -12.1495
      vertex 58.3682 12.4066 -10.635
    endloop
  endfacet
  facet normal 0.964608 0.0505545 -0.258795
    outer loop
      vertex 59.6722 0 -10.635
      vertex 58.9412 6.19497 -12.1495
      vertex 59.3453 6.23744 -10.635
    endloop
  endfacet
  facet normal 0.889786 0.453372 0.0522912
    outer loop
      vertex 54.8127 24.4042 7.52056
      vertex 51.8904 29.9589 9.08634
      vertex 54.7377 24.3708 9.08634
    endloop
  endfacet
  facet normal 0.998629 0.0523381 0
    outer loop
      vertex 60 0 7.52056
      vertex 59.6713 6.27171 -7.52056
      vertex 59.6713 6.27171 7.52056
    endloop
  endfacet
  facet normal 0.998629 0.0523381 0
    outer loop
      vertex 59.6713 6.27171 -7.52056
      vertex 60 0 7.52056
      vertex 60 0 -7.52056
    endloop
  endfacet
  facet normal 0.997262 -0.0522664 -0.0523223
    outer loop
      vertex 59.6713 -6.27171 -7.52056
      vertex 59.5896 -6.26312 -9.08634
      vertex 60 0 -7.52056
    endloop
  endfacet
  facet normal 0.932308 0.0488505 -0.35835
    outer loop
      vertex 59.2658 0 -12.1495
      vertex 58.7032 0 -13.6132
      vertex 58.9412 6.19497 -12.1495
    endloop
  endfacet
  facet normal 0.782971 0.508453 -0.358375
    outer loop
      vertex 50.8384 29.3516 -13.6132
      vertex 47.4919 34.5049 -13.6132
      vertex 47.9471 34.8356 -12.1495
    endloop
  endfacet
  facet normal 0.828339 0.537942 -0.156438
    outer loop
      vertex 51.8904 29.9589 -9.08634
      vertex 48.2758 35.0744 -10.635
      vertex 48.4745 35.2188 -9.08634
    endloop
  endfacet
  facet normal 0.901779 0.346175 -0.25876
    outer loop
      vertex 56.3652 18.3142 -12.1495
      vertex 54.142 24.1056 -12.1495
      vertex 56.7516 18.4397 -10.635
    endloop
  endfacet
  facet normal 0.0488505 0.932308 -0.35835
    outer loop
      vertex 6.19497 58.9412 -12.1495
      vertex 0 58.7032 -13.6132
      vertex 0 59.2658 -12.1495
    endloop
  endfacet
  facet normal 0.131202 0.828331 -0.544659
    outer loop
      vertex 11.8791 55.8867 -16.3253
      vertex 5.97226 56.8223 -16.3253
      vertex 12.0569 56.7232 -15.0103
    endloop
  endfacet
  facet normal -0.037008 0.70615 0.707094
    outer loop
      vertex 0 55.037 18.6525
      vertex -5.86898 55.8396 17.5438
      vertex -5.75293 54.7355 18.6525
    endloop
  endfacet
  facet normal 0.49999 0.49999 0.707121
    outer loop
      vertex 37.5698 41.7255 17.5438
      vertex 40.9004 36.8269 18.6525
      vertex 41.7255 37.5698 17.5438
    endloop
  endfacet
  facet normal 0.49999 0.49999 0.707121
    outer loop
      vertex 40.9004 36.8269 18.6525
      vertex 37.5698 41.7255 17.5438
      vertex 36.8269 40.9004 18.6525
    endloop
  endfacet
  facet normal 0.131158 0.0851776 0.987696
    outer loop
      vertex 41.672 24.0593 22.1727
      vertex 37.6742 27.3719 22.4179
      vertex 40.329 23.284 22.4179
    endloop
  endfacet
  facet normal 0.230596 0.117497 0.96593
    outer loop
      vertex 45.3441 20.1885 21.7669
      vertex 42.9854 24.8176 21.7669
      vertex 43.9586 19.5716 22.1727
    endloop
  endfacet
  facet normal 0.255633 0.0404882 0.965926
    outer loop
      vertex 48.5506 10.3197 21.7669
      vertex 47.0672 10.0044 22.1727
      vertex 47.8551 5.02977 22.1727
    endloop
  endfacet
  facet normal 0.151053 -0.0404751 0.987697
    outer loop
      vertex 45.5503 -9.68202 22.4179
      vertex 44.2887 -14.3903 22.4179
      vertex 45.7636 -14.8695 22.1727
    endloop
  endfacet
  facet normal 0.319313 0.162698 0.933578
    outer loop
      vertex 44.2548 25.5505 21.205
      vertex 42.9854 24.8176 21.7669
      vertex 46.6831 20.7847 21.205
    endloop
  endfacet
  facet normal 0.0329539 -0.0406946 0.998628
    outer loop
      vertex 30.1109 -33.4415 22.5
      vertex 26.4503 -36.4058 22.5
      vertex 27.3719 -37.6742 22.4179
    endloop
  endfacet
  facet normal 0.128418 0.334558 0.933584
    outer loop
      vertex 15.7911 48.6 21.205
      vertex 15.3381 47.2059 21.7669
      vertex 20.1885 45.3441 21.7669
    endloop
  endfacet
  facet normal 0.319321 0.162706 0.933574
    outer loop
      vertex 46.6831 20.7847 21.205
      vertex 42.9854 24.8176 21.7669
      vertex 45.3441 20.1885 21.7669
    endloop
  endfacet
  facet normal 0.346148 0.0927516 0.933584
    outer loop
      vertex 48.6 15.7911 21.205
      vertex 47.2059 15.3381 21.7669
      vertex 48.5506 10.3197 21.7669
    endloop
  endfacet
  facet normal 0.703382 0.456776 0.544618
    outer loop
      vertex 50.2211 28.9952 15.0103
      vertex 46.9152 34.0859 15.0103
      vertex 49.4806 28.5676 16.3253
    endloop
  endfacet
  facet normal -0.0135522 -0.0505776 0.998628
    outer loop
      vertex -13.9058 -42.7975 22.5
      vertex -14.3903 -44.2887 22.4179
      vertex -9.35603 -44.0166 22.5
    endloop
  endfacet
  facet normal -0.151112 -0.95403 0.258829
    outer loop
      vertex -12.3221 -57.9707 12.1495
      vertex -12.4066 -58.3682 10.635
      vertex -6.19497 -58.9412 12.1495
    endloop
  endfacet
  facet normal -0.621566 0.0984478 0.777151
    outer loop
      vertex -53.8343 11.4428 18.6525
      vertex -54.7355 5.75293 18.6525
      vertex -52.6408 11.1891 19.6392
    endloop
  endfacet
  facet normal -0.0851969 0.537885 0.838702
    outer loop
      vertex -5.48774 52.2124 20.4931
      vertex -11.1891 52.6408 19.6392
      vertex -10.9154 51.3527 20.4931
    endloop
  endfacet
  facet normal 0.206126 0.404544 0.890986
    outer loop
      vertex 21.3537 47.9611 20.4931
      vertex 20.7847 46.6831 21.205
      vertex 26.25 45.4663 20.4931
    endloop
  endfacet
  facet normal -0.018762 0.357879 0.93358
    outer loop
      vertex 0 51.1011 21.205
      vertex -5.1883 49.3633 21.7669
      vertex 0 49.6353 21.7669
    endloop
  endfacet
  facet normal -0.0370098 0.706144 0.7071
    outer loop
      vertex 0 56.1472 17.5438
      vertex -5.86898 55.8396 17.5438
      vertex 0 55.037 18.6525
    endloop
  endfacet
  facet normal 0.319312 0.831835 0.453973
    outer loop
      vertex 18.1403 55.83 13.6132
      vertex 17.92 55.1521 15.0103
      vertex 23.8767 53.628 13.6132
    endloop
  endfacet
  facet normal -0.45399 0.891007 0
    outer loop
      vertex -24.4042 54.8127 -7.52056
      vertex -30 51.9615 7.52056
      vertex -24.4042 54.8127 7.52056
    endloop
  endfacet
  facet normal -0.45399 0.891007 0
    outer loop
      vertex -30 51.9615 7.52056
      vertex -24.4042 54.8127 -7.52056
      vertex -30 51.9615 -7.52056
    endloop
  endfacet
  facet normal -0.651777 0.423264 -0.629313
    outer loop
      vertex -48.6249 28.0736 -17.5438
      vertex -49.4806 28.5676 -16.3253
      vertex -46.2234 33.5833 -16.3253
    endloop
  endfacet
  facet normal 0.0466354 -0.889794 -0.453973
    outer loop
      vertex 6.06165 -57.6727 -15.0103
      vertex 0 -58.7032 -13.6132
      vertex 0 -57.9904 -15.0103
    endloop
  endfacet
  facet normal 0.139378 -0.880046 -0.453975
    outer loop
      vertex 6.13615 -58.3816 -13.6132
      vertex 6.06165 -57.6727 -15.0103
      vertex 12.0569 -56.7232 -15.0103
    endloop
  endfacet
  facet normal 0.154507 -0.975525 -0.156457
    outer loop
      vertex 12.4576 -58.6085 -9.08634
      vertex 6.26312 -59.5896 -9.08634
      vertex 12.4066 -58.3682 -10.635
    endloop
  endfacet
  facet normal 0.630039 -0.630039 0.453984
    outer loop
      vertex 38.8031 -43.0953 15.0103
      vertex 43.625 -39.2801 13.6132
      vertex 43.0953 -38.8031 15.0103
    endloop
  endfacet
  facet normal 0.630039 -0.630039 0.453984
    outer loop
      vertex 43.625 -39.2801 13.6132
      vertex 38.8031 -43.0953 15.0103
      vertex 39.2801 -43.625 13.6132
    endloop
  endfacet
  facet normal 0.0522916 -0.00274044 0.998628
    outer loop
      vertex 46.5679 0 22.4179
      vertex 44.7535 -4.70378 22.5
      vertex 46.3128 -4.86767 22.4179
    endloop
  endfacet
  facet normal 0.110581 -0.110581 0.987696
    outer loop
      vertex 34.6067 -31.16 22.4179
      vertex 32.1977 -35.7591 22.1727
      vertex 35.7591 -32.1977 22.1727
    endloop
  endfacet
  facet normal 0.110581 -0.110581 0.987696
    outer loop
      vertex 32.1977 -35.7591 22.1727
      vertex 34.6067 -31.16 22.4179
      vertex 31.16 -34.6067 22.4179
    endloop
  endfacet
  facet normal 0.250001 -0.0669876 0.965926
    outer loop
      vertex 47.0672 -10.0044 22.1727
      vertex 45.7636 -14.8695 22.1727
      vertex 48.5506 -10.3197 21.7669
    endloop
  endfacet
  facet normal 0.444987 -0.549514 0.707121
    outer loop
      vertex 36.8269 -40.9004 18.6525
      vertex 32.3499 -44.5258 18.6525
      vertex 37.5698 -41.7255 17.5438
    endloop
  endfacet
  facet normal 0.537885 -0.0851969 0.838702
    outer loop
      vertex 52.2124 -5.48774 20.4931
      vertex 51.3527 -10.9154 20.4931
      vertex 52.6408 -11.1891 19.6392
    endloop
  endfacet
  facet normal 0.145995 -0.0560418 0.987697
    outer loop
      vertex 44.2887 -14.3903 22.4179
      vertex 42.5419 -18.9409 22.4179
      vertex 45.7636 -14.8695 22.1727
    endloop
  endfacet
  facet normal 0.0370263 -0.0370263 0.998628
    outer loop
      vertex 33.4415 -30.1109 22.5
      vertex 31.16 -34.6067 22.4179
      vertex 34.6067 -31.16 22.4179
    endloop
  endfacet
  facet normal 0.0370263 -0.0370263 0.998628
    outer loop
      vertex 31.16 -34.6067 22.4179
      vertex 33.4415 -30.1109 22.5
      vertex 30.1109 -33.4415 22.5
    endloop
  endfacet
  facet normal 0.321015 -0.630035 0.707111
    outer loop
      vertex 27.5185 -47.6634 18.6525
      vertex 22.8371 -51.293 17.5438
      vertex 28.0736 -48.6249 17.5438
    endloop
  endfacet
  facet normal 0.342732 -0.423244 0.838689
    outer loop
      vertex 35.1294 -39.0151 20.4931
      vertex 30.8587 -42.4734 20.4931
      vertex 31.6327 -43.5387 19.6392
    endloop
  endfacet
  facet normal 0.0439134 0.0285171 0.998628
    outer loop
      vertex 40.329 23.284 22.4179
      vertex 36.4058 26.4503 22.5
      vertex 38.9711 22.5 22.5
    endloop
  endfacet
  facet normal 0.201132 -0.750665 0.629323
    outer loop
      vertex 17.6558 -54.3389 16.3253
      vertex 11.6737 -54.9202 17.5438
      vertex 11.8791 -55.8867 16.3253
    endloop
  endfacet
  facet normal 0.0488839 -0.0187652 0.998628
    outer loop
      vertex 42.7975 -13.9058 22.5
      vertex 41.1095 -18.3031 22.5
      vertex 44.2887 -14.3903 22.4179
    endloop
  endfacet
  facet normal 0.131158 -0.0851776 0.987696
    outer loop
      vertex 40.329 -23.284 22.4179
      vertex 37.6742 -27.3719 22.4179
      vertex 41.672 -24.0593 22.1727
    endloop
  endfacet
  facet normal 0.0466534 -0.0237708 0.998628
    outer loop
      vertex 41.1095 -18.3031 22.5
      vertex 38.9711 -22.5 22.5
      vertex 42.5419 -18.9409 22.4179
    endloop
  endfacet
  facet normal 0.154458 0.0244631 0.987697
    outer loop
      vertex 47.0672 10.0044 22.1727
      vertex 45.5503 9.68202 22.4179
      vertex 46.3128 4.86767 22.4179
    endloop
  endfacet
  facet normal 0.0081844 -0.156167 0.987697
    outer loop
      vertex 4.86767 -46.3128 22.4179
      vertex 0 -48.1187 22.1727
      vertex 5.02977 -47.8551 22.1727
    endloop
  endfacet
  facet normal 0.0927515 -0.34615 0.933583
    outer loop
      vertex 15.7911 -48.6 21.205
      vertex 10.3197 -48.5506 21.7669
      vertex 10.6245 -49.9844 21.205
    endloop
  endfacet
  facet normal 0.151112 -0.95403 0.258829
    outer loop
      vertex 12.3221 -57.9707 12.1495
      vertex 6.19497 -58.9412 12.1495
      vertex 12.4066 -58.3682 10.635
    endloop
  endfacet
  facet normal 0.121574 -0.767566 0.629334
    outer loop
      vertex 11.6737 -54.9202 17.5438
      vertex 5.86898 -55.8396 17.5438
      vertex 5.97226 -56.8223 16.3253
    endloop
  endfacet
  facet normal 0.357882 -0.932302 0.0522908
    outer loop
      vertex 24.3708 -54.7377 9.08634
      vertex 18.541 -57.0634 7.52056
      vertex 24.4042 -54.8127 7.52056
    endloop
  endfacet
  facet normal 0.0187595 -0.357872 0.933582
    outer loop
      vertex 5.1883 -49.3633 21.7669
      vertex 0 -51.1011 21.205
      vertex 5.34151 -50.8211 21.205
    endloop
  endfacet
  facet normal -0.901773 -0.24164 -0.358351
    outer loop
      vertex -55.83 -18.1403 -13.6132
      vertex -57.9707 -12.3221 -12.1495
      vertex -57.4204 -12.2051 -13.6132
    endloop
  endfacet
  facet normal -0.0505423 -0.964597 0.258839
    outer loop
      vertex 0 -59.2658 12.1495
      vertex -6.19497 -58.9412 12.1495
      vertex 0 -59.6722 10.635
    endloop
  endfacet
  facet normal 0.0522664 -0.997262 0.0523223
    outer loop
      vertex 6.26312 -59.5896 9.08634
      vertex 0 -60 7.52056
      vertex 6.27171 -59.6713 7.52056
    endloop
  endfacet
  facet normal 0.448404 -0.880037 0.156424
    outer loop
      vertex 29.8361 -51.6777 10.635
      vertex 24.3708 -54.7377 9.08634
      vertex 29.9589 -51.8904 9.08634
    endloop
  endfacet
  facet normal 0.357862 -0.932305 0.0523675
    outer loop
      vertex 24.3708 -54.7377 9.08634
      vertex 18.5156 -56.9852 9.08634
      vertex 18.541 -57.0634 7.52056
    endloop
  endfacet
  facet normal 0.889786 -0.453372 -0.0522912
    outer loop
      vertex 54.8127 -24.4042 -7.52056
      vertex 51.8904 -29.9589 -9.08634
      vertex 54.7377 -24.3708 -9.08634
    endloop
  endfacet
  facet normal 0.300565 -0.782994 0.544593
    outer loop
      vertex 23.239 -52.1957 16.3253
      vertex 17.6558 -54.3389 16.3253
      vertex 17.92 -55.1521 15.0103
    endloop
  endfacet
  facet normal 0.162875 -0.607871 -0.777152
    outer loop
      vertex 11.4428 -53.8343 -18.6525
      vertex 11.1891 -52.6408 -19.6392
      vertex 17.0074 -52.3433 -18.6525
    endloop
  endfacet
  facet normal 0.300567 -0.782996 -0.544589
    outer loop
      vertex 23.5868 -52.9768 -15.0103
      vertex 17.92 -55.1521 -15.0103
      vertex 23.239 -52.1957 -16.3253
    endloop
  endfacet
  facet normal 0.777147 -0.629319 0
    outer loop
      vertex 44.5887 -40.1478 7.52056
      vertex 48.541 -35.2671 -7.52056
      vertex 48.541 -35.2671 7.52056
    endloop
  endfacet
  facet normal 0.777147 -0.629319 0
    outer loop
      vertex 48.541 -35.2671 -7.52056
      vertex 44.5887 -40.1478 7.52056
      vertex 44.5887 -40.1478 -7.52056
    endloop
  endfacet
  facet normal 0.537942 -0.828339 -0.156438
    outer loop
      vertex 35.2188 -48.4745 -9.08634
      vertex 29.9589 -51.8904 -9.08634
      vertex 35.0744 -48.2758 -10.635
    endloop
  endfacet
  facet normal -0.00819086 0.0517163 -0.998628
    outer loop
      vertex -9.35603 44.0166 -22.5
      vertex -9.68202 45.5503 -22.4179
      vertex -4.86767 46.3128 -22.4179
    endloop
  endfacet
  facet normal 0.195185 -0.300557 -0.933578
    outer loop
      vertex 25.5505 -44.2548 -21.205
      vertex 24.8176 -42.9854 -21.7669
      vertex 30.0364 -41.3416 -21.205
    endloop
  endfacet
  facet normal 0.0406939 0.0329528 -0.998628
    outer loop
      vertex 37.6742 27.3719 -22.4179
      vertex 33.4415 30.1109 -22.5
      vertex 34.6067 31.16 -22.4179
    endloop
  endfacet
  facet normal 0.156167 0.00818423 -0.987697
    outer loop
      vertex 46.5679 0 -22.4179
      vertex 46.3128 4.86767 -22.4179
      vertex 48.1187 0 -22.1727
    endloop
  endfacet
  facet normal -0.0709983 -0.139343 -0.987696
    outer loop
      vertex -18.9409 -42.5419 -22.4179
      vertex -24.0593 -41.672 -22.1727
      vertex -23.284 -40.329 -22.4179
    endloop
  endfacet
  facet normal 0.151053 -0.0404751 -0.987697
    outer loop
      vertex 45.7636 -14.8695 -22.1727
      vertex 44.2887 -14.3903 -22.4179
      vertex 45.5503 -9.68202 -22.4179
    endloop
  endfacet
  facet normal 0.353952 -0.0560581 -0.933582
    outer loop
      vertex 50.8211 -5.34151 -21.205
      vertex 48.5506 -10.3197 -21.7669
      vertex 49.3633 -5.1883 -21.7669
    endloop
  endfacet
  facet normal 0.230603 -0.117498 -0.965928
    outer loop
      vertex 42.9854 -24.8176 -21.7669
      vertex 41.672 -24.0593 -22.1727
      vertex 43.9586 -19.5716 -22.1727
    endloop
  endfacet
  facet normal 0.0517163 0.00819086 -0.998628
    outer loop
      vertex 46.3128 4.86767 -22.4179
      vertex 44.0166 9.35603 -22.5
      vertex 45.5503 9.68202 -22.4179
    endloop
  endfacet
  facet normal 0.508422 0.195171 -0.838699
    outer loop
      vertex 49.9305 16.2234 -20.4931
      vertex 47.9611 21.3537 -20.4931
      vertex 49.1641 21.8893 -19.6392
    endloop
  endfacet
  facet normal 0.423244 -0.342732 -0.838689
    outer loop
      vertex 43.5387 -31.6327 -19.6392
      vertex 39.0151 -35.1294 -20.4931
      vertex 42.4734 -30.8587 -20.4931
    endloop
  endfacet
  facet normal -0.0984158 -0.121535 -0.987696
    outer loop
      vertex -27.3719 -37.6742 -22.4179
      vertex -32.1977 -35.7591 -22.1727
      vertex -31.16 -34.6067 -22.4179
    endloop
  endfacet
  facet normal 0.628441 0.0329354 0.77716
    outer loop
      vertex 54.7355 5.75293 18.6525
      vertex 53.8168 0 19.6392
      vertex 55.037 0 18.6525
    endloop
  endfacet
  facet normal 0.891007 -0.45399 0
    outer loop
      vertex 51.9615 -30 7.52056
      vertex 54.8127 -24.4042 -7.52056
      vertex 54.8127 -24.4042 7.52056
    endloop
  endfacet
  facet normal 0.891007 -0.45399 0
    outer loop
      vertex 54.8127 -24.4042 -7.52056
      vertex 51.9615 -30 7.52056
      vertex 51.9615 -30 -7.52056
    endloop
  endfacet
  facet normal 0.99726 -0.0522584 0.052354
    outer loop
      vertex 59.9178 0 9.08634
      vertex 59.5896 -6.26312 9.08634
      vertex 60 0 7.52056
    endloop
  endfacet
  facet normal 0.998629 -0.0523381 0
    outer loop
      vertex 59.6713 -6.27171 7.52056
      vertex 60 0 -7.52056
      vertex 60 0 7.52056
    endloop
  endfacet
  facet normal 0.998629 -0.0523381 0
    outer loop
      vertex 60 0 -7.52056
      vertex 59.6713 -6.27171 7.52056
      vertex 59.6713 -6.27171 -7.52056
    endloop
  endfacet
  facet normal 0.83183 -0.319312 0.453981
    outer loop
      vertex 55.1521 -17.92 15.0103
      vertex 52.9768 -23.5868 15.0103
      vertex 53.628 -23.8767 13.6132
    endloop
  endfacet
  facet normal 0.880052 -0.139383 0.453961
    outer loop
      vertex 58.3816 -6.13615 13.6132
      vertex 56.7232 -12.0569 15.0103
      vertex 57.4204 -12.2051 13.6132
    endloop
  endfacet
  facet normal 0.922092 -0.146054 -0.358349
    outer loop
      vertex 57.9707 -12.3221 -12.1495
      vertex 57.4204 -12.2051 -13.6132
      vertex 58.9412 -6.19497 -12.1495
    endloop
  endfacet
  facet normal 0.860658 -0.230623 -0.453961
    outer loop
      vertex 57.4204 -12.2051 -13.6132
      vertex 55.83 -18.1403 -13.6132
      vertex 56.7232 -12.0569 -15.0103
    endloop
  endfacet
  facet normal 0.537899 -0.0851944 -0.838693
    outer loop
      vertex 52.6408 -11.1891 -19.6392
      vertex 52.2124 -5.48774 -20.4931
      vertex 53.522 -5.62539 -19.6392
    endloop
  endfacet
  facet normal 0.651777 -0.423264 -0.629313
    outer loop
      vertex 49.4806 -28.5676 -16.3253
      vertex 46.2234 -33.5833 -16.3253
      vertex 48.6249 -28.0736 -17.5438
    endloop
  endfacet
  facet normal 0.385116 -0.593021 -0.707115
    outer loop
      vertex 33.0025 -45.424 -17.5438
      vertex 28.0736 -48.6249 -17.5438
      vertex 32.3499 -44.5258 -18.6525
    endloop
  endfacet
  facet normal 0.831835 -0.319312 -0.453973
    outer loop
      vertex 55.83 -18.1403 -13.6132
      vertex 53.628 -23.8767 -13.6132
      vertex 55.1521 -17.92 -15.0103
    endloop
  endfacet
  facet normal 0.90175 -0.241611 -0.358429
    outer loop
      vertex 56.3652 -18.3142 -12.1495
      vertex 55.83 -18.1403 -13.6132
      vertex 57.9707 -12.3221 -12.1495
    endloop
  endfacet
  facet normal 0.593024 -0.385121 -0.70711
    outer loop
      vertex 48.6249 -28.0736 -17.5438
      vertex 44.5258 -32.3499 -18.6525
      vertex 47.6634 -27.5185 -18.6525
    endloop
  endfacet
  facet normal 0.703381 -0.456776 -0.54462
    outer loop
      vertex 46.9152 -34.0859 -15.0103
      vertex 46.2234 -33.5833 -16.3253
      vertex 49.4806 -28.5676 -16.3253
    endloop
  endfacet
  facet normal 0.65177 -0.527791 -0.54464
    outer loop
      vertex 43.0953 -38.8031 -15.0103
      vertex 42.4598 -38.2309 -16.3253
      vertex 46.9152 -34.0859 -15.0103
    endloop
  endfacet
  facet normal 0.319312 -0.831835 -0.453973
    outer loop
      vertex 18.1403 -55.83 -13.6132
      vertex 17.92 -55.1521 -15.0103
      vertex 23.8767 -53.628 -13.6132
    endloop
  endfacet
  facet normal 0.162712 -0.423867 -0.890989
    outer loop
      vertex 16.2234 -49.9305 -20.4931
      vertex 15.7911 -48.6 -21.205
      vertex 21.3537 -47.9611 -20.4931
    endloop
  endfacet
  facet normal 0.776073 -0.0406749 0.62933
    outer loop
      vertex 56.1472 0 17.5438
      vertex 55.8396 -5.86898 17.5438
      vertex 57.1353 0 16.3253
    endloop
  endfacet
  facet normal 0.837538 -0.0438945 0.544613
    outer loop
      vertex 57.1353 0 16.3253
      vertex 56.8223 -5.97226 16.3253
      vertex 57.6727 -6.06165 15.0103
    endloop
  endfacet
  facet normal 0.70615 0.037008 0.707094
    outer loop
      vertex 55.8396 5.86898 17.5438
      vertex 54.7355 5.75293 18.6525
      vertex 55.037 0 18.6525
    endloop
  endfacet
  facet normal 0.698413 -0.11062 0.707094
    outer loop
      vertex 55.8396 -5.86898 17.5438
      vertex 54.7355 -5.75293 18.6525
      vertex 54.9202 -11.6737 17.5438
    endloop
  endfacet
  facet normal 0.139383 -0.880052 -0.453961
    outer loop
      vertex 12.2051 -57.4204 -13.6132
      vertex 6.13615 -58.3816 -13.6132
      vertex 12.0569 -56.7232 -15.0103
    endloop
  endfacet
  facet normal 0.146038 -0.922077 -0.358396
    outer loop
      vertex 6.19497 -58.9412 -12.1495
      vertex 6.13615 -58.3816 -13.6132
      vertex 12.2051 -57.4204 -13.6132
    endloop
  endfacet
  facet normal -0.183018 -0.683045 -0.707075
    outer loop
      vertex -11.4428 -53.8343 -18.6525
      vertex -17.3504 -53.3991 -17.5438
      vertex -17.0074 -52.3433 -18.6525
    endloop
  endfacet
  facet normal 0.0329354 -0.628441 -0.77716
    outer loop
      vertex 5.75293 -54.7355 -18.6525
      vertex 0 -55.037 -18.6525
      vertex 0 -53.8168 -19.6392
    endloop
  endfacet
  facet normal 0.0285026 -0.543862 -0.83869
    outer loop
      vertex 5.48774 -52.2124 -20.4931
      vertex 0 -53.8168 -19.6392
      vertex 0 -52.5 -20.4931
    endloop
  endfacet
  facet normal -0.692426 -0.352814 0.629339
    outer loop
      vertex -51.293 -22.8371 17.5438
      vertex -52.1957 -23.239 16.3253
      vertex -49.4806 -28.5676 16.3253
    endloop
  endfacet
  facet normal -0.357862 -0.932305 0.0523675
    outer loop
      vertex -18.5156 -56.9852 9.08634
      vertex -24.3708 -54.7377 9.08634
      vertex -18.541 -57.0634 7.52056
    endloop
  endfacet
  facet normal -0.860653 -0.230624 0.453971
    outer loop
      vertex -55.1521 -17.92 15.0103
      vertex -56.7232 -12.0569 15.0103
      vertex -55.83 -18.1403 13.6132
    endloop
  endfacet
  facet normal 0.560726 0.692442 -0.453994
    outer loop
      vertex 38.8031 43.0953 -15.0103
      vertex 34.0859 46.9152 -15.0103
      vertex 34.5049 47.4919 -13.6132
    endloop
  endfacet
  facet normal 0.00819204 0.0517186 -0.998628
    outer loop
      vertex 9.35603 44.0166 -22.5
      vertex 4.70378 44.7535 -22.5
      vertex 4.86767 46.3128 -22.4179
    endloop
  endfacet
  facet normal 0.146038 0.922077 0.358396
    outer loop
      vertex 6.19497 58.9412 12.1495
      vertex 6.13615 58.3816 13.6132
      vertex 12.2051 57.4204 13.6132
    endloop
  endfacet
  facet normal -0.217052 0.810083 -0.544659
    outer loop
      vertex -11.8791 55.8867 -16.3253
      vertex -17.6558 54.3389 -16.3253
      vertex -12.0569 56.7232 -15.0103
    endloop
  endfacet
  facet normal 0.587523 0.725526 -0.358369
    outer loop
      vertex 39.2801 43.625 -13.6132
      vertex 34.5049 47.4919 -13.6132
      vertex 39.6566 44.0431 -12.1495
    endloop
  endfacet
  facet normal -0.121578 0.767574 -0.629325
    outer loop
      vertex -11.6737 54.9202 -17.5438
      vertex -11.8791 55.8867 -16.3253
      vertex -5.97226 56.8223 -16.3253
    endloop
  endfacet
  facet normal -0.60787 0.750671 -0.25882
    outer loop
      vertex -39.6566 44.0431 -12.1495
      vertex -39.9285 44.3451 -10.635
      vertex -35.0744 48.2758 -10.635
    endloop
  endfacet
  facet normal -0.607871 0.162875 -0.777152
    outer loop
      vertex -52.6408 11.1891 -19.6392
      vertex -53.8343 11.4428 -18.6525
      vertex -52.3433 17.0074 -18.6525
    endloop
  endfacet
  facet normal 0.485267 0.747266 -0.453994
    outer loop
      vertex 34.0859 46.9152 -15.0103
      vertex 29.3516 50.8384 -13.6132
      vertex 34.5049 47.4919 -13.6132
    endloop
  endfacet
  facet normal 0.60785 0.162877 -0.777167
    outer loop
      vertex 52.6408 11.1891 -19.6392
      vertex 51.1828 16.6303 -19.6392
      vertex 52.3433 17.0074 -18.6525
    endloop
  endfacet
  facet normal 0.880036 0.448399 -0.156442
    outer loop
      vertex 54.5133 24.2709 -10.635
      vertex 51.6777 29.8361 -10.635
      vertex 54.7377 24.3708 -9.08634
    endloop
  endfacet
  facet normal 0.651776 0.527805 -0.544619
    outer loop
      vertex 46.2234 33.5833 -16.3253
      vertex 42.4598 38.2309 -16.3253
      vertex 46.9152 34.0859 -15.0103
    endloop
  endfacet
  facet normal 0.767566 0.121574 -0.629334
    outer loop
      vertex 55.8396 5.86898 -17.5438
      vertex 54.9202 11.6737 -17.5438
      vertex 56.8223 5.97226 -16.3253
    endloop
  endfacet
  facet normal 0.683024 0.18302 -0.707094
    outer loop
      vertex 53.8343 11.4428 -18.6525
      vertex 53.3991 17.3504 -17.5438
      vertex 54.9202 11.6737 -17.5438
    endloop
  endfacet
  facet normal 0.489088 0.396055 -0.777131
    outer loop
      vertex 44.5258 32.3499 -18.6525
      vertex 39.9937 36.0105 -19.6392
      vertex 40.9004 36.8269 -18.6525
    endloop
  endfacet
  facet normal 0.630035 0.321015 -0.707111
    outer loop
      vertex 51.293 22.8371 -17.5438
      vertex 47.6634 27.5185 -18.6525
      vertex 48.6249 28.0736 -17.5438
    endloop
  endfacet
  facet normal 0.837534 0.0438964 -0.54462
    outer loop
      vertex 57.9904 0 -15.0103
      vertex 57.1353 0 -16.3253
      vertex 57.6727 6.06165 -15.0103
    endloop
  endfacet
  facet normal 0.964608 -0.0505545 -0.258795
    outer loop
      vertex 59.3453 -6.23744 -10.635
      vertex 58.9412 -6.19497 -12.1495
      vertex 59.6722 0 -10.635
    endloop
  endfacet
  facet normal 0.986336 -0.156219 -0.0523225
    outer loop
      vertex 59.6713 -6.27171 -7.52056
      vertex 58.6085 -12.4576 -9.08634
      vertex 59.5896 -6.26312 -9.08634
    endloop
  endfacet
  facet normal 0.975526 -0.154508 -0.156451
    outer loop
      vertex 59.5896 -6.26312 -9.08634
      vertex 58.3682 -12.4066 -10.635
      vertex 59.3453 -6.23744 -10.635
    endloop
  endfacet
  facet normal 0.93229 -0.048862 -0.358396
    outer loop
      vertex 58.9412 -6.19497 -12.1495
      vertex 58.3816 -6.13615 -13.6132
      vertex 58.7032 0 -13.6132
    endloop
  endfacet
  facet normal 0.932308 -0.0488505 -0.35835
    outer loop
      vertex 58.9412 -6.19497 -12.1495
      vertex 58.7032 0 -13.6132
      vertex 59.2658 0 -12.1495
    endloop
  endfacet
  facet normal 0.527794 0.342754 0.777144
    outer loop
      vertex 44.5258 32.3499 18.6525
      vertex 43.5387 31.6327 19.6392
      vertex 46.6067 26.9084 19.6392
    endloop
  endfacet
  facet normal 0.385116 0.593021 0.707115
    outer loop
      vertex 33.0025 45.424 17.5438
      vertex 28.0736 48.6249 17.5438
      vertex 32.3499 44.5258 18.6525
    endloop
  endfacet
  facet normal 0.782966 0.508453 0.358384
    outer loop
      vertex 51.3257 29.6329 12.1495
      vertex 47.9471 34.8356 12.1495
      vertex 50.8384 29.3516 13.6132
    endloop
  endfacet
  facet normal 0.628446 0.0329339 0.777156
    outer loop
      vertex 54.7355 5.75293 18.6525
      vertex 53.522 5.62539 19.6392
      vertex 53.8168 0 19.6392
    endloop
  endfacet
  facet normal 0.526065 0.140962 0.83868
    outer loop
      vertex 51.1828 16.6303 19.6392
      vertex 49.9305 16.2234 20.4931
      vertex 52.6408 11.1891 19.6392
    endloop
  endfacet
  facet normal 0.83867 0.54464 0
    outer loop
      vertex 51.9615 30 7.52056
      vertex 48.541 35.2671 -7.52056
      vertex 48.541 35.2671 7.52056
    endloop
  endfacet
  facet normal 0.83867 0.54464 0
    outer loop
      vertex 48.541 35.2671 -7.52056
      vertex 51.9615 30 7.52056
      vertex 51.9615 30 -7.52056
    endloop
  endfacet
  facet normal 0.964598 0.258473 -0.052368
    outer loop
      vertex 58.6085 12.4576 -9.08634
      vertex 56.9852 18.5156 -9.08634
      vertex 57.0634 18.541 -7.52056
    endloop
  endfacet
  facet normal 0.880052 0.139383 -0.453961
    outer loop
      vertex 58.3816 6.13615 -13.6132
      vertex 56.7232 12.0569 -15.0103
      vertex 57.4204 12.2051 -13.6132
    endloop
  endfacet
  facet normal 0.90175 0.241611 -0.358429
    outer loop
      vertex 57.9707 12.3221 -12.1495
      vertex 55.83 18.1403 -13.6132
      vertex 56.3652 18.3142 -12.1495
    endloop
  endfacet
  facet normal 0.9646 0.25847 -0.0523532
    outer loop
      vertex 58.6085 12.4576 -9.08634
      vertex 57.0634 18.541 -7.52056
      vertex 58.6889 12.4747 -7.52056
    endloop
  endfacet
  facet normal 0.986335 0.156211 -0.0523525
    outer loop
      vertex 59.6713 6.27171 -7.52056
      vertex 58.6085 12.4576 -9.08634
      vertex 58.6889 12.4747 -7.52056
    endloop
  endfacet
  facet normal 0.95404 0.151105 -0.258795
    outer loop
      vertex 58.9412 6.19497 -12.1495
      vertex 58.3682 12.4066 -10.635
      vertex 59.3453 6.23744 -10.635
    endloop
  endfacet
  facet normal 0.975526 0.154508 -0.156451
    outer loop
      vertex 59.3453 6.23744 -10.635
      vertex 58.3682 12.4066 -10.635
      vertex 59.5896 6.26312 -9.08634
    endloop
  endfacet
  facet normal 0.933026 0.250009 -0.258763
    outer loop
      vertex 58.3682 12.4066 -10.635
      vertex 56.3652 18.3142 -12.1495
      vertex 56.7516 18.4397 -10.635
    endloop
  endfacet
  facet normal 0.828339 0.537947 -0.156424
    outer loop
      vertex 51.6777 29.8361 -10.635
      vertex 48.2758 35.0744 -10.635
      vertex 51.8904 29.9589 -9.08634
    endloop
  endfacet
  facet normal 0.543901 0.837515 -0.0523478
    outer loop
      vertex 35.2188 48.4745 -9.08634
      vertex 29.9589 51.8904 -9.08634
      vertex 35.2671 48.541 -7.52056
    endloop
  endfacet
  facet normal 0.776083 0.628457 -0.0523196
    outer loop
      vertex 48.541 35.2671 -7.52056
      vertex 44.5276 40.0929 -9.08634
      vertex 44.5887 40.1478 -7.52056
    endloop
  endfacet
  facet normal 0.776086 0.628451 -0.052347
    outer loop
      vertex 48.4745 35.2188 -9.08634
      vertex 44.5276 40.0929 -9.08634
      vertex 48.541 35.2671 -7.52056
    endloop
  endfacet
  facet normal 0.707107 0.707107 0
    outer loop
      vertex 44.5887 40.1478 7.52056
      vertex 40.1478 44.5887 -7.52056
      vertex 40.1478 44.5887 7.52056
    endloop
  endfacet
  facet normal 0.707107 0.707107 0
    outer loop
      vertex 40.1478 44.5887 -7.52056
      vertex 44.5887 40.1478 7.52056
      vertex 44.5887 40.1478 -7.52056
    endloop
  endfacet
  facet normal 0.485267 0.747266 0.453994
    outer loop
      vertex 34.5049 47.4919 13.6132
      vertex 29.3516 50.8384 13.6132
      vertex 34.0859 46.9152 15.0103
    endloop
  endfacet
  facet normal 0.444987 0.549514 0.707121
    outer loop
      vertex 37.5698 41.7255 17.5438
      vertex 32.3499 44.5258 18.6525
      vertex 36.8269 40.9004 18.6525
    endloop
  endfacet
  facet normal 0.352852 0.285726 0.890986
    outer loop
      vertex 39.0151 35.1294 20.4931
      vertex 37.9755 34.1933 21.205
      vertex 41.3416 30.0364 21.205
    endloop
  endfacet
  facet normal -0.0406749 0.776073 0.62933
    outer loop
      vertex 0 57.1353 16.3253
      vertex -5.86898 55.8396 17.5438
      vertex 0 56.1472 17.5438
    endloop
  endfacet
  facet normal -0.117497 0.230596 0.96593
    outer loop
      vertex -20.1885 45.3441 21.7669
      vertex -24.8176 42.9854 21.7669
      vertex -19.5716 43.9586 22.1727
    endloop
  endfacet
  facet normal -0.023771 0.0466536 0.998628
    outer loop
      vertex -18.9409 42.5419 22.4179
      vertex -23.284 40.329 22.4179
      vertex -22.5 38.9711 22.5
    endloop
  endfacet
  facet normal 0.145995 0.0560418 0.987697
    outer loop
      vertex 45.7636 14.8695 22.1727
      vertex 42.5419 18.9409 22.4179
      vertex 44.2887 14.3903 22.4179
    endloop
  endfacet
  facet normal 0.0488839 0.0187652 0.998628
    outer loop
      vertex 44.2887 14.3903 22.4179
      vertex 41.1095 18.3031 22.5
      vertex 42.7975 13.9058 22.5
    endloop
  endfacet
  facet normal -0.0406946 0.0329539 0.998628
    outer loop
      vertex -33.4415 30.1109 22.5
      vertex -37.6742 27.3719 22.4179
      vertex -36.4058 26.4503 22.5
    endloop
  endfacet
  facet normal 0.0927558 0.241633 0.965924
    outer loop
      vertex 15.3381 47.2059 21.7669
      vertex 14.8695 45.7636 22.1727
      vertex 19.5716 43.9586 22.1727
    endloop
  endfacet
  facet normal 0.456751 0.296615 0.838689
    outer loop
      vertex 43.5387 31.6327 19.6392
      vertex 42.4734 30.8587 20.4931
      vertex 45.4663 26.25 20.4931
    endloop
  endfacet
  facet normal 0.20113 0.16287 0.96593
    outer loop
      vertex 36.8862 33.2125 21.7669
      vertex 35.7591 32.1977 22.1727
      vertex 38.9288 28.2834 22.1727
    endloop
  endfacet
  facet normal 0.357879 -0.018762 0.93358
    outer loop
      vertex 49.6353 0 21.7669
      vertex 49.3633 -5.1883 21.7669
      vertex 51.1011 0 21.205
    endloop
  endfacet
  facet normal 0.698416 0.11062 0.707091
    outer loop
      vertex 54.9202 11.6737 17.5438
      vertex 53.8343 11.4428 18.6525
      vertex 54.7355 5.75293 18.6525
    endloop
  endfacet
  facet normal -0.0488839 -0.0187652 0.998628
    outer loop
      vertex -42.7975 -13.9058 22.5
      vertex -44.2887 -14.3903 22.4179
      vertex -41.1095 -18.3031 22.5
    endloop
  endfacet
  facet normal 0.0505776 -0.0135522 0.998628
    outer loop
      vertex 44.0166 -9.35603 22.5
      vertex 42.7975 -13.9058 22.5
      vertex 44.2887 -14.3903 22.4179
    endloop
  endfacet
  facet normal 0.156167 -0.00818423 0.987697
    outer loop
      vertex 46.5679 0 22.4179
      vertex 46.3128 -4.86767 22.4179
      vertex 48.1187 0 22.1727
    endloop
  endfacet
  facet normal 0.782994 0.300565 0.544593
    outer loop
      vertex 55.1521 17.92 15.0103
      vertex 52.1957 23.239 16.3253
      vertex 54.3389 17.6558 16.3253
    endloop
  endfacet
  facet normal 0.889793 0.0466347 0.453975
    outer loop
      vertex 58.3816 6.13615 13.6132
      vertex 57.6727 6.06165 15.0103
      vertex 58.7032 0 13.6132
    endloop
  endfacet
  facet normal 0.489078 0.39604 0.777145
    outer loop
      vertex 44.5258 32.3499 18.6525
      vertex 39.9937 36.0105 19.6392
      vertex 43.5387 31.6327 19.6392
    endloop
  endfacet
  facet normal 0.201124 0.162867 0.965931
    outer loop
      vertex 40.1558 29.1749 21.7669
      vertex 36.8862 33.2125 21.7669
      vertex 38.9288 28.2834 22.1727
    endloop
  endfacet
  facet normal 0.0237681 -0.45342 0.89098
    outer loop
      vertex 0 -51.1011 21.205
      vertex 0 -52.5 20.4931
      vertex 5.34151 -50.8211 21.205
    endloop
  endfacet
  facet normal 0.0404882 -0.255633 0.965926
    outer loop
      vertex 10.0044 -47.0672 22.1727
      vertex 5.02977 -47.8551 22.1727
      vertex 10.3197 -48.5506 21.7669
    endloop
  endfacet
  facet normal -0.0244631 0.154458 0.987697
    outer loop
      vertex -4.86767 46.3128 22.4179
      vertex -10.0044 47.0672 22.1727
      vertex -9.68202 45.5503 22.4179
    endloop
  endfacet
  facet normal -0.028501 -0.543858 0.838693
    outer loop
      vertex -5.48774 -52.2124 20.4931
      vertex -5.62539 -53.522 19.6392
      vertex 0 -53.8168 19.6392
    endloop
  endfacet
  facet normal -0.489088 0.396055 0.777131
    outer loop
      vertex -40.9004 36.8269 18.6525
      vertex -44.5258 32.3499 18.6525
      vertex -39.9937 36.0105 19.6392
    endloop
  endfacet
  facet normal -0.0560573 0.35395 0.933583
    outer loop
      vertex -5.34151 50.8211 21.205
      vertex -10.6245 49.9844 21.205
      vertex -10.3197 48.5506 21.7669
    endloop
  endfacet
  facet normal 0.0560573 0.35395 0.933583
    outer loop
      vertex 10.6245 49.9844 21.205
      vertex 5.34151 50.8211 21.205
      vertex 10.3197 48.5506 21.7669
    endloop
  endfacet
  facet normal -0.0237681 0.45342 0.89098
    outer loop
      vertex 0 52.5 20.4931
      vertex -5.34151 50.8211 21.205
      vertex 0 51.1011 21.205
    endloop
  endfacet
  facet normal 0.0669896 0.250004 0.965925
    outer loop
      vertex 15.3381 47.2059 21.7669
      vertex 10.3197 48.5506 21.7669
      vertex 14.8695 45.7636 22.1727
    endloop
  endfacet
  facet normal 0.456776 0.703381 0.54462
    outer loop
      vertex 34.0859 46.9152 15.0103
      vertex 28.5676 49.4806 16.3253
      vertex 33.5833 46.2234 16.3253
    endloop
  endfacet
  facet normal -0.0560581 0.353952 0.933582
    outer loop
      vertex -5.34151 50.8211 21.205
      vertex -10.3197 48.5506 21.7669
      vertex -5.1883 49.3633 21.7669
    endloop
  endfacet
  facet normal -0.0710288 0.448435 0.890989
    outer loop
      vertex -5.48774 52.2124 20.4931
      vertex -10.9154 51.3527 20.4931
      vertex -5.34151 50.8211 21.205
    endloop
  endfacet
  facet normal 0.146054 0.922092 0.358349
    outer loop
      vertex 12.3221 57.9707 12.1495
      vertex 6.19497 58.9412 12.1495
      vertex 12.2051 57.4204 13.6132
    endloop
  endfacet
  facet normal -0.0466347 0.889793 0.453975
    outer loop
      vertex 0 58.7032 13.6132
      vertex -6.13615 58.3816 13.6132
      vertex -6.06165 57.6727 15.0103
    endloop
  endfacet
  facet normal 0.156219 0.986336 0.0523225
    outer loop
      vertex 6.27171 59.6713 7.52056
      vertex 6.26312 59.5896 9.08634
      vertex 12.4576 58.6085 9.08634
    endloop
  endfacet
  facet normal 0.353943 0.92209 0.156442
    outer loop
      vertex 24.3708 54.7377 9.08634
      vertex 18.4397 56.7516 10.635
      vertex 24.2709 54.5133 10.635
    endloop
  endfacet
  facet normal -0.438516 0.860635 -0.258864
    outer loop
      vertex -29.6329 51.3257 -12.1495
      vertex -29.8361 51.6777 -10.635
      vertex -24.1056 54.142 -12.1495
    endloop
  endfacet
  facet normal 0.11062 0.698413 -0.707094
    outer loop
      vertex 11.6737 54.9202 -17.5438
      vertex 5.75293 54.7355 -18.6525
      vertex 5.86898 55.8396 -17.5438
    endloop
  endfacet
  facet normal -0.162875 0.607871 0.777152
    outer loop
      vertex -11.4428 53.8343 18.6525
      vertex -17.0074 52.3433 18.6525
      vertex -11.1891 52.6408 19.6392
    endloop
  endfacet
  facet normal -0.508451 0.195172 0.83868
    outer loop
      vertex -49.1641 21.8893 19.6392
      vertex -51.1828 16.6303 19.6392
      vertex -49.9305 16.2234 20.4931
    endloop
  endfacet
  facet normal 0.156219 -0.986336 -0.0523225
    outer loop
      vertex 6.27171 -59.6713 -7.52056
      vertex 6.26312 -59.5896 -9.08634
      vertex 12.4576 -58.6085 -9.08634
    endloop
  endfacet
  facet normal 0.250009 -0.933026 -0.258763
    outer loop
      vertex 18.4397 -56.7516 -10.635
      vertex 12.4066 -58.3682 -10.635
      vertex 18.3142 -56.3652 -12.1495
    endloop
  endfacet
  facet normal 0.453369 -0.889787 -0.0523045
    outer loop
      vertex 30 -51.9615 -7.52056
      vertex 24.4042 -54.8127 -7.52056
      vertex 29.9589 -51.8904 -9.08634
    endloop
  endfacet
  facet normal 0.0488505 -0.932308 -0.35835
    outer loop
      vertex 6.19497 -58.9412 -12.1495
      vertex 0 -59.2658 -12.1495
      vertex 0 -58.7032 -13.6132
    endloop
  endfacet
  facet normal -0.0522584 -0.99726 -0.052354
    outer loop
      vertex 0 -60 -7.52056
      vertex -6.26312 -59.5896 -9.08634
      vertex 0 -59.9178 -9.08634
    endloop
  endfacet
  facet normal -0.0027403 -0.0522912 0.998628
    outer loop
      vertex 0 -45 22.5
      vertex -4.70378 -44.7535 22.5
      vertex 0 -46.5679 22.4179
    endloop
  endfacet
  facet normal 0.0505767 -0.0135522 0.998628
    outer loop
      vertex 45.5503 -9.68202 22.4179
      vertex 44.0166 -9.35603 22.5
      vertex 44.2887 -14.3903 22.4179
    endloop
  endfacet
  facet normal 0.767566 -0.121574 0.629334
    outer loop
      vertex 55.8396 -5.86898 17.5438
      vertex 54.9202 -11.6737 17.5438
      vertex 56.8223 -5.97226 16.3253
    endloop
  endfacet
  facet normal 0.776069 -0.040673 0.629335
    outer loop
      vertex 57.1353 0 16.3253
      vertex 55.8396 -5.86898 17.5438
      vertex 56.8223 -5.97226 16.3253
    endloop
  endfacet
  facet normal 0.34615 0.0927515 0.933583
    outer loop
      vertex 48.6 15.7911 21.205
      vertex 48.5506 10.3197 21.7669
      vertex 49.9844 10.6245 21.205
    endloop
  endfacet
  facet normal 0.255638 0.0404874 0.965924
    outer loop
      vertex 48.5506 10.3197 21.7669
      vertex 47.8551 5.02977 22.1727
      vertex 49.3633 5.1883 21.7669
    endloop
  endfacet
  facet normal 0.258456 0.0135451 0.965928
    outer loop
      vertex 49.6353 0 21.7669
      vertex 47.8551 5.02977 22.1727
      vertex 48.1187 0 22.1727
    endloop
  endfacet
  facet normal 0.154458 -0.0244631 0.987697
    outer loop
      vertex 46.3128 -4.86767 22.4179
      vertex 45.5503 -9.68202 22.4179
      vertex 47.0672 -10.0044 22.1727
    endloop
  endfacet
  facet normal 0.828331 -0.131202 0.544659
    outer loop
      vertex 56.8223 -5.97226 16.3253
      vertex 55.8867 -11.8791 16.3253
      vertex 56.7232 -12.0569 15.0103
    endloop
  endfacet
  facet normal 0.660174 -0.253412 0.707073
    outer loop
      vertex 52.3433 -17.0074 18.6525
      vertex 51.293 -22.8371 17.5438
      vertex 53.3991 -17.3504 17.5438
    endloop
  endfacet
  facet normal 0.889786 -0.453372 0.0522912
    outer loop
      vertex 54.7377 -24.3708 9.08634
      vertex 51.8904 -29.9589 9.08634
      vertex 54.8127 -24.4042 7.52056
    endloop
  endfacet
  facet normal 0.485244 -0.247248 0.838693
    outer loop
      vertex 49.1641 -21.8893 19.6392
      vertex 45.4663 -26.25 20.4931
      vertex 46.6067 -26.9084 19.6392
    endloop
  endfacet
  facet normal 0.352816 -0.692448 0.629314
    outer loop
      vertex 28.0736 -48.6249 17.5438
      vertex 22.8371 -51.293 17.5438
      vertex 28.5676 -49.4806 16.3253
    endloop
  endfacet
  facet normal 0.201124 -0.162867 0.965931
    outer loop
      vertex 38.9288 -28.2834 22.1727
      vertex 36.8862 -33.2125 21.7669
      vertex 40.1558 -29.1749 21.7669
    endloop
  endfacet
  facet normal 0.489078 -0.39604 0.777145
    outer loop
      vertex 43.5387 -31.6327 19.6392
      vertex 39.9937 -36.0105 19.6392
      vertex 44.5258 -32.3499 18.6525
    endloop
  endfacet
  facet normal 0.121535 -0.0984156 0.987696
    outer loop
      vertex 37.6742 -27.3719 22.4179
      vertex 35.7591 -32.1977 22.1727
      vertex 38.9288 -28.2834 22.1727
    endloop
  endfacet
  facet normal 0.19519 -0.300572 0.933572
    outer loop
      vertex 29.1749 -40.1558 21.7669
      vertex 24.8176 -42.9854 21.7669
      vertex 30.0364 -41.3416 21.205
    endloop
  endfacet
  facet normal 0.0984158 -0.121535 0.987696
    outer loop
      vertex 31.16 -34.6067 22.4179
      vertex 27.3719 -37.6742 22.4179
      vertex 32.1977 -35.7591 22.1727
    endloop
  endfacet
  facet normal 0.070998 -0.139341 0.987696
    outer loop
      vertex 24.0593 -41.672 22.1727
      vertex 18.9409 -42.5419 22.4179
      vertex 19.5716 -43.9586 22.1727
    endloop
  endfacet
  facet normal 0.145998 -0.0560445 0.987696
    outer loop
      vertex 45.7636 -14.8695 22.1727
      vertex 42.5419 -18.9409 22.4179
      vertex 43.9586 -19.5716 22.1727
    endloop
  endfacet
  facet normal 0.7255 -0.278487 0.62936
    outer loop
      vertex 53.3991 -17.3504 17.5438
      vertex 51.293 -22.8371 17.5438
      vertex 54.3389 -17.6558 16.3253
    endloop
  endfacet
  facet normal -0.110581 0.110581 0.987696
    outer loop
      vertex -32.1977 35.7591 22.1727
      vertex -34.6067 31.16 22.4179
      vertex -31.16 34.6067 22.4179
    endloop
  endfacet
  facet normal -0.110581 0.110581 0.987696
    outer loop
      vertex -34.6067 31.16 22.4179
      vertex -32.1977 35.7591 22.1727
      vertex -35.7591 32.1977 22.1727
    endloop
  endfacet
  facet normal 0.043916 -0.0285203 0.998628
    outer loop
      vertex 40.329 -23.284 22.4179
      vertex 36.4058 -26.4503 22.5
      vertex 37.6742 -27.3719 22.4179
    endloop
  endfacet
  facet normal 0.0522916 0.00274044 0.998628
    outer loop
      vertex 46.3128 4.86767 22.4179
      vertex 44.7535 4.70378 22.5
      vertex 46.5679 0 22.4179
    endloop
  endfacet
  facet normal 0.00819204 -0.0517186 0.998628
    outer loop
      vertex 9.35603 -44.0166 22.5
      vertex 4.70378 -44.7535 22.5
      vertex 4.86767 -46.3128 22.4179
    endloop
  endfacet
  facet normal 0.628457 -0.776083 0.0523196
    outer loop
      vertex 40.0929 -44.5276 9.08634
      vertex 35.2671 -48.541 7.52056
      vertex 40.1478 -44.5887 7.52056
    endloop
  endfacet
  facet normal 0.247285 -0.380782 0.890986
    outer loop
      vertex 30.0364 -41.3416 21.205
      vertex 25.5505 -44.2548 21.205
      vertex 26.25 -45.4663 20.4931
    endloop
  endfacet
  facet normal 0.121578 -0.767574 0.629325
    outer loop
      vertex 11.6737 -54.9202 17.5438
      vertex 5.97226 -56.8223 16.3253
      vertex 11.8791 -55.8867 16.3253
    endloop
  endfacet
  facet normal 0.423833 -0.83182 0.358387
    outer loop
      vertex 29.3516 -50.8384 13.6132
      vertex 23.8767 -53.628 13.6132
      vertex 24.1056 -54.142 12.1495
    endloop
  endfacet
  facet normal 0.385121 -0.593024 0.70711
    outer loop
      vertex 32.3499 -44.5258 18.6525
      vertex 27.5185 -47.6634 18.6525
      vertex 28.0736 -48.6249 17.5438
    endloop
  endfacet
  facet normal 0.0406749 -0.776073 0.62933
    outer loop
      vertex 0 -56.1472 17.5438
      vertex 0 -57.1353 16.3253
      vertex 5.86898 -55.8396 17.5438
    endloop
  endfacet
  facet normal 0.404511 -0.793898 0.453979
    outer loop
      vertex 29.3516 -50.8384 13.6132
      vertex 23.5868 -52.9768 15.0103
      vertex 23.8767 -53.628 13.6132
    endloop
  endfacet
  facet normal -0.0244633 -0.154456 0.987697
    outer loop
      vertex -4.86767 -46.3128 22.4179
      vertex -10.0044 -47.0672 22.1727
      vertex -5.02977 -47.8551 22.1727
    endloop
  endfacet
  facet normal -0.587523 -0.725524 0.358374
    outer loop
      vertex -34.5049 -47.4919 13.6132
      vertex -39.6566 -44.0431 12.1495
      vertex -34.8356 -47.9471 12.1495
    endloop
  endfacet
  facet normal 0.051686 -0.986337 0.156422
    outer loop
      vertex 0 -59.6722 10.635
      vertex 0 -59.9178 9.08634
      vertex 6.26312 -59.5896 9.08634
    endloop
  endfacet
  facet normal -0.0466347 -0.889793 0.453975
    outer loop
      vertex -6.06165 -57.6727 15.0103
      vertex -6.13615 -58.3816 13.6132
      vertex 0 -58.7032 13.6132
    endloop
  endfacet
  facet normal 0.0466354 -0.889794 0.453973
    outer loop
      vertex 0 -57.9904 15.0103
      vertex 0 -58.7032 13.6132
      vertex 6.06165 -57.6727 15.0103
    endloop
  endfacet
  facet normal 0.230624 -0.860653 0.453971
    outer loop
      vertex 17.92 -55.1521 15.0103
      vertex 12.0569 -56.7232 15.0103
      vertex 18.1403 -55.83 13.6132
    endloop
  endfacet
  facet normal 0.139378 -0.880046 0.453975
    outer loop
      vertex 12.0569 -56.7232 15.0103
      vertex 6.06165 -57.6727 15.0103
      vertex 6.13615 -58.3816 13.6132
    endloop
  endfacet
  facet normal -0.0522584 -0.99726 0.052354
    outer loop
      vertex 0 -59.9178 9.08634
      vertex -6.26312 -59.5896 9.08634
      vertex 0 -60 7.52056
    endloop
  endfacet
  facet normal 0.358372 -0.933579 0
    outer loop
      vertex 18.541 -57.0634 -7.52056
      vertex 24.4042 -54.8127 7.52056
      vertex 18.541 -57.0634 7.52056
    endloop
  endfacet
  facet normal 0.358372 -0.933579 0
    outer loop
      vertex 24.4042 -54.8127 7.52056
      vertex 18.541 -57.0634 -7.52056
      vertex 24.4042 -54.8127 -7.52056
    endloop
  endfacet
  facet normal 0.880037 -0.448404 -0.156424
    outer loop
      vertex 51.8904 -29.9589 -9.08634
      vertex 51.6777 -29.8361 -10.635
      vertex 54.7377 -24.3708 -9.08634
    endloop
  endfacet
  facet normal 0.932302 -0.357882 0.0522908
    outer loop
      vertex 57.0634 -18.541 7.52056
      vertex 54.7377 -24.3708 9.08634
      vertex 54.8127 -24.4042 7.52056
    endloop
  endfacet
  facet normal 0.83867 -0.54464 0
    outer loop
      vertex 48.541 -35.2671 7.52056
      vertex 51.9615 -30 -7.52056
      vertex 51.9615 -30 7.52056
    endloop
  endfacet
  facet normal 0.83867 -0.54464 0
    outer loop
      vertex 51.9615 -30 -7.52056
      vertex 48.541 -35.2671 7.52056
      vertex 48.541 -35.2671 -7.52056
    endloop
  endfacet
  facet normal 0.296613 -0.456743 -0.838693
    outer loop
      vertex 26.9084 -46.6067 -19.6392
      vertex 26.25 -45.4663 -20.4931
      vertex 31.6327 -43.5387 -19.6392
    endloop
  endfacet
  facet normal 0.396055 -0.489088 -0.777131
    outer loop
      vertex 36.8269 -40.9004 -18.6525
      vertex 32.3499 -44.5258 -18.6525
      vertex 36.0105 -39.9937 -19.6392
    endloop
  endfacet
  facet normal -0.0466534 0.0237708 -0.998628
    outer loop
      vertex -41.1095 18.3031 -22.5
      vertex -42.5419 18.9409 -22.4179
      vertex -38.9711 22.5 -22.5
    endloop
  endfacet
  facet normal -0.128436 -0.33458 -0.933574
    outer loop
      vertex -15.7911 -48.6 -21.205
      vertex -20.7847 -46.6831 -21.205
      vertex -20.1885 -45.3441 -21.7669
    endloop
  endfacet
  facet normal 0.628451 -0.776086 -0.052347
    outer loop
      vertex 35.2671 -48.541 -7.52056
      vertex 35.2188 -48.4745 -9.08634
      vertex 40.0929 -44.5276 -9.08634
    endloop
  endfacet
  facet normal 0.334563 -0.871567 -0.358384
    outer loop
      vertex 24.1056 -54.142 -12.1495
      vertex 18.1403 -55.83 -13.6132
      vertex 23.8767 -53.628 -13.6132
    endloop
  endfacet
  facet normal -0.253412 -0.660174 -0.707073
    outer loop
      vertex -17.3504 -53.3991 -17.5438
      vertex -22.8371 -51.293 -17.5438
      vertex -17.0074 -52.3433 -18.6525
    endloop
  endfacet
  facet normal -0.117497 -0.230596 -0.96593
    outer loop
      vertex -20.1885 -45.3441 -21.7669
      vertex -24.8176 -42.9854 -21.7669
      vertex -19.5716 -43.9586 -22.1727
    endloop
  endfacet
  facet normal -0.0081844 -0.156167 -0.987697
    outer loop
      vertex 0 -48.1187 -22.1727
      vertex -5.02977 -47.8551 -22.1727
      vertex -4.86767 -46.3128 -22.4179
    endloop
  endfacet
  facet normal 0.352842 -0.285722 -0.890991
    outer loop
      vertex 42.4734 -30.8587 -20.4931
      vertex 39.0151 -35.1294 -20.4931
      vertex 41.3416 -30.0364 -21.205
    endloop
  endfacet
  facet normal 0.121535 -0.0984156 -0.987696
    outer loop
      vertex 38.9288 -28.2834 -22.1727
      vertex 35.7591 -32.1977 -22.1727
      vertex 37.6742 -27.3719 -22.4179
    endloop
  endfacet
  facet normal 0.241617 -0.0927435 -0.965929
    outer loop
      vertex 45.3441 -20.1885 -21.7669
      vertex 43.9586 -19.5716 -22.1727
      vertex 47.2059 -15.3381 -21.7669
    endloop
  endfacet
  facet normal 0.230596 -0.117497 -0.96593
    outer loop
      vertex 45.3441 -20.1885 -21.7669
      vertex 42.9854 -24.8176 -21.7669
      vertex 43.9586 -19.5716 -22.1727
    endloop
  endfacet
  facet normal 0.438555 -0.117504 -0.890989
    outer loop
      vertex 49.9305 -16.2234 -20.4931
      vertex 48.6 -15.7911 -21.205
      vertex 51.3527 -10.9154 -20.4931
    endloop
  endfacet
  facet normal 0.423873 -0.162713 -0.890986
    outer loop
      vertex 47.9611 -21.3537 -20.4931
      vertex 46.6831 -20.7847 -21.205
      vertex 48.6 -15.7911 -21.205
    endloop
  endfacet
  facet normal 0.537885 0.0851969 -0.838702
    outer loop
      vertex 52.2124 5.48774 -20.4931
      vertex 51.3527 10.9154 -20.4931
      vertex 52.6408 11.1891 -19.6392
    endloop
  endfacet
  facet normal 0.45342 -0.0237681 -0.89098
    outer loop
      vertex 52.5 0 -20.4931
      vertex 50.8211 -5.34151 -21.205
      vertex 51.1011 0 -21.205
    endloop
  endfacet
  facet normal 0.346148 -0.0927516 -0.933584
    outer loop
      vertex 48.6 -15.7911 -21.205
      vertex 47.2059 -15.3381 -21.7669
      vertex 48.5506 -10.3197 -21.7669
    endloop
  endfacet
  facet normal 0.334558 -0.128418 -0.933584
    outer loop
      vertex 48.6 -15.7911 -21.205
      vertex 45.3441 -20.1885 -21.7669
      vertex 47.2059 -15.3381 -21.7669
    endloop
  endfacet
  facet normal 0.448435 -0.0710288 -0.890989
    outer loop
      vertex 51.3527 -10.9154 -20.4931
      vertex 50.8211 -5.34151 -21.205
      vertex 52.2124 -5.48774 -20.4931
    endloop
  endfacet
  facet normal 0.154458 -0.0244631 -0.987697
    outer loop
      vertex 47.0672 -10.0044 -22.1727
      vertex 45.5503 -9.68202 -22.4179
      vertex 46.3128 -4.86767 -22.4179
    endloop
  endfacet
  facet normal 0.445009 -0.445009 -0.777131
    outer loop
      vertex 36.8269 -40.9004 -18.6525
      vertex 39.9937 -36.0105 -19.6392
      vertex 40.9004 -36.8269 -18.6525
    endloop
  endfacet
  facet normal 0.445009 -0.445009 -0.777131
    outer loop
      vertex 39.9937 -36.0105 -19.6392
      vertex 36.8269 -40.9004 -18.6525
      vertex 36.0105 -39.9937 -19.6392
    endloop
  endfacet
  facet normal 0.023771 -0.0466536 -0.998628
    outer loop
      vertex 23.284 -40.329 -22.4179
      vertex 18.9409 -42.5419 -22.4179
      vertex 22.5 -38.9711 -22.5
    endloop
  endfacet
  facet normal 0.965924 -0.258825 0
    outer loop
      vertex 57.0634 -18.541 7.52056
      vertex 58.6889 -12.4747 -7.52056
      vertex 58.6889 -12.4747 7.52056
    endloop
  endfacet
  facet normal 0.965924 -0.258825 0
    outer loop
      vertex 58.6889 -12.4747 -7.52056
      vertex 57.0634 -18.541 7.52056
      vertex 57.0634 -18.541 -7.52056
    endloop
  endfacet
  facet normal 0.380775 -0.247276 0.890991
    outer loop
      vertex 45.4663 -26.25 20.4931
      vertex 41.3416 -30.0364 21.205
      vertex 42.4734 -30.8587 20.4931
    endloop
  endfacet
  facet normal 0.933026 -0.250009 0.258763
    outer loop
      vertex 58.3682 -12.4066 10.635
      vertex 56.3652 -18.3142 12.1495
      vertex 56.7516 -18.4397 10.635
    endloop
  endfacet
  facet normal 0.964597 -0.0505423 0.258839
    outer loop
      vertex 59.2658 0 12.1495
      vertex 58.9412 -6.19497 12.1495
      vertex 59.6722 0 10.635
    endloop
  endfacet
  facet normal 0.793898 -0.404511 0.453979
    outer loop
      vertex 52.9768 -23.5868 15.0103
      vertex 50.8384 -29.3516 13.6132
      vertex 53.628 -23.8767 13.6132
    endloop
  endfacet
  facet normal 0.932308 -0.0488505 0.35835
    outer loop
      vertex 59.2658 0 12.1495
      vertex 58.7032 0 13.6132
      vertex 58.9412 -6.19497 12.1495
    endloop
  endfacet
  facet normal 0.932305 -0.357862 -0.0523675
    outer loop
      vertex 57.0634 -18.541 -7.52056
      vertex 54.7377 -24.3708 -9.08634
      vertex 56.9852 -18.5156 -9.08634
    endloop
  endfacet
  facet normal 0.901764 -0.346141 -0.258859
    outer loop
      vertex 54.5133 -24.2709 -10.635
      vertex 54.142 -24.1056 -12.1495
      vertex 56.7516 -18.4397 -10.635
    endloop
  endfacet
  facet normal 0.922077 -0.146038 -0.358396
    outer loop
      vertex 58.9412 -6.19497 -12.1495
      vertex 57.4204 -12.2051 -13.6132
      vertex 58.3816 -6.13615 -13.6132
    endloop
  endfacet
  facet normal 0.95403 -0.151112 -0.258829
    outer loop
      vertex 58.3682 -12.4066 -10.635
      vertex 57.9707 -12.3221 -12.1495
      vertex 58.9412 -6.19497 -12.1495
    endloop
  endfacet
  facet normal 0.810083 -0.217052 -0.544659
    outer loop
      vertex 56.7232 -12.0569 -15.0103
      vertex 54.3389 -17.6558 -16.3253
      vertex 55.8867 -11.8791 -16.3253
    endloop
  endfacet
  facet normal 0.423867 -0.162712 -0.890989
    outer loop
      vertex 49.9305 -16.2234 -20.4931
      vertex 47.9611 -21.3537 -20.4931
      vertex 48.6 -15.7911 -21.205
    endloop
  endfacet
  facet normal 0.628457 -0.776083 -0.0523196
    outer loop
      vertex 40.1478 -44.5887 -7.52056
      vertex 35.2671 -48.541 -7.52056
      vertex 40.0929 -44.5276 -9.08634
    endloop
  endfacet
  facet normal 0.66014 -0.66014 -0.358371
    outer loop
      vertex 44.0431 -39.6566 -12.1495
      vertex 39.2801 -43.625 -13.6132
      vertex 43.625 -39.2801 -13.6132
    endloop
  endfacet
  facet normal 0.66014 -0.66014 -0.358371
    outer loop
      vertex 39.2801 -43.625 -13.6132
      vertex 44.0431 -39.6566 -12.1495
      vertex 39.6566 -44.0431 -12.1495
    endloop
  endfacet
  facet normal 0.860635 -0.438516 -0.258864
    outer loop
      vertex 51.6777 -29.8361 -10.635
      vertex 51.3257 -29.6329 -12.1495
      vertex 54.142 -24.1056 -12.1495
    endloop
  endfacet
  facet normal 0.750673 -0.607888 -0.258772
    outer loop
      vertex 48.2758 -35.0744 -10.635
      vertex 44.0431 -39.6566 -12.1495
      vertex 47.9471 -34.8356 -12.1495
    endloop
  endfacet
  facet normal 0.380782 -0.247285 -0.890986
    outer loop
      vertex 45.4663 -26.25 -20.4931
      vertex 41.3416 -30.0364 -21.205
      vertex 44.2548 -25.5505 -21.205
    endloop
  endfacet
  facet normal 0.782971 -0.508453 -0.358375
    outer loop
      vertex 47.9471 -34.8356 -12.1495
      vertex 47.4919 -34.5049 -13.6132
      vertex 50.8384 -29.3516 -13.6132
    endloop
  endfacet
  facet normal 0.880036 -0.448399 -0.156442
    outer loop
      vertex 54.7377 -24.3708 -9.08634
      vertex 51.6777 -29.8361 -10.635
      vertex 54.5133 -24.2709 -10.635
    endloop
  endfacet
  facet normal 0.860637 -0.438515 -0.258859
    outer loop
      vertex 54.5133 -24.2709 -10.635
      vertex 51.6777 -29.8361 -10.635
      vertex 54.142 -24.1056 -12.1495
    endloop
  endfacet
  facet normal 0.683045 -0.183018 -0.707075
    outer loop
      vertex 53.3991 -17.3504 -17.5438
      vertex 52.3433 -17.0074 -18.6525
      vertex 53.8343 -11.4428 -18.6525
    endloop
  endfacet
  facet normal 0.60785 -0.162877 -0.777167
    outer loop
      vertex 52.3433 -17.0074 -18.6525
      vertex 51.1828 -16.6303 -19.6392
      vertex 52.6408 -11.1891 -19.6392
    endloop
  endfacet
  facet normal 0.651757 -0.423261 -0.629335
    outer loop
      vertex 46.2234 -33.5833 -16.3253
      vertex 45.424 -33.0025 -17.5438
      vertex 48.6249 -28.0736 -17.5438
    endloop
  endfacet
  facet normal 0.321047 -0.321047 -0.890987
    outer loop
      vertex 35.1294 -39.0151 -20.4931
      vertex 37.9755 -34.1933 -21.205
      vertex 39.0151 -35.1294 -20.4931
    endloop
  endfacet
  facet normal 0.321047 -0.321047 -0.890987
    outer loop
      vertex 37.9755 -34.1933 -21.205
      vertex 35.1294 -39.0151 -20.4931
      vertex 34.1933 -37.9755 -21.205
    endloop
  endfacet
  facet normal 0.703382 -0.456776 -0.544618
    outer loop
      vertex 50.2211 -28.9952 -15.0103
      vertex 46.9152 -34.0859 -15.0103
      vertex 49.4806 -28.5676 -16.3253
    endloop
  endfacet
  facet normal 0.692442 -0.560726 -0.453994
    outer loop
      vertex 47.4919 -34.5049 -13.6132
      vertex 43.0953 -38.8031 -15.0103
      vertex 46.9152 -34.0859 -15.0103
    endloop
  endfacet
  facet normal 0.922077 -0.146038 0.358396
    outer loop
      vertex 58.3816 -6.13615 13.6132
      vertex 57.4204 -12.2051 13.6132
      vertex 58.9412 -6.19497 12.1495
    endloop
  endfacet
  facet normal 0.954032 -0.255638 0.156435
    outer loop
      vertex 58.3682 -12.4066 10.635
      vertex 56.7516 -18.4397 10.635
      vertex 56.9852 -18.5156 9.08634
    endloop
  endfacet
  facet normal 0.706144 -0.0370098 0.7071
    outer loop
      vertex 56.1472 0 17.5438
      vertex 55.037 0 18.6525
      vertex 55.8396 -5.86898 17.5438
    endloop
  endfacet
  facet normal 0.628446 -0.0329339 0.777156
    outer loop
      vertex 53.8168 0 19.6392
      vertex 53.522 -5.62539 19.6392
      vertex 54.7355 -5.75293 18.6525
    endloop
  endfacet
  facet normal 0.380768 -0.747287 -0.544591
    outer loop
      vertex 23.5868 -52.9768 -15.0103
      vertex 23.239 -52.1957 -16.3253
      vertex 28.5676 -49.4806 -16.3253
    endloop
  endfacet
  facet normal 0.334569 -0.871546 -0.358429
    outer loop
      vertex 18.3142 -56.3652 -12.1495
      vertex 18.1403 -55.83 -13.6132
      vertex 24.1056 -54.142 -12.1495
    endloop
  endfacet
  facet normal -0.230624 -0.860653 -0.453971
    outer loop
      vertex -12.0569 -56.7232 -15.0103
      vertex -18.1403 -55.83 -13.6132
      vertex -17.92 -55.1521 -15.0103
    endloop
  endfacet
  facet normal -0.028501 -0.543858 -0.838693
    outer loop
      vertex 0 -53.8168 -19.6392
      vertex -5.62539 -53.522 -19.6392
      vertex -5.48774 -52.2124 -20.4931
    endloop
  endfacet
  facet normal -0.0237681 -0.45342 -0.89098
    outer loop
      vertex 0 -52.5 -20.4931
      vertex -5.34151 -50.8211 -21.205
      vertex 0 -51.1011 -21.205
    endloop
  endfacet
  facet normal -0.048862 -0.93229 -0.358396
    outer loop
      vertex 0 -58.7032 -13.6132
      vertex -6.19497 -58.9412 -12.1495
      vertex -6.13615 -58.3816 -13.6132
    endloop
  endfacet
  facet normal -0.0851944 -0.537899 -0.838693
    outer loop
      vertex -5.62539 -53.522 -19.6392
      vertex -11.1891 -52.6408 -19.6392
      vertex -5.48774 -52.2124 -20.4931
    endloop
  endfacet
  facet normal -0.628441 -0.0329354 -0.77716
    outer loop
      vertex -54.7355 -5.75293 -18.6525
      vertex -55.037 0 -18.6525
      vertex -53.8168 0 -19.6392
    endloop
  endfacet
  facet normal -0.300565 -0.782994 -0.544593
    outer loop
      vertex -17.92 -55.1521 -15.0103
      vertex -23.239 -52.1957 -16.3253
      vertex -17.6558 -54.3389 -16.3253
    endloop
  endfacet
  facet normal -0.334569 -0.871546 -0.358429
    outer loop
      vertex -18.3142 -56.3652 -12.1495
      vertex -24.1056 -54.142 -12.1495
      vertex -18.1403 -55.83 -13.6132
    endloop
  endfacet
  facet normal -0.0522916 0.00274044 0.998628
    outer loop
      vertex -46.3128 4.86767 22.4179
      vertex -46.5679 0 22.4179
      vertex -44.7535 4.70378 22.5
    endloop
  endfacet
  facet normal -0.357872 0.0187595 0.933582
    outer loop
      vertex -50.8211 5.34151 21.205
      vertex -51.1011 0 21.205
      vertex -49.3633 5.1883 21.7669
    endloop
  endfacet
  facet normal -0.0406939 0.0329528 -0.998628
    outer loop
      vertex -33.4415 30.1109 -22.5
      vertex -37.6742 27.3719 -22.4179
      vertex -34.6067 31.16 -22.4179
    endloop
  endfacet
  facet normal -0.253412 -0.660174 0.707073
    outer loop
      vertex -17.0074 -52.3433 18.6525
      vertex -22.8371 -51.293 17.5438
      vertex -17.3504 -53.3991 17.5438
    endloop
  endfacet
  facet normal -0.225514 0.587497 -0.777168
    outer loop
      vertex -16.6303 51.1828 -19.6392
      vertex -21.8893 49.1641 -19.6392
      vertex -17.0074 52.3433 -18.6525
    endloop
  endfacet
  facet normal -0.396055 0.489088 -0.777131
    outer loop
      vertex -36.0105 39.9937 -19.6392
      vertex -36.8269 40.9004 -18.6525
      vertex -32.3499 44.5258 -18.6525
    endloop
  endfacet
  facet normal 0.121574 0.767566 0.629334
    outer loop
      vertex 5.97226 56.8223 16.3253
      vertex 5.86898 55.8396 17.5438
      vertex 11.6737 54.9202 17.5438
    endloop
  endfacet
  facet normal 0.508453 0.782966 0.358384
    outer loop
      vertex 29.6329 51.3257 12.1495
      vertex 29.3516 50.8384 13.6132
      vertex 34.8356 47.9471 12.1495
    endloop
  endfacet
  facet normal -0.0851944 0.537899 -0.838693
    outer loop
      vertex -5.48774 52.2124 -20.4931
      vertex -11.1891 52.6408 -19.6392
      vertex -5.62539 53.522 -19.6392
    endloop
  endfacet
  facet normal 0.162712 0.423867 -0.890989
    outer loop
      vertex 21.3537 47.9611 -20.4931
      vertex 15.7911 48.6 -21.205
      vertex 16.2234 49.9305 -20.4931
    endloop
  endfacet
  facet normal -0.0370098 0.706144 -0.7071
    outer loop
      vertex 0 55.037 -18.6525
      vertex -5.86898 55.8396 -17.5438
      vertex 0 56.1472 -17.5438
    endloop
  endfacet
  facet normal 0.444989 0.54952 -0.707115
    outer loop
      vertex 37.5698 41.7255 -17.5438
      vertex 32.3499 44.5258 -18.6525
      vertex 33.0025 45.424 -17.5438
    endloop
  endfacet
  facet normal 0.593029 0.593029 -0.54464
    outer loop
      vertex 43.0953 38.8031 -15.0103
      vertex 38.2309 42.4598 -16.3253
      vertex 38.8031 43.0953 -15.0103
    endloop
  endfacet
  facet normal 0.593029 0.593029 -0.54464
    outer loop
      vertex 38.2309 42.4598 -16.3253
      vertex 43.0953 38.8031 -15.0103
      vertex 42.4598 38.2309 -16.3253
    endloop
  endfacet
  facet normal -0.358372 0.933579 0
    outer loop
      vertex -18.541 57.0634 -7.52056
      vertex -24.4042 54.8127 7.52056
      vertex -18.541 57.0634 7.52056
    endloop
  endfacet
  facet normal -0.358372 0.933579 0
    outer loop
      vertex -24.4042 54.8127 7.52056
      vertex -18.541 57.0634 -7.52056
      vertex -24.4042 54.8127 -7.52056
    endloop
  endfacet
  facet normal 0.703381 0.456776 -0.54462
    outer loop
      vertex 49.4806 28.5676 -16.3253
      vertex 46.2234 33.5833 -16.3253
      vertex 46.9152 34.0859 -15.0103
    endloop
  endfacet
  facet normal 0.396055 0.489088 -0.777131
    outer loop
      vertex 36.0105 39.9937 -19.6392
      vertex 32.3499 44.5258 -18.6525
      vertex 36.8269 40.9004 -18.6525
    endloop
  endfacet
  facet normal 0.725524 0.587523 -0.358374
    outer loop
      vertex 47.4919 34.5049 -13.6132
      vertex 44.0431 39.6566 -12.1495
      vertex 47.9471 34.8356 -12.1495
    endloop
  endfacet
  facet normal 0.767583 0.621565 -0.156438
    outer loop
      vertex 48.2758 35.0744 -10.635
      vertex 44.3451 39.9285 -10.635
      vertex 44.5276 40.0929 -9.08634
    endloop
  endfacet
  facet normal 0.607888 0.750673 -0.258772
    outer loop
      vertex 39.6566 44.0431 -12.1495
      vertex 34.8356 47.9471 -12.1495
      vertex 35.0744 48.2758 -10.635
    endloop
  endfacet
  facet normal 0.66014 0.66014 -0.358371
    outer loop
      vertex 44.0431 39.6566 -12.1495
      vertex 39.2801 43.625 -13.6132
      vertex 39.6566 44.0431 -12.1495
    endloop
  endfacet
  facet normal 0.66014 0.66014 -0.358371
    outer loop
      vertex 39.2801 43.625 -13.6132
      vertex 44.0431 39.6566 -12.1495
      vertex 43.625 39.2801 -13.6132
    endloop
  endfacet
  facet normal 0.810083 0.217052 -0.544659
    outer loop
      vertex 55.8867 11.8791 -16.3253
      vertex 54.3389 17.6558 -16.3253
      vertex 56.7232 12.0569 -15.0103
    endloop
  endfacet
  facet normal 0.628446 0.0329339 -0.777156
    outer loop
      vertex 53.8168 0 -19.6392
      vertex 53.522 5.62539 -19.6392
      vertex 54.7355 5.75293 -18.6525
    endloop
  endfacet
  facet normal 0.33458 0.128436 -0.933574
    outer loop
      vertex 48.6 15.7911 -21.205
      vertex 45.3441 20.1885 -21.7669
      vertex 46.6831 20.7847 -21.205
    endloop
  endfacet
  facet normal 0.692448 0.352816 -0.629314
    outer loop
      vertex 51.293 22.8371 -17.5438
      vertex 48.6249 28.0736 -17.5438
      vertex 49.4806 28.5676 -16.3253
    endloop
  endfacet
  facet normal 0.527781 0.342751 -0.777155
    outer loop
      vertex 46.6067 26.9084 -19.6392
      vertex 44.5258 32.3499 -18.6525
      vertex 47.6634 27.5185 -18.6525
    endloop
  endfacet
  facet normal 0.438555 0.117504 -0.890989
    outer loop
      vertex 51.3527 10.9154 -20.4931
      vertex 48.6 15.7911 -21.205
      vertex 49.9305 16.2234 -20.4931
    endloop
  endfacet
  facet normal 0.782966 0.508453 -0.358384
    outer loop
      vertex 50.8384 29.3516 -13.6132
      vertex 47.9471 34.8356 -12.1495
      vertex 51.3257 29.6329 -12.1495
    endloop
  endfacet
  facet normal 0.630042 0.321023 -0.707101
    outer loop
      vertex 50.2788 22.3855 -18.6525
      vertex 47.6634 27.5185 -18.6525
      vertex 51.293 22.8371 -17.5438
    endloop
  endfacet
  facet normal 0.889794 0.0466354 -0.453973
    outer loop
      vertex 57.9904 0 -15.0103
      vertex 57.6727 6.06165 -15.0103
      vertex 58.7032 0 -13.6132
    endloop
  endfacet
  facet normal 0.889794 -0.0466354 -0.453973
    outer loop
      vertex 58.7032 0 -13.6132
      vertex 57.6727 -6.06165 -15.0103
      vertex 57.9904 0 -15.0103
    endloop
  endfacet
  facet normal 0.99726 0.0522584 -0.052354
    outer loop
      vertex 59.9178 0 -9.08634
      vertex 59.5896 6.26312 -9.08634
      vertex 60 0 -7.52056
    endloop
  endfacet
  facet normal 0.997262 0.0522664 -0.0523223
    outer loop
      vertex 60 0 -7.52056
      vertex 59.5896 6.26312 -9.08634
      vertex 59.6713 6.27171 -7.52056
    endloop
  endfacet
  facet normal 0.95404 -0.151105 -0.258795
    outer loop
      vertex 59.3453 -6.23744 -10.635
      vertex 58.3682 -12.4066 -10.635
      vertex 58.9412 -6.19497 -12.1495
    endloop
  endfacet
  facet normal 0.986337 0.051686 -0.156422
    outer loop
      vertex 59.6722 0 -10.635
      vertex 59.5896 6.26312 -9.08634
      vertex 59.9178 0 -9.08634
    endloop
  endfacet
  facet normal 0.767583 0.621565 0.15644
    outer loop
      vertex 48.4745 35.2188 9.08634
      vertex 44.5276 40.0929 9.08634
      vertex 48.2758 35.0744 10.635
    endloop
  endfacet
  facet normal 0.837515 0.543901 -0.0523478
    outer loop
      vertex 51.8904 29.9589 -9.08634
      vertex 48.4745 35.2188 -9.08634
      vertex 48.541 35.2671 -7.52056
    endloop
  endfacet
  facet normal 0.889787 0.453369 0.0523045
    outer loop
      vertex 51.9615 30 7.52056
      vertex 51.8904 29.9589 9.08634
      vertex 54.8127 24.4042 7.52056
    endloop
  endfacet
  facet normal 0.25847 0.0135504 0.965924
    outer loop
      vertex 49.3633 5.1883 21.7669
      vertex 47.8551 5.02977 22.1727
      vertex 49.6353 0 21.7669
    endloop
  endfacet
  facet normal 0.453403 -0.0237618 0.890989
    outer loop
      vertex 52.5 0 20.4931
      vertex 50.8211 -5.34151 21.205
      vertex 52.2124 -5.48774 20.4931
    endloop
  endfacet
  facet normal 0.889794 0.0466354 0.453973
    outer loop
      vertex 58.7032 0 13.6132
      vertex 57.6727 6.06165 15.0103
      vertex 57.9904 0 15.0103
    endloop
  endfacet
  facet normal 0.767574 0.121578 0.629325
    outer loop
      vertex 55.8867 11.8791 16.3253
      vertex 54.9202 11.6737 17.5438
      vertex 56.8223 5.97226 16.3253
    endloop
  endfacet
  facet normal 0.860635 0.438516 -0.258864
    outer loop
      vertex 54.142 24.1056 -12.1495
      vertex 51.3257 29.6329 -12.1495
      vertex 51.6777 29.8361 -10.635
    endloop
  endfacet
  facet normal 0.922092 0.353942 -0.156435
    outer loop
      vertex 56.7516 18.4397 -10.635
      vertex 54.7377 24.3708 -9.08634
      vertex 56.9852 18.5156 -9.08634
    endloop
  endfacet
  facet normal 0.828331 0.131202 -0.544659
    outer loop
      vertex 56.8223 5.97226 -16.3253
      vertex 55.8867 11.8791 -16.3253
      vertex 56.7232 12.0569 -15.0103
    endloop
  endfacet
  facet normal 0.828363 0.131192 -0.544614
    outer loop
      vertex 56.8223 5.97226 -16.3253
      vertex 56.7232 12.0569 -15.0103
      vertex 57.6727 6.06165 -15.0103
    endloop
  endfacet
  facet normal 0.889793 0.0466347 -0.453975
    outer loop
      vertex 58.7032 0 -13.6132
      vertex 57.6727 6.06165 -15.0103
      vertex 58.3816 6.13615 -13.6132
    endloop
  endfacet
  facet normal 0.810119 0.217083 -0.544594
    outer loop
      vertex 56.7232 12.0569 -15.0103
      vertex 54.3389 17.6558 -16.3253
      vertex 55.1521 17.92 -15.0103
    endloop
  endfacet
  facet normal 0.964597 0.0505423 -0.258839
    outer loop
      vertex 59.2658 0 -12.1495
      vertex 58.9412 6.19497 -12.1495
      vertex 59.6722 0 -10.635
    endloop
  endfacet
  facet normal 0.964597 -0.0505423 -0.258839
    outer loop
      vertex 59.6722 0 -10.635
      vertex 58.9412 -6.19497 -12.1495
      vertex 59.2658 0 -12.1495
    endloop
  endfacet
  facet normal 0.889786 0.453372 -0.0522912
    outer loop
      vertex 54.7377 24.3708 -9.08634
      vertex 51.8904 29.9589 -9.08634
      vertex 54.8127 24.4042 -7.52056
    endloop
  endfacet
  facet normal 0.871567 0.334563 -0.358384
    outer loop
      vertex 55.83 18.1403 -13.6132
      vertex 53.628 23.8767 -13.6132
      vertex 54.142 24.1056 -12.1495
    endloop
  endfacet
  facet normal 0.767583 0.621565 -0.15644
    outer loop
      vertex 48.2758 35.0744 -10.635
      vertex 44.5276 40.0929 -9.08634
      vertex 48.4745 35.2188 -9.08634
    endloop
  endfacet
  facet normal 0.587523 0.725524 0.358374
    outer loop
      vertex 34.8356 47.9471 12.1495
      vertex 34.5049 47.4919 13.6132
      vertex 39.6566 44.0431 12.1495
    endloop
  endfacet
  facet normal 0.776083 0.628457 0.0523196
    outer loop
      vertex 44.5887 40.1478 7.52056
      vertex 44.5276 40.0929 9.08634
      vertex 48.541 35.2671 7.52056
    endloop
  endfacet
  facet normal 0.706139 0.706139 0.0523139
    outer loop
      vertex 40.0929 44.5276 9.08634
      vertex 44.5887 40.1478 7.52056
      vertex 40.1478 44.5887 7.52056
    endloop
  endfacet
  facet normal 0.706139 0.706139 0.0523139
    outer loop
      vertex 44.5887 40.1478 7.52056
      vertex 40.0929 44.5276 9.08634
      vertex 44.5276 40.0929 9.08634
    endloop
  endfacet
  facet normal 0.651777 0.423264 0.629313
    outer loop
      vertex 49.4806 28.5676 16.3253
      vertex 46.2234 33.5833 16.3253
      vertex 48.6249 28.0736 17.5438
    endloop
  endfacet
  facet normal 0.285722 0.352842 0.890991
    outer loop
      vertex 30.8587 42.4734 20.4931
      vertex 30.0364 41.3416 21.205
      vertex 35.1294 39.0151 20.4931
    endloop
  endfacet
  facet normal 0.423264 0.651777 0.629313
    outer loop
      vertex 28.5676 49.4806 16.3253
      vertex 28.0736 48.6249 17.5438
      vertex 33.5833 46.2234 16.3253
    endloop
  endfacet
  facet normal 0.070998 0.139341 0.987696
    outer loop
      vertex 19.5716 43.9586 22.1727
      vertex 18.9409 42.5419 22.4179
      vertex 24.0593 41.672 22.1727
    endloop
  endfacet
  facet normal 0.110581 0.110581 0.987696
    outer loop
      vertex 32.1977 35.7591 22.1727
      vertex 34.6067 31.16 22.4179
      vertex 35.7591 32.1977 22.1727
    endloop
  endfacet
  facet normal 0.110581 0.110581 0.987696
    outer loop
      vertex 34.6067 31.16 22.4179
      vertex 32.1977 35.7591 22.1727
      vertex 31.16 34.6067 22.4179
    endloop
  endfacet
  facet normal 0.183003 0.183003 0.965929
    outer loop
      vertex 33.2125 36.8862 21.7669
      vertex 35.7591 32.1977 22.1727
      vertex 36.8862 33.2125 21.7669
    endloop
  endfacet
  facet normal 0.183003 0.183003 0.965929
    outer loop
      vertex 35.7591 32.1977 22.1727
      vertex 33.2125 36.8862 21.7669
      vertex 32.1977 35.7591 22.1727
    endloop
  endfacet
  facet normal 0.140953 0.217046 0.965931
    outer loop
      vertex 29.1749 40.1558 21.7669
      vertex 24.0593 41.672 22.1727
      vertex 28.2834 38.9288 22.1727
    endloop
  endfacet
  facet normal -0.230603 0.117498 0.965928
    outer loop
      vertex -42.9854 24.8176 21.7669
      vertex -43.9586 19.5716 22.1727
      vertex -41.672 24.0593 22.1727
    endloop
  endfacet
  facet normal 0.0187652 0.0488839 0.998628
    outer loop
      vertex 14.3903 44.2887 22.4179
      vertex 13.9058 42.7975 22.5
      vertex 18.3031 41.1095 22.5
    endloop
  endfacet
  facet normal -0.0370263 0.0370263 0.998628
    outer loop
      vertex -31.16 34.6067 22.4179
      vertex -33.4415 30.1109 22.5
      vertex -30.1109 33.4415 22.5
    endloop
  endfacet
  facet normal -0.0370263 0.0370263 0.998628
    outer loop
      vertex -33.4415 30.1109 22.5
      vertex -31.16 34.6067 22.4179
      vertex -34.6067 31.16 22.4179
    endloop
  endfacet
  facet normal -0.00274044 0.0522916 0.998628
    outer loop
      vertex 0 46.5679 22.4179
      vertex -4.86767 46.3128 22.4179
      vertex -4.70378 44.7535 22.5
    endloop
  endfacet
  facet normal 0.0081844 0.156167 0.987697
    outer loop
      vertex 5.02977 47.8551 22.1727
      vertex 0 48.1187 22.1727
      vertex 4.86767 46.3128 22.4179
    endloop
  endfacet
  facet normal 0.217046 0.140953 0.965931
    outer loop
      vertex 40.1558 29.1749 21.7669
      vertex 38.9288 28.2834 22.1727
      vertex 41.672 24.0593 22.1727
    endloop
  endfacet
  facet normal 0.217059 0.140957 0.965928
    outer loop
      vertex 42.9854 24.8176 21.7669
      vertex 40.1558 29.1749 21.7669
      vertex 41.672 24.0593 22.1727
    endloop
  endfacet
  facet normal 0.0517163 0.00819086 0.998628
    outer loop
      vertex 45.5503 9.68202 22.4179
      vertex 44.0166 9.35603 22.5
      vertex 46.3128 4.86767 22.4179
    endloop
  endfacet
  facet normal 0.154456 0.0244633 0.987697
    outer loop
      vertex 47.0672 10.0044 22.1727
      vertex 46.3128 4.86767 22.4179
      vertex 47.8551 5.02977 22.1727
    endloop
  endfacet
  facet normal 0.139343 0.0709983 0.987696
    outer loop
      vertex 41.672 24.0593 22.1727
      vertex 40.329 23.284 22.4179
      vertex 42.5419 18.9409 22.4179
    endloop
  endfacet
  facet normal 0.0237708 -0.0466534 0.998628
    outer loop
      vertex 22.5 -38.9711 22.5
      vertex 18.3031 -41.1095 22.5
      vertex 18.9409 -42.5419 22.4179
    endloop
  endfacet
  facet normal 0.131155 0.0851741 0.987696
    outer loop
      vertex 38.9288 28.2834 22.1727
      vertex 37.6742 27.3719 22.4179
      vertex 41.672 24.0593 22.1727
    endloop
  endfacet
  facet normal 0.121535 0.0984156 0.987696
    outer loop
      vertex 38.9288 28.2834 22.1727
      vertex 35.7591 32.1977 22.1727
      vertex 37.6742 27.3719 22.4179
    endloop
  endfacet
  facet normal 0.258456 -0.0135451 0.965928
    outer loop
      vertex 48.1187 0 22.1727
      vertex 47.8551 -5.02977 22.1727
      vertex 49.6353 0 21.7669
    endloop
  endfacet
  facet normal 0.25847 -0.0135504 0.965924
    outer loop
      vertex 49.6353 0 21.7669
      vertex 47.8551 -5.02977 22.1727
      vertex 49.3633 -5.1883 21.7669
    endloop
  endfacet
  facet normal 0.241617 0.0927435 0.965929
    outer loop
      vertex 45.3441 20.1885 21.7669
      vertex 43.9586 19.5716 22.1727
      vertex 47.2059 15.3381 21.7669
    endloop
  endfacet
  facet normal 0.334558 0.128418 0.933584
    outer loop
      vertex 48.6 15.7911 21.205
      vertex 45.3441 20.1885 21.7669
      vertex 47.2059 15.3381 21.7669
    endloop
  endfacet
  facet normal 0.901779 0.346175 0.25876
    outer loop
      vertex 56.7516 18.4397 10.635
      vertex 54.142 24.1056 12.1495
      vertex 56.3652 18.3142 12.1495
    endloop
  endfacet
  facet normal 0.83182 0.423833 0.358387
    outer loop
      vertex 54.142 24.1056 12.1495
      vertex 50.8384 29.3516 13.6132
      vertex 53.628 23.8767 13.6132
    endloop
  endfacet
  facet normal -0.423833 -0.83182 0.358386
    outer loop
      vertex -29.3516 -50.8384 13.6132
      vertex -29.6329 -51.3257 12.1495
      vertex -24.1056 -54.142 12.1495
    endloop
  endfacet
  facet normal -0.0135504 -0.25847 0.965924
    outer loop
      vertex -5.02977 -47.8551 22.1727
      vertex -5.1883 -49.3633 21.7669
      vertex 0 -49.6353 21.7669
    endloop
  endfacet
  facet normal -0.27852 -0.225542 0.933572
    outer loop
      vertex -40.1558 -29.1749 21.7669
      vertex -41.3416 -30.0364 21.205
      vertex -36.8862 -33.2125 21.7669
    endloop
  endfacet
  facet normal -0.201136 -0.750634 0.629358
    outer loop
      vertex -17.3504 -53.3991 17.5438
      vertex -17.6558 -54.3389 16.3253
      vertex -11.6737 -54.9202 17.5438
    endloop
  endfacet
  facet normal 0.0505776 0.0135522 0.998628
    outer loop
      vertex 44.2887 14.3903 22.4179
      vertex 42.7975 13.9058 22.5
      vertex 44.0166 9.35603 22.5
    endloop
  endfacet
  facet normal -0.0522912 -0.0027403 0.998628
    outer loop
      vertex -45 0 22.5
      vertex -46.5679 0 22.4179
      vertex -44.7535 -4.70378 22.5
    endloop
  endfacet
  facet normal -0.255638 0.0404874 0.965924
    outer loop
      vertex -48.5506 10.3197 21.7669
      vertex -49.3633 5.1883 21.7669
      vertex -47.8551 5.02977 22.1727
    endloop
  endfacet
  facet normal -0.285726 0.352852 0.890986
    outer loop
      vertex -30.0364 41.3416 21.205
      vertex -35.1294 39.0151 20.4931
      vertex -34.1933 37.9755 21.205
    endloop
  endfacet
  facet normal -0.810096 0.526099 -0.258773
    outer loop
      vertex -47.9471 34.8356 -12.1495
      vertex -51.6777 29.8361 -10.635
      vertex -48.2758 35.0744 -10.635
    endloop
  endfacet
  facet normal -0.241633 0.0927558 0.965924
    outer loop
      vertex -43.9586 19.5716 22.1727
      vertex -47.2059 15.3381 21.7669
      vertex -45.7636 14.8695 22.1727
    endloop
  endfacet
  facet normal -0.560717 -0.285704 0.777154
    outer loop
      vertex -46.6067 -26.9084 19.6392
      vertex -49.1641 -21.8893 19.6392
      vertex -47.6634 -27.5185 18.6525
    endloop
  endfacet
  facet normal -0.145998 0.0560445 0.987696
    outer loop
      vertex -43.9586 19.5716 22.1727
      vertex -45.7636 14.8695 22.1727
      vertex -42.5419 18.9409 22.4179
    endloop
  endfacet
  facet normal 0.0135504 0.25847 0.965924
    outer loop
      vertex 5.1883 49.3633 21.7669
      vertex 0 49.6353 21.7669
      vertex 5.02977 47.8551 22.1727
    endloop
  endfacet
  facet normal 0.0285026 0.543862 0.83869
    outer loop
      vertex 0 53.8168 19.6392
      vertex 0 52.5 20.4931
      vertex 5.48774 52.2124 20.4931
    endloop
  endfacet
  facet normal 0.0522584 0.99726 0.052354
    outer loop
      vertex 0 60 7.52056
      vertex 0 59.9178 9.08634
      vertex 6.26312 59.5896 9.08634
    endloop
  endfacet
  facet normal 0.258473 0.964598 0.052368
    outer loop
      vertex 18.541 57.0634 7.52056
      vertex 12.4576 58.6085 9.08634
      vertex 18.5156 56.9852 9.08634
    endloop
  endfacet
  facet normal 0.39604 0.489078 0.777145
    outer loop
      vertex 32.3499 44.5258 18.6525
      vertex 31.6327 43.5387 19.6392
      vertex 36.0105 39.9937 19.6392
    endloop
  endfacet
  facet normal 0.48907 0.603944 0.629335
    outer loop
      vertex 33.5833 46.2234 16.3253
      vertex 33.0025 45.424 17.5438
      vertex 38.2309 42.4598 16.3253
    endloop
  endfacet
  facet normal -0.703382 0.456776 0.544618
    outer loop
      vertex -46.9152 34.0859 15.0103
      vertex -50.2211 28.9952 15.0103
      vertex -49.4806 28.5676 16.3253
    endloop
  endfacet
  facet normal 0.139378 0.880046 0.453975
    outer loop
      vertex 6.13615 58.3816 13.6132
      vertex 6.06165 57.6727 15.0103
      vertex 12.0569 56.7232 15.0103
    endloop
  endfacet
  facet normal 0.162713 0.423873 0.890986
    outer loop
      vertex 21.3537 47.9611 20.4931
      vertex 15.7911 48.6 21.205
      vertex 20.7847 46.6831 21.205
    endloop
  endfacet
  facet normal -0.195172 0.508451 0.83868
    outer loop
      vertex -16.6303 51.1828 19.6392
      vertex -21.8893 49.1641 19.6392
      vertex -16.2234 49.9305 20.4931
    endloop
  endfacet
  facet normal 0.230623 0.860658 0.453961
    outer loop
      vertex 12.2051 57.4204 13.6132
      vertex 12.0569 56.7232 15.0103
      vertex 18.1403 55.83 13.6132
    endloop
  endfacet
  facet normal 0.456776 0.703382 0.544618
    outer loop
      vertex 28.9952 50.2211 15.0103
      vertex 28.5676 49.4806 16.3253
      vertex 34.0859 46.9152 15.0103
    endloop
  endfacet
  facet normal -0.154508 0.975526 0.156451
    outer loop
      vertex -6.26312 59.5896 9.08634
      vertex -12.4066 58.3682 10.635
      vertex -6.23744 59.3453 10.635
    endloop
  endfacet
  facet normal -0.156211 0.986335 0.0523525
    outer loop
      vertex -6.27171 59.6713 7.52056
      vertex -12.4747 58.6889 7.52056
      vertex -12.4576 58.6085 9.08634
    endloop
  endfacet
  facet normal 0.131202 0.828331 0.544659
    outer loop
      vertex 12.0569 56.7232 15.0103
      vertex 5.97226 56.8223 16.3253
      vertex 11.8791 55.8867 16.3253
    endloop
  endfacet
  facet normal 0.0505423 0.964597 0.258839
    outer loop
      vertex 0 59.6722 10.635
      vertex 0 59.2658 12.1495
      vertex 6.19497 58.9412 12.1495
    endloop
  endfacet
  facet normal 0.0466354 0.889794 -0.453973
    outer loop
      vertex 6.06165 57.6727 -15.0103
      vertex 0 57.9904 -15.0103
      vertex 0 58.7032 -13.6132
    endloop
  endfacet
  facet normal 0.156426 0.98769 -0
    outer loop
      vertex 12.4747 58.6889 -7.52056
      vertex 6.27171 59.6713 7.52056
      vertex 12.4747 58.6889 7.52056
    endloop
  endfacet
  facet normal 0.156426 0.98769 0
    outer loop
      vertex 6.27171 59.6713 7.52056
      vertex 12.4747 58.6889 -7.52056
      vertex 6.27171 59.6713 -7.52056
    endloop
  endfacet
  facet normal -0.891007 0.45399 0
    outer loop
      vertex -54.8127 24.4042 -7.52056
      vertex -51.9615 30 7.52056
      vertex -51.9615 30 -7.52056
    endloop
  endfacet
  facet normal -0.891007 0.45399 0
    outer loop
      vertex -51.9615 30 7.52056
      vertex -54.8127 24.4042 -7.52056
      vertex -54.8127 24.4042 7.52056
    endloop
  endfacet
  facet normal -0.776083 0.628457 0.0523196
    outer loop
      vertex -44.5887 40.1478 7.52056
      vertex -48.541 35.2671 7.52056
      vertex -44.5276 40.0929 9.08634
    endloop
  endfacet
  facet normal -0.438515 0.860637 -0.258859
    outer loop
      vertex -24.1056 54.142 -12.1495
      vertex -29.8361 51.6777 -10.635
      vertex -24.2709 54.5133 -10.635
    endloop
  endfacet
  facet normal -0.404511 0.793902 -0.453971
    outer loop
      vertex -28.9952 50.2211 -15.0103
      vertex -29.3516 50.8384 -13.6132
      vertex -23.5868 52.9768 -15.0103
    endloop
  endfacet
  facet normal -0.767566 0.121574 0.629334
    outer loop
      vertex -54.9202 11.6737 17.5438
      vertex -56.8223 5.97226 16.3253
      vertex -55.8396 5.86898 17.5438
    endloop
  endfacet
  facet normal -0.92209 0.353943 -0.156442
    outer loop
      vertex -54.5133 24.2709 -10.635
      vertex -56.7516 18.4397 -10.635
      vertex -54.7377 24.3708 -9.08634
    endloop
  endfacet
  facet normal 0.051693 -0.986332 -0.15645
    outer loop
      vertex 6.26312 -59.5896 -9.08634
      vertex 0 -59.6722 -10.635
      vertex 6.23744 -59.3453 -10.635
    endloop
  endfacet
  facet normal 0.0505545 -0.964608 -0.258795
    outer loop
      vertex 6.23744 -59.3453 -10.635
      vertex 0 -59.6722 -10.635
      vertex 6.19497 -58.9412 -12.1495
    endloop
  endfacet
  facet normal 0.258473 -0.964598 -0.052368
    outer loop
      vertex 18.541 -57.0634 -7.52056
      vertex 12.4576 -58.6085 -9.08634
      vertex 18.5156 -56.9852 -9.08634
    endloop
  endfacet
  facet normal 0.255641 -0.954029 -0.156452
    outer loop
      vertex 12.4576 -58.6085 -9.08634
      vertex 12.4066 -58.3682 -10.635
      vertex 18.5156 -56.9852 -9.08634
    endloop
  endfacet
  facet normal -0.051686 -0.986337 -0.156422
    outer loop
      vertex 0 -59.9178 -9.08634
      vertex -6.26312 -59.5896 -9.08634
      vertex 0 -59.6722 -10.635
    endloop
  endfacet
  facet normal 0.051686 -0.986337 -0.156422
    outer loop
      vertex 6.26312 -59.5896 -9.08634
      vertex 0 -59.9178 -9.08634
      vertex 0 -59.6722 -10.635
    endloop
  endfacet
  facet normal -0.0505545 -0.964608 -0.258795
    outer loop
      vertex 0 -59.6722 -10.635
      vertex -6.23744 -59.3453 -10.635
      vertex -6.19497 -58.9412 -12.1495
    endloop
  endfacet
  facet normal -0.156211 -0.986335 -0.0523525
    outer loop
      vertex -6.27171 -59.6713 -7.52056
      vertex -12.4747 -58.6889 -7.52056
      vertex -12.4576 -58.6085 -9.08634
    endloop
  endfacet
  facet normal 0.0560418 -0.145995 0.987697
    outer loop
      vertex 18.9409 -42.5419 22.4179
      vertex 14.3903 -44.2887 22.4179
      vertex 14.8695 -45.7636 22.1727
    endloop
  endfacet
  facet normal 0.0027403 0.0522912 0.998628
    outer loop
      vertex 0 46.5679 22.4179
      vertex 0 45 22.5
      vertex 4.70378 44.7535 22.5
    endloop
  endfacet
  facet normal 0.543862 -0.0285026 0.83869
    outer loop
      vertex 52.5 0 20.4931
      vertex 52.2124 -5.48774 20.4931
      vertex 53.8168 0 19.6392
    endloop
  endfacet
  facet normal 0.453403 0.0237618 0.890989
    outer loop
      vertex 52.2124 5.48774 20.4931
      vertex 50.8211 5.34151 21.205
      vertex 52.5 0 20.4931
    endloop
  endfacet
  facet normal 0.45342 -0.0237681 0.89098
    outer loop
      vertex 51.1011 0 21.205
      vertex 50.8211 -5.34151 21.205
      vertex 52.5 0 20.4931
    endloop
  endfacet
  facet normal 0.357872 -0.0187595 0.933582
    outer loop
      vertex 51.1011 0 21.205
      vertex 49.3633 -5.1883 21.7669
      vertex 50.8211 -5.34151 21.205
    endloop
  endfacet
  facet normal 0.593021 -0.385116 0.707115
    outer loop
      vertex 48.6249 -28.0736 17.5438
      vertex 44.5258 -32.3499 18.6525
      vertex 45.424 -33.0025 17.5438
    endloop
  endfacet
  facet normal 0.527781 -0.342751 0.777155
    outer loop
      vertex 46.6067 -26.9084 19.6392
      vertex 44.5258 -32.3499 18.6525
      vertex 47.6634 -27.5185 18.6525
    endloop
  endfacet
  facet normal 0.357879 0.018762 0.93358
    outer loop
      vertex 51.1011 0 21.205
      vertex 49.3633 5.1883 21.7669
      vertex 49.6353 0 21.7669
    endloop
  endfacet
  facet normal 0.621561 0.098445 0.777156
    outer loop
      vertex 54.7355 5.75293 18.6525
      vertex 52.6408 11.1891 19.6392
      vertex 53.522 5.62539 19.6392
    endloop
  endfacet
  facet normal 0.35395 -0.0560573 0.933583
    outer loop
      vertex 50.8211 -5.34151 21.205
      vertex 48.5506 -10.3197 21.7669
      vertex 49.9844 -10.6245 21.205
    endloop
  endfacet
  facet normal 0.151055 -0.040475 0.987696
    outer loop
      vertex 47.0672 -10.0044 22.1727
      vertex 45.5503 -9.68202 22.4179
      vertex 45.7636 -14.8695 22.1727
    endloop
  endfacet
  facet normal 0.747287 -0.380768 0.544591
    outer loop
      vertex 52.1957 -23.239 16.3253
      vertex 49.4806 -28.5676 16.3253
      vertex 52.9768 -23.5868 15.0103
    endloop
  endfacet
  facet normal 0.782996 -0.300567 0.544589
    outer loop
      vertex 55.1521 -17.92 15.0103
      vertex 52.1957 -23.239 16.3253
      vertex 52.9768 -23.5868 15.0103
    endloop
  endfacet
  facet normal 0.83182 -0.423833 0.358386
    outer loop
      vertex 54.142 -24.1056 12.1495
      vertex 50.8384 -29.3516 13.6132
      vertex 51.3257 -29.6329 12.1495
    endloop
  endfacet
  facet normal 0.747266 -0.485267 0.453994
    outer loop
      vertex 50.8384 -29.3516 13.6132
      vertex 46.9152 -34.0859 15.0103
      vertex 47.4919 -34.5049 13.6132
    endloop
  endfacet
  facet normal 0.128436 -0.33458 0.933574
    outer loop
      vertex 20.1885 -45.3441 21.7669
      vertex 15.7911 -48.6 21.205
      vertex 20.7847 -46.6831 21.205
    endloop
  endfacet
  facet normal 0.285726 -0.352852 0.890986
    outer loop
      vertex 34.1933 -37.9755 21.205
      vertex 30.0364 -41.3416 21.205
      vertex 35.1294 -39.0151 20.4931
    endloop
  endfacet
  facet normal 0.423241 -0.342727 0.838693
    outer loop
      vertex 43.5387 -31.6327 19.6392
      vertex 39.0151 -35.1294 20.4931
      vertex 39.9937 -36.0105 19.6392
    endloop
  endfacet
  facet normal 0.121535 -0.0984158 0.987696
    outer loop
      vertex 37.6742 -27.3719 22.4179
      vertex 34.6067 -31.16 22.4179
      vertex 35.7591 -32.1977 22.1727
    endloop
  endfacet
  facet normal 0.6984 -0.6984 0.156442
    outer loop
      vertex 39.9285 -44.3451 10.635
      vertex 44.5276 -40.0929 9.08634
      vertex 44.3451 -39.9285 10.635
    endloop
  endfacet
  facet normal 0.6984 -0.6984 0.156442
    outer loop
      vertex 44.5276 -40.0929 9.08634
      vertex 39.9285 -44.3451 10.635
      vertex 40.0929 -44.5276 9.08634
    endloop
  endfacet
  facet normal 0.549514 -0.444987 0.707121
    outer loop
      vertex 44.5258 -32.3499 18.6525
      vertex 40.9004 -36.8269 18.6525
      vertex 41.7255 -37.5698 17.5438
    endloop
  endfacet
  facet normal 0.527805 -0.651776 0.544619
    outer loop
      vertex 38.2309 -42.4598 16.3253
      vertex 33.5833 -46.2234 16.3253
      vertex 34.0859 -46.9152 15.0103
    endloop
  endfacet
  facet normal 0.706139 -0.706139 -0.0523139
    outer loop
      vertex 44.5887 -40.1478 -7.52056
      vertex 40.0929 -44.5276 -9.08634
      vertex 44.5276 -40.0929 -9.08634
    endloop
  endfacet
  facet normal 0.706139 -0.706139 -0.0523139
    outer loop
      vertex 40.0929 -44.5276 -9.08634
      vertex 44.5887 -40.1478 -7.52056
      vertex 40.1478 -44.5887 -7.52056
    endloop
  endfacet
  facet normal 0.0406946 -0.0329539 0.998628
    outer loop
      vertex 36.4058 -26.4503 22.5
      vertex 33.4415 -30.1109 22.5
      vertex 37.6742 -27.3719 22.4179
    endloop
  endfacet
  facet normal 0.0406939 -0.0329528 0.998628
    outer loop
      vertex 37.6742 -27.3719 22.4179
      vertex 33.4415 -30.1109 22.5
      vertex 34.6067 -31.16 22.4179
    endloop
  endfacet
  facet normal 0.0488827 0.0187642 0.998628
    outer loop
      vertex 42.5419 18.9409 22.4179
      vertex 41.1095 18.3031 22.5
      vertex 44.2887 14.3903 22.4179
    endloop
  endfacet
  facet normal 0.0439134 -0.0285171 0.998628
    outer loop
      vertex 38.9711 -22.5 22.5
      vertex 36.4058 -26.4503 22.5
      vertex 40.329 -23.284 22.4179
    endloop
  endfacet
  facet normal 0.0466536 0.023771 0.998628
    outer loop
      vertex 40.329 23.284 22.4179
      vertex 38.9711 22.5 22.5
      vertex 42.5419 18.9409 22.4179
    endloop
  endfacet
  facet normal 0.00819204 0.0517186 0.998628
    outer loop
      vertex 4.86767 46.3128 22.4179
      vertex 4.70378 44.7535 22.5
      vertex 9.35603 44.0166 22.5
    endloop
  endfacet
  facet normal 0.0522912 0.0027403 0.998628
    outer loop
      vertex 46.5679 0 22.4179
      vertex 44.7535 4.70378 22.5
      vertex 45 0 22.5
    endloop
  endfacet
  facet normal 0.0517186 0.00819204 0.998628
    outer loop
      vertex 46.3128 4.86767 22.4179
      vertex 44.0166 9.35603 22.5
      vertex 44.7535 4.70378 22.5
    endloop
  endfacet
  facet normal 0.438516 -0.860635 0.258864
    outer loop
      vertex 29.6329 -51.3257 12.1495
      vertex 24.1056 -54.142 12.1495
      vertex 29.8361 -51.6777 10.635
    endloop
  endfacet
  facet normal 0.258825 -0.965924 0
    outer loop
      vertex 12.4747 -58.6889 -7.52056
      vertex 18.541 -57.0634 7.52056
      vertex 12.4747 -58.6889 7.52056
    endloop
  endfacet
  facet normal 0.258825 -0.965924 0
    outer loop
      vertex 18.541 -57.0634 7.52056
      vertex 12.4747 -58.6889 -7.52056
      vertex 18.541 -57.0634 -7.52056
    endloop
  endfacet
  facet normal 0.156426 -0.98769 0
    outer loop
      vertex 6.27171 -59.6713 -7.52056
      vertex 12.4747 -58.6889 7.52056
      vertex 6.27171 -59.6713 7.52056
    endloop
  endfacet
  facet normal 0.156426 -0.98769 0
    outer loop
      vertex 12.4747 -58.6889 7.52056
      vertex 6.27171 -59.6713 -7.52056
      vertex 12.4747 -58.6889 -7.52056
    endloop
  endfacet
  facet normal 0.508453 -0.782966 0.358384
    outer loop
      vertex 34.8356 -47.9471 12.1495
      vertex 29.3516 -50.8384 13.6132
      vertex 29.6329 -51.3257 12.1495
    endloop
  endfacet
  facet normal 0.321023 -0.630042 0.707101
    outer loop
      vertex 27.5185 -47.6634 18.6525
      vertex 22.3855 -50.2788 18.6525
      vertex 22.8371 -51.293 17.5438
    endloop
  endfacet
  facet normal 0.2785 -0.725513 0.629339
    outer loop
      vertex 22.8371 -51.293 17.5438
      vertex 17.6558 -54.3389 16.3253
      vertex 23.239 -52.1957 16.3253
    endloop
  endfacet
  facet normal 0.278487 -0.7255 0.62936
    outer loop
      vertex 22.8371 -51.293 17.5438
      vertex 17.3504 -53.3991 17.5438
      vertex 17.6558 -54.3389 16.3253
    endloop
  endfacet
  facet normal -0.0081844 -0.156167 0.987697
    outer loop
      vertex -4.86767 -46.3128 22.4179
      vertex -5.02977 -47.8551 22.1727
      vertex 0 -48.1187 22.1727
    endloop
  endfacet
  facet normal -0.140953 -0.217046 0.965931
    outer loop
      vertex -28.2834 -38.9288 22.1727
      vertex -29.1749 -40.1558 21.7669
      vertex -24.0593 -41.672 22.1727
    endloop
  endfacet
  facet normal -0.358372 -0.933579 0
    outer loop
      vertex -24.4042 -54.8127 -7.52056
      vertex -18.541 -57.0634 7.52056
      vertex -24.4042 -54.8127 7.52056
    endloop
  endfacet
  facet normal -0.358372 -0.933579 -0
    outer loop
      vertex -18.541 -57.0634 7.52056
      vertex -24.4042 -54.8127 -7.52056
      vertex -18.541 -57.0634 -7.52056
    endloop
  endfacet
  facet normal -0.156426 -0.98769 0
    outer loop
      vertex -12.4747 -58.6889 -7.52056
      vertex -6.27171 -59.6713 7.52056
      vertex -12.4747 -58.6889 7.52056
    endloop
  endfacet
  facet normal -0.156426 -0.98769 -0
    outer loop
      vertex -6.27171 -59.6713 7.52056
      vertex -12.4747 -58.6889 -7.52056
      vertex -6.27171 -59.6713 -7.52056
    endloop
  endfacet
  facet normal -0.0505545 -0.964608 0.258795
    outer loop
      vertex -6.19497 -58.9412 12.1495
      vertex -6.23744 -59.3453 10.635
      vertex 0 -59.6722 10.635
    endloop
  endfacet
  facet normal 0.156211 -0.986335 0.0523525
    outer loop
      vertex 12.4576 -58.6085 9.08634
      vertex 6.27171 -59.6713 7.52056
      vertex 12.4747 -58.6889 7.52056
    endloop
  endfacet
  facet normal -0.230624 -0.860653 0.453971
    outer loop
      vertex -17.92 -55.1521 15.0103
      vertex -18.1403 -55.83 13.6132
      vertex -12.0569 -56.7232 15.0103
    endloop
  endfacet
  facet normal -0.0329339 -0.628446 0.777156
    outer loop
      vertex -5.62539 -53.522 19.6392
      vertex -5.75293 -54.7355 18.6525
      vertex 0 -53.8168 19.6392
    endloop
  endfacet
  facet normal 0.040673 -0.776069 0.629335
    outer loop
      vertex 5.86898 -55.8396 17.5438
      vertex 0 -57.1353 16.3253
      vertex 5.97226 -56.8223 16.3253
    endloop
  endfacet
  facet normal -0.040673 -0.776069 0.629335
    outer loop
      vertex -5.86898 -55.8396 17.5438
      vertex -5.97226 -56.8223 16.3253
      vertex 0 -57.1353 16.3253
    endloop
  endfacet
  facet normal 0.255641 -0.954029 0.156452
    outer loop
      vertex 18.5156 -56.9852 9.08634
      vertex 12.4066 -58.3682 10.635
      vertex 12.4576 -58.6085 9.08634
    endloop
  endfacet
  facet normal -0.0523381 -0.998629 0
    outer loop
      vertex -6.27171 -59.6713 -7.52056
      vertex 0 -60 7.52056
      vertex -6.27171 -59.6713 7.52056
    endloop
  endfacet
  facet normal -0.0523381 -0.998629 -0
    outer loop
      vertex 0 -60 7.52056
      vertex -6.27171 -59.6713 -7.52056
      vertex 0 -60 -7.52056
    endloop
  endfacet
  facet normal 0.438515 -0.860637 0.258859
    outer loop
      vertex 29.8361 -51.6777 10.635
      vertex 24.1056 -54.142 12.1495
      vertex 24.2709 -54.5133 10.635
    endloop
  endfacet
  facet normal 0.24164 -0.901773 0.358351
    outer loop
      vertex 18.1403 -55.83 13.6132
      vertex 12.2051 -57.4204 13.6132
      vertex 12.3221 -57.9707 12.1495
    endloop
  endfacet
  facet normal 0.49999 -0.49999 -0.707121
    outer loop
      vertex 37.5698 -41.7255 -17.5438
      vertex 40.9004 -36.8269 -18.6525
      vertex 41.7255 -37.5698 -17.5438
    endloop
  endfacet
  facet normal 0.49999 -0.49999 -0.707121
    outer loop
      vertex 40.9004 -36.8269 -18.6525
      vertex 37.5698 -41.7255 -17.5438
      vertex 36.8269 -40.9004 -18.6525
    endloop
  endfacet
  facet normal 0.629319 -0.777147 0
    outer loop
      vertex 35.2671 -48.541 -7.52056
      vertex 40.1478 -44.5887 7.52056
      vertex 35.2671 -48.541 7.52056
    endloop
  endfacet
  facet normal 0.629319 -0.777147 0
    outer loop
      vertex 40.1478 -44.5887 7.52056
      vertex 35.2671 -48.541 -7.52056
      vertex 40.1478 -44.5887 -7.52056
    endloop
  endfacet
  facet normal 0.162713 -0.423873 -0.890986
    outer loop
      vertex 21.3537 -47.9611 -20.4931
      vertex 15.7911 -48.6 -21.205
      vertex 20.7847 -46.6831 -21.205
    endloop
  endfacet
  facet normal 0.121574 -0.767566 -0.629334
    outer loop
      vertex 5.97226 -56.8223 -16.3253
      vertex 5.86898 -55.8396 -17.5438
      vertex 11.6737 -54.9202 -17.5438
    endloop
  endfacet
  facet normal 0.162706 -0.319321 -0.933574
    outer loop
      vertex 20.7847 -46.6831 -21.205
      vertex 20.1885 -45.3441 -21.7669
      vertex 24.8176 -42.9854 -21.7669
    endloop
  endfacet
  facet normal 0.253407 -0.253407 -0.933579
    outer loop
      vertex 34.1933 -37.9755 -21.205
      vertex 36.8862 -33.2125 -21.7669
      vertex 37.9755 -34.1933 -21.205
    endloop
  endfacet
  facet normal 0.253407 -0.253407 -0.933579
    outer loop
      vertex 36.8862 -33.2125 -21.7669
      vertex 34.1933 -37.9755 -21.205
      vertex 33.2125 -36.8862 -21.7669
    endloop
  endfacet
  facet normal 0.321015 -0.630035 -0.707111
    outer loop
      vertex 28.0736 -48.6249 -17.5438
      vertex 22.8371 -51.293 -17.5438
      vertex 27.5185 -47.6634 -18.6525
    endloop
  endfacet
  facet normal 0.195172 -0.508451 -0.83868
    outer loop
      vertex 16.6303 -51.1828 -19.6392
      vertex 16.2234 -49.9305 -20.4931
      vertex 21.8893 -49.1641 -19.6392
    endloop
  endfacet
  facet normal 0.117517 -0.438575 -0.890978
    outer loop
      vertex 10.9154 -51.3527 -20.4931
      vertex 10.6245 -49.9844 -21.205
      vertex 15.7911 -48.6 -21.205
    endloop
  endfacet
  facet normal 0.0851944 -0.537899 -0.838693
    outer loop
      vertex 5.62539 -53.522 -19.6392
      vertex 5.48774 -52.2124 -20.4931
      vertex 11.1891 -52.6408 -19.6392
    endloop
  endfacet
  facet normal -0.0329339 -0.628446 -0.777156
    outer loop
      vertex 0 -53.8168 -19.6392
      vertex -5.75293 -54.7355 -18.6525
      vertex -5.62539 -53.522 -19.6392
    endloop
  endfacet
  facet normal -0.037008 -0.70615 -0.707094
    outer loop
      vertex 0 -55.037 -18.6525
      vertex -5.86898 -55.8396 -17.5438
      vertex -5.75293 -54.7355 -18.6525
    endloop
  endfacet
  facet normal 0.45399 -0.891007 0
    outer loop
      vertex 24.4042 -54.8127 -7.52056
      vertex 30 -51.9615 7.52056
      vertex 24.4042 -54.8127 7.52056
    endloop
  endfacet
  facet normal 0.45399 -0.891007 0
    outer loop
      vertex 30 -51.9615 7.52056
      vertex 24.4042 -54.8127 -7.52056
      vertex 30 -51.9615 -7.52056
    endloop
  endfacet
  facet normal 0.357862 -0.932305 -0.0523675
    outer loop
      vertex 18.541 -57.0634 -7.52056
      vertex 18.5156 -56.9852 -9.08634
      vertex 24.3708 -54.7377 -9.08634
    endloop
  endfacet
  facet normal 0.621565 -0.767583 -0.15644
    outer loop
      vertex 35.2188 -48.4745 -9.08634
      vertex 35.0744 -48.2758 -10.635
      vertex 40.0929 -44.5276 -9.08634
    endloop
  endfacet
  facet normal -0.0187595 -0.357872 -0.933582
    outer loop
      vertex 0 -51.1011 -21.205
      vertex -5.34151 -50.8211 -21.205
      vertex -5.1883 -49.3633 -21.7669
    endloop
  endfacet
  facet normal -0.070998 -0.139341 -0.987696
    outer loop
      vertex -19.5716 -43.9586 -22.1727
      vertex -24.0593 -41.672 -22.1727
      vertex -18.9409 -42.5419 -22.4179
    endloop
  endfacet
  facet normal 0.0285171 0.0439134 -0.998628
    outer loop
      vertex 26.4503 36.4058 -22.5
      vertex 22.5 38.9711 -22.5
      vertex 23.284 40.329 -22.4179
    endloop
  endfacet
  facet normal 0.0370263 0.0370263 -0.998628
    outer loop
      vertex 33.4415 30.1109 -22.5
      vertex 31.16 34.6067 -22.4179
      vertex 34.6067 31.16 -22.4179
    endloop
  endfacet
  facet normal 0.0370263 0.0370263 -0.998628
    outer loop
      vertex 31.16 34.6067 -22.4179
      vertex 33.4415 30.1109 -22.5
      vertex 30.1109 33.4415 -22.5
    endloop
  endfacet
  facet normal 0.043916 -0.0285203 -0.998628
    outer loop
      vertex 37.6742 -27.3719 -22.4179
      vertex 36.4058 -26.4503 -22.5
      vertex 40.329 -23.284 -22.4179
    endloop
  endfacet
  facet normal 0.117504 -0.438555 -0.890989
    outer loop
      vertex 16.2234 -49.9305 -20.4931
      vertex 10.9154 -51.3527 -20.4931
      vertex 15.7911 -48.6 -21.205
    endloop
  endfacet
  facet normal 0.121535 0.0984156 -0.987696
    outer loop
      vertex 37.6742 27.3719 -22.4179
      vertex 35.7591 32.1977 -22.1727
      vertex 38.9288 28.2834 -22.1727
    endloop
  endfacet
  facet normal 0.206126 0.404544 -0.890986
    outer loop
      vertex 26.25 45.4663 -20.4931
      vertex 20.7847 46.6831 -21.205
      vertex 21.3537 47.9611 -20.4931
    endloop
  endfacet
  facet normal 0.145995 0.0560418 -0.987697
    outer loop
      vertex 44.2887 14.3903 -22.4179
      vertex 42.5419 18.9409 -22.4179
      vertex 45.7636 14.8695 -22.1727
    endloop
  endfacet
  facet normal 0.0522912 0.0027403 -0.998628
    outer loop
      vertex 45 0 -22.5
      vertex 44.7535 4.70378 -22.5
      vertex 46.5679 0 -22.4179
    endloop
  endfacet
  facet normal 0.139343 -0.0709983 -0.987696
    outer loop
      vertex 41.672 -24.0593 -22.1727
      vertex 40.329 -23.284 -22.4179
      vertex 42.5419 -18.9409 -22.4179
    endloop
  endfacet
  facet normal 0.0517163 -0.00819086 -0.998628
    outer loop
      vertex 45.5503 -9.68202 -22.4179
      vertex 44.0166 -9.35603 -22.5
      vertex 46.3128 -4.86767 -22.4179
    endloop
  endfacet
  facet normal 0.380775 -0.247276 -0.890991
    outer loop
      vertex 42.4734 -30.8587 -20.4931
      vertex 41.3416 -30.0364 -21.205
      vertex 45.4663 -26.25 -20.4931
    endloop
  endfacet
  facet normal 0.300557 -0.195185 -0.933578
    outer loop
      vertex 44.2548 -25.5505 -21.205
      vertex 41.3416 -30.0364 -21.205
      vertex 42.9854 -24.8176 -21.7669
    endloop
  endfacet
  facet normal 0.404544 -0.206126 -0.890986
    outer loop
      vertex 47.9611 -21.3537 -20.4931
      vertex 45.4663 -26.25 -20.4931
      vertex 46.6831 -20.7847 -21.205
    endloop
  endfacet
  facet normal 0.527794 -0.342754 -0.777144
    outer loop
      vertex 44.5258 -32.3499 -18.6525
      vertex 43.5387 -31.6327 -19.6392
      vertex 46.6067 -26.9084 -19.6392
    endloop
  endfacet
  facet normal 0.121535 -0.0984158 -0.987696
    outer loop
      vertex 35.7591 -32.1977 -22.1727
      vertex 34.6067 -31.16 -22.4179
      vertex 37.6742 -27.3719 -22.4179
    endloop
  endfacet
  facet normal 0.145998 -0.0560445 -0.987696
    outer loop
      vertex 43.9586 -19.5716 -22.1727
      vertex 42.5419 -18.9409 -22.4179
      vertex 45.7636 -14.8695 -22.1727
    endloop
  endfacet
  facet normal 0.139341 -0.070998 -0.987696
    outer loop
      vertex 43.9586 -19.5716 -22.1727
      vertex 41.672 -24.0593 -22.1727
      vertex 42.5419 -18.9409 -22.4179
    endloop
  endfacet
  facet normal 0.241633 -0.0927558 -0.965924
    outer loop
      vertex 47.2059 -15.3381 -21.7669
      vertex 43.9586 -19.5716 -22.1727
      vertex 45.7636 -14.8695 -22.1727
    endloop
  endfacet
  facet normal 0.698413 -0.11062 -0.707094
    outer loop
      vertex 54.9202 -11.6737 -17.5438
      vertex 54.7355 -5.75293 -18.6525
      vertex 55.8396 -5.86898 -17.5438
    endloop
  endfacet
  facet normal 0.485238 -0.247242 -0.838698
    outer loop
      vertex 49.1641 -21.8893 -19.6392
      vertex 45.4663 -26.25 -20.4931
      vertex 47.9611 -21.3537 -20.4931
    endloop
  endfacet
  facet normal 0.0505767 0.0135522 -0.998628
    outer loop
      vertex 45.5503 9.68202 -22.4179
      vertex 44.0166 9.35603 -22.5
      vertex 44.2887 14.3903 -22.4179
    endloop
  endfacet
  facet normal -0.0329539 -0.0406946 -0.998628
    outer loop
      vertex -27.3719 -37.6742 -22.4179
      vertex -30.1109 -33.4415 -22.5
      vertex -26.4503 -36.4058 -22.5
    endloop
  endfacet
  facet normal 0.357879 -0.018762 -0.93358
    outer loop
      vertex 51.1011 0 -21.205
      vertex 49.3633 -5.1883 -21.7669
      vertex 49.6353 0 -21.7669
    endloop
  endfacet
  facet normal 0.25847 0.0135504 -0.965924
    outer loop
      vertex 49.6353 0 -21.7669
      vertex 47.8551 5.02977 -22.1727
      vertex 49.3633 5.1883 -21.7669
    endloop
  endfacet
  facet normal 0.156167 -0.0081844 -0.987697
    outer loop
      vertex 47.8551 -5.02977 -22.1727
      vertex 46.3128 -4.86767 -22.4179
      vertex 48.1187 0 -22.1727
    endloop
  endfacet
  facet normal 0.255633 -0.0404882 -0.965926
    outer loop
      vertex 48.5506 -10.3197 -21.7669
      vertex 47.0672 -10.0044 -22.1727
      vertex 47.8551 -5.02977 -22.1727
    endloop
  endfacet
  facet normal 0.607871 -0.162875 -0.777152
    outer loop
      vertex 53.8343 -11.4428 -18.6525
      vertex 52.3433 -17.0074 -18.6525
      vertex 52.6408 -11.1891 -19.6392
    endloop
  endfacet
  facet normal 0.34615 -0.0927515 -0.933583
    outer loop
      vertex 48.6 -15.7911 -21.205
      vertex 48.5506 -10.3197 -21.7669
      vertex 49.9844 -10.6245 -21.205
    endloop
  endfacet
  facet normal 0.352852 -0.285726 -0.890986
    outer loop
      vertex 39.0151 -35.1294 -20.4931
      vertex 37.9755 -34.1933 -21.205
      vertex 41.3416 -30.0364 -21.205
    endloop
  endfacet
  facet normal 0.285726 -0.352852 -0.890986
    outer loop
      vertex 35.1294 -39.0151 -20.4931
      vertex 30.0364 -41.3416 -21.205
      vertex 34.1933 -37.9755 -21.205
    endloop
  endfacet
  facet normal 0.285722 -0.352842 -0.890991
    outer loop
      vertex 30.8587 -42.4734 -20.4931
      vertex 30.0364 -41.3416 -21.205
      vertex 35.1294 -39.0151 -20.4931
    endloop
  endfacet
  facet normal 0.9646 -0.25847 -0.0523532
    outer loop
      vertex 58.6889 -12.4747 -7.52056
      vertex 57.0634 -18.541 -7.52056
      vertex 58.6085 -12.4576 -9.08634
    endloop
  endfacet
  facet normal 0.986335 -0.156211 0.0523525
    outer loop
      vertex 59.6713 -6.27171 7.52056
      vertex 58.6085 -12.4576 9.08634
      vertex 58.6889 -12.4747 7.52056
    endloop
  endfacet
  facet normal 0.9646 -0.25847 0.0523532
    outer loop
      vertex 58.6085 -12.4576 9.08634
      vertex 57.0634 -18.541 7.52056
      vertex 58.6889 -12.4747 7.52056
    endloop
  endfacet
  facet normal 0.997262 -0.0522664 0.0523223
    outer loop
      vertex 60 0 7.52056
      vertex 59.5896 -6.26312 9.08634
      vertex 59.6713 -6.27171 7.52056
    endloop
  endfacet
  facet normal 0.986337 -0.051686 0.156422
    outer loop
      vertex 59.6722 0 10.635
      vertex 59.5896 -6.26312 9.08634
      vertex 59.9178 0 9.08634
    endloop
  endfacet
  facet normal 0.997262 0.0522664 0.0523223
    outer loop
      vertex 59.6713 6.27171 7.52056
      vertex 59.5896 6.26312 9.08634
      vertex 60 0 7.52056
    endloop
  endfacet
  facet normal 0.954032 0.255638 0.156435
    outer loop
      vertex 56.9852 18.5156 9.08634
      vertex 56.7516 18.4397 10.635
      vertex 58.3682 12.4066 10.635
    endloop
  endfacet
  facet normal 0.92209 -0.353943 0.156442
    outer loop
      vertex 56.7516 -18.4397 10.635
      vertex 54.5133 -24.2709 10.635
      vertex 54.7377 -24.3708 9.08634
    endloop
  endfacet
  facet normal 0.975525 -0.154507 0.156457
    outer loop
      vertex 59.5896 -6.26312 9.08634
      vertex 58.3682 -12.4066 10.635
      vertex 58.6085 -12.4576 9.08634
    endloop
  endfacet
  facet normal 0.901764 -0.346141 0.258859
    outer loop
      vertex 56.7516 -18.4397 10.635
      vertex 54.142 -24.1056 12.1495
      vertex 54.5133 -24.2709 10.635
    endloop
  endfacet
  facet normal 0.901779 -0.346175 0.25876
    outer loop
      vertex 56.3652 -18.3142 12.1495
      vertex 54.142 -24.1056 12.1495
      vertex 56.7516 -18.4397 10.635
    endloop
  endfacet
  facet normal 0.933013 -0.249988 -0.258829
    outer loop
      vertex 58.3682 -12.4066 -10.635
      vertex 56.3652 -18.3142 -12.1495
      vertex 57.9707 -12.3221 -12.1495
    endloop
  endfacet
  facet normal 0.871546 -0.334569 -0.358429
    outer loop
      vertex 56.3652 -18.3142 -12.1495
      vertex 54.142 -24.1056 -12.1495
      vertex 55.83 -18.1403 -13.6132
    endloop
  endfacet
  facet normal 0.767566 -0.121574 -0.629334
    outer loop
      vertex 56.8223 -5.97226 -16.3253
      vertex 54.9202 -11.6737 -17.5438
      vertex 55.8396 -5.86898 -17.5438
    endloop
  endfacet
  facet normal 0.837534 -0.0438964 -0.54462
    outer loop
      vertex 57.6727 -6.06165 -15.0103
      vertex 57.1353 0 -16.3253
      vertex 57.9904 0 -15.0103
    endloop
  endfacet
  facet normal 0.776073 0.0406749 -0.62933
    outer loop
      vertex 56.1472 0 -17.5438
      vertex 55.8396 5.86898 -17.5438
      vertex 57.1353 0 -16.3253
    endloop
  endfacet
  facet normal 0.776073 -0.0406749 -0.62933
    outer loop
      vertex 57.1353 0 -16.3253
      vertex 55.8396 -5.86898 -17.5438
      vertex 56.1472 0 -17.5438
    endloop
  endfacet
  facet normal 0.889793 -0.0466347 -0.453975
    outer loop
      vertex 58.3816 -6.13615 -13.6132
      vertex 57.6727 -6.06165 -15.0103
      vertex 58.7032 0 -13.6132
    endloop
  endfacet
  facet normal 0.828363 -0.131192 -0.544614
    outer loop
      vertex 57.6727 -6.06165 -15.0103
      vertex 56.7232 -12.0569 -15.0103
      vertex 56.8223 -5.97226 -16.3253
    endloop
  endfacet
  facet normal 0.837522 -0.543894 -0.0523074
    outer loop
      vertex 51.9615 -30 -7.52056
      vertex 48.541 -35.2671 -7.52056
      vertex 51.8904 -29.9589 -9.08634
    endloop
  endfacet
  facet normal 0.837515 -0.543901 -0.0523478
    outer loop
      vertex 48.541 -35.2671 -7.52056
      vertex 48.4745 -35.2188 -9.08634
      vertex 51.8904 -29.9589 -9.08634
    endloop
  endfacet
  facet normal 0.692448 -0.352816 -0.629314
    outer loop
      vertex 49.4806 -28.5676 -16.3253
      vertex 48.6249 -28.0736 -17.5438
      vertex 51.293 -22.8371 -17.5438
    endloop
  endfacet
  facet normal 0.692426 -0.352814 -0.629339
    outer loop
      vertex 52.1957 -23.239 -16.3253
      vertex 49.4806 -28.5676 -16.3253
      vertex 51.293 -22.8371 -17.5438
    endloop
  endfacet
  facet normal 0.651776 -0.527805 -0.544619
    outer loop
      vertex 46.9152 -34.0859 -15.0103
      vertex 42.4598 -38.2309 -16.3253
      vertex 46.2234 -33.5833 -16.3253
    endloop
  endfacet
  facet normal 0.747287 -0.380768 -0.544591
    outer loop
      vertex 52.9768 -23.5868 -15.0103
      vertex 49.4806 -28.5676 -16.3253
      vertex 52.1957 -23.239 -16.3253
    endloop
  endfacet
  facet normal 0.423241 -0.342727 -0.838693
    outer loop
      vertex 39.9937 -36.0105 -19.6392
      vertex 39.0151 -35.1294 -20.4931
      vertex 43.5387 -31.6327 -19.6392
    endloop
  endfacet
  facet normal 0.296615 -0.456751 -0.838689
    outer loop
      vertex 31.6327 -43.5387 -19.6392
      vertex 26.25 -45.4663 -20.4931
      vertex 30.8587 -42.4734 -20.4931
    endloop
  endfacet
  facet normal 0.247276 -0.380775 -0.890991
    outer loop
      vertex 30.8587 -42.4734 -20.4931
      vertex 26.25 -45.4663 -20.4931
      vertex 30.0364 -41.3416 -21.205
    endloop
  endfacet
  facet normal 0.83182 -0.423833 -0.358387
    outer loop
      vertex 54.142 -24.1056 -12.1495
      vertex 50.8384 -29.3516 -13.6132
      vertex 53.628 -23.8767 -13.6132
    endloop
  endfacet
  facet normal 0.725524 -0.587523 -0.358374
    outer loop
      vertex 47.9471 -34.8356 -12.1495
      vertex 44.0431 -39.6566 -12.1495
      vertex 47.4919 -34.5049 -13.6132
    endloop
  endfacet
  facet normal 0.603962 -0.489076 -0.629313
    outer loop
      vertex 42.4598 -38.2309 -16.3253
      vertex 41.7255 -37.5698 -17.5438
      vertex 45.424 -33.0025 -17.5438
    endloop
  endfacet
  facet normal 0.837534 0.0438964 0.54462
    outer loop
      vertex 57.6727 6.06165 15.0103
      vertex 57.1353 0 16.3253
      vertex 57.9904 0 15.0103
    endloop
  endfacet
  facet normal 0.837534 -0.0438964 0.54462
    outer loop
      vertex 57.9904 0 15.0103
      vertex 57.1353 0 16.3253
      vertex 57.6727 -6.06165 15.0103
    endloop
  endfacet
  facet normal 0.810083 -0.217052 0.544659
    outer loop
      vertex 55.8867 -11.8791 16.3253
      vertex 54.3389 -17.6558 16.3253
      vertex 56.7232 -12.0569 15.0103
    endloop
  endfacet
  facet normal 0.901773 -0.24164 0.358351
    outer loop
      vertex 57.4204 -12.2051 13.6132
      vertex 55.83 -18.1403 13.6132
      vertex 57.9707 -12.3221 12.1495
    endloop
  endfacet
  facet normal 0.151112 -0.95403 -0.258829
    outer loop
      vertex 12.4066 -58.3682 -10.635
      vertex 6.19497 -58.9412 -12.1495
      vertex 12.3221 -57.9707 -12.1495
    endloop
  endfacet
  facet normal 0.146054 -0.922092 -0.358349
    outer loop
      vertex 12.3221 -57.9707 -12.1495
      vertex 6.19497 -58.9412 -12.1495
      vertex 12.2051 -57.4204 -13.6132
    endloop
  endfacet
  facet normal 0.0466347 -0.889793 -0.453975
    outer loop
      vertex 6.13615 -58.3816 -13.6132
      vertex 0 -58.7032 -13.6132
      vertex 6.06165 -57.6727 -15.0103
    endloop
  endfacet
  facet normal 0.131192 -0.828363 -0.544614
    outer loop
      vertex 6.06165 -57.6727 -15.0103
      vertex 5.97226 -56.8223 -16.3253
      vertex 12.0569 -56.7232 -15.0103
    endloop
  endfacet
  facet normal 0.230623 -0.860658 -0.453961
    outer loop
      vertex 12.2051 -57.4204 -13.6132
      vertex 12.0569 -56.7232 -15.0103
      vertex 18.1403 -55.83 -13.6132
    endloop
  endfacet
  facet normal 0.353943 -0.92209 -0.156442
    outer loop
      vertex 24.3708 -54.7377 -9.08634
      vertex 18.4397 -56.7516 -10.635
      vertex 24.2709 -54.5133 -10.635
    endloop
  endfacet
  facet normal 0.249988 -0.933013 -0.258829
    outer loop
      vertex 12.4066 -58.3682 -10.635
      vertex 12.3221 -57.9707 -12.1495
      vertex 18.3142 -56.3652 -12.1495
    endloop
  endfacet
  facet normal 0.423833 -0.83182 -0.358386
    outer loop
      vertex 29.6329 -51.3257 -12.1495
      vertex 24.1056 -54.142 -12.1495
      vertex 29.3516 -50.8384 -13.6132
    endloop
  endfacet
  facet normal 0.0438945 -0.837538 -0.544613
    outer loop
      vertex 6.06165 -57.6727 -15.0103
      vertex 0 -57.1353 -16.3253
      vertex 5.97226 -56.8223 -16.3253
    endloop
  endfacet
  facet normal 0.0438964 -0.837534 -0.54462
    outer loop
      vertex 6.06165 -57.6727 -15.0103
      vertex 0 -57.9904 -15.0103
      vertex 0 -57.1353 -16.3253
    endloop
  endfacet
  facet normal -0.230623 -0.860658 -0.453961
    outer loop
      vertex -12.2051 -57.4204 -13.6132
      vertex -18.1403 -55.83 -13.6132
      vertex -12.0569 -56.7232 -15.0103
    endloop
  endfacet
  facet normal -0.0466347 -0.889793 -0.453975
    outer loop
      vertex 0 -58.7032 -13.6132
      vertex -6.13615 -58.3816 -13.6132
      vertex -6.06165 -57.6727 -15.0103
    endloop
  endfacet
  facet normal -0.357882 -0.932302 -0.0522908
    outer loop
      vertex -18.541 -57.0634 -7.52056
      vertex -24.4042 -54.8127 -7.52056
      vertex -24.3708 -54.7377 -9.08634
    endloop
  endfacet
  facet normal -0.300567 -0.782996 -0.544589
    outer loop
      vertex -17.92 -55.1521 -15.0103
      vertex -23.5868 -52.9768 -15.0103
      vertex -23.239 -52.1957 -16.3253
    endloop
  endfacet
  facet normal -0.0285026 -0.543862 -0.83869
    outer loop
      vertex 0 -53.8168 -19.6392
      vertex -5.48774 -52.2124 -20.4931
      vertex 0 -52.5 -20.4931
    endloop
  endfacet
  facet normal -0.0984478 -0.621566 -0.777151
    outer loop
      vertex -5.75293 -54.7355 -18.6525
      vertex -11.4428 -53.8343 -18.6525
      vertex -11.1891 -52.6408 -19.6392
    endloop
  endfacet
  facet normal -0.195171 -0.508422 -0.838699
    outer loop
      vertex -16.2234 -49.9305 -20.4931
      vertex -21.8893 -49.1641 -19.6392
      vertex -21.3537 -47.9611 -20.4931
    endloop
  endfacet
  facet normal -0.162877 -0.60785 -0.777167
    outer loop
      vertex -11.1891 -52.6408 -19.6392
      vertex -17.0074 -52.3433 -18.6525
      vertex -16.6303 -51.1828 -19.6392
    endloop
  endfacet
  facet normal -0.83182 0.423833 -0.358387
    outer loop
      vertex -53.628 23.8767 -13.6132
      vertex -54.142 24.1056 -12.1495
      vertex -50.8384 29.3516 -13.6132
    endloop
  endfacet
  facet normal -0.2785 -0.725513 -0.629339
    outer loop
      vertex -17.6558 -54.3389 -16.3253
      vertex -23.239 -52.1957 -16.3253
      vertex -22.8371 -51.293 -17.5438
    endloop
  endfacet
  facet normal 0.0329528 0.0406939 -0.998628
    outer loop
      vertex 30.1109 33.4415 -22.5
      vertex 27.3719 37.6742 -22.4179
      vertex 31.16 34.6067 -22.4179
    endloop
  endfacet
  facet normal -0.342727 0.423241 -0.838693
    outer loop
      vertex -35.1294 39.0151 -20.4931
      vertex -36.0105 39.9937 -19.6392
      vertex -31.6327 43.5387 -19.6392
    endloop
  endfacet
  facet normal -0.131158 -0.0851776 -0.987696
    outer loop
      vertex -37.6742 -27.3719 -22.4179
      vertex -41.672 -24.0593 -22.1727
      vertex -40.329 -23.284 -22.4179
    endloop
  endfacet
  facet normal -0.65177 0.527791 -0.54464
    outer loop
      vertex -42.4598 38.2309 -16.3253
      vertex -46.9152 34.0859 -15.0103
      vertex -43.0953 38.8031 -15.0103
    endloop
  endfacet
  facet normal 0.0466536 -0.023771 -0.998628
    outer loop
      vertex 40.329 -23.284 -22.4179
      vertex 38.9711 -22.5 -22.5
      vertex 42.5419 -18.9409 -22.4179
    endloop
  endfacet
  facet normal -0.258456 0.0135451 0.965928
    outer loop
      vertex -47.8551 5.02977 22.1727
      vertex -49.6353 0 21.7669
      vertex -48.1187 0 22.1727
    endloop
  endfacet
  facet normal -0.60785 0.162877 0.777167
    outer loop
      vertex -52.3433 17.0074 18.6525
      vertex -52.6408 11.1891 19.6392
      vertex -51.1828 16.6303 19.6392
    endloop
  endfacet
  facet normal -0.247248 -0.485244 -0.838693
    outer loop
      vertex -21.8893 -49.1641 -19.6392
      vertex -26.9084 -46.6067 -19.6392
      vertex -26.25 -45.4663 -20.4931
    endloop
  endfacet
  facet normal -0.0488827 0.0187642 -0.998628
    outer loop
      vertex -41.1095 18.3031 -22.5
      vertex -44.2887 14.3903 -22.4179
      vertex -42.5419 18.9409 -22.4179
    endloop
  endfacet
  facet normal -0.871567 -0.334563 0.358384
    outer loop
      vertex -53.628 -23.8767 13.6132
      vertex -55.83 -18.1403 13.6132
      vertex -54.142 -24.1056 12.1495
    endloop
  endfacet
  facet normal -0.621561 0.098445 0.777156
    outer loop
      vertex -52.6408 11.1891 19.6392
      vertex -54.7355 5.75293 18.6525
      vertex -53.522 5.62539 19.6392
    endloop
  endfacet
  facet normal -0.986337 -0.051686 0.156422
    outer loop
      vertex -59.6722 0 10.635
      vertex -59.9178 0 9.08634
      vertex -59.5896 -6.26312 9.08634
    endloop
  endfacet
  facet normal -0.334558 0.128418 -0.933584
    outer loop
      vertex -47.2059 15.3381 -21.7669
      vertex -48.6 15.7911 -21.205
      vertex -45.3441 20.1885 -21.7669
    endloop
  endfacet
  facet normal -0.0523381 0.998629 0
    outer loop
      vertex 0 60 -7.52056
      vertex -6.27171 59.6713 7.52056
      vertex 0 60 7.52056
    endloop
  endfacet
  facet normal -0.0523381 0.998629 0
    outer loop
      vertex -6.27171 59.6713 7.52056
      vertex 0 60 -7.52056
      vertex -6.27171 59.6713 -7.52056
    endloop
  endfacet
  facet normal 0.131192 0.828363 -0.544614
    outer loop
      vertex 12.0569 56.7232 -15.0103
      vertex 5.97226 56.8223 -16.3253
      vertex 6.06165 57.6727 -15.0103
    endloop
  endfacet
  facet normal 0.051686 0.986337 -0.156422
    outer loop
      vertex 6.26312 59.5896 -9.08634
      vertex 0 59.6722 -10.635
      vertex 0 59.9178 -9.08634
    endloop
  endfacet
  facet normal -0.380768 0.747287 -0.544591
    outer loop
      vertex -23.239 52.1957 -16.3253
      vertex -28.5676 49.4806 -16.3253
      vertex -23.5868 52.9768 -15.0103
    endloop
  endfacet
  facet normal -0.628451 0.776086 -0.052347
    outer loop
      vertex -35.2188 48.4745 -9.08634
      vertex -40.0929 44.5276 -9.08634
      vertex -35.2671 48.541 -7.52056
    endloop
  endfacet
  facet normal -0.357862 0.932305 0.0523675
    outer loop
      vertex -18.541 57.0634 7.52056
      vertex -24.3708 54.7377 9.08634
      vertex -18.5156 56.9852 9.08634
    endloop
  endfacet
  facet normal 0.357862 0.932305 -0.0523675
    outer loop
      vertex 24.3708 54.7377 -9.08634
      vertex 18.5156 56.9852 -9.08634
      vertex 18.541 57.0634 -7.52056
    endloop
  endfacet
  facet normal 0.258473 0.964598 -0.052368
    outer loop
      vertex 18.5156 56.9852 -9.08634
      vertex 12.4576 58.6085 -9.08634
      vertex 18.541 57.0634 -7.52056
    endloop
  endfacet
  facet normal -0.00819204 0.0517186 -0.998628
    outer loop
      vertex -4.70378 44.7535 -22.5
      vertex -9.35603 44.0166 -22.5
      vertex -4.86767 46.3128 -22.4179
    endloop
  endfacet
  facet normal 0.0488839 0.0187652 -0.998628
    outer loop
      vertex 42.7975 13.9058 -22.5
      vertex 41.1095 18.3031 -22.5
      vertex 44.2887 14.3903 -22.4179
    endloop
  endfacet
  facet normal 0.438515 0.860637 -0.258859
    outer loop
      vertex 29.8361 51.6777 -10.635
      vertex 24.1056 54.142 -12.1495
      vertex 24.2709 54.5133 -10.635
    endloop
  endfacet
  facet normal 0.321023 0.630042 -0.707101
    outer loop
      vertex 27.5185 47.6634 -18.6525
      vertex 22.3855 50.2788 -18.6525
      vertex 22.8371 51.293 -17.5438
    endloop
  endfacet
  facet normal 0.0237618 0.453403 -0.890989
    outer loop
      vertex 5.34151 50.8211 -21.205
      vertex 0 52.5 -20.4931
      vertex 5.48774 52.2124 -20.4931
    endloop
  endfacet
  facet normal 0.195171 0.508422 -0.838699
    outer loop
      vertex 21.3537 47.9611 -20.4931
      vertex 16.2234 49.9305 -20.4931
      vertex 21.8893 49.1641 -19.6392
    endloop
  endfacet
  facet normal 0.201136 0.750634 -0.629358
    outer loop
      vertex 17.3504 53.3991 -17.5438
      vertex 11.6737 54.9202 -17.5438
      vertex 17.6558 54.3389 -16.3253
    endloop
  endfacet
  facet normal 0.156219 0.986336 -0.0523225
    outer loop
      vertex 12.4576 58.6085 -9.08634
      vertex 6.26312 59.5896 -9.08634
      vertex 6.27171 59.6713 -7.52056
    endloop
  endfacet
  facet normal 0.448399 0.880036 0.156442
    outer loop
      vertex 24.3708 54.7377 9.08634
      vertex 24.2709 54.5133 10.635
      vertex 29.8361 51.6777 10.635
    endloop
  endfacet
  facet normal 0.526067 0.810089 -0.258863
    outer loop
      vertex 34.8356 47.9471 -12.1495
      vertex 29.6329 51.3257 -12.1495
      vertex 29.8361 51.6777 -10.635
    endloop
  endfacet
  facet normal 0.549514 0.444987 -0.707121
    outer loop
      vertex 44.5258 32.3499 -18.6525
      vertex 40.9004 36.8269 -18.6525
      vertex 41.7255 37.5698 -17.5438
    endloop
  endfacet
  facet normal 0.300557 0.195185 -0.933578
    outer loop
      vertex 42.9854 24.8176 -21.7669
      vertex 41.3416 30.0364 -21.205
      vertex 44.2548 25.5505 -21.205
    endloop
  endfacet
  facet normal -0.0187642 0.0488827 -0.998628
    outer loop
      vertex -18.3031 41.1095 -22.5
      vertex -18.9409 42.5419 -22.4179
      vertex -14.3903 44.2887 -22.4179
    endloop
  endfacet
  facet normal 0.217059 0.140957 -0.965928
    outer loop
      vertex 41.672 24.0593 -22.1727
      vertex 40.1558 29.1749 -21.7669
      vertex 42.9854 24.8176 -21.7669
    endloop
  endfacet
  facet normal -0.860635 0.438516 -0.258864
    outer loop
      vertex -51.3257 29.6329 -12.1495
      vertex -54.142 24.1056 -12.1495
      vertex -51.6777 29.8361 -10.635
    endloop
  endfacet
  facet normal -0.986335 0.156211 -0.0523525
    outer loop
      vertex -58.6085 12.4576 -9.08634
      vertex -59.6713 6.27171 -7.52056
      vertex -58.6889 12.4747 -7.52056
    endloop
  endfacet
  facet normal 0.83182 0.423833 -0.358386
    outer loop
      vertex 54.142 24.1056 -12.1495
      vertex 50.8384 29.3516 -13.6132
      vertex 51.3257 29.6329 -12.1495
    endloop
  endfacet
  facet normal 0.725513 0.2785 -0.629339
    outer loop
      vertex 54.3389 17.6558 -16.3253
      vertex 51.293 22.8371 -17.5438
      vertex 52.1957 23.239 -16.3253
    endloop
  endfacet
  facet normal 0.560717 0.285704 -0.777154
    outer loop
      vertex 49.1641 21.8893 -19.6392
      vertex 46.6067 26.9084 -19.6392
      vertex 47.6634 27.5185 -18.6525
    endloop
  endfacet
  facet normal 0.587497 0.225514 -0.777168
    outer loop
      vertex 51.1828 16.6303 -19.6392
      vertex 49.1641 21.8893 -19.6392
      vertex 52.3433 17.0074 -18.6525
    endloop
  endfacet
  facet normal 0.692442 0.560726 -0.453994
    outer loop
      vertex 46.9152 34.0859 -15.0103
      vertex 43.0953 38.8031 -15.0103
      vertex 47.4919 34.5049 -13.6132
    endloop
  endfacet
  facet normal 0.65177 0.527791 -0.54464
    outer loop
      vertex 46.9152 34.0859 -15.0103
      vertex 42.4598 38.2309 -16.3253
      vertex 43.0953 38.8031 -15.0103
    endloop
  endfacet
  facet normal 0.810096 0.526099 -0.258773
    outer loop
      vertex 51.6777 29.8361 -10.635
      vertex 47.9471 34.8356 -12.1495
      vertex 48.2758 35.0744 -10.635
    endloop
  endfacet
  facet normal 0.750673 0.607888 -0.258772
    outer loop
      vertex 47.9471 34.8356 -12.1495
      vertex 44.0431 39.6566 -12.1495
      vertex 48.2758 35.0744 -10.635
    endloop
  endfacet
  facet normal 0.621565 0.767583 -0.15644
    outer loop
      vertex 40.0929 44.5276 -9.08634
      vertex 35.0744 48.2758 -10.635
      vertex 35.2188 48.4745 -9.08634
    endloop
  endfacet
  facet normal 0.537942 0.828339 -0.156438
    outer loop
      vertex 35.0744 48.2758 -10.635
      vertex 29.9589 51.8904 -9.08634
      vertex 35.2188 48.4745 -9.08634
    endloop
  endfacet
  facet normal 0.296613 0.456743 -0.838693
    outer loop
      vertex 31.6327 43.5387 -19.6392
      vertex 26.25 45.4663 -20.4931
      vertex 26.9084 46.6067 -19.6392
    endloop
  endfacet
  facet normal 0.621561 0.098445 -0.777156
    outer loop
      vertex 53.522 5.62539 -19.6392
      vertex 52.6408 11.1891 -19.6392
      vertex 54.7355 5.75293 -18.6525
    endloop
  endfacet
  facet normal 0.628441 0.0329354 -0.77716
    outer loop
      vertex 55.037 0 -18.6525
      vertex 53.8168 0 -19.6392
      vertex 54.7355 5.75293 -18.6525
    endloop
  endfacet
  facet normal 0.837538 0.0438945 -0.544613
    outer loop
      vertex 57.1353 0 -16.3253
      vertex 56.8223 5.97226 -16.3253
      vertex 57.6727 6.06165 -15.0103
    endloop
  endfacet
  facet normal 0.776069 0.040673 -0.629335
    outer loop
      vertex 57.1353 0 -16.3253
      vertex 55.8396 5.86898 -17.5438
      vertex 56.8223 5.97226 -16.3253
    endloop
  endfacet
  facet normal 0.750634 0.201136 -0.629358
    outer loop
      vertex 54.9202 11.6737 -17.5438
      vertex 53.3991 17.3504 -17.5438
      vertex 54.3389 17.6558 -16.3253
    endloop
  endfacet
  facet normal 0.698416 0.11062 -0.707091
    outer loop
      vertex 54.7355 5.75293 -18.6525
      vertex 53.8343 11.4428 -18.6525
      vertex 54.9202 11.6737 -17.5438
    endloop
  endfacet
  facet normal 0.587516 0.225531 -0.777149
    outer loop
      vertex 52.3433 17.0074 -18.6525
      vertex 49.1641 21.8893 -19.6392
      vertex 50.2788 22.3855 -18.6525
    endloop
  endfacet
  facet normal 0.526065 0.140962 -0.83868
    outer loop
      vertex 52.6408 11.1891 -19.6392
      vertex 49.9305 16.2234 -20.4931
      vertex 51.1828 16.6303 -19.6392
    endloop
  endfacet
  facet normal 0.321047 0.321047 -0.890987
    outer loop
      vertex 37.9755 34.1933 -21.205
      vertex 35.1294 39.0151 -20.4931
      vertex 39.0151 35.1294 -20.4931
    endloop
  endfacet
  facet normal 0.321047 0.321047 -0.890987
    outer loop
      vertex 35.1294 39.0151 -20.4931
      vertex 37.9755 34.1933 -21.205
      vertex 34.1933 37.9755 -21.205
    endloop
  endfacet
  facet normal 0.319313 0.162698 -0.933578
    outer loop
      vertex 46.6831 20.7847 -21.205
      vertex 42.9854 24.8176 -21.7669
      vertex 44.2548 25.5505 -21.205
    endloop
  endfacet
  facet normal 0.901773 0.24164 -0.358351
    outer loop
      vertex 57.4204 12.2051 -13.6132
      vertex 55.83 18.1403 -13.6132
      vertex 57.9707 12.3221 -12.1495
    endloop
  endfacet
  facet normal 0.831835 0.319312 -0.453973
    outer loop
      vertex 55.1521 17.92 -15.0103
      vertex 53.628 23.8767 -13.6132
      vertex 55.83 18.1403 -13.6132
    endloop
  endfacet
  facet normal 0.880046 0.139378 -0.453975
    outer loop
      vertex 57.6727 6.06165 -15.0103
      vertex 56.7232 12.0569 -15.0103
      vertex 58.3816 6.13615 -13.6132
    endloop
  endfacet
  facet normal 0.782994 0.300565 -0.544593
    outer loop
      vertex 54.3389 17.6558 -16.3253
      vertex 52.1957 23.239 -16.3253
      vertex 55.1521 17.92 -15.0103
    endloop
  endfacet
  facet normal 0.98769 -0.156426 0
    outer loop
      vertex 58.6889 -12.4747 7.52056
      vertex 59.6713 -6.27171 -7.52056
      vertex 59.6713 -6.27171 7.52056
    endloop
  endfacet
  facet normal 0.98769 -0.156426 0
    outer loop
      vertex 59.6713 -6.27171 -7.52056
      vertex 58.6889 -12.4747 7.52056
      vertex 58.6889 -12.4747 -7.52056
    endloop
  endfacet
  facet normal 0.986335 -0.156211 -0.0523525
    outer loop
      vertex 58.6889 -12.4747 -7.52056
      vertex 58.6085 -12.4576 -9.08634
      vertex 59.6713 -6.27171 -7.52056
    endloop
  endfacet
  facet normal 0.837522 0.543894 -0.0523074
    outer loop
      vertex 51.8904 29.9589 -9.08634
      vertex 48.541 35.2671 -7.52056
      vertex 51.9615 30 -7.52056
    endloop
  endfacet
  facet normal 0.889787 0.453369 -0.0523045
    outer loop
      vertex 54.8127 24.4042 -7.52056
      vertex 51.8904 29.9589 -9.08634
      vertex 51.9615 30 -7.52056
    endloop
  endfacet
  facet normal 0.837522 0.543894 0.0523074
    outer loop
      vertex 51.9615 30 7.52056
      vertex 48.541 35.2671 7.52056
      vertex 51.8904 29.9589 9.08634
    endloop
  endfacet
  facet normal 0.901764 0.346141 0.258859
    outer loop
      vertex 54.5133 24.2709 10.635
      vertex 54.142 24.1056 12.1495
      vertex 56.7516 18.4397 10.635
    endloop
  endfacet
  facet normal 0.92209 0.353943 0.156442
    outer loop
      vertex 54.7377 24.3708 9.08634
      vertex 54.5133 24.2709 10.635
      vertex 56.7516 18.4397 10.635
    endloop
  endfacet
  facet normal 0.880036 0.448399 0.156442
    outer loop
      vertex 54.7377 24.3708 9.08634
      vertex 51.6777 29.8361 10.635
      vertex 54.5133 24.2709 10.635
    endloop
  endfacet
  facet normal 0.706144 0.0370098 0.7071
    outer loop
      vertex 55.8396 5.86898 17.5438
      vertex 55.037 0 18.6525
      vertex 56.1472 0 17.5438
    endloop
  endfacet
  facet normal 0.527781 0.342751 0.777155
    outer loop
      vertex 47.6634 27.5185 18.6525
      vertex 44.5258 32.3499 18.6525
      vertex 46.6067 26.9084 19.6392
    endloop
  endfacet
  facet normal 0.353952 0.0560581 0.933582
    outer loop
      vertex 50.8211 5.34151 21.205
      vertex 48.5506 10.3197 21.7669
      vertex 49.3633 5.1883 21.7669
    endloop
  endfacet
  facet normal 0.357872 0.0187595 0.933582
    outer loop
      vertex 50.8211 5.34151 21.205
      vertex 49.3633 5.1883 21.7669
      vertex 51.1011 0 21.205
    endloop
  endfacet
  facet normal 0.922092 0.353942 0.156435
    outer loop
      vertex 56.9852 18.5156 9.08634
      vertex 54.7377 24.3708 9.08634
      vertex 56.7516 18.4397 10.635
    endloop
  endfacet
  facet normal 0.880037 0.448404 0.156424
    outer loop
      vertex 51.8904 29.9589 9.08634
      vertex 51.6777 29.8361 10.635
      vertex 54.7377 24.3708 9.08634
    endloop
  endfacet
  facet normal 0.922092 -0.146054 0.358349
    outer loop
      vertex 58.9412 -6.19497 12.1495
      vertex 57.4204 -12.2051 13.6132
      vertex 57.9707 -12.3221 12.1495
    endloop
  endfacet
  facet normal 0.954029 -0.255641 0.156452
    outer loop
      vertex 58.3682 -12.4066 10.635
      vertex 56.9852 -18.5156 9.08634
      vertex 58.6085 -12.4576 9.08634
    endloop
  endfacet
  facet normal 0.871546 0.334569 -0.358429
    outer loop
      vertex 55.83 18.1403 -13.6132
      vertex 54.142 24.1056 -12.1495
      vertex 56.3652 18.3142 -12.1495
    endloop
  endfacet
  facet normal 0.83182 0.423833 -0.358387
    outer loop
      vertex 53.628 23.8767 -13.6132
      vertex 50.8384 29.3516 -13.6132
      vertex 54.142 24.1056 -12.1495
    endloop
  endfacet
  facet normal 0.891007 0.45399 0
    outer loop
      vertex 54.8127 24.4042 7.52056
      vertex 51.9615 30 -7.52056
      vertex 51.9615 30 7.52056
    endloop
  endfacet
  facet normal 0.891007 0.45399 0
    outer loop
      vertex 51.9615 30 -7.52056
      vertex 54.8127 24.4042 7.52056
      vertex 54.8127 24.4042 -7.52056
    endloop
  endfacet
  facet normal 0.986337 -0.051686 -0.156422
    outer loop
      vertex 59.9178 0 -9.08634
      vertex 59.5896 -6.26312 -9.08634
      vertex 59.6722 0 -10.635
    endloop
  endfacet
  facet normal 0.986332 -0.051693 -0.15645
    outer loop
      vertex 59.5896 -6.26312 -9.08634
      vertex 59.3453 -6.23744 -10.635
      vertex 59.6722 0 -10.635
    endloop
  endfacet
  facet normal 0.750671 0.60787 -0.25882
    outer loop
      vertex 48.2758 35.0744 -10.635
      vertex 44.0431 39.6566 -12.1495
      vertex 44.3451 39.9285 -10.635
    endloop
  endfacet
  facet normal 0.438515 0.860637 0.258859
    outer loop
      vertex 24.2709 54.5133 10.635
      vertex 24.1056 54.142 12.1495
      vertex 29.8361 51.6777 10.635
    endloop
  endfacet
  facet normal 0.24164 0.901773 0.358351
    outer loop
      vertex 12.3221 57.9707 12.1495
      vertex 12.2051 57.4204 13.6132
      vertex 18.1403 55.83 13.6132
    endloop
  endfacet
  facet normal 0.767583 0.621565 0.156438
    outer loop
      vertex 44.5276 40.0929 9.08634
      vertex 44.3451 39.9285 10.635
      vertex 48.2758 35.0744 10.635
    endloop
  endfacet
  facet normal 0.776086 0.628451 0.052347
    outer loop
      vertex 48.541 35.2671 7.52056
      vertex 44.5276 40.0929 9.08634
      vertex 48.4745 35.2188 9.08634
    endloop
  endfacet
  facet normal 0.423244 0.342732 0.838689
    outer loop
      vertex 43.5387 31.6327 19.6392
      vertex 39.0151 35.1294 20.4931
      vertex 42.4734 30.8587 20.4931
    endloop
  endfacet
  facet normal 0.423241 0.342727 0.838693
    outer loop
      vertex 39.9937 36.0105 19.6392
      vertex 39.0151 35.1294 20.4931
      vertex 43.5387 31.6327 19.6392
    endloop
  endfacet
  facet normal 0.423261 0.651757 0.629335
    outer loop
      vertex 33.5833 46.2234 16.3253
      vertex 28.0736 48.6249 17.5438
      vertex 33.0025 45.424 17.5438
    endloop
  endfacet
  facet normal 0.549514 0.444987 0.707121
    outer loop
      vertex 41.7255 37.5698 17.5438
      vertex 40.9004 36.8269 18.6525
      vertex 44.5258 32.3499 18.6525
    endloop
  endfacet
  facet normal 0.65177 0.527791 0.54464
    outer loop
      vertex 43.0953 38.8031 15.0103
      vertex 42.4598 38.2309 16.3253
      vertex 46.9152 34.0859 15.0103
    endloop
  endfacet
  facet normal 0.750673 0.607888 0.258772
    outer loop
      vertex 48.2758 35.0744 10.635
      vertex 44.0431 39.6566 12.1495
      vertex 47.9471 34.8356 12.1495
    endloop
  endfacet
  facet normal 0.810096 0.526099 0.258773
    outer loop
      vertex 48.2758 35.0744 10.635
      vertex 47.9471 34.8356 12.1495
      vertex 51.6777 29.8361 10.635
    endloop
  endfacet
  facet normal 0.750671 0.60787 0.25882
    outer loop
      vertex 44.3451 39.9285 10.635
      vertex 44.0431 39.6566 12.1495
      vertex 48.2758 35.0744 10.635
    endloop
  endfacet
  facet normal 0.0404751 0.151053 0.987697
    outer loop
      vertex 14.8695 45.7636 22.1727
      vertex 9.68202 45.5503 22.4179
      vertex 14.3903 44.2887 22.4179
    endloop
  endfacet
  facet normal 0.0187642 0.0488827 0.998628
    outer loop
      vertex 18.9409 42.5419 22.4179
      vertex 14.3903 44.2887 22.4179
      vertex 18.3031 41.1095 22.5
    endloop
  endfacet
  facet normal 0.230624 0.860653 0.453971
    outer loop
      vertex 18.1403 55.83 13.6132
      vertex 12.0569 56.7232 15.0103
      vertex 17.92 55.1521 15.0103
    endloop
  endfacet
  facet normal 0.0851776 0.131158 0.987696
    outer loop
      vertex 24.0593 41.672 22.1727
      vertex 23.284 40.329 22.4179
      vertex 27.3719 37.6742 22.4179
    endloop
  endfacet
  facet normal 0.0329539 0.0406946 0.998628
    outer loop
      vertex 27.3719 37.6742 22.4179
      vertex 26.4503 36.4058 22.5
      vertex 30.1109 33.4415 22.5
    endloop
  endfacet
  facet normal 0.0466534 0.0237708 0.998628
    outer loop
      vertex 42.5419 18.9409 22.4179
      vertex 38.9711 22.5 22.5
      vertex 41.1095 18.3031 22.5
    endloop
  endfacet
  facet normal -0.0517186 0.00819204 0.998628
    outer loop
      vertex -44.0166 9.35603 22.5
      vertex -46.3128 4.86767 22.4179
      vertex -44.7535 4.70378 22.5
    endloop
  endfacet
  facet normal 0.0135451 0.258456 0.965928
    outer loop
      vertex 0 49.6353 21.7669
      vertex 0 48.1187 22.1727
      vertex 5.02977 47.8551 22.1727
    endloop
  endfacet
  facet normal -0.0135451 0.258456 0.965928
    outer loop
      vertex 0 49.6353 21.7669
      vertex -5.02977 47.8551 22.1727
      vertex 0 48.1187 22.1727
    endloop
  endfacet
  facet normal -0.0522916 -0.00274044 0.998628
    outer loop
      vertex -44.7535 -4.70378 22.5
      vertex -46.5679 0 22.4179
      vertex -46.3128 -4.86767 22.4179
    endloop
  endfacet
  facet normal 0.27851 0.225527 0.933579
    outer loop
      vertex 37.9755 34.1933 21.205
      vertex 36.8862 33.2125 21.7669
      vertex 41.3416 30.0364 21.205
    endloop
  endfacet
  facet normal 0.27852 0.225542 0.933572
    outer loop
      vertex 41.3416 30.0364 21.205
      vertex 36.8862 33.2125 21.7669
      vertex 40.1558 29.1749 21.7669
    endloop
  endfacet
  facet normal 0.300557 0.195185 0.933578
    outer loop
      vertex 44.2548 25.5505 21.205
      vertex 41.3416 30.0364 21.205
      vertex 42.9854 24.8176 21.7669
    endloop
  endfacet
  facet normal 0.300572 0.19519 0.933572
    outer loop
      vertex 41.3416 30.0364 21.205
      vertex 40.1558 29.1749 21.7669
      vertex 42.9854 24.8176 21.7669
    endloop
  endfacet
  facet normal 0.241633 0.0927558 0.965924
    outer loop
      vertex 47.2059 15.3381 21.7669
      vertex 43.9586 19.5716 22.1727
      vertex 45.7636 14.8695 22.1727
    endloop
  endfacet
  facet normal 0.0505767 0.0135522 0.998628
    outer loop
      vertex 44.2887 14.3903 22.4179
      vertex 44.0166 9.35603 22.5
      vertex 45.5503 9.68202 22.4179
    endloop
  endfacet
  facet normal 0.0285171 0.0439134 0.998628
    outer loop
      vertex 23.284 40.329 22.4179
      vertex 22.5 38.9711 22.5
      vertex 26.4503 36.4058 22.5
    endloop
  endfacet
  facet normal -0.0984158 0.121535 0.987696
    outer loop
      vertex -27.3719 37.6742 22.4179
      vertex -32.1977 35.7591 22.1727
      vertex -31.16 34.6067 22.4179
    endloop
  endfacet
  facet normal 0.0406939 0.0329528 0.998628
    outer loop
      vertex 34.6067 31.16 22.4179
      vertex 33.4415 30.1109 22.5
      vertex 37.6742 27.3719 22.4179
    endloop
  endfacet
  facet normal 0.156167 0.0081844 0.987697
    outer loop
      vertex 47.8551 5.02977 22.1727
      vertex 46.3128 4.86767 22.4179
      vertex 48.1187 0 22.1727
    endloop
  endfacet
  facet normal 0.156167 0.00818423 0.987697
    outer loop
      vertex 48.1187 0 22.1727
      vertex 46.3128 4.86767 22.4179
      vertex 46.5679 0 22.4179
    endloop
  endfacet
  facet normal 0.145998 0.0560445 0.987696
    outer loop
      vertex 43.9586 19.5716 22.1727
      vertex 42.5419 18.9409 22.4179
      vertex 45.7636 14.8695 22.1727
    endloop
  endfacet
  facet normal 0.250004 0.0669896 0.965925
    outer loop
      vertex 47.2059 15.3381 21.7669
      vertex 45.7636 14.8695 22.1727
      vertex 48.5506 10.3197 21.7669
    endloop
  endfacet
  facet normal 0.871567 0.334563 0.358384
    outer loop
      vertex 54.142 24.1056 12.1495
      vertex 53.628 23.8767 13.6132
      vertex 55.83 18.1403 13.6132
    endloop
  endfacet
  facet normal 0.747266 0.485267 0.453994
    outer loop
      vertex 47.4919 34.5049 13.6132
      vertex 46.9152 34.0859 15.0103
      vertex 50.8384 29.3516 13.6132
    endloop
  endfacet
  facet normal 0.485238 0.247242 0.838698
    outer loop
      vertex 49.1641 21.8893 19.6392
      vertex 45.4663 26.25 20.4931
      vertex 47.9611 21.3537 20.4931
    endloop
  endfacet
  facet normal 0.860658 0.230623 0.453961
    outer loop
      vertex 57.4204 12.2051 13.6132
      vertex 55.83 18.1403 13.6132
      vertex 56.7232 12.0569 15.0103
    endloop
  endfacet
  facet normal 0.776069 0.040673 0.629335
    outer loop
      vertex 56.8223 5.97226 16.3253
      vertex 55.8396 5.86898 17.5438
      vertex 57.1353 0 16.3253
    endloop
  endfacet
  facet normal 0.698413 0.11062 0.707094
    outer loop
      vertex 54.9202 11.6737 17.5438
      vertex 54.7355 5.75293 18.6525
      vertex 55.8396 5.86898 17.5438
    endloop
  endfacet
  facet normal 0.0560573 -0.35395 0.933583
    outer loop
      vertex 10.3197 -48.5506 21.7669
      vertex 5.34151 -50.8211 21.205
      vertex 10.6245 -49.9844 21.205
    endloop
  endfacet
  facet normal -0.0237681 -0.45342 0.89098
    outer loop
      vertex 0 -51.1011 21.205
      vertex -5.34151 -50.8211 21.205
      vertex 0 -52.5 20.4931
    endloop
  endfacet
  facet normal -0.128436 -0.33458 0.933574
    outer loop
      vertex -20.1885 -45.3441 21.7669
      vertex -20.7847 -46.6831 21.205
      vertex -15.7911 -48.6 21.205
    endloop
  endfacet
  facet normal 0.225514 -0.587497 0.777168
    outer loop
      vertex 21.8893 -49.1641 19.6392
      vertex 16.6303 -51.1828 19.6392
      vertex 17.0074 -52.3433 18.6525
    endloop
  endfacet
  facet normal 0.0135504 -0.25847 0.965924
    outer loop
      vertex 5.02977 -47.8551 22.1727
      vertex 0 -49.6353 21.7669
      vertex 5.1883 -49.3633 21.7669
    endloop
  endfacet
  facet normal 0.0237618 -0.453403 0.890989
    outer loop
      vertex 5.34151 -50.8211 21.205
      vertex 0 -52.5 20.4931
      vertex 5.48774 -52.2124 20.4931
    endloop
  endfacet
  facet normal -0.0237618 -0.453403 0.890989
    outer loop
      vertex -5.34151 -50.8211 21.205
      vertex -5.48774 -52.2124 20.4931
      vertex 0 -52.5 20.4931
    endloop
  endfacet
  facet normal 0.098445 -0.621561 0.777156
    outer loop
      vertex 11.1891 -52.6408 19.6392
      vertex 5.62539 -53.522 19.6392
      vertex 5.75293 -54.7355 18.6525
    endloop
  endfacet
  facet normal 0.225531 -0.587516 0.777149
    outer loop
      vertex 21.8893 -49.1641 19.6392
      vertex 17.0074 -52.3433 18.6525
      vertex 22.3855 -50.2788 18.6525
    endloop
  endfacet
  facet normal 0.00819086 -0.0517163 0.998628
    outer loop
      vertex 9.35603 -44.0166 22.5
      vertex 4.86767 -46.3128 22.4179
      vertex 9.68202 -45.5503 22.4179
    endloop
  endfacet
  facet normal 0.0404751 -0.151053 0.987697
    outer loop
      vertex 14.3903 -44.2887 22.4179
      vertex 9.68202 -45.5503 22.4179
      vertex 14.8695 -45.7636 22.1727
    endloop
  endfacet
  facet normal -0.0927515 0.34615 0.933583
    outer loop
      vertex -10.6245 49.9844 21.205
      vertex -15.7911 48.6 21.205
      vertex -10.3197 48.5506 21.7669
    endloop
  endfacet
  facet normal -0.255633 0.0404882 0.965926
    outer loop
      vertex -47.0672 10.0044 22.1727
      vertex -48.5506 10.3197 21.7669
      vertex -47.8551 5.02977 22.1727
    endloop
  endfacet
  facet normal -0.560733 0.692444 0.453981
    outer loop
      vertex -34.5049 47.4919 13.6132
      vertex -39.2801 43.625 13.6132
      vertex -38.8031 43.0953 15.0103
    endloop
  endfacet
  facet normal -0.83182 0.423833 0.358386
    outer loop
      vertex -51.3257 29.6329 12.1495
      vertex -54.142 24.1056 12.1495
      vertex -50.8384 29.3516 13.6132
    endloop
  endfacet
  facet normal -0.353952 0.0560581 0.933582
    outer loop
      vertex -48.5506 10.3197 21.7669
      vertex -50.8211 5.34151 21.205
      vertex -49.3633 5.1883 21.7669
    endloop
  endfacet
  facet normal -0.0522912 0.0027403 0.998628
    outer loop
      vertex -44.7535 4.70378 22.5
      vertex -46.5679 0 22.4179
      vertex -45 0 22.5
    endloop
  endfacet
  facet normal 0.0027403 -0.0522912 0.998628
    outer loop
      vertex 0 -45 22.5
      vertex 0 -46.5679 22.4179
      vertex 4.70378 -44.7535 22.5
    endloop
  endfacet
  facet normal -0.154458 0.0244631 0.987697
    outer loop
      vertex -45.5503 9.68202 22.4179
      vertex -47.0672 10.0044 22.1727
      vertex -46.3128 4.86767 22.4179
    endloop
  endfacet
  facet normal -0.0488839 0.0187652 0.998628
    outer loop
      vertex -41.1095 18.3031 22.5
      vertex -44.2887 14.3903 22.4179
      vertex -42.7975 13.9058 22.5
    endloop
  endfacet
  facet normal 0.0237618 0.453403 0.890989
    outer loop
      vertex 5.48774 52.2124 20.4931
      vertex 0 52.5 20.4931
      vertex 5.34151 50.8211 21.205
    endloop
  endfacet
  facet normal 0.0244631 0.154458 0.987697
    outer loop
      vertex 10.0044 47.0672 22.1727
      vertex 4.86767 46.3128 22.4179
      vertex 9.68202 45.5503 22.4179
    endloop
  endfacet
  facet normal 0.396055 0.489088 0.777131
    outer loop
      vertex 36.8269 40.9004 18.6525
      vertex 32.3499 44.5258 18.6525
      vertex 36.0105 39.9937 19.6392
    endloop
  endfacet
  facet normal 0.444989 0.54952 0.707115
    outer loop
      vertex 33.0025 45.424 17.5438
      vertex 32.3499 44.5258 18.6525
      vertex 37.5698 41.7255 17.5438
    endloop
  endfacet
  facet normal 0.247242 0.485238 0.838698
    outer loop
      vertex 21.8893 49.1641 19.6392
      vertex 21.3537 47.9611 20.4931
      vertex 26.25 45.4663 20.4931
    endloop
  endfacet
  facet normal -0.258473 0.964598 0.052368
    outer loop
      vertex -12.4576 58.6085 9.08634
      vertex -18.541 57.0634 7.52056
      vertex -18.5156 56.9852 9.08634
    endloop
  endfacet
  facet normal 0.0851944 0.537899 0.838693
    outer loop
      vertex 5.62539 53.522 19.6392
      vertex 5.48774 52.2124 20.4931
      vertex 11.1891 52.6408 19.6392
    endloop
  endfacet
  facet normal 0.0927516 0.346148 0.933584
    outer loop
      vertex 15.7911 48.6 21.205
      vertex 10.3197 48.5506 21.7669
      vertex 15.3381 47.2059 21.7669
    endloop
  endfacet
  facet normal -0.0522584 0.99726 0.052354
    outer loop
      vertex 0 60 7.52056
      vertex -6.26312 59.5896 9.08634
      vertex 0 59.9178 9.08634
    endloop
  endfacet
  facet normal -0.151112 0.95403 0.258829
    outer loop
      vertex -6.19497 58.9412 12.1495
      vertex -12.4066 58.3682 10.635
      vertex -12.3221 57.9707 12.1495
    endloop
  endfacet
  facet normal -0.255641 0.954029 -0.156452
    outer loop
      vertex -12.4066 58.3682 -10.635
      vertex -18.5156 56.9852 -9.08634
      vertex -12.4576 58.6085 -9.08634
    endloop
  endfacet
  facet normal 0.0438964 0.837534 0.54462
    outer loop
      vertex 0 57.9904 15.0103
      vertex 0 57.1353 16.3253
      vertex 6.06165 57.6727 15.0103
    endloop
  endfacet
  facet normal 0.241611 0.90175 0.358429
    outer loop
      vertex 18.3142 56.3652 12.1495
      vertex 12.3221 57.9707 12.1495
      vertex 18.1403 55.83 13.6132
    endloop
  endfacet
  facet normal -0.0466354 0.889794 0.453973
    outer loop
      vertex 0 58.7032 13.6132
      vertex -6.06165 57.6727 15.0103
      vertex 0 57.9904 15.0103
    endloop
  endfacet
  facet normal 0.0406749 0.776073 0.62933
    outer loop
      vertex 0 57.1353 16.3253
      vertex 0 56.1472 17.5438
      vertex 5.86898 55.8396 17.5438
    endloop
  endfacet
  facet normal 0.156211 0.986335 -0.0523525
    outer loop
      vertex 12.4576 58.6085 -9.08634
      vertex 6.27171 59.6713 -7.52056
      vertex 12.4747 58.6889 -7.52056
    endloop
  endfacet
  facet normal 0.154507 0.975525 0.156457
    outer loop
      vertex 12.4576 58.6085 9.08634
      vertex 6.26312 59.5896 9.08634
      vertex 12.4066 58.3682 10.635
    endloop
  endfacet
  facet normal 0.151112 0.95403 0.258829
    outer loop
      vertex 12.4066 58.3682 10.635
      vertex 6.19497 58.9412 12.1495
      vertex 12.3221 57.9707 12.1495
    endloop
  endfacet
  facet normal -0.628457 0.776083 -0.0523196
    outer loop
      vertex -40.0929 44.5276 -9.08634
      vertex -40.1478 44.5887 -7.52056
      vertex -35.2671 48.541 -7.52056
    endloop
  endfacet
  facet normal -0.537942 0.828339 -0.156438
    outer loop
      vertex -35.0744 48.2758 -10.635
      vertex -35.2188 48.4745 -9.08634
      vertex -29.9589 51.8904 -9.08634
    endloop
  endfacet
  facet normal -0.423241 0.342727 -0.838693
    outer loop
      vertex -39.0151 35.1294 -20.4931
      vertex -43.5387 31.6327 -19.6392
      vertex -39.9937 36.0105 -19.6392
    endloop
  endfacet
  facet normal 0.0237681 0.45342 -0.89098
    outer loop
      vertex 5.34151 50.8211 -21.205
      vertex 0 51.1011 -21.205
      vertex 0 52.5 -20.4931
    endloop
  endfacet
  facet normal -0.860635 0.438516 0.258864
    outer loop
      vertex -51.6777 29.8361 10.635
      vertex -54.142 24.1056 12.1495
      vertex -51.3257 29.6329 12.1495
    endloop
  endfacet
  facet normal -0.750671 0.60787 -0.25882
    outer loop
      vertex -44.0431 39.6566 -12.1495
      vertex -48.2758 35.0744 -10.635
      vertex -44.3451 39.9285 -10.635
    endloop
  endfacet
  facet normal 0.0523381 -0.998629 0
    outer loop
      vertex 0 -60 -7.52056
      vertex 6.27171 -59.6713 7.52056
      vertex 0 -60 7.52056
    endloop
  endfacet
  facet normal 0.0523381 -0.998629 0
    outer loop
      vertex 6.27171 -59.6713 7.52056
      vertex 0 -60 -7.52056
      vertex 6.27171 -59.6713 -7.52056
    endloop
  endfacet
  facet normal 0.0522664 -0.997262 -0.0523223
    outer loop
      vertex 6.27171 -59.6713 -7.52056
      vertex 0 -60 -7.52056
      vertex 6.26312 -59.5896 -9.08634
    endloop
  endfacet
  facet normal 0.151105 -0.95404 -0.258795
    outer loop
      vertex 6.23744 -59.3453 -10.635
      vertex 6.19497 -58.9412 -12.1495
      vertex 12.4066 -58.3682 -10.635
    endloop
  endfacet
  facet normal 0.154508 -0.975526 -0.156451
    outer loop
      vertex 6.26312 -59.5896 -9.08634
      vertex 6.23744 -59.3453 -10.635
      vertex 12.4066 -58.3682 -10.635
    endloop
  endfacet
  facet normal -0.628451 -0.776086 -0.052347
    outer loop
      vertex -35.2671 -48.541 -7.52056
      vertex -40.0929 -44.5276 -9.08634
      vertex -35.2188 -48.4745 -9.08634
    endloop
  endfacet
  facet normal -0.146054 -0.922092 -0.358349
    outer loop
      vertex -6.19497 -58.9412 -12.1495
      vertex -12.3221 -57.9707 -12.1495
      vertex -12.2051 -57.4204 -13.6132
    endloop
  endfacet
  facet normal 0.352842 -0.285722 0.890991
    outer loop
      vertex 41.3416 -30.0364 21.205
      vertex 39.0151 -35.1294 20.4931
      vertex 42.4734 -30.8587 20.4931
    endloop
  endfacet
  facet normal 0.593024 -0.385121 0.70711
    outer loop
      vertex 47.6634 -27.5185 18.6525
      vertex 44.5258 -32.3499 18.6525
      vertex 48.6249 -28.0736 17.5438
    endloop
  endfacet
  facet normal 0.131155 -0.0851741 0.987696
    outer loop
      vertex 41.672 -24.0593 22.1727
      vertex 37.6742 -27.3719 22.4179
      vertex 38.9288 -28.2834 22.1727
    endloop
  endfacet
  facet normal 0.217046 -0.140953 0.965931
    outer loop
      vertex 41.672 -24.0593 22.1727
      vertex 38.9288 -28.2834 22.1727
      vertex 40.1558 -29.1749 21.7669
    endloop
  endfacet
  facet normal 0.560717 -0.285704 0.777154
    outer loop
      vertex 49.1641 -21.8893 19.6392
      vertex 46.6067 -26.9084 19.6392
      vertex 47.6634 -27.5185 18.6525
    endloop
  endfacet
  facet normal 0.692426 -0.352814 0.629339
    outer loop
      vertex 51.293 -22.8371 17.5438
      vertex 49.4806 -28.5676 16.3253
      vertex 52.1957 -23.239 16.3253
    endloop
  endfacet
  facet normal 0.747276 -0.380754 0.544615
    outer loop
      vertex 52.9768 -23.5868 15.0103
      vertex 49.4806 -28.5676 16.3253
      vertex 50.2211 -28.9952 15.0103
    endloop
  endfacet
  facet normal 0.750665 -0.201132 0.629323
    outer loop
      vertex 54.9202 -11.6737 17.5438
      vertex 54.3389 -17.6558 16.3253
      vertex 55.8867 -11.8791 16.3253
    endloop
  endfacet
  facet normal 0.247276 -0.380775 0.890991
    outer loop
      vertex 30.0364 -41.3416 21.205
      vertex 26.25 -45.4663 20.4931
      vertex 30.8587 -42.4734 20.4931
    endloop
  endfacet
  facet normal 0.285722 -0.352842 0.890991
    outer loop
      vertex 35.1294 -39.0151 20.4931
      vertex 30.0364 -41.3416 21.205
      vertex 30.8587 -42.4734 20.4931
    endloop
  endfacet
  facet normal 0.27852 -0.225542 0.933572
    outer loop
      vertex 40.1558 -29.1749 21.7669
      vertex 36.8862 -33.2125 21.7669
      vertex 41.3416 -30.0364 21.205
    endloop
  endfacet
  facet normal 0.0851776 -0.131158 0.987696
    outer loop
      vertex 27.3719 -37.6742 22.4179
      vertex 23.284 -40.329 22.4179
      vertex 24.0593 -41.672 22.1727
    endloop
  endfacet
  facet normal 0.0560445 -0.145998 0.987696
    outer loop
      vertex 18.9409 -42.5419 22.4179
      vertex 14.8695 -45.7636 22.1727
      vertex 19.5716 -43.9586 22.1727
    endloop
  endfacet
  facet normal 0.27851 -0.225527 0.933579
    outer loop
      vertex 41.3416 -30.0364 21.205
      vertex 36.8862 -33.2125 21.7669
      vertex 37.9755 -34.1933 21.205
    endloop
  endfacet
  facet normal 0.444989 -0.54952 0.707115
    outer loop
      vertex 37.5698 -41.7255 17.5438
      vertex 32.3499 -44.5258 18.6525
      vertex 33.0025 -45.424 17.5438
    endloop
  endfacet
  facet normal 0.334563 -0.871567 0.358384
    outer loop
      vertex 23.8767 -53.628 13.6132
      vertex 18.1403 -55.83 13.6132
      vertex 24.1056 -54.142 12.1495
    endloop
  endfacet
  facet normal 0.750671 -0.60787 0.25882
    outer loop
      vertex 48.2758 -35.0744 10.635
      vertex 44.0431 -39.6566 12.1495
      vertex 44.3451 -39.9285 10.635
    endloop
  endfacet
  facet normal 0.543894 -0.837522 0.0523074
    outer loop
      vertex 35.2671 -48.541 7.52056
      vertex 29.9589 -51.8904 9.08634
      vertex 30 -51.9615 7.52056
    endloop
  endfacet
  facet normal 0.54464 -0.83867 0
    outer loop
      vertex 30 -51.9615 -7.52056
      vertex 35.2671 -48.541 7.52056
      vertex 30 -51.9615 7.52056
    endloop
  endfacet
  facet normal 0.54464 -0.83867 0
    outer loop
      vertex 35.2671 -48.541 7.52056
      vertex 30 -51.9615 -7.52056
      vertex 35.2671 -48.541 -7.52056
    endloop
  endfacet
  facet normal -0.00819204 -0.0517186 0.998628
    outer loop
      vertex -4.70378 -44.7535 22.5
      vertex -9.35603 -44.0166 22.5
      vertex -4.86767 -46.3128 22.4179
    endloop
  endfacet
  facet normal -0.00819204 0.0517186 0.998628
    outer loop
      vertex -4.86767 46.3128 22.4179
      vertex -9.35603 44.0166 22.5
      vertex -4.70378 44.7535 22.5
    endloop
  endfacet
  facet normal 0.587523 -0.725524 0.358374
    outer loop
      vertex 39.6566 -44.0431 12.1495
      vertex 34.5049 -47.4919 13.6132
      vertex 34.8356 -47.9471 12.1495
    endloop
  endfacet
  facet normal 0.537942 -0.828339 0.156438
    outer loop
      vertex 35.0744 -48.2758 10.635
      vertex 29.9589 -51.8904 9.08634
      vertex 35.2188 -48.4745 9.08634
    endloop
  endfacet
  facet normal 0.485267 -0.747266 0.453994
    outer loop
      vertex 34.0859 -46.9152 15.0103
      vertex 29.3516 -50.8384 13.6132
      vertex 34.5049 -47.4919 13.6132
    endloop
  endfacet
  facet normal 0.380754 -0.747276 0.544615
    outer loop
      vertex 28.5676 -49.4806 16.3253
      vertex 23.5868 -52.9768 15.0103
      vertex 28.9952 -50.2211 15.0103
    endloop
  endfacet
  facet normal 0.526099 -0.810096 0.258773
    outer loop
      vertex 34.8356 -47.9471 12.1495
      vertex 29.8361 -51.6777 10.635
      vertex 35.0744 -48.2758 10.635
    endloop
  endfacet
  facet normal 0.526067 -0.810089 0.258863
    outer loop
      vertex 34.8356 -47.9471 12.1495
      vertex 29.6329 -51.3257 12.1495
      vertex 29.8361 -51.6777 10.635
    endloop
  endfacet
  facet normal 0.0505423 -0.964597 0.258839
    outer loop
      vertex 0 -59.2658 12.1495
      vertex 0 -59.6722 10.635
      vertex 6.19497 -58.9412 12.1495
    endloop
  endfacet
  facet normal 0.154507 -0.975525 0.156457
    outer loop
      vertex 12.4066 -58.3682 10.635
      vertex 6.26312 -59.5896 9.08634
      vertex 12.4576 -58.6085 9.08634
    endloop
  endfacet
  facet normal 0.131202 -0.828331 0.544659
    outer loop
      vertex 11.8791 -55.8867 16.3253
      vertex 5.97226 -56.8223 16.3253
      vertex 12.0569 -56.7232 15.0103
    endloop
  endfacet
  facet normal 0.217083 -0.810119 0.544594
    outer loop
      vertex 17.6558 -54.3389 16.3253
      vertex 12.0569 -56.7232 15.0103
      vertex 17.92 -55.1521 15.0103
    endloop
  endfacet
  facet normal 0.300567 -0.782996 0.544589
    outer loop
      vertex 23.239 -52.1957 16.3253
      vertex 17.92 -55.1521 15.0103
      vertex 23.5868 -52.9768 15.0103
    endloop
  endfacet
  facet normal 0.342751 -0.527781 0.777155
    outer loop
      vertex 32.3499 -44.5258 18.6525
      vertex 26.9084 -46.6067 19.6392
      vertex 27.5185 -47.6634 18.6525
    endloop
  endfacet
  facet normal 0.285706 -0.560728 0.777146
    outer loop
      vertex 27.5185 -47.6634 18.6525
      vertex 21.8893 -49.1641 19.6392
      vertex 22.3855 -50.2788 18.6525
    endloop
  endfacet
  facet normal 0.162698 -0.319313 0.933578
    outer loop
      vertex 24.8176 -42.9854 21.7669
      vertex 20.7847 -46.6831 21.205
      vertex 25.5505 -44.2548 21.205
    endloop
  endfacet
  facet normal 0.380768 -0.747287 0.544591
    outer loop
      vertex 28.5676 -49.4806 16.3253
      vertex 23.239 -52.1957 16.3253
      vertex 23.5868 -52.9768 15.0103
    endloop
  endfacet
  facet normal 0.352814 -0.692426 0.629339
    outer loop
      vertex 28.5676 -49.4806 16.3253
      vertex 22.8371 -51.293 17.5438
      vertex 23.239 -52.1957 16.3253
    endloop
  endfacet
  facet normal 0.250009 -0.933026 0.258763
    outer loop
      vertex 18.3142 -56.3652 12.1495
      vertex 12.4066 -58.3682 10.635
      vertex 18.4397 -56.7516 10.635
    endloop
  endfacet
  facet normal 0.241611 -0.90175 0.358429
    outer loop
      vertex 18.1403 -55.83 13.6132
      vertex 12.3221 -57.9707 12.1495
      vertex 18.3142 -56.3652 12.1495
    endloop
  endfacet
  facet normal -0.828339 -0.537942 0.156438
    outer loop
      vertex -48.2758 -35.0744 10.635
      vertex -51.8904 -29.9589 9.08634
      vertex -48.4745 -35.2188 9.08634
    endloop
  endfacet
  facet normal -0.0851944 -0.537899 0.838693
    outer loop
      vertex -5.48774 -52.2124 20.4931
      vertex -11.1891 -52.6408 19.6392
      vertex -5.62539 -53.522 19.6392
    endloop
  endfacet
  facet normal -0.0404874 -0.255638 0.965924
    outer loop
      vertex -5.02977 -47.8551 22.1727
      vertex -10.3197 -48.5506 21.7669
      vertex -5.1883 -49.3633 21.7669
    endloop
  endfacet
  facet normal 0.0237708 0.0466534 0.998628
    outer loop
      vertex 18.9409 42.5419 22.4179
      vertex 18.3031 41.1095 22.5
      vertex 22.5 38.9711 22.5
    endloop
  endfacet
  facet normal -0.0488827 -0.0187642 0.998628
    outer loop
      vertex -41.1095 -18.3031 22.5
      vertex -44.2887 -14.3903 22.4179
      vertex -42.5419 -18.9409 22.4179
    endloop
  endfacet
  facet normal -0.776086 -0.628451 -0.052347
    outer loop
      vertex -44.5276 -40.0929 -9.08634
      vertex -48.541 -35.2671 -7.52056
      vertex -48.4745 -35.2188 -9.08634
    endloop
  endfacet
  facet normal -0.526038 0.140944 -0.8387
    outer loop
      vertex -51.3527 10.9154 -20.4931
      vertex -52.6408 11.1891 -19.6392
      vertex -49.9305 16.2234 -20.4931
    endloop
  endfacet
  facet normal -0.156211 -0.986335 0.0523525
    outer loop
      vertex -12.4576 -58.6085 9.08634
      vertex -12.4747 -58.6889 7.52056
      vertex -6.27171 -59.6713 7.52056
    endloop
  endfacet
  facet normal -0.353943 -0.92209 0.156442
    outer loop
      vertex -24.2709 -54.5133 10.635
      vertex -24.3708 -54.7377 9.08634
      vertex -18.4397 -56.7516 10.635
    endloop
  endfacet
  facet normal -0.051693 -0.986332 0.15645
    outer loop
      vertex -6.23744 -59.3453 10.635
      vertex -6.26312 -59.5896 9.08634
      vertex 0 -59.6722 10.635
    endloop
  endfacet
  facet normal -0.051686 -0.986337 0.156422
    outer loop
      vertex 0 -59.6722 10.635
      vertex -6.26312 -59.5896 9.08634
      vertex 0 -59.9178 9.08634
    endloop
  endfacet
  facet normal 0.0370098 -0.706144 0.7071
    outer loop
      vertex 0 -55.037 18.6525
      vertex 0 -56.1472 17.5438
      vertex 5.86898 -55.8396 17.5438
    endloop
  endfacet
  facet normal 0.037008 -0.70615 0.707094
    outer loop
      vertex 5.75293 -54.7355 18.6525
      vertex 0 -55.037 18.6525
      vertex 5.86898 -55.8396 17.5438
    endloop
  endfacet
  facet normal -0.156219 -0.986336 0.0523225
    outer loop
      vertex -6.26312 -59.5896 9.08634
      vertex -12.4576 -58.6085 9.08634
      vertex -6.27171 -59.6713 7.52056
    endloop
  endfacet
  facet normal -0.24164 -0.901773 0.358351
    outer loop
      vertex -12.2051 -57.4204 13.6132
      vertex -18.1403 -55.83 13.6132
      vertex -12.3221 -57.9707 12.1495
    endloop
  endfacet
  facet normal 0.0438964 -0.837534 0.54462
    outer loop
      vertex 0 -57.1353 16.3253
      vertex 0 -57.9904 15.0103
      vertex 6.06165 -57.6727 15.0103
    endloop
  endfacet
  facet normal -0.0438945 -0.837538 0.544613
    outer loop
      vertex -5.97226 -56.8223 16.3253
      vertex -6.06165 -57.6727 15.0103
      vertex 0 -57.1353 16.3253
    endloop
  endfacet
  facet normal 0.346141 -0.901764 0.258859
    outer loop
      vertex 24.1056 -54.142 12.1495
      vertex 18.4397 -56.7516 10.635
      vertex 24.2709 -54.5133 10.635
    endloop
  endfacet
  facet normal 0.353942 -0.922092 0.156435
    outer loop
      vertex 24.3708 -54.7377 9.08634
      vertex 18.4397 -56.7516 10.635
      vertex 18.5156 -56.9852 9.08634
    endloop
  endfacet
  facet normal 0.776083 -0.628457 -0.0523196
    outer loop
      vertex 44.5887 -40.1478 -7.52056
      vertex 44.5276 -40.0929 -9.08634
      vertex 48.541 -35.2671 -7.52056
    endloop
  endfacet
  facet normal 0.828339 -0.537947 0.156424
    outer loop
      vertex 51.6777 -29.8361 10.635
      vertex 48.2758 -35.0744 10.635
      vertex 51.8904 -29.9589 9.08634
    endloop
  endfacet
  facet normal 0.49999 -0.49999 0.707121
    outer loop
      vertex 40.9004 -36.8269 18.6525
      vertex 37.5698 -41.7255 17.5438
      vertex 41.7255 -37.5698 17.5438
    endloop
  endfacet
  facet normal 0.49999 -0.49999 0.707121
    outer loop
      vertex 37.5698 -41.7255 17.5438
      vertex 40.9004 -36.8269 18.6525
      vertex 36.8269 -40.9004 18.6525
    endloop
  endfacet
  facet normal 0.932302 -0.357882 -0.0522908
    outer loop
      vertex 54.8127 -24.4042 -7.52056
      vertex 54.7377 -24.3708 -9.08634
      vertex 57.0634 -18.541 -7.52056
    endloop
  endfacet
  facet normal 0.933579 -0.358372 0
    outer loop
      vertex 54.8127 -24.4042 7.52056
      vertex 57.0634 -18.541 -7.52056
      vertex 57.0634 -18.541 7.52056
    endloop
  endfacet
  facet normal 0.933579 -0.358372 0
    outer loop
      vertex 57.0634 -18.541 -7.52056
      vertex 54.8127 -24.4042 7.52056
      vertex 54.8127 -24.4042 -7.52056
    endloop
  endfacet
  facet normal 0.225514 -0.587497 -0.777168
    outer loop
      vertex 17.0074 -52.3433 -18.6525
      vertex 16.6303 -51.1828 -19.6392
      vertex 21.8893 -49.1641 -19.6392
    endloop
  endfacet
  facet normal 0.342732 -0.423244 -0.838689
    outer loop
      vertex 31.6327 -43.5387 -19.6392
      vertex 30.8587 -42.4734 -20.4931
      vertex 35.1294 -39.0151 -20.4931
    endloop
  endfacet
  facet normal 0.247285 -0.380782 -0.890986
    outer loop
      vertex 26.25 -45.4663 -20.4931
      vertex 25.5505 -44.2548 -21.205
      vertex 30.0364 -41.3416 -21.205
    endloop
  endfacet
  facet normal 0.195171 -0.508422 -0.838699
    outer loop
      vertex 21.8893 -49.1641 -19.6392
      vertex 16.2234 -49.9305 -20.4931
      vertex 21.3537 -47.9611 -20.4931
    endloop
  endfacet
  facet normal 0.040475 -0.151055 -0.987696
    outer loop
      vertex 10.0044 -47.0672 -22.1727
      vertex 9.68202 -45.5503 -22.4179
      vertex 14.8695 -45.7636 -22.1727
    endloop
  endfacet
  facet normal 0.0927558 -0.241633 -0.965924
    outer loop
      vertex 15.3381 -47.2059 -21.7669
      vertex 14.8695 -45.7636 -22.1727
      vertex 19.5716 -43.9586 -22.1727
    endloop
  endfacet
  facet normal 0.385121 -0.593024 -0.70711
    outer loop
      vertex 28.0736 -48.6249 -17.5438
      vertex 27.5185 -47.6634 -18.6525
      vertex 32.3499 -44.5258 -18.6525
    endloop
  endfacet
  facet normal 0.560726 -0.692442 -0.453994
    outer loop
      vertex 34.5049 -47.4919 -13.6132
      vertex 34.0859 -46.9152 -15.0103
      vertex 38.8031 -43.0953 -15.0103
    endloop
  endfacet
  facet normal 0.444987 -0.549514 -0.707121
    outer loop
      vertex 37.5698 -41.7255 -17.5438
      vertex 32.3499 -44.5258 -18.6525
      vertex 36.8269 -40.9004 -18.6525
    endloop
  endfacet
  facet normal 0.037008 -0.70615 -0.707094
    outer loop
      vertex 5.86898 -55.8396 -17.5438
      vertex 0 -55.037 -18.6525
      vertex 5.75293 -54.7355 -18.6525
    endloop
  endfacet
  facet normal 0.098445 -0.621561 -0.777156
    outer loop
      vertex 5.75293 -54.7355 -18.6525
      vertex 5.62539 -53.522 -19.6392
      vertex 11.1891 -52.6408 -19.6392
    endloop
  endfacet
  facet normal 0.0669876 -0.250001 -0.965926
    outer loop
      vertex 10.3197 -48.5506 -21.7669
      vertex 10.0044 -47.0672 -22.1727
      vertex 14.8695 -45.7636 -22.1727
    endloop
  endfacet
  facet normal 0.128436 -0.33458 -0.933574
    outer loop
      vertex 20.7847 -46.6831 -21.205
      vertex 15.7911 -48.6 -21.205
      vertex 20.1885 -45.3441 -21.7669
    endloop
  endfacet
  facet normal 0.607888 -0.750673 -0.258772
    outer loop
      vertex 35.0744 -48.2758 -10.635
      vertex 34.8356 -47.9471 -12.1495
      vertex 39.6566 -44.0431 -12.1495
    endloop
  endfacet
  facet normal 0.453372 -0.889786 -0.0522912
    outer loop
      vertex 24.4042 -54.8127 -7.52056
      vertex 24.3708 -54.7377 -9.08634
      vertex 29.9589 -51.8904 -9.08634
    endloop
  endfacet
  facet normal 0.357882 -0.932302 -0.0522908
    outer loop
      vertex 24.4042 -54.8127 -7.52056
      vertex 18.541 -57.0634 -7.52056
      vertex 24.3708 -54.7377 -9.08634
    endloop
  endfacet
  facet normal 0.448404 -0.880037 -0.156424
    outer loop
      vertex 29.9589 -51.8904 -9.08634
      vertex 24.3708 -54.7377 -9.08634
      vertex 29.8361 -51.6777 -10.635
    endloop
  endfacet
  facet normal -0.162713 -0.423873 -0.890986
    outer loop
      vertex -15.7911 -48.6 -21.205
      vertex -21.3537 -47.9611 -20.4931
      vertex -20.7847 -46.6831 -21.205
    endloop
  endfacet
  facet normal -0.140962 -0.526065 -0.83868
    outer loop
      vertex -11.1891 -52.6408 -19.6392
      vertex -16.6303 -51.1828 -19.6392
      vertex -16.2234 -49.9305 -20.4931
    endloop
  endfacet
  facet normal -0.0669876 -0.250001 -0.965926
    outer loop
      vertex -10.3197 -48.5506 -21.7669
      vertex -14.8695 -45.7636 -22.1727
      vertex -10.0044 -47.0672 -22.1727
    endloop
  endfacet
  facet normal -0.023771 -0.0466536 -0.998628
    outer loop
      vertex -18.9409 -42.5419 -22.4179
      vertex -23.284 -40.329 -22.4179
      vertex -22.5 -38.9711 -22.5
    endloop
  endfacet
  facet normal -0.0851741 0.131155 -0.987696
    outer loop
      vertex -27.3719 37.6742 -22.4179
      vertex -28.2834 38.9288 -22.1727
      vertex -24.0593 41.672 -22.1727
    endloop
  endfacet
  facet normal -0.156167 -0.00818423 -0.987697
    outer loop
      vertex -46.3128 -4.86767 -22.4179
      vertex -48.1187 0 -22.1727
      vertex -46.5679 0 -22.4179
    endloop
  endfacet
  facet normal -0.145998 0.0560445 -0.987696
    outer loop
      vertex -42.5419 18.9409 -22.4179
      vertex -45.7636 14.8695 -22.1727
      vertex -43.9586 19.5716 -22.1727
    endloop
  endfacet
  facet normal -0.121535 0.0984158 -0.987696
    outer loop
      vertex -34.6067 31.16 -22.4179
      vertex -37.6742 27.3719 -22.4179
      vertex -35.7591 32.1977 -22.1727
    endloop
  endfacet
  facet normal 0.131155 -0.0851741 -0.987696
    outer loop
      vertex 38.9288 -28.2834 -22.1727
      vertex 37.6742 -27.3719 -22.4179
      vertex 41.672 -24.0593 -22.1727
    endloop
  endfacet
  facet normal -0.0406946 -0.0329539 -0.998628
    outer loop
      vertex -33.4415 -30.1109 -22.5
      vertex -37.6742 -27.3719 -22.4179
      vertex -36.4058 -26.4503 -22.5
    endloop
  endfacet
  facet normal 0.131158 -0.0851776 -0.987696
    outer loop
      vertex 41.672 -24.0593 -22.1727
      vertex 37.6742 -27.3719 -22.4179
      vertex 40.329 -23.284 -22.4179
    endloop
  endfacet
  facet normal -0.121535 -0.0984158 -0.987696
    outer loop
      vertex -35.7591 -32.1977 -22.1727
      vertex -37.6742 -27.3719 -22.4179
      vertex -34.6067 -31.16 -22.4179
    endloop
  endfacet
  facet normal -0.837538 0.0438945 -0.544613
    outer loop
      vertex -57.1353 0 -16.3253
      vertex -57.6727 6.06165 -15.0103
      vertex -56.8223 5.97226 -16.3253
    endloop
  endfacet
  facet normal 0.0439134 -0.0285171 -0.998628
    outer loop
      vertex 40.329 -23.284 -22.4179
      vertex 36.4058 -26.4503 -22.5
      vertex 38.9711 -22.5 -22.5
    endloop
  endfacet
  facet normal -0.162698 -0.319313 -0.933578
    outer loop
      vertex -20.7847 -46.6831 -21.205
      vertex -25.5505 -44.2548 -21.205
      vertex -24.8176 -42.9854 -21.7669
    endloop
  endfacet
  facet normal 0.508422 -0.195171 -0.838699
    outer loop
      vertex 49.1641 -21.8893 -19.6392
      vertex 47.9611 -21.3537 -20.4931
      vertex 49.9305 -16.2234 -20.4931
    endloop
  endfacet
  facet normal 0.7255 -0.278487 -0.62936
    outer loop
      vertex 54.3389 -17.6558 -16.3253
      vertex 51.293 -22.8371 -17.5438
      vertex 53.3991 -17.3504 -17.5438
    endloop
  endfacet
  facet normal 0.485244 -0.247248 -0.838693
    outer loop
      vertex 46.6067 -26.9084 -19.6392
      vertex 45.4663 -26.25 -20.4931
      vertex 49.1641 -21.8893 -19.6392
    endloop
  endfacet
  facet normal 0.489088 -0.396055 -0.777131
    outer loop
      vertex 40.9004 -36.8269 -18.6525
      vertex 39.9937 -36.0105 -19.6392
      vertex 44.5258 -32.3499 -18.6525
    endloop
  endfacet
  facet normal 0.0488827 -0.0187642 -0.998628
    outer loop
      vertex 42.5419 -18.9409 -22.4179
      vertex 41.1095 -18.3031 -22.5
      vertex 44.2887 -14.3903 -22.4179
    endloop
  endfacet
  facet normal 0.145995 -0.0560418 -0.987697
    outer loop
      vertex 45.7636 -14.8695 -22.1727
      vertex 42.5419 -18.9409 -22.4179
      vertex 44.2887 -14.3903 -22.4179
    endloop
  endfacet
  facet normal 0.154456 -0.0244633 -0.987697
    outer loop
      vertex 47.0672 -10.0044 -22.1727
      vertex 46.3128 -4.86767 -22.4179
      vertex 47.8551 -5.02977 -22.1727
    endloop
  endfacet
  facet normal 0.250004 -0.0669896 -0.965925
    outer loop
      vertex 47.2059 -15.3381 -21.7669
      vertex 45.7636 -14.8695 -22.1727
      vertex 48.5506 -10.3197 -21.7669
    endloop
  endfacet
  facet normal 0.543862 0.0285026 -0.83869
    outer loop
      vertex 52.5 0 -20.4931
      vertex 52.2124 5.48774 -20.4931
      vertex 53.8168 0 -19.6392
    endloop
  endfacet
  facet normal 0.453403 -0.0237618 -0.890989
    outer loop
      vertex 52.2124 -5.48774 -20.4931
      vertex 50.8211 -5.34151 -21.205
      vertex 52.5 0 -20.4931
    endloop
  endfacet
  facet normal 0.255633 0.0404882 -0.965926
    outer loop
      vertex 47.8551 5.02977 -22.1727
      vertex 47.0672 10.0044 -22.1727
      vertex 48.5506 10.3197 -21.7669
    endloop
  endfacet
  facet normal 0.139341 0.070998 -0.987696
    outer loop
      vertex 42.5419 18.9409 -22.4179
      vertex 41.672 24.0593 -22.1727
      vertex 43.9586 19.5716 -22.1727
    endloop
  endfacet
  facet normal 0.255638 -0.0404874 -0.965924
    outer loop
      vertex 48.5506 -10.3197 -21.7669
      vertex 47.8551 -5.02977 -22.1727
      vertex 49.3633 -5.1883 -21.7669
    endloop
  endfacet
  facet normal 0.258456 -0.0135451 -0.965928
    outer loop
      vertex 49.6353 0 -21.7669
      vertex 47.8551 -5.02977 -22.1727
      vertex 48.1187 0 -22.1727
    endloop
  endfacet
  facet normal -0.0488839 -0.0187652 -0.998628
    outer loop
      vertex -41.1095 -18.3031 -22.5
      vertex -44.2887 -14.3903 -22.4179
      vertex -42.7975 -13.9058 -22.5
    endloop
  endfacet
  facet normal 0.156167 -0.00818423 -0.987697
    outer loop
      vertex 48.1187 0 -22.1727
      vertex 46.3128 -4.86767 -22.4179
      vertex 46.5679 0 -22.4179
    endloop
  endfacet
  facet normal 0.621566 -0.0984478 -0.777151
    outer loop
      vertex 53.8343 -11.4428 -18.6525
      vertex 52.6408 -11.1891 -19.6392
      vertex 54.7355 -5.75293 -18.6525
    endloop
  endfacet
  facet normal 0.660174 -0.253412 -0.707073
    outer loop
      vertex 53.3991 -17.3504 -17.5438
      vertex 51.293 -22.8371 -17.5438
      vertex 52.3433 -17.0074 -18.6525
    endloop
  endfacet
  facet normal 0.201124 -0.162867 -0.965931
    outer loop
      vertex 40.1558 -29.1749 -21.7669
      vertex 36.8862 -33.2125 -21.7669
      vertex 38.9288 -28.2834 -22.1727
    endloop
  endfacet
  facet normal 0.217046 -0.140953 -0.965931
    outer loop
      vertex 40.1558 -29.1749 -21.7669
      vertex 38.9288 -28.2834 -22.1727
      vertex 41.672 -24.0593 -22.1727
    endloop
  endfacet
  facet normal 0.342727 -0.423241 -0.838693
    outer loop
      vertex 36.0105 -39.9937 -19.6392
      vertex 31.6327 -43.5387 -19.6392
      vertex 35.1294 -39.0151 -20.4931
    endloop
  endfacet
  facet normal 0.39604 -0.489078 -0.777145
    outer loop
      vertex 32.3499 -44.5258 -18.6525
      vertex 31.6327 -43.5387 -19.6392
      vertex 36.0105 -39.9937 -19.6392
    endloop
  endfacet
  facet normal 0.0851776 -0.131158 -0.987696
    outer loop
      vertex 24.0593 -41.672 -22.1727
      vertex 23.284 -40.329 -22.4179
      vertex 27.3719 -37.6742 -22.4179
    endloop
  endfacet
  facet normal 0.225527 -0.27851 -0.933579
    outer loop
      vertex 34.1933 -37.9755 -21.205
      vertex 30.0364 -41.3416 -21.205
      vertex 33.2125 -36.8862 -21.7669
    endloop
  endfacet
  facet normal 0.933026 -0.250009 -0.258763
    outer loop
      vertex 56.7516 -18.4397 -10.635
      vertex 56.3652 -18.3142 -12.1495
      vertex 58.3682 -12.4066 -10.635
    endloop
  endfacet
  facet normal 0.954029 -0.255641 -0.156452
    outer loop
      vertex 58.6085 -12.4576 -9.08634
      vertex 56.9852 -18.5156 -9.08634
      vertex 58.3682 -12.4066 -10.635
    endloop
  endfacet
  facet normal 0.880046 -0.139378 0.453975
    outer loop
      vertex 57.6727 -6.06165 15.0103
      vertex 56.7232 -12.0569 15.0103
      vertex 58.3816 -6.13615 13.6132
    endloop
  endfacet
  facet normal 0.860658 -0.230623 0.453961
    outer loop
      vertex 56.7232 -12.0569 15.0103
      vertex 55.83 -18.1403 13.6132
      vertex 57.4204 -12.2051 13.6132
    endloop
  endfacet
  facet normal 0.986337 0.051686 0.156422
    outer loop
      vertex 59.9178 0 9.08634
      vertex 59.5896 6.26312 9.08634
      vertex 59.6722 0 10.635
    endloop
  endfacet
  facet normal 0.99726 0.0522584 0.052354
    outer loop
      vertex 60 0 7.52056
      vertex 59.5896 6.26312 9.08634
      vertex 59.9178 0 9.08634
    endloop
  endfacet
  facet normal 0.932308 0.0488505 0.35835
    outer loop
      vertex 58.9412 6.19497 12.1495
      vertex 58.7032 0 13.6132
      vertex 59.2658 0 12.1495
    endloop
  endfacet
  facet normal 0.964597 0.0505423 0.258839
    outer loop
      vertex 59.6722 0 10.635
      vertex 58.9412 6.19497 12.1495
      vertex 59.2658 0 12.1495
    endloop
  endfacet
  facet normal 0.922092 -0.353942 0.156435
    outer loop
      vertex 56.7516 -18.4397 10.635
      vertex 54.7377 -24.3708 9.08634
      vertex 56.9852 -18.5156 9.08634
    endloop
  endfacet
  facet normal 0.932305 -0.357862 0.0523675
    outer loop
      vertex 56.9852 -18.5156 9.08634
      vertex 54.7377 -24.3708 9.08634
      vertex 57.0634 -18.541 7.52056
    endloop
  endfacet
  facet normal 0.83182 -0.423833 0.358387
    outer loop
      vertex 53.628 -23.8767 13.6132
      vertex 50.8384 -29.3516 13.6132
      vertex 54.142 -24.1056 12.1495
    endloop
  endfacet
  facet normal 0.831835 -0.319312 0.453973
    outer loop
      vertex 55.1521 -17.92 15.0103
      vertex 53.628 -23.8767 13.6132
      vertex 55.83 -18.1403 13.6132
    endloop
  endfacet
  facet normal 0.889787 -0.453369 0.0523045
    outer loop
      vertex 54.8127 -24.4042 7.52056
      vertex 51.8904 -29.9589 9.08634
      vertex 51.9615 -30 7.52056
    endloop
  endfacet
  facet normal 0.837522 -0.543894 0.0523074
    outer loop
      vertex 51.8904 -29.9589 9.08634
      vertex 48.541 -35.2671 7.52056
      vertex 51.9615 -30 7.52056
    endloop
  endfacet
  facet normal 0.70615 -0.037008 -0.707094
    outer loop
      vertex 55.8396 -5.86898 -17.5438
      vertex 54.7355 -5.75293 -18.6525
      vertex 55.037 0 -18.6525
    endloop
  endfacet
  facet normal 0.628441 -0.0329354 -0.77716
    outer loop
      vertex 54.7355 -5.75293 -18.6525
      vertex 53.8168 0 -19.6392
      vertex 55.037 0 -18.6525
    endloop
  endfacet
  facet normal 0.837538 -0.0438945 -0.544613
    outer loop
      vertex 57.6727 -6.06165 -15.0103
      vertex 56.8223 -5.97226 -16.3253
      vertex 57.1353 0 -16.3253
    endloop
  endfacet
  facet normal 0.750665 -0.201132 -0.629323
    outer loop
      vertex 55.8867 -11.8791 -16.3253
      vertex 54.3389 -17.6558 -16.3253
      vertex 54.9202 -11.6737 -17.5438
    endloop
  endfacet
  facet normal 0.747266 -0.485267 -0.453994
    outer loop
      vertex 47.4919 -34.5049 -13.6132
      vertex 46.9152 -34.0859 -15.0103
      vertex 50.8384 -29.3516 -13.6132
    endloop
  endfacet
  facet normal 0.810119 -0.217083 -0.544594
    outer loop
      vertex 55.1521 -17.92 -15.0103
      vertex 54.3389 -17.6558 -16.3253
      vertex 56.7232 -12.0569 -15.0103
    endloop
  endfacet
  facet normal 0.750634 -0.201136 -0.629358
    outer loop
      vertex 54.3389 -17.6558 -16.3253
      vertex 53.3991 -17.3504 -17.5438
      vertex 54.9202 -11.6737 -17.5438
    endloop
  endfacet
  facet normal 0.860653 -0.230624 -0.453971
    outer loop
      vertex 55.83 -18.1403 -13.6132
      vertex 55.1521 -17.92 -15.0103
      vertex 56.7232 -12.0569 -15.0103
    endloop
  endfacet
  facet normal 0.782994 -0.300565 -0.544593
    outer loop
      vertex 55.1521 -17.92 -15.0103
      vertex 52.1957 -23.239 -16.3253
      vertex 54.3389 -17.6558 -16.3253
    endloop
  endfacet
  facet normal 0.782996 -0.300567 -0.544589
    outer loop
      vertex 52.9768 -23.5868 -15.0103
      vertex 52.1957 -23.239 -16.3253
      vertex 55.1521 -17.92 -15.0103
    endloop
  endfacet
  facet normal 0.385094 -0.385094 -0.838692
    outer loop
      vertex 36.0105 -39.9937 -19.6392
      vertex 39.0151 -35.1294 -20.4931
      vertex 39.9937 -36.0105 -19.6392
    endloop
  endfacet
  facet normal 0.385094 -0.385094 -0.838692
    outer loop
      vertex 39.0151 -35.1294 -20.4931
      vertex 36.0105 -39.9937 -19.6392
      vertex 35.1294 -39.0151 -20.4931
    endloop
  endfacet
  facet normal 0.549514 -0.444987 -0.707121
    outer loop
      vertex 41.7255 -37.5698 -17.5438
      vertex 40.9004 -36.8269 -18.6525
      vertex 44.5258 -32.3499 -18.6525
    endloop
  endfacet
  facet normal 0.782966 -0.508453 -0.358384
    outer loop
      vertex 51.3257 -29.6329 -12.1495
      vertex 47.9471 -34.8356 -12.1495
      vertex 50.8384 -29.3516 -13.6132
    endloop
  endfacet
  facet normal 0.83182 -0.423833 -0.358386
    outer loop
      vertex 51.3257 -29.6329 -12.1495
      vertex 50.8384 -29.3516 -13.6132
      vertex 54.142 -24.1056 -12.1495
    endloop
  endfacet
  facet normal 0.871567 -0.334563 0.358384
    outer loop
      vertex 55.83 -18.1403 13.6132
      vertex 53.628 -23.8767 13.6132
      vertex 54.142 -24.1056 12.1495
    endloop
  endfacet
  facet normal 0.871546 -0.334569 0.358429
    outer loop
      vertex 55.83 -18.1403 13.6132
      vertex 54.142 -24.1056 12.1495
      vertex 56.3652 -18.3142 12.1495
    endloop
  endfacet
  facet normal 0.508453 -0.782966 -0.358384
    outer loop
      vertex 29.6329 -51.3257 -12.1495
      vertex 29.3516 -50.8384 -13.6132
      vertex 34.8356 -47.9471 -12.1495
    endloop
  endfacet
  facet normal 0.230624 -0.860653 -0.453971
    outer loop
      vertex 18.1403 -55.83 -13.6132
      vertex 12.0569 -56.7232 -15.0103
      vertex 17.92 -55.1521 -15.0103
    endloop
  endfacet
  facet normal 0.438516 -0.860635 -0.258864
    outer loop
      vertex 29.8361 -51.6777 -10.635
      vertex 24.1056 -54.142 -12.1495
      vertex 29.6329 -51.3257 -12.1495
    endloop
  endfacet
  facet normal 0.346141 -0.901764 -0.258859
    outer loop
      vertex 24.2709 -54.5133 -10.635
      vertex 18.4397 -56.7516 -10.635
      vertex 24.1056 -54.142 -12.1495
    endloop
  endfacet
  facet normal -0.040673 -0.776069 -0.629335
    outer loop
      vertex 0 -57.1353 -16.3253
      vertex -5.97226 -56.8223 -16.3253
      vertex -5.86898 -55.8396 -17.5438
    endloop
  endfacet
  facet normal -0.0438964 -0.837534 -0.54462
    outer loop
      vertex 0 -57.9904 -15.0103
      vertex -6.06165 -57.6727 -15.0103
      vertex 0 -57.1353 -16.3253
    endloop
  endfacet
  facet normal -0.255638 -0.954032 -0.156435
    outer loop
      vertex -12.4066 -58.3682 -10.635
      vertex -18.5156 -56.9852 -9.08634
      vertex -18.4397 -56.7516 -10.635
    endloop
  endfacet
  facet normal -0.250009 -0.933026 -0.258763
    outer loop
      vertex -12.4066 -58.3682 -10.635
      vertex -18.4397 -56.7516 -10.635
      vertex -18.3142 -56.3652 -12.1495
    endloop
  endfacet
  facet normal -0.0329354 -0.628441 -0.77716
    outer loop
      vertex 0 -55.037 -18.6525
      vertex -5.75293 -54.7355 -18.6525
      vertex 0 -53.8168 -19.6392
    endloop
  endfacet
  facet normal -0.098445 -0.621561 -0.777156
    outer loop
      vertex -5.75293 -54.7355 -18.6525
      vertex -11.1891 -52.6408 -19.6392
      vertex -5.62539 -53.522 -19.6392
    endloop
  endfacet
  facet normal -0.0370098 -0.706144 -0.7071
    outer loop
      vertex 0 -56.1472 -17.5438
      vertex -5.86898 -55.8396 -17.5438
      vertex 0 -55.037 -18.6525
    endloop
  endfacet
  facet normal 0.0370098 -0.706144 -0.7071
    outer loop
      vertex 5.86898 -55.8396 -17.5438
      vertex 0 -56.1472 -17.5438
      vertex 0 -55.037 -18.6525
    endloop
  endfacet
  facet normal -0.319312 -0.831835 -0.453973
    outer loop
      vertex -18.1403 -55.83 -13.6132
      vertex -23.8767 -53.628 -13.6132
      vertex -17.92 -55.1521 -15.0103
    endloop
  endfacet
  facet normal -0.11062 -0.698413 -0.707094
    outer loop
      vertex -5.86898 -55.8396 -17.5438
      vertex -11.6737 -54.9202 -17.5438
      vertex -5.75293 -54.7355 -18.6525
    endloop
  endfacet
  facet normal -0.750673 -0.607888 -0.258772
    outer loop
      vertex -44.0431 -39.6566 -12.1495
      vertex -48.2758 -35.0744 -10.635
      vertex -47.9471 -34.8356 -12.1495
    endloop
  endfacet
  facet normal -0.162875 -0.607871 -0.777152
    outer loop
      vertex -11.4428 -53.8343 -18.6525
      vertex -17.0074 -52.3433 -18.6525
      vertex -11.1891 -52.6408 -19.6392
    endloop
  endfacet
  facet normal -0.18302 -0.683024 -0.707094
    outer loop
      vertex -11.6737 -54.9202 -17.5438
      vertex -17.3504 -53.3991 -17.5438
      vertex -11.4428 -53.8343 -18.6525
    endloop
  endfacet
  facet normal -0.217083 -0.810119 -0.544594
    outer loop
      vertex -12.0569 -56.7232 -15.0103
      vertex -17.92 -55.1521 -15.0103
      vertex -17.6558 -54.3389 -16.3253
    endloop
  endfacet
  facet normal 0.0517186 -0.00819204 -0.998628
    outer loop
      vertex 46.3128 -4.86767 -22.4179
      vertex 44.0166 -9.35603 -22.5
      vertex 44.7535 -4.70378 -22.5
    endloop
  endfacet
  facet normal 0.0522916 -0.00274044 -0.998628
    outer loop
      vertex 46.3128 -4.86767 -22.4179
      vertex 44.7535 -4.70378 -22.5
      vertex 46.5679 0 -22.4179
    endloop
  endfacet
  facet normal 0.0505776 0.0135522 -0.998628
    outer loop
      vertex 44.0166 9.35603 -22.5
      vertex 42.7975 13.9058 -22.5
      vertex 44.2887 14.3903 -22.4179
    endloop
  endfacet
  facet normal 0.0466534 -0.0237708 -0.998628
    outer loop
      vertex 42.5419 -18.9409 -22.4179
      vertex 38.9711 -22.5 -22.5
      vertex 41.1095 -18.3031 -22.5
    endloop
  endfacet
  facet normal -0.00274044 0.0522916 -0.998628
    outer loop
      vertex -4.70378 44.7535 -22.5
      vertex -4.86767 46.3128 -22.4179
      vertex 0 46.5679 -22.4179
    endloop
  endfacet
  facet normal -0.0505767 0.0135522 -0.998628
    outer loop
      vertex -44.0166 9.35603 -22.5
      vertex -45.5503 9.68202 -22.4179
      vertex -44.2887 14.3903 -22.4179
    endloop
  endfacet
  facet normal -0.593021 0.385116 -0.707115
    outer loop
      vertex -44.5258 32.3499 -18.6525
      vertex -48.6249 28.0736 -17.5438
      vertex -45.424 33.0025 -17.5438
    endloop
  endfacet
  facet normal -0.34615 0.0927515 -0.933583
    outer loop
      vertex -48.5506 10.3197 -21.7669
      vertex -49.9844 10.6245 -21.205
      vertex -48.6 15.7911 -21.205
    endloop
  endfacet
  facet normal -0.117504 0.438555 -0.890989
    outer loop
      vertex -15.7911 48.6 -21.205
      vertex -16.2234 49.9305 -20.4931
      vertex -10.9154 51.3527 -20.4931
    endloop
  endfacet
  facet normal -0.489078 0.39604 -0.777145
    outer loop
      vertex -43.5387 31.6327 -19.6392
      vertex -44.5258 32.3499 -18.6525
      vertex -39.9937 36.0105 -19.6392
    endloop
  endfacet
  facet normal -0.0187642 -0.0488827 0.998628
    outer loop
      vertex -18.3031 -41.1095 22.5
      vertex -18.9409 -42.5419 22.4179
      vertex -14.3903 -44.2887 22.4179
    endloop
  endfacet
  facet normal -0.217059 -0.140957 0.965928
    outer loop
      vertex -41.672 -24.0593 22.1727
      vertex -42.9854 -24.8176 21.7669
      vertex -40.1558 -29.1749 21.7669
    endloop
  endfacet
  facet normal -0.357862 -0.932305 -0.0523675
    outer loop
      vertex -18.541 -57.0634 -7.52056
      vertex -24.3708 -54.7377 -9.08634
      vertex -18.5156 -56.9852 -9.08634
    endloop
  endfacet
  facet normal -0.750671 -0.60787 0.25882
    outer loop
      vertex -44.0431 -39.6566 12.1495
      vertex -48.2758 -35.0744 10.635
      vertex -44.3451 -39.9285 10.635
    endloop
  endfacet
  facet normal -0.593029 -0.593029 -0.54464
    outer loop
      vertex -38.2309 -42.4598 -16.3253
      vertex -43.0953 -38.8031 -15.0103
      vertex -42.4598 -38.2309 -16.3253
    endloop
  endfacet
  facet normal -0.593029 -0.593029 -0.54464
    outer loop
      vertex -43.0953 -38.8031 -15.0103
      vertex -38.2309 -42.4598 -16.3253
      vertex -38.8031 -43.0953 -15.0103
    endloop
  endfacet
  facet normal -0.285706 -0.560728 -0.777146
    outer loop
      vertex -22.3855 -50.2788 -18.6525
      vertex -27.5185 -47.6634 -18.6525
      vertex -21.8893 -49.1641 -19.6392
    endloop
  endfacet
  facet normal -0.831835 -0.319312 0.453973
    outer loop
      vertex -55.1521 -17.92 15.0103
      vertex -55.83 -18.1403 13.6132
      vertex -53.628 -23.8767 13.6132
    endloop
  endfacet
  facet normal -0.683024 0.18302 0.707094
    outer loop
      vertex -53.3991 17.3504 17.5438
      vertex -54.9202 11.6737 17.5438
      vertex -53.8343 11.4428 18.6525
    endloop
  endfacet
  facet normal -0.698413 0.11062 0.707094
    outer loop
      vertex -54.9202 11.6737 17.5438
      vertex -55.8396 5.86898 17.5438
      vertex -54.7355 5.75293 18.6525
    endloop
  endfacet
  facet normal -0.964608 0.0505545 -0.258795
    outer loop
      vertex -58.9412 6.19497 -12.1495
      vertex -59.6722 0 -10.635
      vertex -59.3453 6.23744 -10.635
    endloop
  endfacet
  facet normal -0.83182 0.423833 0.358387
    outer loop
      vertex -50.8384 29.3516 13.6132
      vertex -54.142 24.1056 12.1495
      vertex -53.628 23.8767 13.6132
    endloop
  endfacet
  facet normal -0.889786 0.453372 -0.0522912
    outer loop
      vertex -54.7377 24.3708 -9.08634
      vertex -54.8127 24.4042 -7.52056
      vertex -51.8904 29.9589 -9.08634
    endloop
  endfacet
  facet normal -0.448404 0.880037 -0.156424
    outer loop
      vertex -29.8361 51.6777 -10.635
      vertex -29.9589 51.8904 -9.08634
      vertex -24.3708 54.7377 -9.08634
    endloop
  endfacet
  facet normal -0.258473 0.964598 -0.052368
    outer loop
      vertex -18.5156 56.9852 -9.08634
      vertex -18.541 57.0634 -7.52056
      vertex -12.4576 58.6085 -9.08634
    endloop
  endfacet
  facet normal -0.0522664 0.997262 -0.0523223
    outer loop
      vertex -6.26312 59.5896 -9.08634
      vertex -6.27171 59.6713 -7.52056
      vertex 0 60 -7.52056
    endloop
  endfacet
  facet normal -0.154508 0.975526 -0.156451
    outer loop
      vertex -6.23744 59.3453 -10.635
      vertex -12.4066 58.3682 -10.635
      vertex -6.26312 59.5896 -9.08634
    endloop
  endfacet
  facet normal -0.334563 0.871567 -0.358384
    outer loop
      vertex -23.8767 53.628 -13.6132
      vertex -24.1056 54.142 -12.1495
      vertex -18.1403 55.83 -13.6132
    endloop
  endfacet
  facet normal 0.139378 0.880046 -0.453975
    outer loop
      vertex 12.0569 56.7232 -15.0103
      vertex 6.06165 57.6727 -15.0103
      vertex 6.13615 58.3816 -13.6132
    endloop
  endfacet
  facet normal -0.131192 0.828363 -0.544614
    outer loop
      vertex -5.97226 56.8223 -16.3253
      vertex -12.0569 56.7232 -15.0103
      vertex -6.06165 57.6727 -15.0103
    endloop
  endfacet
  facet normal -0.725526 0.587523 -0.358369
    outer loop
      vertex -43.625 39.2801 -13.6132
      vertex -47.4919 34.5049 -13.6132
      vertex -44.0431 39.6566 -12.1495
    endloop
  endfacet
  facet normal 0.0370098 0.706144 -0.7071
    outer loop
      vertex 5.86898 55.8396 -17.5438
      vertex 0 55.037 -18.6525
      vertex 0 56.1472 -17.5438
    endloop
  endfacet
  facet normal 0.45399 0.891007 -0
    outer loop
      vertex 30 51.9615 -7.52056
      vertex 24.4042 54.8127 7.52056
      vertex 30 51.9615 7.52056
    endloop
  endfacet
  facet normal 0.45399 0.891007 0
    outer loop
      vertex 24.4042 54.8127 7.52056
      vertex 30 51.9615 -7.52056
      vertex 24.4042 54.8127 -7.52056
    endloop
  endfacet
  facet normal 0.453369 0.889787 -0.0523045
    outer loop
      vertex 29.9589 51.8904 -9.08634
      vertex 24.4042 54.8127 -7.52056
      vertex 30 51.9615 -7.52056
    endloop
  endfacet
  facet normal -0.380782 0.247285 -0.890986
    outer loop
      vertex -44.2548 25.5505 -21.205
      vertex -45.4663 26.25 -20.4931
      vertex -41.3416 30.0364 -21.205
    endloop
  endfacet
  facet normal 0.0135504 0.25847 -0.965924
    outer loop
      vertex 5.02977 47.8551 -22.1727
      vertex 0 49.6353 -21.7669
      vertex 5.1883 49.3633 -21.7669
    endloop
  endfacet
  facet normal 0.140962 0.526065 -0.83868
    outer loop
      vertex 16.2234 49.9305 -20.4931
      vertex 11.1891 52.6408 -19.6392
      vertex 16.6303 51.1828 -19.6392
    endloop
  endfacet
  facet normal 0.385116 0.593021 -0.707115
    outer loop
      vertex 32.3499 44.5258 -18.6525
      vertex 28.0736 48.6249 -17.5438
      vertex 33.0025 45.424 -17.5438
    endloop
  endfacet
  facet normal 0.334569 0.871546 -0.358429
    outer loop
      vertex 24.1056 54.142 -12.1495
      vertex 18.1403 55.83 -13.6132
      vertex 18.3142 56.3652 -12.1495
    endloop
  endfacet
  facet normal 0.247242 0.485238 -0.838698
    outer loop
      vertex 26.25 45.4663 -20.4931
      vertex 21.3537 47.9611 -20.4931
      vertex 21.8893 49.1641 -19.6392
    endloop
  endfacet
  facet normal 0.11062 0.698416 -0.707091
    outer loop
      vertex 11.4428 53.8343 -18.6525
      vertex 5.75293 54.7355 -18.6525
      vertex 11.6737 54.9202 -17.5438
    endloop
  endfacet
  facet normal -0.0244633 0.154456 -0.987697
    outer loop
      vertex -4.86767 46.3128 -22.4179
      vertex -10.0044 47.0672 -22.1727
      vertex -5.02977 47.8551 -22.1727
    endloop
  endfacet
  facet normal 0.201132 0.750665 -0.629323
    outer loop
      vertex 17.6558 54.3389 -16.3253
      vertex 11.6737 54.9202 -17.5438
      vertex 11.8791 55.8867 -16.3253
    endloop
  endfacet
  facet normal 0.253411 0.660146 -0.707099
    outer loop
      vertex 22.3855 50.2788 -18.6525
      vertex 17.0074 52.3433 -18.6525
      vertex 22.8371 51.293 -17.5438
    endloop
  endfacet
  facet normal 0.0560418 0.145995 -0.987697
    outer loop
      vertex 18.9409 42.5419 -22.4179
      vertex 14.3903 44.2887 -22.4179
      vertex 14.8695 45.7636 -22.1727
    endloop
  endfacet
  facet normal 0.0438964 0.837534 -0.54462
    outer loop
      vertex 6.06165 57.6727 -15.0103
      vertex 0 57.1353 -16.3253
      vertex 0 57.9904 -15.0103
    endloop
  endfacet
  facet normal 0.154507 0.975525 -0.156457
    outer loop
      vertex 12.4066 58.3682 -10.635
      vertex 6.26312 59.5896 -9.08634
      vertex 12.4576 58.6085 -9.08634
    endloop
  endfacet
  facet normal 0.0523381 0.998629 -0
    outer loop
      vertex 6.27171 59.6713 -7.52056
      vertex 0 60 7.52056
      vertex 6.27171 59.6713 7.52056
    endloop
  endfacet
  facet normal 0.0523381 0.998629 0
    outer loop
      vertex 0 60 7.52056
      vertex 6.27171 59.6713 -7.52056
      vertex 0 60 -7.52056
    endloop
  endfacet
  facet normal 0.353942 0.922092 -0.156435
    outer loop
      vertex 24.3708 54.7377 -9.08634
      vertex 18.4397 56.7516 -10.635
      vertex 18.5156 56.9852 -9.08634
    endloop
  endfacet
  facet normal 0.278487 0.7255 -0.62936
    outer loop
      vertex 22.8371 51.293 -17.5438
      vertex 17.3504 53.3991 -17.5438
      vertex 17.6558 54.3389 -16.3253
    endloop
  endfacet
  facet normal 0.448404 0.880037 -0.156424
    outer loop
      vertex 29.8361 51.6777 -10.635
      vertex 24.3708 54.7377 -9.08634
      vertex 29.9589 51.8904 -9.08634
    endloop
  endfacet
  facet normal 0.453372 0.889786 -0.0522912
    outer loop
      vertex 29.9589 51.8904 -9.08634
      vertex 24.3708 54.7377 -9.08634
      vertex 24.4042 54.8127 -7.52056
    endloop
  endfacet
  facet normal 0.285706 0.560728 -0.777146
    outer loop
      vertex 27.5185 47.6634 -18.6525
      vertex 21.8893 49.1641 -19.6392
      vertex 22.3855 50.2788 -18.6525
    endloop
  endfacet
  facet normal 0.247248 0.485244 -0.838693
    outer loop
      vertex 26.25 45.4663 -20.4931
      vertex 21.8893 49.1641 -19.6392
      vertex 26.9084 46.6067 -19.6392
    endloop
  endfacet
  facet normal -0.628446 0.0329339 -0.777156
    outer loop
      vertex -53.8168 0 -19.6392
      vertex -54.7355 5.75293 -18.6525
      vertex -53.522 5.62539 -19.6392
    endloop
  endfacet
  facet normal -0.692442 -0.560726 -0.453994
    outer loop
      vertex -43.0953 -38.8031 -15.0103
      vertex -47.4919 -34.5049 -13.6132
      vertex -46.9152 -34.0859 -15.0103
    endloop
  endfacet
  facet normal -0.782971 0.508453 -0.358375
    outer loop
      vertex -47.4919 34.5049 -13.6132
      vertex -50.8384 29.3516 -13.6132
      vertex -47.9471 34.8356 -12.1495
    endloop
  endfacet
  facet normal -0.692442 0.560726 -0.453994
    outer loop
      vertex -46.9152 34.0859 -15.0103
      vertex -47.4919 34.5049 -13.6132
      vertex -43.0953 38.8031 -15.0103
    endloop
  endfacet
  facet normal 0.692426 0.352814 -0.629339
    outer loop
      vertex 51.293 22.8371 -17.5438
      vertex 49.4806 28.5676 -16.3253
      vertex 52.1957 23.239 -16.3253
    endloop
  endfacet
  facet normal 0.593024 0.385121 -0.70711
    outer loop
      vertex 47.6634 27.5185 -18.6525
      vertex 44.5258 32.3499 -18.6525
      vertex 48.6249 28.0736 -17.5438
    endloop
  endfacet
  facet normal 0.560728 0.285706 -0.777146
    outer loop
      vertex 49.1641 21.8893 -19.6392
      vertex 47.6634 27.5185 -18.6525
      vertex 50.2788 22.3855 -18.6525
    endloop
  endfacet
  facet normal 0.651777 0.423264 -0.629313
    outer loop
      vertex 48.6249 28.0736 -17.5438
      vertex 46.2234 33.5833 -16.3253
      vertex 49.4806 28.5676 -16.3253
    endloop
  endfacet
  facet normal 0.651757 0.423261 -0.629335
    outer loop
      vertex 48.6249 28.0736 -17.5438
      vertex 45.424 33.0025 -17.5438
      vertex 46.2234 33.5833 -16.3253
    endloop
  endfacet
  facet normal 0.692444 0.560733 -0.453981
    outer loop
      vertex 47.4919 34.5049 -13.6132
      vertex 43.0953 38.8031 -15.0103
      vertex 43.625 39.2801 -13.6132
    endloop
  endfacet
  facet normal 0.630039 0.630039 -0.453984
    outer loop
      vertex 43.625 39.2801 -13.6132
      vertex 38.8031 43.0953 -15.0103
      vertex 39.2801 43.625 -13.6132
    endloop
  endfacet
  facet normal 0.630039 0.630039 -0.453984
    outer loop
      vertex 38.8031 43.0953 -15.0103
      vertex 43.625 39.2801 -13.6132
      vertex 43.0953 38.8031 -15.0103
    endloop
  endfacet
  facet normal 0.810089 0.526067 -0.258863
    outer loop
      vertex 51.3257 29.6329 -12.1495
      vertex 47.9471 34.8356 -12.1495
      vertex 51.6777 29.8361 -10.635
    endloop
  endfacet
  facet normal 0.793902 0.404511 -0.453971
    outer loop
      vertex 52.9768 23.5868 -15.0103
      vertex 50.2211 28.9952 -15.0103
      vertex 50.8384 29.3516 -13.6132
    endloop
  endfacet
  facet normal 0.6984 0.6984 -0.156442
    outer loop
      vertex 44.5276 40.0929 -9.08634
      vertex 39.9285 44.3451 -10.635
      vertex 40.0929 44.5276 -9.08634
    endloop
  endfacet
  facet normal 0.6984 0.6984 -0.156442
    outer loop
      vertex 39.9285 44.3451 -10.635
      vertex 44.5276 40.0929 -9.08634
      vertex 44.3451 39.9285 -10.635
    endloop
  endfacet
  facet normal 0.485278 0.747272 -0.453972
    outer loop
      vertex 34.0859 46.9152 -15.0103
      vertex 28.9952 50.2211 -15.0103
      vertex 29.3516 50.8384 -13.6132
    endloop
  endfacet
  facet normal 0.587523 0.725524 -0.358374
    outer loop
      vertex 39.6566 44.0431 -12.1495
      vertex 34.5049 47.4919 -13.6132
      vertex 34.8356 47.9471 -12.1495
    endloop
  endfacet
  facet normal 0.683045 0.183018 -0.707075
    outer loop
      vertex 53.8343 11.4428 -18.6525
      vertex 52.3433 17.0074 -18.6525
      vertex 53.3991 17.3504 -17.5438
    endloop
  endfacet
  facet normal 0.698413 0.11062 -0.707094
    outer loop
      vertex 55.8396 5.86898 -17.5438
      vertex 54.7355 5.75293 -18.6525
      vertex 54.9202 11.6737 -17.5438
    endloop
  endfacet
  facet normal 0.357872 -0.0187595 -0.933582
    outer loop
      vertex 50.8211 -5.34151 -21.205
      vertex 49.3633 -5.1883 -21.7669
      vertex 51.1011 0 -21.205
    endloop
  endfacet
  facet normal 0.25847 -0.0135504 -0.965924
    outer loop
      vertex 49.3633 -5.1883 -21.7669
      vertex 47.8551 -5.02977 -22.1727
      vertex 49.6353 0 -21.7669
    endloop
  endfacet
  facet normal 0.7255 0.278487 -0.62936
    outer loop
      vertex 53.3991 17.3504 -17.5438
      vertex 51.293 22.8371 -17.5438
      vertex 54.3389 17.6558 -16.3253
    endloop
  endfacet
  facet normal 0.660174 0.253412 -0.707073
    outer loop
      vertex 52.3433 17.0074 -18.6525
      vertex 51.293 22.8371 -17.5438
      vertex 53.3991 17.3504 -17.5438
    endloop
  endfacet
  facet normal 0.508451 0.195172 -0.83868
    outer loop
      vertex 49.9305 16.2234 -20.4931
      vertex 49.1641 21.8893 -19.6392
      vertex 51.1828 16.6303 -19.6392
    endloop
  endfacet
  facet normal 0.404544 0.206126 -0.890986
    outer loop
      vertex 46.6831 20.7847 -21.205
      vertex 45.4663 26.25 -20.4931
      vertex 47.9611 21.3537 -20.4931
    endloop
  endfacet
  facet normal 0.35395 0.0560573 -0.933583
    outer loop
      vertex 50.8211 5.34151 -21.205
      vertex 48.5506 10.3197 -21.7669
      vertex 49.9844 10.6245 -21.205
    endloop
  endfacet
  facet normal 0.448435 0.0710288 -0.890989
    outer loop
      vertex 52.2124 5.48774 -20.4931
      vertex 50.8211 5.34151 -21.205
      vertex 51.3527 10.9154 -20.4931
    endloop
  endfacet
  facet normal 0.0439134 0.0285171 -0.998628
    outer loop
      vertex 38.9711 22.5 -22.5
      vertex 36.4058 26.4503 -22.5
      vertex 40.329 23.284 -22.4179
    endloop
  endfacet
  facet normal 0.319321 0.162706 -0.933574
    outer loop
      vertex 45.3441 20.1885 -21.7669
      vertex 42.9854 24.8176 -21.7669
      vertex 46.6831 20.7847 -21.205
    endloop
  endfacet
  facet normal 0.230596 0.117497 -0.96593
    outer loop
      vertex 43.9586 19.5716 -22.1727
      vertex 42.9854 24.8176 -21.7669
      vertex 45.3441 20.1885 -21.7669
    endloop
  endfacet
  facet normal 0.346148 0.0927516 -0.933584
    outer loop
      vertex 48.5506 10.3197 -21.7669
      vertex 47.2059 15.3381 -21.7669
      vertex 48.6 15.7911 -21.205
    endloop
  endfacet
  facet normal 0.83183 0.319312 -0.453981
    outer loop
      vertex 55.1521 17.92 -15.0103
      vertex 52.9768 23.5868 -15.0103
      vertex 53.628 23.8767 -13.6132
    endloop
  endfacet
  facet normal 0.782996 0.300567 -0.544589
    outer loop
      vertex 55.1521 17.92 -15.0103
      vertex 52.1957 23.239 -16.3253
      vertex 52.9768 23.5868 -15.0103
    endloop
  endfacet
  facet normal 0.860637 0.438515 -0.258859
    outer loop
      vertex 54.142 24.1056 -12.1495
      vertex 51.6777 29.8361 -10.635
      vertex 54.5133 24.2709 -10.635
    endloop
  endfacet
  facet normal 0.901764 0.346141 -0.258859
    outer loop
      vertex 56.7516 18.4397 -10.635
      vertex 54.142 24.1056 -12.1495
      vertex 54.5133 24.2709 -10.635
    endloop
  endfacet
  facet normal 0.860653 0.230624 -0.453971
    outer loop
      vertex 56.7232 12.0569 -15.0103
      vertex 55.1521 17.92 -15.0103
      vertex 55.83 18.1403 -13.6132
    endloop
  endfacet
  facet normal 0.860658 0.230623 -0.453961
    outer loop
      vertex 56.7232 12.0569 -15.0103
      vertex 55.83 18.1403 -13.6132
      vertex 57.4204 12.2051 -13.6132
    endloop
  endfacet
  facet normal 0.880037 0.448404 -0.156424
    outer loop
      vertex 54.7377 24.3708 -9.08634
      vertex 51.6777 29.8361 -10.635
      vertex 51.8904 29.9589 -9.08634
    endloop
  endfacet
  facet normal 0.933579 0.358372 0
    outer loop
      vertex 57.0634 18.541 7.52056
      vertex 54.8127 24.4042 -7.52056
      vertex 54.8127 24.4042 7.52056
    endloop
  endfacet
  facet normal 0.933579 0.358372 0
    outer loop
      vertex 54.8127 24.4042 -7.52056
      vertex 57.0634 18.541 7.52056
      vertex 57.0634 18.541 -7.52056
    endloop
  endfacet
  facet normal 0.777147 0.629319 0
    outer loop
      vertex 48.541 35.2671 7.52056
      vertex 44.5887 40.1478 -7.52056
      vertex 44.5887 40.1478 7.52056
    endloop
  endfacet
  facet normal 0.777147 0.629319 0
    outer loop
      vertex 44.5887 40.1478 -7.52056
      vertex 48.541 35.2671 7.52056
      vertex 48.541 35.2671 -7.52056
    endloop
  endfacet
  facet normal 0.828339 0.537947 0.156424
    outer loop
      vertex 51.8904 29.9589 9.08634
      vertex 48.2758 35.0744 10.635
      vertex 51.6777 29.8361 10.635
    endloop
  endfacet
  facet normal 0.782971 0.508453 0.358375
    outer loop
      vertex 47.9471 34.8356 12.1495
      vertex 47.4919 34.5049 13.6132
      vertex 50.8384 29.3516 13.6132
    endloop
  endfacet
  facet normal 0.607871 0.162875 0.777152
    outer loop
      vertex 53.8343 11.4428 18.6525
      vertex 52.3433 17.0074 18.6525
      vertex 52.6408 11.1891 19.6392
    endloop
  endfacet
  facet normal 0.560728 0.285706 0.777146
    outer loop
      vertex 50.2788 22.3855 18.6525
      vertex 47.6634 27.5185 18.6525
      vertex 49.1641 21.8893 19.6392
    endloop
  endfacet
  facet normal 0.45342 0.0237681 0.89098
    outer loop
      vertex 52.5 0 20.4931
      vertex 50.8211 5.34151 21.205
      vertex 51.1011 0 21.205
    endloop
  endfacet
  facet normal 0.621566 0.0984478 0.777151
    outer loop
      vertex 53.8343 11.4428 18.6525
      vertex 52.6408 11.1891 19.6392
      vertex 54.7355 5.75293 18.6525
    endloop
  endfacet
  facet normal 0.932305 0.357862 0.0523675
    outer loop
      vertex 57.0634 18.541 7.52056
      vertex 54.7377 24.3708 9.08634
      vertex 56.9852 18.5156 9.08634
    endloop
  endfacet
  facet normal 0.932302 0.357882 0.0522908
    outer loop
      vertex 54.8127 24.4042 7.52056
      vertex 54.7377 24.3708 9.08634
      vertex 57.0634 18.541 7.52056
    endloop
  endfacet
  facet normal 0.975526 -0.154508 0.156451
    outer loop
      vertex 59.3453 -6.23744 10.635
      vertex 58.3682 -12.4066 10.635
      vertex 59.5896 -6.26312 9.08634
    endloop
  endfacet
  facet normal 0.986332 -0.051693 0.15645
    outer loop
      vertex 59.6722 0 10.635
      vertex 59.3453 -6.23744 10.635
      vertex 59.5896 -6.26312 9.08634
    endloop
  endfacet
  facet normal 0.95403 0.151112 -0.258829
    outer loop
      vertex 58.9412 6.19497 -12.1495
      vertex 57.9707 12.3221 -12.1495
      vertex 58.3682 12.4066 -10.635
    endloop
  endfacet
  facet normal 0.922092 0.146054 -0.358349
    outer loop
      vertex 58.9412 6.19497 -12.1495
      vertex 57.4204 12.2051 -13.6132
      vertex 57.9707 12.3221 -12.1495
    endloop
  endfacet
  facet normal 0.932302 0.357882 -0.0522908
    outer loop
      vertex 57.0634 18.541 -7.52056
      vertex 54.7377 24.3708 -9.08634
      vertex 54.8127 24.4042 -7.52056
    endloop
  endfacet
  facet normal 0.932305 0.357862 -0.0523675
    outer loop
      vertex 56.9852 18.5156 -9.08634
      vertex 54.7377 24.3708 -9.08634
      vertex 57.0634 18.541 -7.52056
    endloop
  endfacet
  facet normal 0.346175 0.901779 0.25876
    outer loop
      vertex 18.4397 56.7516 10.635
      vertex 18.3142 56.3652 12.1495
      vertex 24.1056 54.142 12.1495
    endloop
  endfacet
  facet normal 0.319312 0.83183 0.453981
    outer loop
      vertex 23.8767 53.628 13.6132
      vertex 17.92 55.1521 15.0103
      vertex 23.5868 52.9768 15.0103
    endloop
  endfacet
  facet normal 0.357882 0.932302 -0.0522908
    outer loop
      vertex 24.3708 54.7377 -9.08634
      vertex 18.541 57.0634 -7.52056
      vertex 24.4042 54.8127 -7.52056
    endloop
  endfacet
  facet normal 0.249988 0.933013 0.258829
    outer loop
      vertex 12.4066 58.3682 10.635
      vertex 12.3221 57.9707 12.1495
      vertex 18.3142 56.3652 12.1495
    endloop
  endfacet
  facet normal 0.0522664 0.997262 0.0523223
    outer loop
      vertex 6.27171 59.6713 7.52056
      vertex 0 60 7.52056
      vertex 6.26312 59.5896 9.08634
    endloop
  endfacet
  facet normal 0.225514 0.587497 0.777168
    outer loop
      vertex 17.0074 52.3433 18.6525
      vertex 16.6303 51.1828 19.6392
      vertex 21.8893 49.1641 19.6392
    endloop
  endfacet
  facet normal 0.346141 0.901764 0.258859
    outer loop
      vertex 24.2709 54.5133 10.635
      vertex 18.4397 56.7516 10.635
      vertex 24.1056 54.142 12.1495
    endloop
  endfacet
  facet normal 0.828339 0.537942 0.156438
    outer loop
      vertex 48.4745 35.2188 9.08634
      vertex 48.2758 35.0744 10.635
      vertex 51.8904 29.9589 9.08634
    endloop
  endfacet
  facet normal 0.837515 0.543901 0.0523478
    outer loop
      vertex 48.541 35.2671 7.52056
      vertex 48.4745 35.2188 9.08634
      vertex 51.8904 29.9589 9.08634
    endloop
  endfacet
  facet normal 0.253407 0.253407 0.933579
    outer loop
      vertex 34.1933 37.9755 21.205
      vertex 36.8862 33.2125 21.7669
      vertex 37.9755 34.1933 21.205
    endloop
  endfacet
  facet normal 0.253407 0.253407 0.933579
    outer loop
      vertex 36.8862 33.2125 21.7669
      vertex 34.1933 37.9755 21.205
      vertex 33.2125 36.8862 21.7669
    endloop
  endfacet
  facet normal 0.385094 0.385094 0.838692
    outer loop
      vertex 36.0105 39.9937 19.6392
      vertex 39.0151 35.1294 20.4931
      vertex 39.9937 36.0105 19.6392
    endloop
  endfacet
  facet normal 0.385094 0.385094 0.838692
    outer loop
      vertex 39.0151 35.1294 20.4931
      vertex 36.0105 39.9937 19.6392
      vertex 35.1294 39.0151 20.4931
    endloop
  endfacet
  facet normal 0.651776 0.527805 0.544619
    outer loop
      vertex 46.9152 34.0859 15.0103
      vertex 42.4598 38.2309 16.3253
      vertex 46.2234 33.5833 16.3253
    endloop
  endfacet
  facet normal 0.489088 0.396055 0.777131
    outer loop
      vertex 40.9004 36.8269 18.6525
      vertex 39.9937 36.0105 19.6392
      vertex 44.5258 32.3499 18.6525
    endloop
  endfacet
  facet normal 0.603944 0.48907 0.629335
    outer loop
      vertex 46.2234 33.5833 16.3253
      vertex 42.4598 38.2309 16.3253
      vertex 45.424 33.0025 17.5438
    endloop
  endfacet
  facet normal 0.560726 0.692442 0.453994
    outer loop
      vertex 34.5049 47.4919 13.6132
      vertex 34.0859 46.9152 15.0103
      vertex 38.8031 43.0953 15.0103
    endloop
  endfacet
  facet normal 0.508453 0.782971 0.358375
    outer loop
      vertex 34.8356 47.9471 12.1495
      vertex 29.3516 50.8384 13.6132
      vertex 34.5049 47.4919 13.6132
    endloop
  endfacet
  facet normal 0.630039 0.630039 0.453984
    outer loop
      vertex 38.8031 43.0953 15.0103
      vertex 43.625 39.2801 13.6132
      vertex 39.2801 43.625 13.6132
    endloop
  endfacet
  facet normal 0.630039 0.630039 0.453984
    outer loop
      vertex 43.625 39.2801 13.6132
      vertex 38.8031 43.0953 15.0103
      vertex 43.0953 38.8031 15.0103
    endloop
  endfacet
  facet normal 0.593029 0.593029 0.54464
    outer loop
      vertex 38.2309 42.4598 16.3253
      vertex 43.0953 38.8031 15.0103
      vertex 38.8031 43.0953 15.0103
    endloop
  endfacet
  facet normal 0.593029 0.593029 0.54464
    outer loop
      vertex 43.0953 38.8031 15.0103
      vertex 38.2309 42.4598 16.3253
      vertex 42.4598 38.2309 16.3253
    endloop
  endfacet
  facet normal 0.692442 0.560726 0.453994
    outer loop
      vertex 47.4919 34.5049 13.6132
      vertex 43.0953 38.8031 15.0103
      vertex 46.9152 34.0859 15.0103
    endloop
  endfacet
  facet normal 0.747272 0.485278 0.453972
    outer loop
      vertex 50.8384 29.3516 13.6132
      vertex 46.9152 34.0859 15.0103
      vertex 50.2211 28.9952 15.0103
    endloop
  endfacet
  facet normal 0.043916 0.0285203 0.998628
    outer loop
      vertex 37.6742 27.3719 22.4179
      vertex 36.4058 26.4503 22.5
      vertex 40.329 23.284 22.4179
    endloop
  endfacet
  facet normal -0.154458 -0.0244631 0.987697
    outer loop
      vertex -46.3128 -4.86767 22.4179
      vertex -47.0672 -10.0044 22.1727
      vertex -45.5503 -9.68202 22.4179
    endloop
  endfacet
  facet normal -0.121535 -0.0984156 0.987696
    outer loop
      vertex -37.6742 -27.3719 22.4179
      vertex -38.9288 -28.2834 22.1727
      vertex -35.7591 -32.1977 22.1727
    endloop
  endfacet
  facet normal -0.0466536 0.023771 0.998628
    outer loop
      vertex -40.329 23.284 22.4179
      vertex -42.5419 18.9409 22.4179
      vertex -38.9711 22.5 22.5
    endloop
  endfacet
  facet normal 0.0285203 0.043916 0.998628
    outer loop
      vertex 27.3719 37.6742 22.4179
      vertex 23.284 40.329 22.4179
      vertex 26.4503 36.4058 22.5
    endloop
  endfacet
  facet normal 0.225527 0.27851 0.933579
    outer loop
      vertex 34.1933 37.9755 21.205
      vertex 30.0364 41.3416 21.205
      vertex 33.2125 36.8862 21.7669
    endloop
  endfacet
  facet normal 0.117498 0.230603 0.965928
    outer loop
      vertex 24.8176 42.9854 21.7669
      vertex 19.5716 43.9586 22.1727
      vertex 24.0593 41.672 22.1727
    endloop
  endfacet
  facet normal 0.162706 0.319321 0.933574
    outer loop
      vertex 20.7847 46.6831 21.205
      vertex 20.1885 45.3441 21.7669
      vertex 24.8176 42.9854 21.7669
    endloop
  endfacet
  facet normal 0.0851741 0.131155 0.987696
    outer loop
      vertex 28.2834 38.9288 22.1727
      vertex 24.0593 41.672 22.1727
      vertex 27.3719 37.6742 22.4179
    endloop
  endfacet
  facet normal 0.0984158 0.121535 0.987696
    outer loop
      vertex 32.1977 35.7591 22.1727
      vertex 27.3719 37.6742 22.4179
      vertex 31.16 34.6067 22.4179
    endloop
  endfacet
  facet normal 0.285726 0.352852 0.890986
    outer loop
      vertex 35.1294 39.0151 20.4931
      vertex 30.0364 41.3416 21.205
      vertex 34.1933 37.9755 21.205
    endloop
  endfacet
  facet normal 0.296613 0.456743 0.838693
    outer loop
      vertex 26.9084 46.6067 19.6392
      vertex 26.25 45.4663 20.4931
      vertex 31.6327 43.5387 19.6392
    endloop
  endfacet
  facet normal -0.156167 0.00818423 0.987697
    outer loop
      vertex -46.3128 4.86767 22.4179
      vertex -48.1187 0 22.1727
      vertex -46.5679 0 22.4179
    endloop
  endfacet
  facet normal -0.156167 -0.00818423 0.987697
    outer loop
      vertex -46.5679 0 22.4179
      vertex -48.1187 0 22.1727
      vertex -46.3128 -4.86767 22.4179
    endloop
  endfacet
  facet normal -0.0517186 -0.00819204 0.998628
    outer loop
      vertex -44.7535 -4.70378 22.5
      vertex -46.3128 -4.86767 22.4179
      vertex -44.0166 -9.35603 22.5
    endloop
  endfacet
  facet normal -0.0709983 -0.139343 0.987696
    outer loop
      vertex -23.284 -40.329 22.4179
      vertex -24.0593 -41.672 22.1727
      vertex -18.9409 -42.5419 22.4179
    endloop
  endfacet
  facet normal -0.0404751 -0.151053 0.987697
    outer loop
      vertex -14.3903 -44.2887 22.4179
      vertex -14.8695 -45.7636 22.1727
      vertex -9.68202 -45.5503 22.4179
    endloop
  endfacet
  facet normal 0.154456 -0.0244633 0.987697
    outer loop
      vertex 47.8551 -5.02977 22.1727
      vertex 46.3128 -4.86767 22.4179
      vertex 47.0672 -10.0044 22.1727
    endloop
  endfacet
  facet normal 0.255633 -0.0404882 0.965926
    outer loop
      vertex 47.8551 -5.02977 22.1727
      vertex 47.0672 -10.0044 22.1727
      vertex 48.5506 -10.3197 21.7669
    endloop
  endfacet
  facet normal 0.151053 0.0404751 0.987697
    outer loop
      vertex 45.7636 14.8695 22.1727
      vertex 44.2887 14.3903 22.4179
      vertex 45.5503 9.68202 22.4179
    endloop
  endfacet
  facet normal 0.151055 0.040475 0.987696
    outer loop
      vertex 45.7636 14.8695 22.1727
      vertex 45.5503 9.68202 22.4179
      vertex 47.0672 10.0044 22.1727
    endloop
  endfacet
  facet normal 0.692426 0.352814 0.629339
    outer loop
      vertex 52.1957 23.239 16.3253
      vertex 49.4806 28.5676 16.3253
      vertex 51.293 22.8371 17.5438
    endloop
  endfacet
  facet normal 0.810119 0.217083 0.544594
    outer loop
      vertex 55.1521 17.92 15.0103
      vertex 54.3389 17.6558 16.3253
      vertex 56.7232 12.0569 15.0103
    endloop
  endfacet
  facet normal 0.683045 0.183018 0.707075
    outer loop
      vertex 53.3991 17.3504 17.5438
      vertex 52.3433 17.0074 18.6525
      vertex 53.8343 11.4428 18.6525
    endloop
  endfacet
  facet normal 0.438575 0.117517 0.890978
    outer loop
      vertex 51.3527 10.9154 20.4931
      vertex 48.6 15.7911 21.205
      vertex 49.9844 10.6245 21.205
    endloop
  endfacet
  facet normal 0.380775 0.247276 0.890991
    outer loop
      vertex 42.4734 30.8587 20.4931
      vertex 41.3416 30.0364 21.205
      vertex 45.4663 26.25 20.4931
    endloop
  endfacet
  facet normal 0.380782 0.247285 0.890986
    outer loop
      vertex 45.4663 26.25 20.4931
      vertex 41.3416 30.0364 21.205
      vertex 44.2548 25.5505 21.205
    endloop
  endfacet
  facet normal 0.860637 0.438515 0.258859
    outer loop
      vertex 54.5133 24.2709 10.635
      vertex 51.6777 29.8361 10.635
      vertex 54.142 24.1056 12.1495
    endloop
  endfacet
  facet normal 0.860635 0.438516 0.258864
    outer loop
      vertex 51.6777 29.8361 10.635
      vertex 51.3257 29.6329 12.1495
      vertex 54.142 24.1056 12.1495
    endloop
  endfacet
  facet normal -0.0135451 -0.258456 0.965928
    outer loop
      vertex 0 -48.1187 22.1727
      vertex -5.02977 -47.8551 22.1727
      vertex 0 -49.6353 21.7669
    endloop
  endfacet
  facet normal 0.0135451 -0.258456 0.965928
    outer loop
      vertex 0 -48.1187 22.1727
      vertex 0 -49.6353 21.7669
      vertex 5.02977 -47.8551 22.1727
    endloop
  endfacet
  facet normal 0.117504 -0.438555 0.890989
    outer loop
      vertex 15.7911 -48.6 21.205
      vertex 10.9154 -51.3527 20.4931
      vertex 16.2234 -49.9305 20.4931
    endloop
  endfacet
  facet normal 0.0851969 -0.537885 0.838702
    outer loop
      vertex 10.9154 -51.3527 20.4931
      vertex 5.48774 -52.2124 20.4931
      vertex 11.1891 -52.6408 19.6392
    endloop
  endfacet
  facet normal 0.0560581 -0.353952 0.933582
    outer loop
      vertex 10.3197 -48.5506 21.7669
      vertex 5.1883 -49.3633 21.7669
      vertex 5.34151 -50.8211 21.205
    endloop
  endfacet
  facet normal 0.0404874 -0.255638 0.965924
    outer loop
      vertex 10.3197 -48.5506 21.7669
      vertex 5.02977 -47.8551 22.1727
      vertex 5.1883 -49.3633 21.7669
    endloop
  endfacet
  facet normal 0.018762 -0.357879 0.93358
    outer loop
      vertex 0 -49.6353 21.7669
      vertex 0 -51.1011 21.205
      vertex 5.1883 -49.3633 21.7669
    endloop
  endfacet
  facet normal -0.018762 -0.357879 0.93358
    outer loop
      vertex 0 -49.6353 21.7669
      vertex -5.1883 -49.3633 21.7669
      vertex 0 -51.1011 21.205
    endloop
  endfacet
  facet normal 0.0438945 -0.837538 0.544613
    outer loop
      vertex 5.97226 -56.8223 16.3253
      vertex 0 -57.1353 16.3253
      vertex 6.06165 -57.6727 15.0103
    endloop
  endfacet
  facet normal 0.131192 -0.828363 0.544614
    outer loop
      vertex 12.0569 -56.7232 15.0103
      vertex 5.97226 -56.8223 16.3253
      vertex 6.06165 -57.6727 15.0103
    endloop
  endfacet
  facet normal 0.201136 -0.750634 0.629358
    outer loop
      vertex 17.3504 -53.3991 17.5438
      vertex 11.6737 -54.9202 17.5438
      vertex 17.6558 -54.3389 16.3253
    endloop
  endfacet
  facet normal 0.18302 -0.683024 0.707094
    outer loop
      vertex 17.3504 -53.3991 17.5438
      vertex 11.4428 -53.8343 18.6525
      vertex 11.6737 -54.9202 17.5438
    endloop
  endfacet
  facet normal -0.0984156 0.121535 0.987696
    outer loop
      vertex -28.2834 38.9288 22.1727
      vertex -32.1977 35.7591 22.1727
      vertex -27.3719 37.6742 22.4179
    endloop
  endfacet
  facet normal -0.593024 0.385121 0.70711
    outer loop
      vertex -44.5258 32.3499 18.6525
      vertex -48.6249 28.0736 17.5438
      vertex -47.6634 27.5185 18.6525
    endloop
  endfacet
  facet normal -0.65177 0.527791 0.54464
    outer loop
      vertex -43.0953 38.8031 15.0103
      vertex -46.9152 34.0859 15.0103
      vertex -42.4598 38.2309 16.3253
    endloop
  endfacet
  facet normal -0.767574 0.121578 0.629325
    outer loop
      vertex -55.8867 11.8791 16.3253
      vertex -56.8223 5.97226 16.3253
      vertex -54.9202 11.6737 17.5438
    endloop
  endfacet
  facet normal -0.423241 0.342727 0.838693
    outer loop
      vertex -39.9937 36.0105 19.6392
      vertex -43.5387 31.6327 19.6392
      vertex -39.0151 35.1294 20.4931
    endloop
  endfacet
  facet normal -0.346148 0.0927516 0.933584
    outer loop
      vertex -47.2059 15.3381 21.7669
      vertex -48.6 15.7911 21.205
      vertex -48.5506 10.3197 21.7669
    endloop
  endfacet
  facet normal -0.250004 0.0669896 0.965925
    outer loop
      vertex -47.2059 15.3381 21.7669
      vertex -48.5506 10.3197 21.7669
      vertex -45.7636 14.8695 22.1727
    endloop
  endfacet
  facet normal 0.00819086 0.0517163 0.998628
    outer loop
      vertex 9.68202 45.5503 22.4179
      vertex 4.86767 46.3128 22.4179
      vertex 9.35603 44.0166 22.5
    endloop
  endfacet
  facet normal 0.0135522 0.0505767 0.998628
    outer loop
      vertex 9.68202 45.5503 22.4179
      vertex 9.35603 44.0166 22.5
      vertex 14.3903 44.2887 22.4179
    endloop
  endfacet
  facet normal -0.0560445 0.145998 0.987696
    outer loop
      vertex -14.8695 45.7636 22.1727
      vertex -19.5716 43.9586 22.1727
      vertex -18.9409 42.5419 22.4179
    endloop
  endfacet
  facet normal -0.0466534 -0.0237708 0.998628
    outer loop
      vertex -41.1095 -18.3031 22.5
      vertex -42.5419 -18.9409 22.4179
      vertex -38.9711 -22.5 22.5
    endloop
  endfacet
  facet normal -0.0505776 0.0135522 0.998628
    outer loop
      vertex -42.7975 13.9058 22.5
      vertex -44.2887 14.3903 22.4179
      vertex -44.0166 9.35603 22.5
    endloop
  endfacet
  facet normal -0.154456 0.0244633 0.987697
    outer loop
      vertex -47.0672 10.0044 22.1727
      vertex -47.8551 5.02977 22.1727
      vertex -46.3128 4.86767 22.4179
    endloop
  endfacet
  facet normal -0.151053 0.0404751 0.987697
    outer loop
      vertex -44.2887 14.3903 22.4179
      vertex -45.7636 14.8695 22.1727
      vertex -45.5503 9.68202 22.4179
    endloop
  endfacet
  facet normal 0.162712 0.423867 0.890989
    outer loop
      vertex 16.2234 49.9305 20.4931
      vertex 15.7911 48.6 21.205
      vertex 21.3537 47.9611 20.4931
    endloop
  endfacet
  facet normal 0.128436 0.33458 0.933574
    outer loop
      vertex 20.7847 46.6831 21.205
      vertex 15.7911 48.6 21.205
      vertex 20.1885 45.3441 21.7669
    endloop
  endfacet
  facet normal 0.040475 0.151055 0.987696
    outer loop
      vertex 10.0044 47.0672 22.1727
      vertex 9.68202 45.5503 22.4179
      vertex 14.8695 45.7636 22.1727
    endloop
  endfacet
  facet normal 0.0404874 0.255638 0.965924
    outer loop
      vertex 5.1883 49.3633 21.7669
      vertex 5.02977 47.8551 22.1727
      vertex 10.3197 48.5506 21.7669
    endloop
  endfacet
  facet normal 0.321023 0.630042 0.707101
    outer loop
      vertex 22.8371 51.293 17.5438
      vertex 22.3855 50.2788 18.6525
      vertex 27.5185 47.6634 18.6525
    endloop
  endfacet
  facet normal 0.342754 0.527794 0.777144
    outer loop
      vertex 32.3499 44.5258 18.6525
      vertex 26.9084 46.6067 19.6392
      vertex 31.6327 43.5387 19.6392
    endloop
  endfacet
  facet normal -0.0329354 0.628441 0.77716
    outer loop
      vertex 0 55.037 18.6525
      vertex -5.75293 54.7355 18.6525
      vertex 0 53.8168 19.6392
    endloop
  endfacet
  facet normal -0.139383 0.880052 0.453961
    outer loop
      vertex -6.13615 58.3816 13.6132
      vertex -12.2051 57.4204 13.6132
      vertex -12.0569 56.7232 15.0103
    endloop
  endfacet
  facet normal 0.0851969 0.537885 0.838702
    outer loop
      vertex 11.1891 52.6408 19.6392
      vertex 5.48774 52.2124 20.4931
      vertex 10.9154 51.3527 20.4931
    endloop
  endfacet
  facet normal 0.121578 0.767574 0.629325
    outer loop
      vertex 11.8791 55.8867 16.3253
      vertex 5.97226 56.8223 16.3253
      vertex 11.6737 54.9202 17.5438
    endloop
  endfacet
  facet normal 0.321015 0.630035 0.707111
    outer loop
      vertex 28.0736 48.6249 17.5438
      vertex 22.8371 51.293 17.5438
      vertex 27.5185 47.6634 18.6525
    endloop
  endfacet
  facet normal 0.195171 0.508422 0.838699
    outer loop
      vertex 21.8893 49.1641 19.6392
      vertex 16.2234 49.9305 20.4931
      vertex 21.3537 47.9611 20.4931
    endloop
  endfacet
  facet normal 0.0370098 0.706144 0.7071
    outer loop
      vertex 0 56.1472 17.5438
      vertex 0 55.037 18.6525
      vertex 5.86898 55.8396 17.5438
    endloop
  endfacet
  facet normal 0.037008 0.70615 0.707094
    outer loop
      vertex 5.86898 55.8396 17.5438
      vertex 0 55.037 18.6525
      vertex 5.75293 54.7355 18.6525
    endloop
  endfacet
  facet normal -0.0522664 0.997262 0.0523223
    outer loop
      vertex 0 60 7.52056
      vertex -6.27171 59.6713 7.52056
      vertex -6.26312 59.5896 9.08634
    endloop
  endfacet
  facet normal -0.156219 0.986336 0.0523225
    outer loop
      vertex -6.27171 59.6713 7.52056
      vertex -12.4576 58.6085 9.08634
      vertex -6.26312 59.5896 9.08634
    endloop
  endfacet
  facet normal -0.0505545 0.964608 0.258795
    outer loop
      vertex 0 59.6722 10.635
      vertex -6.23744 59.3453 10.635
      vertex -6.19497 58.9412 12.1495
    endloop
  endfacet
  facet normal -0.0505423 0.964597 0.258839
    outer loop
      vertex 0 59.6722 10.635
      vertex -6.19497 58.9412 12.1495
      vertex 0 59.2658 12.1495
    endloop
  endfacet
  facet normal -0.0438964 0.837534 0.54462
    outer loop
      vertex 0 57.9904 15.0103
      vertex -6.06165 57.6727 15.0103
      vertex 0 57.1353 16.3253
    endloop
  endfacet
  facet normal -0.0438945 0.837538 0.544613
    outer loop
      vertex 0 57.1353 16.3253
      vertex -6.06165 57.6727 15.0103
      vertex -5.97226 56.8223 16.3253
    endloop
  endfacet
  facet normal 0.0466354 0.889794 0.453973
    outer loop
      vertex 0 58.7032 13.6132
      vertex 0 57.9904 15.0103
      vertex 6.06165 57.6727 15.0103
    endloop
  endfacet
  facet normal 0.0488505 0.932308 0.35835
    outer loop
      vertex 0 59.2658 12.1495
      vertex 0 58.7032 13.6132
      vertex 6.19497 58.9412 12.1495
    endloop
  endfacet
  facet normal -0.777147 0.629319 0
    outer loop
      vertex -48.541 35.2671 -7.52056
      vertex -44.5887 40.1478 7.52056
      vertex -44.5887 40.1478 -7.52056
    endloop
  endfacet
  facet normal -0.777147 0.629319 0
    outer loop
      vertex -44.5887 40.1478 7.52056
      vertex -48.541 35.2671 -7.52056
      vertex -48.541 35.2671 7.52056
    endloop
  endfacet
  facet normal -0.508453 0.782971 0.358375
    outer loop
      vertex -29.3516 50.8384 13.6132
      vertex -34.8356 47.9471 12.1495
      vertex -34.5049 47.4919 13.6132
    endloop
  endfacet
  facet normal -0.889787 0.453369 -0.0523045
    outer loop
      vertex -51.8904 29.9589 -9.08634
      vertex -54.8127 24.4042 -7.52056
      vertex -51.9615 30 -7.52056
    endloop
  endfacet
  facet normal -0.423833 0.83182 -0.358387
    outer loop
      vertex -23.8767 53.628 -13.6132
      vertex -29.3516 50.8384 -13.6132
      vertex -24.1056 54.142 -12.1495
    endloop
  endfacet
  facet normal -0.385116 0.593021 -0.707115
    outer loop
      vertex -32.3499 44.5258 -18.6525
      vertex -33.0025 45.424 -17.5438
      vertex -28.0736 48.6249 -17.5438
    endloop
  endfacet
  facet normal -0.776083 0.628457 -0.0523196
    outer loop
      vertex -44.5276 40.0929 -9.08634
      vertex -48.541 35.2671 -7.52056
      vertex -44.5887 40.1478 -7.52056
    endloop
  endfacet
  facet normal -0.932302 0.357882 -0.0522908
    outer loop
      vertex -54.7377 24.3708 -9.08634
      vertex -57.0634 18.541 -7.52056
      vertex -54.8127 24.4042 -7.52056
    endloop
  endfacet
  facet normal -0.629319 0.777147 0
    outer loop
      vertex -35.2671 48.541 -7.52056
      vertex -40.1478 44.5887 7.52056
      vertex -35.2671 48.541 7.52056
    endloop
  endfacet
  facet normal -0.629319 0.777147 0
    outer loop
      vertex -40.1478 44.5887 7.52056
      vertex -35.2671 48.541 -7.52056
      vertex -40.1478 44.5887 -7.52056
    endloop
  endfacet
  facet normal -0.151105 -0.95404 -0.258795
    outer loop
      vertex -6.23744 -59.3453 -10.635
      vertex -12.4066 -58.3682 -10.635
      vertex -6.19497 -58.9412 -12.1495
    endloop
  endfacet
  facet normal -0.258473 -0.964598 -0.052368
    outer loop
      vertex -12.4576 -58.6085 -9.08634
      vertex -18.541 -57.0634 -7.52056
      vertex -18.5156 -56.9852 -9.08634
    endloop
  endfacet
  facet normal 0.750673 -0.607888 0.258772
    outer loop
      vertex 47.9471 -34.8356 12.1495
      vertex 44.0431 -39.6566 12.1495
      vertex 48.2758 -35.0744 10.635
    endloop
  endfacet
  facet normal 0.651777 -0.423264 0.629313
    outer loop
      vertex 48.6249 -28.0736 17.5438
      vertex 46.2234 -33.5833 16.3253
      vertex 49.4806 -28.5676 16.3253
    endloop
  endfacet
  facet normal 0.20113 -0.16287 0.96593
    outer loop
      vertex 38.9288 -28.2834 22.1727
      vertex 35.7591 -32.1977 22.1727
      vertex 36.8862 -33.2125 21.7669
    endloop
  endfacet
  facet normal 0.385094 -0.385094 0.838692
    outer loop
      vertex 39.0151 -35.1294 20.4931
      vertex 36.0105 -39.9937 19.6392
      vertex 39.9937 -36.0105 19.6392
    endloop
  endfacet
  facet normal 0.385094 -0.385094 0.838692
    outer loop
      vertex 36.0105 -39.9937 19.6392
      vertex 39.0151 -35.1294 20.4931
      vertex 35.1294 -39.0151 20.4931
    endloop
  endfacet
  facet normal 0.353952 -0.0560581 0.933582
    outer loop
      vertex 49.3633 -5.1883 21.7669
      vertex 48.5506 -10.3197 21.7669
      vertex 50.8211 -5.34151 21.205
    endloop
  endfacet
  facet normal 0.319313 -0.162698 0.933578
    outer loop
      vertex 46.6831 -20.7847 21.205
      vertex 42.9854 -24.8176 21.7669
      vertex 44.2548 -25.5505 21.205
    endloop
  endfacet
  facet normal 0.560728 -0.285706 0.777146
    outer loop
      vertex 49.1641 -21.8893 19.6392
      vertex 47.6634 -27.5185 18.6525
      vertex 50.2788 -22.3855 18.6525
    endloop
  endfacet
  facet normal 0.630035 -0.321015 0.707111
    outer loop
      vertex 51.293 -22.8371 17.5438
      vertex 47.6634 -27.5185 18.6525
      vertex 48.6249 -28.0736 17.5438
    endloop
  endfacet
  facet normal 0.508422 -0.195171 0.838699
    outer loop
      vertex 49.9305 -16.2234 20.4931
      vertex 47.9611 -21.3537 20.4931
      vertex 49.1641 -21.8893 19.6392
    endloop
  endfacet
  facet normal 0.767574 -0.121578 0.629325
    outer loop
      vertex 56.8223 -5.97226 16.3253
      vertex 54.9202 -11.6737 17.5438
      vertex 55.8867 -11.8791 16.3253
    endloop
  endfacet
  facet normal 0.217059 -0.140957 0.965928
    outer loop
      vertex 41.672 -24.0593 22.1727
      vertex 40.1558 -29.1749 21.7669
      vertex 42.9854 -24.8176 21.7669
    endloop
  endfacet
  facet normal 0.250004 -0.0669896 0.965925
    outer loop
      vertex 48.5506 -10.3197 21.7669
      vertex 45.7636 -14.8695 22.1727
      vertex 47.2059 -15.3381 21.7669
    endloop
  endfacet
  facet normal 0.195185 -0.300557 0.933578
    outer loop
      vertex 30.0364 -41.3416 21.205
      vertex 24.8176 -42.9854 21.7669
      vertex 25.5505 -44.2548 21.205
    endloop
  endfacet
  facet normal 0.247248 -0.485244 0.838693
    outer loop
      vertex 26.25 -45.4663 20.4931
      vertex 21.8893 -49.1641 19.6392
      vertex 26.9084 -46.6067 19.6392
    endloop
  endfacet
  facet normal 0.16287 -0.20113 0.96593
    outer loop
      vertex 32.1977 -35.7591 22.1727
      vertex 28.2834 -38.9288 22.1727
      vertex 33.2125 -36.8862 21.7669
    endloop
  endfacet
  facet normal 0.352852 -0.285726 0.890986
    outer loop
      vertex 41.3416 -30.0364 21.205
      vertex 37.9755 -34.1933 21.205
      vertex 39.0151 -35.1294 20.4931
    endloop
  endfacet
  facet normal 0.140953 -0.217046 0.965931
    outer loop
      vertex 28.2834 -38.9288 22.1727
      vertex 24.0593 -41.672 22.1727
      vertex 29.1749 -40.1558 21.7669
    endloop
  endfacet
  facet normal 0.0851741 -0.131155 0.987696
    outer loop
      vertex 27.3719 -37.6742 22.4179
      vertex 24.0593 -41.672 22.1727
      vertex 28.2834 -38.9288 22.1727
    endloop
  endfacet
  facet normal 0.0927558 -0.241633 0.965924
    outer loop
      vertex 19.5716 -43.9586 22.1727
      vertex 14.8695 -45.7636 22.1727
      vertex 15.3381 -47.2059 21.7669
    endloop
  endfacet
  facet normal 0.162706 -0.319321 0.933574
    outer loop
      vertex 24.8176 -42.9854 21.7669
      vertex 20.1885 -45.3441 21.7669
      vertex 20.7847 -46.6831 21.205
    endloop
  endfacet
  facet normal 0.543901 -0.837515 0.0523478
    outer loop
      vertex 35.2188 -48.4745 9.08634
      vertex 29.9589 -51.8904 9.08634
      vertex 35.2671 -48.541 7.52056
    endloop
  endfacet
  facet normal 0.527791 -0.65177 0.54464
    outer loop
      vertex 38.2309 -42.4598 16.3253
      vertex 34.0859 -46.9152 15.0103
      vertex 38.8031 -43.0953 15.0103
    endloop
  endfacet
  facet normal 0.782971 -0.508453 0.358375
    outer loop
      vertex 50.8384 -29.3516 13.6132
      vertex 47.4919 -34.5049 13.6132
      vertex 47.9471 -34.8356 12.1495
    endloop
  endfacet
  facet normal 0.776086 -0.628451 0.052347
    outer loop
      vertex 48.4745 -35.2188 9.08634
      vertex 44.5276 -40.0929 9.08634
      vertex 48.541 -35.2671 7.52056
    endloop
  endfacet
  facet normal 0.707107 -0.707107 0
    outer loop
      vertex 40.1478 -44.5887 7.52056
      vertex 44.5887 -40.1478 -7.52056
      vertex 44.5887 -40.1478 7.52056
    endloop
  endfacet
  facet normal 0.707107 -0.707107 0
    outer loop
      vertex 44.5887 -40.1478 -7.52056
      vertex 40.1478 -44.5887 7.52056
      vertex 40.1478 -44.5887 -7.52056
    endloop
  endfacet
  facet normal 0.706139 -0.706139 0.0523139
    outer loop
      vertex 40.0929 -44.5276 9.08634
      vertex 44.5887 -40.1478 7.52056
      vertex 44.5276 -40.0929 9.08634
    endloop
  endfacet
  facet normal 0.706139 -0.706139 0.0523139
    outer loop
      vertex 44.5887 -40.1478 7.52056
      vertex 40.0929 -44.5276 9.08634
      vertex 40.1478 -44.5887 7.52056
    endloop
  endfacet
  facet normal 0.0244631 -0.154458 0.987697
    outer loop
      vertex 9.68202 -45.5503 22.4179
      vertex 4.86767 -46.3128 22.4179
      vertex 10.0044 -47.0672 22.1727
    endloop
  endfacet
  facet normal 0.040475 -0.151055 0.987696
    outer loop
      vertex 14.8695 -45.7636 22.1727
      vertex 9.68202 -45.5503 22.4179
      vertex 10.0044 -47.0672 22.1727
    endloop
  endfacet
  facet normal -0.00818423 -0.156167 0.987697
    outer loop
      vertex 0 -46.5679 22.4179
      vertex -4.86767 -46.3128 22.4179
      vertex 0 -48.1187 22.1727
    endloop
  endfacet
  facet normal -0.00274044 -0.0522916 0.998628
    outer loop
      vertex -4.70378 -44.7535 22.5
      vertex -4.86767 -46.3128 22.4179
      vertex 0 -46.5679 22.4179
    endloop
  endfacet
  facet normal 0.0135522 0.0505776 0.998628
    outer loop
      vertex 14.3903 44.2887 22.4179
      vertex 9.35603 44.0166 22.5
      vertex 13.9058 42.7975 22.5
    endloop
  endfacet
  facet normal 0.0187652 -0.0488839 0.998628
    outer loop
      vertex 18.3031 -41.1095 22.5
      vertex 13.9058 -42.7975 22.5
      vertex 14.3903 -44.2887 22.4179
    endloop
  endfacet
  facet normal 0.607888 -0.750673 0.258772
    outer loop
      vertex 39.6566 -44.0431 12.1495
      vertex 34.8356 -47.9471 12.1495
      vertex 35.0744 -48.2758 10.635
    endloop
  endfacet
  facet normal 0.560733 -0.692444 0.453981
    outer loop
      vertex 38.8031 -43.0953 15.0103
      vertex 34.5049 -47.4919 13.6132
      vertex 39.2801 -43.625 13.6132
    endloop
  endfacet
  facet normal 0.319312 -0.83183 0.453981
    outer loop
      vertex 23.5868 -52.9768 15.0103
      vertex 17.92 -55.1521 15.0103
      vertex 23.8767 -53.628 13.6132
    endloop
  endfacet
  facet normal 0.319312 -0.831835 0.453973
    outer loop
      vertex 23.8767 -53.628 13.6132
      vertex 17.92 -55.1521 15.0103
      vertex 18.1403 -55.83 13.6132
    endloop
  endfacet
  facet normal 0.628451 -0.776086 0.052347
    outer loop
      vertex 40.0929 -44.5276 9.08634
      vertex 35.2188 -48.4745 9.08634
      vertex 35.2671 -48.541 7.52056
    endloop
  endfacet
  facet normal 0.537947 -0.828339 0.156424
    outer loop
      vertex 35.0744 -48.2758 10.635
      vertex 29.8361 -51.6777 10.635
      vertex 29.9589 -51.8904 9.08634
    endloop
  endfacet
  facet normal 0.346175 -0.901779 0.25876
    outer loop
      vertex 24.1056 -54.142 12.1495
      vertex 18.3142 -56.3652 12.1495
      vertex 18.4397 -56.7516 10.635
    endloop
  endfacet
  facet normal 0.334569 -0.871546 0.358429
    outer loop
      vertex 24.1056 -54.142 12.1495
      vertex 18.1403 -55.83 13.6132
      vertex 18.3142 -56.3652 12.1495
    endloop
  endfacet
  facet normal 0.162875 -0.607871 0.777152
    outer loop
      vertex 17.0074 -52.3433 18.6525
      vertex 11.1891 -52.6408 19.6392
      vertex 11.4428 -53.8343 18.6525
    endloop
  endfacet
  facet normal 0.183018 -0.683045 0.707075
    outer loop
      vertex 17.0074 -52.3433 18.6525
      vertex 11.4428 -53.8343 18.6525
      vertex 17.3504 -53.3991 17.5438
    endloop
  endfacet
  facet normal 0.396055 -0.489088 0.777131
    outer loop
      vertex 36.0105 -39.9937 19.6392
      vertex 32.3499 -44.5258 18.6525
      vertex 36.8269 -40.9004 18.6525
    endloop
  endfacet
  facet normal 0.39604 -0.489078 0.777145
    outer loop
      vertex 36.0105 -39.9937 19.6392
      vertex 31.6327 -43.5387 19.6392
      vertex 32.3499 -44.5258 18.6525
    endloop
  endfacet
  facet normal 0.404511 -0.793902 0.453971
    outer loop
      vertex 28.9952 -50.2211 15.0103
      vertex 23.5868 -52.9768 15.0103
      vertex 29.3516 -50.8384 13.6132
    endloop
  endfacet
  facet normal 0.423264 -0.651777 0.629313
    outer loop
      vertex 33.5833 -46.2234 16.3253
      vertex 28.0736 -48.6249 17.5438
      vertex 28.5676 -49.4806 16.3253
    endloop
  endfacet
  facet normal 0.048862 -0.93229 0.358396
    outer loop
      vertex 6.13615 -58.3816 13.6132
      vertex 0 -58.7032 13.6132
      vertex 6.19497 -58.9412 12.1495
    endloop
  endfacet
  facet normal 0.230623 -0.860658 0.453961
    outer loop
      vertex 18.1403 -55.83 13.6132
      vertex 12.0569 -56.7232 15.0103
      vertex 12.2051 -57.4204 13.6132
    endloop
  endfacet
  facet normal 0.0466347 -0.889793 0.453975
    outer loop
      vertex 6.06165 -57.6727 15.0103
      vertex 0 -58.7032 13.6132
      vertex 6.13615 -58.3816 13.6132
    endloop
  endfacet
  facet normal 0.0488505 -0.932308 0.35835
    outer loop
      vertex 0 -58.7032 13.6132
      vertex 0 -59.2658 12.1495
      vertex 6.19497 -58.9412 12.1495
    endloop
  endfacet
  facet normal -0.255633 -0.0404882 0.965926
    outer loop
      vertex -47.8551 -5.02977 22.1727
      vertex -48.5506 -10.3197 21.7669
      vertex -47.0672 -10.0044 22.1727
    endloop
  endfacet
  facet normal -0.139343 -0.0709983 0.987696
    outer loop
      vertex -40.329 -23.284 22.4179
      vertex -42.5419 -18.9409 22.4179
      vertex -41.672 -24.0593 22.1727
    endloop
  endfacet
  facet normal -0.747276 -0.380754 0.544615
    outer loop
      vertex -49.4806 -28.5676 16.3253
      vertex -52.9768 -23.5868 15.0103
      vertex -50.2211 -28.9952 15.0103
    endloop
  endfacet
  facet normal -0.527794 -0.342754 0.777144
    outer loop
      vertex -43.5387 -31.6327 19.6392
      vertex -46.6067 -26.9084 19.6392
      vertex -44.5258 -32.3499 18.6525
    endloop
  endfacet
  facet normal -0.151055 -0.040475 0.987696
    outer loop
      vertex -45.5503 -9.68202 22.4179
      vertex -47.0672 -10.0044 22.1727
      vertex -45.7636 -14.8695 22.1727
    endloop
  endfacet
  facet normal -0.27851 -0.225527 0.933579
    outer loop
      vertex -36.8862 -33.2125 21.7669
      vertex -41.3416 -30.0364 21.205
      vertex -37.9755 -34.1933 21.205
    endloop
  endfacet
  facet normal -0.0984156 -0.121535 0.987696
    outer loop
      vertex -27.3719 -37.6742 22.4179
      vertex -32.1977 -35.7591 22.1727
      vertex -28.2834 -38.9288 22.1727
    endloop
  endfacet
  facet normal -0.183003 -0.183003 0.965929
    outer loop
      vertex -35.7591 -32.1977 22.1727
      vertex -33.2125 -36.8862 21.7669
      vertex -32.1977 -35.7591 22.1727
    endloop
  endfacet
  facet normal -0.183003 -0.183003 0.965929
    outer loop
      vertex -33.2125 -36.8862 21.7669
      vertex -35.7591 -32.1977 22.1727
      vertex -36.8862 -33.2125 21.7669
    endloop
  endfacet
  facet normal -0.346141 -0.901764 -0.258859
    outer loop
      vertex -18.4397 -56.7516 -10.635
      vertex -24.2709 -54.5133 -10.635
      vertex -24.1056 -54.142 -12.1495
    endloop
  endfacet
  facet normal -0.453372 -0.889786 -0.0522912
    outer loop
      vertex -24.4042 -54.8127 -7.52056
      vertex -29.9589 -51.8904 -9.08634
      vertex -24.3708 -54.7377 -9.08634
    endloop
  endfacet
  facet normal -0.6984 -0.6984 0.156442
    outer loop
      vertex -44.5276 -40.0929 9.08634
      vertex -39.9285 -44.3451 10.635
      vertex -44.3451 -39.9285 10.635
    endloop
  endfacet
  facet normal -0.6984 -0.6984 0.156442
    outer loop
      vertex -39.9285 -44.3451 10.635
      vertex -44.5276 -40.0929 9.08634
      vertex -40.0929 -44.5276 9.08634
    endloop
  endfacet
  facet normal -0.183018 -0.683045 0.707075
    outer loop
      vertex -17.0074 -52.3433 18.6525
      vertex -17.3504 -53.3991 17.5438
      vertex -11.4428 -53.8343 18.6525
    endloop
  endfacet
  facet normal -0.258825 -0.965924 0
    outer loop
      vertex -18.541 -57.0634 -7.52056
      vertex -12.4747 -58.6889 7.52056
      vertex -18.541 -57.0634 7.52056
    endloop
  endfacet
  facet normal -0.258825 -0.965924 -0
    outer loop
      vertex -12.4747 -58.6889 7.52056
      vertex -18.541 -57.0634 -7.52056
      vertex -12.4747 -58.6889 -7.52056
    endloop
  endfacet
  facet normal -0.321023 -0.630042 0.707101
    outer loop
      vertex -22.3855 -50.2788 18.6525
      vertex -27.5185 -47.6634 18.6525
      vertex -22.8371 -51.293 17.5438
    endloop
  endfacet
  facet normal -0.0466536 -0.023771 0.998628
    outer loop
      vertex -38.9711 -22.5 22.5
      vertex -42.5419 -18.9409 22.4179
      vertex -40.329 -23.284 22.4179
    endloop
  endfacet
  facet normal 0.11062 -0.698413 0.707094
    outer loop
      vertex 11.6737 -54.9202 17.5438
      vertex 5.75293 -54.7355 18.6525
      vertex 5.86898 -55.8396 17.5438
    endloop
  endfacet
  facet normal -0.0329354 -0.628441 0.77716
    outer loop
      vertex 0 -53.8168 19.6392
      vertex -5.75293 -54.7355 18.6525
      vertex 0 -55.037 18.6525
    endloop
  endfacet
  facet normal 0.028501 -0.543858 0.838693
    outer loop
      vertex 5.48774 -52.2124 20.4931
      vertex 0 -53.8168 19.6392
      vertex 5.62539 -53.522 19.6392
    endloop
  endfacet
  facet normal 0.11062 -0.698416 0.707091
    outer loop
      vertex 11.4428 -53.8343 18.6525
      vertex 5.75293 -54.7355 18.6525
      vertex 11.6737 -54.9202 17.5438
    endloop
  endfacet
  facet normal -0.037008 -0.70615 0.707094
    outer loop
      vertex -5.75293 -54.7355 18.6525
      vertex -5.86898 -55.8396 17.5438
      vertex 0 -55.037 18.6525
    endloop
  endfacet
  facet normal -0.11062 -0.698413 0.707094
    outer loop
      vertex -5.75293 -54.7355 18.6525
      vertex -11.6737 -54.9202 17.5438
      vertex -5.86898 -55.8396 17.5438
    endloop
  endfacet
  facet normal -0.508453 -0.782971 0.358375
    outer loop
      vertex -34.5049 -47.4919 13.6132
      vertex -34.8356 -47.9471 12.1495
      vertex -29.3516 -50.8384 13.6132
    endloop
  endfacet
  facet normal -0.45399 -0.891007 0
    outer loop
      vertex -30 -51.9615 -7.52056
      vertex -24.4042 -54.8127 7.52056
      vertex -30 -51.9615 7.52056
    endloop
  endfacet
  facet normal -0.45399 -0.891007 -0
    outer loop
      vertex -24.4042 -54.8127 7.52056
      vertex -30 -51.9615 -7.52056
      vertex -24.4042 -54.8127 -7.52056
    endloop
  endfacet
  facet normal -0.346175 -0.901779 0.25876
    outer loop
      vertex -18.3142 -56.3652 12.1495
      vertex -24.1056 -54.142 12.1495
      vertex -18.4397 -56.7516 10.635
    endloop
  endfacet
  facet normal -0.154507 -0.975525 0.156457
    outer loop
      vertex -12.4066 -58.3682 10.635
      vertex -12.4576 -58.6085 9.08634
      vertex -6.26312 -59.5896 9.08634
    endloop
  endfacet
  facet normal 0.353943 -0.92209 0.156442
    outer loop
      vertex 24.2709 -54.5133 10.635
      vertex 18.4397 -56.7516 10.635
      vertex 24.3708 -54.7377 9.08634
    endloop
  endfacet
  facet normal 0.448399 -0.880036 0.156442
    outer loop
      vertex 29.8361 -51.6777 10.635
      vertex 24.2709 -54.5133 10.635
      vertex 24.3708 -54.7377 9.08634
    endloop
  endfacet
  facet normal 0.6984 -0.6984 -0.156442
    outer loop
      vertex 44.5276 -40.0929 -9.08634
      vertex 39.9285 -44.3451 -10.635
      vertex 44.3451 -39.9285 -10.635
    endloop
  endfacet
  facet normal 0.6984 -0.6984 -0.156442
    outer loop
      vertex 39.9285 -44.3451 -10.635
      vertex 44.5276 -40.0929 -9.08634
      vertex 40.0929 -44.5276 -9.08634
    endloop
  endfacet
  facet normal 0.767583 -0.621565 -0.15644
    outer loop
      vertex 48.4745 -35.2188 -9.08634
      vertex 44.5276 -40.0929 -9.08634
      vertex 48.2758 -35.0744 -10.635
    endloop
  endfacet
  facet normal 0.880037 -0.448404 0.156424
    outer loop
      vertex 54.7377 -24.3708 9.08634
      vertex 51.6777 -29.8361 10.635
      vertex 51.8904 -29.9589 9.08634
    endloop
  endfacet
  facet normal 0.880036 -0.448399 0.156442
    outer loop
      vertex 54.5133 -24.2709 10.635
      vertex 51.6777 -29.8361 10.635
      vertex 54.7377 -24.3708 9.08634
    endloop
  endfacet
  facet normal 0.140962 -0.526065 -0.83868
    outer loop
      vertex 16.6303 -51.1828 -19.6392
      vertex 11.1891 -52.6408 -19.6392
      vertex 16.2234 -49.9305 -20.4931
    endloop
  endfacet
  facet normal 0.162877 -0.60785 -0.777167
    outer loop
      vertex 17.0074 -52.3433 -18.6525
      vertex 11.1891 -52.6408 -19.6392
      vertex 16.6303 -51.1828 -19.6392
    endloop
  endfacet
  facet normal 0.247248 -0.485244 -0.838693
    outer loop
      vertex 26.9084 -46.6067 -19.6392
      vertex 21.8893 -49.1641 -19.6392
      vertex 26.25 -45.4663 -20.4931
    endloop
  endfacet
  facet normal 0.253411 -0.660146 -0.707099
    outer loop
      vertex 22.8371 -51.293 -17.5438
      vertex 17.0074 -52.3433 -18.6525
      vertex 22.3855 -50.2788 -18.6525
    endloop
  endfacet
  facet normal 0.0927435 -0.241617 -0.965929
    outer loop
      vertex 20.1885 -45.3441 -21.7669
      vertex 15.3381 -47.2059 -21.7669
      vertex 19.5716 -43.9586 -22.1727
    endloop
  endfacet
  facet normal 0.117497 -0.230596 -0.96593
    outer loop
      vertex 20.1885 -45.3441 -21.7669
      vertex 19.5716 -43.9586 -22.1727
      vertex 24.8176 -42.9854 -21.7669
    endloop
  endfacet
  facet normal 0.0927516 -0.346148 -0.933584
    outer loop
      vertex 15.7911 -48.6 -21.205
      vertex 10.3197 -48.5506 -21.7669
      vertex 15.3381 -47.2059 -21.7669
    endloop
  endfacet
  facet normal 0.0244631 -0.154458 -0.987697
    outer loop
      vertex 10.0044 -47.0672 -22.1727
      vertex 4.86767 -46.3128 -22.4179
      vertex 9.68202 -45.5503 -22.4179
    endloop
  endfacet
  facet normal 0.60787 -0.750671 -0.25882
    outer loop
      vertex 39.9285 -44.3451 -10.635
      vertex 35.0744 -48.2758 -10.635
      vertex 39.6566 -44.0431 -12.1495
    endloop
  endfacet
  facet normal 0.352814 -0.692426 -0.629339
    outer loop
      vertex 23.239 -52.1957 -16.3253
      vertex 22.8371 -51.293 -17.5438
      vertex 28.5676 -49.4806 -16.3253
    endloop
  endfacet
  facet normal 0.621565 -0.767583 -0.156438
    outer loop
      vertex 40.0929 -44.5276 -9.08634
      vertex 35.0744 -48.2758 -10.635
      vertex 39.9285 -44.3451 -10.635
    endloop
  endfacet
  facet normal 0.549531 -0.549531 -0.629311
    outer loop
      vertex 38.2309 -42.4598 -16.3253
      vertex 41.7255 -37.5698 -17.5438
      vertex 42.4598 -38.2309 -16.3253
    endloop
  endfacet
  facet normal 0.549531 -0.549531 -0.629311
    outer loop
      vertex 41.7255 -37.5698 -17.5438
      vertex 38.2309 -42.4598 -16.3253
      vertex 37.5698 -41.7255 -17.5438
    endloop
  endfacet
  facet normal 0.444989 -0.54952 -0.707115
    outer loop
      vertex 33.0025 -45.424 -17.5438
      vertex 32.3499 -44.5258 -18.6525
      vertex 37.5698 -41.7255 -17.5438
    endloop
  endfacet
  facet normal 0.11062 -0.698413 -0.707094
    outer loop
      vertex 5.86898 -55.8396 -17.5438
      vertex 5.75293 -54.7355 -18.6525
      vertex 11.6737 -54.9202 -17.5438
    endloop
  endfacet
  facet normal 0.131202 -0.828331 -0.544659
    outer loop
      vertex 12.0569 -56.7232 -15.0103
      vertex 5.97226 -56.8223 -16.3253
      vertex 11.8791 -55.8867 -16.3253
    endloop
  endfacet
  facet normal 0.0669896 -0.250004 -0.965925
    outer loop
      vertex 15.3381 -47.2059 -21.7669
      vertex 10.3197 -48.5506 -21.7669
      vertex 14.8695 -45.7636 -22.1727
    endloop
  endfacet
  facet normal 0.128418 -0.334558 -0.933584
    outer loop
      vertex 15.7911 -48.6 -21.205
      vertex 15.3381 -47.2059 -21.7669
      vertex 20.1885 -45.3441 -21.7669
    endloop
  endfacet
  facet normal 0.543901 -0.837515 -0.0523478
    outer loop
      vertex 35.2671 -48.541 -7.52056
      vertex 29.9589 -51.8904 -9.08634
      vertex 35.2188 -48.4745 -9.08634
    endloop
  endfacet
  facet normal 0.543894 -0.837522 -0.0523074
    outer loop
      vertex 30 -51.9615 -7.52056
      vertex 29.9589 -51.8904 -9.08634
      vertex 35.2671 -48.541 -7.52056
    endloop
  endfacet
  facet normal -0.0560581 -0.353952 -0.933582
    outer loop
      vertex -5.34151 -50.8211 -21.205
      vertex -10.3197 -48.5506 -21.7669
      vertex -5.1883 -49.3633 -21.7669
    endloop
  endfacet
  facet normal -0.0851969 -0.537885 -0.838702
    outer loop
      vertex -5.48774 -52.2124 -20.4931
      vertex -11.1891 -52.6408 -19.6392
      vertex -10.9154 -51.3527 -20.4931
    endloop
  endfacet
  facet normal -0.0135451 -0.258456 -0.965928
    outer loop
      vertex 0 -49.6353 -21.7669
      vertex -5.02977 -47.8551 -22.1727
      vertex 0 -48.1187 -22.1727
    endloop
  endfacet
  facet normal -0.117498 -0.230603 -0.965928
    outer loop
      vertex -19.5716 -43.9586 -22.1727
      vertex -24.8176 -42.9854 -21.7669
      vertex -24.0593 -41.672 -22.1727
    endloop
  endfacet
  facet normal 0.00818423 -0.156167 -0.987697
    outer loop
      vertex 4.86767 -46.3128 -22.4179
      vertex 0 -48.1187 -22.1727
      vertex 0 -46.5679 -22.4179
    endloop
  endfacet
  facet normal 0.0081844 -0.156167 -0.987697
    outer loop
      vertex 5.02977 -47.8551 -22.1727
      vertex 0 -48.1187 -22.1727
      vertex 4.86767 -46.3128 -22.4179
    endloop
  endfacet
  facet normal -0.0237618 -0.453403 -0.890989
    outer loop
      vertex 0 -52.5 -20.4931
      vertex -5.48774 -52.2124 -20.4931
      vertex -5.34151 -50.8211 -21.205
    endloop
  endfacet
  facet normal -0.0404874 -0.255638 -0.965924
    outer loop
      vertex -5.1883 -49.3633 -21.7669
      vertex -10.3197 -48.5506 -21.7669
      vertex -5.02977 -47.8551 -22.1727
    endloop
  endfacet
  facet normal 0.0406946 -0.0329539 -0.998628
    outer loop
      vertex 37.6742 -27.3719 -22.4179
      vertex 33.4415 -30.1109 -22.5
      vertex 36.4058 -26.4503 -22.5
    endloop
  endfacet
  facet normal 0.225542 -0.27852 -0.933572
    outer loop
      vertex 30.0364 -41.3416 -21.205
      vertex 29.1749 -40.1558 -21.7669
      vertex 33.2125 -36.8862 -21.7669
    endloop
  endfacet
  facet normal 0.131158 0.0851776 -0.987696
    outer loop
      vertex 40.329 23.284 -22.4179
      vertex 37.6742 27.3719 -22.4179
      vertex 41.672 24.0593 -22.1727
    endloop
  endfacet
  facet normal 0.0466534 0.0237708 -0.998628
    outer loop
      vertex 41.1095 18.3031 -22.5
      vertex 38.9711 22.5 -22.5
      vertex 42.5419 18.9409 -22.4179
    endloop
  endfacet
  facet normal 0.0285203 -0.043916 -0.998628
    outer loop
      vertex 27.3719 -37.6742 -22.4179
      vertex 23.284 -40.329 -22.4179
      vertex 26.4503 -36.4058 -22.5
    endloop
  endfacet
  facet normal 0.0984158 -0.121535 -0.987696
    outer loop
      vertex 32.1977 -35.7591 -22.1727
      vertex 27.3719 -37.6742 -22.4179
      vertex 31.16 -34.6067 -22.4179
    endloop
  endfacet
  facet normal -0.0329528 -0.0406939 -0.998628
    outer loop
      vertex -27.3719 -37.6742 -22.4179
      vertex -31.16 -34.6067 -22.4179
      vertex -30.1109 -33.4415 -22.5
    endloop
  endfacet
  facet normal -0.0522912 0.0027403 -0.998628
    outer loop
      vertex -45 0 -22.5
      vertex -46.5679 0 -22.4179
      vertex -44.7535 4.70378 -22.5
    endloop
  endfacet
  facet normal 0.0927516 0.346148 -0.933584
    outer loop
      vertex 15.3381 47.2059 -21.7669
      vertex 10.3197 48.5506 -21.7669
      vertex 15.7911 48.6 -21.205
    endloop
  endfacet
  facet normal 0.16287 0.20113 -0.96593
    outer loop
      vertex 32.1977 35.7591 -22.1727
      vertex 28.2834 38.9288 -22.1727
      vertex 33.2125 36.8862 -21.7669
    endloop
  endfacet
  facet normal 0.151053 0.0404751 -0.987697
    outer loop
      vertex 45.5503 9.68202 -22.4179
      vertex 44.2887 14.3903 -22.4179
      vertex 45.7636 14.8695 -22.1727
    endloop
  endfacet
  facet normal 0.156167 0.0081844 -0.987697
    outer loop
      vertex 48.1187 0 -22.1727
      vertex 46.3128 4.86767 -22.4179
      vertex 47.8551 5.02977 -22.1727
    endloop
  endfacet
  facet normal 0.587497 -0.225514 -0.777168
    outer loop
      vertex 52.3433 -17.0074 -18.6525
      vertex 49.1641 -21.8893 -19.6392
      vertex 51.1828 -16.6303 -19.6392
    endloop
  endfacet
  facet normal 0.527781 -0.342751 -0.777155
    outer loop
      vertex 47.6634 -27.5185 -18.6525
      vertex 44.5258 -32.3499 -18.6525
      vertex 46.6067 -26.9084 -19.6392
    endloop
  endfacet
  facet normal 0.725513 -0.2785 -0.629339
    outer loop
      vertex 52.1957 -23.239 -16.3253
      vertex 51.293 -22.8371 -17.5438
      vertex 54.3389 -17.6558 -16.3253
    endloop
  endfacet
  facet normal 0.508451 -0.195172 -0.83868
    outer loop
      vertex 51.1828 -16.6303 -19.6392
      vertex 49.1641 -21.8893 -19.6392
      vertex 49.9305 -16.2234 -20.4931
    endloop
  endfacet
  facet normal 0.0505776 -0.0135522 -0.998628
    outer loop
      vertex 44.2887 -14.3903 -22.4179
      vertex 42.7975 -13.9058 -22.5
      vertex 44.0166 -9.35603 -22.5
    endloop
  endfacet
  facet normal 0.0505767 -0.0135522 -0.998628
    outer loop
      vertex 44.2887 -14.3903 -22.4179
      vertex 44.0166 -9.35603 -22.5
      vertex 45.5503 -9.68202 -22.4179
    endloop
  endfacet
  facet normal 0.250001 -0.0669876 -0.965926
    outer loop
      vertex 48.5506 -10.3197 -21.7669
      vertex 45.7636 -14.8695 -22.1727
      vertex 47.0672 -10.0044 -22.1727
    endloop
  endfacet
  facet normal 0.151055 -0.040475 -0.987696
    outer loop
      vertex 45.7636 -14.8695 -22.1727
      vertex 45.5503 -9.68202 -22.4179
      vertex 47.0672 -10.0044 -22.1727
    endloop
  endfacet
  facet normal 0.241617 0.0927435 -0.965929
    outer loop
      vertex 47.2059 15.3381 -21.7669
      vertex 43.9586 19.5716 -22.1727
      vertex 45.3441 20.1885 -21.7669
    endloop
  endfacet
  facet normal 0.34615 0.0927515 -0.933583
    outer loop
      vertex 49.9844 10.6245 -21.205
      vertex 48.5506 10.3197 -21.7669
      vertex 48.6 15.7911 -21.205
    endloop
  endfacet
  facet normal 0.00274044 0.0522916 -0.998628
    outer loop
      vertex 4.70378 44.7535 -22.5
      vertex 0 46.5679 -22.4179
      vertex 4.86767 46.3128 -22.4179
    endloop
  endfacet
  facet normal -0.0488839 0.0187652 -0.998628
    outer loop
      vertex -42.7975 13.9058 -22.5
      vertex -44.2887 14.3903 -22.4179
      vertex -41.1095 18.3031 -22.5
    endloop
  endfacet
  facet normal 0.698416 -0.11062 -0.707091
    outer loop
      vertex 54.9202 -11.6737 -17.5438
      vertex 53.8343 -11.4428 -18.6525
      vertex 54.7355 -5.75293 -18.6525
    endloop
  endfacet
  facet normal 0.683024 -0.18302 -0.707094
    outer loop
      vertex 54.9202 -11.6737 -17.5438
      vertex 53.3991 -17.3504 -17.5438
      vertex 53.8343 -11.4428 -18.6525
    endloop
  endfacet
  facet normal 0.438575 -0.117517 -0.890978
    outer loop
      vertex 51.3527 -10.9154 -20.4931
      vertex 48.6 -15.7911 -21.205
      vertex 49.9844 -10.6245 -21.205
    endloop
  endfacet
  facet normal 0.526065 -0.140962 -0.83868
    outer loop
      vertex 51.1828 -16.6303 -19.6392
      vertex 49.9305 -16.2234 -20.4931
      vertex 52.6408 -11.1891 -19.6392
    endloop
  endfacet
  facet normal 0.27851 -0.225527 -0.933579
    outer loop
      vertex 37.9755 -34.1933 -21.205
      vertex 36.8862 -33.2125 -21.7669
      vertex 41.3416 -30.0364 -21.205
    endloop
  endfacet
  facet normal 0.206127 -0.404546 -0.890985
    outer loop
      vertex 26.25 -45.4663 -20.4931
      vertex 20.7847 -46.6831 -21.205
      vertex 25.5505 -44.2548 -21.205
    endloop
  endfacet
  facet normal 0.162698 -0.319313 -0.933578
    outer loop
      vertex 25.5505 -44.2548 -21.205
      vertex 20.7847 -46.6831 -21.205
      vertex 24.8176 -42.9854 -21.7669
    endloop
  endfacet
  facet normal 0.19519 -0.300572 -0.933572
    outer loop
      vertex 30.0364 -41.3416 -21.205
      vertex 24.8176 -42.9854 -21.7669
      vertex 29.1749 -40.1558 -21.7669
    endloop
  endfacet
  facet normal 0.16287 -0.20113 -0.96593
    outer loop
      vertex 33.2125 -36.8862 -21.7669
      vertex 28.2834 -38.9288 -22.1727
      vertex 32.1977 -35.7591 -22.1727
    endloop
  endfacet
  facet normal 0.922092 -0.353942 -0.156435
    outer loop
      vertex 56.9852 -18.5156 -9.08634
      vertex 54.7377 -24.3708 -9.08634
      vertex 56.7516 -18.4397 -10.635
    endloop
  endfacet
  facet normal 0.92209 -0.353943 -0.156442
    outer loop
      vertex 54.7377 -24.3708 -9.08634
      vertex 54.5133 -24.2709 -10.635
      vertex 56.7516 -18.4397 -10.635
    endloop
  endfacet
  facet normal 0.95403 -0.151112 0.258829
    outer loop
      vertex 58.9412 -6.19497 12.1495
      vertex 57.9707 -12.3221 12.1495
      vertex 58.3682 -12.4066 10.635
    endloop
  endfacet
  facet normal 0.933013 -0.249988 0.258829
    outer loop
      vertex 57.9707 -12.3221 12.1495
      vertex 56.3652 -18.3142 12.1495
      vertex 58.3682 -12.4066 10.635
    endloop
  endfacet
  facet normal 0.95403 0.151112 0.258829
    outer loop
      vertex 58.3682 12.4066 10.635
      vertex 57.9707 12.3221 12.1495
      vertex 58.9412 6.19497 12.1495
    endloop
  endfacet
  facet normal 0.95404 0.151105 0.258795
    outer loop
      vertex 59.3453 6.23744 10.635
      vertex 58.3682 12.4066 10.635
      vertex 58.9412 6.19497 12.1495
    endloop
  endfacet
  facet normal 0.828363 0.131192 0.544614
    outer loop
      vertex 57.6727 6.06165 15.0103
      vertex 56.7232 12.0569 15.0103
      vertex 56.8223 5.97226 16.3253
    endloop
  endfacet
  facet normal 0.975526 0.154508 0.156451
    outer loop
      vertex 59.5896 6.26312 9.08634
      vertex 58.3682 12.4066 10.635
      vertex 59.3453 6.23744 10.635
    endloop
  endfacet
  facet normal 0.860635 -0.438516 0.258864
    outer loop
      vertex 54.142 -24.1056 12.1495
      vertex 51.3257 -29.6329 12.1495
      vertex 51.6777 -29.8361 10.635
    endloop
  endfacet
  facet normal 0.810096 -0.526099 0.258773
    outer loop
      vertex 51.6777 -29.8361 10.635
      vertex 47.9471 -34.8356 12.1495
      vertex 48.2758 -35.0744 10.635
    endloop
  endfacet
  facet normal 0.706144 0.0370098 -0.7071
    outer loop
      vertex 56.1472 0 -17.5438
      vertex 55.037 0 -18.6525
      vertex 55.8396 5.86898 -17.5438
    endloop
  endfacet
  facet normal 0.706144 -0.0370098 -0.7071
    outer loop
      vertex 55.8396 -5.86898 -17.5438
      vertex 55.037 0 -18.6525
      vertex 56.1472 0 -17.5438
    endloop
  endfacet
  facet normal 0.871567 -0.334563 -0.358384
    outer loop
      vertex 54.142 -24.1056 -12.1495
      vertex 53.628 -23.8767 -13.6132
      vertex 55.83 -18.1403 -13.6132
    endloop
  endfacet
  facet normal 0.747272 -0.485278 -0.453972
    outer loop
      vertex 50.8384 -29.3516 -13.6132
      vertex 46.9152 -34.0859 -15.0103
      vertex 50.2211 -28.9952 -15.0103
    endloop
  endfacet
  facet normal 0.880046 -0.139378 -0.453975
    outer loop
      vertex 58.3816 -6.13615 -13.6132
      vertex 56.7232 -12.0569 -15.0103
      vertex 57.6727 -6.06165 -15.0103
    endloop
  endfacet
  facet normal 0.880052 -0.139383 -0.453961
    outer loop
      vertex 57.4204 -12.2051 -13.6132
      vertex 56.7232 -12.0569 -15.0103
      vertex 58.3816 -6.13615 -13.6132
    endloop
  endfacet
  facet normal 0.630035 -0.321015 -0.707111
    outer loop
      vertex 48.6249 -28.0736 -17.5438
      vertex 47.6634 -27.5185 -18.6525
      vertex 51.293 -22.8371 -17.5438
    endloop
  endfacet
  facet normal 0.630042 -0.321023 -0.707101
    outer loop
      vertex 51.293 -22.8371 -17.5438
      vertex 47.6634 -27.5185 -18.6525
      vertex 50.2788 -22.3855 -18.6525
    endloop
  endfacet
  facet normal 0.54952 -0.444989 -0.707115
    outer loop
      vertex 45.424 -33.0025 -17.5438
      vertex 41.7255 -37.5698 -17.5438
      vertex 44.5258 -32.3499 -18.6525
    endloop
  endfacet
  facet normal 0.593021 -0.385116 -0.707115
    outer loop
      vertex 45.424 -33.0025 -17.5438
      vertex 44.5258 -32.3499 -18.6525
      vertex 48.6249 -28.0736 -17.5438
    endloop
  endfacet
  facet normal 0.793902 -0.404511 -0.453971
    outer loop
      vertex 50.8384 -29.3516 -13.6132
      vertex 50.2211 -28.9952 -15.0103
      vertex 52.9768 -23.5868 -15.0103
    endloop
  endfacet
  facet normal 0.793898 -0.404511 -0.453979
    outer loop
      vertex 53.628 -23.8767 -13.6132
      vertex 50.8384 -29.3516 -13.6132
      vertex 52.9768 -23.5868 -15.0103
    endloop
  endfacet
  facet normal 0.725526 -0.587523 -0.358369
    outer loop
      vertex 44.0431 -39.6566 -12.1495
      vertex 43.625 -39.2801 -13.6132
      vertex 47.4919 -34.5049 -13.6132
    endloop
  endfacet
  facet normal 0.587523 -0.725526 -0.358369
    outer loop
      vertex 39.6566 -44.0431 -12.1495
      vertex 34.5049 -47.4919 -13.6132
      vertex 39.2801 -43.625 -13.6132
    endloop
  endfacet
  facet normal 0.860653 -0.230624 0.453971
    outer loop
      vertex 56.7232 -12.0569 15.0103
      vertex 55.1521 -17.92 15.0103
      vertex 55.83 -18.1403 13.6132
    endloop
  endfacet
  facet normal 0.810119 -0.217083 0.544594
    outer loop
      vertex 56.7232 -12.0569 15.0103
      vertex 54.3389 -17.6558 16.3253
      vertex 55.1521 -17.92 15.0103
    endloop
  endfacet
  facet normal 0.241611 -0.90175 -0.358429
    outer loop
      vertex 18.3142 -56.3652 -12.1495
      vertex 12.3221 -57.9707 -12.1495
      vertex 18.1403 -55.83 -13.6132
    endloop
  endfacet
  facet normal 0.24164 -0.901773 -0.358351
    outer loop
      vertex 12.3221 -57.9707 -12.1495
      vertex 12.2051 -57.4204 -13.6132
      vertex 18.1403 -55.83 -13.6132
    endloop
  endfacet
  facet normal 0.438515 -0.860637 -0.258859
    outer loop
      vertex 24.2709 -54.5133 -10.635
      vertex 24.1056 -54.142 -12.1495
      vertex 29.8361 -51.6777 -10.635
    endloop
  endfacet
  facet normal 0.448399 -0.880036 -0.156442
    outer loop
      vertex 24.3708 -54.7377 -9.08634
      vertex 24.2709 -54.5133 -10.635
      vertex 29.8361 -51.6777 -10.635
    endloop
  endfacet
  facet normal -0.139378 -0.880046 -0.453975
    outer loop
      vertex -6.13615 -58.3816 -13.6132
      vertex -12.0569 -56.7232 -15.0103
      vertex -6.06165 -57.6727 -15.0103
    endloop
  endfacet
  facet normal -0.139383 -0.880052 -0.453961
    outer loop
      vertex -6.13615 -58.3816 -13.6132
      vertex -12.2051 -57.4204 -13.6132
      vertex -12.0569 -56.7232 -15.0103
    endloop
  endfacet
  facet normal 0.0505423 -0.964597 -0.258839
    outer loop
      vertex 6.19497 -58.9412 -12.1495
      vertex 0 -59.6722 -10.635
      vertex 0 -59.2658 -12.1495
    endloop
  endfacet
  facet normal -0.0505423 -0.964597 -0.258839
    outer loop
      vertex 0 -59.6722 -10.635
      vertex -6.19497 -58.9412 -12.1495
      vertex 0 -59.2658 -12.1495
    endloop
  endfacet
  facet normal -0.154507 -0.975525 -0.156457
    outer loop
      vertex -6.26312 -59.5896 -9.08634
      vertex -12.4576 -58.6085 -9.08634
      vertex -12.4066 -58.3682 -10.635
    endloop
  endfacet
  facet normal -0.255641 -0.954029 -0.156452
    outer loop
      vertex -12.4576 -58.6085 -9.08634
      vertex -18.5156 -56.9852 -9.08634
      vertex -12.4066 -58.3682 -10.635
    endloop
  endfacet
  facet normal 0.0237618 -0.453403 -0.890989
    outer loop
      vertex 5.48774 -52.2124 -20.4931
      vertex 0 -52.5 -20.4931
      vertex 5.34151 -50.8211 -21.205
    endloop
  endfacet
  facet normal 0.0329339 -0.628446 -0.777156
    outer loop
      vertex 5.75293 -54.7355 -18.6525
      vertex 0 -53.8168 -19.6392
      vertex 5.62539 -53.522 -19.6392
    endloop
  endfacet
  facet normal 0.0406749 -0.776073 -0.62933
    outer loop
      vertex 5.86898 -55.8396 -17.5438
      vertex 0 -57.1353 -16.3253
      vertex 0 -56.1472 -17.5438
    endloop
  endfacet
  facet normal -0.0406749 -0.776073 -0.62933
    outer loop
      vertex 0 -57.1353 -16.3253
      vertex -5.86898 -55.8396 -17.5438
      vertex 0 -56.1472 -17.5438
    endloop
  endfacet
  facet normal -0.321023 -0.630042 -0.707101
    outer loop
      vertex -22.8371 -51.293 -17.5438
      vertex -27.5185 -47.6634 -18.6525
      vertex -22.3855 -50.2788 -18.6525
    endloop
  endfacet
  facet normal -0.319312 -0.83183 -0.453981
    outer loop
      vertex -17.92 -55.1521 -15.0103
      vertex -23.8767 -53.628 -13.6132
      vertex -23.5868 -52.9768 -15.0103
    endloop
  endfacet
  facet normal -0.253411 -0.660146 -0.707099
    outer loop
      vertex -17.0074 -52.3433 -18.6525
      vertex -22.8371 -51.293 -17.5438
      vertex -22.3855 -50.2788 -18.6525
    endloop
  endfacet
  facet normal -0.225531 -0.587516 -0.777149
    outer loop
      vertex -17.0074 -52.3433 -18.6525
      vertex -22.3855 -50.2788 -18.6525
      vertex -21.8893 -49.1641 -19.6392
    endloop
  endfacet
  facet normal -0.121574 -0.767566 -0.629334
    outer loop
      vertex -5.97226 -56.8223 -16.3253
      vertex -11.6737 -54.9202 -17.5438
      vertex -5.86898 -55.8396 -17.5438
    endloop
  endfacet
  facet normal -0.11062 -0.698416 -0.707091
    outer loop
      vertex -5.75293 -54.7355 -18.6525
      vertex -11.6737 -54.9202 -17.5438
      vertex -11.4428 -53.8343 -18.6525
    endloop
  endfacet
  facet normal -0.255633 0.0404882 -0.965926
    outer loop
      vertex -47.8551 5.02977 -22.1727
      vertex -48.5506 10.3197 -21.7669
      vertex -47.0672 10.0044 -22.1727
    endloop
  endfacet
  facet normal 0.0517186 0.00819204 -0.998628
    outer loop
      vertex 44.7535 4.70378 -22.5
      vertex 44.0166 9.35603 -22.5
      vertex 46.3128 4.86767 -22.4179
    endloop
  endfacet
  facet normal 0.0522916 0.00274044 -0.998628
    outer loop
      vertex 46.5679 0 -22.4179
      vertex 44.7535 4.70378 -22.5
      vertex 46.3128 4.86767 -22.4179
    endloop
  endfacet
  facet normal -0.352842 0.285722 -0.890991
    outer loop
      vertex -41.3416 30.0364 -21.205
      vertex -42.4734 30.8587 -20.4931
      vertex -39.0151 35.1294 -20.4931
    endloop
  endfacet
  facet normal -0.241633 0.0927558 -0.965924
    outer loop
      vertex -45.7636 14.8695 -22.1727
      vertex -47.2059 15.3381 -21.7669
      vertex -43.9586 19.5716 -22.1727
    endloop
  endfacet
  facet normal -0.043916 0.0285203 -0.998628
    outer loop
      vertex -36.4058 26.4503 -22.5
      vertex -40.329 23.284 -22.4179
      vertex -37.6742 27.3719 -22.4179
    endloop
  endfacet
  facet normal -0.0505776 0.0135522 -0.998628
    outer loop
      vertex -44.0166 9.35603 -22.5
      vertex -44.2887 14.3903 -22.4179
      vertex -42.7975 13.9058 -22.5
    endloop
  endfacet
  facet normal -0.121535 0.0984156 -0.987696
    outer loop
      vertex -37.6742 27.3719 -22.4179
      vertex -38.9288 28.2834 -22.1727
      vertex -35.7591 32.1977 -22.1727
    endloop
  endfacet
  facet normal -0.404546 0.206127 -0.890985
    outer loop
      vertex -44.2548 25.5505 -21.205
      vertex -46.6831 20.7847 -21.205
      vertex -45.4663 26.25 -20.4931
    endloop
  endfacet
  facet normal -0.660146 0.253411 -0.707099
    outer loop
      vertex -50.2788 22.3855 -18.6525
      vertex -52.3433 17.0074 -18.6525
      vertex -51.293 22.8371 -17.5438
    endloop
  endfacet
  facet normal -0.456743 0.296613 -0.838693
    outer loop
      vertex -45.4663 26.25 -20.4931
      vertex -46.6067 26.9084 -19.6392
      vertex -43.5387 31.6327 -19.6392
    endloop
  endfacet
  facet normal -0.423244 0.342732 -0.838689
    outer loop
      vertex -42.4734 30.8587 -20.4931
      vertex -43.5387 31.6327 -19.6392
      vertex -39.0151 35.1294 -20.4931
    endloop
  endfacet
  facet normal -0.040475 0.151055 -0.987696
    outer loop
      vertex -9.68202 45.5503 -22.4179
      vertex -14.8695 45.7636 -22.1727
      vertex -10.0044 47.0672 -22.1727
    endloop
  endfacet
  facet normal -0.352852 0.285726 -0.890986
    outer loop
      vertex -37.9755 34.1933 -21.205
      vertex -41.3416 30.0364 -21.205
      vertex -39.0151 35.1294 -20.4931
    endloop
  endfacet
  facet normal -0.485244 0.247248 -0.838693
    outer loop
      vertex -45.4663 26.25 -20.4931
      vertex -49.1641 21.8893 -19.6392
      vertex -46.6067 26.9084 -19.6392
    endloop
  endfacet
  facet normal -0.357879 0.018762 0.93358
    outer loop
      vertex -49.3633 5.1883 21.7669
      vertex -51.1011 0 21.205
      vertex -49.6353 0 21.7669
    endloop
  endfacet
  facet normal -0.250001 -0.0669876 0.965926
    outer loop
      vertex -47.0672 -10.0044 22.1727
      vertex -48.5506 -10.3197 21.7669
      vertex -45.7636 -14.8695 22.1727
    endloop
  endfacet
  facet normal -0.35395 0.0560573 0.933583
    outer loop
      vertex -49.9844 10.6245 21.205
      vertex -50.8211 5.34151 21.205
      vertex -48.5506 10.3197 21.7669
    endloop
  endfacet
  facet normal -0.357879 -0.018762 0.93358
    outer loop
      vertex -49.6353 0 21.7669
      vertex -51.1011 0 21.205
      vertex -49.3633 -5.1883 21.7669
    endloop
  endfacet
  facet normal -0.880037 -0.448404 0.156424
    outer loop
      vertex -51.6777 -29.8361 10.635
      vertex -54.7377 -24.3708 9.08634
      vertex -51.8904 -29.9589 9.08634
    endloop
  endfacet
  facet normal -0.453369 -0.889787 -0.0523045
    outer loop
      vertex -24.4042 -54.8127 -7.52056
      vertex -30 -51.9615 -7.52056
      vertex -29.9589 -51.8904 -9.08634
    endloop
  endfacet
  facet normal -0.0135522 -0.0505776 -0.998628
    outer loop
      vertex -9.35603 -44.0166 -22.5
      vertex -14.3903 -44.2887 -22.4179
      vertex -13.9058 -42.7975 -22.5
    endloop
  endfacet
  facet normal -0.352852 -0.285726 -0.890986
    outer loop
      vertex -39.0151 -35.1294 -20.4931
      vertex -41.3416 -30.0364 -21.205
      vertex -37.9755 -34.1933 -21.205
    endloop
  endfacet
  facet normal -0.380768 -0.747287 -0.544591
    outer loop
      vertex -23.5868 -52.9768 -15.0103
      vertex -28.5676 -49.4806 -16.3253
      vertex -23.239 -52.1957 -16.3253
    endloop
  endfacet
  facet normal -0.342754 -0.527794 -0.777144
    outer loop
      vertex -26.9084 -46.6067 -19.6392
      vertex -32.3499 -44.5258 -18.6525
      vertex -31.6327 -43.5387 -19.6392
    endloop
  endfacet
  facet normal -0.225542 -0.27852 -0.933572
    outer loop
      vertex -30.0364 -41.3416 -21.205
      vertex -33.2125 -36.8862 -21.7669
      vertex -29.1749 -40.1558 -21.7669
    endloop
  endfacet
  facet normal -0.0851776 -0.131158 -0.987696
    outer loop
      vertex -24.0593 -41.672 -22.1727
      vertex -27.3719 -37.6742 -22.4179
      vertex -23.284 -40.329 -22.4179
    endloop
  endfacet
  facet normal -0.39604 -0.489078 -0.777145
    outer loop
      vertex -32.3499 -44.5258 -18.6525
      vertex -36.0105 -39.9937 -19.6392
      vertex -31.6327 -43.5387 -19.6392
    endloop
  endfacet
  facet normal -0.871546 -0.334569 -0.358429
    outer loop
      vertex -54.142 -24.1056 -12.1495
      vertex -56.3652 -18.3142 -12.1495
      vertex -55.83 -18.1403 -13.6132
    endloop
  endfacet
  facet normal -0.83867 -0.54464 0
    outer loop
      vertex -48.541 -35.2671 -7.52056
      vertex -51.9615 -30 7.52056
      vertex -51.9615 -30 -7.52056
    endloop
  endfacet
  facet normal -0.83867 -0.54464 0
    outer loop
      vertex -51.9615 -30 7.52056
      vertex -48.541 -35.2671 -7.52056
      vertex -48.541 -35.2671 7.52056
    endloop
  endfacet
  facet normal -0.83182 -0.423833 -0.358386
    outer loop
      vertex -51.3257 -29.6329 -12.1495
      vertex -54.142 -24.1056 -12.1495
      vertex -50.8384 -29.3516 -13.6132
    endloop
  endfacet
  facet normal -0.889786 -0.453372 0.0522912
    outer loop
      vertex -54.7377 -24.3708 9.08634
      vertex -54.8127 -24.4042 7.52056
      vertex -51.8904 -29.9589 9.08634
    endloop
  endfacet
  facet normal -0.703381 -0.456776 0.54462
    outer loop
      vertex -46.2234 -33.5833 16.3253
      vertex -49.4806 -28.5676 16.3253
      vertex -46.9152 -34.0859 15.0103
    endloop
  endfacet
  facet normal -0.933026 -0.250009 -0.258763
    outer loop
      vertex -56.7516 -18.4397 -10.635
      vertex -58.3682 -12.4066 -10.635
      vertex -56.3652 -18.3142 -12.1495
    endloop
  endfacet
  facet normal -0.837538 -0.0438945 0.544613
    outer loop
      vertex -57.1353 0 16.3253
      vertex -57.6727 -6.06165 15.0103
      vertex -56.8223 -5.97226 16.3253
    endloop
  endfacet
  facet normal -0.933026 0.250009 0.258763
    outer loop
      vertex -56.7516 18.4397 10.635
      vertex -58.3682 12.4066 10.635
      vertex -56.3652 18.3142 12.1495
    endloop
  endfacet
  facet normal -0.526038 -0.140944 0.8387
    outer loop
      vertex -51.3527 -10.9154 20.4931
      vertex -52.6408 -11.1891 19.6392
      vertex -49.9305 -16.2234 20.4931
    endloop
  endfacet
  facet normal -0.793898 0.404511 -0.453979
    outer loop
      vertex -52.9768 23.5868 -15.0103
      vertex -53.628 23.8767 -13.6132
      vertex -50.8384 29.3516 -13.6132
    endloop
  endfacet
  facet normal -0.9646 0.25847 -0.0523532
    outer loop
      vertex -58.6085 12.4576 -9.08634
      vertex -58.6889 12.4747 -7.52056
      vertex -57.0634 18.541 -7.52056
    endloop
  endfacet
  facet normal -0.83867 0.54464 0
    outer loop
      vertex -51.9615 30 -7.52056
      vertex -48.541 35.2671 7.52056
      vertex -48.541 35.2671 -7.52056
    endloop
  endfacet
  facet normal -0.83867 0.54464 0
    outer loop
      vertex -48.541 35.2671 7.52056
      vertex -51.9615 30 -7.52056
      vertex -51.9615 30 7.52056
    endloop
  endfacet
  facet normal -0.837522 0.543894 -0.0523074
    outer loop
      vertex -51.8904 29.9589 -9.08634
      vertex -51.9615 30 -7.52056
      vertex -48.541 35.2671 -7.52056
    endloop
  endfacet
  facet normal -0.747287 0.380768 -0.544591
    outer loop
      vertex -52.1957 23.239 -16.3253
      vertex -52.9768 23.5868 -15.0103
      vertex -49.4806 28.5676 -16.3253
    endloop
  endfacet
  facet normal -0.954029 0.255641 -0.156452
    outer loop
      vertex -58.3682 12.4066 -10.635
      vertex -58.6085 12.4576 -9.08634
      vertex -56.9852 18.5156 -9.08634
    endloop
  endfacet
  facet normal -0.83183 0.319312 -0.453981
    outer loop
      vertex -52.9768 23.5868 -15.0103
      vertex -55.1521 17.92 -15.0103
      vertex -53.628 23.8767 -13.6132
    endloop
  endfacet
  facet normal -0.933579 0.358372 0
    outer loop
      vertex -57.0634 18.541 -7.52056
      vertex -54.8127 24.4042 7.52056
      vertex -54.8127 24.4042 -7.52056
    endloop
  endfacet
  facet normal -0.933579 0.358372 0
    outer loop
      vertex -54.8127 24.4042 7.52056
      vertex -57.0634 18.541 -7.52056
      vertex -57.0634 18.541 7.52056
    endloop
  endfacet
  facet normal -0.423833 0.83182 -0.358386
    outer loop
      vertex -29.3516 50.8384 -13.6132
      vertex -29.6329 51.3257 -12.1495
      vertex -24.1056 54.142 -12.1495
    endloop
  endfacet
  facet normal -0.526067 0.810089 -0.258863
    outer loop
      vertex -29.6329 51.3257 -12.1495
      vertex -34.8356 47.9471 -12.1495
      vertex -29.8361 51.6777 -10.635
    endloop
  endfacet
  facet normal -0.537947 0.828339 -0.156424
    outer loop
      vertex -29.8361 51.6777 -10.635
      vertex -35.0744 48.2758 -10.635
      vertex -29.9589 51.8904 -9.08634
    endloop
  endfacet
  facet normal -0.54464 0.83867 0
    outer loop
      vertex -30 51.9615 -7.52056
      vertex -35.2671 48.541 7.52056
      vertex -30 51.9615 7.52056
    endloop
  endfacet
  facet normal -0.54464 0.83867 0
    outer loop
      vertex -35.2671 48.541 7.52056
      vertex -30 51.9615 -7.52056
      vertex -35.2671 48.541 -7.52056
    endloop
  endfacet
  facet normal -0.258825 0.965924 0
    outer loop
      vertex -12.4747 58.6889 -7.52056
      vertex -18.541 57.0634 7.52056
      vertex -12.4747 58.6889 7.52056
    endloop
  endfacet
  facet normal -0.258825 0.965924 0
    outer loop
      vertex -18.541 57.0634 7.52056
      vertex -12.4747 58.6889 -7.52056
      vertex -18.541 57.0634 -7.52056
    endloop
  endfacet
  facet normal -0.25847 0.9646 0.0523532
    outer loop
      vertex -12.4747 58.6889 7.52056
      vertex -18.541 57.0634 7.52056
      vertex -12.4576 58.6085 9.08634
    endloop
  endfacet
  facet normal -0.139378 0.880046 -0.453975
    outer loop
      vertex -6.06165 57.6727 -15.0103
      vertex -12.0569 56.7232 -15.0103
      vertex -6.13615 58.3816 -13.6132
    endloop
  endfacet
  facet normal -0.24164 0.901773 -0.358351
    outer loop
      vertex -12.2051 57.4204 -13.6132
      vertex -18.1403 55.83 -13.6132
      vertex -12.3221 57.9707 -12.1495
    endloop
  endfacet
  facet normal -0.0505423 0.964597 -0.258839
    outer loop
      vertex 0 59.2658 -12.1495
      vertex -6.19497 58.9412 -12.1495
      vertex 0 59.6722 -10.635
    endloop
  endfacet
  facet normal 0.0522664 0.997262 -0.0523223
    outer loop
      vertex 6.26312 59.5896 -9.08634
      vertex 0 60 -7.52056
      vertex 6.27171 59.6713 -7.52056
    endloop
  endfacet
  facet normal -0.183018 0.683045 -0.707075
    outer loop
      vertex -17.0074 52.3433 -18.6525
      vertex -17.3504 53.3991 -17.5438
      vertex -11.4428 53.8343 -18.6525
    endloop
  endfacet
  facet normal -0.423264 0.651777 -0.629313
    outer loop
      vertex -28.0736 48.6249 -17.5438
      vertex -33.5833 46.2234 -16.3253
      vertex -28.5676 49.4806 -16.3253
    endloop
  endfacet
  facet normal -0.321023 0.630042 -0.707101
    outer loop
      vertex -22.3855 50.2788 -18.6525
      vertex -27.5185 47.6634 -18.6525
      vertex -22.8371 51.293 -17.5438
    endloop
  endfacet
  facet normal -0.0438945 0.837538 -0.544613
    outer loop
      vertex -5.97226 56.8223 -16.3253
      vertex -6.06165 57.6727 -15.0103
      vertex 0 57.1353 -16.3253
    endloop
  endfacet
  facet normal -0.285704 0.560717 -0.777154
    outer loop
      vertex -26.9084 46.6067 -19.6392
      vertex -27.5185 47.6634 -18.6525
      vertex -21.8893 49.1641 -19.6392
    endloop
  endfacet
  facet normal -0.342751 0.527781 -0.777155
    outer loop
      vertex -26.9084 46.6067 -19.6392
      vertex -32.3499 44.5258 -18.6525
      vertex -27.5185 47.6634 -18.6525
    endloop
  endfacet
  facet normal 0.357862 0.932305 0.0523675
    outer loop
      vertex 18.541 57.0634 7.52056
      vertex 18.5156 56.9852 9.08634
      vertex 24.3708 54.7377 9.08634
    endloop
  endfacet
  facet normal 0.448404 0.880037 0.156424
    outer loop
      vertex 29.9589 51.8904 9.08634
      vertex 24.3708 54.7377 9.08634
      vertex 29.8361 51.6777 10.635
    endloop
  endfacet
  facet normal -0.285726 0.352852 -0.890986
    outer loop
      vertex -34.1933 37.9755 -21.205
      vertex -35.1294 39.0151 -20.4931
      vertex -30.0364 41.3416 -21.205
    endloop
  endfacet
  facet normal 0.0927515 0.34615 -0.933583
    outer loop
      vertex 15.7911 48.6 -21.205
      vertex 10.3197 48.5506 -21.7669
      vertex 10.6245 49.9844 -21.205
    endloop
  endfacet
  facet normal 0.0329539 0.0406946 -0.998628
    outer loop
      vertex 30.1109 33.4415 -22.5
      vertex 26.4503 36.4058 -22.5
      vertex 27.3719 37.6742 -22.4179
    endloop
  endfacet
  facet normal -0.225527 0.27851 -0.933579
    outer loop
      vertex -33.2125 36.8862 -21.7669
      vertex -34.1933 37.9755 -21.205
      vertex -30.0364 41.3416 -21.205
    endloop
  endfacet
  facet normal -0.16287 0.20113 -0.96593
    outer loop
      vertex -32.1977 35.7591 -22.1727
      vertex -33.2125 36.8862 -21.7669
      vertex -28.2834 38.9288 -22.1727
    endloop
  endfacet
  facet normal 0.423264 0.651777 -0.629313
    outer loop
      vertex 33.5833 46.2234 -16.3253
      vertex 28.0736 48.6249 -17.5438
      vertex 28.5676 49.4806 -16.3253
    endloop
  endfacet
  facet normal 0.49999 0.49999 -0.707121
    outer loop
      vertex 40.9004 36.8269 -18.6525
      vertex 37.5698 41.7255 -17.5438
      vertex 41.7255 37.5698 -17.5438
    endloop
  endfacet
  facet normal 0.49999 0.49999 -0.707121
    outer loop
      vertex 37.5698 41.7255 -17.5438
      vertex 40.9004 36.8269 -18.6525
      vertex 36.8269 40.9004 -18.6525
    endloop
  endfacet
  facet normal 0.353943 0.92209 -0.156442
    outer loop
      vertex 24.2709 54.5133 -10.635
      vertex 18.4397 56.7516 -10.635
      vertex 24.3708 54.7377 -9.08634
    endloop
  endfacet
  facet normal 0.448399 0.880036 -0.156442
    outer loop
      vertex 29.8361 51.6777 -10.635
      vertex 24.2709 54.5133 -10.635
      vertex 24.3708 54.7377 -9.08634
    endloop
  endfacet
  facet normal -0.0187652 -0.0488839 -0.998628
    outer loop
      vertex -14.3903 -44.2887 -22.4179
      vertex -18.3031 -41.1095 -22.5
      vertex -13.9058 -42.7975 -22.5
    endloop
  endfacet
  facet normal 0.0851944 0.537899 -0.838693
    outer loop
      vertex 11.1891 52.6408 -19.6392
      vertex 5.48774 52.2124 -20.4931
      vertex 5.62539 53.522 -19.6392
    endloop
  endfacet
  facet normal -0.162875 0.607871 -0.777152
    outer loop
      vertex -11.1891 52.6408 -19.6392
      vertex -17.0074 52.3433 -18.6525
      vertex -11.4428 53.8343 -18.6525
    endloop
  endfacet
  facet normal -0.11062 0.698416 -0.707091
    outer loop
      vertex -11.4428 53.8343 -18.6525
      vertex -11.6737 54.9202 -17.5438
      vertex -5.75293 54.7355 -18.6525
    endloop
  endfacet
  facet normal 0.040673 0.776069 -0.629335
    outer loop
      vertex 5.86898 55.8396 -17.5438
      vertex 0 57.1353 -16.3253
      vertex 5.97226 56.8223 -16.3253
    endloop
  endfacet
  facet normal 0.0438945 0.837538 -0.544613
    outer loop
      vertex 5.97226 56.8223 -16.3253
      vertex 0 57.1353 -16.3253
      vertex 6.06165 57.6727 -15.0103
    endloop
  endfacet
  facet normal 0.162713 0.423873 -0.890986
    outer loop
      vertex 20.7847 46.6831 -21.205
      vertex 15.7911 48.6 -21.205
      vertex 21.3537 47.9611 -20.4931
    endloop
  endfacet
  facet normal -0.0669896 0.250004 -0.965925
    outer loop
      vertex -14.8695 45.7636 -22.1727
      vertex -15.3381 47.2059 -21.7669
      vertex -10.3197 48.5506 -21.7669
    endloop
  endfacet
  facet normal 0.423833 0.83182 -0.358387
    outer loop
      vertex 29.3516 50.8384 -13.6132
      vertex 23.8767 53.628 -13.6132
      vertex 24.1056 54.142 -12.1495
    endloop
  endfacet
  facet normal 0.404511 0.793898 -0.453979
    outer loop
      vertex 29.3516 50.8384 -13.6132
      vertex 23.5868 52.9768 -15.0103
      vertex 23.8767 53.628 -13.6132
    endloop
  endfacet
  facet normal 0.225531 0.587516 -0.777149
    outer loop
      vertex 21.8893 49.1641 -19.6392
      vertex 17.0074 52.3433 -18.6525
      vertex 22.3855 50.2788 -18.6525
    endloop
  endfacet
  facet normal 0.162877 0.60785 -0.777167
    outer loop
      vertex 16.6303 51.1828 -19.6392
      vertex 11.1891 52.6408 -19.6392
      vertex 17.0074 52.3433 -18.6525
    endloop
  endfacet
  facet normal -0.0517186 0.00819204 -0.998628
    outer loop
      vertex -44.7535 4.70378 -22.5
      vertex -46.3128 4.86767 -22.4179
      vertex -44.0166 9.35603 -22.5
    endloop
  endfacet
  facet normal 0.0027403 -0.0522912 -0.998628
    outer loop
      vertex 4.70378 -44.7535 -22.5
      vertex 0 -46.5679 -22.4179
      vertex 0 -45 -22.5
    endloop
  endfacet
  facet normal 0.151105 0.95404 -0.258795
    outer loop
      vertex 12.4066 58.3682 -10.635
      vertex 6.19497 58.9412 -12.1495
      vertex 6.23744 59.3453 -10.635
    endloop
  endfacet
  facet normal -0.051686 0.986337 -0.156422
    outer loop
      vertex 0 59.6722 -10.635
      vertex -6.26312 59.5896 -9.08634
      vertex 0 59.9178 -9.08634
    endloop
  endfacet
  facet normal -0.156211 0.986335 -0.0523525
    outer loop
      vertex -12.4576 58.6085 -9.08634
      vertex -12.4747 58.6889 -7.52056
      vertex -6.27171 59.6713 -7.52056
    endloop
  endfacet
  facet normal -0.156426 0.98769 0
    outer loop
      vertex -6.27171 59.6713 -7.52056
      vertex -12.4747 58.6889 7.52056
      vertex -6.27171 59.6713 7.52056
    endloop
  endfacet
  facet normal -0.156426 0.98769 0
    outer loop
      vertex -12.4747 58.6889 7.52056
      vertex -6.27171 59.6713 -7.52056
      vertex -12.4747 58.6889 -7.52056
    endloop
  endfacet
  facet normal 0.048862 0.93229 -0.358396
    outer loop
      vertex 6.13615 58.3816 -13.6132
      vertex 0 58.7032 -13.6132
      vertex 6.19497 58.9412 -12.1495
    endloop
  endfacet
  facet normal 0.241611 0.90175 -0.358429
    outer loop
      vertex 18.1403 55.83 -13.6132
      vertex 12.3221 57.9707 -12.1495
      vertex 18.3142 56.3652 -12.1495
    endloop
  endfacet
  facet normal 0.628451 0.776086 -0.052347
    outer loop
      vertex 40.0929 44.5276 -9.08634
      vertex 35.2188 48.4745 -9.08634
      vertex 35.2671 48.541 -7.52056
    endloop
  endfacet
  facet normal 0.621565 0.767583 -0.156438
    outer loop
      vertex 39.9285 44.3451 -10.635
      vertex 35.0744 48.2758 -10.635
      vertex 40.0929 44.5276 -9.08634
    endloop
  endfacet
  facet normal 0.423244 0.342732 -0.838689
    outer loop
      vertex 42.4734 30.8587 -20.4931
      vertex 39.0151 35.1294 -20.4931
      vertex 43.5387 31.6327 -19.6392
    endloop
  endfacet
  facet normal 0.070998 0.139341 -0.987696
    outer loop
      vertex 24.0593 41.672 -22.1727
      vertex 18.9409 42.5419 -22.4179
      vertex 19.5716 43.9586 -22.1727
    endloop
  endfacet
  facet normal 0.603962 0.489076 -0.629313
    outer loop
      vertex 45.424 33.0025 -17.5438
      vertex 41.7255 37.5698 -17.5438
      vertex 42.4598 38.2309 -16.3253
    endloop
  endfacet
  facet normal 0.54952 0.444989 -0.707115
    outer loop
      vertex 44.5258 32.3499 -18.6525
      vertex 41.7255 37.5698 -17.5438
      vertex 45.424 33.0025 -17.5438
    endloop
  endfacet
  facet normal 0.183003 0.183003 -0.965929
    outer loop
      vertex 35.7591 32.1977 -22.1727
      vertex 33.2125 36.8862 -21.7669
      vertex 36.8862 33.2125 -21.7669
    endloop
  endfacet
  facet normal 0.183003 0.183003 -0.965929
    outer loop
      vertex 33.2125 36.8862 -21.7669
      vertex 35.7591 32.1977 -22.1727
      vertex 32.1977 35.7591 -22.1727
    endloop
  endfacet
  facet normal 0.296615 0.456751 -0.838689
    outer loop
      vertex 30.8587 42.4734 -20.4931
      vertex 26.25 45.4663 -20.4931
      vertex 31.6327 43.5387 -19.6392
    endloop
  endfacet
  facet normal 0.128418 0.334558 -0.933584
    outer loop
      vertex 20.1885 45.3441 -21.7669
      vertex 15.3381 47.2059 -21.7669
      vertex 15.7911 48.6 -21.205
    endloop
  endfacet
  facet normal -0.889794 0.0466354 -0.453973
    outer loop
      vertex -57.9904 0 -15.0103
      vertex -58.7032 0 -13.6132
      vertex -57.6727 6.06165 -15.0103
    endloop
  endfacet
  facet normal -0.587516 0.225531 -0.777149
    outer loop
      vertex -49.1641 21.8893 -19.6392
      vertex -52.3433 17.0074 -18.6525
      vertex -50.2788 22.3855 -18.6525
    endloop
  endfacet
  facet normal -0.151055 0.040475 -0.987696
    outer loop
      vertex -45.5503 9.68202 -22.4179
      vertex -47.0672 10.0044 -22.1727
      vertex -45.7636 14.8695 -22.1727
    endloop
  endfacet
  facet normal -0.703382 0.456776 -0.544618
    outer loop
      vertex -49.4806 28.5676 -16.3253
      vertex -50.2211 28.9952 -15.0103
      vertex -46.9152 34.0859 -15.0103
    endloop
  endfacet
  facet normal -0.782966 0.508453 -0.358384
    outer loop
      vertex -50.8384 29.3516 -13.6132
      vertex -51.3257 29.6329 -12.1495
      vertex -47.9471 34.8356 -12.1495
    endloop
  endfacet
  facet normal -0.750665 0.201132 -0.629323
    outer loop
      vertex -54.9202 11.6737 -17.5438
      vertex -55.8867 11.8791 -16.3253
      vertex -54.3389 17.6558 -16.3253
    endloop
  endfacet
  facet normal -0.651757 0.423261 -0.629335
    outer loop
      vertex -45.424 33.0025 -17.5438
      vertex -48.6249 28.0736 -17.5438
      vertex -46.2234 33.5833 -16.3253
    endloop
  endfacet
  facet normal 0.456743 0.296613 -0.838693
    outer loop
      vertex 45.4663 26.25 -20.4931
      vertex 43.5387 31.6327 -19.6392
      vertex 46.6067 26.9084 -19.6392
    endloop
  endfacet
  facet normal 0.456751 0.296615 -0.838689
    outer loop
      vertex 45.4663 26.25 -20.4931
      vertex 42.4734 30.8587 -20.4931
      vertex 43.5387 31.6327 -19.6392
    endloop
  endfacet
  facet normal 0.352842 0.285722 -0.890991
    outer loop
      vertex 41.3416 30.0364 -21.205
      vertex 39.0151 35.1294 -20.4931
      vertex 42.4734 30.8587 -20.4931
    endloop
  endfacet
  facet normal 0.404546 0.206127 -0.890985
    outer loop
      vertex 46.6831 20.7847 -21.205
      vertex 44.2548 25.5505 -21.205
      vertex 45.4663 26.25 -20.4931
    endloop
  endfacet
  facet normal 0.725526 0.587523 -0.358369
    outer loop
      vertex 47.4919 34.5049 -13.6132
      vertex 43.625 39.2801 -13.6132
      vertex 44.0431 39.6566 -12.1495
    endloop
  endfacet
  facet normal 0.526099 0.810096 -0.258773
    outer loop
      vertex 34.8356 47.9471 -12.1495
      vertex 29.8361 51.6777 -10.635
      vertex 35.0744 48.2758 -10.635
    endloop
  endfacet
  facet normal 0.537947 0.828339 -0.156424
    outer loop
      vertex 35.0744 48.2758 -10.635
      vertex 29.8361 51.6777 -10.635
      vertex 29.9589 51.8904 -9.08634
    endloop
  endfacet
  facet normal 0.560733 0.692444 -0.453981
    outer loop
      vertex 38.8031 43.0953 -15.0103
      vertex 34.5049 47.4919 -13.6132
      vertex 39.2801 43.625 -13.6132
    endloop
  endfacet
  facet normal 0.621566 0.0984478 -0.777151
    outer loop
      vertex 54.7355 5.75293 -18.6525
      vertex 52.6408 11.1891 -19.6392
      vertex 53.8343 11.4428 -18.6525
    endloop
  endfacet
  facet normal 0.607871 0.162875 -0.777152
    outer loop
      vertex 52.6408 11.1891 -19.6392
      vertex 52.3433 17.0074 -18.6525
      vertex 53.8343 11.4428 -18.6525
    endloop
  endfacet
  facet normal 0.258456 0.0135451 -0.965928
    outer loop
      vertex 48.1187 0 -22.1727
      vertex 47.8551 5.02977 -22.1727
      vertex 49.6353 0 -21.7669
    endloop
  endfacet
  facet normal 0.448458 0.0710251 -0.890977
    outer loop
      vertex 50.8211 5.34151 -21.205
      vertex 49.9844 10.6245 -21.205
      vertex 51.3527 10.9154 -20.4931
    endloop
  endfacet
  facet normal 0.537899 0.0851944 -0.838693
    outer loop
      vertex 53.522 5.62539 -19.6392
      vertex 52.2124 5.48774 -20.4931
      vertex 52.6408 11.1891 -19.6392
    endloop
  endfacet
  facet normal 0.543858 0.028501 -0.838693
    outer loop
      vertex 53.8168 0 -19.6392
      vertex 52.2124 5.48774 -20.4931
      vertex 53.522 5.62539 -19.6392
    endloop
  endfacet
  facet normal 0.145998 0.0560445 -0.987696
    outer loop
      vertex 45.7636 14.8695 -22.1727
      vertex 42.5419 18.9409 -22.4179
      vertex 43.9586 19.5716 -22.1727
    endloop
  endfacet
  facet normal 0.131155 0.0851741 -0.987696
    outer loop
      vertex 41.672 24.0593 -22.1727
      vertex 37.6742 27.3719 -22.4179
      vertex 38.9288 28.2834 -22.1727
    endloop
  endfacet
  facet normal 0.121535 0.0984158 -0.987696
    outer loop
      vertex 37.6742 27.3719 -22.4179
      vertex 34.6067 31.16 -22.4179
      vertex 35.7591 32.1977 -22.1727
    endloop
  endfacet
  facet normal 0.0560581 0.353952 -0.933582
    outer loop
      vertex 10.3197 48.5506 -21.7669
      vertex 5.1883 49.3633 -21.7669
      vertex 5.34151 50.8211 -21.205
    endloop
  endfacet
  facet normal 0.747276 0.380754 -0.544615
    outer loop
      vertex 52.9768 23.5868 -15.0103
      vertex 49.4806 28.5676 -16.3253
      vertex 50.2211 28.9952 -15.0103
    endloop
  endfacet
  facet normal 0.747266 0.485267 -0.453994
    outer loop
      vertex 50.8384 29.3516 -13.6132
      vertex 46.9152 34.0859 -15.0103
      vertex 47.4919 34.5049 -13.6132
    endloop
  endfacet
  facet normal 0.767574 0.121578 -0.629325
    outer loop
      vertex 56.8223 5.97226 -16.3253
      vertex 54.9202 11.6737 -17.5438
      vertex 55.8867 11.8791 -16.3253
    endloop
  endfacet
  facet normal 0.750665 0.201132 -0.629323
    outer loop
      vertex 54.9202 11.6737 -17.5438
      vertex 54.3389 17.6558 -16.3253
      vertex 55.8867 11.8791 -16.3253
    endloop
  endfacet
  facet normal 0.954029 0.255641 -0.156452
    outer loop
      vertex 58.3682 12.4066 -10.635
      vertex 56.9852 18.5156 -9.08634
      vertex 58.6085 12.4576 -9.08634
    endloop
  endfacet
  facet normal 0.954032 0.255638 -0.156435
    outer loop
      vertex 58.3682 12.4066 -10.635
      vertex 56.7516 18.4397 -10.635
      vertex 56.9852 18.5156 -9.08634
    endloop
  endfacet
  facet normal 0.543862 0.0285026 0.83869
    outer loop
      vertex 53.8168 0 19.6392
      vertex 52.2124 5.48774 20.4931
      vertex 52.5 0 20.4931
    endloop
  endfacet
  facet normal 0.543858 0.028501 0.838693
    outer loop
      vertex 53.522 5.62539 19.6392
      vertex 52.2124 5.48774 20.4931
      vertex 53.8168 0 19.6392
    endloop
  endfacet
  facet normal 0.986336 0.156219 0.0523225
    outer loop
      vertex 59.6713 6.27171 7.52056
      vertex 58.6085 12.4576 9.08634
      vertex 59.5896 6.26312 9.08634
    endloop
  endfacet
  facet normal 0.986335 0.156211 0.0523525
    outer loop
      vertex 58.6889 12.4747 7.52056
      vertex 58.6085 12.4576 9.08634
      vertex 59.6713 6.27171 7.52056
    endloop
  endfacet
  facet normal 0.93229 -0.048862 0.358396
    outer loop
      vertex 58.7032 0 13.6132
      vertex 58.3816 -6.13615 13.6132
      vertex 58.9412 -6.19497 12.1495
    endloop
  endfacet
  facet normal 0.889793 -0.0466347 0.453975
    outer loop
      vertex 58.7032 0 13.6132
      vertex 57.6727 -6.06165 15.0103
      vertex 58.3816 -6.13615 13.6132
    endloop
  endfacet
  facet normal 0.358372 0.933579 -0
    outer loop
      vertex 24.4042 54.8127 -7.52056
      vertex 18.541 57.0634 7.52056
      vertex 24.4042 54.8127 7.52056
    endloop
  endfacet
  facet normal 0.358372 0.933579 0
    outer loop
      vertex 18.541 57.0634 7.52056
      vertex 24.4042 54.8127 -7.52056
      vertex 18.541 57.0634 -7.52056
    endloop
  endfacet
  facet normal 0.250009 0.933026 0.258763
    outer loop
      vertex 18.4397 56.7516 10.635
      vertex 12.4066 58.3682 10.635
      vertex 18.3142 56.3652 12.1495
    endloop
  endfacet
  facet normal 0.255641 0.954029 0.156452
    outer loop
      vertex 12.4576 58.6085 9.08634
      vertex 12.4066 58.3682 10.635
      vertex 18.5156 56.9852 9.08634
    endloop
  endfacet
  facet normal 0.139383 0.880052 0.453961
    outer loop
      vertex 12.2051 57.4204 13.6132
      vertex 6.13615 58.3816 13.6132
      vertex 12.0569 56.7232 15.0103
    endloop
  endfacet
  facet normal 0.300567 0.782996 0.544589
    outer loop
      vertex 23.5868 52.9768 15.0103
      vertex 17.92 55.1521 15.0103
      vertex 23.239 52.1957 16.3253
    endloop
  endfacet
  facet normal 0.703381 0.456776 0.54462
    outer loop
      vertex 46.9152 34.0859 15.0103
      vertex 46.2234 33.5833 16.3253
      vertex 49.4806 28.5676 16.3253
    endloop
  endfacet
  facet normal 0.456743 0.296613 0.838693
    outer loop
      vertex 46.6067 26.9084 19.6392
      vertex 43.5387 31.6327 19.6392
      vertex 45.4663 26.25 20.4931
    endloop
  endfacet
  facet normal 0.445009 0.445009 0.777131
    outer loop
      vertex 36.8269 40.9004 18.6525
      vertex 39.9937 36.0105 19.6392
      vertex 40.9004 36.8269 18.6525
    endloop
  endfacet
  facet normal 0.445009 0.445009 0.777131
    outer loop
      vertex 39.9937 36.0105 19.6392
      vertex 36.8269 40.9004 18.6525
      vertex 36.0105 39.9937 19.6392
    endloop
  endfacet
  facet normal 0.549531 0.549531 0.629311
    outer loop
      vertex 38.2309 42.4598 16.3253
      vertex 41.7255 37.5698 17.5438
      vertex 42.4598 38.2309 16.3253
    endloop
  endfacet
  facet normal 0.549531 0.549531 0.629311
    outer loop
      vertex 41.7255 37.5698 17.5438
      vertex 38.2309 42.4598 16.3253
      vertex 37.5698 41.7255 17.5438
    endloop
  endfacet
  facet normal 0.489076 0.603962 0.629313
    outer loop
      vertex 38.2309 42.4598 16.3253
      vertex 33.0025 45.424 17.5438
      vertex 37.5698 41.7255 17.5438
    endloop
  endfacet
  facet normal 0.607888 0.750673 0.258772
    outer loop
      vertex 35.0744 48.2758 10.635
      vertex 34.8356 47.9471 12.1495
      vertex 39.6566 44.0431 12.1495
    endloop
  endfacet
  facet normal 0.683013 0.683013 0.258819
    outer loop
      vertex 39.6566 44.0431 12.1495
      vertex 44.3451 39.9285 10.635
      vertex 39.9285 44.3451 10.635
    endloop
  endfacet
  facet normal 0.683013 0.683013 0.258819
    outer loop
      vertex 44.3451 39.9285 10.635
      vertex 39.6566 44.0431 12.1495
      vertex 44.0431 39.6566 12.1495
    endloop
  endfacet
  facet normal 0.587523 0.725526 0.358369
    outer loop
      vertex 39.6566 44.0431 12.1495
      vertex 34.5049 47.4919 13.6132
      vertex 39.2801 43.625 13.6132
    endloop
  endfacet
  facet normal 0.560733 0.692444 0.453981
    outer loop
      vertex 39.2801 43.625 13.6132
      vertex 34.5049 47.4919 13.6132
      vertex 38.8031 43.0953 15.0103
    endloop
  endfacet
  facet normal 0.725524 0.587523 0.358374
    outer loop
      vertex 47.9471 34.8356 12.1495
      vertex 44.0431 39.6566 12.1495
      vertex 47.4919 34.5049 13.6132
    endloop
  endfacet
  facet normal 0.6984 0.6984 0.156442
    outer loop
      vertex 39.9285 44.3451 10.635
      vertex 44.5276 40.0929 9.08634
      vertex 40.0929 44.5276 9.08634
    endloop
  endfacet
  facet normal 0.6984 0.6984 0.156442
    outer loop
      vertex 44.5276 40.0929 9.08634
      vertex 39.9285 44.3451 10.635
      vertex 44.3451 39.9285 10.635
    endloop
  endfacet
  facet normal 0.66014 0.66014 0.358371
    outer loop
      vertex 39.2801 43.625 13.6132
      vertex 44.0431 39.6566 12.1495
      vertex 39.6566 44.0431 12.1495
    endloop
  endfacet
  facet normal 0.66014 0.66014 0.358371
    outer loop
      vertex 44.0431 39.6566 12.1495
      vertex 39.2801 43.625 13.6132
      vertex 43.625 39.2801 13.6132
    endloop
  endfacet
  facet normal 0.725526 0.587523 0.358369
    outer loop
      vertex 44.0431 39.6566 12.1495
      vertex 43.625 39.2801 13.6132
      vertex 47.4919 34.5049 13.6132
    endloop
  endfacet
  facet normal 0.692444 0.560733 0.453981
    outer loop
      vertex 43.625 39.2801 13.6132
      vertex 43.0953 38.8031 15.0103
      vertex 47.4919 34.5049 13.6132
    endloop
  endfacet
  facet normal -0.0505767 0.0135522 0.998628
    outer loop
      vertex -44.2887 14.3903 22.4179
      vertex -45.5503 9.68202 22.4179
      vertex -44.0166 9.35603 22.5
    endloop
  endfacet
  facet normal 0.0406946 0.0329539 0.998628
    outer loop
      vertex 37.6742 27.3719 22.4179
      vertex 33.4415 30.1109 22.5
      vertex 36.4058 26.4503 22.5
    endloop
  endfacet
  facet normal 0.0709983 0.139343 0.987696
    outer loop
      vertex 24.0593 41.672 22.1727
      vertex 18.9409 42.5419 22.4179
      vertex 23.284 40.329 22.4179
    endloop
  endfacet
  facet normal 0.0984156 0.121535 0.987696
    outer loop
      vertex 28.2834 38.9288 22.1727
      vertex 27.3719 37.6742 22.4179
      vertex 32.1977 35.7591 22.1727
    endloop
  endfacet
  facet normal 0.321047 0.321047 0.890987
    outer loop
      vertex 35.1294 39.0151 20.4931
      vertex 37.9755 34.1933 21.205
      vertex 39.0151 35.1294 20.4931
    endloop
  endfacet
  facet normal 0.321047 0.321047 0.890987
    outer loop
      vertex 37.9755 34.1933 21.205
      vertex 35.1294 39.0151 20.4931
      vertex 34.1933 37.9755 21.205
    endloop
  endfacet
  facet normal 0.225542 0.27852 0.933572
    outer loop
      vertex 30.0364 41.3416 21.205
      vertex 29.1749 40.1558 21.7669
      vertex 33.2125 36.8862 21.7669
    endloop
  endfacet
  facet normal 0.162867 0.201124 0.965931
    outer loop
      vertex 29.1749 40.1558 21.7669
      vertex 28.2834 38.9288 22.1727
      vertex 33.2125 36.8862 21.7669
    endloop
  endfacet
  facet normal 0.342727 0.423241 0.838693
    outer loop
      vertex 36.0105 39.9937 19.6392
      vertex 31.6327 43.5387 19.6392
      vertex 35.1294 39.0151 20.4931
    endloop
  endfacet
  facet normal 0.342732 0.423244 0.838689
    outer loop
      vertex 31.6327 43.5387 19.6392
      vertex 30.8587 42.4734 20.4931
      vertex 35.1294 39.0151 20.4931
    endloop
  endfacet
  facet normal -0.0517163 0.00819086 0.998628
    outer loop
      vertex -45.5503 9.68202 22.4179
      vertex -46.3128 4.86767 22.4179
      vertex -44.0166 9.35603 22.5
    endloop
  endfacet
  facet normal 0.023771 0.0466536 0.998628
    outer loop
      vertex 23.284 40.329 22.4179
      vertex 18.9409 42.5419 22.4179
      vertex 22.5 38.9711 22.5
    endloop
  endfacet
  facet normal -0.145995 0.0560418 0.987697
    outer loop
      vertex -42.5419 18.9409 22.4179
      vertex -45.7636 14.8695 22.1727
      vertex -44.2887 14.3903 22.4179
    endloop
  endfacet
  facet normal -0.0439134 0.0285171 0.998628
    outer loop
      vertex -36.4058 26.4503 22.5
      vertex -40.329 23.284 22.4179
      vertex -38.9711 22.5 22.5
    endloop
  endfacet
  facet normal 0.230603 0.117498 0.965928
    outer loop
      vertex 42.9854 24.8176 21.7669
      vertex 41.672 24.0593 22.1727
      vertex 43.9586 19.5716 22.1727
    endloop
  endfacet
  facet normal 0.139341 0.070998 0.987696
    outer loop
      vertex 43.9586 19.5716 22.1727
      vertex 41.672 24.0593 22.1727
      vertex 42.5419 18.9409 22.4179
    endloop
  endfacet
  facet normal 0.423867 0.162712 0.890989
    outer loop
      vertex 49.9305 16.2234 20.4931
      vertex 47.9611 21.3537 20.4931
      vertex 48.6 15.7911 21.205
    endloop
  endfacet
  facet normal 0.508422 0.195171 0.838699
    outer loop
      vertex 49.1641 21.8893 19.6392
      vertex 47.9611 21.3537 20.4931
      vertex 49.9305 16.2234 20.4931
    endloop
  endfacet
  facet normal 0.767566 0.121574 0.629334
    outer loop
      vertex 56.8223 5.97226 16.3253
      vertex 54.9202 11.6737 17.5438
      vertex 55.8396 5.86898 17.5438
    endloop
  endfacet
  facet normal 0.922092 0.146054 0.358349
    outer loop
      vertex 57.9707 12.3221 12.1495
      vertex 57.4204 12.2051 13.6132
      vertex 58.9412 6.19497 12.1495
    endloop
  endfacet
  facet normal 0.404544 0.206126 0.890986
    outer loop
      vertex 47.9611 21.3537 20.4931
      vertex 45.4663 26.25 20.4931
      vertex 46.6831 20.7847 21.205
    endloop
  endfacet
  facet normal 0.537885 0.0851969 0.838702
    outer loop
      vertex 52.6408 11.1891 19.6392
      vertex 51.3527 10.9154 20.4931
      vertex 52.2124 5.48774 20.4931
    endloop
  endfacet
  facet normal 0.423873 0.162713 0.890986
    outer loop
      vertex 47.9611 21.3537 20.4931
      vertex 46.6831 20.7847 21.205
      vertex 48.6 15.7911 21.205
    endloop
  endfacet
  facet normal 0.508451 0.195172 0.83868
    outer loop
      vertex 51.1828 16.6303 19.6392
      vertex 49.1641 21.8893 19.6392
      vertex 49.9305 16.2234 20.4931
    endloop
  endfacet
  facet normal 0.587516 0.225531 0.777149
    outer loop
      vertex 50.2788 22.3855 18.6525
      vertex 49.1641 21.8893 19.6392
      vertex 52.3433 17.0074 18.6525
    endloop
  endfacet
  facet normal 0.54952 0.444989 0.707115
    outer loop
      vertex 45.424 33.0025 17.5438
      vertex 41.7255 37.5698 17.5438
      vertex 44.5258 32.3499 18.6525
    endloop
  endfacet
  facet normal 0.793898 0.404511 0.453979
    outer loop
      vertex 53.628 23.8767 13.6132
      vertex 50.8384 29.3516 13.6132
      vertex 52.9768 23.5868 15.0103
    endloop
  endfacet
  facet normal 0.750665 0.201132 0.629323
    outer loop
      vertex 55.8867 11.8791 16.3253
      vertex 54.3389 17.6558 16.3253
      vertex 54.9202 11.6737 17.5438
    endloop
  endfacet
  facet normal 0.253412 -0.660174 0.707073
    outer loop
      vertex 22.8371 -51.293 17.5438
      vertex 17.0074 -52.3433 18.6525
      vertex 17.3504 -53.3991 17.5438
    endloop
  endfacet
  facet normal 0.253411 -0.660146 0.707099
    outer loop
      vertex 22.3855 -50.2788 18.6525
      vertex 17.0074 -52.3433 18.6525
      vertex 22.8371 -51.293 17.5438
    endloop
  endfacet
  facet normal -0.0285026 -0.543862 0.83869
    outer loop
      vertex 0 -52.5 20.4931
      vertex -5.48774 -52.2124 20.4931
      vertex 0 -53.8168 19.6392
    endloop
  endfacet
  facet normal 0.0285026 -0.543862 0.83869
    outer loop
      vertex 0 -52.5 20.4931
      vertex 0 -53.8168 19.6392
      vertex 5.48774 -52.2124 20.4931
    endloop
  endfacet
  facet normal -0.028501 0.543858 0.838693
    outer loop
      vertex 0 53.8168 19.6392
      vertex -5.62539 53.522 19.6392
      vertex -5.48774 52.2124 20.4931
    endloop
  endfacet
  facet normal -0.0669896 0.250004 0.965925
    outer loop
      vertex -10.3197 48.5506 21.7669
      vertex -15.3381 47.2059 21.7669
      vertex -14.8695 45.7636 22.1727
    endloop
  endfacet
  facet normal -0.456776 0.703381 0.54462
    outer loop
      vertex -28.5676 49.4806 16.3253
      vertex -34.0859 46.9152 15.0103
      vertex -33.5833 46.2234 16.3253
    endloop
  endfacet
  facet normal -0.11062 0.698413 0.707094
    outer loop
      vertex -5.86898 55.8396 17.5438
      vertex -11.6737 54.9202 17.5438
      vertex -5.75293 54.7355 18.6525
    endloop
  endfacet
  facet normal -0.140962 0.526065 0.83868
    outer loop
      vertex -11.1891 52.6408 19.6392
      vertex -16.6303 51.1828 19.6392
      vertex -16.2234 49.9305 20.4931
    endloop
  endfacet
  facet normal -0.448458 0.0710251 0.890977
    outer loop
      vertex -49.9844 10.6245 21.205
      vertex -51.3527 10.9154 20.4931
      vertex -50.8211 5.34151 21.205
    endloop
  endfacet
  facet normal -0.0406939 0.0329528 0.998628
    outer loop
      vertex -34.6067 31.16 22.4179
      vertex -37.6742 27.3719 22.4179
      vertex -33.4415 30.1109 22.5
    endloop
  endfacet
  facet normal -0.34615 0.0927515 0.933583
    outer loop
      vertex -48.6 15.7911 21.205
      vertex -49.9844 10.6245 21.205
      vertex -48.5506 10.3197 21.7669
    endloop
  endfacet
  facet normal -0.621565 0.767583 0.15644
    outer loop
      vertex -35.2188 48.4745 9.08634
      vertex -40.0929 44.5276 9.08634
      vertex -35.0744 48.2758 10.635
    endloop
  endfacet
  facet normal -0.253407 0.253407 0.933579
    outer loop
      vertex -34.1933 37.9755 21.205
      vertex -36.8862 33.2125 21.7669
      vertex -33.2125 36.8862 21.7669
    endloop
  endfacet
  facet normal -0.253407 0.253407 0.933579
    outer loop
      vertex -36.8862 33.2125 21.7669
      vertex -34.1933 37.9755 21.205
      vertex -37.9755 34.1933 21.205
    endloop
  endfacet
  facet normal -0.630035 0.321015 0.707111
    outer loop
      vertex -48.6249 28.0736 17.5438
      vertex -51.293 22.8371 17.5438
      vertex -47.6634 27.5185 18.6525
    endloop
  endfacet
  facet normal -0.922092 0.353942 0.156435
    outer loop
      vertex -54.7377 24.3708 9.08634
      vertex -56.9852 18.5156 9.08634
      vertex -56.7516 18.4397 10.635
    endloop
  endfacet
  facet normal -0.860637 0.438515 0.258859
    outer loop
      vertex -51.6777 29.8361 10.635
      vertex -54.5133 24.2709 10.635
      vertex -54.142 24.1056 12.1495
    endloop
  endfacet
  facet normal -0.543862 0.0285026 0.83869
    outer loop
      vertex -52.2124 5.48774 20.4931
      vertex -53.8168 0 19.6392
      vertex -52.5 0 20.4931
    endloop
  endfacet
  facet normal -0.45342 0.0237681 0.89098
    outer loop
      vertex -50.8211 5.34151 21.205
      vertex -52.5 0 20.4931
      vertex -51.1011 0 21.205
    endloop
  endfacet
  facet normal 0.00274044 0.0522916 0.998628
    outer loop
      vertex 4.86767 46.3128 22.4179
      vertex 0 46.5679 22.4179
      vertex 4.70378 44.7535 22.5
    endloop
  endfacet
  facet normal -0.0081844 0.156167 0.987697
    outer loop
      vertex 0 48.1187 22.1727
      vertex -5.02977 47.8551 22.1727
      vertex -4.86767 46.3128 22.4179
    endloop
  endfacet
  facet normal -0.0406939 -0.0329528 0.998628
    outer loop
      vertex -33.4415 -30.1109 22.5
      vertex -37.6742 -27.3719 22.4179
      vertex -34.6067 -31.16 22.4179
    endloop
  endfacet
  facet normal -0.0505776 -0.0135522 0.998628
    outer loop
      vertex -44.0166 -9.35603 22.5
      vertex -44.2887 -14.3903 22.4179
      vertex -42.7975 -13.9058 22.5
    endloop
  endfacet
  facet normal -0.139341 0.070998 0.987696
    outer loop
      vertex -41.672 24.0593 22.1727
      vertex -43.9586 19.5716 22.1727
      vertex -42.5419 18.9409 22.4179
    endloop
  endfacet
  facet normal -0.0851776 -0.131158 0.987696
    outer loop
      vertex -23.284 -40.329 22.4179
      vertex -27.3719 -37.6742 22.4179
      vertex -24.0593 -41.672 22.1727
    endloop
  endfacet
  facet normal -0.151055 0.040475 0.987696
    outer loop
      vertex -45.7636 14.8695 22.1727
      vertex -47.0672 10.0044 22.1727
      vertex -45.5503 9.68202 22.4179
    endloop
  endfacet
  facet normal -0.250001 0.0669876 0.965926
    outer loop
      vertex -45.7636 14.8695 22.1727
      vertex -48.5506 10.3197 21.7669
      vertex -47.0672 10.0044 22.1727
    endloop
  endfacet
  facet normal 0.140957 0.217059 0.965928
    outer loop
      vertex 24.8176 42.9854 21.7669
      vertex 24.0593 41.672 22.1727
      vertex 29.1749 40.1558 21.7669
    endloop
  endfacet
  facet normal 0.19519 0.300572 0.933572
    outer loop
      vertex 30.0364 41.3416 21.205
      vertex 24.8176 42.9854 21.7669
      vertex 29.1749 40.1558 21.7669
    endloop
  endfacet
  facet normal 0.0560418 0.145995 0.987697
    outer loop
      vertex 14.8695 45.7636 22.1727
      vertex 14.3903 44.2887 22.4179
      vertex 18.9409 42.5419 22.4179
    endloop
  endfacet
  facet normal 0.0560445 0.145998 0.987696
    outer loop
      vertex 19.5716 43.9586 22.1727
      vertex 14.8695 45.7636 22.1727
      vertex 18.9409 42.5419 22.4179
    endloop
  endfacet
  facet normal 0.342751 0.527781 0.777155
    outer loop
      vertex 27.5185 47.6634 18.6525
      vertex 26.9084 46.6067 19.6392
      vertex 32.3499 44.5258 18.6525
    endloop
  endfacet
  facet normal 0.385121 0.593024 0.70711
    outer loop
      vertex 28.0736 48.6249 17.5438
      vertex 27.5185 47.6634 18.6525
      vertex 32.3499 44.5258 18.6525
    endloop
  endfacet
  facet normal -0.217083 0.810119 0.544594
    outer loop
      vertex -12.0569 56.7232 15.0103
      vertex -17.92 55.1521 15.0103
      vertex -17.6558 54.3389 16.3253
    endloop
  endfacet
  facet normal -0.285704 0.560717 0.777154
    outer loop
      vertex -21.8893 49.1641 19.6392
      vertex -27.5185 47.6634 18.6525
      vertex -26.9084 46.6067 19.6392
    endloop
  endfacet
  facet normal -0.537942 0.828339 0.156438
    outer loop
      vertex -29.9589 51.8904 9.08634
      vertex -35.2188 48.4745 9.08634
      vertex -35.0744 48.2758 10.635
    endloop
  endfacet
  facet normal -0.151105 0.95404 0.258795
    outer loop
      vertex -6.23744 59.3453 10.635
      vertex -12.4066 58.3682 10.635
      vertex -6.19497 58.9412 12.1495
    endloop
  endfacet
  facet normal -0.117517 0.438575 0.890978
    outer loop
      vertex -10.9154 51.3527 20.4931
      vertex -15.7911 48.6 21.205
      vertex -10.6245 49.9844 21.205
    endloop
  endfacet
  facet normal -0.0329339 0.628446 0.777156
    outer loop
      vertex 0 53.8168 19.6392
      vertex -5.75293 54.7355 18.6525
      vertex -5.62539 53.522 19.6392
    endloop
  endfacet
  facet normal -0.810089 0.526067 0.258863
    outer loop
      vertex -47.9471 34.8356 12.1495
      vertex -51.6777 29.8361 10.635
      vertex -51.3257 29.6329 12.1495
    endloop
  endfacet
  facet normal -0.549514 0.444987 0.707121
    outer loop
      vertex -41.7255 37.5698 17.5438
      vertex -44.5258 32.3499 18.6525
      vertex -40.9004 36.8269 18.6525
    endloop
  endfacet
  facet normal 0.0404882 0.255633 0.965926
    outer loop
      vertex 10.3197 48.5506 21.7669
      vertex 5.02977 47.8551 22.1727
      vertex 10.0044 47.0672 22.1727
    endloop
  endfacet
  facet normal 0.0669876 0.250001 0.965926
    outer loop
      vertex 10.3197 48.5506 21.7669
      vertex 10.0044 47.0672 22.1727
      vertex 14.8695 45.7636 22.1727
    endloop
  endfacet
  facet normal 0.195172 0.508451 0.83868
    outer loop
      vertex 16.6303 51.1828 19.6392
      vertex 16.2234 49.9305 20.4931
      vertex 21.8893 49.1641 19.6392
    endloop
  endfacet
  facet normal 0.0927515 0.34615 0.933583
    outer loop
      vertex 10.6245 49.9844 21.205
      vertex 10.3197 48.5506 21.7669
      vertex 15.7911 48.6 21.205
    endloop
  endfacet
  facet normal 0.0237681 0.45342 0.89098
    outer loop
      vertex 0 52.5 20.4931
      vertex 0 51.1011 21.205
      vertex 5.34151 50.8211 21.205
    endloop
  endfacet
  facet normal 0.0710288 0.448435 0.890989
    outer loop
      vertex 5.48774 52.2124 20.4931
      vertex 5.34151 50.8211 21.205
      vertex 10.9154 51.3527 20.4931
    endloop
  endfacet
  facet normal 0.352816 0.692448 0.629314
    outer loop
      vertex 28.5676 49.4806 16.3253
      vertex 22.8371 51.293 17.5438
      vertex 28.0736 48.6249 17.5438
    endloop
  endfacet
  facet normal 0.380768 0.747287 0.544591
    outer loop
      vertex 23.5868 52.9768 15.0103
      vertex 23.239 52.1957 16.3253
      vertex 28.5676 49.4806 16.3253
    endloop
  endfacet
  facet normal 0.11062 0.698413 0.707094
    outer loop
      vertex 5.86898 55.8396 17.5438
      vertex 5.75293 54.7355 18.6525
      vertex 11.6737 54.9202 17.5438
    endloop
  endfacet
  facet normal 0.162875 0.607871 0.777152
    outer loop
      vertex 11.4428 53.8343 18.6525
      vertex 11.1891 52.6408 19.6392
      vertex 17.0074 52.3433 18.6525
    endloop
  endfacet
  facet normal 0.0438945 0.837538 0.544613
    outer loop
      vertex 6.06165 57.6727 15.0103
      vertex 0 57.1353 16.3253
      vertex 5.97226 56.8223 16.3253
    endloop
  endfacet
  facet normal 0.131192 0.828363 0.544614
    outer loop
      vertex 6.06165 57.6727 15.0103
      vertex 5.97226 56.8223 16.3253
      vertex 12.0569 56.7232 15.0103
    endloop
  endfacet
  facet normal 0.154508 0.975526 0.156451
    outer loop
      vertex 6.26312 59.5896 9.08634
      vertex 6.23744 59.3453 10.635
      vertex 12.4066 58.3682 10.635
    endloop
  endfacet
  facet normal 0.051693 0.986332 0.15645
    outer loop
      vertex 6.26312 59.5896 9.08634
      vertex 0 59.6722 10.635
      vertex 6.23744 59.3453 10.635
    endloop
  endfacet
  facet normal -0.706139 0.706139 -0.0523139
    outer loop
      vertex -40.0929 44.5276 -9.08634
      vertex -44.5887 40.1478 -7.52056
      vertex -40.1478 44.5887 -7.52056
    endloop
  endfacet
  facet normal -0.706139 0.706139 -0.0523139
    outer loop
      vertex -44.5887 40.1478 -7.52056
      vertex -40.0929 44.5276 -9.08634
      vertex -44.5276 40.0929 -9.08634
    endloop
  endfacet
  facet normal -0.707107 0.707107 0
    outer loop
      vertex -44.5887 40.1478 -7.52056
      vertex -40.1478 44.5887 7.52056
      vertex -40.1478 44.5887 -7.52056
    endloop
  endfacet
  facet normal -0.707107 0.707107 0
    outer loop
      vertex -40.1478 44.5887 7.52056
      vertex -44.5887 40.1478 -7.52056
      vertex -44.5887 40.1478 7.52056
    endloop
  endfacet
  facet normal -0.537947 0.828339 0.156424
    outer loop
      vertex -29.9589 51.8904 9.08634
      vertex -35.0744 48.2758 10.635
      vertex -29.8361 51.6777 10.635
    endloop
  endfacet
  facet normal -0.485278 0.747272 -0.453972
    outer loop
      vertex -28.9952 50.2211 -15.0103
      vertex -34.0859 46.9152 -15.0103
      vertex -29.3516 50.8384 -13.6132
    endloop
  endfacet
  facet normal -0.321047 0.321047 -0.890987
    outer loop
      vertex -37.9755 34.1933 -21.205
      vertex -35.1294 39.0151 -20.4931
      vertex -34.1933 37.9755 -21.205
    endloop
  endfacet
  facet normal -0.321047 0.321047 -0.890987
    outer loop
      vertex -35.1294 39.0151 -20.4931
      vertex -37.9755 34.1933 -21.205
      vertex -39.0151 35.1294 -20.4931
    endloop
  endfacet
  facet normal -0.0927558 0.241633 -0.965924
    outer loop
      vertex -14.8695 45.7636 -22.1727
      vertex -19.5716 43.9586 -22.1727
      vertex -15.3381 47.2059 -21.7669
    endloop
  endfacet
  facet normal -0.444989 0.54952 -0.707115
    outer loop
      vertex -32.3499 44.5258 -18.6525
      vertex -37.5698 41.7255 -17.5438
      vertex -33.0025 45.424 -17.5438
    endloop
  endfacet
  facet normal -0.489088 0.396055 -0.777131
    outer loop
      vertex -39.9937 36.0105 -19.6392
      vertex -44.5258 32.3499 -18.6525
      vertex -40.9004 36.8269 -18.6525
    endloop
  endfacet
  facet normal -0.489076 0.603962 -0.629313
    outer loop
      vertex -37.5698 41.7255 -17.5438
      vertex -38.2309 42.4598 -16.3253
      vertex -33.0025 45.424 -17.5438
    endloop
  endfacet
  facet normal -0.837522 0.543894 0.0523074
    outer loop
      vertex -48.541 35.2671 7.52056
      vertex -51.9615 30 7.52056
      vertex -51.8904 29.9589 9.08634
    endloop
  endfacet
  facet normal -0.880036 0.448399 0.156442
    outer loop
      vertex -51.6777 29.8361 10.635
      vertex -54.7377 24.3708 9.08634
      vertex -54.5133 24.2709 10.635
    endloop
  endfacet
  facet normal 0.445009 -0.445009 0.777131
    outer loop
      vertex 39.9937 -36.0105 19.6392
      vertex 36.8269 -40.9004 18.6525
      vertex 40.9004 -36.8269 18.6525
    endloop
  endfacet
  facet normal 0.445009 -0.445009 0.777131
    outer loop
      vertex 36.8269 -40.9004 18.6525
      vertex 39.9937 -36.0105 19.6392
      vertex 36.0105 -39.9937 19.6392
    endloop
  endfacet
  facet normal 0.549531 -0.549531 0.629311
    outer loop
      vertex 41.7255 -37.5698 17.5438
      vertex 38.2309 -42.4598 16.3253
      vertex 42.4598 -38.2309 16.3253
    endloop
  endfacet
  facet normal 0.549531 -0.549531 0.629311
    outer loop
      vertex 38.2309 -42.4598 16.3253
      vertex 41.7255 -37.5698 17.5438
      vertex 37.5698 -41.7255 17.5438
    endloop
  endfacet
  facet normal 0.489088 -0.396055 0.777131
    outer loop
      vertex 44.5258 -32.3499 18.6525
      vertex 39.9937 -36.0105 19.6392
      vertex 40.9004 -36.8269 18.6525
    endloop
  endfacet
  facet normal 0.342727 -0.423241 0.838693
    outer loop
      vertex 35.1294 -39.0151 20.4931
      vertex 31.6327 -43.5387 19.6392
      vertex 36.0105 -39.9937 19.6392
    endloop
  endfacet
  facet normal 0.300572 -0.19519 0.933572
    outer loop
      vertex 42.9854 -24.8176 21.7669
      vertex 40.1558 -29.1749 21.7669
      vertex 41.3416 -30.0364 21.205
    endloop
  endfacet
  facet normal 0.300557 -0.195185 0.933578
    outer loop
      vertex 42.9854 -24.8176 21.7669
      vertex 41.3416 -30.0364 21.205
      vertex 44.2548 -25.5505 21.205
    endloop
  endfacet
  facet normal 0.485238 -0.247242 0.838698
    outer loop
      vertex 47.9611 -21.3537 20.4931
      vertex 45.4663 -26.25 20.4931
      vertex 49.1641 -21.8893 19.6392
    endloop
  endfacet
  facet normal 0.621566 -0.0984478 0.777151
    outer loop
      vertex 54.7355 -5.75293 18.6525
      vertex 52.6408 -11.1891 19.6392
      vertex 53.8343 -11.4428 18.6525
    endloop
  endfacet
  facet normal 0.782994 -0.300565 0.544593
    outer loop
      vertex 54.3389 -17.6558 16.3253
      vertex 52.1957 -23.239 16.3253
      vertex 55.1521 -17.92 15.0103
    endloop
  endfacet
  facet normal 0.725513 -0.2785 0.629339
    outer loop
      vertex 54.3389 -17.6558 16.3253
      vertex 51.293 -22.8371 17.5438
      vertex 52.1957 -23.239 16.3253
    endloop
  endfacet
  facet normal 0.438575 -0.117517 0.890978
    outer loop
      vertex 49.9844 -10.6245 21.205
      vertex 48.6 -15.7911 21.205
      vertex 51.3527 -10.9154 20.4931
    endloop
  endfacet
  facet normal 0.587516 -0.225531 0.777149
    outer loop
      vertex 52.3433 -17.0074 18.6525
      vertex 49.1641 -21.8893 19.6392
      vertex 50.2788 -22.3855 18.6525
    endloop
  endfacet
  facet normal 0.70615 -0.037008 0.707094
    outer loop
      vertex 55.037 0 18.6525
      vertex 54.7355 -5.75293 18.6525
      vertex 55.8396 -5.86898 17.5438
    endloop
  endfacet
  facet normal 0.750634 -0.201136 0.629358
    outer loop
      vertex 54.9202 -11.6737 17.5438
      vertex 53.3991 -17.3504 17.5438
      vertex 54.3389 -17.6558 16.3253
    endloop
  endfacet
  facet normal 0.543858 -0.028501 0.838693
    outer loop
      vertex 53.8168 0 19.6392
      vertex 52.2124 -5.48774 20.4931
      vertex 53.522 -5.62539 19.6392
    endloop
  endfacet
  facet normal 0.698416 -0.11062 0.707091
    outer loop
      vertex 54.7355 -5.75293 18.6525
      vertex 53.8343 -11.4428 18.6525
      vertex 54.9202 -11.6737 17.5438
    endloop
  endfacet
  facet normal 0.255638 -0.0404874 0.965924
    outer loop
      vertex 49.3633 -5.1883 21.7669
      vertex 47.8551 -5.02977 22.1727
      vertex 48.5506 -10.3197 21.7669
    endloop
  endfacet
  facet normal 0.423867 -0.162712 0.890989
    outer loop
      vertex 48.6 -15.7911 21.205
      vertex 47.9611 -21.3537 20.4931
      vertex 49.9305 -16.2234 20.4931
    endloop
  endfacet
  facet normal 0.285704 -0.560717 0.777154
    outer loop
      vertex 26.9084 -46.6067 19.6392
      vertex 21.8893 -49.1641 19.6392
      vertex 27.5185 -47.6634 18.6525
    endloop
  endfacet
  facet normal 0.296615 -0.456751 0.838689
    outer loop
      vertex 30.8587 -42.4734 20.4931
      vertex 26.25 -45.4663 20.4931
      vertex 31.6327 -43.5387 19.6392
    endloop
  endfacet
  facet normal 0.162867 -0.201124 0.965931
    outer loop
      vertex 33.2125 -36.8862 21.7669
      vertex 28.2834 -38.9288 22.1727
      vertex 29.1749 -40.1558 21.7669
    endloop
  endfacet
  facet normal 0.321047 -0.321047 0.890987
    outer loop
      vertex 37.9755 -34.1933 21.205
      vertex 35.1294 -39.0151 20.4931
      vertex 39.0151 -35.1294 20.4931
    endloop
  endfacet
  facet normal 0.321047 -0.321047 0.890987
    outer loop
      vertex 35.1294 -39.0151 20.4931
      vertex 37.9755 -34.1933 21.205
      vertex 34.1933 -37.9755 21.205
    endloop
  endfacet
  facet normal 0.225542 -0.27852 0.933572
    outer loop
      vertex 33.2125 -36.8862 21.7669
      vertex 29.1749 -40.1558 21.7669
      vertex 30.0364 -41.3416 21.205
    endloop
  endfacet
  facet normal 0.183003 -0.183003 0.965929
    outer loop
      vertex 35.7591 -32.1977 22.1727
      vertex 33.2125 -36.8862 21.7669
      vertex 36.8862 -33.2125 21.7669
    endloop
  endfacet
  facet normal 0.183003 -0.183003 0.965929
    outer loop
      vertex 33.2125 -36.8862 21.7669
      vertex 35.7591 -32.1977 22.1727
      vertex 32.1977 -35.7591 22.1727
    endloop
  endfacet
  facet normal 0.117498 -0.230603 0.965928
    outer loop
      vertex 24.0593 -41.672 22.1727
      vertex 19.5716 -43.9586 22.1727
      vertex 24.8176 -42.9854 21.7669
    endloop
  endfacet
  facet normal 0.140957 -0.217059 0.965928
    outer loop
      vertex 29.1749 -40.1558 21.7669
      vertex 24.0593 -41.672 22.1727
      vertex 24.8176 -42.9854 21.7669
    endloop
  endfacet
  facet normal 0.0669896 -0.250004 0.965925
    outer loop
      vertex 14.8695 -45.7636 22.1727
      vertex 10.3197 -48.5506 21.7669
      vertex 15.3381 -47.2059 21.7669
    endloop
  endfacet
  facet normal 0.0927516 -0.346148 0.933584
    outer loop
      vertex 15.3381 -47.2059 21.7669
      vertex 10.3197 -48.5506 21.7669
      vertex 15.7911 -48.6 21.205
    endloop
  endfacet
  facet normal 0.0710251 -0.448458 0.890977
    outer loop
      vertex 10.6245 -49.9844 21.205
      vertex 5.34151 -50.8211 21.205
      vertex 10.9154 -51.3527 20.4931
    endloop
  endfacet
  facet normal 0.117517 -0.438575 0.890978
    outer loop
      vertex 15.7911 -48.6 21.205
      vertex 10.6245 -49.9844 21.205
      vertex 10.9154 -51.3527 20.4931
    endloop
  endfacet
  facet normal 0.140944 -0.526038 0.8387
    outer loop
      vertex 16.2234 -49.9305 20.4931
      vertex 10.9154 -51.3527 20.4931
      vertex 11.1891 -52.6408 19.6392
    endloop
  endfacet
  facet normal 0.195172 -0.508451 0.83868
    outer loop
      vertex 21.8893 -49.1641 19.6392
      vertex 16.2234 -49.9305 20.4931
      vertex 16.6303 -51.1828 19.6392
    endloop
  endfacet
  facet normal 0.651776 -0.527805 0.544619
    outer loop
      vertex 46.2234 -33.5833 16.3253
      vertex 42.4598 -38.2309 16.3253
      vertex 46.9152 -34.0859 15.0103
    endloop
  endfacet
  facet normal 0.703382 -0.456776 0.544618
    outer loop
      vertex 49.4806 -28.5676 16.3253
      vertex 46.9152 -34.0859 15.0103
      vertex 50.2211 -28.9952 15.0103
    endloop
  endfacet
  facet normal 0.683013 -0.683013 0.258819
    outer loop
      vertex 39.6566 -44.0431 12.1495
      vertex 44.3451 -39.9285 10.635
      vertex 44.0431 -39.6566 12.1495
    endloop
  endfacet
  facet normal 0.683013 -0.683013 0.258819
    outer loop
      vertex 44.3451 -39.9285 10.635
      vertex 39.6566 -44.0431 12.1495
      vertex 39.9285 -44.3451 10.635
    endloop
  endfacet
  facet normal 0.747272 -0.485278 0.453972
    outer loop
      vertex 50.2211 -28.9952 15.0103
      vertex 46.9152 -34.0859 15.0103
      vertex 50.8384 -29.3516 13.6132
    endloop
  endfacet
  facet normal 0.767583 -0.621565 0.156438
    outer loop
      vertex 48.2758 -35.0744 10.635
      vertex 44.3451 -39.9285 10.635
      vertex 44.5276 -40.0929 9.08634
    endloop
  endfacet
  facet normal 0.776083 -0.628457 0.0523196
    outer loop
      vertex 48.541 -35.2671 7.52056
      vertex 44.5276 -40.0929 9.08634
      vertex 44.5887 -40.1478 7.52056
    endloop
  endfacet
  facet normal 0.0135522 -0.0505776 0.998628
    outer loop
      vertex 13.9058 -42.7975 22.5
      vertex 9.35603 -44.0166 22.5
      vertex 14.3903 -44.2887 22.4179
    endloop
  endfacet
  facet normal 0.0135522 -0.0505767 0.998628
    outer loop
      vertex 14.3903 -44.2887 22.4179
      vertex 9.35603 -44.0166 22.5
      vertex 9.68202 -45.5503 22.4179
    endloop
  endfacet
  facet normal 0.00818423 -0.156167 0.987697
    outer loop
      vertex 0 -46.5679 22.4179
      vertex 0 -48.1187 22.1727
      vertex 4.86767 -46.3128 22.4179
    endloop
  endfacet
  facet normal 0.00274044 -0.0522916 0.998628
    outer loop
      vertex 4.70378 -44.7535 22.5
      vertex 0 -46.5679 22.4179
      vertex 4.86767 -46.3128 22.4179
    endloop
  endfacet
  facet normal -0.0244631 -0.154458 0.987697
    outer loop
      vertex -9.68202 -45.5503 22.4179
      vertex -10.0044 -47.0672 22.1727
      vertex -4.86767 -46.3128 22.4179
    endloop
  endfacet
  facet normal -0.040475 -0.151055 0.987696
    outer loop
      vertex -9.68202 -45.5503 22.4179
      vertex -14.8695 -45.7636 22.1727
      vertex -10.0044 -47.0672 22.1727
    endloop
  endfacet
  facet normal 0.593029 -0.593029 0.54464
    outer loop
      vertex 38.2309 -42.4598 16.3253
      vertex 43.0953 -38.8031 15.0103
      vertex 42.4598 -38.2309 16.3253
    endloop
  endfacet
  facet normal 0.593029 -0.593029 0.54464
    outer loop
      vertex 43.0953 -38.8031 15.0103
      vertex 38.2309 -42.4598 16.3253
      vertex 38.8031 -43.0953 15.0103
    endloop
  endfacet
  facet normal 0.560726 -0.692442 0.453994
    outer loop
      vertex 38.8031 -43.0953 15.0103
      vertex 34.0859 -46.9152 15.0103
      vertex 34.5049 -47.4919 13.6132
    endloop
  endfacet
  facet normal 0.621565 -0.767583 0.15644
    outer loop
      vertex 40.0929 -44.5276 9.08634
      vertex 35.0744 -48.2758 10.635
      vertex 35.2188 -48.4745 9.08634
    endloop
  endfacet
  facet normal 0.621565 -0.767583 0.156438
    outer loop
      vertex 39.9285 -44.3451 10.635
      vertex 35.0744 -48.2758 10.635
      vertex 40.0929 -44.5276 9.08634
    endloop
  endfacet
  facet normal 0.456776 -0.703381 0.54462
    outer loop
      vertex 33.5833 -46.2234 16.3253
      vertex 28.5676 -49.4806 16.3253
      vertex 34.0859 -46.9152 15.0103
    endloop
  endfacet
  facet normal 0.385116 -0.593021 0.707115
    outer loop
      vertex 32.3499 -44.5258 18.6525
      vertex 28.0736 -48.6249 17.5438
      vertex 33.0025 -45.424 17.5438
    endloop
  endfacet
  facet normal 0.485278 -0.747272 0.453972
    outer loop
      vertex 34.0859 -46.9152 15.0103
      vertex 28.9952 -50.2211 15.0103
      vertex 29.3516 -50.8384 13.6132
    endloop
  endfacet
  facet normal 0.456776 -0.703382 0.544618
    outer loop
      vertex 34.0859 -46.9152 15.0103
      vertex 28.5676 -49.4806 16.3253
      vertex 28.9952 -50.2211 15.0103
    endloop
  endfacet
  facet normal 0.48907 -0.603944 0.629335
    outer loop
      vertex 38.2309 -42.4598 16.3253
      vertex 33.0025 -45.424 17.5438
      vertex 33.5833 -46.2234 16.3253
    endloop
  endfacet
  facet normal 0.423261 -0.651757 0.629335
    outer loop
      vertex 33.0025 -45.424 17.5438
      vertex 28.0736 -48.6249 17.5438
      vertex 33.5833 -46.2234 16.3253
    endloop
  endfacet
  facet normal 0.156219 -0.986336 0.0523225
    outer loop
      vertex 12.4576 -58.6085 9.08634
      vertex 6.26312 -59.5896 9.08634
      vertex 6.27171 -59.6713 7.52056
    endloop
  endfacet
  facet normal 0.258473 -0.964598 0.052368
    outer loop
      vertex 18.5156 -56.9852 9.08634
      vertex 12.4576 -58.6085 9.08634
      vertex 18.541 -57.0634 7.52056
    endloop
  endfacet
  facet normal 0.146054 -0.922092 0.358349
    outer loop
      vertex 12.2051 -57.4204 13.6132
      vertex 6.19497 -58.9412 12.1495
      vertex 12.3221 -57.9707 12.1495
    endloop
  endfacet
  facet normal 0.25847 -0.9646 0.0523532
    outer loop
      vertex 18.541 -57.0634 7.52056
      vertex 12.4576 -58.6085 9.08634
      vertex 12.4747 -58.6889 7.52056
    endloop
  endfacet
  facet normal 0.146038 -0.922077 0.358396
    outer loop
      vertex 12.2051 -57.4204 13.6132
      vertex 6.13615 -58.3816 13.6132
      vertex 6.19497 -58.9412 12.1495
    endloop
  endfacet
  facet normal 0.139383 -0.880052 0.453961
    outer loop
      vertex 12.0569 -56.7232 15.0103
      vertex 6.13615 -58.3816 13.6132
      vertex 12.2051 -57.4204 13.6132
    endloop
  endfacet
  facet normal -0.932302 -0.357882 -0.0522908
    outer loop
      vertex -54.8127 -24.4042 -7.52056
      vertex -57.0634 -18.541 -7.52056
      vertex -54.7377 -24.3708 -9.08634
    endloop
  endfacet
  facet normal -0.782996 -0.300567 0.544589
    outer loop
      vertex -52.1957 -23.239 16.3253
      vertex -55.1521 -17.92 15.0103
      vertex -52.9768 -23.5868 15.0103
    endloop
  endfacet
  facet normal -0.651757 -0.423261 0.629335
    outer loop
      vertex -45.424 -33.0025 17.5438
      vertex -48.6249 -28.0736 17.5438
      vertex -46.2234 -33.5833 16.3253
    endloop
  endfacet
  facet normal -0.782994 -0.300565 0.544593
    outer loop
      vertex -54.3389 -17.6558 16.3253
      vertex -55.1521 -17.92 15.0103
      vertex -52.1957 -23.239 16.3253
    endloop
  endfacet
  facet normal -0.603944 -0.48907 0.629335
    outer loop
      vertex -45.424 -33.0025 17.5438
      vertex -46.2234 -33.5833 16.3253
      vertex -42.4598 -38.2309 16.3253
    endloop
  endfacet
  facet normal -0.321047 -0.321047 0.890987
    outer loop
      vertex -37.9755 -34.1933 21.205
      vertex -35.1294 -39.0151 20.4931
      vertex -34.1933 -37.9755 21.205
    endloop
  endfacet
  facet normal -0.321047 -0.321047 0.890987
    outer loop
      vertex -35.1294 -39.0151 20.4931
      vertex -37.9755 -34.1933 21.205
      vertex -39.0151 -35.1294 20.4931
    endloop
  endfacet
  facet normal -0.18302 -0.683024 0.707094
    outer loop
      vertex -11.4428 -53.8343 18.6525
      vertex -17.3504 -53.3991 17.5438
      vertex -11.6737 -54.9202 17.5438
    endloop
  endfacet
  facet normal -0.140957 -0.217059 0.965928
    outer loop
      vertex -24.0593 -41.672 22.1727
      vertex -29.1749 -40.1558 21.7669
      vertex -24.8176 -42.9854 21.7669
    endloop
  endfacet
  facet normal -0.438555 -0.117504 0.890989
    outer loop
      vertex -48.6 -15.7911 21.205
      vertex -51.3527 -10.9154 20.4931
      vertex -49.9305 -16.2234 20.4931
    endloop
  endfacet
  facet normal -0.485238 -0.247242 0.838698
    outer loop
      vertex -47.9611 -21.3537 20.4931
      vertex -49.1641 -21.8893 19.6392
      vertex -45.4663 -26.25 20.4931
    endloop
  endfacet
  facet normal -0.145995 -0.0560418 0.987697
    outer loop
      vertex -44.2887 -14.3903 22.4179
      vertex -45.7636 -14.8695 22.1727
      vertex -42.5419 -18.9409 22.4179
    endloop
  endfacet
  facet normal -0.225527 -0.27851 0.933579
    outer loop
      vertex -33.2125 -36.8862 21.7669
      vertex -34.1933 -37.9755 21.205
      vertex -30.0364 -41.3416 21.205
    endloop
  endfacet
  facet normal -0.0927516 -0.346148 0.933584
    outer loop
      vertex -15.3381 -47.2059 21.7669
      vertex -15.7911 -48.6 21.205
      vertex -10.3197 -48.5506 21.7669
    endloop
  endfacet
  facet normal -0.154508 -0.975526 0.156451
    outer loop
      vertex -6.23744 -59.3453 10.635
      vertex -12.4066 -58.3682 10.635
      vertex -6.26312 -59.5896 9.08634
    endloop
  endfacet
  facet normal -0.543894 -0.837522 0.0523074
    outer loop
      vertex -29.9589 -51.8904 9.08634
      vertex -35.2671 -48.541 7.52056
      vertex -30 -51.9615 7.52056
    endloop
  endfacet
  facet normal -0.526067 -0.810089 0.258863
    outer loop
      vertex -29.6329 -51.3257 12.1495
      vertex -34.8356 -47.9471 12.1495
      vertex -29.8361 -51.6777 10.635
    endloop
  endfacet
  facet normal -0.353942 -0.922092 0.156435
    outer loop
      vertex -18.4397 -56.7516 10.635
      vertex -24.3708 -54.7377 9.08634
      vertex -18.5156 -56.9852 9.08634
    endloop
  endfacet
  facet normal -0.151105 -0.95404 0.258795
    outer loop
      vertex -6.19497 -58.9412 12.1495
      vertex -12.4066 -58.3682 10.635
      vertex -6.23744 -59.3453 10.635
    endloop
  endfacet
  facet normal -0.258473 -0.964598 0.052368
    outer loop
      vertex -18.5156 -56.9852 9.08634
      vertex -18.541 -57.0634 7.52056
      vertex -12.4576 -58.6085 9.08634
    endloop
  endfacet
  facet normal 0.0329339 -0.628446 0.777156
    outer loop
      vertex 5.62539 -53.522 19.6392
      vertex 0 -53.8168 19.6392
      vertex 5.75293 -54.7355 18.6525
    endloop
  endfacet
  facet normal 0.0329354 -0.628441 0.77716
    outer loop
      vertex 0 -53.8168 19.6392
      vertex 0 -55.037 18.6525
      vertex 5.75293 -54.7355 18.6525
    endloop
  endfacet
  facet normal -0.0710288 -0.448435 0.890989
    outer loop
      vertex -5.34151 -50.8211 21.205
      vertex -10.9154 -51.3527 20.4931
      vertex -5.48774 -52.2124 20.4931
    endloop
  endfacet
  facet normal -0.206126 -0.404544 0.890986
    outer loop
      vertex -20.7847 -46.6831 21.205
      vertex -26.25 -45.4663 20.4931
      vertex -21.3537 -47.9611 20.4931
    endloop
  endfacet
  facet normal -0.0406749 -0.776073 0.62933
    outer loop
      vertex 0 -56.1472 17.5438
      vertex -5.86898 -55.8396 17.5438
      vertex 0 -57.1353 16.3253
    endloop
  endfacet
  facet normal -0.0370098 -0.706144 0.7071
    outer loop
      vertex 0 -55.037 18.6525
      vertex -5.86898 -55.8396 17.5438
      vertex 0 -56.1472 17.5438
    endloop
  endfacet
  facet normal -0.334563 -0.871567 0.358384
    outer loop
      vertex -23.8767 -53.628 13.6132
      vertex -24.1056 -54.142 12.1495
      vertex -18.1403 -55.83 13.6132
    endloop
  endfacet
  facet normal -0.423833 -0.83182 0.358387
    outer loop
      vertex -23.8767 -53.628 13.6132
      vertex -29.3516 -50.8384 13.6132
      vertex -24.1056 -54.142 12.1495
    endloop
  endfacet
  facet normal -0.453369 -0.889787 0.0523045
    outer loop
      vertex -29.9589 -51.8904 9.08634
      vertex -30 -51.9615 7.52056
      vertex -24.4042 -54.8127 7.52056
    endloop
  endfacet
  facet normal -0.0466354 -0.889794 0.453973
    outer loop
      vertex 0 -57.9904 15.0103
      vertex -6.06165 -57.6727 15.0103
      vertex 0 -58.7032 13.6132
    endloop
  endfacet
  facet normal -0.201132 -0.750665 0.629323
    outer loop
      vertex -11.6737 -54.9202 17.5438
      vertex -17.6558 -54.3389 16.3253
      vertex -11.8791 -55.8867 16.3253
    endloop
  endfacet
  facet normal -0.0438964 -0.837534 0.54462
    outer loop
      vertex 0 -57.1353 16.3253
      vertex -6.06165 -57.6727 15.0103
      vertex 0 -57.9904 15.0103
    endloop
  endfacet
  facet normal -0.485267 -0.747266 0.453994
    outer loop
      vertex -34.0859 -46.9152 15.0103
      vertex -34.5049 -47.4919 13.6132
      vertex -29.3516 -50.8384 13.6132
    endloop
  endfacet
  facet normal 0.750671 -0.60787 -0.25882
    outer loop
      vertex 44.3451 -39.9285 -10.635
      vertex 44.0431 -39.6566 -12.1495
      vertex 48.2758 -35.0744 -10.635
    endloop
  endfacet
  facet normal 0.767583 -0.621565 -0.156438
    outer loop
      vertex 44.5276 -40.0929 -9.08634
      vertex 44.3451 -39.9285 -10.635
      vertex 48.2758 -35.0744 -10.635
    endloop
  endfacet
  facet normal 0.837515 -0.543901 0.0523478
    outer loop
      vertex 51.8904 -29.9589 9.08634
      vertex 48.4745 -35.2188 9.08634
      vertex 48.541 -35.2671 7.52056
    endloop
  endfacet
  facet normal 0.828339 -0.537942 0.156438
    outer loop
      vertex 51.8904 -29.9589 9.08634
      vertex 48.2758 -35.0744 10.635
      vertex 48.4745 -35.2188 9.08634
    endloop
  endfacet
  facet normal 0.0404882 -0.255633 -0.965926
    outer loop
      vertex 10.3197 -48.5506 -21.7669
      vertex 5.02977 -47.8551 -22.1727
      vertex 10.0044 -47.0672 -22.1727
    endloop
  endfacet
  facet normal 0.018762 -0.357879 -0.93358
    outer loop
      vertex 5.1883 -49.3633 -21.7669
      vertex 0 -51.1011 -21.205
      vertex 0 -49.6353 -21.7669
    endloop
  endfacet
  facet normal 0.206126 -0.404544 -0.890986
    outer loop
      vertex 21.3537 -47.9611 -20.4931
      vertex 20.7847 -46.6831 -21.205
      vertex 26.25 -45.4663 -20.4931
    endloop
  endfacet
  facet normal 0.247242 -0.485238 -0.838698
    outer loop
      vertex 21.8893 -49.1641 -19.6392
      vertex 21.3537 -47.9611 -20.4931
      vertex 26.25 -45.4663 -20.4931
    endloop
  endfacet
  facet normal 0.342751 -0.527781 -0.777155
    outer loop
      vertex 27.5185 -47.6634 -18.6525
      vertex 26.9084 -46.6067 -19.6392
      vertex 32.3499 -44.5258 -18.6525
    endloop
  endfacet
  facet normal 0.285704 -0.560717 -0.777154
    outer loop
      vertex 27.5185 -47.6634 -18.6525
      vertex 21.8893 -49.1641 -19.6392
      vertex 26.9084 -46.6067 -19.6392
    endloop
  endfacet
  facet normal 0.18302 -0.683024 -0.707094
    outer loop
      vertex 11.6737 -54.9202 -17.5438
      vertex 11.4428 -53.8343 -18.6525
      vertex 17.3504 -53.3991 -17.5438
    endloop
  endfacet
  facet normal 0.225531 -0.587516 -0.777149
    outer loop
      vertex 22.3855 -50.2788 -18.6525
      vertex 17.0074 -52.3433 -18.6525
      vertex 21.8893 -49.1641 -19.6392
    endloop
  endfacet
  facet normal 0.162867 -0.201124 -0.965931
    outer loop
      vertex 29.1749 -40.1558 -21.7669
      vertex 28.2834 -38.9288 -22.1727
      vertex 33.2125 -36.8862 -21.7669
    endloop
  endfacet
  facet normal 0.140957 -0.217059 -0.965928
    outer loop
      vertex 24.8176 -42.9854 -21.7669
      vertex 24.0593 -41.672 -22.1727
      vertex 29.1749 -40.1558 -21.7669
    endloop
  endfacet
  facet normal 0.489076 -0.603962 -0.629313
    outer loop
      vertex 38.2309 -42.4598 -16.3253
      vertex 33.0025 -45.424 -17.5438
      vertex 37.5698 -41.7255 -17.5438
    endloop
  endfacet
  facet normal 0.527791 -0.65177 -0.54464
    outer loop
      vertex 38.8031 -43.0953 -15.0103
      vertex 34.0859 -46.9152 -15.0103
      vertex 38.2309 -42.4598 -16.3253
    endloop
  endfacet
  facet normal 0.380754 -0.747276 -0.544615
    outer loop
      vertex 28.9952 -50.2211 -15.0103
      vertex 23.5868 -52.9768 -15.0103
      vertex 28.5676 -49.4806 -16.3253
    endloop
  endfacet
  facet normal 0.560733 -0.692444 -0.453981
    outer loop
      vertex 39.2801 -43.625 -13.6132
      vertex 34.5049 -47.4919 -13.6132
      vertex 38.8031 -43.0953 -15.0103
    endloop
  endfacet
  facet normal 0.526067 -0.810089 -0.258863
    outer loop
      vertex 29.8361 -51.6777 -10.635
      vertex 29.6329 -51.3257 -12.1495
      vertex 34.8356 -47.9471 -12.1495
    endloop
  endfacet
  facet normal 0.485278 -0.747272 -0.453972
    outer loop
      vertex 29.3516 -50.8384 -13.6132
      vertex 28.9952 -50.2211 -15.0103
      vertex 34.0859 -46.9152 -15.0103
    endloop
  endfacet
  facet normal 0.11062 -0.698416 -0.707091
    outer loop
      vertex 11.6737 -54.9202 -17.5438
      vertex 5.75293 -54.7355 -18.6525
      vertex 11.4428 -53.8343 -18.6525
    endloop
  endfacet
  facet normal 0.0984478 -0.621566 -0.777151
    outer loop
      vertex 11.4428 -53.8343 -18.6525
      vertex 5.75293 -54.7355 -18.6525
      vertex 11.1891 -52.6408 -19.6392
    endloop
  endfacet
  facet normal 0.183018 -0.683045 -0.707075
    outer loop
      vertex 17.3504 -53.3991 -17.5438
      vertex 11.4428 -53.8343 -18.6525
      vertex 17.0074 -52.3433 -18.6525
    endloop
  endfacet
  facet normal 0.253412 -0.660174 -0.707073
    outer loop
      vertex 17.3504 -53.3991 -17.5438
      vertex 17.0074 -52.3433 -18.6525
      vertex 22.8371 -51.293 -17.5438
    endloop
  endfacet
  facet normal 0.121578 -0.767574 -0.629325
    outer loop
      vertex 11.8791 -55.8867 -16.3253
      vertex 5.97226 -56.8223 -16.3253
      vertex 11.6737 -54.9202 -17.5438
    endloop
  endfacet
  facet normal 0.201132 -0.750665 -0.629323
    outer loop
      vertex 11.8791 -55.8867 -16.3253
      vertex 11.6737 -54.9202 -17.5438
      vertex 17.6558 -54.3389 -16.3253
    endloop
  endfacet
  facet normal -0.321015 -0.630035 -0.707111
    outer loop
      vertex -22.8371 -51.293 -17.5438
      vertex -28.0736 -48.6249 -17.5438
      vertex -27.5185 -47.6634 -18.6525
    endloop
  endfacet
  facet normal -0.162706 -0.319321 -0.933574
    outer loop
      vertex -20.7847 -46.6831 -21.205
      vertex -24.8176 -42.9854 -21.7669
      vertex -20.1885 -45.3441 -21.7669
    endloop
  endfacet
  facet normal -0.0710288 -0.448435 -0.890989
    outer loop
      vertex -5.48774 -52.2124 -20.4931
      vertex -10.9154 -51.3527 -20.4931
      vertex -5.34151 -50.8211 -21.205
    endloop
  endfacet
  facet normal -0.162712 -0.423867 -0.890989
    outer loop
      vertex -16.2234 -49.9305 -20.4931
      vertex -21.3537 -47.9611 -20.4931
      vertex -15.7911 -48.6 -21.205
    endloop
  endfacet
  facet normal -0.0187642 -0.0488827 -0.998628
    outer loop
      vertex -14.3903 -44.2887 -22.4179
      vertex -18.9409 -42.5419 -22.4179
      vertex -18.3031 -41.1095 -22.5
    endloop
  endfacet
  facet normal 0.0927515 -0.34615 -0.933583
    outer loop
      vertex 10.6245 -49.9844 -21.205
      vertex 10.3197 -48.5506 -21.7669
      vertex 15.7911 -48.6 -21.205
    endloop
  endfacet
  facet normal -0.0135504 -0.25847 -0.965924
    outer loop
      vertex 0 -49.6353 -21.7669
      vertex -5.1883 -49.3633 -21.7669
      vertex -5.02977 -47.8551 -22.1727
    endloop
  endfacet
  facet normal 0.0560573 -0.35395 -0.933583
    outer loop
      vertex 10.6245 -49.9844 -21.205
      vertex 5.34151 -50.8211 -21.205
      vertex 10.3197 -48.5506 -21.7669
    endloop
  endfacet
  facet normal -0.0404882 -0.255633 -0.965926
    outer loop
      vertex -5.02977 -47.8551 -22.1727
      vertex -10.3197 -48.5506 -21.7669
      vertex -10.0044 -47.0672 -22.1727
    endloop
  endfacet
  facet normal 0.0329528 -0.0406939 -0.998628
    outer loop
      vertex 31.16 -34.6067 -22.4179
      vertex 27.3719 -37.6742 -22.4179
      vertex 30.1109 -33.4415 -22.5
    endloop
  endfacet
  facet normal 0.0329539 -0.0406946 -0.998628
    outer loop
      vertex 27.3719 -37.6742 -22.4179
      vertex 26.4503 -36.4058 -22.5
      vertex 30.1109 -33.4415 -22.5
    endloop
  endfacet
  facet normal 0.117498 -0.230603 -0.965928
    outer loop
      vertex 24.8176 -42.9854 -21.7669
      vertex 19.5716 -43.9586 -22.1727
      vertex 24.0593 -41.672 -22.1727
    endloop
  endfacet
  facet normal 0.0187642 -0.0488827 -0.998628
    outer loop
      vertex 18.9409 -42.5419 -22.4179
      vertex 14.3903 -44.2887 -22.4179
      vertex 18.3031 -41.1095 -22.5
    endloop
  endfacet
  facet normal 0.151055 0.040475 -0.987696
    outer loop
      vertex 47.0672 10.0044 -22.1727
      vertex 45.5503 9.68202 -22.4179
      vertex 45.7636 14.8695 -22.1727
    endloop
  endfacet
  facet normal 0.250001 0.0669876 -0.965926
    outer loop
      vertex 47.0672 10.0044 -22.1727
      vertex 45.7636 14.8695 -22.1727
      vertex 48.5506 10.3197 -21.7669
    endloop
  endfacet
  facet normal 0.456751 -0.296615 -0.838689
    outer loop
      vertex 43.5387 -31.6327 -19.6392
      vertex 42.4734 -30.8587 -20.4931
      vertex 45.4663 -26.25 -20.4931
    endloop
  endfacet
  facet normal 0.456743 -0.296613 -0.838693
    outer loop
      vertex 46.6067 -26.9084 -19.6392
      vertex 43.5387 -31.6327 -19.6392
      vertex 45.4663 -26.25 -20.4931
    endloop
  endfacet
  facet normal 0.560728 -0.285706 -0.777146
    outer loop
      vertex 50.2788 -22.3855 -18.6525
      vertex 47.6634 -27.5185 -18.6525
      vertex 49.1641 -21.8893 -19.6392
    endloop
  endfacet
  facet normal 0.560717 -0.285704 -0.777154
    outer loop
      vertex 47.6634 -27.5185 -18.6525
      vertex 46.6067 -26.9084 -19.6392
      vertex 49.1641 -21.8893 -19.6392
    endloop
  endfacet
  facet normal 0.660146 -0.253411 -0.707099
    outer loop
      vertex 51.293 -22.8371 -17.5438
      vertex 50.2788 -22.3855 -18.6525
      vertex 52.3433 -17.0074 -18.6525
    endloop
  endfacet
  facet normal 0.587516 -0.225531 -0.777149
    outer loop
      vertex 50.2788 -22.3855 -18.6525
      vertex 49.1641 -21.8893 -19.6392
      vertex 52.3433 -17.0074 -18.6525
    endloop
  endfacet
  facet normal 0.543862 -0.0285026 -0.83869
    outer loop
      vertex 53.8168 0 -19.6392
      vertex 52.2124 -5.48774 -20.4931
      vertex 52.5 0 -20.4931
    endloop
  endfacet
  facet normal 0.353952 0.0560581 -0.933582
    outer loop
      vertex 49.3633 5.1883 -21.7669
      vertex 48.5506 10.3197 -21.7669
      vertex 50.8211 5.34151 -21.205
    endloop
  endfacet
  facet normal 0.250004 0.0669896 -0.965925
    outer loop
      vertex 48.5506 10.3197 -21.7669
      vertex 45.7636 14.8695 -22.1727
      vertex 47.2059 15.3381 -21.7669
    endloop
  endfacet
  facet normal 0.241633 0.0927558 -0.965924
    outer loop
      vertex 45.7636 14.8695 -22.1727
      vertex 43.9586 19.5716 -22.1727
      vertex 47.2059 15.3381 -21.7669
    endloop
  endfacet
  facet normal 0.537885 -0.0851969 -0.838702
    outer loop
      vertex 52.6408 -11.1891 -19.6392
      vertex 51.3527 -10.9154 -20.4931
      vertex 52.2124 -5.48774 -20.4931
    endloop
  endfacet
  facet normal 0.526038 -0.140944 -0.8387
    outer loop
      vertex 52.6408 -11.1891 -19.6392
      vertex 49.9305 -16.2234 -20.4931
      vertex 51.3527 -10.9154 -20.4931
    endloop
  endfacet
  facet normal 0.183003 -0.183003 -0.965929
    outer loop
      vertex 33.2125 -36.8862 -21.7669
      vertex 35.7591 -32.1977 -22.1727
      vertex 36.8862 -33.2125 -21.7669
    endloop
  endfacet
  facet normal 0.183003 -0.183003 -0.965929
    outer loop
      vertex 35.7591 -32.1977 -22.1727
      vertex 33.2125 -36.8862 -21.7669
      vertex 32.1977 -35.7591 -22.1727
    endloop
  endfacet
  facet normal 0.110581 -0.110581 -0.987696
    outer loop
      vertex 32.1977 -35.7591 -22.1727
      vertex 34.6067 -31.16 -22.4179
      vertex 35.7591 -32.1977 -22.1727
    endloop
  endfacet
  facet normal 0.110581 -0.110581 -0.987696
    outer loop
      vertex 34.6067 -31.16 -22.4179
      vertex 32.1977 -35.7591 -22.1727
      vertex 31.16 -34.6067 -22.4179
    endloop
  endfacet
  facet normal 0.140953 -0.217046 -0.965931
    outer loop
      vertex 29.1749 -40.1558 -21.7669
      vertex 24.0593 -41.672 -22.1727
      vertex 28.2834 -38.9288 -22.1727
    endloop
  endfacet
  facet normal 0.0851741 -0.131155 -0.987696
    outer loop
      vertex 28.2834 -38.9288 -22.1727
      vertex 24.0593 -41.672 -22.1727
      vertex 27.3719 -37.6742 -22.4179
    endloop
  endfacet
  facet normal 0.964608 -0.0505545 0.258795
    outer loop
      vertex 59.6722 0 10.635
      vertex 58.9412 -6.19497 12.1495
      vertex 59.3453 -6.23744 10.635
    endloop
  endfacet
  facet normal 0.95404 -0.151105 0.258795
    outer loop
      vertex 58.9412 -6.19497 12.1495
      vertex 58.3682 -12.4066 10.635
      vertex 59.3453 -6.23744 10.635
    endloop
  endfacet
  facet normal 0.9646 0.25847 0.0523532
    outer loop
      vertex 58.6889 12.4747 7.52056
      vertex 57.0634 18.541 7.52056
      vertex 58.6085 12.4576 9.08634
    endloop
  endfacet
  facet normal 0.964598 0.258473 0.052368
    outer loop
      vertex 57.0634 18.541 7.52056
      vertex 56.9852 18.5156 9.08634
      vertex 58.6085 12.4576 9.08634
    endloop
  endfacet
  facet normal 0.871546 0.334569 0.358429
    outer loop
      vertex 56.3652 18.3142 12.1495
      vertex 54.142 24.1056 12.1495
      vertex 55.83 18.1403 13.6132
    endloop
  endfacet
  facet normal 0.90175 0.241611 0.358429
    outer loop
      vertex 56.3652 18.3142 12.1495
      vertex 55.83 18.1403 13.6132
      vertex 57.9707 12.3221 12.1495
    endloop
  endfacet
  facet normal 0.901773 0.24164 0.358351
    outer loop
      vertex 57.9707 12.3221 12.1495
      vertex 55.83 18.1403 13.6132
      vertex 57.4204 12.2051 13.6132
    endloop
  endfacet
  facet normal 0.880046 0.139378 0.453975
    outer loop
      vertex 58.3816 6.13615 13.6132
      vertex 56.7232 12.0569 15.0103
      vertex 57.6727 6.06165 15.0103
    endloop
  endfacet
  facet normal 0.767574 -0.121578 -0.629325
    outer loop
      vertex 55.8867 -11.8791 -16.3253
      vertex 54.9202 -11.6737 -17.5438
      vertex 56.8223 -5.97226 -16.3253
    endloop
  endfacet
  facet normal 0.828331 -0.131202 -0.544659
    outer loop
      vertex 56.7232 -12.0569 -15.0103
      vertex 55.8867 -11.8791 -16.3253
      vertex 56.8223 -5.97226 -16.3253
    endloop
  endfacet
  facet normal 0.319312 -0.83183 -0.453981
    outer loop
      vertex 23.8767 -53.628 -13.6132
      vertex 17.92 -55.1521 -15.0103
      vertex 23.5868 -52.9768 -15.0103
    endloop
  endfacet
  facet normal 0.423833 -0.83182 -0.358387
    outer loop
      vertex 24.1056 -54.142 -12.1495
      vertex 23.8767 -53.628 -13.6132
      vertex 29.3516 -50.8384 -13.6132
    endloop
  endfacet
  facet normal -0.278487 -0.7255 -0.62936
    outer loop
      vertex -17.6558 -54.3389 -16.3253
      vertex -22.8371 -51.293 -17.5438
      vertex -17.3504 -53.3991 -17.5438
    endloop
  endfacet
  facet normal -0.201136 -0.750634 -0.629358
    outer loop
      vertex -11.6737 -54.9202 -17.5438
      vertex -17.6558 -54.3389 -16.3253
      vertex -17.3504 -53.3991 -17.5438
    endloop
  endfacet
  facet normal -0.0438945 -0.837538 -0.544613
    outer loop
      vertex 0 -57.1353 -16.3253
      vertex -6.06165 -57.6727 -15.0103
      vertex -5.97226 -56.8223 -16.3253
    endloop
  endfacet
  facet normal -0.131192 -0.828363 -0.544614
    outer loop
      vertex -6.06165 -57.6727 -15.0103
      vertex -12.0569 -56.7232 -15.0103
      vertex -5.97226 -56.8223 -16.3253
    endloop
  endfacet
  facet normal -0.241611 -0.90175 -0.358429
    outer loop
      vertex -12.3221 -57.9707 -12.1495
      vertex -18.3142 -56.3652 -12.1495
      vertex -18.1403 -55.83 -13.6132
    endloop
  endfacet
  facet normal -0.24164 -0.901773 -0.358351
    outer loop
      vertex -12.3221 -57.9707 -12.1495
      vertex -18.1403 -55.83 -13.6132
      vertex -12.2051 -57.4204 -13.6132
    endloop
  endfacet
  facet normal -0.225514 -0.587497 -0.777168
    outer loop
      vertex -17.0074 -52.3433 -18.6525
      vertex -21.8893 -49.1641 -19.6392
      vertex -16.6303 -51.1828 -19.6392
    endloop
  endfacet
  facet normal -0.195172 -0.508451 -0.83868
    outer loop
      vertex -16.6303 -51.1828 -19.6392
      vertex -21.8893 -49.1641 -19.6392
      vertex -16.2234 -49.9305 -20.4931
    endloop
  endfacet
  facet normal -0.767574 -0.121578 -0.629325
    outer loop
      vertex -55.8867 -11.8791 -16.3253
      vertex -56.8223 -5.97226 -16.3253
      vertex -54.9202 -11.6737 -17.5438
    endloop
  endfacet
  facet normal -0.319321 0.162706 -0.933574
    outer loop
      vertex -45.3441 20.1885 -21.7669
      vertex -46.6831 20.7847 -21.205
      vertex -42.9854 24.8176 -21.7669
    endloop
  endfacet
  facet normal -0.230596 0.117497 -0.96593
    outer loop
      vertex -43.9586 19.5716 -22.1727
      vertex -45.3441 20.1885 -21.7669
      vertex -42.9854 24.8176 -21.7669
    endloop
  endfacet
  facet normal -0.151053 0.0404751 -0.987697
    outer loop
      vertex -45.5503 9.68202 -22.4179
      vertex -45.7636 14.8695 -22.1727
      vertex -44.2887 14.3903 -22.4179
    endloop
  endfacet
  facet normal -0.35395 -0.0560573 -0.933583
    outer loop
      vertex -49.9844 -10.6245 -21.205
      vertex -50.8211 -5.34151 -21.205
      vertex -48.5506 -10.3197 -21.7669
    endloop
  endfacet
  facet normal -0.0406946 0.0329539 -0.998628
    outer loop
      vertex -36.4058 26.4503 -22.5
      vertex -37.6742 27.3719 -22.4179
      vertex -33.4415 30.1109 -22.5
    endloop
  endfacet
  facet normal -0.253407 0.253407 -0.933579
    outer loop
      vertex -36.8862 33.2125 -21.7669
      vertex -34.1933 37.9755 -21.205
      vertex -33.2125 36.8862 -21.7669
    endloop
  endfacet
  facet normal -0.253407 0.253407 -0.933579
    outer loop
      vertex -34.1933 37.9755 -21.205
      vertex -36.8862 33.2125 -21.7669
      vertex -37.9755 34.1933 -21.205
    endloop
  endfacet
  facet normal -0.692448 0.352816 -0.629314
    outer loop
      vertex -48.6249 28.0736 -17.5438
      vertex -51.293 22.8371 -17.5438
      vertex -49.4806 28.5676 -16.3253
    endloop
  endfacet
  facet normal -0.593024 0.385121 -0.70711
    outer loop
      vertex -47.6634 27.5185 -18.6525
      vertex -48.6249 28.0736 -17.5438
      vertex -44.5258 32.3499 -18.6525
    endloop
  endfacet
  facet normal -0.560717 0.285704 -0.777154
    outer loop
      vertex -46.6067 26.9084 -19.6392
      vertex -49.1641 21.8893 -19.6392
      vertex -47.6634 27.5185 -18.6525
    endloop
  endfacet
  facet normal -0.508422 0.195171 -0.838699
    outer loop
      vertex -47.9611 21.3537 -20.4931
      vertex -49.9305 16.2234 -20.4931
      vertex -49.1641 21.8893 -19.6392
    endloop
  endfacet
  facet normal -0.508451 0.195172 -0.83868
    outer loop
      vertex -49.9305 16.2234 -20.4931
      vertex -51.1828 16.6303 -19.6392
      vertex -49.1641 21.8893 -19.6392
    endloop
  endfacet
  facet normal -0.725513 0.2785 -0.629339
    outer loop
      vertex -51.293 22.8371 -17.5438
      vertex -54.3389 17.6558 -16.3253
      vertex -52.1957 23.239 -16.3253
    endloop
  endfacet
  facet normal -0.201124 0.162867 -0.965931
    outer loop
      vertex -38.9288 28.2834 -22.1727
      vertex -40.1558 29.1749 -21.7669
      vertex -36.8862 33.2125 -21.7669
    endloop
  endfacet
  facet normal -0.300572 0.19519 -0.933572
    outer loop
      vertex -40.1558 29.1749 -21.7669
      vertex -42.9854 24.8176 -21.7669
      vertex -41.3416 30.0364 -21.205
    endloop
  endfacet
  facet normal -0.45342 -0.0237681 0.89098
    outer loop
      vertex -51.1011 0 21.205
      vertex -52.5 0 20.4931
      vertex -50.8211 -5.34151 21.205
    endloop
  endfacet
  facet normal -0.628446 -0.0329339 0.777156
    outer loop
      vertex -53.8168 0 19.6392
      vertex -54.7355 -5.75293 18.6525
      vertex -53.522 -5.62539 19.6392
    endloop
  endfacet
  facet normal -0.380775 -0.247276 0.890991
    outer loop
      vertex -41.3416 -30.0364 21.205
      vertex -45.4663 -26.25 20.4931
      vertex -42.4734 -30.8587 20.4931
    endloop
  endfacet
  facet normal -0.346148 -0.0927516 0.933584
    outer loop
      vertex -48.5506 -10.3197 21.7669
      vertex -48.6 -15.7911 21.205
      vertex -47.2059 -15.3381 21.7669
    endloop
  endfacet
  facet normal -0.353952 -0.0560581 0.933582
    outer loop
      vertex -49.3633 -5.1883 21.7669
      vertex -50.8211 -5.34151 21.205
      vertex -48.5506 -10.3197 21.7669
    endloop
  endfacet
  facet normal -0.357872 -0.0187595 0.933582
    outer loop
      vertex -49.3633 -5.1883 21.7669
      vertex -51.1011 0 21.205
      vertex -50.8211 -5.34151 21.205
    endloop
  endfacet
  facet normal -0.629319 -0.777147 0
    outer loop
      vertex -40.1478 -44.5887 -7.52056
      vertex -35.2671 -48.541 7.52056
      vertex -40.1478 -44.5887 7.52056
    endloop
  endfacet
  facet normal -0.629319 -0.777147 -0
    outer loop
      vertex -35.2671 -48.541 7.52056
      vertex -40.1478 -44.5887 -7.52056
      vertex -35.2671 -48.541 -7.52056
    endloop
  endfacet
  facet normal -0.526099 -0.810096 -0.258773
    outer loop
      vertex -29.8361 -51.6777 -10.635
      vertex -35.0744 -48.2758 -10.635
      vertex -34.8356 -47.9471 -12.1495
    endloop
  endfacet
  facet normal -0.66014 -0.66014 -0.358371
    outer loop
      vertex -39.2801 -43.625 -13.6132
      vertex -44.0431 -39.6566 -12.1495
      vertex -43.625 -39.2801 -13.6132
    endloop
  endfacet
  facet normal -0.66014 -0.66014 -0.358371
    outer loop
      vertex -44.0431 -39.6566 -12.1495
      vertex -39.2801 -43.625 -13.6132
      vertex -39.6566 -44.0431 -12.1495
    endloop
  endfacet
  facet normal -0.60787 -0.750671 0.25882
    outer loop
      vertex -39.6566 -44.0431 12.1495
      vertex -39.9285 -44.3451 10.635
      vertex -35.0744 -48.2758 10.635
    endloop
  endfacet
  facet normal 0.0984156 0.121535 -0.987696
    outer loop
      vertex 32.1977 35.7591 -22.1727
      vertex 27.3719 37.6742 -22.4179
      vertex 28.2834 38.9288 -22.1727
    endloop
  endfacet
  facet normal -0.247242 -0.485238 -0.838698
    outer loop
      vertex -21.8893 -49.1641 -19.6392
      vertex -26.25 -45.4663 -20.4931
      vertex -21.3537 -47.9611 -20.4931
    endloop
  endfacet
  facet normal -0.448399 -0.880036 -0.156442
    outer loop
      vertex -24.3708 -54.7377 -9.08634
      vertex -29.8361 -51.6777 -10.635
      vertex -24.2709 -54.5133 -10.635
    endloop
  endfacet
  facet normal -0.767566 -0.121574 -0.629334
    outer loop
      vertex -54.9202 -11.6737 -17.5438
      vertex -56.8223 -5.97226 -16.3253
      vertex -55.8396 -5.86898 -17.5438
    endloop
  endfacet
  facet normal -0.837538 -0.0438945 -0.544613
    outer loop
      vertex -56.8223 -5.97226 -16.3253
      vertex -57.6727 -6.06165 -15.0103
      vertex -57.1353 0 -16.3253
    endloop
  endfacet
  facet normal -0.889787 -0.453369 -0.0523045
    outer loop
      vertex -51.9615 -30 -7.52056
      vertex -54.8127 -24.4042 -7.52056
      vertex -51.8904 -29.9589 -9.08634
    endloop
  endfacet
  facet normal -0.750634 -0.201136 -0.629358
    outer loop
      vertex -54.3389 -17.6558 -16.3253
      vertex -54.9202 -11.6737 -17.5438
      vertex -53.3991 -17.3504 -17.5438
    endloop
  endfacet
  facet normal -0.975526 -0.154508 0.156451
    outer loop
      vertex -59.3453 -6.23744 10.635
      vertex -59.5896 -6.26312 9.08634
      vertex -58.3682 -12.4066 10.635
    endloop
  endfacet
  facet normal -0.9646 -0.25847 0.0523532
    outer loop
      vertex -58.6085 -12.4576 9.08634
      vertex -58.6889 -12.4747 7.52056
      vertex -57.0634 -18.541 7.52056
    endloop
  endfacet
  facet normal -0.621565 -0.767583 0.156438
    outer loop
      vertex -39.9285 -44.3451 10.635
      vertex -40.0929 -44.5276 9.08634
      vertex -35.0744 -48.2758 10.635
    endloop
  endfacet
  facet normal -0.782971 -0.508453 0.358375
    outer loop
      vertex -47.4919 -34.5049 13.6132
      vertex -50.8384 -29.3516 13.6132
      vertex -47.9471 -34.8356 12.1495
    endloop
  endfacet
  facet normal -0.810119 -0.217083 0.544594
    outer loop
      vertex -54.3389 -17.6558 16.3253
      vertex -56.7232 -12.0569 15.0103
      vertex -55.1521 -17.92 15.0103
    endloop
  endfacet
  facet normal -0.964598 -0.258473 0.052368
    outer loop
      vertex -56.9852 -18.5156 9.08634
      vertex -58.6085 -12.4576 9.08634
      vertex -57.0634 -18.541 7.52056
    endloop
  endfacet
  facet normal -0.630042 -0.321023 -0.707101
    outer loop
      vertex -47.6634 -27.5185 -18.6525
      vertex -51.293 -22.8371 -17.5438
      vertex -50.2788 -22.3855 -18.6525
    endloop
  endfacet
  facet normal -0.932305 -0.357862 0.0523675
    outer loop
      vertex -56.9852 -18.5156 9.08634
      vertex -57.0634 -18.541 7.52056
      vertex -54.7377 -24.3708 9.08634
    endloop
  endfacet
  facet normal -0.965924 -0.258825 0
    outer loop
      vertex -57.0634 -18.541 -7.52056
      vertex -58.6889 -12.4747 7.52056
      vertex -58.6889 -12.4747 -7.52056
    endloop
  endfacet
  facet normal -0.965924 -0.258825 0
    outer loop
      vertex -58.6889 -12.4747 7.52056
      vertex -57.0634 -18.541 -7.52056
      vertex -57.0634 -18.541 7.52056
    endloop
  endfacet
  facet normal -0.889794 -0.0466354 0.453973
    outer loop
      vertex -57.9904 0 15.0103
      vertex -58.7032 0 13.6132
      vertex -57.6727 -6.06165 15.0103
    endloop
  endfacet
  facet normal -0.537899 -0.0851944 0.838693
    outer loop
      vertex -52.2124 -5.48774 20.4931
      vertex -53.522 -5.62539 19.6392
      vertex -52.6408 -11.1891 19.6392
    endloop
  endfacet
  facet normal -0.543858 -0.028501 0.838693
    outer loop
      vertex -52.2124 -5.48774 20.4931
      vertex -53.8168 0 19.6392
      vertex -53.522 -5.62539 19.6392
    endloop
  endfacet
  facet normal -0.660146 0.253411 0.707099
    outer loop
      vertex -51.293 22.8371 17.5438
      vertex -52.3433 17.0074 18.6525
      vertex -50.2788 22.3855 18.6525
    endloop
  endfacet
  facet normal -0.607871 0.162875 0.777152
    outer loop
      vertex -52.3433 17.0074 18.6525
      vertex -53.8343 11.4428 18.6525
      vertex -52.6408 11.1891 19.6392
    endloop
  endfacet
  facet normal -0.698416 0.11062 0.707091
    outer loop
      vertex -53.8343 11.4428 18.6525
      vertex -54.9202 11.6737 17.5438
      vertex -54.7355 5.75293 18.6525
    endloop
  endfacet
  facet normal -0.93229 0.048862 0.358396
    outer loop
      vertex -58.3816 6.13615 13.6132
      vertex -58.9412 6.19497 12.1495
      vertex -58.7032 0 13.6132
    endloop
  endfacet
  facet normal -0.828363 0.131192 0.544614
    outer loop
      vertex -56.7232 12.0569 15.0103
      vertex -57.6727 6.06165 15.0103
      vertex -56.8223 5.97226 16.3253
    endloop
  endfacet
  facet normal -0.964597 -0.0505423 -0.258839
    outer loop
      vertex -58.9412 -6.19497 -12.1495
      vertex -59.6722 0 -10.635
      vertex -59.2658 0 -12.1495
    endloop
  endfacet
  facet normal -0.954032 -0.255638 -0.156435
    outer loop
      vertex -56.9852 -18.5156 -9.08634
      vertex -58.3682 -12.4066 -10.635
      vertex -56.7516 -18.4397 -10.635
    endloop
  endfacet
  facet normal -0.828339 0.537947 -0.156424
    outer loop
      vertex -51.6777 29.8361 -10.635
      vertex -51.8904 29.9589 -9.08634
      vertex -48.2758 35.0744 -10.635
    endloop
  endfacet
  facet normal -0.880037 0.448404 -0.156424
    outer loop
      vertex -51.6777 29.8361 -10.635
      vertex -54.7377 24.3708 -9.08634
      vertex -51.8904 29.9589 -9.08634
    endloop
  endfacet
  facet normal -0.932302 0.357882 0.0522908
    outer loop
      vertex -54.8127 24.4042 7.52056
      vertex -57.0634 18.541 7.52056
      vertex -54.7377 24.3708 9.08634
    endloop
  endfacet
  facet normal -0.776086 0.628451 -0.052347
    outer loop
      vertex -48.4745 35.2188 -9.08634
      vertex -48.541 35.2671 -7.52056
      vertex -44.5276 40.0929 -9.08634
    endloop
  endfacet
  facet normal -0.767583 0.621565 -0.15644
    outer loop
      vertex -48.2758 35.0744 -10.635
      vertex -48.4745 35.2188 -9.08634
      vertex -44.5276 40.0929 -9.08634
    endloop
  endfacet
  facet normal -0.83182 0.423833 -0.358386
    outer loop
      vertex -50.8384 29.3516 -13.6132
      vertex -54.142 24.1056 -12.1495
      vertex -51.3257 29.6329 -12.1495
    endloop
  endfacet
  facet normal -0.810089 0.526067 -0.258863
    outer loop
      vertex -51.3257 29.6329 -12.1495
      vertex -51.6777 29.8361 -10.635
      vertex -47.9471 34.8356 -12.1495
    endloop
  endfacet
  facet normal -0.932305 0.357862 -0.0523675
    outer loop
      vertex -56.9852 18.5156 -9.08634
      vertex -57.0634 18.541 -7.52056
      vertex -54.7377 24.3708 -9.08634
    endloop
  endfacet
  facet normal -0.698416 0.11062 -0.707091
    outer loop
      vertex -54.7355 5.75293 -18.6525
      vertex -54.9202 11.6737 -17.5438
      vertex -53.8343 11.4428 -18.6525
    endloop
  endfacet
  facet normal -0.964598 0.258473 0.052368
    outer loop
      vertex -57.0634 18.541 7.52056
      vertex -58.6085 12.4576 9.08634
      vertex -56.9852 18.5156 9.08634
    endloop
  endfacet
  facet normal -0.932305 0.357862 0.0523675
    outer loop
      vertex -54.7377 24.3708 9.08634
      vertex -57.0634 18.541 7.52056
      vertex -56.9852 18.5156 9.08634
    endloop
  endfacet
  facet normal -0.922092 0.353942 -0.156435
    outer loop
      vertex -56.7516 18.4397 -10.635
      vertex -56.9852 18.5156 -9.08634
      vertex -54.7377 24.3708 -9.08634
    endloop
  endfacet
  facet normal -0.901764 0.346141 -0.258859
    outer loop
      vertex -54.142 24.1056 -12.1495
      vertex -56.7516 18.4397 -10.635
      vertex -54.5133 24.2709 -10.635
    endloop
  endfacet
  facet normal -0.593029 0.593029 -0.54464
    outer loop
      vertex -38.2309 42.4598 -16.3253
      vertex -43.0953 38.8031 -15.0103
      vertex -38.8031 43.0953 -15.0103
    endloop
  endfacet
  facet normal -0.593029 0.593029 -0.54464
    outer loop
      vertex -43.0953 38.8031 -15.0103
      vertex -38.2309 42.4598 -16.3253
      vertex -42.4598 38.2309 -16.3253
    endloop
  endfacet
  facet normal -0.526099 0.810096 -0.258773
    outer loop
      vertex -34.8356 47.9471 -12.1495
      vertex -35.0744 48.2758 -10.635
      vertex -29.8361 51.6777 -10.635
    endloop
  endfacet
  facet normal -0.404511 0.793898 -0.453979
    outer loop
      vertex -23.5868 52.9768 -15.0103
      vertex -29.3516 50.8384 -13.6132
      vertex -23.8767 53.628 -13.6132
    endloop
  endfacet
  facet normal -0.587523 0.725524 -0.358374
    outer loop
      vertex -34.5049 47.4919 -13.6132
      vertex -39.6566 44.0431 -12.1495
      vertex -34.8356 47.9471 -12.1495
    endloop
  endfacet
  facet normal -0.508453 0.782966 -0.358384
    outer loop
      vertex -29.3516 50.8384 -13.6132
      vertex -34.8356 47.9471 -12.1495
      vertex -29.6329 51.3257 -12.1495
    endloop
  endfacet
  facet normal -0.380768 0.747287 0.544591
    outer loop
      vertex -23.5868 52.9768 15.0103
      vertex -28.5676 49.4806 16.3253
      vertex -23.239 52.1957 16.3253
    endloop
  endfacet
  facet normal -0.25847 0.9646 -0.0523532
    outer loop
      vertex -12.4576 58.6085 -9.08634
      vertex -18.541 57.0634 -7.52056
      vertex -12.4747 58.6889 -7.52056
    endloop
  endfacet
  facet normal -0.453372 0.889786 -0.0522912
    outer loop
      vertex -24.3708 54.7377 -9.08634
      vertex -29.9589 51.8904 -9.08634
      vertex -24.4042 54.8127 -7.52056
    endloop
  endfacet
  facet normal -0.156219 0.986336 -0.0523225
    outer loop
      vertex -6.26312 59.5896 -9.08634
      vertex -12.4576 58.6085 -9.08634
      vertex -6.27171 59.6713 -7.52056
    endloop
  endfacet
  facet normal -0.154507 0.975525 -0.156457
    outer loop
      vertex -12.4066 58.3682 -10.635
      vertex -12.4576 58.6085 -9.08634
      vertex -6.26312 59.5896 -9.08634
    endloop
  endfacet
  facet normal -0.151112 0.95403 -0.258829
    outer loop
      vertex -12.3221 57.9707 -12.1495
      vertex -12.4066 58.3682 -10.635
      vertex -6.19497 58.9412 -12.1495
    endloop
  endfacet
  facet normal -0.0466347 0.889793 -0.453975
    outer loop
      vertex -6.06165 57.6727 -15.0103
      vertex -6.13615 58.3816 -13.6132
      vertex 0 58.7032 -13.6132
    endloop
  endfacet
  facet normal -0.048862 0.93229 -0.358396
    outer loop
      vertex -6.13615 58.3816 -13.6132
      vertex -6.19497 58.9412 -12.1495
      vertex 0 58.7032 -13.6132
    endloop
  endfacet
  facet normal -0.0488505 0.932308 -0.35835
    outer loop
      vertex 0 58.7032 -13.6132
      vertex -6.19497 58.9412 -12.1495
      vertex 0 59.2658 -12.1495
    endloop
  endfacet
  facet normal 0.154508 0.975526 -0.156451
    outer loop
      vertex 12.4066 58.3682 -10.635
      vertex 6.23744 59.3453 -10.635
      vertex 6.26312 59.5896 -9.08634
    endloop
  endfacet
  facet normal 0.0505423 0.964597 -0.258839
    outer loop
      vertex 6.19497 58.9412 -12.1495
      vertex 0 59.2658 -12.1495
      vertex 0 59.6722 -10.635
    endloop
  endfacet
  facet normal -0.230624 0.860653 -0.453971
    outer loop
      vertex -17.92 55.1521 -15.0103
      vertex -18.1403 55.83 -13.6132
      vertex -12.0569 56.7232 -15.0103
    endloop
  endfacet
  facet normal -0.217083 0.810119 -0.544594
    outer loop
      vertex -17.6558 54.3389 -16.3253
      vertex -17.92 55.1521 -15.0103
      vertex -12.0569 56.7232 -15.0103
    endloop
  endfacet
  facet normal -0.2785 0.725513 -0.629339
    outer loop
      vertex -22.8371 51.293 -17.5438
      vertex -23.239 52.1957 -16.3253
      vertex -17.6558 54.3389 -16.3253
    endloop
  endfacet
  facet normal -0.352814 0.692426 -0.629339
    outer loop
      vertex -22.8371 51.293 -17.5438
      vertex -28.5676 49.4806 -16.3253
      vertex -23.239 52.1957 -16.3253
    endloop
  endfacet
  facet normal -0.253411 0.660146 -0.707099
    outer loop
      vertex -22.3855 50.2788 -18.6525
      vertex -22.8371 51.293 -17.5438
      vertex -17.0074 52.3433 -18.6525
    endloop
  endfacet
  facet normal -0.195172 0.508451 -0.83868
    outer loop
      vertex -16.2234 49.9305 -20.4931
      vertex -21.8893 49.1641 -19.6392
      vertex -16.6303 51.1828 -19.6392
    endloop
  endfacet
  facet normal -0.162712 0.423867 -0.890989
    outer loop
      vertex -15.7911 48.6 -21.205
      vertex -21.3537 47.9611 -20.4931
      vertex -16.2234 49.9305 -20.4931
    endloop
  endfacet
  facet normal -0.247276 0.380775 -0.890991
    outer loop
      vertex -30.0364 41.3416 -21.205
      vertex -30.8587 42.4734 -20.4931
      vertex -26.25 45.4663 -20.4931
    endloop
  endfacet
  facet normal 0.543894 0.837522 -0.0523074
    outer loop
      vertex 35.2671 48.541 -7.52056
      vertex 29.9589 51.8904 -9.08634
      vertex 30 51.9615 -7.52056
    endloop
  endfacet
  facet normal 0.629319 0.777147 -0
    outer loop
      vertex 40.1478 44.5887 -7.52056
      vertex 35.2671 48.541 7.52056
      vertex 40.1478 44.5887 7.52056
    endloop
  endfacet
  facet normal 0.629319 0.777147 0
    outer loop
      vertex 35.2671 48.541 7.52056
      vertex 40.1478 44.5887 -7.52056
      vertex 35.2671 48.541 -7.52056
    endloop
  endfacet
  facet normal 0.537942 0.828339 0.156438
    outer loop
      vertex 35.2188 48.4745 9.08634
      vertex 29.9589 51.8904 9.08634
      vertex 35.0744 48.2758 10.635
    endloop
  endfacet
  facet normal 0.357882 0.932302 0.0522908
    outer loop
      vertex 24.4042 54.8127 7.52056
      vertex 18.541 57.0634 7.52056
      vertex 24.3708 54.7377 9.08634
    endloop
  endfacet
  facet normal -0.0237681 0.45342 -0.89098
    outer loop
      vertex 0 51.1011 -21.205
      vertex -5.34151 50.8211 -21.205
      vertex 0 52.5 -20.4931
    endloop
  endfacet
  facet normal -0.296615 0.456751 -0.838689
    outer loop
      vertex -30.8587 42.4734 -20.4931
      vertex -31.6327 43.5387 -19.6392
      vertex -26.25 45.4663 -20.4931
    endloop
  endfacet
  facet normal -0.342732 0.423244 -0.838689
    outer loop
      vertex -30.8587 42.4734 -20.4931
      vertex -35.1294 39.0151 -20.4931
      vertex -31.6327 43.5387 -19.6392
    endloop
  endfacet
  facet normal -0.117517 0.438575 -0.890978
    outer loop
      vertex -10.6245 49.9844 -21.205
      vertex -15.7911 48.6 -21.205
      vertex -10.9154 51.3527 -20.4931
    endloop
  endfacet
  facet normal -0.247285 0.380782 -0.890986
    outer loop
      vertex -25.5505 44.2548 -21.205
      vertex -30.0364 41.3416 -21.205
      vertex -26.25 45.4663 -20.4931
    endloop
  endfacet
  facet normal 0.319312 0.83183 -0.453981
    outer loop
      vertex 23.5868 52.9768 -15.0103
      vertex 17.92 55.1521 -15.0103
      vertex 23.8767 53.628 -13.6132
    endloop
  endfacet
  facet normal 0.385121 0.593024 -0.70711
    outer loop
      vertex 32.3499 44.5258 -18.6525
      vertex 27.5185 47.6634 -18.6525
      vertex 28.0736 48.6249 -17.5438
    endloop
  endfacet
  facet normal 0.489076 0.603962 -0.629313
    outer loop
      vertex 37.5698 41.7255 -17.5438
      vertex 33.0025 45.424 -17.5438
      vertex 38.2309 42.4598 -16.3253
    endloop
  endfacet
  facet normal 0.527791 0.65177 -0.54464
    outer loop
      vertex 38.2309 42.4598 -16.3253
      vertex 34.0859 46.9152 -15.0103
      vertex 38.8031 43.0953 -15.0103
    endloop
  endfacet
  facet normal 0.140957 0.217059 -0.965928
    outer loop
      vertex 29.1749 40.1558 -21.7669
      vertex 24.0593 41.672 -22.1727
      vertex 24.8176 42.9854 -21.7669
    endloop
  endfacet
  facet normal 0.247276 0.380775 -0.890991
    outer loop
      vertex 30.0364 41.3416 -21.205
      vertex 26.25 45.4663 -20.4931
      vertex 30.8587 42.4734 -20.4931
    endloop
  endfacet
  facet normal -0.201136 0.750634 -0.629358
    outer loop
      vertex -17.3504 53.3991 -17.5438
      vertex -17.6558 54.3389 -16.3253
      vertex -11.6737 54.9202 -17.5438
    endloop
  endfacet
  facet normal -0.18302 0.683024 -0.707094
    outer loop
      vertex -11.4428 53.8343 -18.6525
      vertex -17.3504 53.3991 -17.5438
      vertex -11.6737 54.9202 -17.5438
    endloop
  endfacet
  facet normal -0.028501 0.543858 -0.838693
    outer loop
      vertex -5.48774 52.2124 -20.4931
      vertex -5.62539 53.522 -19.6392
      vertex 0 53.8168 -19.6392
    endloop
  endfacet
  facet normal -0.0329354 0.628441 -0.77716
    outer loop
      vertex 0 53.8168 -19.6392
      vertex -5.75293 54.7355 -18.6525
      vertex 0 55.037 -18.6525
    endloop
  endfacet
  facet normal -0.140944 0.526038 -0.8387
    outer loop
      vertex -10.9154 51.3527 -20.4931
      vertex -16.2234 49.9305 -20.4931
      vertex -11.1891 52.6408 -19.6392
    endloop
  endfacet
  facet normal -0.0851969 0.537885 -0.838702
    outer loop
      vertex -10.9154 51.3527 -20.4931
      vertex -11.1891 52.6408 -19.6392
      vertex -5.48774 52.2124 -20.4931
    endloop
  endfacet
  facet normal 0.18302 0.683024 -0.707094
    outer loop
      vertex 17.3504 53.3991 -17.5438
      vertex 11.4428 53.8343 -18.6525
      vertex 11.6737 54.9202 -17.5438
    endloop
  endfacet
  facet normal 0.183018 0.683045 -0.707075
    outer loop
      vertex 17.0074 52.3433 -18.6525
      vertex 11.4428 53.8343 -18.6525
      vertex 17.3504 53.3991 -17.5438
    endloop
  endfacet
  facet normal 0.121578 0.767574 -0.629325
    outer loop
      vertex 11.6737 54.9202 -17.5438
      vertex 5.97226 56.8223 -16.3253
      vertex 11.8791 55.8867 -16.3253
    endloop
  endfacet
  facet normal 0.121574 0.767566 -0.629334
    outer loop
      vertex 11.6737 54.9202 -17.5438
      vertex 5.86898 55.8396 -17.5438
      vertex 5.97226 56.8223 -16.3253
    endloop
  endfacet
  facet normal 0.0710288 0.448435 -0.890989
    outer loop
      vertex 10.9154 51.3527 -20.4931
      vertex 5.34151 50.8211 -21.205
      vertex 5.48774 52.2124 -20.4931
    endloop
  endfacet
  facet normal -0.0237618 0.453403 -0.890989
    outer loop
      vertex -5.34151 50.8211 -21.205
      vertex -5.48774 52.2124 -20.4931
      vertex 0 52.5 -20.4931
    endloop
  endfacet
  facet normal -0.0329339 0.628446 -0.777156
    outer loop
      vertex -5.62539 53.522 -19.6392
      vertex -5.75293 54.7355 -18.6525
      vertex 0 53.8168 -19.6392
    endloop
  endfacet
  facet normal 0.0984478 0.621566 -0.777151
    outer loop
      vertex 11.1891 52.6408 -19.6392
      vertex 5.75293 54.7355 -18.6525
      vertex 11.4428 53.8343 -18.6525
    endloop
  endfacet
  facet normal 0.0851969 0.537885 -0.838702
    outer loop
      vertex 10.9154 51.3527 -20.4931
      vertex 5.48774 52.2124 -20.4931
      vertex 11.1891 52.6408 -19.6392
    endloop
  endfacet
  facet normal 0.140944 0.526038 -0.8387
    outer loop
      vertex 16.2234 49.9305 -20.4931
      vertex 10.9154 51.3527 -20.4931
      vertex 11.1891 52.6408 -19.6392
    endloop
  endfacet
  facet normal 0.230624 0.860653 -0.453971
    outer loop
      vertex 17.92 55.1521 -15.0103
      vertex 12.0569 56.7232 -15.0103
      vertex 18.1403 55.83 -13.6132
    endloop
  endfacet
  facet normal 0.0466347 0.889793 -0.453975
    outer loop
      vertex 6.06165 57.6727 -15.0103
      vertex 0 58.7032 -13.6132
      vertex 6.13615 58.3816 -13.6132
    endloop
  endfacet
  facet normal 0.250009 0.933026 -0.258763
    outer loop
      vertex 18.3142 56.3652 -12.1495
      vertex 12.4066 58.3682 -10.635
      vertex 18.4397 56.7516 -10.635
    endloop
  endfacet
  facet normal 0.146054 0.922092 -0.358349
    outer loop
      vertex 12.2051 57.4204 -13.6132
      vertex 6.19497 58.9412 -12.1495
      vertex 12.3221 57.9707 -12.1495
    endloop
  endfacet
  facet normal 0.225514 0.587497 -0.777168
    outer loop
      vertex 21.8893 49.1641 -19.6392
      vertex 16.6303 51.1828 -19.6392
      vertex 17.0074 52.3433 -18.6525
    endloop
  endfacet
  facet normal 0.195172 0.508451 -0.83868
    outer loop
      vertex 21.8893 49.1641 -19.6392
      vertex 16.2234 49.9305 -20.4931
      vertex 16.6303 51.1828 -19.6392
    endloop
  endfacet
  facet normal 0.040475 0.151055 -0.987696
    outer loop
      vertex 14.8695 45.7636 -22.1727
      vertex 9.68202 45.5503 -22.4179
      vertex 10.0044 47.0672 -22.1727
    endloop
  endfacet
  facet normal 0.285722 0.352842 -0.890991
    outer loop
      vertex 35.1294 39.0151 -20.4931
      vertex 30.0364 41.3416 -21.205
      vertex 30.8587 42.4734 -20.4931
    endloop
  endfacet
  facet normal 0.0851741 0.131155 -0.987696
    outer loop
      vertex 27.3719 37.6742 -22.4179
      vertex 24.0593 41.672 -22.1727
      vertex 28.2834 38.9288 -22.1727
    endloop
  endfacet
  facet normal -0.0135522 0.0505776 -0.998628
    outer loop
      vertex -13.9058 42.7975 -22.5
      vertex -14.3903 44.2887 -22.4179
      vertex -9.35603 44.0166 -22.5
    endloop
  endfacet
  facet normal 0.24164 0.901773 -0.358351
    outer loop
      vertex 18.1403 55.83 -13.6132
      vertex 12.2051 57.4204 -13.6132
      vertex 12.3221 57.9707 -12.1495
    endloop
  endfacet
  facet normal 0.230623 0.860658 -0.453961
    outer loop
      vertex 18.1403 55.83 -13.6132
      vertex 12.0569 56.7232 -15.0103
      vertex 12.2051 57.4204 -13.6132
    endloop
  endfacet
  facet normal 0.39604 0.489078 -0.777145
    outer loop
      vertex 36.0105 39.9937 -19.6392
      vertex 31.6327 43.5387 -19.6392
      vertex 32.3499 44.5258 -18.6525
    endloop
  endfacet
  facet normal 0.444987 0.549514 -0.707121
    outer loop
      vertex 36.8269 40.9004 -18.6525
      vertex 32.3499 44.5258 -18.6525
      vertex 37.5698 41.7255 -17.5438
    endloop
  endfacet
  facet normal 0.423241 0.342727 -0.838693
    outer loop
      vertex 43.5387 31.6327 -19.6392
      vertex 39.0151 35.1294 -20.4931
      vertex 39.9937 36.0105 -19.6392
    endloop
  endfacet
  facet normal 0.385094 0.385094 -0.838692
    outer loop
      vertex 39.0151 35.1294 -20.4931
      vertex 36.0105 39.9937 -19.6392
      vertex 39.9937 36.0105 -19.6392
    endloop
  endfacet
  facet normal 0.385094 0.385094 -0.838692
    outer loop
      vertex 36.0105 39.9937 -19.6392
      vertex 39.0151 35.1294 -20.4931
      vertex 35.1294 39.0151 -20.4931
    endloop
  endfacet
  facet normal 0.342732 0.423244 -0.838689
    outer loop
      vertex 35.1294 39.0151 -20.4931
      vertex 30.8587 42.4734 -20.4931
      vertex 31.6327 43.5387 -19.6392
    endloop
  endfacet
  facet normal 0.342727 0.423241 -0.838693
    outer loop
      vertex 35.1294 39.0151 -20.4931
      vertex 31.6327 43.5387 -19.6392
      vertex 36.0105 39.9937 -19.6392
    endloop
  endfacet
  facet normal 0.285726 0.352852 -0.890986
    outer loop
      vertex 34.1933 37.9755 -21.205
      vertex 30.0364 41.3416 -21.205
      vertex 35.1294 39.0151 -20.4931
    endloop
  endfacet
  facet normal 0.27851 0.225527 -0.933579
    outer loop
      vertex 41.3416 30.0364 -21.205
      vertex 36.8862 33.2125 -21.7669
      vertex 37.9755 34.1933 -21.205
    endloop
  endfacet
  facet normal -0.453403 0.0237618 -0.890989
    outer loop
      vertex -50.8211 5.34151 -21.205
      vertex -52.5 0 -20.4931
      vertex -52.2124 5.48774 -20.4931
    endloop
  endfacet
  facet normal -0.438575 -0.117517 -0.890978
    outer loop
      vertex -48.6 -15.7911 -21.205
      vertex -51.3527 -10.9154 -20.4931
      vertex -49.9844 -10.6245 -21.205
    endloop
  endfacet
  facet normal -0.66014 0.66014 -0.358371
    outer loop
      vertex -39.2801 43.625 -13.6132
      vertex -44.0431 39.6566 -12.1495
      vertex -39.6566 44.0431 -12.1495
    endloop
  endfacet
  facet normal -0.66014 0.66014 -0.358371
    outer loop
      vertex -44.0431 39.6566 -12.1495
      vertex -39.2801 43.625 -13.6132
      vertex -43.625 39.2801 -13.6132
    endloop
  endfacet
  facet normal -0.747272 0.485278 -0.453972
    outer loop
      vertex -50.2211 28.9952 -15.0103
      vertex -50.8384 29.3516 -13.6132
      vertex -46.9152 34.0859 -15.0103
    endloop
  endfacet
  facet normal -0.747266 0.485267 -0.453994
    outer loop
      vertex -46.9152 34.0859 -15.0103
      vertex -50.8384 29.3516 -13.6132
      vertex -47.4919 34.5049 -13.6132
    endloop
  endfacet
  facet normal 0.485238 0.247242 -0.838698
    outer loop
      vertex 47.9611 21.3537 -20.4931
      vertex 45.4663 26.25 -20.4931
      vertex 49.1641 21.8893 -19.6392
    endloop
  endfacet
  facet normal 0.485244 0.247248 -0.838693
    outer loop
      vertex 49.1641 21.8893 -19.6392
      vertex 45.4663 26.25 -20.4931
      vertex 46.6067 26.9084 -19.6392
    endloop
  endfacet
  facet normal 0.489078 0.39604 -0.777145
    outer loop
      vertex 43.5387 31.6327 -19.6392
      vertex 39.9937 36.0105 -19.6392
      vertex 44.5258 32.3499 -18.6525
    endloop
  endfacet
  facet normal 0.527794 0.342754 -0.777144
    outer loop
      vertex 46.6067 26.9084 -19.6392
      vertex 43.5387 31.6327 -19.6392
      vertex 44.5258 32.3499 -18.6525
    endloop
  endfacet
  facet normal 0.683013 0.683013 -0.258819
    outer loop
      vertex 44.3451 39.9285 -10.635
      vertex 39.6566 44.0431 -12.1495
      vertex 39.9285 44.3451 -10.635
    endloop
  endfacet
  facet normal 0.683013 0.683013 -0.258819
    outer loop
      vertex 39.6566 44.0431 -12.1495
      vertex 44.3451 39.9285 -10.635
      vertex 44.0431 39.6566 -12.1495
    endloop
  endfacet
  facet normal 0.60787 0.750671 -0.25882
    outer loop
      vertex 39.6566 44.0431 -12.1495
      vertex 35.0744 48.2758 -10.635
      vertex 39.9285 44.3451 -10.635
    endloop
  endfacet
  facet normal 0.300567 0.782996 -0.544589
    outer loop
      vertex 23.239 52.1957 -16.3253
      vertex 17.92 55.1521 -15.0103
      vertex 23.5868 52.9768 -15.0103
    endloop
  endfacet
  facet normal 0.404511 0.793902 -0.453971
    outer loop
      vertex 28.9952 50.2211 -15.0103
      vertex 23.5868 52.9768 -15.0103
      vertex 29.3516 50.8384 -13.6132
    endloop
  endfacet
  facet normal 0.508453 0.782966 -0.358384
    outer loop
      vertex 34.8356 47.9471 -12.1495
      vertex 29.3516 50.8384 -13.6132
      vertex 29.6329 51.3257 -12.1495
    endloop
  endfacet
  facet normal 0.508453 0.782971 -0.358375
    outer loop
      vertex 34.5049 47.4919 -13.6132
      vertex 29.3516 50.8384 -13.6132
      vertex 34.8356 47.9471 -12.1495
    endloop
  endfacet
  facet normal 0.45342 0.0237681 -0.89098
    outer loop
      vertex 51.1011 0 -21.205
      vertex 50.8211 5.34151 -21.205
      vertex 52.5 0 -20.4931
    endloop
  endfacet
  facet normal 0.453403 0.0237618 -0.890989
    outer loop
      vertex 52.5 0 -20.4931
      vertex 50.8211 5.34151 -21.205
      vertex 52.2124 5.48774 -20.4931
    endloop
  endfacet
  facet normal 0.300572 0.19519 -0.933572
    outer loop
      vertex 42.9854 24.8176 -21.7669
      vertex 40.1558 29.1749 -21.7669
      vertex 41.3416 30.0364 -21.205
    endloop
  endfacet
  facet normal 0.230603 0.117498 -0.965928
    outer loop
      vertex 43.9586 19.5716 -22.1727
      vertex 41.672 24.0593 -22.1727
      vertex 42.9854 24.8176 -21.7669
    endloop
  endfacet
  facet normal 0.352852 0.285726 -0.890986
    outer loop
      vertex 41.3416 30.0364 -21.205
      vertex 37.9755 34.1933 -21.205
      vertex 39.0151 35.1294 -20.4931
    endloop
  endfacet
  facet normal 0.703382 0.456776 -0.544618
    outer loop
      vertex 49.4806 28.5676 -16.3253
      vertex 46.9152 34.0859 -15.0103
      vertex 50.2211 28.9952 -15.0103
    endloop
  endfacet
  facet normal 0.747272 0.485278 -0.453972
    outer loop
      vertex 50.2211 28.9952 -15.0103
      vertex 46.9152 34.0859 -15.0103
      vertex 50.8384 29.3516 -13.6132
    endloop
  endfacet
  facet normal 0.25847 0.9646 -0.0523532
    outer loop
      vertex 18.541 57.0634 -7.52056
      vertex 12.4576 58.6085 -9.08634
      vertex 12.4747 58.6889 -7.52056
    endloop
  endfacet
  facet normal 0.258825 0.965924 -0
    outer loop
      vertex 18.541 57.0634 -7.52056
      vertex 12.4747 58.6889 7.52056
      vertex 18.541 57.0634 7.52056
    endloop
  endfacet
  facet normal 0.258825 0.965924 0
    outer loop
      vertex 12.4747 58.6889 7.52056
      vertex 18.541 57.0634 -7.52056
      vertex 12.4747 58.6889 -7.52056
    endloop
  endfacet
  facet normal 0.156211 0.986335 0.0523525
    outer loop
      vertex 12.4747 58.6889 7.52056
      vertex 6.27171 59.6713 7.52056
      vertex 12.4576 58.6085 9.08634
    endloop
  endfacet
  facet normal 0.25847 0.9646 0.0523532
    outer loop
      vertex 12.4747 58.6889 7.52056
      vertex 12.4576 58.6085 9.08634
      vertex 18.541 57.0634 7.52056
    endloop
  endfacet
  facet normal 0.353942 0.922092 0.156435
    outer loop
      vertex 18.5156 56.9852 9.08634
      vertex 18.4397 56.7516 10.635
      vertex 24.3708 54.7377 9.08634
    endloop
  endfacet
  facet normal 0.255638 0.954032 0.156435
    outer loop
      vertex 18.5156 56.9852 9.08634
      vertex 12.4066 58.3682 10.635
      vertex 18.4397 56.7516 10.635
    endloop
  endfacet
  facet normal 0.334569 0.871546 0.358429
    outer loop
      vertex 18.3142 56.3652 12.1495
      vertex 18.1403 55.83 13.6132
      vertex 24.1056 54.142 12.1495
    endloop
  endfacet
  facet normal 0.334563 0.871567 0.358384
    outer loop
      vertex 24.1056 54.142 12.1495
      vertex 18.1403 55.83 13.6132
      vertex 23.8767 53.628 13.6132
    endloop
  endfacet
  facet normal 0.423833 0.83182 0.358386
    outer loop
      vertex 29.6329 51.3257 12.1495
      vertex 24.1056 54.142 12.1495
      vertex 29.3516 50.8384 13.6132
    endloop
  endfacet
  facet normal 0.423833 0.83182 0.358387
    outer loop
      vertex 24.1056 54.142 12.1495
      vertex 23.8767 53.628 13.6132
      vertex 29.3516 50.8384 13.6132
    endloop
  endfacet
  facet normal 0.603962 0.489076 0.629313
    outer loop
      vertex 42.4598 38.2309 16.3253
      vertex 41.7255 37.5698 17.5438
      vertex 45.424 33.0025 17.5438
    endloop
  endfacet
  facet normal 0.593024 0.385121 0.70711
    outer loop
      vertex 48.6249 28.0736 17.5438
      vertex 44.5258 32.3499 18.6525
      vertex 47.6634 27.5185 18.6525
    endloop
  endfacet
  facet normal 0.527791 0.65177 0.54464
    outer loop
      vertex 38.8031 43.0953 15.0103
      vertex 34.0859 46.9152 15.0103
      vertex 38.2309 42.4598 16.3253
    endloop
  endfacet
  facet normal 0.527805 0.651776 0.544619
    outer loop
      vertex 34.0859 46.9152 15.0103
      vertex 33.5833 46.2234 16.3253
      vertex 38.2309 42.4598 16.3253
    endloop
  endfacet
  facet normal 0.438516 0.860635 0.258864
    outer loop
      vertex 29.8361 51.6777 10.635
      vertex 24.1056 54.142 12.1495
      vertex 29.6329 51.3257 12.1495
    endloop
  endfacet
  facet normal 0.526067 0.810089 0.258863
    outer loop
      vertex 29.8361 51.6777 10.635
      vertex 29.6329 51.3257 12.1495
      vertex 34.8356 47.9471 12.1495
    endloop
  endfacet
  facet normal 0.628451 0.776086 0.052347
    outer loop
      vertex 35.2671 48.541 7.52056
      vertex 35.2188 48.4745 9.08634
      vertex 40.0929 44.5276 9.08634
    endloop
  endfacet
  facet normal 0.453372 0.889786 0.0522912
    outer loop
      vertex 24.4042 54.8127 7.52056
      vertex 24.3708 54.7377 9.08634
      vertex 29.9589 51.8904 9.08634
    endloop
  endfacet
  facet normal -0.0027403 0.0522912 0.998628
    outer loop
      vertex 0 46.5679 22.4179
      vertex -4.70378 44.7535 22.5
      vertex 0 45 22.5
    endloop
  endfacet
  facet normal 0.247285 0.380782 0.890986
    outer loop
      vertex 26.25 45.4663 20.4931
      vertex 25.5505 44.2548 21.205
      vertex 30.0364 41.3416 21.205
    endloop
  endfacet
  facet normal 0.206127 0.404546 0.890985
    outer loop
      vertex 26.25 45.4663 20.4931
      vertex 20.7847 46.6831 21.205
      vertex 25.5505 44.2548 21.205
    endloop
  endfacet
  facet normal 0.660174 0.253412 0.707073
    outer loop
      vertex 53.3991 17.3504 17.5438
      vertex 51.293 22.8371 17.5438
      vertex 52.3433 17.0074 18.6525
    endloop
  endfacet
  facet normal 0.683024 0.18302 0.707094
    outer loop
      vertex 54.9202 11.6737 17.5438
      vertex 53.3991 17.3504 17.5438
      vertex 53.8343 11.4428 18.6525
    endloop
  endfacet
  facet normal 0.448458 0.0710251 0.890977
    outer loop
      vertex 51.3527 10.9154 20.4931
      vertex 49.9844 10.6245 21.205
      vertex 50.8211 5.34151 21.205
    endloop
  endfacet
  facet normal 0.448435 0.0710288 0.890989
    outer loop
      vertex 51.3527 10.9154 20.4931
      vertex 50.8211 5.34151 21.205
      vertex 52.2124 5.48774 20.4931
    endloop
  endfacet
  facet normal 0.438555 0.117504 0.890989
    outer loop
      vertex 49.9305 16.2234 20.4931
      vertex 48.6 15.7911 21.205
      vertex 51.3527 10.9154 20.4931
    endloop
  endfacet
  facet normal 0.526038 0.140944 0.8387
    outer loop
      vertex 52.6408 11.1891 19.6392
      vertex 49.9305 16.2234 20.4931
      vertex 51.3527 10.9154 20.4931
    endloop
  endfacet
  facet normal 0.630035 0.321015 0.707111
    outer loop
      vertex 48.6249 28.0736 17.5438
      vertex 47.6634 27.5185 18.6525
      vertex 51.293 22.8371 17.5438
    endloop
  endfacet
  facet normal 0.692448 0.352816 0.629314
    outer loop
      vertex 49.4806 28.5676 16.3253
      vertex 48.6249 28.0736 17.5438
      vertex 51.293 22.8371 17.5438
    endloop
  endfacet
  facet normal 0.485244 0.247248 0.838693
    outer loop
      vertex 46.6067 26.9084 19.6392
      vertex 45.4663 26.25 20.4931
      vertex 49.1641 21.8893 19.6392
    endloop
  endfacet
  facet normal 0.560717 0.285704 0.777154
    outer loop
      vertex 47.6634 27.5185 18.6525
      vertex 46.6067 26.9084 19.6392
      vertex 49.1641 21.8893 19.6392
    endloop
  endfacet
  facet normal 0.793902 0.404511 0.453971
    outer loop
      vertex 50.8384 29.3516 13.6132
      vertex 50.2211 28.9952 15.0103
      vertex 52.9768 23.5868 15.0103
    endloop
  endfacet
  facet normal 0.747276 0.380754 0.544615
    outer loop
      vertex 50.2211 28.9952 15.0103
      vertex 49.4806 28.5676 16.3253
      vertex 52.9768 23.5868 15.0103
    endloop
  endfacet
  facet normal -0.11062 0.698416 0.707091
    outer loop
      vertex -5.75293 54.7355 18.6525
      vertex -11.6737 54.9202 17.5438
      vertex -11.4428 53.8343 18.6525
    endloop
  endfacet
  facet normal -0.0710251 0.448458 0.890977
    outer loop
      vertex -5.34151 50.8211 21.205
      vertex -10.9154 51.3527 20.4931
      vertex -10.6245 49.9844 21.205
    endloop
  endfacet
  facet normal -0.0244633 0.154456 0.987697
    outer loop
      vertex -5.02977 47.8551 22.1727
      vertex -10.0044 47.0672 22.1727
      vertex -4.86767 46.3128 22.4179
    endloop
  endfacet
  facet normal -0.0404882 0.255633 0.965926
    outer loop
      vertex -5.02977 47.8551 22.1727
      vertex -10.3197 48.5506 21.7669
      vertex -10.0044 47.0672 22.1727
    endloop
  endfacet
  facet normal -0.0851741 0.131155 0.987696
    outer loop
      vertex -24.0593 41.672 22.1727
      vertex -28.2834 38.9288 22.1727
      vertex -27.3719 37.6742 22.4179
    endloop
  endfacet
  facet normal -0.195171 0.508422 0.838699
    outer loop
      vertex -16.2234 49.9305 20.4931
      vertex -21.8893 49.1641 19.6392
      vertex -21.3537 47.9611 20.4931
    endloop
  endfacet
  facet normal -0.300565 0.782994 0.544593
    outer loop
      vertex -17.92 55.1521 15.0103
      vertex -23.239 52.1957 16.3253
      vertex -17.6558 54.3389 16.3253
    endloop
  endfacet
  facet normal -0.140944 0.526038 0.8387
    outer loop
      vertex -11.1891 52.6408 19.6392
      vertex -16.2234 49.9305 20.4931
      vertex -10.9154 51.3527 20.4931
    endloop
  endfacet
  facet normal -0.380782 0.247285 0.890986
    outer loop
      vertex -41.3416 30.0364 21.205
      vertex -45.4663 26.25 20.4931
      vertex -44.2548 25.5505 21.205
    endloop
  endfacet
  facet normal -0.20113 0.16287 0.96593
    outer loop
      vertex -36.8862 33.2125 21.7669
      vertex -38.9288 28.2834 22.1727
      vertex -35.7591 32.1977 22.1727
    endloop
  endfacet
  facet normal -0.7255 0.278487 0.62936
    outer loop
      vertex -51.293 22.8371 17.5438
      vertex -54.3389 17.6558 16.3253
      vertex -53.3991 17.3504 17.5438
    endloop
  endfacet
  facet normal -0.692448 0.352816 0.629314
    outer loop
      vertex -49.4806 28.5676 16.3253
      vertex -51.293 22.8371 17.5438
      vertex -48.6249 28.0736 17.5438
    endloop
  endfacet
  facet normal -0.986337 0.051686 -0.156422
    outer loop
      vertex -59.6722 0 -10.635
      vertex -59.9178 0 -9.08634
      vertex -59.5896 6.26312 -9.08634
    endloop
  endfacet
  facet normal -0.933013 0.249988 0.258829
    outer loop
      vertex -56.3652 18.3142 12.1495
      vertex -58.3682 12.4066 10.635
      vertex -57.9707 12.3221 12.1495
    endloop
  endfacet
  facet normal -0.438575 0.117517 0.890978
    outer loop
      vertex -48.6 15.7911 21.205
      vertex -51.3527 10.9154 20.4931
      vertex -49.9844 10.6245 21.205
    endloop
  endfacet
  facet normal -0.537899 0.0851944 0.838693
    outer loop
      vertex -52.6408 11.1891 19.6392
      vertex -53.522 5.62539 19.6392
      vertex -52.2124 5.48774 20.4931
    endloop
  endfacet
  facet normal -0.023771 -0.0466536 0.998628
    outer loop
      vertex -22.5 -38.9711 22.5
      vertex -23.284 -40.329 22.4179
      vertex -18.9409 -42.5419 22.4179
    endloop
  endfacet
  facet normal -0.139343 0.0709983 0.987696
    outer loop
      vertex -41.672 24.0593 22.1727
      vertex -42.5419 18.9409 22.4179
      vertex -40.329 23.284 22.4179
    endloop
  endfacet
  facet normal -0.043916 0.0285203 0.998628
    outer loop
      vertex -37.6742 27.3719 22.4179
      vertex -40.329 23.284 22.4179
      vertex -36.4058 26.4503 22.5
    endloop
  endfacet
  facet normal -0.0439134 -0.0285171 0.998628
    outer loop
      vertex -38.9711 -22.5 22.5
      vertex -40.329 -23.284 22.4179
      vertex -36.4058 -26.4503 22.5
    endloop
  endfacet
  facet normal 0.0927435 0.241617 0.965929
    outer loop
      vertex 20.1885 45.3441 21.7669
      vertex 15.3381 47.2059 21.7669
      vertex 19.5716 43.9586 22.1727
    endloop
  endfacet
  facet normal 0.117497 0.230596 0.96593
    outer loop
      vertex 20.1885 45.3441 21.7669
      vertex 19.5716 43.9586 22.1727
      vertex 24.8176 42.9854 21.7669
    endloop
  endfacet
  facet normal -0.048862 0.93229 0.358396
    outer loop
      vertex 0 58.7032 13.6132
      vertex -6.19497 58.9412 12.1495
      vertex -6.13615 58.3816 13.6132
    endloop
  endfacet
  facet normal -0.334569 0.871546 0.358429
    outer loop
      vertex -18.3142 56.3652 12.1495
      vertex -24.1056 54.142 12.1495
      vertex -18.1403 55.83 13.6132
    endloop
  endfacet
  facet normal -0.352814 0.692426 0.629339
    outer loop
      vertex -23.239 52.1957 16.3253
      vertex -28.5676 49.4806 16.3253
      vertex -22.8371 51.293 17.5438
    endloop
  endfacet
  facet normal -0.146054 0.922092 0.358349
    outer loop
      vertex -6.19497 58.9412 12.1495
      vertex -12.3221 57.9707 12.1495
      vertex -12.2051 57.4204 13.6132
    endloop
  endfacet
  facet normal -0.121574 0.767566 0.629334
    outer loop
      vertex -5.97226 56.8223 16.3253
      vertex -11.6737 54.9202 17.5438
      vertex -5.86898 55.8396 17.5438
    endloop
  endfacet
  facet normal -0.201132 0.750665 0.629323
    outer loop
      vertex -11.8791 55.8867 16.3253
      vertex -17.6558 54.3389 16.3253
      vertex -11.6737 54.9202 17.5438
    endloop
  endfacet
  facet normal -0.353942 0.922092 0.156435
    outer loop
      vertex -18.5156 56.9852 9.08634
      vertex -24.3708 54.7377 9.08634
      vertex -18.4397 56.7516 10.635
    endloop
  endfacet
  facet normal -0.230623 0.860658 0.453961
    outer loop
      vertex -12.2051 57.4204 13.6132
      vertex -18.1403 55.83 13.6132
      vertex -12.0569 56.7232 15.0103
    endloop
  endfacet
  facet normal -0.549531 0.549531 0.629311
    outer loop
      vertex -38.2309 42.4598 16.3253
      vertex -41.7255 37.5698 17.5438
      vertex -37.5698 41.7255 17.5438
    endloop
  endfacet
  facet normal -0.549531 0.549531 0.629311
    outer loop
      vertex -41.7255 37.5698 17.5438
      vertex -38.2309 42.4598 16.3253
      vertex -42.4598 38.2309 16.3253
    endloop
  endfacet
  facet normal -0.725526 0.587523 0.358369
    outer loop
      vertex -44.0431 39.6566 12.1495
      vertex -47.4919 34.5049 13.6132
      vertex -43.625 39.2801 13.6132
    endloop
  endfacet
  facet normal -0.526099 0.810096 0.258773
    outer loop
      vertex -29.8361 51.6777 10.635
      vertex -35.0744 48.2758 10.635
      vertex -34.8356 47.9471 12.1495
    endloop
  endfacet
  facet normal -0.706139 0.706139 0.0523139
    outer loop
      vertex -44.5887 40.1478 7.52056
      vertex -40.0929 44.5276 9.08634
      vertex -40.1478 44.5887 7.52056
    endloop
  endfacet
  facet normal -0.706139 0.706139 0.0523139
    outer loop
      vertex -40.0929 44.5276 9.08634
      vertex -44.5887 40.1478 7.52056
      vertex -44.5276 40.0929 9.08634
    endloop
  endfacet
  facet normal 0.117504 0.438555 0.890989
    outer loop
      vertex 16.2234 49.9305 20.4931
      vertex 10.9154 51.3527 20.4931
      vertex 15.7911 48.6 21.205
    endloop
  endfacet
  facet normal 0.140944 0.526038 0.8387
    outer loop
      vertex 11.1891 52.6408 19.6392
      vertex 10.9154 51.3527 20.4931
      vertex 16.2234 49.9305 20.4931
    endloop
  endfacet
  facet normal 0.0187595 0.357872 0.933582
    outer loop
      vertex 5.34151 50.8211 21.205
      vertex 0 51.1011 21.205
      vertex 5.1883 49.3633 21.7669
    endloop
  endfacet
  facet normal 0.0560581 0.353952 0.933582
    outer loop
      vertex 5.34151 50.8211 21.205
      vertex 5.1883 49.3633 21.7669
      vertex 10.3197 48.5506 21.7669
    endloop
  endfacet
  facet normal 0.0329354 0.628441 0.77716
    outer loop
      vertex 0 55.037 18.6525
      vertex 0 53.8168 19.6392
      vertex 5.75293 54.7355 18.6525
    endloop
  endfacet
  facet normal 0.098445 0.621561 0.777156
    outer loop
      vertex 5.75293 54.7355 18.6525
      vertex 5.62539 53.522 19.6392
      vertex 11.1891 52.6408 19.6392
    endloop
  endfacet
  facet normal 0.201132 0.750665 0.629323
    outer loop
      vertex 11.8791 55.8867 16.3253
      vertex 11.6737 54.9202 17.5438
      vertex 17.6558 54.3389 16.3253
    endloop
  endfacet
  facet normal 0.278487 0.7255 0.62936
    outer loop
      vertex 17.6558 54.3389 16.3253
      vertex 17.3504 53.3991 17.5438
      vertex 22.8371 51.293 17.5438
    endloop
  endfacet
  facet normal 0.247248 0.485244 0.838693
    outer loop
      vertex 26.9084 46.6067 19.6392
      vertex 21.8893 49.1641 19.6392
      vertex 26.25 45.4663 20.4931
    endloop
  endfacet
  facet normal 0.285704 0.560717 0.777154
    outer loop
      vertex 27.5185 47.6634 18.6525
      vertex 21.8893 49.1641 19.6392
      vertex 26.9084 46.6067 19.6392
    endloop
  endfacet
  facet normal 0.040673 0.776069 0.629335
    outer loop
      vertex 5.97226 56.8223 16.3253
      vertex 0 57.1353 16.3253
      vertex 5.86898 55.8396 17.5438
    endloop
  endfacet
  facet normal 0.0984478 0.621566 0.777151
    outer loop
      vertex 11.4428 53.8343 18.6525
      vertex 5.75293 54.7355 18.6525
      vertex 11.1891 52.6408 19.6392
    endloop
  endfacet
  facet normal 0.048862 0.93229 0.358396
    outer loop
      vertex 6.19497 58.9412 12.1495
      vertex 0 58.7032 13.6132
      vertex 6.13615 58.3816 13.6132
    endloop
  endfacet
  facet normal 0.0466347 0.889793 0.453975
    outer loop
      vertex 6.13615 58.3816 13.6132
      vertex 0 58.7032 13.6132
      vertex 6.06165 57.6727 15.0103
    endloop
  endfacet
  facet normal -0.051686 0.986337 0.156422
    outer loop
      vertex 0 59.9178 9.08634
      vertex -6.26312 59.5896 9.08634
      vertex 0 59.6722 10.635
    endloop
  endfacet
  facet normal 0.051686 0.986337 0.156422
    outer loop
      vertex 0 59.9178 9.08634
      vertex 0 59.6722 10.635
      vertex 6.26312 59.5896 9.08634
    endloop
  endfacet
  facet normal 0.0505545 0.964608 0.258795
    outer loop
      vertex 6.23744 59.3453 10.635
      vertex 0 59.6722 10.635
      vertex 6.19497 58.9412 12.1495
    endloop
  endfacet
  facet normal 0.151105 0.95404 0.258795
    outer loop
      vertex 6.23744 59.3453 10.635
      vertex 6.19497 58.9412 12.1495
      vertex 12.4066 58.3682 10.635
    endloop
  endfacet
  facet normal -0.837515 0.543901 0.0523478
    outer loop
      vertex -48.541 35.2671 7.52056
      vertex -51.8904 29.9589 9.08634
      vertex -48.4745 35.2188 9.08634
    endloop
  endfacet
  facet normal -0.747272 0.485278 0.453972
    outer loop
      vertex -46.9152 34.0859 15.0103
      vertex -50.8384 29.3516 13.6132
      vertex -50.2211 28.9952 15.0103
    endloop
  endfacet
  facet normal -0.49999 0.49999 -0.707121
    outer loop
      vertex -40.9004 36.8269 -18.6525
      vertex -37.5698 41.7255 -17.5438
      vertex -36.8269 40.9004 -18.6525
    endloop
  endfacet
  facet normal -0.49999 0.49999 -0.707121
    outer loop
      vertex -37.5698 41.7255 -17.5438
      vertex -40.9004 36.8269 -18.6525
      vertex -41.7255 37.5698 -17.5438
    endloop
  endfacet
  facet normal -0.549514 0.444987 -0.707121
    outer loop
      vertex -40.9004 36.8269 -18.6525
      vertex -44.5258 32.3499 -18.6525
      vertex -41.7255 37.5698 -17.5438
    endloop
  endfacet
  facet normal -0.54952 0.444989 -0.707115
    outer loop
      vertex -44.5258 32.3499 -18.6525
      vertex -45.424 33.0025 -17.5438
      vertex -41.7255 37.5698 -17.5438
    endloop
  endfacet
  facet normal -0.445009 0.445009 -0.777131
    outer loop
      vertex -39.9937 36.0105 -19.6392
      vertex -36.8269 40.9004 -18.6525
      vertex -36.0105 39.9937 -19.6392
    endloop
  endfacet
  facet normal -0.445009 0.445009 -0.777131
    outer loop
      vertex -36.8269 40.9004 -18.6525
      vertex -39.9937 36.0105 -19.6392
      vertex -40.9004 36.8269 -18.6525
    endloop
  endfacet
  facet normal -0.889786 0.453372 0.0522912
    outer loop
      vertex -51.8904 29.9589 9.08634
      vertex -54.8127 24.4042 7.52056
      vertex -54.7377 24.3708 9.08634
    endloop
  endfacet
  facet normal -0.880037 0.448404 0.156424
    outer loop
      vertex -51.8904 29.9589 9.08634
      vertex -54.7377 24.3708 9.08634
      vertex -51.6777 29.8361 10.635
    endloop
  endfacet
  facet normal 0.230596 -0.117497 0.96593
    outer loop
      vertex 43.9586 -19.5716 22.1727
      vertex 42.9854 -24.8176 21.7669
      vertex 45.3441 -20.1885 21.7669
    endloop
  endfacet
  facet normal 0.241633 -0.0927558 0.965924
    outer loop
      vertex 45.7636 -14.8695 22.1727
      vertex 43.9586 -19.5716 22.1727
      vertex 47.2059 -15.3381 21.7669
    endloop
  endfacet
  facet normal 0.423244 -0.342732 0.838689
    outer loop
      vertex 42.4734 -30.8587 20.4931
      vertex 39.0151 -35.1294 20.4931
      vertex 43.5387 -31.6327 19.6392
    endloop
  endfacet
  facet normal 0.456751 -0.296615 0.838689
    outer loop
      vertex 45.4663 -26.25 20.4931
      vertex 42.4734 -30.8587 20.4931
      vertex 43.5387 -31.6327 19.6392
    endloop
  endfacet
  facet normal 0.456743 -0.296613 0.838693
    outer loop
      vertex 45.4663 -26.25 20.4931
      vertex 43.5387 -31.6327 19.6392
      vertex 46.6067 -26.9084 19.6392
    endloop
  endfacet
  facet normal 0.527794 -0.342754 0.777144
    outer loop
      vertex 46.6067 -26.9084 19.6392
      vertex 43.5387 -31.6327 19.6392
      vertex 44.5258 -32.3499 18.6525
    endloop
  endfacet
  facet normal 0.404546 -0.206127 0.890985
    outer loop
      vertex 46.6831 -20.7847 21.205
      vertex 44.2548 -25.5505 21.205
      vertex 45.4663 -26.25 20.4931
    endloop
  endfacet
  facet normal 0.404544 -0.206126 0.890986
    outer loop
      vertex 46.6831 -20.7847 21.205
      vertex 45.4663 -26.25 20.4931
      vertex 47.9611 -21.3537 20.4931
    endloop
  endfacet
  facet normal 0.683024 -0.18302 0.707094
    outer loop
      vertex 53.8343 -11.4428 18.6525
      vertex 53.3991 -17.3504 17.5438
      vertex 54.9202 -11.6737 17.5438
    endloop
  endfacet
  facet normal 0.683045 -0.183018 0.707075
    outer loop
      vertex 53.8343 -11.4428 18.6525
      vertex 52.3433 -17.0074 18.6525
      vertex 53.3991 -17.3504 17.5438
    endloop
  endfacet
  facet normal 0.508451 -0.195172 0.83868
    outer loop
      vertex 49.9305 -16.2234 20.4931
      vertex 49.1641 -21.8893 19.6392
      vertex 51.1828 -16.6303 19.6392
    endloop
  endfacet
  facet normal 0.587497 -0.225514 0.777168
    outer loop
      vertex 51.1828 -16.6303 19.6392
      vertex 49.1641 -21.8893 19.6392
      vertex 52.3433 -17.0074 18.6525
    endloop
  endfacet
  facet normal 0.630042 -0.321023 0.707101
    outer loop
      vertex 50.2788 -22.3855 18.6525
      vertex 47.6634 -27.5185 18.6525
      vertex 51.293 -22.8371 17.5438
    endloop
  endfacet
  facet normal 0.660146 -0.253411 0.707099
    outer loop
      vertex 52.3433 -17.0074 18.6525
      vertex 50.2788 -22.3855 18.6525
      vertex 51.293 -22.8371 17.5438
    endloop
  endfacet
  facet normal 0.607871 -0.162875 0.777152
    outer loop
      vertex 52.6408 -11.1891 19.6392
      vertex 52.3433 -17.0074 18.6525
      vertex 53.8343 -11.4428 18.6525
    endloop
  endfacet
  facet normal 0.526038 -0.140944 0.8387
    outer loop
      vertex 51.3527 -10.9154 20.4931
      vertex 49.9305 -16.2234 20.4931
      vertex 52.6408 -11.1891 19.6392
    endloop
  endfacet
  facet normal 0.346148 -0.0927516 0.933584
    outer loop
      vertex 48.5506 -10.3197 21.7669
      vertex 47.2059 -15.3381 21.7669
      vertex 48.6 -15.7911 21.205
    endloop
  endfacet
  facet normal 0.34615 -0.0927515 0.933583
    outer loop
      vertex 49.9844 -10.6245 21.205
      vertex 48.5506 -10.3197 21.7669
      vertex 48.6 -15.7911 21.205
    endloop
  endfacet
  facet normal 0.206127 -0.404546 0.890985
    outer loop
      vertex 25.5505 -44.2548 21.205
      vertex 20.7847 -46.6831 21.205
      vertex 26.25 -45.4663 20.4931
    endloop
  endfacet
  facet normal 0.162712 -0.423867 0.890989
    outer loop
      vertex 21.3537 -47.9611 20.4931
      vertex 15.7911 -48.6 21.205
      vertex 16.2234 -49.9305 20.4931
    endloop
  endfacet
  facet normal 0.342754 -0.527794 0.777144
    outer loop
      vertex 31.6327 -43.5387 19.6392
      vertex 26.9084 -46.6067 19.6392
      vertex 32.3499 -44.5258 18.6525
    endloop
  endfacet
  facet normal 0.296613 -0.456743 0.838693
    outer loop
      vertex 31.6327 -43.5387 19.6392
      vertex 26.25 -45.4663 20.4931
      vertex 26.9084 -46.6067 19.6392
    endloop
  endfacet
  facet normal 0.225527 -0.27851 0.933579
    outer loop
      vertex 33.2125 -36.8862 21.7669
      vertex 30.0364 -41.3416 21.205
      vertex 34.1933 -37.9755 21.205
    endloop
  endfacet
  facet normal 0.253407 -0.253407 0.933579
    outer loop
      vertex 36.8862 -33.2125 21.7669
      vertex 34.1933 -37.9755 21.205
      vertex 37.9755 -34.1933 21.205
    endloop
  endfacet
  facet normal 0.253407 -0.253407 0.933579
    outer loop
      vertex 34.1933 -37.9755 21.205
      vertex 36.8862 -33.2125 21.7669
      vertex 33.2125 -36.8862 21.7669
    endloop
  endfacet
  facet normal 0.023771 -0.0466536 0.998628
    outer loop
      vertex 22.5 -38.9711 22.5
      vertex 18.9409 -42.5419 22.4179
      vertex 23.284 -40.329 22.4179
    endloop
  endfacet
  facet normal 0.0709983 -0.139343 0.987696
    outer loop
      vertex 23.284 -40.329 22.4179
      vertex 18.9409 -42.5419 22.4179
      vertex 24.0593 -41.672 22.1727
    endloop
  endfacet
  facet normal 0.140962 -0.526065 0.83868
    outer loop
      vertex 16.2234 -49.9305 20.4931
      vertex 11.1891 -52.6408 19.6392
      vertex 16.6303 -51.1828 19.6392
    endloop
  endfacet
  facet normal 0.162877 -0.60785 0.777167
    outer loop
      vertex 16.6303 -51.1828 19.6392
      vertex 11.1891 -52.6408 19.6392
      vertex 17.0074 -52.3433 18.6525
    endloop
  endfacet
  facet normal 0.195171 -0.508422 0.838699
    outer loop
      vertex 21.3537 -47.9611 20.4931
      vertex 16.2234 -49.9305 20.4931
      vertex 21.8893 -49.1641 19.6392
    endloop
  endfacet
  facet normal 0.247242 -0.485238 0.838698
    outer loop
      vertex 26.25 -45.4663 20.4931
      vertex 21.3537 -47.9611 20.4931
      vertex 21.8893 -49.1641 19.6392
    endloop
  endfacet
  facet normal 0.810089 -0.526067 0.258863
    outer loop
      vertex 51.3257 -29.6329 12.1495
      vertex 47.9471 -34.8356 12.1495
      vertex 51.6777 -29.8361 10.635
    endloop
  endfacet
  facet normal 0.782966 -0.508453 0.358384
    outer loop
      vertex 50.8384 -29.3516 13.6132
      vertex 47.9471 -34.8356 12.1495
      vertex 51.3257 -29.6329 12.1495
    endloop
  endfacet
  facet normal 0.793902 -0.404511 0.453971
    outer loop
      vertex 52.9768 -23.5868 15.0103
      vertex 50.2211 -28.9952 15.0103
      vertex 50.8384 -29.3516 13.6132
    endloop
  endfacet
  facet normal 0.703381 -0.456776 0.54462
    outer loop
      vertex 49.4806 -28.5676 16.3253
      vertex 46.2234 -33.5833 16.3253
      vertex 46.9152 -34.0859 15.0103
    endloop
  endfacet
  facet normal 0.66014 -0.66014 0.358371
    outer loop
      vertex 39.2801 -43.625 13.6132
      vertex 44.0431 -39.6566 12.1495
      vertex 43.625 -39.2801 13.6132
    endloop
  endfacet
  facet normal 0.66014 -0.66014 0.358371
    outer loop
      vertex 44.0431 -39.6566 12.1495
      vertex 39.2801 -43.625 13.6132
      vertex 39.6566 -44.0431 12.1495
    endloop
  endfacet
  facet normal 0.603962 -0.489076 0.629313
    outer loop
      vertex 45.424 -33.0025 17.5438
      vertex 41.7255 -37.5698 17.5438
      vertex 42.4598 -38.2309 16.3253
    endloop
  endfacet
  facet normal 0.54952 -0.444989 0.707115
    outer loop
      vertex 44.5258 -32.3499 18.6525
      vertex 41.7255 -37.5698 17.5438
      vertex 45.424 -33.0025 17.5438
    endloop
  endfacet
  facet normal -0.0329539 -0.0406946 0.998628
    outer loop
      vertex -26.4503 -36.4058 22.5
      vertex -30.1109 -33.4415 22.5
      vertex -27.3719 -37.6742 22.4179
    endloop
  endfacet
  facet normal -0.00819086 -0.0517163 0.998628
    outer loop
      vertex -9.35603 -44.0166 22.5
      vertex -9.68202 -45.5503 22.4179
      vertex -4.86767 -46.3128 22.4179
    endloop
  endfacet
  facet normal -0.0135522 -0.0505767 0.998628
    outer loop
      vertex -9.35603 -44.0166 22.5
      vertex -14.3903 -44.2887 22.4179
      vertex -9.68202 -45.5503 22.4179
    endloop
  endfacet
  facet normal -0.0851741 -0.131155 0.987696
    outer loop
      vertex -27.3719 -37.6742 22.4179
      vertex -28.2834 -38.9288 22.1727
      vertex -24.0593 -41.672 22.1727
    endloop
  endfacet
  facet normal -0.162867 -0.201124 0.965931
    outer loop
      vertex -28.2834 -38.9288 22.1727
      vertex -33.2125 -36.8862 21.7669
      vertex -29.1749 -40.1558 21.7669
    endloop
  endfacet
  facet normal 0.692442 -0.560726 0.453994
    outer loop
      vertex 46.9152 -34.0859 15.0103
      vertex 43.0953 -38.8031 15.0103
      vertex 47.4919 -34.5049 13.6132
    endloop
  endfacet
  facet normal 0.65177 -0.527791 0.54464
    outer loop
      vertex 46.9152 -34.0859 15.0103
      vertex 42.4598 -38.2309 16.3253
      vertex 43.0953 -38.8031 15.0103
    endloop
  endfacet
  facet normal 0.508453 -0.782971 0.358375
    outer loop
      vertex 34.5049 -47.4919 13.6132
      vertex 29.3516 -50.8384 13.6132
      vertex 34.8356 -47.9471 12.1495
    endloop
  endfacet
  facet normal 0.587523 -0.725526 0.358369
    outer loop
      vertex 39.2801 -43.625 13.6132
      vertex 34.5049 -47.4919 13.6132
      vertex 39.6566 -44.0431 12.1495
    endloop
  endfacet
  facet normal 0.60787 -0.750671 0.25882
    outer loop
      vertex 39.6566 -44.0431 12.1495
      vertex 35.0744 -48.2758 10.635
      vertex 39.9285 -44.3451 10.635
    endloop
  endfacet
  facet normal 0.0505545 -0.964608 0.258795
    outer loop
      vertex 6.19497 -58.9412 12.1495
      vertex 0 -59.6722 10.635
      vertex 6.23744 -59.3453 10.635
    endloop
  endfacet
  facet normal 0.051693 -0.986332 0.15645
    outer loop
      vertex 6.23744 -59.3453 10.635
      vertex 0 -59.6722 10.635
      vertex 6.26312 -59.5896 9.08634
    endloop
  endfacet
  facet normal 0.255638 -0.954032 0.156435
    outer loop
      vertex 18.4397 -56.7516 10.635
      vertex 12.4066 -58.3682 10.635
      vertex 18.5156 -56.9852 9.08634
    endloop
  endfacet
  facet normal 0.249988 -0.933013 0.258829
    outer loop
      vertex 18.3142 -56.3652 12.1495
      vertex 12.3221 -57.9707 12.1495
      vertex 12.4066 -58.3682 10.635
    endloop
  endfacet
  facet normal -0.747287 -0.380768 0.544591
    outer loop
      vertex -52.1957 -23.239 16.3253
      vertex -52.9768 -23.5868 15.0103
      vertex -49.4806 -28.5676 16.3253
    endloop
  endfacet
  facet normal -0.683024 -0.18302 0.707094
    outer loop
      vertex -53.8343 -11.4428 18.6525
      vertex -54.9202 -11.6737 17.5438
      vertex -53.3991 -17.3504 17.5438
    endloop
  endfacet
  facet normal -0.35395 -0.0560573 0.933583
    outer loop
      vertex -48.5506 -10.3197 21.7669
      vertex -50.8211 -5.34151 21.205
      vertex -49.9844 -10.6245 21.205
    endloop
  endfacet
  facet normal -0.423867 -0.162712 0.890989
    outer loop
      vertex -48.6 -15.7911 21.205
      vertex -49.9305 -16.2234 20.4931
      vertex -47.9611 -21.3537 20.4931
    endloop
  endfacet
  facet normal -0.423873 -0.162713 0.890986
    outer loop
      vertex -46.6831 -20.7847 21.205
      vertex -48.6 -15.7911 21.205
      vertex -47.9611 -21.3537 20.4931
    endloop
  endfacet
  facet normal -0.396055 -0.489088 0.777131
    outer loop
      vertex -36.0105 -39.9937 19.6392
      vertex -36.8269 -40.9004 18.6525
      vertex -32.3499 -44.5258 18.6525
    endloop
  endfacet
  facet normal -0.423264 -0.651777 0.629313
    outer loop
      vertex -28.0736 -48.6249 17.5438
      vertex -33.5833 -46.2234 16.3253
      vertex -28.5676 -49.4806 16.3253
    endloop
  endfacet
  facet normal -0.300572 -0.19519 0.933572
    outer loop
      vertex -40.1558 -29.1749 21.7669
      vertex -42.9854 -24.8176 21.7669
      vertex -41.3416 -30.0364 21.205
    endloop
  endfacet
  facet normal -0.352852 -0.285726 0.890986
    outer loop
      vertex -37.9755 -34.1933 21.205
      vertex -41.3416 -30.0364 21.205
      vertex -39.0151 -35.1294 20.4931
    endloop
  endfacet
  facet normal -0.201124 -0.162867 0.965931
    outer loop
      vertex -38.9288 -28.2834 22.1727
      vertex -40.1558 -29.1749 21.7669
      vertex -36.8862 -33.2125 21.7669
    endloop
  endfacet
  facet normal -0.253407 -0.253407 0.933579
    outer loop
      vertex -36.8862 -33.2125 21.7669
      vertex -34.1933 -37.9755 21.205
      vertex -33.2125 -36.8862 21.7669
    endloop
  endfacet
  facet normal -0.253407 -0.253407 0.933579
    outer loop
      vertex -34.1933 -37.9755 21.205
      vertex -36.8862 -33.2125 21.7669
      vertex -37.9755 -34.1933 21.205
    endloop
  endfacet
  facet normal -0.0329528 -0.0406939 0.998628
    outer loop
      vertex -30.1109 -33.4415 22.5
      vertex -31.16 -34.6067 22.4179
      vertex -27.3719 -37.6742 22.4179
    endloop
  endfacet
  facet normal -0.0329528 0.0406939 0.998628
    outer loop
      vertex -27.3719 37.6742 22.4179
      vertex -31.16 34.6067 22.4179
      vertex -30.1109 33.4415 22.5
    endloop
  endfacet
  facet normal 0 0 1
    outer loop
      vertex 10 0 22.5
      vertex 45 0 22.5
      vertex 44.7535 4.70378 22.5
    endloop
  endfacet
  facet normal 0 0 1
    outer loop
      vertex 9.94522 1.04528 22.5
      vertex 44.7535 4.70378 22.5
      vertex 44.0166 9.35603 22.5
    endloop
  endfacet
  facet normal 0 0 1
    outer loop
      vertex 45 0 22.5
      vertex 10 0 22.5
      vertex 44.7535 -4.70378 22.5
    endloop
  endfacet
  facet normal 0 0 1
    outer loop
      vertex 9.78148 2.07912 22.5
      vertex 44.0166 9.35603 22.5
      vertex 42.7975 13.9058 22.5
    endloop
  endfacet
  facet normal -0 0 1
    outer loop
      vertex 9.94522 -1.04528 22.5
      vertex 44.7535 -4.70378 22.5
      vertex 10 0 22.5
    endloop
  endfacet
  facet normal 0 0 1
    outer loop
      vertex 9.51056 3.09017 22.5
      vertex 42.7975 13.9058 22.5
      vertex 41.1095 18.3031 22.5
    endloop
  endfacet
  facet normal 0 0 1
    outer loop
      vertex 44.7535 -4.70378 22.5
      vertex 9.94522 -1.04528 22.5
      vertex 44.0166 -9.35603 22.5
    endloop
  endfacet
  facet normal 0 0 1
    outer loop
      vertex 9.13545 4.06737 22.5
      vertex 41.1095 18.3031 22.5
      vertex 38.9711 22.5 22.5
    endloop
  endfacet
  facet normal -0 0 1
    outer loop
      vertex 9.78148 -2.07912 22.5
      vertex 44.0166 -9.35603 22.5
      vertex 9.94522 -1.04528 22.5
    endloop
  endfacet
  facet normal 0 0 1
    outer loop
      vertex 8.66025 5 22.5
      vertex 38.9711 22.5 22.5
      vertex 36.4058 26.4503 22.5
    endloop
  endfacet
  facet normal 0 0 1
    outer loop
      vertex 44.0166 -9.35603 22.5
      vertex 9.78148 -2.07912 22.5
      vertex 42.7975 -13.9058 22.5
    endloop
  endfacet
  facet normal 0 0 1
    outer loop
      vertex 8.09017 5.87785 22.5
      vertex 36.4058 26.4503 22.5
      vertex 33.4415 30.1109 22.5
    endloop
  endfacet
  facet normal -0 0 1
    outer loop
      vertex 9.51056 -3.09017 22.5
      vertex 42.7975 -13.9058 22.5
      vertex 9.78148 -2.07912 22.5
    endloop
  endfacet
  facet normal 0 0 1
    outer loop
      vertex 7.43145 6.69131 22.5
      vertex 33.4415 30.1109 22.5
      vertex 30.1109 33.4415 22.5
    endloop
  endfacet
  facet normal 0 0 1
    outer loop
      vertex 42.7975 -13.9058 22.5
      vertex 9.51056 -3.09017 22.5
      vertex 41.1095 -18.3031 22.5
    endloop
  endfacet
  facet normal 0 0 1
    outer loop
      vertex 6.69131 7.43145 22.5
      vertex 30.1109 33.4415 22.5
      vertex 26.4503 36.4058 22.5
    endloop
  endfacet
  facet normal -0 0 1
    outer loop
      vertex 9.13545 -4.06737 22.5
      vertex 41.1095 -18.3031 22.5
      vertex 9.51056 -3.09017 22.5
    endloop
  endfacet
  facet normal 0 0 1
    outer loop
      vertex 5.87785 8.09017 22.5
      vertex 26.4503 36.4058 22.5
      vertex 22.5 38.9711 22.5
    endloop
  endfacet
  facet normal 0 0 1
    outer loop
      vertex 41.1095 -18.3031 22.5
      vertex 9.13545 -4.06737 22.5
      vertex 38.9711 -22.5 22.5
    endloop
  endfacet
  facet normal 0 0 1
    outer loop
      vertex 5 8.66025 22.5
      vertex 22.5 38.9711 22.5
      vertex 18.3031 41.1095 22.5
    endloop
  endfacet
  facet normal -0 0 1
    outer loop
      vertex 8.66025 -5 22.5
      vertex 38.9711 -22.5 22.5
      vertex 9.13545 -4.06737 22.5
    endloop
  endfacet
  facet normal 0 0 1
    outer loop
      vertex 4.06737 9.13545 22.5
      vertex 18.3031 41.1095 22.5
      vertex 13.9058 42.7975 22.5
    endloop
  endfacet
  facet normal 0 0 1
    outer loop
      vertex 38.9711 -22.5 22.5
      vertex 8.66025 -5 22.5
      vertex 36.4058 -26.4503 22.5
    endloop
  endfacet
  facet normal -0 0 1
    outer loop
      vertex 8.09017 -5.87785 22.5
      vertex 36.4058 -26.4503 22.5
      vertex 8.66025 -5 22.5
    endloop
  endfacet
  facet normal 0 0 1
    outer loop
      vertex 44.7535 4.70378 22.5
      vertex 9.94522 1.04528 22.5
      vertex 10 0 22.5
    endloop
  endfacet
  facet normal 0 0 1
    outer loop
      vertex 44.0166 9.35603 22.5
      vertex 9.78148 2.07912 22.5
      vertex 9.94522 1.04528 22.5
    endloop
  endfacet
  facet normal 0 0 1
    outer loop
      vertex 42.7975 13.9058 22.5
      vertex 9.51056 3.09017 22.5
      vertex 9.78148 2.07912 22.5
    endloop
  endfacet
  facet normal 0 0 1
    outer loop
      vertex 3.09017 9.51056 22.5
      vertex 13.9058 42.7975 22.5
      vertex 9.35603 44.0166 22.5
    endloop
  endfacet
  facet normal 0 0 1
    outer loop
      vertex 41.1095 18.3031 22.5
      vertex 9.13545 4.06737 22.5
      vertex 9.51056 3.09017 22.5
    endloop
  endfacet
  facet normal 0 0 1
    outer loop
      vertex 38.9711 22.5 22.5
      vertex 8.66025 5 22.5
      vertex 9.13545 4.06737 22.5
    endloop
  endfacet
  facet normal 0 0 1
    outer loop
      vertex 36.4058 26.4503 22.5
      vertex 8.09017 5.87785 22.5
      vertex 8.66025 5 22.5
    endloop
  endfacet
  facet normal 0 0 1
    outer loop
      vertex 33.4415 30.1109 22.5
      vertex 7.43145 6.69131 22.5
      vertex 8.09017 5.87785 22.5
    endloop
  endfacet
  facet normal 0 0 1
    outer loop
      vertex 30.1109 33.4415 22.5
      vertex 6.69131 7.43145 22.5
      vertex 7.43145 6.69131 22.5
    endloop
  endfacet
  facet normal 0 0 1
    outer loop
      vertex 26.4503 36.4058 22.5
      vertex 5.87785 8.09017 22.5
      vertex 6.69131 7.43145 22.5
    endloop
  endfacet
  facet normal 0 0 1
    outer loop
      vertex 22.5 38.9711 22.5
      vertex 5 8.66025 22.5
      vertex 5.87785 8.09017 22.5
    endloop
  endfacet
  facet normal 0 0 1
    outer loop
      vertex 2.07912 9.78148 22.5
      vertex 9.35603 44.0166 22.5
      vertex 4.70378 44.7535 22.5
    endloop
  endfacet
  facet normal 0 0 1
    outer loop
      vertex 18.3031 41.1095 22.5
      vertex 4.06737 9.13545 22.5
      vertex 5 8.66025 22.5
    endloop
  endfacet
  facet normal 0 0 1
    outer loop
      vertex 13.9058 42.7975 22.5
      vertex 3.09017 9.51056 22.5
      vertex 4.06737 9.13545 22.5
    endloop
  endfacet
  facet normal 0 0 1
    outer loop
      vertex 9.35603 44.0166 22.5
      vertex 2.07912 9.78148 22.5
      vertex 3.09017 9.51056 22.5
    endloop
  endfacet
  facet normal 0 0 1
    outer loop
      vertex 4.70378 44.7535 22.5
      vertex 1.04528 9.94522 22.5
      vertex 2.07912 9.78148 22.5
    endloop
  endfacet
  facet normal 0 0 1
    outer loop
      vertex 0 45 22.5
      vertex 1.04528 9.94522 22.5
      vertex 4.70378 44.7535 22.5
    endloop
  endfacet
  facet normal 0 0 1
    outer loop
      vertex 0 45 22.5
      vertex 0 10 22.5
      vertex 1.04528 9.94522 22.5
    endloop
  endfacet
  facet normal 0 0 1
    outer loop
      vertex 0 45 22.5
      vertex -1.04528 9.94522 22.5
      vertex 0 10 22.5
    endloop
  endfacet
  facet normal -0 0 1
    outer loop
      vertex -4.70378 44.7535 22.5
      vertex -1.04528 9.94522 22.5
      vertex 0 45 22.5
    endloop
  endfacet
  facet normal 0 0 1
    outer loop
      vertex -1.04528 9.94522 22.5
      vertex -4.70378 44.7535 22.5
      vertex -2.07912 9.78148 22.5
    endloop
  endfacet
  facet normal -0 0 1
    outer loop
      vertex -9.35603 44.0166 22.5
      vertex -2.07912 9.78148 22.5
      vertex -4.70378 44.7535 22.5
    endloop
  endfacet
  facet normal 0 0 1
    outer loop
      vertex -2.07912 9.78148 22.5
      vertex -9.35603 44.0166 22.5
      vertex -3.09017 9.51056 22.5
    endloop
  endfacet
  facet normal -0 0 1
    outer loop
      vertex -13.9058 42.7975 22.5
      vertex -3.09017 9.51056 22.5
      vertex -9.35603 44.0166 22.5
    endloop
  endfacet
  facet normal 0 0 1
    outer loop
      vertex -3.09017 9.51056 22.5
      vertex -13.9058 42.7975 22.5
      vertex -4.06737 9.13545 22.5
    endloop
  endfacet
  facet normal -0 0 1
    outer loop
      vertex -18.3031 41.1095 22.5
      vertex -4.06737 9.13545 22.5
      vertex -13.9058 42.7975 22.5
    endloop
  endfacet
  facet normal 0 0 1
    outer loop
      vertex -4.06737 9.13545 22.5
      vertex -18.3031 41.1095 22.5
      vertex -5 8.66025 22.5
    endloop
  endfacet
  facet normal -0 0 1
    outer loop
      vertex -22.5 38.9711 22.5
      vertex -5 8.66025 22.5
      vertex -18.3031 41.1095 22.5
    endloop
  endfacet
  facet normal 0 0 1
    outer loop
      vertex -5 8.66025 22.5
      vertex -22.5 38.9711 22.5
      vertex -5.87785 8.09017 22.5
    endloop
  endfacet
  facet normal -0 0 1
    outer loop
      vertex -26.4503 36.4058 22.5
      vertex -5.87785 8.09017 22.5
      vertex -22.5 38.9711 22.5
    endloop
  endfacet
  facet normal 0 0 1
    outer loop
      vertex -5.87785 8.09017 22.5
      vertex -26.4503 36.4058 22.5
      vertex -6.69131 7.43145 22.5
    endloop
  endfacet
  facet normal -0 0 1
    outer loop
      vertex -30.1109 33.4415 22.5
      vertex -6.69131 7.43145 22.5
      vertex -26.4503 36.4058 22.5
    endloop
  endfacet
  facet normal 0 0 1
    outer loop
      vertex -6.69131 7.43145 22.5
      vertex -30.1109 33.4415 22.5
      vertex -7.43145 6.69131 22.5
    endloop
  endfacet
  facet normal -0 0 1
    outer loop
      vertex -33.4415 30.1109 22.5
      vertex -7.43145 6.69131 22.5
      vertex -30.1109 33.4415 22.5
    endloop
  endfacet
  facet normal 0 0 1
    outer loop
      vertex -7.43145 6.69131 22.5
      vertex -33.4415 30.1109 22.5
      vertex -8.09017 5.87785 22.5
    endloop
  endfacet
  facet normal -0 0 1
    outer loop
      vertex -36.4058 26.4503 22.5
      vertex -8.09017 5.87785 22.5
      vertex -33.4415 30.1109 22.5
    endloop
  endfacet
  facet normal 0 0 1
    outer loop
      vertex 36.4058 -26.4503 22.5
      vertex 8.09017 -5.87785 22.5
      vertex 33.4415 -30.1109 22.5
    endloop
  endfacet
  facet normal -0 0 1
    outer loop
      vertex 7.43145 -6.69131 22.5
      vertex 33.4415 -30.1109 22.5
      vertex 8.09017 -5.87785 22.5
    endloop
  endfacet
  facet normal 0 0 1
    outer loop
      vertex 33.4415 -30.1109 22.5
      vertex 7.43145 -6.69131 22.5
      vertex 30.1109 -33.4415 22.5
    endloop
  endfacet
  facet normal -0 0 1
    outer loop
      vertex 6.69131 -7.43145 22.5
      vertex 30.1109 -33.4415 22.5
      vertex 7.43145 -6.69131 22.5
    endloop
  endfacet
  facet normal 0 0 1
    outer loop
      vertex 30.1109 -33.4415 22.5
      vertex 6.69131 -7.43145 22.5
      vertex 26.4503 -36.4058 22.5
    endloop
  endfacet
  facet normal -0 0 1
    outer loop
      vertex 5.87785 -8.09017 22.5
      vertex 26.4503 -36.4058 22.5
      vertex 6.69131 -7.43145 22.5
    endloop
  endfacet
  facet normal 0 0 1
    outer loop
      vertex 26.4503 -36.4058 22.5
      vertex 5.87785 -8.09017 22.5
      vertex 22.5 -38.9711 22.5
    endloop
  endfacet
  facet normal -0 0 1
    outer loop
      vertex 5 -8.66025 22.5
      vertex 22.5 -38.9711 22.5
      vertex 5.87785 -8.09017 22.5
    endloop
  endfacet
  facet normal 0 0 1
    outer loop
      vertex 22.5 -38.9711 22.5
      vertex 5 -8.66025 22.5
      vertex 18.3031 -41.1095 22.5
    endloop
  endfacet
  facet normal -0 0 1
    outer loop
      vertex 4.06737 -9.13545 22.5
      vertex 18.3031 -41.1095 22.5
      vertex 5 -8.66025 22.5
    endloop
  endfacet
  facet normal 0 0 1
    outer loop
      vertex 18.3031 -41.1095 22.5
      vertex 4.06737 -9.13545 22.5
      vertex 13.9058 -42.7975 22.5
    endloop
  endfacet
  facet normal -0 0 1
    outer loop
      vertex 3.09017 -9.51056 22.5
      vertex 13.9058 -42.7975 22.5
      vertex 4.06737 -9.13545 22.5
    endloop
  endfacet
  facet normal 0 0 1
    outer loop
      vertex 13.9058 -42.7975 22.5
      vertex 3.09017 -9.51056 22.5
      vertex 9.35603 -44.0166 22.5
    endloop
  endfacet
  facet normal -0 0 1
    outer loop
      vertex 2.07912 -9.78148 22.5
      vertex 9.35603 -44.0166 22.5
      vertex 3.09017 -9.51056 22.5
    endloop
  endfacet
  facet normal 0 0 1
    outer loop
      vertex 9.35603 -44.0166 22.5
      vertex 2.07912 -9.78148 22.5
      vertex 4.70378 -44.7535 22.5
    endloop
  endfacet
  facet normal -0 0 1
    outer loop
      vertex 1.04528 -9.94522 22.5
      vertex 4.70378 -44.7535 22.5
      vertex 2.07912 -9.78148 22.5
    endloop
  endfacet
  facet normal -0 0 1
    outer loop
      vertex 0 -10 22.5
      vertex 4.70378 -44.7535 22.5
      vertex 1.04528 -9.94522 22.5
    endloop
  endfacet
  facet normal 0 0 1
    outer loop
      vertex 0 -10 22.5
      vertex 0 -45 22.5
      vertex 4.70378 -44.7535 22.5
    endloop
  endfacet
  facet normal 0 0 1
    outer loop
      vertex -1.04528 -9.94522 22.5
      vertex 0 -45 22.5
      vertex 0 -10 22.5
    endloop
  endfacet
  facet normal 0 0 1
    outer loop
      vertex -4.70378 -44.7535 22.5
      vertex -1.04528 -9.94522 22.5
      vertex -2.07912 -9.78148 22.5
    endloop
  endfacet
  facet normal 0 0 1
    outer loop
      vertex -9.35603 -44.0166 22.5
      vertex -2.07912 -9.78148 22.5
      vertex -3.09017 -9.51056 22.5
    endloop
  endfacet
  facet normal 0 0 1
    outer loop
      vertex -13.9058 -42.7975 22.5
      vertex -3.09017 -9.51056 22.5
      vertex -4.06737 -9.13545 22.5
    endloop
  endfacet
  facet normal 0 0 1
    outer loop
      vertex -1.04528 -9.94522 22.5
      vertex -4.70378 -44.7535 22.5
      vertex 0 -45 22.5
    endloop
  endfacet
  facet normal 0 0 1
    outer loop
      vertex -18.3031 -41.1095 22.5
      vertex -4.06737 -9.13545 22.5
      vertex -5 -8.66025 22.5
    endloop
  endfacet
  facet normal 0 0 1
    outer loop
      vertex -22.5 -38.9711 22.5
      vertex -5 -8.66025 22.5
      vertex -5.87785 -8.09017 22.5
    endloop
  endfacet
  facet normal 0 0 1
    outer loop
      vertex -26.4503 -36.4058 22.5
      vertex -5.87785 -8.09017 22.5
      vertex -6.69131 -7.43145 22.5
    endloop
  endfacet
  facet normal 0 0 1
    outer loop
      vertex -30.1109 -33.4415 22.5
      vertex -6.69131 -7.43145 22.5
      vertex -7.43145 -6.69131 22.5
    endloop
  endfacet
  facet normal 0 0 1
    outer loop
      vertex -33.4415 -30.1109 22.5
      vertex -7.43145 -6.69131 22.5
      vertex -8.09017 -5.87785 22.5
    endloop
  endfacet
  facet normal 0 0 1
    outer loop
      vertex -36.4058 -26.4503 22.5
      vertex -8.09017 -5.87785 22.5
      vertex -8.66025 -5 22.5
    endloop
  endfacet
  facet normal 0 0 1
    outer loop
      vertex -38.9711 -22.5 22.5
      vertex -8.66025 -5 22.5
      vertex -9.13545 -4.06737 22.5
    endloop
  endfacet
  facet normal 0 0 1
    outer loop
      vertex -2.07912 -9.78148 22.5
      vertex -9.35603 -44.0166 22.5
      vertex -4.70378 -44.7535 22.5
    endloop
  endfacet
  facet normal 0 0 1
    outer loop
      vertex -41.1095 -18.3031 22.5
      vertex -9.13545 -4.06737 22.5
      vertex -9.51056 -3.09017 22.5
    endloop
  endfacet
  facet normal 0 0 1
    outer loop
      vertex -42.7975 -13.9058 22.5
      vertex -9.51056 -3.09017 22.5
      vertex -9.78148 -2.07912 22.5
    endloop
  endfacet
  facet normal 0 0 1
    outer loop
      vertex -44.0166 -9.35603 22.5
      vertex -9.78148 -2.07912 22.5
      vertex -9.94522 -1.04528 22.5
    endloop
  endfacet
  facet normal 0 0 1
    outer loop
      vertex -44.7535 -4.70378 22.5
      vertex -9.94522 -1.04528 22.5
      vertex -10 0 22.5
    endloop
  endfacet
  facet normal 0 0 1
    outer loop
      vertex -8.09017 5.87785 22.5
      vertex -36.4058 26.4503 22.5
      vertex -8.66025 5 22.5
    endloop
  endfacet
  facet normal 0 0 1
    outer loop
      vertex -3.09017 -9.51056 22.5
      vertex -13.9058 -42.7975 22.5
      vertex -9.35603 -44.0166 22.5
    endloop
  endfacet
  facet normal -0 0 1
    outer loop
      vertex -38.9711 22.5 22.5
      vertex -8.66025 5 22.5
      vertex -36.4058 26.4503 22.5
    endloop
  endfacet
  facet normal 0 0 1
    outer loop
      vertex -4.06737 -9.13545 22.5
      vertex -18.3031 -41.1095 22.5
      vertex -13.9058 -42.7975 22.5
    endloop
  endfacet
  facet normal 0 0 1
    outer loop
      vertex -8.66025 5 22.5
      vertex -38.9711 22.5 22.5
      vertex -9.13545 4.06737 22.5
    endloop
  endfacet
  facet normal 0 0 1
    outer loop
      vertex -5 -8.66025 22.5
      vertex -22.5 -38.9711 22.5
      vertex -18.3031 -41.1095 22.5
    endloop
  endfacet
  facet normal -0 0 1
    outer loop
      vertex -41.1095 18.3031 22.5
      vertex -9.13545 4.06737 22.5
      vertex -38.9711 22.5 22.5
    endloop
  endfacet
  facet normal 0 0 1
    outer loop
      vertex -5.87785 -8.09017 22.5
      vertex -26.4503 -36.4058 22.5
      vertex -22.5 -38.9711 22.5
    endloop
  endfacet
  facet normal 0 0 1
    outer loop
      vertex -9.13545 4.06737 22.5
      vertex -41.1095 18.3031 22.5
      vertex -9.51056 3.09017 22.5
    endloop
  endfacet
  facet normal 0 0 1
    outer loop
      vertex -6.69131 -7.43145 22.5
      vertex -30.1109 -33.4415 22.5
      vertex -26.4503 -36.4058 22.5
    endloop
  endfacet
  facet normal -0 0 1
    outer loop
      vertex -42.7975 13.9058 22.5
      vertex -9.51056 3.09017 22.5
      vertex -41.1095 18.3031 22.5
    endloop
  endfacet
  facet normal 0 0 1
    outer loop
      vertex -7.43145 -6.69131 22.5
      vertex -33.4415 -30.1109 22.5
      vertex -30.1109 -33.4415 22.5
    endloop
  endfacet
  facet normal 0 0 1
    outer loop
      vertex -9.51056 3.09017 22.5
      vertex -42.7975 13.9058 22.5
      vertex -9.78148 2.07912 22.5
    endloop
  endfacet
  facet normal 0 0 1
    outer loop
      vertex -8.09017 -5.87785 22.5
      vertex -36.4058 -26.4503 22.5
      vertex -33.4415 -30.1109 22.5
    endloop
  endfacet
  facet normal -0 0 1
    outer loop
      vertex -44.0166 9.35603 22.5
      vertex -9.78148 2.07912 22.5
      vertex -42.7975 13.9058 22.5
    endloop
  endfacet
  facet normal 0 0 1
    outer loop
      vertex -8.66025 -5 22.5
      vertex -38.9711 -22.5 22.5
      vertex -36.4058 -26.4503 22.5
    endloop
  endfacet
  facet normal 0 0 1
    outer loop
      vertex -9.78148 2.07912 22.5
      vertex -44.0166 9.35603 22.5
      vertex -9.94522 1.04528 22.5
    endloop
  endfacet
  facet normal 0 0 1
    outer loop
      vertex -9.13545 -4.06737 22.5
      vertex -41.1095 -18.3031 22.5
      vertex -38.9711 -22.5 22.5
    endloop
  endfacet
  facet normal -0 0 1
    outer loop
      vertex -44.7535 4.70378 22.5
      vertex -9.94522 1.04528 22.5
      vertex -44.0166 9.35603 22.5
    endloop
  endfacet
  facet normal 0 0 1
    outer loop
      vertex -9.51056 -3.09017 22.5
      vertex -42.7975 -13.9058 22.5
      vertex -41.1095 -18.3031 22.5
    endloop
  endfacet
  facet normal 0 0 1
    outer loop
      vertex -9.94522 1.04528 22.5
      vertex -44.7535 4.70378 22.5
      vertex -10 0 22.5
    endloop
  endfacet
  facet normal 0 0 1
    outer loop
      vertex -9.78148 -2.07912 22.5
      vertex -44.0166 -9.35603 22.5
      vertex -42.7975 -13.9058 22.5
    endloop
  endfacet
  facet normal 0 0 1
    outer loop
      vertex -45 0 22.5
      vertex -10 0 22.5
      vertex -44.7535 4.70378 22.5
    endloop
  endfacet
  facet normal 0 0 1
    outer loop
      vertex -9.94522 -1.04528 22.5
      vertex -44.7535 -4.70378 22.5
      vertex -44.0166 -9.35603 22.5
    endloop
  endfacet
  facet normal 0 0 1
    outer loop
      vertex -10 0 22.5
      vertex -45 0 22.5
      vertex -44.7535 -4.70378 22.5
    endloop
  endfacet
  facet normal -0.230596 -0.117497 0.96593
    outer loop
      vertex -43.9586 -19.5716 22.1727
      vertex -45.3441 -20.1885 21.7669
      vertex -42.9854 -24.8176 21.7669
    endloop
  endfacet
  facet normal -0.151053 -0.0404751 0.987697
    outer loop
      vertex -45.5503 -9.68202 22.4179
      vertex -45.7636 -14.8695 22.1727
      vertex -44.2887 -14.3903 22.4179
    endloop
  endfacet
  facet normal -0.342732 -0.423244 0.838689
    outer loop
      vertex -30.8587 -42.4734 20.4931
      vertex -35.1294 -39.0151 20.4931
      vertex -31.6327 -43.5387 19.6392
    endloop
  endfacet
  facet normal -0.456751 -0.296615 0.838689
    outer loop
      vertex -42.4734 -30.8587 20.4931
      vertex -45.4663 -26.25 20.4931
      vertex -43.5387 -31.6327 19.6392
    endloop
  endfacet
  facet normal -0.549514 -0.444987 0.707121
    outer loop
      vertex -40.9004 -36.8269 18.6525
      vertex -44.5258 -32.3499 18.6525
      vertex -41.7255 -37.5698 17.5438
    endloop
  endfacet
  facet normal -0.453372 -0.889786 0.0522912
    outer loop
      vertex -24.3708 -54.7377 9.08634
      vertex -29.9589 -51.8904 9.08634
      vertex -24.4042 -54.8127 7.52056
    endloop
  endfacet
  facet normal -0.357882 -0.932302 0.0522908
    outer loop
      vertex -24.3708 -54.7377 9.08634
      vertex -24.4042 -54.8127 7.52056
      vertex -18.541 -57.0634 7.52056
    endloop
  endfacet
  facet normal -0.131202 -0.828331 0.544659
    outer loop
      vertex -11.8791 -55.8867 16.3253
      vertex -12.0569 -56.7232 15.0103
      vertex -5.97226 -56.8223 16.3253
    endloop
  endfacet
  facet normal -0.346141 -0.901764 0.258859
    outer loop
      vertex -24.1056 -54.142 12.1495
      vertex -24.2709 -54.5133 10.635
      vertex -18.4397 -56.7516 10.635
    endloop
  endfacet
  facet normal -0.255638 -0.954032 0.156435
    outer loop
      vertex -18.4397 -56.7516 10.635
      vertex -18.5156 -56.9852 9.08634
      vertex -12.4066 -58.3682 10.635
    endloop
  endfacet
  facet normal -0.255641 -0.954029 0.156452
    outer loop
      vertex -12.4066 -58.3682 10.635
      vertex -18.5156 -56.9852 9.08634
      vertex -12.4576 -58.6085 9.08634
    endloop
  endfacet
  facet normal -0.0984478 -0.621566 0.777151
    outer loop
      vertex -11.1891 -52.6408 19.6392
      vertex -11.4428 -53.8343 18.6525
      vertex -5.75293 -54.7355 18.6525
    endloop
  endfacet
  facet normal -0.098445 -0.621561 0.777156
    outer loop
      vertex -5.62539 -53.522 19.6392
      vertex -11.1891 -52.6408 19.6392
      vertex -5.75293 -54.7355 18.6525
    endloop
  endfacet
  facet normal -0.0669876 -0.250001 0.965926
    outer loop
      vertex -10.0044 -47.0672 22.1727
      vertex -14.8695 -45.7636 22.1727
      vertex -10.3197 -48.5506 21.7669
    endloop
  endfacet
  facet normal -0.0560445 -0.145998 0.987696
    outer loop
      vertex -18.9409 -42.5419 22.4179
      vertex -19.5716 -43.9586 22.1727
      vertex -14.8695 -45.7636 22.1727
    endloop
  endfacet
  facet normal -0.285726 -0.352852 0.890986
    outer loop
      vertex -34.1933 -37.9755 21.205
      vertex -35.1294 -39.0151 20.4931
      vertex -30.0364 -41.3416 21.205
    endloop
  endfacet
  facet normal -0.0669896 -0.250004 0.965925
    outer loop
      vertex -14.8695 -45.7636 22.1727
      vertex -15.3381 -47.2059 21.7669
      vertex -10.3197 -48.5506 21.7669
    endloop
  endfacet
  facet normal -0.448404 -0.880037 0.156424
    outer loop
      vertex -29.8361 -51.6777 10.635
      vertex -29.9589 -51.8904 9.08634
      vertex -24.3708 -54.7377 9.08634
    endloop
  endfacet
  facet normal -0.448399 -0.880036 0.156442
    outer loop
      vertex -24.2709 -54.5133 10.635
      vertex -29.8361 -51.6777 10.635
      vertex -24.3708 -54.7377 9.08634
    endloop
  endfacet
  facet normal -0.692442 -0.560726 0.453994
    outer loop
      vertex -46.9152 -34.0859 15.0103
      vertex -47.4919 -34.5049 13.6132
      vertex -43.0953 -38.8031 15.0103
    endloop
  endfacet
  facet normal -0.0488505 -0.932308 0.35835
    outer loop
      vertex 0 -58.7032 13.6132
      vertex -6.19497 -58.9412 12.1495
      vertex 0 -59.2658 12.1495
    endloop
  endfacet
  facet normal -0.048862 -0.93229 0.358396
    outer loop
      vertex -6.13615 -58.3816 13.6132
      vertex -6.19497 -58.9412 12.1495
      vertex 0 -58.7032 13.6132
    endloop
  endfacet
  facet normal -0.217052 -0.810083 0.544659
    outer loop
      vertex -11.8791 -55.8867 16.3253
      vertex -17.6558 -54.3389 16.3253
      vertex -12.0569 -56.7232 15.0103
    endloop
  endfacet
  facet normal -0.217083 -0.810119 0.544594
    outer loop
      vertex -17.6558 -54.3389 16.3253
      vertex -17.92 -55.1521 15.0103
      vertex -12.0569 -56.7232 15.0103
    endloop
  endfacet
  facet normal -0.319312 -0.831835 0.453973
    outer loop
      vertex -17.92 -55.1521 15.0103
      vertex -23.8767 -53.628 13.6132
      vertex -18.1403 -55.83 13.6132
    endloop
  endfacet
  facet normal -0.139378 -0.880046 0.453975
    outer loop
      vertex -6.06165 -57.6727 15.0103
      vertex -12.0569 -56.7232 15.0103
      vertex -6.13615 -58.3816 13.6132
    endloop
  endfacet
  facet normal 0.0560581 -0.353952 -0.933582
    outer loop
      vertex 5.34151 -50.8211 -21.205
      vertex 5.1883 -49.3633 -21.7669
      vertex 10.3197 -48.5506 -21.7669
    endloop
  endfacet
  facet normal 0.0237681 -0.45342 -0.89098
    outer loop
      vertex 5.34151 -50.8211 -21.205
      vertex 0 -52.5 -20.4931
      vertex 0 -51.1011 -21.205
    endloop
  endfacet
  facet normal 0.140944 -0.526038 -0.8387
    outer loop
      vertex 11.1891 -52.6408 -19.6392
      vertex 10.9154 -51.3527 -20.4931
      vertex 16.2234 -49.9305 -20.4931
    endloop
  endfacet
  facet normal 0.0851969 -0.537885 -0.838702
    outer loop
      vertex 11.1891 -52.6408 -19.6392
      vertex 5.48774 -52.2124 -20.4931
      vertex 10.9154 -51.3527 -20.4931
    endloop
  endfacet
  facet normal 0.285706 -0.560728 -0.777146
    outer loop
      vertex 22.3855 -50.2788 -18.6525
      vertex 21.8893 -49.1641 -19.6392
      vertex 27.5185 -47.6634 -18.6525
    endloop
  endfacet
  facet normal 0.321023 -0.630042 -0.707101
    outer loop
      vertex 22.8371 -51.293 -17.5438
      vertex 22.3855 -50.2788 -18.6525
      vertex 27.5185 -47.6634 -18.6525
    endloop
  endfacet
  facet normal 0.456776 -0.703381 -0.54462
    outer loop
      vertex 34.0859 -46.9152 -15.0103
      vertex 28.5676 -49.4806 -16.3253
      vertex 33.5833 -46.2234 -16.3253
    endloop
  endfacet
  facet normal 0.352816 -0.692448 -0.629314
    outer loop
      vertex 28.5676 -49.4806 -16.3253
      vertex 22.8371 -51.293 -17.5438
      vertex 28.0736 -48.6249 -17.5438
    endloop
  endfacet
  facet normal 0.2785 -0.725513 -0.629339
    outer loop
      vertex 23.239 -52.1957 -16.3253
      vertex 17.6558 -54.3389 -16.3253
      vertex 22.8371 -51.293 -17.5438
    endloop
  endfacet
  facet normal 0.300565 -0.782994 -0.544593
    outer loop
      vertex 17.92 -55.1521 -15.0103
      vertex 17.6558 -54.3389 -16.3253
      vertex 23.239 -52.1957 -16.3253
    endloop
  endfacet
  facet normal 0.00819086 -0.0517163 -0.998628
    outer loop
      vertex 9.68202 -45.5503 -22.4179
      vertex 4.86767 -46.3128 -22.4179
      vertex 9.35603 -44.0166 -22.5
    endloop
  endfacet
  facet normal -0.00819086 -0.0517163 -0.998628
    outer loop
      vertex -4.86767 -46.3128 -22.4179
      vertex -9.68202 -45.5503 -22.4179
      vertex -9.35603 -44.0166 -22.5
    endloop
  endfacet
  facet normal 0.593029 -0.593029 -0.54464
    outer loop
      vertex 43.0953 -38.8031 -15.0103
      vertex 38.2309 -42.4598 -16.3253
      vertex 42.4598 -38.2309 -16.3253
    endloop
  endfacet
  facet normal 0.593029 -0.593029 -0.54464
    outer loop
      vertex 38.2309 -42.4598 -16.3253
      vertex 43.0953 -38.8031 -15.0103
      vertex 38.8031 -43.0953 -15.0103
    endloop
  endfacet
  facet normal 0.587523 -0.725524 -0.358374
    outer loop
      vertex 34.8356 -47.9471 -12.1495
      vertex 34.5049 -47.4919 -13.6132
      vertex 39.6566 -44.0431 -12.1495
    endloop
  endfacet
  facet normal 0.456776 -0.703382 -0.544618
    outer loop
      vertex 28.9952 -50.2211 -15.0103
      vertex 28.5676 -49.4806 -16.3253
      vertex 34.0859 -46.9152 -15.0103
    endloop
  endfacet
  facet normal 0.527805 -0.651776 -0.544619
    outer loop
      vertex 34.0859 -46.9152 -15.0103
      vertex 33.5833 -46.2234 -16.3253
      vertex 38.2309 -42.4598 -16.3253
    endloop
  endfacet
  facet normal 0.683013 -0.683013 -0.258819
    outer loop
      vertex 44.3451 -39.9285 -10.635
      vertex 39.6566 -44.0431 -12.1495
      vertex 44.0431 -39.6566 -12.1495
    endloop
  endfacet
  facet normal 0.683013 -0.683013 -0.258819
    outer loop
      vertex 39.6566 -44.0431 -12.1495
      vertex 44.3451 -39.9285 -10.635
      vertex 39.9285 -44.3451 -10.635
    endloop
  endfacet
  facet normal 0.537947 -0.828339 -0.156424
    outer loop
      vertex 29.9589 -51.8904 -9.08634
      vertex 29.8361 -51.6777 -10.635
      vertex 35.0744 -48.2758 -10.635
    endloop
  endfacet
  facet normal 0.526099 -0.810096 -0.258773
    outer loop
      vertex 35.0744 -48.2758 -10.635
      vertex 29.8361 -51.6777 -10.635
      vertex 34.8356 -47.9471 -12.1495
    endloop
  endfacet
  facet normal -0.128418 -0.334558 -0.933584
    outer loop
      vertex -15.7911 -48.6 -21.205
      vertex -20.1885 -45.3441 -21.7669
      vertex -15.3381 -47.2059 -21.7669
    endloop
  endfacet
  facet normal -0.0927435 -0.241617 -0.965929
    outer loop
      vertex -15.3381 -47.2059 -21.7669
      vertex -20.1885 -45.3441 -21.7669
      vertex -19.5716 -43.9586 -22.1727
    endloop
  endfacet
  facet normal -0.140944 -0.526038 -0.8387
    outer loop
      vertex -11.1891 -52.6408 -19.6392
      vertex -16.2234 -49.9305 -20.4931
      vertex -10.9154 -51.3527 -20.4931
    endloop
  endfacet
  facet normal -0.117504 -0.438555 -0.890989
    outer loop
      vertex -10.9154 -51.3527 -20.4931
      vertex -16.2234 -49.9305 -20.4931
      vertex -15.7911 -48.6 -21.205
    endloop
  endfacet
  facet normal -0.0285203 -0.043916 -0.998628
    outer loop
      vertex -23.284 -40.329 -22.4179
      vertex -27.3719 -37.6742 -22.4179
      vertex -26.4503 -36.4058 -22.5
    endloop
  endfacet
  facet normal -0.0285171 -0.0439134 -0.998628
    outer loop
      vertex -23.284 -40.329 -22.4179
      vertex -26.4503 -36.4058 -22.5
      vertex -22.5 -38.9711 -22.5
    endloop
  endfacet
  facet normal -0.162867 0.201124 -0.965931
    outer loop
      vertex -28.2834 38.9288 -22.1727
      vertex -33.2125 36.8862 -21.7669
      vertex -29.1749 40.1558 -21.7669
    endloop
  endfacet
  facet normal -0.0244633 -0.154456 -0.987697
    outer loop
      vertex -5.02977 -47.8551 -22.1727
      vertex -10.0044 -47.0672 -22.1727
      vertex -4.86767 -46.3128 -22.4179
    endloop
  endfacet
  facet normal -0.0560418 -0.145995 -0.987697
    outer loop
      vertex -14.8695 -45.7636 -22.1727
      vertex -18.9409 -42.5419 -22.4179
      vertex -14.3903 -44.2887 -22.4179
    endloop
  endfacet
  facet normal -0.0244631 -0.154458 -0.987697
    outer loop
      vertex -4.86767 -46.3128 -22.4179
      vertex -10.0044 -47.0672 -22.1727
      vertex -9.68202 -45.5503 -22.4179
    endloop
  endfacet
  facet normal -0.0710251 -0.448458 -0.890977
    outer loop
      vertex -5.34151 -50.8211 -21.205
      vertex -10.9154 -51.3527 -20.4931
      vertex -10.6245 -49.9844 -21.205
    endloop
  endfacet
  facet normal -0.117517 -0.438575 -0.890978
    outer loop
      vertex -10.9154 -51.3527 -20.4931
      vertex -15.7911 -48.6 -21.205
      vertex -10.6245 -49.9844 -21.205
    endloop
  endfacet
  facet normal -0.0135522 -0.0505767 -0.998628
    outer loop
      vertex -9.68202 -45.5503 -22.4179
      vertex -14.3903 -44.2887 -22.4179
      vertex -9.35603 -44.0166 -22.5
    endloop
  endfacet
  facet normal 0.0135451 -0.258456 -0.965928
    outer loop
      vertex 5.02977 -47.8551 -22.1727
      vertex 0 -49.6353 -21.7669
      vertex 0 -48.1187 -22.1727
    endloop
  endfacet
  facet normal 0.0370263 -0.0370263 -0.998628
    outer loop
      vertex 31.16 -34.6067 -22.4179
      vertex 33.4415 -30.1109 -22.5
      vertex 34.6067 -31.16 -22.4179
    endloop
  endfacet
  facet normal 0.0370263 -0.0370263 -0.998628
    outer loop
      vertex 33.4415 -30.1109 -22.5
      vertex 31.16 -34.6067 -22.4179
      vertex 30.1109 -33.4415 -22.5
    endloop
  endfacet
  facet normal 0.0560445 -0.145998 -0.987696
    outer loop
      vertex 19.5716 -43.9586 -22.1727
      vertex 14.8695 -45.7636 -22.1727
      vertex 18.9409 -42.5419 -22.4179
    endloop
  endfacet
  facet normal 0.0187652 -0.0488839 -0.998628
    outer loop
      vertex 14.3903 -44.2887 -22.4179
      vertex 13.9058 -42.7975 -22.5
      vertex 18.3031 -41.1095 -22.5
    endloop
  endfacet
  facet normal 0.154456 0.0244633 -0.987697
    outer loop
      vertex 47.8551 5.02977 -22.1727
      vertex 46.3128 4.86767 -22.4179
      vertex 47.0672 10.0044 -22.1727
    endloop
  endfacet
  facet normal 0.154458 0.0244631 -0.987697
    outer loop
      vertex 46.3128 4.86767 -22.4179
      vertex 45.5503 9.68202 -22.4179
      vertex 47.0672 10.0044 -22.1727
    endloop
  endfacet
  facet normal 0.357872 0.0187595 -0.933582
    outer loop
      vertex 51.1011 0 -21.205
      vertex 49.3633 5.1883 -21.7669
      vertex 50.8211 5.34151 -21.205
    endloop
  endfacet
  facet normal 0.357879 0.018762 -0.93358
    outer loop
      vertex 49.6353 0 -21.7669
      vertex 49.3633 5.1883 -21.7669
      vertex 51.1011 0 -21.205
    endloop
  endfacet
  facet normal 0.35395 -0.0560573 -0.933583
    outer loop
      vertex 49.9844 -10.6245 -21.205
      vertex 48.5506 -10.3197 -21.7669
      vertex 50.8211 -5.34151 -21.205
    endloop
  endfacet
  facet normal 0.448458 -0.0710251 -0.890977
    outer loop
      vertex 51.3527 -10.9154 -20.4931
      vertex 49.9844 -10.6245 -21.205
      vertex 50.8211 -5.34151 -21.205
    endloop
  endfacet
  facet normal 0.217059 -0.140957 -0.965928
    outer loop
      vertex 42.9854 -24.8176 -21.7669
      vertex 40.1558 -29.1749 -21.7669
      vertex 41.672 -24.0593 -22.1727
    endloop
  endfacet
  facet normal 0.20113 -0.16287 -0.96593
    outer loop
      vertex 36.8862 -33.2125 -21.7669
      vertex 35.7591 -32.1977 -22.1727
      vertex 38.9288 -28.2834 -22.1727
    endloop
  endfacet
  facet normal 0.070998 -0.139341 -0.987696
    outer loop
      vertex 19.5716 -43.9586 -22.1727
      vertex 18.9409 -42.5419 -22.4179
      vertex 24.0593 -41.672 -22.1727
    endloop
  endfacet
  facet normal 0.0709983 -0.139343 -0.987696
    outer loop
      vertex 24.0593 -41.672 -22.1727
      vertex 18.9409 -42.5419 -22.4179
      vertex 23.284 -40.329 -22.4179
    endloop
  endfacet
  facet normal 0.975525 0.154507 0.156457
    outer loop
      vertex 58.6085 12.4576 9.08634
      vertex 58.3682 12.4066 10.635
      vertex 59.5896 6.26312 9.08634
    endloop
  endfacet
  facet normal 0.954029 0.255641 0.156452
    outer loop
      vertex 58.6085 12.4576 9.08634
      vertex 56.9852 18.5156 9.08634
      vertex 58.3682 12.4066 10.635
    endloop
  endfacet
  facet normal 0.83183 0.319312 0.453981
    outer loop
      vertex 53.628 23.8767 13.6132
      vertex 52.9768 23.5868 15.0103
      vertex 55.1521 17.92 15.0103
    endloop
  endfacet
  facet normal 0.828331 0.131202 0.544659
    outer loop
      vertex 56.7232 12.0569 15.0103
      vertex 55.8867 11.8791 16.3253
      vertex 56.8223 5.97226 16.3253
    endloop
  endfacet
  facet normal 0.93229 0.048862 0.358396
    outer loop
      vertex 58.9412 6.19497 12.1495
      vertex 58.3816 6.13615 13.6132
      vertex 58.7032 0 13.6132
    endloop
  endfacet
  facet normal 0.922077 0.146038 0.358396
    outer loop
      vertex 58.9412 6.19497 12.1495
      vertex 57.4204 12.2051 13.6132
      vertex 58.3816 6.13615 13.6132
    endloop
  endfacet
  facet normal -0.131202 -0.828331 -0.544659
    outer loop
      vertex -5.97226 -56.8223 -16.3253
      vertex -12.0569 -56.7232 -15.0103
      vertex -11.8791 -55.8867 -16.3253
    endloop
  endfacet
  facet normal -0.217052 -0.810083 -0.544659
    outer loop
      vertex -12.0569 -56.7232 -15.0103
      vertex -17.6558 -54.3389 -16.3253
      vertex -11.8791 -55.8867 -16.3253
    endloop
  endfacet
  facet normal -0.151112 -0.95403 -0.258829
    outer loop
      vertex -6.19497 -58.9412 -12.1495
      vertex -12.4066 -58.3682 -10.635
      vertex -12.3221 -57.9707 -12.1495
    endloop
  endfacet
  facet normal -0.249988 -0.933013 -0.258829
    outer loop
      vertex -12.4066 -58.3682 -10.635
      vertex -18.3142 -56.3652 -12.1495
      vertex -12.3221 -57.9707 -12.1495
    endloop
  endfacet
  facet normal -0.285704 -0.560717 -0.777154
    outer loop
      vertex -21.8893 -49.1641 -19.6392
      vertex -27.5185 -47.6634 -18.6525
      vertex -26.9084 -46.6067 -19.6392
    endloop
  endfacet
  facet normal -0.19519 -0.300572 -0.933572
    outer loop
      vertex -24.8176 -42.9854 -21.7669
      vertex -30.0364 -41.3416 -21.205
      vertex -29.1749 -40.1558 -21.7669
    endloop
  endfacet
  facet normal -0.889786 -0.453372 -0.0522912
    outer loop
      vertex -51.8904 -29.9589 -9.08634
      vertex -54.8127 -24.4042 -7.52056
      vertex -54.7377 -24.3708 -9.08634
    endloop
  endfacet
  facet normal -0.860637 -0.438515 -0.258859
    outer loop
      vertex -51.6777 -29.8361 -10.635
      vertex -54.5133 -24.2709 -10.635
      vertex -54.142 -24.1056 -12.1495
    endloop
  endfacet
  facet normal -0.241633 -0.0927558 -0.965924
    outer loop
      vertex -43.9586 -19.5716 -22.1727
      vertex -47.2059 -15.3381 -21.7669
      vertex -45.7636 -14.8695 -22.1727
    endloop
  endfacet
  facet normal -0.683024 -0.18302 -0.707094
    outer loop
      vertex -53.3991 -17.3504 -17.5438
      vertex -54.9202 -11.6737 -17.5438
      vertex -53.8343 -11.4428 -18.6525
    endloop
  endfacet
  facet normal -0.423873 -0.162713 -0.890986
    outer loop
      vertex -47.9611 -21.3537 -20.4931
      vertex -48.6 -15.7911 -21.205
      vertex -46.6831 -20.7847 -21.205
    endloop
  endfacet
  facet normal -0.404546 -0.206127 -0.890985
    outer loop
      vertex -45.4663 -26.25 -20.4931
      vertex -46.6831 -20.7847 -21.205
      vertex -44.2548 -25.5505 -21.205
    endloop
  endfacet
  facet normal -0.300557 0.195185 -0.933578
    outer loop
      vertex -42.9854 24.8176 -21.7669
      vertex -44.2548 25.5505 -21.205
      vertex -41.3416 30.0364 -21.205
    endloop
  endfacet
  facet normal -0.319313 0.162698 -0.933578
    outer loop
      vertex -42.9854 24.8176 -21.7669
      vertex -46.6831 20.7847 -21.205
      vertex -44.2548 25.5505 -21.205
    endloop
  endfacet
  facet normal -0.241617 0.0927435 -0.965929
    outer loop
      vertex -43.9586 19.5716 -22.1727
      vertex -47.2059 15.3381 -21.7669
      vertex -45.3441 20.1885 -21.7669
    endloop
  endfacet
  facet normal -0.438555 0.117504 -0.890989
    outer loop
      vertex -48.6 15.7911 -21.205
      vertex -51.3527 10.9154 -20.4931
      vertex -49.9305 16.2234 -20.4931
    endloop
  endfacet
  facet normal -0.154456 0.0244633 -0.987697
    outer loop
      vertex -46.3128 4.86767 -22.4179
      vertex -47.8551 5.02977 -22.1727
      vertex -47.0672 10.0044 -22.1727
    endloop
  endfacet
  facet normal -0.217059 0.140957 -0.965928
    outer loop
      vertex -41.672 24.0593 -22.1727
      vertex -42.9854 24.8176 -21.7669
      vertex -40.1558 29.1749 -21.7669
    endloop
  endfacet
  facet normal -0.692426 0.352814 -0.629339
    outer loop
      vertex -51.293 22.8371 -17.5438
      vertex -52.1957 23.239 -16.3253
      vertex -49.4806 28.5676 -16.3253
    endloop
  endfacet
  facet normal -0.703381 0.456776 -0.54462
    outer loop
      vertex -46.2234 33.5833 -16.3253
      vertex -49.4806 28.5676 -16.3253
      vertex -46.9152 34.0859 -15.0103
    endloop
  endfacet
  facet normal -0.527781 0.342751 -0.777155
    outer loop
      vertex -46.6067 26.9084 -19.6392
      vertex -47.6634 27.5185 -18.6525
      vertex -44.5258 32.3499 -18.6525
    endloop
  endfacet
  facet normal -0.527794 0.342754 -0.777144
    outer loop
      vertex -43.5387 31.6327 -19.6392
      vertex -46.6067 26.9084 -19.6392
      vertex -44.5258 32.3499 -18.6525
    endloop
  endfacet
  facet normal -0.485238 0.247242 -0.838698
    outer loop
      vertex -47.9611 21.3537 -20.4931
      vertex -49.1641 21.8893 -19.6392
      vertex -45.4663 26.25 -20.4931
    endloop
  endfacet
  facet normal -0.404544 0.206126 -0.890986
    outer loop
      vertex -46.6831 20.7847 -21.205
      vertex -47.9611 21.3537 -20.4931
      vertex -45.4663 26.25 -20.4931
    endloop
  endfacet
  facet normal -0.438575 0.117517 -0.890978
    outer loop
      vertex -49.9844 10.6245 -21.205
      vertex -51.3527 10.9154 -20.4931
      vertex -48.6 15.7911 -21.205
    endloop
  endfacet
  facet normal -0.526065 0.140962 -0.83868
    outer loop
      vertex -49.9305 16.2234 -20.4931
      vertex -52.6408 11.1891 -19.6392
      vertex -51.1828 16.6303 -19.6392
    endloop
  endfacet
  facet normal -0.683045 0.183018 -0.707075
    outer loop
      vertex -52.3433 17.0074 -18.6525
      vertex -53.8343 11.4428 -18.6525
      vertex -53.3991 17.3504 -17.5438
    endloop
  endfacet
  facet normal -0.776069 0.040673 -0.629335
    outer loop
      vertex -55.8396 5.86898 -17.5438
      vertex -57.1353 0 -16.3253
      vertex -56.8223 5.97226 -16.3253
    endloop
  endfacet
  facet normal -0.380775 0.247276 -0.890991
    outer loop
      vertex -41.3416 30.0364 -21.205
      vertex -45.4663 26.25 -20.4931
      vertex -42.4734 30.8587 -20.4931
    endloop
  endfacet
  facet normal -0.456751 0.296615 -0.838689
    outer loop
      vertex -42.4734 30.8587 -20.4931
      vertex -45.4663 26.25 -20.4931
      vertex -43.5387 31.6327 -19.6392
    endloop
  endfacet
  facet normal -0.607871 -0.162875 0.777152
    outer loop
      vertex -52.6408 -11.1891 19.6392
      vertex -53.8343 -11.4428 18.6525
      vertex -52.3433 -17.0074 18.6525
    endloop
  endfacet
  facet normal -0.508422 -0.195171 0.838699
    outer loop
      vertex -47.9611 -21.3537 20.4931
      vertex -49.9305 -16.2234 20.4931
      vertex -49.1641 -21.8893 19.6392
    endloop
  endfacet
  facet normal -0.404544 -0.206126 0.890986
    outer loop
      vertex -46.6831 -20.7847 21.205
      vertex -47.9611 -21.3537 20.4931
      vertex -45.4663 -26.25 20.4931
    endloop
  endfacet
  facet normal -0.300557 -0.195185 0.933578
    outer loop
      vertex -42.9854 -24.8176 21.7669
      vertex -44.2548 -25.5505 21.205
      vertex -41.3416 -30.0364 21.205
    endloop
  endfacet
  facet normal -0.230603 -0.117498 0.965928
    outer loop
      vertex -41.672 -24.0593 22.1727
      vertex -43.9586 -19.5716 22.1727
      vertex -42.9854 -24.8176 21.7669
    endloop
  endfacet
  facet normal -0.139341 -0.070998 0.987696
    outer loop
      vertex -42.5419 -18.9409 22.4179
      vertex -43.9586 -19.5716 22.1727
      vertex -41.672 -24.0593 22.1727
    endloop
  endfacet
  facet normal -0.628441 0.0329354 0.77716
    outer loop
      vertex -54.7355 5.75293 18.6525
      vertex -55.037 0 18.6525
      vertex -53.8168 0 19.6392
    endloop
  endfacet
  facet normal -0.448458 -0.0710251 0.890977
    outer loop
      vertex -50.8211 -5.34151 21.205
      vertex -51.3527 -10.9154 20.4931
      vertex -49.9844 -10.6245 21.205
    endloop
  endfacet
  facet normal -0.353943 -0.92209 -0.156442
    outer loop
      vertex -18.4397 -56.7516 -10.635
      vertex -24.3708 -54.7377 -9.08634
      vertex -24.2709 -54.5133 -10.635
    endloop
  endfacet
  facet normal -0.353942 -0.922092 -0.156435
    outer loop
      vertex -18.5156 -56.9852 -9.08634
      vertex -24.3708 -54.7377 -9.08634
      vertex -18.4397 -56.7516 -10.635
    endloop
  endfacet
  facet normal 0.0135522 0.0505776 -0.998628
    outer loop
      vertex 13.9058 42.7975 -22.5
      vertex 9.35603 44.0166 -22.5
      vertex 14.3903 44.2887 -22.4179
    endloop
  endfacet
  facet normal -0.20113 -0.16287 -0.96593
    outer loop
      vertex -36.8862 -33.2125 -21.7669
      vertex -38.9288 -28.2834 -22.1727
      vertex -35.7591 -32.1977 -22.1727
    endloop
  endfacet
  facet normal 0.0135522 0.0505767 -0.998628
    outer loop
      vertex 14.3903 44.2887 -22.4179
      vertex 9.35603 44.0166 -22.5
      vertex 9.68202 45.5503 -22.4179
    endloop
  endfacet
  facet normal 0.0237708 0.0466534 -0.998628
    outer loop
      vertex 22.5 38.9711 -22.5
      vertex 18.3031 41.1095 -22.5
      vertex 18.9409 42.5419 -22.4179
    endloop
  endfacet
  facet normal -0.206127 -0.404546 -0.890985
    outer loop
      vertex -20.7847 -46.6831 -21.205
      vertex -26.25 -45.4663 -20.4931
      vertex -25.5505 -44.2548 -21.205
    endloop
  endfacet
  facet normal -0.206126 -0.404544 -0.890986
    outer loop
      vertex -21.3537 -47.9611 -20.4931
      vertex -26.25 -45.4663 -20.4931
      vertex -20.7847 -46.6831 -21.205
    endloop
  endfacet
  facet normal -0.70615 -0.037008 -0.707094
    outer loop
      vertex -54.7355 -5.75293 -18.6525
      vertex -55.8396 -5.86898 -17.5438
      vertex -55.037 0 -18.6525
    endloop
  endfacet
  facet normal -0.880046 0.139378 -0.453975
    outer loop
      vertex -57.6727 6.06165 -15.0103
      vertex -58.3816 6.13615 -13.6132
      vertex -56.7232 12.0569 -15.0103
    endloop
  endfacet
  facet normal -0.99726 -0.0522584 -0.052354
    outer loop
      vertex -59.5896 -6.26312 -9.08634
      vertex -60 0 -7.52056
      vertex -59.9178 0 -9.08634
    endloop
  endfacet
  facet normal -0.922092 -0.146054 -0.358349
    outer loop
      vertex -57.9707 -12.3221 -12.1495
      vertex -58.9412 -6.19497 -12.1495
      vertex -57.4204 -12.2051 -13.6132
    endloop
  endfacet
  facet normal -0.964597 0.0505423 -0.258839
    outer loop
      vertex -59.2658 0 -12.1495
      vertex -59.6722 0 -10.635
      vertex -58.9412 6.19497 -12.1495
    endloop
  endfacet
  facet normal -0.954032 0.255638 0.156435
    outer loop
      vertex -56.9852 18.5156 9.08634
      vertex -58.3682 12.4066 10.635
      vertex -56.7516 18.4397 10.635
    endloop
  endfacet
  facet normal -0.698416 -0.11062 -0.707091
    outer loop
      vertex -53.8343 -11.4428 -18.6525
      vertex -54.9202 -11.6737 -17.5438
      vertex -54.7355 -5.75293 -18.6525
    endloop
  endfacet
  facet normal -0.603962 -0.489076 -0.629313
    outer loop
      vertex -42.4598 -38.2309 -16.3253
      vertex -45.424 -33.0025 -17.5438
      vertex -41.7255 -37.5698 -17.5438
    endloop
  endfacet
  facet normal -0.65177 -0.527791 -0.54464
    outer loop
      vertex -43.0953 -38.8031 -15.0103
      vertex -46.9152 -34.0859 -15.0103
      vertex -42.4598 -38.2309 -16.3253
    endloop
  endfacet
  facet normal -0.880037 -0.448404 -0.156424
    outer loop
      vertex -51.8904 -29.9589 -9.08634
      vertex -54.7377 -24.3708 -9.08634
      vertex -51.6777 -29.8361 -10.635
    endloop
  endfacet
  facet normal -0.880052 -0.139383 -0.453961
    outer loop
      vertex -57.4204 -12.2051 -13.6132
      vertex -58.3816 -6.13615 -13.6132
      vertex -56.7232 -12.0569 -15.0103
    endloop
  endfacet
  facet normal -0.901779 -0.346175 -0.25876
    outer loop
      vertex -54.142 -24.1056 -12.1495
      vertex -56.7516 -18.4397 -10.635
      vertex -56.3652 -18.3142 -12.1495
    endloop
  endfacet
  facet normal -0.628457 -0.776083 0.0523196
    outer loop
      vertex -40.0929 -44.5276 9.08634
      vertex -40.1478 -44.5887 7.52056
      vertex -35.2671 -48.541 7.52056
    endloop
  endfacet
  facet normal -0.750671 -0.60787 -0.25882
    outer loop
      vertex -44.3451 -39.9285 -10.635
      vertex -48.2758 -35.0744 -10.635
      vertex -44.0431 -39.6566 -12.1495
    endloop
  endfacet
  facet normal -0.448404 -0.880037 -0.156424
    outer loop
      vertex -24.3708 -54.7377 -9.08634
      vertex -29.9589 -51.8904 -9.08634
      vertex -29.8361 -51.6777 -10.635
    endloop
  endfacet
  facet normal -0.860635 -0.438516 0.258864
    outer loop
      vertex -51.3257 -29.6329 12.1495
      vertex -54.142 -24.1056 12.1495
      vertex -51.6777 -29.8361 10.635
    endloop
  endfacet
  facet normal -0.793898 -0.404511 0.453979
    outer loop
      vertex -52.9768 -23.5868 15.0103
      vertex -53.628 -23.8767 13.6132
      vertex -50.8384 -29.3516 13.6132
    endloop
  endfacet
  facet normal -0.776086 -0.628451 0.052347
    outer loop
      vertex -48.4745 -35.2188 9.08634
      vertex -48.541 -35.2671 7.52056
      vertex -44.5276 -40.0929 9.08634
    endloop
  endfacet
  facet normal -0.901773 -0.24164 0.358351
    outer loop
      vertex -57.4204 -12.2051 13.6132
      vertex -57.9707 -12.3221 12.1495
      vertex -55.83 -18.1403 13.6132
    endloop
  endfacet
  facet normal -0.933013 -0.249988 0.258829
    outer loop
      vertex -57.9707 -12.3221 12.1495
      vertex -58.3682 -12.4066 10.635
      vertex -56.3652 -18.3142 12.1495
    endloop
  endfacet
  facet normal -0.891007 -0.45399 0
    outer loop
      vertex -51.9615 -30 -7.52056
      vertex -54.8127 -24.4042 7.52056
      vertex -54.8127 -24.4042 -7.52056
    endloop
  endfacet
  facet normal -0.891007 -0.45399 0
    outer loop
      vertex -54.8127 -24.4042 7.52056
      vertex -51.9615 -30 -7.52056
      vertex -51.9615 -30 7.52056
    endloop
  endfacet
  facet normal -0.837522 -0.543894 0.0523074
    outer loop
      vertex -51.8904 -29.9589 9.08634
      vertex -51.9615 -30 7.52056
      vertex -48.541 -35.2671 7.52056
    endloop
  endfacet
  facet normal -0.706144 0.0370098 0.7071
    outer loop
      vertex -55.8396 5.86898 17.5438
      vertex -56.1472 0 17.5438
      vertex -55.037 0 18.6525
    endloop
  endfacet
  facet normal -0.964597 -0.0505423 0.258839
    outer loop
      vertex -59.2658 0 12.1495
      vertex -59.6722 0 10.635
      vertex -58.9412 -6.19497 12.1495
    endloop
  endfacet
  facet normal -0.621566 -0.0984478 0.777151
    outer loop
      vertex -52.6408 -11.1891 19.6392
      vertex -54.7355 -5.75293 18.6525
      vertex -53.8343 -11.4428 18.6525
    endloop
  endfacet
  facet normal -0.621561 -0.098445 0.777156
    outer loop
      vertex -53.522 -5.62539 19.6392
      vertex -54.7355 -5.75293 18.6525
      vertex -52.6408 -11.1891 19.6392
    endloop
  endfacet
  facet normal -0.543862 -0.0285026 0.83869
    outer loop
      vertex -52.5 0 20.4931
      vertex -53.8168 0 19.6392
      vertex -52.2124 -5.48774 20.4931
    endloop
  endfacet
  facet normal -0.453403 0.0237618 0.890989
    outer loop
      vertex -52.2124 5.48774 20.4931
      vertex -52.5 0 20.4931
      vertex -50.8211 5.34151 21.205
    endloop
  endfacet
  facet normal -0.810119 0.217083 0.544594
    outer loop
      vertex -55.1521 17.92 15.0103
      vertex -56.7232 12.0569 15.0103
      vertex -54.3389 17.6558 16.3253
    endloop
  endfacet
  facet normal -0.828331 0.131202 0.544659
    outer loop
      vertex -56.7232 12.0569 15.0103
      vertex -56.8223 5.97226 16.3253
      vertex -55.8867 11.8791 16.3253
    endloop
  endfacet
  facet normal -0.776069 0.040673 0.629335
    outer loop
      vertex -56.8223 5.97226 16.3253
      vertex -57.1353 0 16.3253
      vertex -55.8396 5.86898 17.5438
    endloop
  endfacet
  facet normal -0.70615 0.037008 0.707094
    outer loop
      vertex -54.7355 5.75293 18.6525
      vertex -55.8396 5.86898 17.5438
      vertex -55.037 0 18.6525
    endloop
  endfacet
  facet normal -0.95404 -0.151105 0.258795
    outer loop
      vertex -58.9412 -6.19497 12.1495
      vertex -59.3453 -6.23744 10.635
      vertex -58.3682 -12.4066 10.635
    endloop
  endfacet
  facet normal -0.93229 -0.048862 0.358396
    outer loop
      vertex -58.7032 0 13.6132
      vertex -58.9412 -6.19497 12.1495
      vertex -58.3816 -6.13615 13.6132
    endloop
  endfacet
  facet normal -0.880052 0.139383 0.453961
    outer loop
      vertex -57.4204 12.2051 13.6132
      vertex -58.3816 6.13615 13.6132
      vertex -56.7232 12.0569 15.0103
    endloop
  endfacet
  facet normal -0.922092 0.146054 0.358349
    outer loop
      vertex -57.9707 12.3221 12.1495
      vertex -58.9412 6.19497 12.1495
      vertex -57.4204 12.2051 13.6132
    endloop
  endfacet
  facet normal -0.986332 -0.051693 -0.15645
    outer loop
      vertex -59.5896 -6.26312 -9.08634
      vertex -59.6722 0 -10.635
      vertex -59.3453 -6.23744 -10.635
    endloop
  endfacet
  facet normal -0.986335 0.156211 0.0523525
    outer loop
      vertex -58.6889 12.4747 7.52056
      vertex -59.6713 6.27171 7.52056
      vertex -58.6085 12.4576 9.08634
    endloop
  endfacet
  facet normal -0.837515 0.543901 -0.0523478
    outer loop
      vertex -48.4745 35.2188 -9.08634
      vertex -51.8904 29.9589 -9.08634
      vertex -48.541 35.2671 -7.52056
    endloop
  endfacet
  facet normal -0.828339 0.537942 -0.156438
    outer loop
      vertex -48.2758 35.0744 -10.635
      vertex -51.8904 29.9589 -9.08634
      vertex -48.4745 35.2188 -9.08634
    endloop
  endfacet
  facet normal -0.782996 0.300567 -0.544589
    outer loop
      vertex -52.1957 23.239 -16.3253
      vertex -55.1521 17.92 -15.0103
      vertex -52.9768 23.5868 -15.0103
    endloop
  endfacet
  facet normal -0.860653 0.230624 -0.453971
    outer loop
      vertex -55.1521 17.92 -15.0103
      vertex -56.7232 12.0569 -15.0103
      vertex -55.83 18.1403 -13.6132
    endloop
  endfacet
  facet normal -0.782994 0.300565 -0.544593
    outer loop
      vertex -54.3389 17.6558 -16.3253
      vertex -55.1521 17.92 -15.0103
      vertex -52.1957 23.239 -16.3253
    endloop
  endfacet
  facet normal -0.860658 0.230623 -0.453961
    outer loop
      vertex -56.7232 12.0569 -15.0103
      vertex -57.4204 12.2051 -13.6132
      vertex -55.83 18.1403 -13.6132
    endloop
  endfacet
  facet normal -0.92209 0.353943 0.156442
    outer loop
      vertex -54.7377 24.3708 9.08634
      vertex -56.7516 18.4397 10.635
      vertex -54.5133 24.2709 10.635
    endloop
  endfacet
  facet normal -0.901764 0.346141 0.258859
    outer loop
      vertex -54.5133 24.2709 10.635
      vertex -56.7516 18.4397 10.635
      vertex -54.142 24.1056 12.1495
    endloop
  endfacet
  facet normal -0.889787 0.453369 0.0523045
    outer loop
      vertex -51.9615 30 7.52056
      vertex -54.8127 24.4042 7.52056
      vertex -51.8904 29.9589 9.08634
    endloop
  endfacet
  facet normal -0.9646 0.25847 0.0523532
    outer loop
      vertex -57.0634 18.541 7.52056
      vertex -58.6889 12.4747 7.52056
      vertex -58.6085 12.4576 9.08634
    endloop
  endfacet
  facet normal -0.871546 0.334569 -0.358429
    outer loop
      vertex -55.83 18.1403 -13.6132
      vertex -56.3652 18.3142 -12.1495
      vertex -54.142 24.1056 -12.1495
    endloop
  endfacet
  facet normal -0.933013 0.249988 -0.258829
    outer loop
      vertex -57.9707 12.3221 -12.1495
      vertex -58.3682 12.4066 -10.635
      vertex -56.3652 18.3142 -12.1495
    endloop
  endfacet
  facet normal -0.954032 0.255638 -0.156435
    outer loop
      vertex -56.7516 18.4397 -10.635
      vertex -58.3682 12.4066 -10.635
      vertex -56.9852 18.5156 -9.08634
    endloop
  endfacet
  facet normal -0.964598 0.258473 -0.052368
    outer loop
      vertex -56.9852 18.5156 -9.08634
      vertex -58.6085 12.4576 -9.08634
      vertex -57.0634 18.541 -7.52056
    endloop
  endfacet
  facet normal -0.880036 0.448399 -0.156442
    outer loop
      vertex -54.5133 24.2709 -10.635
      vertex -54.7377 24.3708 -9.08634
      vertex -51.6777 29.8361 -10.635
    endloop
  endfacet
  facet normal -0.860637 0.438515 -0.258859
    outer loop
      vertex -54.142 24.1056 -12.1495
      vertex -54.5133 24.2709 -10.635
      vertex -51.6777 29.8361 -10.635
    endloop
  endfacet
  facet normal -0.607888 0.750673 -0.258772
    outer loop
      vertex -34.8356 47.9471 -12.1495
      vertex -39.6566 44.0431 -12.1495
      vertex -35.0744 48.2758 -10.635
    endloop
  endfacet
  facet normal -0.621565 0.767583 -0.156438
    outer loop
      vertex -39.9285 44.3451 -10.635
      vertex -40.0929 44.5276 -9.08634
      vertex -35.0744 48.2758 -10.635
    endloop
  endfacet
  facet normal -0.560726 0.692442 -0.453994
    outer loop
      vertex -34.0859 46.9152 -15.0103
      vertex -38.8031 43.0953 -15.0103
      vertex -34.5049 47.4919 -13.6132
    endloop
  endfacet
  facet normal -0.380754 0.747276 -0.544615
    outer loop
      vertex -28.5676 49.4806 -16.3253
      vertex -28.9952 50.2211 -15.0103
      vertex -23.5868 52.9768 -15.0103
    endloop
  endfacet
  facet normal -0.543901 0.837515 -0.0523478
    outer loop
      vertex -35.2188 48.4745 -9.08634
      vertex -35.2671 48.541 -7.52056
      vertex -29.9589 51.8904 -9.08634
    endloop
  endfacet
  facet normal -0.543894 0.837522 -0.0523074
    outer loop
      vertex -29.9589 51.8904 -9.08634
      vertex -35.2671 48.541 -7.52056
      vertex -30 51.9615 -7.52056
    endloop
  endfacet
  facet normal -0.357882 0.932302 -0.0522908
    outer loop
      vertex -24.3708 54.7377 -9.08634
      vertex -24.4042 54.8127 -7.52056
      vertex -18.541 57.0634 -7.52056
    endloop
  endfacet
  facet normal -0.255638 0.954032 -0.156435
    outer loop
      vertex -18.4397 56.7516 -10.635
      vertex -18.5156 56.9852 -9.08634
      vertex -12.4066 58.3682 -10.635
    endloop
  endfacet
  facet normal -0.319312 0.831835 -0.453973
    outer loop
      vertex -17.92 55.1521 -15.0103
      vertex -23.8767 53.628 -13.6132
      vertex -18.1403 55.83 -13.6132
    endloop
  endfacet
  facet normal -0.319312 0.83183 -0.453981
    outer loop
      vertex -23.5868 52.9768 -15.0103
      vertex -23.8767 53.628 -13.6132
      vertex -17.92 55.1521 -15.0103
    endloop
  endfacet
  facet normal -0.456776 0.703382 -0.544618
    outer loop
      vertex -28.5676 49.4806 -16.3253
      vertex -34.0859 46.9152 -15.0103
      vertex -28.9952 50.2211 -15.0103
    endloop
  endfacet
  facet normal -0.508453 0.782971 -0.358375
    outer loop
      vertex -34.5049 47.4919 -13.6132
      vertex -34.8356 47.9471 -12.1495
      vertex -29.3516 50.8384 -13.6132
    endloop
  endfacet
  facet normal -0.543901 0.837515 0.0523478
    outer loop
      vertex -29.9589 51.8904 9.08634
      vertex -35.2671 48.541 7.52056
      vertex -35.2188 48.4745 9.08634
    endloop
  endfacet
  facet normal -0.357882 0.932302 0.0522908
    outer loop
      vertex -18.541 57.0634 7.52056
      vertex -24.4042 54.8127 7.52056
      vertex -24.3708 54.7377 9.08634
    endloop
  endfacet
  facet normal -0.0505545 0.964608 -0.258795
    outer loop
      vertex -6.19497 58.9412 -12.1495
      vertex -6.23744 59.3453 -10.635
      vertex 0 59.6722 -10.635
    endloop
  endfacet
  facet normal -0.151105 0.95404 -0.258795
    outer loop
      vertex -6.19497 58.9412 -12.1495
      vertex -12.4066 58.3682 -10.635
      vertex -6.23744 59.3453 -10.635
    endloop
  endfacet
  facet normal -0.230623 0.860658 -0.453961
    outer loop
      vertex -12.0569 56.7232 -15.0103
      vertex -18.1403 55.83 -13.6132
      vertex -12.2051 57.4204 -13.6132
    endloop
  endfacet
  facet normal -0.334569 0.871546 -0.358429
    outer loop
      vertex -18.1403 55.83 -13.6132
      vertex -24.1056 54.142 -12.1495
      vertex -18.3142 56.3652 -12.1495
    endloop
  endfacet
  facet normal 0.146038 0.922077 -0.358396
    outer loop
      vertex 12.2051 57.4204 -13.6132
      vertex 6.13615 58.3816 -13.6132
      vertex 6.19497 58.9412 -12.1495
    endloop
  endfacet
  facet normal 0.139383 0.880052 -0.453961
    outer loop
      vertex 12.0569 56.7232 -15.0103
      vertex 6.13615 58.3816 -13.6132
      vertex 12.2051 57.4204 -13.6132
    endloop
  endfacet
  facet normal -0.0438964 0.837534 -0.54462
    outer loop
      vertex 0 57.1353 -16.3253
      vertex -6.06165 57.6727 -15.0103
      vertex 0 57.9904 -15.0103
    endloop
  endfacet
  facet normal -0.0466354 0.889794 -0.453973
    outer loop
      vertex 0 57.9904 -15.0103
      vertex -6.06165 57.6727 -15.0103
      vertex 0 58.7032 -13.6132
    endloop
  endfacet
  facet normal -0.139383 0.880052 -0.453961
    outer loop
      vertex -12.0569 56.7232 -15.0103
      vertex -12.2051 57.4204 -13.6132
      vertex -6.13615 58.3816 -13.6132
    endloop
  endfacet
  facet normal -0.146038 0.922077 -0.358396
    outer loop
      vertex -6.13615 58.3816 -13.6132
      vertex -12.2051 57.4204 -13.6132
      vertex -6.19497 58.9412 -12.1495
    endloop
  endfacet
  facet normal -0.0522584 0.99726 -0.052354
    outer loop
      vertex 0 59.9178 -9.08634
      vertex -6.26312 59.5896 -9.08634
      vertex 0 60 -7.52056
    endloop
  endfacet
  facet normal 0.0522584 0.99726 -0.052354
    outer loop
      vertex 6.26312 59.5896 -9.08634
      vertex 0 59.9178 -9.08634
      vertex 0 60 -7.52056
    endloop
  endfacet
  facet normal 0.0505545 0.964608 -0.258795
    outer loop
      vertex 6.19497 58.9412 -12.1495
      vertex 0 59.6722 -10.635
      vertex 6.23744 59.3453 -10.635
    endloop
  endfacet
  facet normal 0.051693 0.986332 -0.15645
    outer loop
      vertex 6.23744 59.3453 -10.635
      vertex 0 59.6722 -10.635
      vertex 6.26312 59.5896 -9.08634
    endloop
  endfacet
  facet normal -0.300567 0.782996 -0.544589
    outer loop
      vertex -23.239 52.1957 -16.3253
      vertex -23.5868 52.9768 -15.0103
      vertex -17.92 55.1521 -15.0103
    endloop
  endfacet
  facet normal -0.300565 0.782994 -0.544593
    outer loop
      vertex -17.6558 54.3389 -16.3253
      vertex -23.239 52.1957 -16.3253
      vertex -17.92 55.1521 -15.0103
    endloop
  endfacet
  facet normal -0.285722 0.352842 -0.890991
    outer loop
      vertex -30.0364 41.3416 -21.205
      vertex -35.1294 39.0151 -20.4931
      vertex -30.8587 42.4734 -20.4931
    endloop
  endfacet
  facet normal -0.385121 0.593024 -0.70711
    outer loop
      vertex -27.5185 47.6634 -18.6525
      vertex -32.3499 44.5258 -18.6525
      vertex -28.0736 48.6249 -17.5438
    endloop
  endfacet
  facet normal -0.225531 0.587516 -0.777149
    outer loop
      vertex -21.8893 49.1641 -19.6392
      vertex -22.3855 50.2788 -18.6525
      vertex -17.0074 52.3433 -18.6525
    endloop
  endfacet
  facet normal -0.285706 0.560728 -0.777146
    outer loop
      vertex -21.8893 49.1641 -19.6392
      vertex -27.5185 47.6634 -18.6525
      vertex -22.3855 50.2788 -18.6525
    endloop
  endfacet
  facet normal -0.162877 0.60785 -0.777167
    outer loop
      vertex -16.6303 51.1828 -19.6392
      vertex -17.0074 52.3433 -18.6525
      vertex -11.1891 52.6408 -19.6392
    endloop
  endfacet
  facet normal -0.140962 0.526065 -0.83868
    outer loop
      vertex -16.2234 49.9305 -20.4931
      vertex -16.6303 51.1828 -19.6392
      vertex -11.1891 52.6408 -19.6392
    endloop
  endfacet
  facet normal 0.00818423 0.156167 -0.987697
    outer loop
      vertex 4.86767 46.3128 -22.4179
      vertex 0 46.5679 -22.4179
      vertex 0 48.1187 -22.1727
    endloop
  endfacet
  facet normal -0.385094 0.385094 -0.838692
    outer loop
      vertex -39.0151 35.1294 -20.4931
      vertex -36.0105 39.9937 -19.6392
      vertex -35.1294 39.0151 -20.4931
    endloop
  endfacet
  facet normal -0.385094 0.385094 -0.838692
    outer loop
      vertex -36.0105 39.9937 -19.6392
      vertex -39.0151 35.1294 -20.4931
      vertex -39.9937 36.0105 -19.6392
    endloop
  endfacet
  facet normal -0.0984158 0.121535 -0.987696
    outer loop
      vertex -31.16 34.6067 -22.4179
      vertex -32.1977 35.7591 -22.1727
      vertex -27.3719 37.6742 -22.4179
    endloop
  endfacet
  facet normal -0.296613 0.456743 -0.838693
    outer loop
      vertex -26.25 45.4663 -20.4931
      vertex -31.6327 43.5387 -19.6392
      vertex -26.9084 46.6067 -19.6392
    endloop
  endfacet
  facet normal -0.0709983 0.139343 -0.987696
    outer loop
      vertex -23.284 40.329 -22.4179
      vertex -24.0593 41.672 -22.1727
      vertex -18.9409 42.5419 -22.4179
    endloop
  endfacet
  facet normal -0.0927435 0.241617 -0.965929
    outer loop
      vertex -19.5716 43.9586 -22.1727
      vertex -20.1885 45.3441 -21.7669
      vertex -15.3381 47.2059 -21.7669
    endloop
  endfacet
  facet normal 0.285704 0.560717 -0.777154
    outer loop
      vertex 26.9084 46.6067 -19.6392
      vertex 21.8893 49.1641 -19.6392
      vertex 27.5185 47.6634 -18.6525
    endloop
  endfacet
  facet normal 0.321015 0.630035 -0.707111
    outer loop
      vertex 27.5185 47.6634 -18.6525
      vertex 22.8371 51.293 -17.5438
      vertex 28.0736 48.6249 -17.5438
    endloop
  endfacet
  facet normal 0.342751 0.527781 -0.777155
    outer loop
      vertex 32.3499 44.5258 -18.6525
      vertex 26.9084 46.6067 -19.6392
      vertex 27.5185 47.6634 -18.6525
    endloop
  endfacet
  facet normal 0.342754 0.527794 -0.777144
    outer loop
      vertex 31.6327 43.5387 -19.6392
      vertex 26.9084 46.6067 -19.6392
      vertex 32.3499 44.5258 -18.6525
    endloop
  endfacet
  facet normal 0.253412 0.660174 -0.707073
    outer loop
      vertex 22.8371 51.293 -17.5438
      vertex 17.0074 52.3433 -18.6525
      vertex 17.3504 53.3991 -17.5438
    endloop
  endfacet
  facet normal 0.380768 0.747287 -0.544591
    outer loop
      vertex 28.5676 49.4806 -16.3253
      vertex 23.239 52.1957 -16.3253
      vertex 23.5868 52.9768 -15.0103
    endloop
  endfacet
  facet normal 0.128436 0.33458 -0.933574
    outer loop
      vertex 20.1885 45.3441 -21.7669
      vertex 15.7911 48.6 -21.205
      vertex 20.7847 46.6831 -21.205
    endloop
  endfacet
  facet normal 0.19519 0.300572 -0.933572
    outer loop
      vertex 29.1749 40.1558 -21.7669
      vertex 24.8176 42.9854 -21.7669
      vertex 30.0364 41.3416 -21.205
    endloop
  endfacet
  facet normal -0.131202 0.828331 -0.544659
    outer loop
      vertex -11.8791 55.8867 -16.3253
      vertex -12.0569 56.7232 -15.0103
      vertex -5.97226 56.8223 -16.3253
    endloop
  endfacet
  facet normal -0.201132 0.750665 -0.629323
    outer loop
      vertex -11.6737 54.9202 -17.5438
      vertex -17.6558 54.3389 -16.3253
      vertex -11.8791 55.8867 -16.3253
    endloop
  endfacet
  facet normal -0.037008 0.70615 -0.707094
    outer loop
      vertex -5.75293 54.7355 -18.6525
      vertex -5.86898 55.8396 -17.5438
      vertex 0 55.037 -18.6525
    endloop
  endfacet
  facet normal -0.11062 0.698413 -0.707094
    outer loop
      vertex -5.75293 54.7355 -18.6525
      vertex -11.6737 54.9202 -17.5438
      vertex -5.86898 55.8396 -17.5438
    endloop
  endfacet
  facet normal -0.253412 0.660174 -0.707073
    outer loop
      vertex -17.0074 52.3433 -18.6525
      vertex -22.8371 51.293 -17.5438
      vertex -17.3504 53.3991 -17.5438
    endloop
  endfacet
  facet normal -0.278487 0.7255 -0.62936
    outer loop
      vertex -17.3504 53.3991 -17.5438
      vertex -22.8371 51.293 -17.5438
      vertex -17.6558 54.3389 -16.3253
    endloop
  endfacet
  facet normal -0.0560581 0.353952 -0.933582
    outer loop
      vertex -5.1883 49.3633 -21.7669
      vertex -10.3197 48.5506 -21.7669
      vertex -5.34151 50.8211 -21.205
    endloop
  endfacet
  facet normal -0.0927515 0.34615 -0.933583
    outer loop
      vertex -10.3197 48.5506 -21.7669
      vertex -15.7911 48.6 -21.205
      vertex -10.6245 49.9844 -21.205
    endloop
  endfacet
  facet normal 0.162875 0.607871 -0.777152
    outer loop
      vertex 17.0074 52.3433 -18.6525
      vertex 11.1891 52.6408 -19.6392
      vertex 11.4428 53.8343 -18.6525
    endloop
  endfacet
  facet normal 0.028501 0.543858 -0.838693
    outer loop
      vertex 5.48774 52.2124 -20.4931
      vertex 0 53.8168 -19.6392
      vertex 5.62539 53.522 -19.6392
    endloop
  endfacet
  facet normal -0.0135504 0.25847 -0.965924
    outer loop
      vertex -5.02977 47.8551 -22.1727
      vertex -5.1883 49.3633 -21.7669
      vertex 0 49.6353 -21.7669
    endloop
  endfacet
  facet normal -0.018762 0.357879 -0.93358
    outer loop
      vertex 0 49.6353 -21.7669
      vertex -5.1883 49.3633 -21.7669
      vertex 0 51.1011 -21.205
    endloop
  endfacet
  facet normal 0.0187595 0.357872 -0.933582
    outer loop
      vertex 5.1883 49.3633 -21.7669
      vertex 0 51.1011 -21.205
      vertex 5.34151 50.8211 -21.205
    endloop
  endfacet
  facet normal -0.0560573 0.35395 -0.933583
    outer loop
      vertex -10.3197 48.5506 -21.7669
      vertex -10.6245 49.9844 -21.205
      vertex -5.34151 50.8211 -21.205
    endloop
  endfacet
  facet normal 0.0329339 0.628446 -0.777156
    outer loop
      vertex 5.62539 53.522 -19.6392
      vertex 0 53.8168 -19.6392
      vertex 5.75293 54.7355 -18.6525
    endloop
  endfacet
  facet normal 0.098445 0.621561 -0.777156
    outer loop
      vertex 11.1891 52.6408 -19.6392
      vertex 5.62539 53.522 -19.6392
      vertex 5.75293 54.7355 -18.6525
    endloop
  endfacet
  facet normal -0.0285026 0.543862 -0.83869
    outer loop
      vertex 0 52.5 -20.4931
      vertex -5.48774 52.2124 -20.4931
      vertex 0 53.8168 -19.6392
    endloop
  endfacet
  facet normal 0.0285026 0.543862 -0.83869
    outer loop
      vertex 5.48774 52.2124 -20.4931
      vertex 0 52.5 -20.4931
      vertex 0 53.8168 -19.6392
    endloop
  endfacet
  facet normal 0.117517 0.438575 -0.890978
    outer loop
      vertex 15.7911 48.6 -21.205
      vertex 10.6245 49.9844 -21.205
      vertex 10.9154 51.3527 -20.4931
    endloop
  endfacet
  facet normal 0.117504 0.438555 -0.890989
    outer loop
      vertex 15.7911 48.6 -21.205
      vertex 10.9154 51.3527 -20.4931
      vertex 16.2234 49.9305 -20.4931
    endloop
  endfacet
  facet normal 0.346175 0.901779 -0.25876
    outer loop
      vertex 24.1056 54.142 -12.1495
      vertex 18.3142 56.3652 -12.1495
      vertex 18.4397 56.7516 -10.635
    endloop
  endfacet
  facet normal 0.346141 0.901764 -0.258859
    outer loop
      vertex 24.1056 54.142 -12.1495
      vertex 18.4397 56.7516 -10.635
      vertex 24.2709 54.5133 -10.635
    endloop
  endfacet
  facet normal 0.334563 0.871567 -0.358384
    outer loop
      vertex 23.8767 53.628 -13.6132
      vertex 18.1403 55.83 -13.6132
      vertex 24.1056 54.142 -12.1495
    endloop
  endfacet
  facet normal 0.319312 0.831835 -0.453973
    outer loop
      vertex 23.8767 53.628 -13.6132
      vertex 17.92 55.1521 -15.0103
      vertex 18.1403 55.83 -13.6132
    endloop
  endfacet
  facet normal 0.225542 0.27852 -0.933572
    outer loop
      vertex 33.2125 36.8862 -21.7669
      vertex 29.1749 40.1558 -21.7669
      vertex 30.0364 41.3416 -21.205
    endloop
  endfacet
  facet normal 0.140953 0.217046 -0.965931
    outer loop
      vertex 28.2834 38.9288 -22.1727
      vertex 24.0593 41.672 -22.1727
      vertex 29.1749 40.1558 -21.7669
    endloop
  endfacet
  facet normal 0.00819086 0.0517163 -0.998628
    outer loop
      vertex 9.35603 44.0166 -22.5
      vertex 4.86767 46.3128 -22.4179
      vertex 9.68202 45.5503 -22.4179
    endloop
  endfacet
  facet normal -0.0135451 0.258456 -0.965928
    outer loop
      vertex 0 48.1187 -22.1727
      vertex -5.02977 47.8551 -22.1727
      vertex 0 49.6353 -21.7669
    endloop
  endfacet
  facet normal 0.151112 0.95403 -0.258829
    outer loop
      vertex 12.3221 57.9707 -12.1495
      vertex 6.19497 58.9412 -12.1495
      vertex 12.4066 58.3682 -10.635
    endloop
  endfacet
  facet normal 0.249988 0.933013 -0.258829
    outer loop
      vertex 18.3142 56.3652 -12.1495
      vertex 12.3221 57.9707 -12.1495
      vertex 12.4066 58.3682 -10.635
    endloop
  endfacet
  facet normal -0.258456 0.0135451 -0.965928
    outer loop
      vertex -48.1187 0 -22.1727
      vertex -49.6353 0 -21.7669
      vertex -47.8551 5.02977 -22.1727
    endloop
  endfacet
  facet normal -0.543862 0.0285026 -0.83869
    outer loop
      vertex -52.5 0 -20.4931
      vertex -53.8168 0 -19.6392
      vertex -52.2124 5.48774 -20.4931
    endloop
  endfacet
  facet normal -0.357879 0.018762 -0.93358
    outer loop
      vertex -49.6353 0 -21.7669
      vertex -51.1011 0 -21.205
      vertex -49.3633 5.1883 -21.7669
    endloop
  endfacet
  facet normal -0.156167 0.00818423 -0.987697
    outer loop
      vertex -46.5679 0 -22.4179
      vertex -48.1187 0 -22.1727
      vertex -46.3128 4.86767 -22.4179
    endloop
  endfacet
  facet normal -0.45342 0.0237681 -0.89098
    outer loop
      vertex -51.1011 0 -21.205
      vertex -52.5 0 -20.4931
      vertex -50.8211 5.34151 -21.205
    endloop
  endfacet
  facet normal -0.255638 -0.0404874 -0.965924
    outer loop
      vertex -48.5506 -10.3197 -21.7669
      vertex -49.3633 -5.1883 -21.7669
      vertex -47.8551 -5.02977 -22.1727
    endloop
  endfacet
  facet normal -0.750673 0.607888 -0.258772
    outer loop
      vertex -47.9471 34.8356 -12.1495
      vertex -48.2758 35.0744 -10.635
      vertex -44.0431 39.6566 -12.1495
    endloop
  endfacet
  facet normal -0.725524 0.587523 -0.358374
    outer loop
      vertex -47.4919 34.5049 -13.6132
      vertex -47.9471 34.8356 -12.1495
      vertex -44.0431 39.6566 -12.1495
    endloop
  endfacet
  facet normal -0.767583 0.621565 -0.156438
    outer loop
      vertex -44.3451 39.9285 -10.635
      vertex -48.2758 35.0744 -10.635
      vertex -44.5276 40.0929 -9.08634
    endloop
  endfacet
  facet normal -0.683013 0.683013 -0.258819
    outer loop
      vertex -44.0431 39.6566 -12.1495
      vertex -39.9285 44.3451 -10.635
      vertex -39.6566 44.0431 -12.1495
    endloop
  endfacet
  facet normal -0.683013 0.683013 -0.258819
    outer loop
      vertex -39.9285 44.3451 -10.635
      vertex -44.0431 39.6566 -12.1495
      vertex -44.3451 39.9285 -10.635
    endloop
  endfacet
  facet normal -0.444987 0.549514 -0.707121
    outer loop
      vertex -36.8269 40.9004 -18.6525
      vertex -37.5698 41.7255 -17.5438
      vertex -32.3499 44.5258 -18.6525
    endloop
  endfacet
  facet normal -0.603962 0.489076 -0.629313
    outer loop
      vertex -41.7255 37.5698 -17.5438
      vertex -45.424 33.0025 -17.5438
      vertex -42.4598 38.2309 -16.3253
    endloop
  endfacet
  facet normal -0.747276 0.380754 -0.544615
    outer loop
      vertex -49.4806 28.5676 -16.3253
      vertex -52.9768 23.5868 -15.0103
      vertex -50.2211 28.9952 -15.0103
    endloop
  endfacet
  facet normal -0.793902 0.404511 -0.453971
    outer loop
      vertex -50.2211 28.9952 -15.0103
      vertex -52.9768 23.5868 -15.0103
      vertex -50.8384 29.3516 -13.6132
    endloop
  endfacet
  facet normal 0.423867 0.162712 -0.890989
    outer loop
      vertex 48.6 15.7911 -21.205
      vertex 47.9611 21.3537 -20.4931
      vertex 49.9305 16.2234 -20.4931
    endloop
  endfacet
  facet normal 0.423873 0.162713 -0.890986
    outer loop
      vertex 48.6 15.7911 -21.205
      vertex 46.6831 20.7847 -21.205
      vertex 47.9611 21.3537 -20.4931
    endloop
  endfacet
  facet normal 0.527805 0.651776 -0.544619
    outer loop
      vertex 38.2309 42.4598 -16.3253
      vertex 33.5833 46.2234 -16.3253
      vertex 34.0859 46.9152 -15.0103
    endloop
  endfacet
  facet normal 0.48907 0.603944 -0.629335
    outer loop
      vertex 38.2309 42.4598 -16.3253
      vertex 33.0025 45.424 -17.5438
      vertex 33.5833 46.2234 -16.3253
    endloop
  endfacet
  facet normal 0.139343 0.0709983 -0.987696
    outer loop
      vertex 42.5419 18.9409 -22.4179
      vertex 40.329 23.284 -22.4179
      vertex 41.672 24.0593 -22.1727
    endloop
  endfacet
  facet normal 0.0466536 0.023771 -0.998628
    outer loop
      vertex 42.5419 18.9409 -22.4179
      vertex 38.9711 22.5 -22.5
      vertex 40.329 23.284 -22.4179
    endloop
  endfacet
  facet normal 0.380775 0.247276 -0.890991
    outer loop
      vertex 45.4663 26.25 -20.4931
      vertex 41.3416 30.0364 -21.205
      vertex 42.4734 30.8587 -20.4931
    endloop
  endfacet
  facet normal 0.380782 0.247285 -0.890986
    outer loop
      vertex 44.2548 25.5505 -21.205
      vertex 41.3416 30.0364 -21.205
      vertex 45.4663 26.25 -20.4931
    endloop
  endfacet
  facet normal 0.255638 0.954032 -0.156435
    outer loop
      vertex 18.4397 56.7516 -10.635
      vertex 12.4066 58.3682 -10.635
      vertex 18.5156 56.9852 -9.08634
    endloop
  endfacet
  facet normal 0.255641 0.954029 -0.156452
    outer loop
      vertex 18.5156 56.9852 -9.08634
      vertex 12.4066 58.3682 -10.635
      vertex 12.4576 58.6085 -9.08634
    endloop
  endfacet
  facet normal 0.485278 0.747272 0.453972
    outer loop
      vertex 29.3516 50.8384 13.6132
      vertex 28.9952 50.2211 15.0103
      vertex 34.0859 46.9152 15.0103
    endloop
  endfacet
  facet normal 0.380754 0.747276 0.544615
    outer loop
      vertex 28.9952 50.2211 15.0103
      vertex 23.5868 52.9768 15.0103
      vertex 28.5676 49.4806 16.3253
    endloop
  endfacet
  facet normal 0.593021 0.385116 0.707115
    outer loop
      vertex 45.424 33.0025 17.5438
      vertex 44.5258 32.3499 18.6525
      vertex 48.6249 28.0736 17.5438
    endloop
  endfacet
  facet normal 0.651757 0.423261 0.629335
    outer loop
      vertex 46.2234 33.5833 16.3253
      vertex 45.424 33.0025 17.5438
      vertex 48.6249 28.0736 17.5438
    endloop
  endfacet
  facet normal 0.453369 0.889787 0.0523045
    outer loop
      vertex 30 51.9615 7.52056
      vertex 24.4042 54.8127 7.52056
      vertex 29.9589 51.8904 9.08634
    endloop
  endfacet
  facet normal 0.621565 0.767583 0.15644
    outer loop
      vertex 35.2188 48.4745 9.08634
      vertex 35.0744 48.2758 10.635
      vertex 40.0929 44.5276 9.08634
    endloop
  endfacet
  facet normal 0.621565 0.767583 0.156438
    outer loop
      vertex 40.0929 44.5276 9.08634
      vertex 35.0744 48.2758 10.635
      vertex 39.9285 44.3451 10.635
    endloop
  endfacet
  facet normal 0.60787 0.750671 0.25882
    outer loop
      vertex 39.9285 44.3451 10.635
      vertex 35.0744 48.2758 10.635
      vertex 39.6566 44.0431 12.1495
    endloop
  endfacet
  facet normal 0.296615 0.456751 0.838689
    outer loop
      vertex 31.6327 43.5387 19.6392
      vertex 26.25 45.4663 20.4931
      vertex 30.8587 42.4734 20.4931
    endloop
  endfacet
  facet normal 0.247276 0.380775 0.890991
    outer loop
      vertex 30.8587 42.4734 20.4931
      vertex 26.25 45.4663 20.4931
      vertex 30.0364 41.3416 21.205
    endloop
  endfacet
  facet normal 0.162698 0.319313 0.933578
    outer loop
      vertex 25.5505 44.2548 21.205
      vertex 20.7847 46.6831 21.205
      vertex 24.8176 42.9854 21.7669
    endloop
  endfacet
  facet normal 0.195185 0.300557 0.933578
    outer loop
      vertex 25.5505 44.2548 21.205
      vertex 24.8176 42.9854 21.7669
      vertex 30.0364 41.3416 21.205
    endloop
  endfacet
  facet normal 0.587497 0.225514 0.777168
    outer loop
      vertex 52.3433 17.0074 18.6525
      vertex 49.1641 21.8893 19.6392
      vertex 51.1828 16.6303 19.6392
    endloop
  endfacet
  facet normal 0.60785 0.162877 0.777167
    outer loop
      vertex 52.3433 17.0074 18.6525
      vertex 51.1828 16.6303 19.6392
      vertex 52.6408 11.1891 19.6392
    endloop
  endfacet
  facet normal 0.810083 0.217052 0.544659
    outer loop
      vertex 56.7232 12.0569 15.0103
      vertex 54.3389 17.6558 16.3253
      vertex 55.8867 11.8791 16.3253
    endloop
  endfacet
  facet normal 0.747287 0.380768 0.544591
    outer loop
      vertex 52.9768 23.5868 15.0103
      vertex 49.4806 28.5676 16.3253
      vertex 52.1957 23.239 16.3253
    endloop
  endfacet
  facet normal -0.140957 0.217059 0.965928
    outer loop
      vertex -24.8176 42.9854 21.7669
      vertex -29.1749 40.1558 21.7669
      vertex -24.0593 41.672 22.1727
    endloop
  endfacet
  facet normal -0.128436 0.33458 0.933574
    outer loop
      vertex -15.7911 48.6 21.205
      vertex -20.7847 46.6831 21.205
      vertex -20.1885 45.3441 21.7669
    endloop
  endfacet
  facet normal -0.0237618 0.453403 0.890989
    outer loop
      vertex 0 52.5 20.4931
      vertex -5.48774 52.2124 20.4931
      vertex -5.34151 50.8211 21.205
    endloop
  endfacet
  facet normal -0.0285026 0.543862 0.83869
    outer loop
      vertex 0 53.8168 19.6392
      vertex -5.48774 52.2124 20.4931
      vertex 0 52.5 20.4931
    endloop
  endfacet
  facet normal -0.0560418 0.145995 0.987697
    outer loop
      vertex -14.8695 45.7636 22.1727
      vertex -18.9409 42.5419 22.4179
      vertex -14.3903 44.2887 22.4179
    endloop
  endfacet
  facet normal -0.0669876 0.250001 0.965926
    outer loop
      vertex -10.3197 48.5506 21.7669
      vertex -14.8695 45.7636 22.1727
      vertex -10.0044 47.0672 22.1727
    endloop
  endfacet
  facet normal -0.445009 0.445009 0.777131
    outer loop
      vertex -36.8269 40.9004 18.6525
      vertex -39.9937 36.0105 19.6392
      vertex -36.0105 39.9937 19.6392
    endloop
  endfacet
  facet normal -0.445009 0.445009 0.777131
    outer loop
      vertex -39.9937 36.0105 19.6392
      vertex -36.8269 40.9004 18.6525
      vertex -40.9004 36.8269 18.6525
    endloop
  endfacet
  facet normal -0.162713 0.423873 0.890986
    outer loop
      vertex -15.7911 48.6 21.205
      vertex -21.3537 47.9611 20.4931
      vertex -20.7847 46.6831 21.205
    endloop
  endfacet
  facet normal -0.300567 0.782996 0.544589
    outer loop
      vertex -17.92 55.1521 15.0103
      vertex -23.5868 52.9768 15.0103
      vertex -23.239 52.1957 16.3253
    endloop
  endfacet
  facet normal -0.334558 0.128418 0.933584
    outer loop
      vertex -45.3441 20.1885 21.7669
      vertex -48.6 15.7911 21.205
      vertex -47.2059 15.3381 21.7669
    endloop
  endfacet
  facet normal -0.201124 0.162867 0.965931
    outer loop
      vertex -36.8862 33.2125 21.7669
      vertex -40.1558 29.1749 21.7669
      vertex -38.9288 28.2834 22.1727
    endloop
  endfacet
  facet normal -0.16287 0.20113 0.96593
    outer loop
      vertex -28.2834 38.9288 22.1727
      vertex -33.2125 36.8862 21.7669
      vertex -32.1977 35.7591 22.1727
    endloop
  endfacet
  facet normal -0.33458 0.128436 0.933574
    outer loop
      vertex -46.6831 20.7847 21.205
      vertex -48.6 15.7911 21.205
      vertex -45.3441 20.1885 21.7669
    endloop
  endfacet
  facet normal -0.750634 0.201136 0.629358
    outer loop
      vertex -54.3389 17.6558 16.3253
      vertex -54.9202 11.6737 17.5438
      vertex -53.3991 17.3504 17.5438
    endloop
  endfacet
  facet normal -0.489078 0.39604 0.777145
    outer loop
      vertex -39.9937 36.0105 19.6392
      vertex -44.5258 32.3499 18.6525
      vertex -43.5387 31.6327 19.6392
    endloop
  endfacet
  facet normal -0.560717 0.285704 0.777154
    outer loop
      vertex -47.6634 27.5185 18.6525
      vertex -49.1641 21.8893 19.6392
      vertex -46.6067 26.9084 19.6392
    endloop
  endfacet
  facet normal -0.692426 0.352814 0.629339
    outer loop
      vertex -49.4806 28.5676 16.3253
      vertex -52.1957 23.239 16.3253
      vertex -51.293 22.8371 17.5438
    endloop
  endfacet
  facet normal -0.767583 0.621565 0.156438
    outer loop
      vertex -44.5276 40.0929 9.08634
      vertex -48.2758 35.0744 10.635
      vertex -44.3451 39.9285 10.635
    endloop
  endfacet
  facet normal -0.782966 0.508453 0.358384
    outer loop
      vertex -47.9471 34.8356 12.1495
      vertex -51.3257 29.6329 12.1495
      vertex -50.8384 29.3516 13.6132
    endloop
  endfacet
  facet normal 0.00818423 0.156167 0.987697
    outer loop
      vertex 0 48.1187 22.1727
      vertex 0 46.5679 22.4179
      vertex 4.86767 46.3128 22.4179
    endloop
  endfacet
  facet normal -0.00818423 0.156167 0.987697
    outer loop
      vertex 0 48.1187 22.1727
      vertex -4.86767 46.3128 22.4179
      vertex 0 46.5679 22.4179
    endloop
  endfacet
  facet normal -0.183003 0.183003 0.965929
    outer loop
      vertex -33.2125 36.8862 21.7669
      vertex -35.7591 32.1977 22.1727
      vertex -32.1977 35.7591 22.1727
    endloop
  endfacet
  facet normal -0.183003 0.183003 0.965929
    outer loop
      vertex -35.7591 32.1977 22.1727
      vertex -33.2125 36.8862 21.7669
      vertex -36.8862 33.2125 21.7669
    endloop
  endfacet
  facet normal -0.0187652 0.0488839 0.998628
    outer loop
      vertex -14.3903 44.2887 22.4179
      vertex -18.3031 41.1095 22.5
      vertex -13.9058 42.7975 22.5
    endloop
  endfacet
  facet normal -0.0187642 0.0488827 0.998628
    outer loop
      vertex -14.3903 44.2887 22.4179
      vertex -18.9409 42.5419 22.4179
      vertex -18.3031 41.1095 22.5
    endloop
  endfacet
  facet normal -0.0488827 0.0187642 0.998628
    outer loop
      vertex -42.5419 18.9409 22.4179
      vertex -44.2887 14.3903 22.4179
      vertex -41.1095 18.3031 22.5
    endloop
  endfacet
  facet normal -0.0466534 0.0237708 0.998628
    outer loop
      vertex -38.9711 22.5 22.5
      vertex -42.5419 18.9409 22.4179
      vertex -41.1095 18.3031 22.5
    endloop
  endfacet
  facet normal -0.121535 0.0984158 0.987696
    outer loop
      vertex -35.7591 32.1977 22.1727
      vertex -37.6742 27.3719 22.4179
      vertex -34.6067 31.16 22.4179
    endloop
  endfacet
  facet normal -0.121535 0.0984156 0.987696
    outer loop
      vertex -35.7591 32.1977 22.1727
      vertex -38.9288 28.2834 22.1727
      vertex -37.6742 27.3719 22.4179
    endloop
  endfacet
  facet normal -0.241611 0.90175 0.358429
    outer loop
      vertex -12.3221 57.9707 12.1495
      vertex -18.3142 56.3652 12.1495
      vertex -18.1403 55.83 13.6132
    endloop
  endfacet
  facet normal -0.334563 0.871567 0.358384
    outer loop
      vertex -18.1403 55.83 13.6132
      vertex -24.1056 54.142 12.1495
      vertex -23.8767 53.628 13.6132
    endloop
  endfacet
  facet normal -0.154507 0.975525 0.156457
    outer loop
      vertex -6.26312 59.5896 9.08634
      vertex -12.4576 58.6085 9.08634
      vertex -12.4066 58.3682 10.635
    endloop
  endfacet
  facet normal -0.255641 0.954029 0.156452
    outer loop
      vertex -12.4576 58.6085 9.08634
      vertex -18.5156 56.9852 9.08634
      vertex -12.4066 58.3682 10.635
    endloop
  endfacet
  facet normal -0.321023 0.630042 0.707101
    outer loop
      vertex -22.8371 51.293 17.5438
      vertex -27.5185 47.6634 18.6525
      vertex -22.3855 50.2788 18.6525
    endloop
  endfacet
  facet normal -0.217052 0.810083 0.544659
    outer loop
      vertex -12.0569 56.7232 15.0103
      vertex -17.6558 54.3389 16.3253
      vertex -11.8791 55.8867 16.3253
    endloop
  endfacet
  facet normal -0.319312 0.83183 0.453981
    outer loop
      vertex -17.92 55.1521 15.0103
      vertex -23.8767 53.628 13.6132
      vertex -23.5868 52.9768 15.0103
    endloop
  endfacet
  facet normal -0.24164 0.901773 0.358351
    outer loop
      vertex -12.3221 57.9707 12.1495
      vertex -18.1403 55.83 13.6132
      vertex -12.2051 57.4204 13.6132
    endloop
  endfacet
  facet normal -0.249988 0.933013 0.258829
    outer loop
      vertex -12.4066 58.3682 10.635
      vertex -18.3142 56.3652 12.1495
      vertex -12.3221 57.9707 12.1495
    endloop
  endfacet
  facet normal -0.353943 0.92209 0.156442
    outer loop
      vertex -18.4397 56.7516 10.635
      vertex -24.3708 54.7377 9.08634
      vertex -24.2709 54.5133 10.635
    endloop
  endfacet
  facet normal -0.396055 0.489088 0.777131
    outer loop
      vertex -32.3499 44.5258 18.6525
      vertex -36.8269 40.9004 18.6525
      vertex -36.0105 39.9937 19.6392
    endloop
  endfacet
  facet normal -0.603944 0.48907 0.629335
    outer loop
      vertex -42.4598 38.2309 16.3253
      vertex -46.2234 33.5833 16.3253
      vertex -45.424 33.0025 17.5438
    endloop
  endfacet
  facet normal -0.438516 0.860635 0.258864
    outer loop
      vertex -24.1056 54.142 12.1495
      vertex -29.8361 51.6777 10.635
      vertex -29.6329 51.3257 12.1495
    endloop
  endfacet
  facet normal -0.404511 0.793902 0.453971
    outer loop
      vertex -23.5868 52.9768 15.0103
      vertex -29.3516 50.8384 13.6132
      vertex -28.9952 50.2211 15.0103
    endloop
  endfacet
  facet normal -0.453372 0.889786 0.0522912
    outer loop
      vertex -24.4042 54.8127 7.52056
      vertex -29.9589 51.8904 9.08634
      vertex -24.3708 54.7377 9.08634
    endloop
  endfacet
  facet normal -0.607888 0.750673 0.258772
    outer loop
      vertex -35.0744 48.2758 10.635
      vertex -39.6566 44.0431 12.1495
      vertex -34.8356 47.9471 12.1495
    endloop
  endfacet
  facet normal 0.0710251 0.448458 0.890977
    outer loop
      vertex 10.9154 51.3527 20.4931
      vertex 5.34151 50.8211 21.205
      vertex 10.6245 49.9844 21.205
    endloop
  endfacet
  facet normal 0.117517 0.438575 0.890978
    outer loop
      vertex 10.9154 51.3527 20.4931
      vertex 10.6245 49.9844 21.205
      vertex 15.7911 48.6 21.205
    endloop
  endfacet
  facet normal 0.0329339 0.628446 0.777156
    outer loop
      vertex 5.75293 54.7355 18.6525
      vertex 0 53.8168 19.6392
      vertex 5.62539 53.522 19.6392
    endloop
  endfacet
  facet normal 0.028501 0.543858 0.838693
    outer loop
      vertex 5.62539 53.522 19.6392
      vertex 0 53.8168 19.6392
      vertex 5.48774 52.2124 20.4931
    endloop
  endfacet
  facet normal 0.217052 0.810083 0.544659
    outer loop
      vertex 12.0569 56.7232 15.0103
      vertex 11.8791 55.8867 16.3253
      vertex 17.6558 54.3389 16.3253
    endloop
  endfacet
  facet normal 0.217083 0.810119 0.544594
    outer loop
      vertex 17.92 55.1521 15.0103
      vertex 12.0569 56.7232 15.0103
      vertex 17.6558 54.3389 16.3253
    endloop
  endfacet
  facet normal 0.201136 0.750634 0.629358
    outer loop
      vertex 17.6558 54.3389 16.3253
      vertex 11.6737 54.9202 17.5438
      vertex 17.3504 53.3991 17.5438
    endloop
  endfacet
  facet normal 0.352814 0.692426 0.629339
    outer loop
      vertex 23.239 52.1957 16.3253
      vertex 22.8371 51.293 17.5438
      vertex 28.5676 49.4806 16.3253
    endloop
  endfacet
  facet normal 0.225531 0.587516 0.777149
    outer loop
      vertex 22.3855 50.2788 18.6525
      vertex 17.0074 52.3433 18.6525
      vertex 21.8893 49.1641 19.6392
    endloop
  endfacet
  facet normal 0.285706 0.560728 0.777146
    outer loop
      vertex 22.3855 50.2788 18.6525
      vertex 21.8893 49.1641 19.6392
      vertex 27.5185 47.6634 18.6525
    endloop
  endfacet
  facet normal 0.162877 0.60785 0.777167
    outer loop
      vertex 17.0074 52.3433 18.6525
      vertex 11.1891 52.6408 19.6392
      vertex 16.6303 51.1828 19.6392
    endloop
  endfacet
  facet normal 0.140962 0.526065 0.83868
    outer loop
      vertex 16.6303 51.1828 19.6392
      vertex 11.1891 52.6408 19.6392
      vertex 16.2234 49.9305 20.4931
    endloop
  endfacet
  facet normal -0.750671 0.60787 0.25882
    outer loop
      vertex -44.3451 39.9285 10.635
      vertex -48.2758 35.0744 10.635
      vertex -44.0431 39.6566 12.1495
    endloop
  endfacet
  facet normal -0.828339 0.537942 0.156438
    outer loop
      vertex -48.4745 35.2188 9.08634
      vertex -51.8904 29.9589 9.08634
      vertex -48.2758 35.0744 10.635
    endloop
  endfacet
  facet normal -0.828339 0.537947 0.156424
    outer loop
      vertex -48.2758 35.0744 10.635
      vertex -51.8904 29.9589 9.08634
      vertex -51.6777 29.8361 10.635
    endloop
  endfacet
  facet normal -0.352816 0.692448 -0.629314
    outer loop
      vertex -28.0736 48.6249 -17.5438
      vertex -28.5676 49.4806 -16.3253
      vertex -22.8371 51.293 -17.5438
    endloop
  endfacet
  facet normal -0.321015 0.630035 -0.707111
    outer loop
      vertex -27.5185 47.6634 -18.6525
      vertex -28.0736 48.6249 -17.5438
      vertex -22.8371 51.293 -17.5438
    endloop
  endfacet
  facet normal -0.342754 0.527794 -0.777144
    outer loop
      vertex -31.6327 43.5387 -19.6392
      vertex -32.3499 44.5258 -18.6525
      vertex -26.9084 46.6067 -19.6392
    endloop
  endfacet
  facet normal -0.39604 0.489078 -0.777145
    outer loop
      vertex -31.6327 43.5387 -19.6392
      vertex -36.0105 39.9937 -19.6392
      vertex -32.3499 44.5258 -18.6525
    endloop
  endfacet
  facet normal -0.549531 0.549531 -0.629311
    outer loop
      vertex -41.7255 37.5698 -17.5438
      vertex -38.2309 42.4598 -16.3253
      vertex -37.5698 41.7255 -17.5438
    endloop
  endfacet
  facet normal -0.549531 0.549531 -0.629311
    outer loop
      vertex -38.2309 42.4598 -16.3253
      vertex -41.7255 37.5698 -17.5438
      vertex -42.4598 38.2309 -16.3253
    endloop
  endfacet
  facet normal 0.139341 -0.070998 0.987696
    outer loop
      vertex 42.5419 -18.9409 22.4179
      vertex 41.672 -24.0593 22.1727
      vertex 43.9586 -19.5716 22.1727
    endloop
  endfacet
  facet normal 0.230603 -0.117498 0.965928
    outer loop
      vertex 43.9586 -19.5716 22.1727
      vertex 41.672 -24.0593 22.1727
      vertex 42.9854 -24.8176 21.7669
    endloop
  endfacet
  facet normal 0.33458 -0.128436 0.933574
    outer loop
      vertex 48.6 -15.7911 21.205
      vertex 45.3441 -20.1885 21.7669
      vertex 46.6831 -20.7847 21.205
    endloop
  endfacet
  facet normal 0.319321 -0.162706 0.933574
    outer loop
      vertex 45.3441 -20.1885 21.7669
      vertex 42.9854 -24.8176 21.7669
      vertex 46.6831 -20.7847 21.205
    endloop
  endfacet
  facet normal 0.448435 -0.0710288 0.890989
    outer loop
      vertex 52.2124 -5.48774 20.4931
      vertex 50.8211 -5.34151 21.205
      vertex 51.3527 -10.9154 20.4931
    endloop
  endfacet
  facet normal 0.448458 -0.0710251 0.890977
    outer loop
      vertex 50.8211 -5.34151 21.205
      vertex 49.9844 -10.6245 21.205
      vertex 51.3527 -10.9154 20.4931
    endloop
  endfacet
  facet normal 0.241617 -0.0927435 0.965929
    outer loop
      vertex 47.2059 -15.3381 21.7669
      vertex 43.9586 -19.5716 22.1727
      vertex 45.3441 -20.1885 21.7669
    endloop
  endfacet
  facet normal 0.334558 -0.128418 0.933584
    outer loop
      vertex 47.2059 -15.3381 21.7669
      vertex 45.3441 -20.1885 21.7669
      vertex 48.6 -15.7911 21.205
    endloop
  endfacet
  facet normal 0.162713 -0.423873 0.890986
    outer loop
      vertex 20.7847 -46.6831 21.205
      vertex 15.7911 -48.6 21.205
      vertex 21.3537 -47.9611 20.4931
    endloop
  endfacet
  facet normal 0.206126 -0.404544 0.890986
    outer loop
      vertex 26.25 -45.4663 20.4931
      vertex 20.7847 -46.6831 21.205
      vertex 21.3537 -47.9611 20.4931
    endloop
  endfacet
  facet normal 0.651757 -0.423261 0.629335
    outer loop
      vertex 48.6249 -28.0736 17.5438
      vertex 45.424 -33.0025 17.5438
      vertex 46.2234 -33.5833 16.3253
    endloop
  endfacet
  facet normal 0.603944 -0.48907 0.629335
    outer loop
      vertex 45.424 -33.0025 17.5438
      vertex 42.4598 -38.2309 16.3253
      vertex 46.2234 -33.5833 16.3253
    endloop
  endfacet
  facet normal 0.489076 -0.603962 0.629313
    outer loop
      vertex 37.5698 -41.7255 17.5438
      vertex 33.0025 -45.424 17.5438
      vertex 38.2309 -42.4598 16.3253
    endloop
  endfacet
  facet normal -0.0710251 -0.448458 0.890977
    outer loop
      vertex -10.6245 -49.9844 21.205
      vertex -10.9154 -51.3527 20.4931
      vertex -5.34151 -50.8211 21.205
    endloop
  endfacet
  facet normal -0.0560418 -0.145995 0.987697
    outer loop
      vertex -14.3903 -44.2887 22.4179
      vertex -18.9409 -42.5419 22.4179
      vertex -14.8695 -45.7636 22.1727
    endloop
  endfacet
  facet normal -0.0187652 -0.0488839 0.998628
    outer loop
      vertex -13.9058 -42.7975 22.5
      vertex -18.3031 -41.1095 22.5
      vertex -14.3903 -44.2887 22.4179
    endloop
  endfacet
  facet normal 0.725526 -0.587523 0.358369
    outer loop
      vertex 47.4919 -34.5049 13.6132
      vertex 43.625 -39.2801 13.6132
      vertex 44.0431 -39.6566 12.1495
    endloop
  endfacet
  facet normal 0.151105 -0.95404 0.258795
    outer loop
      vertex 12.4066 -58.3682 10.635
      vertex 6.19497 -58.9412 12.1495
      vertex 6.23744 -59.3453 10.635
    endloop
  endfacet
  facet normal 0.154508 -0.975526 0.156451
    outer loop
      vertex 12.4066 -58.3682 10.635
      vertex 6.23744 -59.3453 10.635
      vertex 6.26312 -59.5896 9.08634
    endloop
  endfacet
  facet normal -0.7255 -0.278487 0.62936
    outer loop
      vertex -53.3991 -17.3504 17.5438
      vertex -54.3389 -17.6558 16.3253
      vertex -51.293 -22.8371 17.5438
    endloop
  endfacet
  facet normal -0.725513 -0.2785 0.629339
    outer loop
      vertex -51.293 -22.8371 17.5438
      vertex -54.3389 -17.6558 16.3253
      vertex -52.1957 -23.239 16.3253
    endloop
  endfacet
  facet normal -0.527781 -0.342751 0.777155
    outer loop
      vertex -46.6067 -26.9084 19.6392
      vertex -47.6634 -27.5185 18.6525
      vertex -44.5258 -32.3499 18.6525
    endloop
  endfacet
  facet normal -0.630035 -0.321015 0.707111
    outer loop
      vertex -47.6634 -27.5185 18.6525
      vertex -51.293 -22.8371 17.5438
      vertex -48.6249 -28.0736 17.5438
    endloop
  endfacet
  facet normal -0.54952 -0.444989 0.707115
    outer loop
      vertex -44.5258 -32.3499 18.6525
      vertex -45.424 -33.0025 17.5438
      vertex -41.7255 -37.5698 17.5438
    endloop
  endfacet
  facet normal -0.603962 -0.489076 0.629313
    outer loop
      vertex -41.7255 -37.5698 17.5438
      vertex -45.424 -33.0025 17.5438
      vertex -42.4598 -38.2309 16.3253
    endloop
  endfacet
  facet normal -0.560728 -0.285706 0.777146
    outer loop
      vertex -49.1641 -21.8893 19.6392
      vertex -50.2788 -22.3855 18.6525
      vertex -47.6634 -27.5185 18.6525
    endloop
  endfacet
  facet normal -0.593021 -0.385116 0.707115
    outer loop
      vertex -44.5258 -32.3499 18.6525
      vertex -48.6249 -28.0736 17.5438
      vertex -45.424 -33.0025 17.5438
    endloop
  endfacet
  facet normal -0.83182 -0.423833 0.358386
    outer loop
      vertex -50.8384 -29.3516 13.6132
      vertex -54.142 -24.1056 12.1495
      vertex -51.3257 -29.6329 12.1495
    endloop
  endfacet
  facet normal -0.560733 -0.692444 0.453981
    outer loop
      vertex -38.8031 -43.0953 15.0103
      vertex -39.2801 -43.625 13.6132
      vertex -34.5049 -47.4919 13.6132
    endloop
  endfacet
  facet normal -0.508453 -0.782966 0.358384
    outer loop
      vertex -29.3516 -50.8384 13.6132
      vertex -34.8356 -47.9471 12.1495
      vertex -29.6329 -51.3257 12.1495
    endloop
  endfacet
  facet normal -0.296613 -0.456743 0.838693
    outer loop
      vertex -26.25 -45.4663 20.4931
      vertex -31.6327 -43.5387 19.6392
      vertex -26.9084 -46.6067 19.6392
    endloop
  endfacet
  facet normal -0.385116 -0.593021 0.707115
    outer loop
      vertex -32.3499 -44.5258 18.6525
      vertex -33.0025 -45.424 17.5438
      vertex -28.0736 -48.6249 17.5438
    endloop
  endfacet
  facet normal -0.352842 -0.285722 0.890991
    outer loop
      vertex -41.3416 -30.0364 21.205
      vertex -42.4734 -30.8587 20.4931
      vertex -39.0151 -35.1294 20.4931
    endloop
  endfacet
  facet normal -0.131155 -0.0851741 0.987696
    outer loop
      vertex -37.6742 -27.3719 22.4179
      vertex -41.672 -24.0593 22.1727
      vertex -38.9288 -28.2834 22.1727
    endloop
  endfacet
  facet normal -0.0285171 -0.0439134 0.998628
    outer loop
      vertex -22.5 -38.9711 22.5
      vertex -26.4503 -36.4058 22.5
      vertex -23.284 -40.329 22.4179
    endloop
  endfacet
  facet normal -0.154456 -0.0244633 0.987697
    outer loop
      vertex -46.3128 -4.86767 22.4179
      vertex -47.8551 -5.02977 22.1727
      vertex -47.0672 -10.0044 22.1727
    endloop
  endfacet
  facet normal -0.156167 -0.0081844 0.987697
    outer loop
      vertex -46.3128 -4.86767 22.4179
      vertex -48.1187 0 22.1727
      vertex -47.8551 -5.02977 22.1727
    endloop
  endfacet
  facet normal -0.070998 -0.139341 0.987696
    outer loop
      vertex -18.9409 -42.5419 22.4179
      vertex -24.0593 -41.672 22.1727
      vertex -19.5716 -43.9586 22.1727
    endloop
  endfacet
  facet normal -0.117498 -0.230603 0.965928
    outer loop
      vertex -24.0593 -41.672 22.1727
      vertex -24.8176 -42.9854 21.7669
      vertex -19.5716 -43.9586 22.1727
    endloop
  endfacet
  facet normal -0.438516 -0.860635 0.258864
    outer loop
      vertex -29.6329 -51.3257 12.1495
      vertex -29.8361 -51.6777 10.635
      vertex -24.1056 -54.142 12.1495
    endloop
  endfacet
  facet normal -0.438515 -0.860637 0.258859
    outer loop
      vertex -24.1056 -54.142 12.1495
      vertex -29.8361 -51.6777 10.635
      vertex -24.2709 -54.5133 10.635
    endloop
  endfacet
  facet normal -0.121578 -0.767574 0.629325
    outer loop
      vertex -11.6737 -54.9202 17.5438
      vertex -11.8791 -55.8867 16.3253
      vertex -5.97226 -56.8223 16.3253
    endloop
  endfacet
  facet normal -0.121574 -0.767566 0.629334
    outer loop
      vertex -5.86898 -55.8396 17.5438
      vertex -11.6737 -54.9202 17.5438
      vertex -5.97226 -56.8223 16.3253
    endloop
  endfacet
  facet normal -0.140962 -0.526065 0.83868
    outer loop
      vertex -16.2234 -49.9305 20.4931
      vertex -16.6303 -51.1828 19.6392
      vertex -11.1891 -52.6408 19.6392
    endloop
  endfacet
  facet normal -0.0851969 -0.537885 0.838702
    outer loop
      vertex -10.9154 -51.3527 20.4931
      vertex -11.1891 -52.6408 19.6392
      vertex -5.48774 -52.2124 20.4931
    endloop
  endfacet
  facet normal -0.0927558 -0.241633 0.965924
    outer loop
      vertex -14.8695 -45.7636 22.1727
      vertex -19.5716 -43.9586 22.1727
      vertex -15.3381 -47.2059 21.7669
    endloop
  endfacet
  facet normal -0.195171 -0.508422 0.838699
    outer loop
      vertex -21.3537 -47.9611 20.4931
      vertex -21.8893 -49.1641 19.6392
      vertex -16.2234 -49.9305 20.4931
    endloop
  endfacet
  facet normal -0.0560573 -0.35395 0.933583
    outer loop
      vertex -10.3197 -48.5506 21.7669
      vertex -10.6245 -49.9844 21.205
      vertex -5.34151 -50.8211 21.205
    endloop
  endfacet
  facet normal -0.0560581 -0.353952 0.933582
    outer loop
      vertex -5.1883 -49.3633 21.7669
      vertex -10.3197 -48.5506 21.7669
      vertex -5.34151 -50.8211 21.205
    endloop
  endfacet
  facet normal -0.225542 -0.27852 0.933572
    outer loop
      vertex -29.1749 -40.1558 21.7669
      vertex -33.2125 -36.8862 21.7669
      vertex -30.0364 -41.3416 21.205
    endloop
  endfacet
  facet normal -0.19519 -0.300572 0.933572
    outer loop
      vertex -29.1749 -40.1558 21.7669
      vertex -30.0364 -41.3416 21.205
      vertex -24.8176 -42.9854 21.7669
    endloop
  endfacet
  facet normal -0.319312 -0.83183 0.453981
    outer loop
      vertex -23.5868 -52.9768 15.0103
      vertex -23.8767 -53.628 13.6132
      vertex -17.92 -55.1521 15.0103
    endloop
  endfacet
  facet normal -0.131192 -0.828363 0.544614
    outer loop
      vertex -5.97226 -56.8223 16.3253
      vertex -12.0569 -56.7232 15.0103
      vertex -6.06165 -57.6727 15.0103
    endloop
  endfacet
  facet normal -0.241611 -0.90175 0.358429
    outer loop
      vertex -18.1403 -55.83 13.6132
      vertex -18.3142 -56.3652 12.1495
      vertex -12.3221 -57.9707 12.1495
    endloop
  endfacet
  facet normal -0.334569 -0.871546 0.358429
    outer loop
      vertex -18.1403 -55.83 13.6132
      vertex -24.1056 -54.142 12.1495
      vertex -18.3142 -56.3652 12.1495
    endloop
  endfacet
  facet normal -0.139383 -0.880052 0.453961
    outer loop
      vertex -12.0569 -56.7232 15.0103
      vertex -12.2051 -57.4204 13.6132
      vertex -6.13615 -58.3816 13.6132
    endloop
  endfacet
  facet normal -0.230623 -0.860658 0.453961
    outer loop
      vertex -12.0569 -56.7232 15.0103
      vertex -18.1403 -55.83 13.6132
      vertex -12.2051 -57.4204 13.6132
    endloop
  endfacet
  facet normal 0.0710251 -0.448458 -0.890977
    outer loop
      vertex 10.9154 -51.3527 -20.4931
      vertex 5.34151 -50.8211 -21.205
      vertex 10.6245 -49.9844 -21.205
    endloop
  endfacet
  facet normal 0.0710288 -0.448435 -0.890989
    outer loop
      vertex 5.48774 -52.2124 -20.4931
      vertex 5.34151 -50.8211 -21.205
      vertex 10.9154 -51.3527 -20.4931
    endloop
  endfacet
  facet normal 0.0187595 -0.357872 -0.933582
    outer loop
      vertex 5.34151 -50.8211 -21.205
      vertex 0 -51.1011 -21.205
      vertex 5.1883 -49.3633 -21.7669
    endloop
  endfacet
  facet normal -0.018762 -0.357879 -0.93358
    outer loop
      vertex 0 -51.1011 -21.205
      vertex -5.1883 -49.3633 -21.7669
      vertex 0 -49.6353 -21.7669
    endloop
  endfacet
  facet normal 0.201136 -0.750634 -0.629358
    outer loop
      vertex 17.6558 -54.3389 -16.3253
      vertex 11.6737 -54.9202 -17.5438
      vertex 17.3504 -53.3991 -17.5438
    endloop
  endfacet
  facet normal 0.278487 -0.7255 -0.62936
    outer loop
      vertex 17.6558 -54.3389 -16.3253
      vertex 17.3504 -53.3991 -17.5438
      vertex 22.8371 -51.293 -17.5438
    endloop
  endfacet
  facet normal -0.0505776 -0.0135522 -0.998628
    outer loop
      vertex -42.7975 -13.9058 -22.5
      vertex -44.2887 -14.3903 -22.4179
      vertex -44.0166 -9.35603 -22.5
    endloop
  endfacet
  facet normal 0.00819204 -0.0517186 -0.998628
    outer loop
      vertex 4.86767 -46.3128 -22.4179
      vertex 4.70378 -44.7535 -22.5
      vertex 9.35603 -44.0166 -22.5
    endloop
  endfacet
  facet normal 0.423264 -0.651777 -0.629313
    outer loop
      vertex 28.5676 -49.4806 -16.3253
      vertex 28.0736 -48.6249 -17.5438
      vertex 33.5833 -46.2234 -16.3253
    endloop
  endfacet
  facet normal 0.423261 -0.651757 -0.629335
    outer loop
      vertex 33.5833 -46.2234 -16.3253
      vertex 28.0736 -48.6249 -17.5438
      vertex 33.0025 -45.424 -17.5438
    endloop
  endfacet
  facet normal 0.508453 -0.782971 -0.358375
    outer loop
      vertex 34.8356 -47.9471 -12.1495
      vertex 29.3516 -50.8384 -13.6132
      vertex 34.5049 -47.4919 -13.6132
    endloop
  endfacet
  facet normal 0.485267 -0.747266 -0.453994
    outer loop
      vertex 34.5049 -47.4919 -13.6132
      vertex 29.3516 -50.8384 -13.6132
      vertex 34.0859 -46.9152 -15.0103
    endloop
  endfacet
  facet normal -0.0927516 -0.346148 -0.933584
    outer loop
      vertex -10.3197 -48.5506 -21.7669
      vertex -15.7911 -48.6 -21.205
      vertex -15.3381 -47.2059 -21.7669
    endloop
  endfacet
  facet normal -0.0669896 -0.250004 -0.965925
    outer loop
      vertex -10.3197 -48.5506 -21.7669
      vertex -15.3381 -47.2059 -21.7669
      vertex -14.8695 -45.7636 -22.1727
    endloop
  endfacet
  facet normal -0.0237708 -0.0466534 -0.998628
    outer loop
      vertex -18.9409 -42.5419 -22.4179
      vertex -22.5 -38.9711 -22.5
      vertex -18.3031 -41.1095 -22.5
    endloop
  endfacet
  facet normal -0.300572 -0.19519 -0.933572
    outer loop
      vertex -41.3416 -30.0364 -21.205
      vertex -42.9854 -24.8176 -21.7669
      vertex -40.1558 -29.1749 -21.7669
    endloop
  endfacet
  facet normal -0.0927558 -0.241633 -0.965924
    outer loop
      vertex -15.3381 -47.2059 -21.7669
      vertex -19.5716 -43.9586 -22.1727
      vertex -14.8695 -45.7636 -22.1727
    endloop
  endfacet
  facet normal -0.0560445 -0.145998 -0.987696
    outer loop
      vertex -14.8695 -45.7636 -22.1727
      vertex -19.5716 -43.9586 -22.1727
      vertex -18.9409 -42.5419 -22.4179
    endloop
  endfacet
  facet normal -0.0187652 0.0488839 -0.998628
    outer loop
      vertex -13.9058 42.7975 -22.5
      vertex -18.3031 41.1095 -22.5
      vertex -14.3903 44.2887 -22.4179
    endloop
  endfacet
  facet normal -0.00818423 -0.156167 -0.987697
    outer loop
      vertex 0 -48.1187 -22.1727
      vertex -4.86767 -46.3128 -22.4179
      vertex 0 -46.5679 -22.4179
    endloop
  endfacet
  facet normal 0.0560418 -0.145995 -0.987697
    outer loop
      vertex 14.8695 -45.7636 -22.1727
      vertex 14.3903 -44.2887 -22.4179
      vertex 18.9409 -42.5419 -22.4179
    endloop
  endfacet
  facet normal 0.0404751 -0.151053 -0.987697
    outer loop
      vertex 14.8695 -45.7636 -22.1727
      vertex 9.68202 -45.5503 -22.4179
      vertex 14.3903 -44.2887 -22.4179
    endloop
  endfacet
  facet normal 0.0237708 -0.0466534 -0.998628
    outer loop
      vertex 18.9409 -42.5419 -22.4179
      vertex 18.3031 -41.1095 -22.5
      vertex 22.5 -38.9711 -22.5
    endloop
  endfacet
  facet normal 0.300572 -0.19519 -0.933572
    outer loop
      vertex 41.3416 -30.0364 -21.205
      vertex 40.1558 -29.1749 -21.7669
      vertex 42.9854 -24.8176 -21.7669
    endloop
  endfacet
  facet normal 0.27852 -0.225542 -0.933572
    outer loop
      vertex 41.3416 -30.0364 -21.205
      vertex 36.8862 -33.2125 -21.7669
      vertex 40.1558 -29.1749 -21.7669
    endloop
  endfacet
  facet normal 0.964608 0.0505545 0.258795
    outer loop
      vertex 59.3453 6.23744 10.635
      vertex 58.9412 6.19497 12.1495
      vertex 59.6722 0 10.635
    endloop
  endfacet
  facet normal 0.986332 0.051693 0.15645
    outer loop
      vertex 59.5896 6.26312 9.08634
      vertex 59.3453 6.23744 10.635
      vertex 59.6722 0 10.635
    endloop
  endfacet
  facet normal 0.782996 0.300567 0.544589
    outer loop
      vertex 52.9768 23.5868 15.0103
      vertex 52.1957 23.239 16.3253
      vertex 55.1521 17.92 15.0103
    endloop
  endfacet
  facet normal 0.725513 0.2785 0.629339
    outer loop
      vertex 52.1957 23.239 16.3253
      vertex 51.293 22.8371 17.5438
      vertex 54.3389 17.6558 16.3253
    endloop
  endfacet
  facet normal -0.121578 -0.767574 -0.629325
    outer loop
      vertex -5.97226 -56.8223 -16.3253
      vertex -11.8791 -55.8867 -16.3253
      vertex -11.6737 -54.9202 -17.5438
    endloop
  endfacet
  facet normal -0.201132 -0.750665 -0.629323
    outer loop
      vertex -11.8791 -55.8867 -16.3253
      vertex -17.6558 -54.3389 -16.3253
      vertex -11.6737 -54.9202 -17.5438
    endloop
  endfacet
  facet normal -0.444987 -0.549514 -0.707121
    outer loop
      vertex -32.3499 -44.5258 -18.6525
      vertex -37.5698 -41.7255 -17.5438
      vertex -36.8269 -40.9004 -18.6525
    endloop
  endfacet
  facet normal -0.385116 -0.593021 -0.707115
    outer loop
      vertex -28.0736 -48.6249 -17.5438
      vertex -33.0025 -45.424 -17.5438
      vertex -32.3499 -44.5258 -18.6525
    endloop
  endfacet
  facet normal -0.230603 -0.117498 -0.965928
    outer loop
      vertex -42.9854 -24.8176 -21.7669
      vertex -43.9586 -19.5716 -22.1727
      vertex -41.672 -24.0593 -22.1727
    endloop
  endfacet
  facet normal -0.140957 -0.217059 -0.965928
    outer loop
      vertex -24.8176 -42.9854 -21.7669
      vertex -29.1749 -40.1558 -21.7669
      vertex -24.0593 -41.672 -22.1727
    endloop
  endfacet
  facet normal -0.423264 -0.651777 -0.629313
    outer loop
      vertex -28.5676 -49.4806 -16.3253
      vertex -33.5833 -46.2234 -16.3253
      vertex -28.0736 -48.6249 -17.5438
    endloop
  endfacet
  facet normal -0.145995 0.0560418 -0.987697
    outer loop
      vertex -44.2887 14.3903 -22.4179
      vertex -45.7636 14.8695 -22.1727
      vertex -42.5419 18.9409 -22.4179
    endloop
  endfacet
  facet normal -0.217046 0.140953 -0.965931
    outer loop
      vertex -38.9288 28.2834 -22.1727
      vertex -41.672 24.0593 -22.1727
      vertex -40.1558 29.1749 -21.7669
    endloop
  endfacet
  facet normal -0.131155 0.0851741 -0.987696
    outer loop
      vertex -37.6742 27.3719 -22.4179
      vertex -41.672 24.0593 -22.1727
      vertex -38.9288 28.2834 -22.1727
    endloop
  endfacet
  facet normal -0.00819204 -0.0517186 -0.998628
    outer loop
      vertex -4.86767 -46.3128 -22.4179
      vertex -9.35603 -44.0166 -22.5
      vertex -4.70378 -44.7535 -22.5
    endloop
  endfacet
  facet normal -0.00274044 -0.0522916 -0.998628
    outer loop
      vertex 0 -46.5679 -22.4179
      vertex -4.86767 -46.3128 -22.4179
      vertex -4.70378 -44.7535 -22.5
    endloop
  endfacet
  facet normal -0.537899 0.0851944 -0.838693
    outer loop
      vertex -52.2124 5.48774 -20.4931
      vertex -53.522 5.62539 -19.6392
      vertex -52.6408 11.1891 -19.6392
    endloop
  endfacet
  facet normal -0.587497 0.225514 -0.777168
    outer loop
      vertex -51.1828 16.6303 -19.6392
      vertex -52.3433 17.0074 -18.6525
      vertex -49.1641 21.8893 -19.6392
    endloop
  endfacet
  facet normal -0.750634 0.201136 -0.629358
    outer loop
      vertex -53.3991 17.3504 -17.5438
      vertex -54.9202 11.6737 -17.5438
      vertex -54.3389 17.6558 -16.3253
    endloop
  endfacet
  facet normal -0.660174 0.253412 -0.707073
    outer loop
      vertex -52.3433 17.0074 -18.6525
      vertex -53.3991 17.3504 -17.5438
      vertex -51.293 22.8371 -17.5438
    endloop
  endfacet
  facet normal -0.60785 -0.162877 0.777167
    outer loop
      vertex -51.1828 -16.6303 19.6392
      vertex -52.6408 -11.1891 19.6392
      vertex -52.3433 -17.0074 18.6525
    endloop
  endfacet
  facet normal -0.683045 -0.183018 0.707075
    outer loop
      vertex -52.3433 -17.0074 18.6525
      vertex -53.8343 -11.4428 18.6525
      vertex -53.3991 -17.3504 17.5438
    endloop
  endfacet
  facet normal -0.33458 -0.128436 0.933574
    outer loop
      vertex -45.3441 -20.1885 21.7669
      vertex -48.6 -15.7911 21.205
      vertex -46.6831 -20.7847 21.205
    endloop
  endfacet
  facet normal -0.334558 -0.128418 0.933584
    outer loop
      vertex -47.2059 -15.3381 21.7669
      vertex -48.6 -15.7911 21.205
      vertex -45.3441 -20.1885 21.7669
    endloop
  endfacet
  facet normal -0.537885 -0.0851969 0.838702
    outer loop
      vertex -52.2124 -5.48774 20.4931
      vertex -52.6408 -11.1891 19.6392
      vertex -51.3527 -10.9154 20.4931
    endloop
  endfacet
  facet normal -0.628441 -0.0329354 0.77716
    outer loop
      vertex -53.8168 0 19.6392
      vertex -55.037 0 18.6525
      vertex -54.7355 -5.75293 18.6525
    endloop
  endfacet
  facet normal -0.404546 -0.206127 0.890985
    outer loop
      vertex -44.2548 -25.5505 21.205
      vertex -46.6831 -20.7847 21.205
      vertex -45.4663 -26.25 20.4931
    endloop
  endfacet
  facet normal -0.380782 -0.247285 0.890986
    outer loop
      vertex -44.2548 -25.5505 21.205
      vertex -45.4663 -26.25 20.4931
      vertex -41.3416 -30.0364 21.205
    endloop
  endfacet
  facet normal -0.241617 -0.0927435 0.965929
    outer loop
      vertex -43.9586 -19.5716 22.1727
      vertex -47.2059 -15.3381 21.7669
      vertex -45.3441 -20.1885 21.7669
    endloop
  endfacet
  facet normal -0.145998 -0.0560445 0.987696
    outer loop
      vertex -42.5419 -18.9409 22.4179
      vertex -45.7636 -14.8695 22.1727
      vertex -43.9586 -19.5716 22.1727
    endloop
  endfacet
  facet normal -0.296613 -0.456743 -0.838693
    outer loop
      vertex -26.9084 -46.6067 -19.6392
      vertex -31.6327 -43.5387 -19.6392
      vertex -26.25 -45.4663 -20.4931
    endloop
  endfacet
  facet normal -0.352814 -0.692426 -0.629339
    outer loop
      vertex -23.239 -52.1957 -16.3253
      vertex -28.5676 -49.4806 -16.3253
      vertex -22.8371 -51.293 -17.5438
    endloop
  endfacet
  facet normal -0.698413 -0.11062 -0.707094
    outer loop
      vertex -54.9202 -11.6737 -17.5438
      vertex -55.8396 -5.86898 -17.5438
      vertex -54.7355 -5.75293 -18.6525
    endloop
  endfacet
  facet normal -0.828363 0.131192 -0.544614
    outer loop
      vertex -56.8223 5.97226 -16.3253
      vertex -57.6727 6.06165 -15.0103
      vertex -56.7232 12.0569 -15.0103
    endloop
  endfacet
  facet normal -0.782996 -0.300567 -0.544589
    outer loop
      vertex -52.9768 -23.5868 -15.0103
      vertex -55.1521 -17.92 -15.0103
      vertex -52.1957 -23.239 -16.3253
    endloop
  endfacet
  facet normal -0.828331 -0.131202 -0.544659
    outer loop
      vertex -56.7232 -12.0569 -15.0103
      vertex -56.8223 -5.97226 -16.3253
      vertex -55.8867 -11.8791 -16.3253
    endloop
  endfacet
  facet normal -0.706144 -0.0370098 -0.7071
    outer loop
      vertex -55.8396 -5.86898 -17.5438
      vertex -56.1472 0 -17.5438
      vertex -55.037 0 -18.6525
    endloop
  endfacet
  facet normal -0.70615 0.037008 -0.707094
    outer loop
      vertex -55.037 0 -18.6525
      vertex -55.8396 5.86898 -17.5438
      vertex -54.7355 5.75293 -18.6525
    endloop
  endfacet
  facet normal -0.954029 -0.255641 -0.156452
    outer loop
      vertex -56.9852 -18.5156 -9.08634
      vertex -58.6085 -12.4576 -9.08634
      vertex -58.3682 -12.4066 -10.635
    endloop
  endfacet
  facet normal -0.975525 -0.154507 -0.156457
    outer loop
      vertex -58.6085 -12.4576 -9.08634
      vertex -59.5896 -6.26312 -9.08634
      vertex -58.3682 -12.4066 -10.635
    endloop
  endfacet
  facet normal -0.95403 -0.151112 -0.258829
    outer loop
      vertex -58.3682 -12.4066 -10.635
      vertex -58.9412 -6.19497 -12.1495
      vertex -57.9707 -12.3221 -12.1495
    endloop
  endfacet
  facet normal -0.964608 -0.0505545 -0.258795
    outer loop
      vertex -59.3453 -6.23744 -10.635
      vertex -59.6722 0 -10.635
      vertex -58.9412 -6.19497 -12.1495
    endloop
  endfacet
  facet normal -0.651757 -0.423261 -0.629335
    outer loop
      vertex -46.2234 -33.5833 -16.3253
      vertex -48.6249 -28.0736 -17.5438
      vertex -45.424 -33.0025 -17.5438
    endloop
  endfacet
  facet normal -0.527794 -0.342754 -0.777144
    outer loop
      vertex -44.5258 -32.3499 -18.6525
      vertex -46.6067 -26.9084 -19.6392
      vertex -43.5387 -31.6327 -19.6392
    endloop
  endfacet
  facet normal -0.703382 -0.456776 -0.544618
    outer loop
      vertex -46.9152 -34.0859 -15.0103
      vertex -50.2211 -28.9952 -15.0103
      vertex -49.4806 -28.5676 -16.3253
    endloop
  endfacet
  facet normal -0.793898 -0.404511 -0.453979
    outer loop
      vertex -50.8384 -29.3516 -13.6132
      vertex -53.628 -23.8767 -13.6132
      vertex -52.9768 -23.5868 -15.0103
    endloop
  endfacet
  facet normal -0.7255 -0.278487 -0.62936
    outer loop
      vertex -51.293 -22.8371 -17.5438
      vertex -54.3389 -17.6558 -16.3253
      vertex -53.3991 -17.3504 -17.5438
    endloop
  endfacet
  facet normal -0.837522 -0.543894 -0.0523074
    outer loop
      vertex -48.541 -35.2671 -7.52056
      vertex -51.9615 -30 -7.52056
      vertex -51.8904 -29.9589 -9.08634
    endloop
  endfacet
  facet normal -0.782971 -0.508453 -0.358375
    outer loop
      vertex -47.9471 -34.8356 -12.1495
      vertex -50.8384 -29.3516 -13.6132
      vertex -47.4919 -34.5049 -13.6132
    endloop
  endfacet
  facet normal -0.922092 -0.353942 -0.156435
    outer loop
      vertex -54.7377 -24.3708 -9.08634
      vertex -56.9852 -18.5156 -9.08634
      vertex -56.7516 -18.4397 -10.635
    endloop
  endfacet
  facet normal -0.880036 -0.448399 -0.156442
    outer loop
      vertex -51.6777 -29.8361 -10.635
      vertex -54.7377 -24.3708 -9.08634
      vertex -54.5133 -24.2709 -10.635
    endloop
  endfacet
  facet normal -0.933013 -0.249988 -0.258829
    outer loop
      vertex -56.3652 -18.3142 -12.1495
      vertex -58.3682 -12.4066 -10.635
      vertex -57.9707 -12.3221 -12.1495
    endloop
  endfacet
  facet normal -0.90175 -0.241611 -0.358429
    outer loop
      vertex -56.3652 -18.3142 -12.1495
      vertex -57.9707 -12.3221 -12.1495
      vertex -55.83 -18.1403 -13.6132
    endloop
  endfacet
  facet normal -0.54464 -0.83867 0
    outer loop
      vertex -35.2671 -48.541 -7.52056
      vertex -30 -51.9615 7.52056
      vertex -35.2671 -48.541 7.52056
    endloop
  endfacet
  facet normal -0.54464 -0.83867 -0
    outer loop
      vertex -30 -51.9615 7.52056
      vertex -35.2671 -48.541 -7.52056
      vertex -30 -51.9615 -7.52056
    endloop
  endfacet
  facet normal -0.767583 -0.621565 0.15644
    outer loop
      vertex -48.2758 -35.0744 10.635
      vertex -48.4745 -35.2188 9.08634
      vertex -44.5276 -40.0929 9.08634
    endloop
  endfacet
  facet normal -0.777147 -0.629319 0
    outer loop
      vertex -44.5887 -40.1478 -7.52056
      vertex -48.541 -35.2671 7.52056
      vertex -48.541 -35.2671 -7.52056
    endloop
  endfacet
  facet normal -0.777147 -0.629319 0
    outer loop
      vertex -48.541 -35.2671 7.52056
      vertex -44.5887 -40.1478 -7.52056
      vertex -44.5887 -40.1478 7.52056
    endloop
  endfacet
  facet normal -0.444989 -0.54952 -0.707115
    outer loop
      vertex -33.0025 -45.424 -17.5438
      vertex -37.5698 -41.7255 -17.5438
      vertex -32.3499 -44.5258 -18.6525
    endloop
  endfacet
  facet normal -0.543894 -0.837522 -0.0523074
    outer loop
      vertex -30 -51.9615 -7.52056
      vertex -35.2671 -48.541 -7.52056
      vertex -29.9589 -51.8904 -9.08634
    endloop
  endfacet
  facet normal -0.767583 -0.621565 -0.156438
    outer loop
      vertex -44.5276 -40.0929 -9.08634
      vertex -48.2758 -35.0744 -10.635
      vertex -44.3451 -39.9285 -10.635
    endloop
  endfacet
  facet normal -0.621565 -0.767583 -0.156438
    outer loop
      vertex -35.0744 -48.2758 -10.635
      vertex -40.0929 -44.5276 -9.08634
      vertex -39.9285 -44.3451 -10.635
    endloop
  endfacet
  facet normal -0.630039 -0.630039 0.453984
    outer loop
      vertex -43.625 -39.2801 13.6132
      vertex -38.8031 -43.0953 15.0103
      vertex -43.0953 -38.8031 15.0103
    endloop
  endfacet
  facet normal -0.630039 -0.630039 0.453984
    outer loop
      vertex -38.8031 -43.0953 15.0103
      vertex -43.625 -39.2801 13.6132
      vertex -39.2801 -43.625 13.6132
    endloop
  endfacet
  facet normal -0.954032 -0.255638 0.156435
    outer loop
      vertex -56.7516 -18.4397 10.635
      vertex -58.3682 -12.4066 10.635
      vertex -56.9852 -18.5156 9.08634
    endloop
  endfacet
  facet normal -0.922092 -0.353942 0.156435
    outer loop
      vertex -56.7516 -18.4397 10.635
      vertex -56.9852 -18.5156 9.08634
      vertex -54.7377 -24.3708 9.08634
    endloop
  endfacet
  facet normal -0.706144 -0.0370098 0.7071
    outer loop
      vertex -55.037 0 18.6525
      vertex -56.1472 0 17.5438
      vertex -55.8396 -5.86898 17.5438
    endloop
  endfacet
  facet normal -0.750665 -0.201132 0.629323
    outer loop
      vertex -54.9202 -11.6737 17.5438
      vertex -55.8867 -11.8791 16.3253
      vertex -54.3389 -17.6558 16.3253
    endloop
  endfacet
  facet normal -0.837534 -0.0438964 0.54462
    outer loop
      vertex -57.1353 0 16.3253
      vertex -57.9904 0 15.0103
      vertex -57.6727 -6.06165 15.0103
    endloop
  endfacet
  facet normal -0.776073 0.0406749 0.62933
    outer loop
      vertex -55.8396 5.86898 17.5438
      vertex -57.1353 0 16.3253
      vertex -56.1472 0 17.5438
    endloop
  endfacet
  facet normal -0.448435 -0.0710288 0.890989
    outer loop
      vertex -50.8211 -5.34151 21.205
      vertex -52.2124 -5.48774 20.4931
      vertex -51.3527 -10.9154 20.4931
    endloop
  endfacet
  facet normal -0.453403 -0.0237618 0.890989
    outer loop
      vertex -50.8211 -5.34151 21.205
      vertex -52.5 0 20.4931
      vertex -52.2124 -5.48774 20.4931
    endloop
  endfacet
  facet normal -0.543858 0.028501 0.838693
    outer loop
      vertex -53.522 5.62539 19.6392
      vertex -53.8168 0 19.6392
      vertex -52.2124 5.48774 20.4931
    endloop
  endfacet
  facet normal -0.628446 0.0329339 0.777156
    outer loop
      vertex -53.522 5.62539 19.6392
      vertex -54.7355 5.75293 18.6525
      vertex -53.8168 0 19.6392
    endloop
  endfacet
  facet normal -0.767566 -0.121574 0.629334
    outer loop
      vertex -55.8396 -5.86898 17.5438
      vertex -56.8223 -5.97226 16.3253
      vertex -54.9202 -11.6737 17.5438
    endloop
  endfacet
  facet normal -0.698416 -0.11062 0.707091
    outer loop
      vertex -54.7355 -5.75293 18.6525
      vertex -54.9202 -11.6737 17.5438
      vertex -53.8343 -11.4428 18.6525
    endloop
  endfacet
  facet normal -0.889794 0.0466354 0.453973
    outer loop
      vertex -57.6727 6.06165 15.0103
      vertex -58.7032 0 13.6132
      vertex -57.9904 0 15.0103
    endloop
  endfacet
  facet normal -0.901773 0.24164 0.358351
    outer loop
      vertex -55.83 18.1403 13.6132
      vertex -57.9707 12.3221 12.1495
      vertex -57.4204 12.2051 13.6132
    endloop
  endfacet
  facet normal -0.750665 0.201132 0.629323
    outer loop
      vertex -54.3389 17.6558 16.3253
      vertex -55.8867 11.8791 16.3253
      vertex -54.9202 11.6737 17.5438
    endloop
  endfacet
  facet normal -0.810083 0.217052 0.544659
    outer loop
      vertex -54.3389 17.6558 16.3253
      vertex -56.7232 12.0569 15.0103
      vertex -55.8867 11.8791 16.3253
    endloop
  endfacet
  facet normal -0.880046 -0.139378 0.453975
    outer loop
      vertex -57.6727 -6.06165 15.0103
      vertex -58.3816 -6.13615 13.6132
      vertex -56.7232 -12.0569 15.0103
    endloop
  endfacet
  facet normal -0.889793 -0.0466347 0.453975
    outer loop
      vertex -57.6727 -6.06165 15.0103
      vertex -58.7032 0 13.6132
      vertex -58.3816 -6.13615 13.6132
    endloop
  endfacet
  facet normal -0.922077 0.146038 0.358396
    outer loop
      vertex -57.4204 12.2051 13.6132
      vertex -58.9412 6.19497 12.1495
      vertex -58.3816 6.13615 13.6132
    endloop
  endfacet
  facet normal -0.932308 -0.0488505 0.35835
    outer loop
      vertex -58.7032 0 13.6132
      vertex -59.2658 0 12.1495
      vertex -58.9412 -6.19497 12.1495
    endloop
  endfacet
  facet normal -0.964608 -0.0505545 0.258795
    outer loop
      vertex -58.9412 -6.19497 12.1495
      vertex -59.6722 0 10.635
      vertex -59.3453 -6.23744 10.635
    endloop
  endfacet
  facet normal -0.986332 -0.051693 0.15645
    outer loop
      vertex -59.3453 -6.23744 10.635
      vertex -59.6722 0 10.635
      vertex -59.5896 -6.26312 9.08634
    endloop
  endfacet
  facet normal -0.90175 -0.241611 0.358429
    outer loop
      vertex -55.83 -18.1403 13.6132
      vertex -57.9707 -12.3221 12.1495
      vertex -56.3652 -18.3142 12.1495
    endloop
  endfacet
  facet normal -0.860658 -0.230623 0.453961
    outer loop
      vertex -56.7232 -12.0569 15.0103
      vertex -57.4204 -12.2051 13.6132
      vertex -55.83 -18.1403 13.6132
    endloop
  endfacet
  facet normal -0.837534 0.0438964 0.54462
    outer loop
      vertex -57.6727 6.06165 15.0103
      vertex -57.9904 0 15.0103
      vertex -57.1353 0 16.3253
    endloop
  endfacet
  facet normal -0.837538 0.0438945 0.544613
    outer loop
      vertex -56.8223 5.97226 16.3253
      vertex -57.6727 6.06165 15.0103
      vertex -57.1353 0 16.3253
    endloop
  endfacet
  facet normal -0.997262 -0.0522664 0.0523223
    outer loop
      vertex -59.5896 -6.26312 9.08634
      vertex -60 0 7.52056
      vertex -59.6713 -6.27171 7.52056
    endloop
  endfacet
  facet normal -0.98769 -0.156426 0
    outer loop
      vertex -58.6889 -12.4747 -7.52056
      vertex -59.6713 -6.27171 7.52056
      vertex -59.6713 -6.27171 -7.52056
    endloop
  endfacet
  facet normal -0.98769 -0.156426 0
    outer loop
      vertex -59.6713 -6.27171 7.52056
      vertex -58.6889 -12.4747 -7.52056
      vertex -58.6889 -12.4747 7.52056
    endloop
  endfacet
  facet normal -0.997262 0.0522664 -0.0523223
    outer loop
      vertex -59.5896 6.26312 -9.08634
      vertex -60 0 -7.52056
      vertex -59.6713 6.27171 -7.52056
    endloop
  endfacet
  facet normal -0.986336 0.156219 0.0523225
    outer loop
      vertex -58.6085 12.4576 9.08634
      vertex -59.6713 6.27171 7.52056
      vertex -59.5896 6.26312 9.08634
    endloop
  endfacet
  facet normal -0.831835 0.319312 -0.453973
    outer loop
      vertex -55.1521 17.92 -15.0103
      vertex -55.83 18.1403 -13.6132
      vertex -53.628 23.8767 -13.6132
    endloop
  endfacet
  facet normal -0.871567 0.334563 -0.358384
    outer loop
      vertex -53.628 23.8767 -13.6132
      vertex -55.83 18.1403 -13.6132
      vertex -54.142 24.1056 -12.1495
    endloop
  endfacet
  facet normal -0.922092 0.146054 -0.358349
    outer loop
      vertex -57.4204 12.2051 -13.6132
      vertex -58.9412 6.19497 -12.1495
      vertex -57.9707 12.3221 -12.1495
    endloop
  endfacet
  facet normal -0.901773 0.24164 -0.358351
    outer loop
      vertex -57.4204 12.2051 -13.6132
      vertex -57.9707 12.3221 -12.1495
      vertex -55.83 18.1403 -13.6132
    endloop
  endfacet
  facet normal -0.889794 -0.0466354 -0.453973
    outer loop
      vertex -57.6727 -6.06165 -15.0103
      vertex -58.7032 0 -13.6132
      vertex -57.9904 0 -15.0103
    endloop
  endfacet
  facet normal -0.880046 -0.139378 -0.453975
    outer loop
      vertex -56.7232 -12.0569 -15.0103
      vertex -58.3816 -6.13615 -13.6132
      vertex -57.6727 -6.06165 -15.0103
    endloop
  endfacet
  facet normal -0.871546 0.334569 0.358429
    outer loop
      vertex -54.142 24.1056 12.1495
      vertex -56.3652 18.3142 12.1495
      vertex -55.83 18.1403 13.6132
    endloop
  endfacet
  facet normal -0.793898 0.404511 0.453979
    outer loop
      vertex -50.8384 29.3516 13.6132
      vertex -53.628 23.8767 13.6132
      vertex -52.9768 23.5868 15.0103
    endloop
  endfacet
  facet normal -0.965924 0.258825 0
    outer loop
      vertex -58.6889 12.4747 -7.52056
      vertex -57.0634 18.541 7.52056
      vertex -57.0634 18.541 -7.52056
    endloop
  endfacet
  facet normal -0.965924 0.258825 0
    outer loop
      vertex -57.0634 18.541 7.52056
      vertex -58.6889 12.4747 -7.52056
      vertex -58.6889 12.4747 7.52056
    endloop
  endfacet
  facet normal -0.6984 0.6984 -0.156442
    outer loop
      vertex -39.9285 44.3451 -10.635
      vertex -44.5276 40.0929 -9.08634
      vertex -40.0929 44.5276 -9.08634
    endloop
  endfacet
  facet normal -0.6984 0.6984 -0.156442
    outer loop
      vertex -44.5276 40.0929 -9.08634
      vertex -39.9285 44.3451 -10.635
      vertex -44.3451 39.9285 -10.635
    endloop
  endfacet
  facet normal -0.630039 0.630039 -0.453984
    outer loop
      vertex -38.8031 43.0953 -15.0103
      vertex -43.625 39.2801 -13.6132
      vertex -39.2801 43.625 -13.6132
    endloop
  endfacet
  facet normal -0.630039 0.630039 -0.453984
    outer loop
      vertex -43.625 39.2801 -13.6132
      vertex -38.8031 43.0953 -15.0103
      vertex -43.0953 38.8031 -15.0103
    endloop
  endfacet
  facet normal -0.692444 0.560733 -0.453981
    outer loop
      vertex -43.0953 38.8031 -15.0103
      vertex -47.4919 34.5049 -13.6132
      vertex -43.625 39.2801 -13.6132
    endloop
  endfacet
  facet normal -0.346175 0.901779 -0.25876
    outer loop
      vertex -18.3142 56.3652 -12.1495
      vertex -24.1056 54.142 -12.1495
      vertex -18.4397 56.7516 -10.635
    endloop
  endfacet
  facet normal -0.250009 0.933026 -0.258763
    outer loop
      vertex -18.3142 56.3652 -12.1495
      vertex -18.4397 56.7516 -10.635
      vertex -12.4066 58.3682 -10.635
    endloop
  endfacet
  facet normal -0.527805 0.651776 -0.544619
    outer loop
      vertex -33.5833 46.2234 -16.3253
      vertex -38.2309 42.4598 -16.3253
      vertex -34.0859 46.9152 -15.0103
    endloop
  endfacet
  facet normal -0.456776 0.703381 -0.54462
    outer loop
      vertex -33.5833 46.2234 -16.3253
      vertex -34.0859 46.9152 -15.0103
      vertex -28.5676 49.4806 -16.3253
    endloop
  endfacet
  facet normal -0.346141 0.901764 0.258859
    outer loop
      vertex -18.4397 56.7516 10.635
      vertex -24.2709 54.5133 10.635
      vertex -24.1056 54.142 12.1495
    endloop
  endfacet
  facet normal -0.346175 0.901779 0.25876
    outer loop
      vertex -18.4397 56.7516 10.635
      vertex -24.1056 54.142 12.1495
      vertex -18.3142 56.3652 12.1495
    endloop
  endfacet
  facet normal -0.357862 0.932305 -0.0523675
    outer loop
      vertex -18.5156 56.9852 -9.08634
      vertex -24.3708 54.7377 -9.08634
      vertex -18.541 57.0634 -7.52056
    endloop
  endfacet
  facet normal -0.453369 0.889787 -0.0523045
    outer loop
      vertex -29.9589 51.8904 -9.08634
      vertex -30 51.9615 -7.52056
      vertex -24.4042 54.8127 -7.52056
    endloop
  endfacet
  facet normal -0.241611 0.90175 -0.358429
    outer loop
      vertex -18.1403 55.83 -13.6132
      vertex -18.3142 56.3652 -12.1495
      vertex -12.3221 57.9707 -12.1495
    endloop
  endfacet
  facet normal -0.249988 0.933013 -0.258829
    outer loop
      vertex -12.3221 57.9707 -12.1495
      vertex -18.3142 56.3652 -12.1495
      vertex -12.4066 58.3682 -10.635
    endloop
  endfacet
  facet normal -0.247248 0.485244 -0.838693
    outer loop
      vertex -26.25 45.4663 -20.4931
      vertex -26.9084 46.6067 -19.6392
      vertex -21.8893 49.1641 -19.6392
    endloop
  endfacet
  facet normal -0.195185 0.300557 -0.933578
    outer loop
      vertex -24.8176 42.9854 -21.7669
      vertex -30.0364 41.3416 -21.205
      vertex -25.5505 44.2548 -21.205
    endloop
  endfacet
  facet normal -0.128418 0.334558 -0.933584
    outer loop
      vertex -15.3381 47.2059 -21.7669
      vertex -20.1885 45.3441 -21.7669
      vertex -15.7911 48.6 -21.205
    endloop
  endfacet
  facet normal -0.128436 0.33458 -0.933574
    outer loop
      vertex -20.1885 45.3441 -21.7669
      vertex -20.7847 46.6831 -21.205
      vertex -15.7911 48.6 -21.205
    endloop
  endfacet
  facet normal -0.162706 0.319321 -0.933574
    outer loop
      vertex -20.1885 45.3441 -21.7669
      vertex -24.8176 42.9854 -21.7669
      vertex -20.7847 46.6831 -21.205
    endloop
  endfacet
  facet normal -0.0927516 0.346148 -0.933584
    outer loop
      vertex -15.3381 47.2059 -21.7669
      vertex -15.7911 48.6 -21.205
      vertex -10.3197 48.5506 -21.7669
    endloop
  endfacet
  facet normal -0.19519 0.300572 -0.933572
    outer loop
      vertex -29.1749 40.1558 -21.7669
      vertex -30.0364 41.3416 -21.205
      vertex -24.8176 42.9854 -21.7669
    endloop
  endfacet
  facet normal -0.225542 0.27852 -0.933572
    outer loop
      vertex -29.1749 40.1558 -21.7669
      vertex -33.2125 36.8862 -21.7669
      vertex -30.0364 41.3416 -21.205
    endloop
  endfacet
  facet normal 0.456776 0.703381 -0.54462
    outer loop
      vertex 33.5833 46.2234 -16.3253
      vertex 28.5676 49.4806 -16.3253
      vertex 34.0859 46.9152 -15.0103
    endloop
  endfacet
  facet normal 0.352814 0.692426 -0.629339
    outer loop
      vertex 28.5676 49.4806 -16.3253
      vertex 22.8371 51.293 -17.5438
      vertex 23.239 52.1957 -16.3253
    endloop
  endfacet
  facet normal 0.352816 0.692448 -0.629314
    outer loop
      vertex 28.0736 48.6249 -17.5438
      vertex 22.8371 51.293 -17.5438
      vertex 28.5676 49.4806 -16.3253
    endloop
  endfacet
  facet normal 0.423261 0.651757 -0.629335
    outer loop
      vertex 33.0025 45.424 -17.5438
      vertex 28.0736 48.6249 -17.5438
      vertex 33.5833 46.2234 -16.3253
    endloop
  endfacet
  facet normal -0.040673 0.776069 -0.629335
    outer loop
      vertex -5.86898 55.8396 -17.5438
      vertex -5.97226 56.8223 -16.3253
      vertex 0 57.1353 -16.3253
    endloop
  endfacet
  facet normal -0.121574 0.767566 -0.629334
    outer loop
      vertex -5.86898 55.8396 -17.5438
      vertex -11.6737 54.9202 -17.5438
      vertex -5.97226 56.8223 -16.3253
    endloop
  endfacet
  facet normal -0.098445 0.621561 -0.777156
    outer loop
      vertex -5.62539 53.522 -19.6392
      vertex -11.1891 52.6408 -19.6392
      vertex -5.75293 54.7355 -18.6525
    endloop
  endfacet
  facet normal -0.0984478 0.621566 -0.777151
    outer loop
      vertex -11.1891 52.6408 -19.6392
      vertex -11.4428 53.8343 -18.6525
      vertex -5.75293 54.7355 -18.6525
    endloop
  endfacet
  facet normal -0.0406749 0.776073 -0.62933
    outer loop
      vertex 0 56.1472 -17.5438
      vertex -5.86898 55.8396 -17.5438
      vertex 0 57.1353 -16.3253
    endloop
  endfacet
  facet normal 0.0406749 0.776073 -0.62933
    outer loop
      vertex 5.86898 55.8396 -17.5438
      vertex 0 56.1472 -17.5438
      vertex 0 57.1353 -16.3253
    endloop
  endfacet
  facet normal 0.0329354 0.628441 -0.77716
    outer loop
      vertex 5.75293 54.7355 -18.6525
      vertex 0 53.8168 -19.6392
      vertex 0 55.037 -18.6525
    endloop
  endfacet
  facet normal 0.037008 0.70615 -0.707094
    outer loop
      vertex 5.75293 54.7355 -18.6525
      vertex 0 55.037 -18.6525
      vertex 5.86898 55.8396 -17.5438
    endloop
  endfacet
  facet normal -0.0187595 0.357872 -0.933582
    outer loop
      vertex -5.1883 49.3633 -21.7669
      vertex -5.34151 50.8211 -21.205
      vertex 0 51.1011 -21.205
    endloop
  endfacet
  facet normal -0.0404874 0.255638 -0.965924
    outer loop
      vertex -5.02977 47.8551 -22.1727
      vertex -10.3197 48.5506 -21.7669
      vertex -5.1883 49.3633 -21.7669
    endloop
  endfacet
  facet normal -0.0710251 0.448458 -0.890977
    outer loop
      vertex -10.6245 49.9844 -21.205
      vertex -10.9154 51.3527 -20.4931
      vertex -5.34151 50.8211 -21.205
    endloop
  endfacet
  facet normal -0.0710288 0.448435 -0.890989
    outer loop
      vertex -5.34151 50.8211 -21.205
      vertex -10.9154 51.3527 -20.4931
      vertex -5.48774 52.2124 -20.4931
    endloop
  endfacet
  facet normal 0.0404882 0.255633 -0.965926
    outer loop
      vertex 10.0044 47.0672 -22.1727
      vertex 5.02977 47.8551 -22.1727
      vertex 10.3197 48.5506 -21.7669
    endloop
  endfacet
  facet normal 0.0244633 0.154456 -0.987697
    outer loop
      vertex 10.0044 47.0672 -22.1727
      vertex 4.86767 46.3128 -22.4179
      vertex 5.02977 47.8551 -22.1727
    endloop
  endfacet
  facet normal 0.0560573 0.35395 -0.933583
    outer loop
      vertex 10.3197 48.5506 -21.7669
      vertex 5.34151 50.8211 -21.205
      vertex 10.6245 49.9844 -21.205
    endloop
  endfacet
  facet normal 0.0710251 0.448458 -0.890977
    outer loop
      vertex 10.6245 49.9844 -21.205
      vertex 5.34151 50.8211 -21.205
      vertex 10.9154 51.3527 -20.4931
    endloop
  endfacet
  facet normal 0.423833 0.83182 -0.358386
    outer loop
      vertex 29.3516 50.8384 -13.6132
      vertex 24.1056 54.142 -12.1495
      vertex 29.6329 51.3257 -12.1495
    endloop
  endfacet
  facet normal 0.438516 0.860635 -0.258864
    outer loop
      vertex 29.6329 51.3257 -12.1495
      vertex 24.1056 54.142 -12.1495
      vertex 29.8361 51.6777 -10.635
    endloop
  endfacet
  facet normal 0.0285203 0.043916 -0.998628
    outer loop
      vertex 26.4503 36.4058 -22.5
      vertex 23.284 40.329 -22.4179
      vertex 27.3719 37.6742 -22.4179
    endloop
  endfacet
  facet normal 0.225527 0.27851 -0.933579
    outer loop
      vertex 33.2125 36.8862 -21.7669
      vertex 30.0364 41.3416 -21.205
      vertex 34.1933 37.9755 -21.205
    endloop
  endfacet
  facet normal 0.0927558 0.241633 -0.965924
    outer loop
      vertex 19.5716 43.9586 -22.1727
      vertex 14.8695 45.7636 -22.1727
      vertex 15.3381 47.2059 -21.7669
    endloop
  endfacet
  facet normal 0.0560445 0.145998 -0.987696
    outer loop
      vertex 18.9409 42.5419 -22.4179
      vertex 14.8695 45.7636 -22.1727
      vertex 19.5716 43.9586 -22.1727
    endloop
  endfacet
  facet normal 0.206127 0.404546 -0.890985
    outer loop
      vertex 25.5505 44.2548 -21.205
      vertex 20.7847 46.6831 -21.205
      vertex 26.25 45.4663 -20.4931
    endloop
  endfacet
  facet normal 0.247285 0.380782 -0.890986
    outer loop
      vertex 30.0364 41.3416 -21.205
      vertex 25.5505 44.2548 -21.205
      vertex 26.25 45.4663 -20.4931
    endloop
  endfacet
  facet normal 0.0244631 0.154458 -0.987697
    outer loop
      vertex 9.68202 45.5503 -22.4179
      vertex 4.86767 46.3128 -22.4179
      vertex 10.0044 47.0672 -22.1727
    endloop
  endfacet
  facet normal 0.0404751 0.151053 -0.987697
    outer loop
      vertex 14.3903 44.2887 -22.4179
      vertex 9.68202 45.5503 -22.4179
      vertex 14.8695 45.7636 -22.1727
    endloop
  endfacet
  facet normal 0.023771 0.0466536 -0.998628
    outer loop
      vertex 22.5 38.9711 -22.5
      vertex 18.9409 42.5419 -22.4179
      vertex 23.284 40.329 -22.4179
    endloop
  endfacet
  facet normal -0.60785 0.162877 -0.777167
    outer loop
      vertex -51.1828 16.6303 -19.6392
      vertex -52.6408 11.1891 -19.6392
      vertex -52.3433 17.0074 -18.6525
    endloop
  endfacet
  facet normal -0.543858 0.028501 -0.838693
    outer loop
      vertex -52.2124 5.48774 -20.4931
      vertex -53.8168 0 -19.6392
      vertex -53.522 5.62539 -19.6392
    endloop
  endfacet
  facet normal -0.537885 0.0851969 -0.838702
    outer loop
      vertex -52.2124 5.48774 -20.4931
      vertex -52.6408 11.1891 -19.6392
      vertex -51.3527 10.9154 -20.4931
    endloop
  endfacet
  facet normal -0.33458 0.128436 -0.933574
    outer loop
      vertex -45.3441 20.1885 -21.7669
      vertex -48.6 15.7911 -21.205
      vertex -46.6831 20.7847 -21.205
    endloop
  endfacet
  facet normal -0.448458 -0.0710251 -0.890977
    outer loop
      vertex -49.9844 -10.6245 -21.205
      vertex -51.3527 -10.9154 -20.4931
      vertex -50.8211 -5.34151 -21.205
    endloop
  endfacet
  facet normal -0.526065 -0.140962 -0.83868
    outer loop
      vertex -51.1828 -16.6303 -19.6392
      vertex -52.6408 -11.1891 -19.6392
      vertex -49.9305 -16.2234 -20.4931
    endloop
  endfacet
  facet normal -0.353952 0.0560581 -0.933582
    outer loop
      vertex -49.3633 5.1883 -21.7669
      vertex -50.8211 5.34151 -21.205
      vertex -48.5506 10.3197 -21.7669
    endloop
  endfacet
  facet normal -0.35395 0.0560573 -0.933583
    outer loop
      vertex -48.5506 10.3197 -21.7669
      vertex -50.8211 5.34151 -21.205
      vertex -49.9844 10.6245 -21.205
    endloop
  endfacet
  facet normal -0.156167 -0.0081844 -0.987697
    outer loop
      vertex -47.8551 -5.02977 -22.1727
      vertex -48.1187 0 -22.1727
      vertex -46.3128 -4.86767 -22.4179
    endloop
  endfacet
  facet normal -0.156167 0.0081844 -0.987697
    outer loop
      vertex -46.3128 4.86767 -22.4179
      vertex -48.1187 0 -22.1727
      vertex -47.8551 5.02977 -22.1727
    endloop
  endfacet
  facet normal -0.250001 -0.0669876 -0.965926
    outer loop
      vertex -45.7636 -14.8695 -22.1727
      vertex -48.5506 -10.3197 -21.7669
      vertex -47.0672 -10.0044 -22.1727
    endloop
  endfacet
  facet normal -0.25847 -0.0135504 -0.965924
    outer loop
      vertex -49.3633 -5.1883 -21.7669
      vertex -49.6353 0 -21.7669
      vertex -47.8551 -5.02977 -22.1727
    endloop
  endfacet
  facet normal -0.537885 -0.0851969 -0.838702
    outer loop
      vertex -51.3527 -10.9154 -20.4931
      vertex -52.6408 -11.1891 -19.6392
      vertex -52.2124 -5.48774 -20.4931
    endloop
  endfacet
  facet normal -0.448435 -0.0710288 -0.890989
    outer loop
      vertex -51.3527 -10.9154 -20.4931
      vertex -52.2124 -5.48774 -20.4931
      vertex -50.8211 -5.34151 -21.205
    endloop
  endfacet
  facet normal -0.651776 0.527805 -0.544619
    outer loop
      vertex -46.2234 33.5833 -16.3253
      vertex -46.9152 34.0859 -15.0103
      vertex -42.4598 38.2309 -16.3253
    endloop
  endfacet
  facet normal -0.603944 0.48907 -0.629335
    outer loop
      vertex -45.424 33.0025 -17.5438
      vertex -46.2234 33.5833 -16.3253
      vertex -42.4598 38.2309 -16.3253
    endloop
  endfacet
  facet normal 0.217046 0.140953 -0.965931
    outer loop
      vertex 41.672 24.0593 -22.1727
      vertex 38.9288 28.2834 -22.1727
      vertex 40.1558 29.1749 -21.7669
    endloop
  endfacet
  facet normal 0.253407 0.253407 -0.933579
    outer loop
      vertex 36.8862 33.2125 -21.7669
      vertex 34.1933 37.9755 -21.205
      vertex 37.9755 34.1933 -21.205
    endloop
  endfacet
  facet normal 0.253407 0.253407 -0.933579
    outer loop
      vertex 34.1933 37.9755 -21.205
      vertex 36.8862 33.2125 -21.7669
      vertex 33.2125 36.8862 -21.7669
    endloop
  endfacet
  facet normal 0.54464 0.83867 -0
    outer loop
      vertex 35.2671 48.541 -7.52056
      vertex 30 51.9615 7.52056
      vertex 35.2671 48.541 7.52056
    endloop
  endfacet
  facet normal 0.54464 0.83867 0
    outer loop
      vertex 30 51.9615 7.52056
      vertex 35.2671 48.541 -7.52056
      vertex 30 51.9615 -7.52056
    endloop
  endfacet
  facet normal 0.543901 0.837515 0.0523478
    outer loop
      vertex 35.2671 48.541 7.52056
      vertex 29.9589 51.8904 9.08634
      vertex 35.2188 48.4745 9.08634
    endloop
  endfacet
  facet normal 0.543894 0.837522 0.0523074
    outer loop
      vertex 30 51.9615 7.52056
      vertex 29.9589 51.8904 9.08634
      vertex 35.2671 48.541 7.52056
    endloop
  endfacet
  facet normal 0.537947 0.828339 0.156424
    outer loop
      vertex 29.9589 51.8904 9.08634
      vertex 29.8361 51.6777 10.635
      vertex 35.0744 48.2758 10.635
    endloop
  endfacet
  facet normal 0.526099 0.810096 0.258773
    outer loop
      vertex 35.0744 48.2758 10.635
      vertex 29.8361 51.6777 10.635
      vertex 34.8356 47.9471 12.1495
    endloop
  endfacet
  facet normal 0.660146 0.253411 0.707099
    outer loop
      vertex 51.293 22.8371 17.5438
      vertex 50.2788 22.3855 18.6525
      vertex 52.3433 17.0074 18.6525
    endloop
  endfacet
  facet normal 0.630042 0.321023 0.707101
    outer loop
      vertex 51.293 22.8371 17.5438
      vertex 47.6634 27.5185 18.6525
      vertex 50.2788 22.3855 18.6525
    endloop
  endfacet
  facet normal -0.0927558 0.241633 0.965924
    outer loop
      vertex -15.3381 47.2059 21.7669
      vertex -19.5716 43.9586 22.1727
      vertex -14.8695 45.7636 22.1727
    endloop
  endfacet
  facet normal -0.0927435 0.241617 0.965929
    outer loop
      vertex -15.3381 47.2059 21.7669
      vertex -20.1885 45.3441 21.7669
      vertex -19.5716 43.9586 22.1727
    endloop
  endfacet
  facet normal -0.128418 0.334558 0.933584
    outer loop
      vertex -15.7911 48.6 21.205
      vertex -20.1885 45.3441 21.7669
      vertex -15.3381 47.2059 21.7669
    endloop
  endfacet
  facet normal -0.0927516 0.346148 0.933584
    outer loop
      vertex -10.3197 48.5506 21.7669
      vertex -15.7911 48.6 21.205
      vertex -15.3381 47.2059 21.7669
    endloop
  endfacet
  facet normal -0.0851944 0.537899 0.838693
    outer loop
      vertex -5.62539 53.522 19.6392
      vertex -11.1891 52.6408 19.6392
      vertex -5.48774 52.2124 20.4931
    endloop
  endfacet
  facet normal -0.098445 0.621561 0.777156
    outer loop
      vertex -5.75293 54.7355 18.6525
      vertex -11.1891 52.6408 19.6392
      vertex -5.62539 53.522 19.6392
    endloop
  endfacet
  facet normal -0.39604 0.489078 0.777145
    outer loop
      vertex -32.3499 44.5258 18.6525
      vertex -36.0105 39.9937 19.6392
      vertex -31.6327 43.5387 19.6392
    endloop
  endfacet
  facet normal -0.296613 0.456743 0.838693
    outer loop
      vertex -26.9084 46.6067 19.6392
      vertex -31.6327 43.5387 19.6392
      vertex -26.25 45.4663 20.4931
    endloop
  endfacet
  facet normal -0.247276 0.380775 0.890991
    outer loop
      vertex -26.25 45.4663 20.4931
      vertex -30.8587 42.4734 20.4931
      vertex -30.0364 41.3416 21.205
    endloop
  endfacet
  facet normal -0.162877 0.60785 0.777167
    outer loop
      vertex -11.1891 52.6408 19.6392
      vertex -17.0074 52.3433 18.6525
      vertex -16.6303 51.1828 19.6392
    endloop
  endfacet
  facet normal -0.352852 0.285726 0.890986
    outer loop
      vertex -39.0151 35.1294 20.4931
      vertex -41.3416 30.0364 21.205
      vertex -37.9755 34.1933 21.205
    endloop
  endfacet
  facet normal -0.319313 0.162698 0.933578
    outer loop
      vertex -44.2548 25.5505 21.205
      vertex -46.6831 20.7847 21.205
      vertex -42.9854 24.8176 21.7669
    endloop
  endfacet
  facet normal -0.660174 0.253412 0.707073
    outer loop
      vertex -51.293 22.8371 17.5438
      vertex -53.3991 17.3504 17.5438
      vertex -52.3433 17.0074 18.6525
    endloop
  endfacet
  facet normal -0.683045 0.183018 0.707075
    outer loop
      vertex -53.3991 17.3504 17.5438
      vertex -53.8343 11.4428 18.6525
      vertex -52.3433 17.0074 18.6525
    endloop
  endfacet
  facet normal -0.537885 0.0851969 0.838702
    outer loop
      vertex -51.3527 10.9154 20.4931
      vertex -52.6408 11.1891 19.6392
      vertex -52.2124 5.48774 20.4931
    endloop
  endfacet
  facet normal -0.448435 0.0710288 0.890989
    outer loop
      vertex -51.3527 10.9154 20.4931
      vertex -52.2124 5.48774 20.4931
      vertex -50.8211 5.34151 21.205
    endloop
  endfacet
  facet normal -0.241617 0.0927435 0.965929
    outer loop
      vertex -45.3441 20.1885 21.7669
      vertex -47.2059 15.3381 21.7669
      vertex -43.9586 19.5716 22.1727
    endloop
  endfacet
  facet normal -0.217046 0.140953 0.965931
    outer loop
      vertex -40.1558 29.1749 21.7669
      vertex -41.672 24.0593 22.1727
      vertex -38.9288 28.2834 22.1727
    endloop
  endfacet
  facet normal -0.83183 0.319312 0.453981
    outer loop
      vertex -53.628 23.8767 13.6132
      vertex -55.1521 17.92 15.0103
      vertex -52.9768 23.5868 15.0103
    endloop
  endfacet
  facet normal -0.90175 0.241611 0.358429
    outer loop
      vertex -56.3652 18.3142 12.1495
      vertex -57.9707 12.3221 12.1495
      vertex -55.83 18.1403 13.6132
    endloop
  endfacet
  facet normal -0.651777 0.423264 0.629313
    outer loop
      vertex -46.2234 33.5833 16.3253
      vertex -49.4806 28.5676 16.3253
      vertex -48.6249 28.0736 17.5438
    endloop
  endfacet
  facet normal -0.19519 0.300572 0.933572
    outer loop
      vertex -24.8176 42.9854 21.7669
      vertex -30.0364 41.3416 21.205
      vertex -29.1749 40.1558 21.7669
    endloop
  endfacet
  facet normal -0.225542 0.27852 0.933572
    outer loop
      vertex -30.0364 41.3416 21.205
      vertex -33.2125 36.8862 21.7669
      vertex -29.1749 40.1558 21.7669
    endloop
  endfacet
  facet normal -0.526067 0.810089 0.258863
    outer loop
      vertex -29.8361 51.6777 10.635
      vertex -34.8356 47.9471 12.1495
      vertex -29.6329 51.3257 12.1495
    endloop
  endfacet
  facet normal -0.485278 0.747272 0.453972
    outer loop
      vertex -29.3516 50.8384 13.6132
      vertex -34.0859 46.9152 15.0103
      vertex -28.9952 50.2211 15.0103
    endloop
  endfacet
  facet normal -0.121578 0.767574 0.629325
    outer loop
      vertex -5.97226 56.8223 16.3253
      vertex -11.8791 55.8867 16.3253
      vertex -11.6737 54.9202 17.5438
    endloop
  endfacet
  facet normal -0.131202 0.828331 0.544659
    outer loop
      vertex -5.97226 56.8223 16.3253
      vertex -12.0569 56.7232 15.0103
      vertex -11.8791 55.8867 16.3253
    endloop
  endfacet
  facet normal -0.250009 0.933026 0.258763
    outer loop
      vertex -12.4066 58.3682 10.635
      vertex -18.4397 56.7516 10.635
      vertex -18.3142 56.3652 12.1495
    endloop
  endfacet
  facet normal -0.255638 0.954032 0.156435
    outer loop
      vertex -12.4066 58.3682 10.635
      vertex -18.5156 56.9852 9.08634
      vertex -18.4397 56.7516 10.635
    endloop
  endfacet
  facet normal -0.319312 0.831835 0.453973
    outer loop
      vertex -18.1403 55.83 13.6132
      vertex -23.8767 53.628 13.6132
      vertex -17.92 55.1521 15.0103
    endloop
  endfacet
  facet normal -0.230624 0.860653 0.453971
    outer loop
      vertex -12.0569 56.7232 15.0103
      vertex -18.1403 55.83 13.6132
      vertex -17.92 55.1521 15.0103
    endloop
  endfacet
  facet normal -0.296615 0.456751 0.838689
    outer loop
      vertex -26.25 45.4663 20.4931
      vertex -31.6327 43.5387 19.6392
      vertex -30.8587 42.4734 20.4931
    endloop
  endfacet
  facet normal -0.444987 0.549514 0.707121
    outer loop
      vertex -32.3499 44.5258 18.6525
      vertex -37.5698 41.7255 17.5438
      vertex -36.8269 40.9004 18.6525
    endloop
  endfacet
  facet normal -0.489076 0.603962 0.629313
    outer loop
      vertex -33.0025 45.424 17.5438
      vertex -38.2309 42.4598 16.3253
      vertex -37.5698 41.7255 17.5438
    endloop
  endfacet
  facet normal -0.404511 0.793898 0.453979
    outer loop
      vertex -23.8767 53.628 13.6132
      vertex -29.3516 50.8384 13.6132
      vertex -23.5868 52.9768 15.0103
    endloop
  endfacet
  facet normal -0.423833 0.83182 0.358387
    outer loop
      vertex -24.1056 54.142 12.1495
      vertex -29.3516 50.8384 13.6132
      vertex -23.8767 53.628 13.6132
    endloop
  endfacet
  facet normal -0.621565 0.767583 0.156438
    outer loop
      vertex -35.0744 48.2758 10.635
      vertex -40.0929 44.5276 9.08634
      vertex -39.9285 44.3451 10.635
    endloop
  endfacet
  facet normal -0.60787 0.750671 0.25882
    outer loop
      vertex -35.0744 48.2758 10.635
      vertex -39.9285 44.3451 10.635
      vertex -39.6566 44.0431 12.1495
    endloop
  endfacet
  facet normal -0.448404 0.880037 0.156424
    outer loop
      vertex -24.3708 54.7377 9.08634
      vertex -29.9589 51.8904 9.08634
      vertex -29.8361 51.6777 10.635
    endloop
  endfacet
  facet normal -0.6984 0.6984 0.156442
    outer loop
      vertex -44.5276 40.0929 9.08634
      vertex -39.9285 44.3451 10.635
      vertex -40.0929 44.5276 9.08634
    endloop
  endfacet
  facet normal -0.6984 0.6984 0.156442
    outer loop
      vertex -39.9285 44.3451 10.635
      vertex -44.5276 40.0929 9.08634
      vertex -44.3451 39.9285 10.635
    endloop
  endfacet
  facet normal 0.18302 0.683024 0.707094
    outer loop
      vertex 11.6737 54.9202 17.5438
      vertex 11.4428 53.8343 18.6525
      vertex 17.3504 53.3991 17.5438
    endloop
  endfacet
  facet normal 0.11062 0.698416 0.707091
    outer loop
      vertex 11.6737 54.9202 17.5438
      vertex 5.75293 54.7355 18.6525
      vertex 11.4428 53.8343 18.6525
    endloop
  endfacet
  facet normal 0.404511 0.793902 0.453971
    outer loop
      vertex 29.3516 50.8384 13.6132
      vertex 23.5868 52.9768 15.0103
      vertex 28.9952 50.2211 15.0103
    endloop
  endfacet
  facet normal 0.404511 0.793898 0.453979
    outer loop
      vertex 23.8767 53.628 13.6132
      vertex 23.5868 52.9768 15.0103
      vertex 29.3516 50.8384 13.6132
    endloop
  endfacet
  facet normal 0.183018 0.683045 0.707075
    outer loop
      vertex 17.3504 53.3991 17.5438
      vertex 11.4428 53.8343 18.6525
      vertex 17.0074 52.3433 18.6525
    endloop
  endfacet
  facet normal 0.253412 0.660174 0.707073
    outer loop
      vertex 17.3504 53.3991 17.5438
      vertex 17.0074 52.3433 18.6525
      vertex 22.8371 51.293 17.5438
    endloop
  endfacet
  facet normal -0.750673 0.607888 0.258772
    outer loop
      vertex -44.0431 39.6566 12.1495
      vertex -48.2758 35.0744 10.635
      vertex -47.9471 34.8356 12.1495
    endloop
  endfacet
  facet normal -0.810096 0.526099 0.258773
    outer loop
      vertex -48.2758 35.0744 10.635
      vertex -51.6777 29.8361 10.635
      vertex -47.9471 34.8356 12.1495
    endloop
  endfacet
  facet normal -0.767583 0.621565 0.15644
    outer loop
      vertex -44.5276 40.0929 9.08634
      vertex -48.4745 35.2188 9.08634
      vertex -48.2758 35.0744 10.635
    endloop
  endfacet
  facet normal -0.776086 0.628451 0.052347
    outer loop
      vertex -44.5276 40.0929 9.08634
      vertex -48.541 35.2671 7.52056
      vertex -48.4745 35.2188 9.08634
    endloop
  endfacet
  facet normal 0.621561 -0.098445 0.777156
    outer loop
      vertex 53.522 -5.62539 19.6392
      vertex 52.6408 -11.1891 19.6392
      vertex 54.7355 -5.75293 18.6525
    endloop
  endfacet
  facet normal 0.438555 -0.117504 0.890989
    outer loop
      vertex 51.3527 -10.9154 20.4931
      vertex 48.6 -15.7911 21.205
      vertex 49.9305 -16.2234 20.4931
    endloop
  endfacet
  facet normal 0.526065 -0.140962 0.83868
    outer loop
      vertex 52.6408 -11.1891 19.6392
      vertex 49.9305 -16.2234 20.4931
      vertex 51.1828 -16.6303 19.6392
    endloop
  endfacet
  facet normal 0.60785 -0.162877 0.777167
    outer loop
      vertex 52.6408 -11.1891 19.6392
      vertex 51.1828 -16.6303 19.6392
      vertex 52.3433 -17.0074 18.6525
    endloop
  endfacet
  facet normal 0.117497 -0.230596 0.96593
    outer loop
      vertex 24.8176 -42.9854 21.7669
      vertex 19.5716 -43.9586 22.1727
      vertex 20.1885 -45.3441 21.7669
    endloop
  endfacet
  facet normal 0.0927435 -0.241617 0.965929
    outer loop
      vertex 19.5716 -43.9586 22.1727
      vertex 15.3381 -47.2059 21.7669
      vertex 20.1885 -45.3441 21.7669
    endloop
  endfacet
  facet normal 0.692444 -0.560733 0.453981
    outer loop
      vertex 47.4919 -34.5049 13.6132
      vertex 43.0953 -38.8031 15.0103
      vertex 43.625 -39.2801 13.6132
    endloop
  endfacet
  facet normal -0.750634 -0.201136 0.629358
    outer loop
      vertex -53.3991 -17.3504 17.5438
      vertex -54.9202 -11.6737 17.5438
      vertex -54.3389 -17.6558 16.3253
    endloop
  endfacet
  facet normal -0.810083 -0.217052 0.544659
    outer loop
      vertex -55.8867 -11.8791 16.3253
      vertex -56.7232 -12.0569 15.0103
      vertex -54.3389 -17.6558 16.3253
    endloop
  endfacet
  facet normal -0.83183 -0.319312 0.453981
    outer loop
      vertex -52.9768 -23.5868 15.0103
      vertex -55.1521 -17.92 15.0103
      vertex -53.628 -23.8767 13.6132
    endloop
  endfacet
  facet normal -0.889787 -0.453369 0.0523045
    outer loop
      vertex -51.8904 -29.9589 9.08634
      vertex -54.8127 -24.4042 7.52056
      vertex -51.9615 -30 7.52056
    endloop
  endfacet
  facet normal -0.660146 -0.253411 0.707099
    outer loop
      vertex -50.2788 -22.3855 18.6525
      vertex -52.3433 -17.0074 18.6525
      vertex -51.293 -22.8371 17.5438
    endloop
  endfacet
  facet normal -0.660174 -0.253412 0.707073
    outer loop
      vertex -52.3433 -17.0074 18.6525
      vertex -53.3991 -17.3504 17.5438
      vertex -51.293 -22.8371 17.5438
    endloop
  endfacet
  facet normal -0.489088 -0.396055 0.777131
    outer loop
      vertex -39.9937 -36.0105 19.6392
      vertex -44.5258 -32.3499 18.6525
      vertex -40.9004 -36.8269 18.6525
    endloop
  endfacet
  facet normal -0.49999 -0.49999 0.707121
    outer loop
      vertex -40.9004 -36.8269 18.6525
      vertex -37.5698 -41.7255 17.5438
      vertex -36.8269 -40.9004 18.6525
    endloop
  endfacet
  facet normal -0.49999 -0.49999 0.707121
    outer loop
      vertex -37.5698 -41.7255 17.5438
      vertex -40.9004 -36.8269 18.6525
      vertex -41.7255 -37.5698 17.5438
    endloop
  endfacet
  facet normal -0.549531 -0.549531 0.629311
    outer loop
      vertex -41.7255 -37.5698 17.5438
      vertex -38.2309 -42.4598 16.3253
      vertex -37.5698 -41.7255 17.5438
    endloop
  endfacet
  facet normal -0.549531 -0.549531 0.629311
    outer loop
      vertex -38.2309 -42.4598 16.3253
      vertex -41.7255 -37.5698 17.5438
      vertex -42.4598 -38.2309 16.3253
    endloop
  endfacet
  facet normal -0.445009 -0.445009 0.777131
    outer loop
      vertex -39.9937 -36.0105 19.6392
      vertex -36.8269 -40.9004 18.6525
      vertex -36.0105 -39.9937 19.6392
    endloop
  endfacet
  facet normal -0.445009 -0.445009 0.777131
    outer loop
      vertex -36.8269 -40.9004 18.6525
      vertex -39.9937 -36.0105 19.6392
      vertex -40.9004 -36.8269 18.6525
    endloop
  endfacet
  facet normal -0.630042 -0.321023 0.707101
    outer loop
      vertex -50.2788 -22.3855 18.6525
      vertex -51.293 -22.8371 17.5438
      vertex -47.6634 -27.5185 18.6525
    endloop
  endfacet
  facet normal -0.593024 -0.385121 0.70711
    outer loop
      vertex -47.6634 -27.5185 18.6525
      vertex -48.6249 -28.0736 17.5438
      vertex -44.5258 -32.3499 18.6525
    endloop
  endfacet
  facet normal -0.526065 -0.140962 0.83868
    outer loop
      vertex -49.9305 -16.2234 20.4931
      vertex -52.6408 -11.1891 19.6392
      vertex -51.1828 -16.6303 19.6392
    endloop
  endfacet
  facet normal -0.587516 -0.225531 0.777149
    outer loop
      vertex -49.1641 -21.8893 19.6392
      vertex -52.3433 -17.0074 18.6525
      vertex -50.2788 -22.3855 18.6525
    endloop
  endfacet
  facet normal -0.560726 -0.692442 0.453994
    outer loop
      vertex -34.0859 -46.9152 15.0103
      vertex -38.8031 -43.0953 15.0103
      vertex -34.5049 -47.4919 13.6132
    endloop
  endfacet
  facet normal -0.587523 -0.725526 0.358369
    outer loop
      vertex -39.2801 -43.625 13.6132
      vertex -39.6566 -44.0431 12.1495
      vertex -34.5049 -47.4919 13.6132
    endloop
  endfacet
  facet normal -0.593029 -0.593029 0.54464
    outer loop
      vertex -43.0953 -38.8031 15.0103
      vertex -38.2309 -42.4598 16.3253
      vertex -42.4598 -38.2309 16.3253
    endloop
  endfacet
  facet normal -0.593029 -0.593029 0.54464
    outer loop
      vertex -38.2309 -42.4598 16.3253
      vertex -43.0953 -38.8031 15.0103
      vertex -38.8031 -43.0953 15.0103
    endloop
  endfacet
  facet normal -0.747266 -0.485267 0.453994
    outer loop
      vertex -46.9152 -34.0859 15.0103
      vertex -50.8384 -29.3516 13.6132
      vertex -47.4919 -34.5049 13.6132
    endloop
  endfacet
  facet normal -0.380754 -0.747276 0.544615
    outer loop
      vertex -28.5676 -49.4806 16.3253
      vertex -28.9952 -50.2211 15.0103
      vertex -23.5868 -52.9768 15.0103
    endloop
  endfacet
  facet normal -0.404511 -0.793898 0.453979
    outer loop
      vertex -23.5868 -52.9768 15.0103
      vertex -29.3516 -50.8384 13.6132
      vertex -23.8767 -53.628 13.6132
    endloop
  endfacet
  facet normal -0.296615 -0.456751 0.838689
    outer loop
      vertex -30.8587 -42.4734 20.4931
      vertex -31.6327 -43.5387 19.6392
      vertex -26.25 -45.4663 20.4931
    endloop
  endfacet
  facet normal -0.342727 -0.423241 0.838693
    outer loop
      vertex -35.1294 -39.0151 20.4931
      vertex -36.0105 -39.9937 19.6392
      vertex -31.6327 -43.5387 19.6392
    endloop
  endfacet
  facet normal -0.285704 -0.560717 0.777154
    outer loop
      vertex -26.9084 -46.6067 19.6392
      vertex -27.5185 -47.6634 18.6525
      vertex -21.8893 -49.1641 19.6392
    endloop
  endfacet
  facet normal -0.225514 -0.587497 0.777168
    outer loop
      vertex -16.6303 -51.1828 19.6392
      vertex -21.8893 -49.1641 19.6392
      vertex -17.0074 -52.3433 18.6525
    endloop
  endfacet
  facet normal -0.121535 -0.0984158 0.987696
    outer loop
      vertex -34.6067 -31.16 22.4179
      vertex -37.6742 -27.3719 22.4179
      vertex -35.7591 -32.1977 22.1727
    endloop
  endfacet
  facet normal -0.20113 -0.16287 0.96593
    outer loop
      vertex -35.7591 -32.1977 22.1727
      vertex -38.9288 -28.2834 22.1727
      vertex -36.8862 -33.2125 21.7669
    endloop
  endfacet
  facet normal -0.0237708 0.0466534 0.998628
    outer loop
      vertex -18.9409 42.5419 22.4179
      vertex -22.5 38.9711 22.5
      vertex -18.3031 41.1095 22.5
    endloop
  endfacet
  facet normal -0.0505767 -0.0135522 0.998628
    outer loop
      vertex -44.0166 -9.35603 22.5
      vertex -45.5503 -9.68202 22.4179
      vertex -44.2887 -14.3903 22.4179
    endloop
  endfacet
  facet normal -0.0517163 -0.00819086 0.998628
    outer loop
      vertex -44.0166 -9.35603 22.5
      vertex -46.3128 -4.86767 22.4179
      vertex -45.5503 -9.68202 22.4179
    endloop
  endfacet
  facet normal -0.25847 -0.0135504 0.965924
    outer loop
      vertex -47.8551 -5.02977 22.1727
      vertex -49.6353 0 21.7669
      vertex -49.3633 -5.1883 21.7669
    endloop
  endfacet
  facet normal -0.255638 -0.0404874 0.965924
    outer loop
      vertex -47.8551 -5.02977 22.1727
      vertex -49.3633 -5.1883 21.7669
      vertex -48.5506 -10.3197 21.7669
    endloop
  endfacet
  facet normal -0.0927515 -0.34615 0.933583
    outer loop
      vertex -10.3197 -48.5506 21.7669
      vertex -15.7911 -48.6 21.205
      vertex -10.6245 -49.9844 21.205
    endloop
  endfacet
  facet normal -0.140944 -0.526038 0.8387
    outer loop
      vertex -10.9154 -51.3527 20.4931
      vertex -16.2234 -49.9305 20.4931
      vertex -11.1891 -52.6408 19.6392
    endloop
  endfacet
  facet normal -0.247248 -0.485244 0.838693
    outer loop
      vertex -26.25 -45.4663 20.4931
      vertex -26.9084 -46.6067 19.6392
      vertex -21.8893 -49.1641 19.6392
    endloop
  endfacet
  facet normal -0.162698 -0.319313 0.933578
    outer loop
      vertex -24.8176 -42.9854 21.7669
      vertex -25.5505 -44.2548 21.205
      vertex -20.7847 -46.6831 21.205
    endloop
  endfacet
  facet normal -0.162706 -0.319321 0.933574
    outer loop
      vertex -20.1885 -45.3441 21.7669
      vertex -24.8176 -42.9854 21.7669
      vertex -20.7847 -46.6831 21.205
    endloop
  endfacet
  facet normal -0.128418 -0.334558 0.933584
    outer loop
      vertex -15.3381 -47.2059 21.7669
      vertex -20.1885 -45.3441 21.7669
      vertex -15.7911 -48.6 21.205
    endloop
  endfacet
  facet normal -0.250009 -0.933026 0.258763
    outer loop
      vertex -18.3142 -56.3652 12.1495
      vertex -18.4397 -56.7516 10.635
      vertex -12.4066 -58.3682 10.635
    endloop
  endfacet
  facet normal -0.249988 -0.933013 0.258829
    outer loop
      vertex -12.3221 -57.9707 12.1495
      vertex -18.3142 -56.3652 12.1495
      vertex -12.4066 -58.3682 10.635
    endloop
  endfacet
  facet normal -0.146054 -0.922092 0.358349
    outer loop
      vertex -12.2051 -57.4204 13.6132
      vertex -12.3221 -57.9707 12.1495
      vertex -6.19497 -58.9412 12.1495
    endloop
  endfacet
  facet normal -0.146038 -0.922077 0.358396
    outer loop
      vertex -6.13615 -58.3816 13.6132
      vertex -12.2051 -57.4204 13.6132
      vertex -6.19497 -58.9412 12.1495
    endloop
  endfacet
  facet normal 0.0135504 -0.25847 -0.965924
    outer loop
      vertex 5.1883 -49.3633 -21.7669
      vertex 0 -49.6353 -21.7669
      vertex 5.02977 -47.8551 -22.1727
    endloop
  endfacet
  facet normal 0.0404874 -0.255638 -0.965924
    outer loop
      vertex 5.1883 -49.3633 -21.7669
      vertex 5.02977 -47.8551 -22.1727
      vertex 10.3197 -48.5506 -21.7669
    endloop
  endfacet
  facet normal 0.0135522 -0.0505776 -0.998628
    outer loop
      vertex 14.3903 -44.2887 -22.4179
      vertex 9.35603 -44.0166 -22.5
      vertex 13.9058 -42.7975 -22.5
    endloop
  endfacet
  facet normal 0.0135522 -0.0505767 -0.998628
    outer loop
      vertex 9.68202 -45.5503 -22.4179
      vertex 9.35603 -44.0166 -22.5
      vertex 14.3903 -44.2887 -22.4179
    endloop
  endfacet
  facet normal 0.404511 -0.793898 -0.453979
    outer loop
      vertex 23.8767 -53.628 -13.6132
      vertex 23.5868 -52.9768 -15.0103
      vertex 29.3516 -50.8384 -13.6132
    endloop
  endfacet
  facet normal 0.404511 -0.793902 -0.453971
    outer loop
      vertex 29.3516 -50.8384 -13.6132
      vertex 23.5868 -52.9768 -15.0103
      vertex 28.9952 -50.2211 -15.0103
    endloop
  endfacet
  facet normal -0.0560573 -0.35395 -0.933583
    outer loop
      vertex -5.34151 -50.8211 -21.205
      vertex -10.6245 -49.9844 -21.205
      vertex -10.3197 -48.5506 -21.7669
    endloop
  endfacet
  facet normal -0.0927515 -0.34615 -0.933583
    outer loop
      vertex -10.6245 -49.9844 -21.205
      vertex -15.7911 -48.6 -21.205
      vertex -10.3197 -48.5506 -21.7669
    endloop
  endfacet
  facet normal 0.00274044 -0.0522916 -0.998628
    outer loop
      vertex 4.86767 -46.3128 -22.4179
      vertex 0 -46.5679 -22.4179
      vertex 4.70378 -44.7535 -22.5
    endloop
  endfacet
  facet normal -0.040475 -0.151055 -0.987696
    outer loop
      vertex -10.0044 -47.0672 -22.1727
      vertex -14.8695 -45.7636 -22.1727
      vertex -9.68202 -45.5503 -22.4179
    endloop
  endfacet
  facet normal -0.0404751 -0.151053 -0.987697
    outer loop
      vertex -9.68202 -45.5503 -22.4179
      vertex -14.8695 -45.7636 -22.1727
      vertex -14.3903 -44.2887 -22.4179
    endloop
  endfacet
  facet normal 0.0285171 -0.0439134 -0.998628
    outer loop
      vertex 23.284 -40.329 -22.4179
      vertex 22.5 -38.9711 -22.5
      vertex 26.4503 -36.4058 -22.5
    endloop
  endfacet
  facet normal 0.860653 0.230624 0.453971
    outer loop
      vertex 55.83 18.1403 13.6132
      vertex 55.1521 17.92 15.0103
      vertex 56.7232 12.0569 15.0103
    endloop
  endfacet
  facet normal 0.831835 0.319312 0.453973
    outer loop
      vertex 55.83 18.1403 13.6132
      vertex 53.628 23.8767 13.6132
      vertex 55.1521 17.92 15.0103
    endloop
  endfacet
  facet normal -0.423833 -0.83182 -0.358386
    outer loop
      vertex -24.1056 -54.142 -12.1495
      vertex -29.6329 -51.3257 -12.1495
      vertex -29.3516 -50.8384 -13.6132
    endloop
  endfacet
  facet normal -0.537942 -0.828339 -0.156438
    outer loop
      vertex -29.9589 -51.8904 -9.08634
      vertex -35.2188 -48.4745 -9.08634
      vertex -35.0744 -48.2758 -10.635
    endloop
  endfacet
  facet normal -0.651777 -0.423264 -0.629313
    outer loop
      vertex -46.2234 -33.5833 -16.3253
      vertex -49.4806 -28.5676 -16.3253
      vertex -48.6249 -28.0736 -17.5438
    endloop
  endfacet
  facet normal -0.49999 -0.49999 -0.707121
    outer loop
      vertex -37.5698 -41.7255 -17.5438
      vertex -40.9004 -36.8269 -18.6525
      vertex -36.8269 -40.9004 -18.6525
    endloop
  endfacet
  facet normal -0.49999 -0.49999 -0.707121
    outer loop
      vertex -40.9004 -36.8269 -18.6525
      vertex -37.5698 -41.7255 -17.5438
      vertex -41.7255 -37.5698 -17.5438
    endloop
  endfacet
  facet normal -0.319321 -0.162706 -0.933574
    outer loop
      vertex -42.9854 -24.8176 -21.7669
      vertex -46.6831 -20.7847 -21.205
      vertex -45.3441 -20.1885 -21.7669
    endloop
  endfacet
  facet normal -0.438555 -0.117504 -0.890989
    outer loop
      vertex -49.9305 -16.2234 -20.4931
      vertex -51.3527 -10.9154 -20.4931
      vertex -48.6 -15.7911 -21.205
    endloop
  endfacet
  facet normal -0.183003 -0.183003 -0.965929
    outer loop
      vertex -33.2125 -36.8862 -21.7669
      vertex -35.7591 -32.1977 -22.1727
      vertex -32.1977 -35.7591 -22.1727
    endloop
  endfacet
  facet normal -0.183003 -0.183003 -0.965929
    outer loop
      vertex -35.7591 -32.1977 -22.1727
      vertex -33.2125 -36.8862 -21.7669
      vertex -36.8862 -33.2125 -21.7669
    endloop
  endfacet
  facet normal -0.253407 -0.253407 -0.933579
    outer loop
      vertex -34.1933 -37.9755 -21.205
      vertex -36.8862 -33.2125 -21.7669
      vertex -33.2125 -36.8862 -21.7669
    endloop
  endfacet
  facet normal -0.253407 -0.253407 -0.933579
    outer loop
      vertex -36.8862 -33.2125 -21.7669
      vertex -34.1933 -37.9755 -21.205
      vertex -37.9755 -34.1933 -21.205
    endloop
  endfacet
  facet normal -0.043916 -0.0285203 -0.998628
    outer loop
      vertex -37.6742 -27.3719 -22.4179
      vertex -40.329 -23.284 -22.4179
      vertex -36.4058 -26.4503 -22.5
    endloop
  endfacet
  facet normal -0.225527 -0.27851 -0.933579
    outer loop
      vertex -30.0364 -41.3416 -21.205
      vertex -34.1933 -37.9755 -21.205
      vertex -33.2125 -36.8862 -21.7669
    endloop
  endfacet
  facet normal -0.16287 -0.20113 -0.96593
    outer loop
      vertex -28.2834 -38.9288 -22.1727
      vertex -33.2125 -36.8862 -21.7669
      vertex -32.1977 -35.7591 -22.1727
    endloop
  endfacet
  facet normal -0.139341 0.070998 -0.987696
    outer loop
      vertex -42.5419 18.9409 -22.4179
      vertex -43.9586 19.5716 -22.1727
      vertex -41.672 24.0593 -22.1727
    endloop
  endfacet
  facet normal -0.230603 0.117498 -0.965928
    outer loop
      vertex -41.672 24.0593 -22.1727
      vertex -43.9586 19.5716 -22.1727
      vertex -42.9854 24.8176 -21.7669
    endloop
  endfacet
  facet normal -0.27852 0.225542 -0.933572
    outer loop
      vertex -40.1558 29.1749 -21.7669
      vertex -41.3416 30.0364 -21.205
      vertex -36.8862 33.2125 -21.7669
    endloop
  endfacet
  facet normal -0.27851 0.225527 -0.933579
    outer loop
      vertex -36.8862 33.2125 -21.7669
      vertex -41.3416 30.0364 -21.205
      vertex -37.9755 34.1933 -21.205
    endloop
  endfacet
  facet normal 0.0027403 0.0522912 -0.998628
    outer loop
      vertex 4.70378 44.7535 -22.5
      vertex 0 45 -22.5
      vertex 0 46.5679 -22.4179
    endloop
  endfacet
  facet normal -0.0027403 0.0522912 -0.998628
    outer loop
      vertex 0 45 -22.5
      vertex -4.70378 44.7535 -22.5
      vertex 0 46.5679 -22.4179
    endloop
  endfacet
  facet normal -0.0522912 -0.0027403 -0.998628
    outer loop
      vertex -44.7535 -4.70378 -22.5
      vertex -46.5679 0 -22.4179
      vertex -45 0 -22.5
    endloop
  endfacet
  facet normal -0.0439134 0.0285171 -0.998628
    outer loop
      vertex -38.9711 22.5 -22.5
      vertex -40.329 23.284 -22.4179
      vertex -36.4058 26.4503 -22.5
    endloop
  endfacet
  facet normal -0.630035 0.321015 -0.707111
    outer loop
      vertex -47.6634 27.5185 -18.6525
      vertex -51.293 22.8371 -17.5438
      vertex -48.6249 28.0736 -17.5438
    endloop
  endfacet
  facet normal -0.630042 0.321023 -0.707101
    outer loop
      vertex -50.2788 22.3855 -18.6525
      vertex -51.293 22.8371 -17.5438
      vertex -47.6634 27.5185 -18.6525
    endloop
  endfacet
  facet normal -0.767574 0.121578 -0.629325
    outer loop
      vertex -54.9202 11.6737 -17.5438
      vertex -56.8223 5.97226 -16.3253
      vertex -55.8867 11.8791 -16.3253
    endloop
  endfacet
  facet normal -0.683024 0.18302 -0.707094
    outer loop
      vertex -53.8343 11.4428 -18.6525
      vertex -54.9202 11.6737 -17.5438
      vertex -53.3991 17.3504 -17.5438
    endloop
  endfacet
  facet normal -0.438575 -0.117517 0.890978
    outer loop
      vertex -49.9844 -10.6245 21.205
      vertex -51.3527 -10.9154 20.4931
      vertex -48.6 -15.7911 21.205
    endloop
  endfacet
  facet normal -0.34615 -0.0927515 0.933583
    outer loop
      vertex -48.5506 -10.3197 21.7669
      vertex -49.9844 -10.6245 21.205
      vertex -48.6 -15.7911 21.205
    endloop
  endfacet
  facet normal -0.319313 -0.162698 0.933578
    outer loop
      vertex -42.9854 -24.8176 21.7669
      vertex -46.6831 -20.7847 21.205
      vertex -44.2548 -25.5505 21.205
    endloop
  endfacet
  facet normal -0.319321 -0.162706 0.933574
    outer loop
      vertex -45.3441 -20.1885 21.7669
      vertex -46.6831 -20.7847 21.205
      vertex -42.9854 -24.8176 21.7669
    endloop
  endfacet
  facet normal -0.485244 -0.247248 0.838693
    outer loop
      vertex -45.4663 -26.25 20.4931
      vertex -49.1641 -21.8893 19.6392
      vertex -46.6067 -26.9084 19.6392
    endloop
  endfacet
  facet normal -0.489078 -0.39604 0.777145
    outer loop
      vertex -43.5387 -31.6327 19.6392
      vertex -44.5258 -32.3499 18.6525
      vertex -39.9937 -36.0105 19.6392
    endloop
  endfacet
  facet normal -0.241633 -0.0927558 0.965924
    outer loop
      vertex -45.7636 -14.8695 22.1727
      vertex -47.2059 -15.3381 21.7669
      vertex -43.9586 -19.5716 22.1727
    endloop
  endfacet
  facet normal -0.250004 -0.0669896 0.965925
    outer loop
      vertex -45.7636 -14.8695 22.1727
      vertex -48.5506 -10.3197 21.7669
      vertex -47.2059 -15.3381 21.7669
    endloop
  endfacet
  facet normal -0.110581 -0.110581 -0.987696
    outer loop
      vertex -32.1977 -35.7591 -22.1727
      vertex -34.6067 -31.16 -22.4179
      vertex -31.16 -34.6067 -22.4179
    endloop
  endfacet
  facet normal -0.110581 -0.110581 -0.987696
    outer loop
      vertex -34.6067 -31.16 -22.4179
      vertex -32.1977 -35.7591 -22.1727
      vertex -35.7591 -32.1977 -22.1727
    endloop
  endfacet
  facet normal -0.0466536 0.023771 -0.998628
    outer loop
      vertex -38.9711 22.5 -22.5
      vertex -42.5419 18.9409 -22.4179
      vertex -40.329 23.284 -22.4179
    endloop
  endfacet
  facet normal -0.385094 -0.385094 -0.838692
    outer loop
      vertex -36.0105 -39.9937 -19.6392
      vertex -39.0151 -35.1294 -20.4931
      vertex -35.1294 -39.0151 -20.4931
    endloop
  endfacet
  facet normal -0.385094 -0.385094 -0.838692
    outer loop
      vertex -39.0151 -35.1294 -20.4931
      vertex -36.0105 -39.9937 -19.6392
      vertex -39.9937 -36.0105 -19.6392
    endloop
  endfacet
  facet normal -0.342751 -0.527781 -0.777155
    outer loop
      vertex -27.5185 -47.6634 -18.6525
      vertex -32.3499 -44.5258 -18.6525
      vertex -26.9084 -46.6067 -19.6392
    endloop
  endfacet
  facet normal -0.776069 -0.040673 -0.629335
    outer loop
      vertex -56.8223 -5.97226 -16.3253
      vertex -57.1353 0 -16.3253
      vertex -55.8396 -5.86898 -17.5438
    endloop
  endfacet
  facet normal -0.810119 -0.217083 -0.544594
    outer loop
      vertex -55.1521 -17.92 -15.0103
      vertex -56.7232 -12.0569 -15.0103
      vertex -54.3389 -17.6558 -16.3253
    endloop
  endfacet
  facet normal -0.860653 -0.230624 -0.453971
    outer loop
      vertex -55.83 -18.1403 -13.6132
      vertex -56.7232 -12.0569 -15.0103
      vertex -55.1521 -17.92 -15.0103
    endloop
  endfacet
  facet normal -0.828363 -0.131192 -0.544614
    outer loop
      vertex -56.7232 -12.0569 -15.0103
      vertex -57.6727 -6.06165 -15.0103
      vertex -56.8223 -5.97226 -16.3253
    endloop
  endfacet
  facet normal -0.621566 -0.0984478 -0.777151
    outer loop
      vertex -53.8343 -11.4428 -18.6525
      vertex -54.7355 -5.75293 -18.6525
      vertex -52.6408 -11.1891 -19.6392
    endloop
  endfacet
  facet normal -0.725513 -0.2785 -0.629339
    outer loop
      vertex -52.1957 -23.239 -16.3253
      vertex -54.3389 -17.6558 -16.3253
      vertex -51.293 -22.8371 -17.5438
    endloop
  endfacet
  facet normal -0.776073 -0.0406749 -0.62933
    outer loop
      vertex -55.8396 -5.86898 -17.5438
      vertex -57.1353 0 -16.3253
      vertex -56.1472 0 -17.5438
    endloop
  endfacet
  facet normal -0.628441 0.0329354 -0.77716
    outer loop
      vertex -53.8168 0 -19.6392
      vertex -55.037 0 -18.6525
      vertex -54.7355 5.75293 -18.6525
    endloop
  endfacet
  facet normal -0.932308 -0.0488505 -0.35835
    outer loop
      vertex -58.9412 -6.19497 -12.1495
      vertex -59.2658 0 -12.1495
      vertex -58.7032 0 -13.6132
    endloop
  endfacet
  facet normal -0.932308 0.0488505 -0.35835
    outer loop
      vertex -58.7032 0 -13.6132
      vertex -59.2658 0 -12.1495
      vertex -58.9412 6.19497 -12.1495
    endloop
  endfacet
  facet normal -0.986336 -0.156219 0.0523225
    outer loop
      vertex -59.5896 -6.26312 9.08634
      vertex -59.6713 -6.27171 7.52056
      vertex -58.6085 -12.4576 9.08634
    endloop
  endfacet
  facet normal -0.986335 -0.156211 0.0523525
    outer loop
      vertex -58.6085 -12.4576 9.08634
      vertex -59.6713 -6.27171 7.52056
      vertex -58.6889 -12.4747 7.52056
    endloop
  endfacet
  facet normal -0.593021 -0.385116 -0.707115
    outer loop
      vertex -45.424 -33.0025 -17.5438
      vertex -48.6249 -28.0736 -17.5438
      vertex -44.5258 -32.3499 -18.6525
    endloop
  endfacet
  facet normal -0.603944 -0.48907 -0.629335
    outer loop
      vertex -42.4598 -38.2309 -16.3253
      vertex -46.2234 -33.5833 -16.3253
      vertex -45.424 -33.0025 -17.5438
    endloop
  endfacet
  facet normal -0.747287 -0.380768 -0.544591
    outer loop
      vertex -49.4806 -28.5676 -16.3253
      vertex -52.9768 -23.5868 -15.0103
      vertex -52.1957 -23.239 -16.3253
    endloop
  endfacet
  facet normal -0.782994 -0.300565 -0.544593
    outer loop
      vertex -52.1957 -23.239 -16.3253
      vertex -55.1521 -17.92 -15.0103
      vertex -54.3389 -17.6558 -16.3253
    endloop
  endfacet
  facet normal -0.782966 -0.508453 -0.358384
    outer loop
      vertex -47.9471 -34.8356 -12.1495
      vertex -51.3257 -29.6329 -12.1495
      vertex -50.8384 -29.3516 -13.6132
    endloop
  endfacet
  facet normal -0.34615 -0.0927515 -0.933583
    outer loop
      vertex -48.6 -15.7911 -21.205
      vertex -49.9844 -10.6245 -21.205
      vertex -48.5506 -10.3197 -21.7669
    endloop
  endfacet
  facet normal -0.404544 -0.206126 -0.890986
    outer loop
      vertex -45.4663 -26.25 -20.4931
      vertex -47.9611 -21.3537 -20.4931
      vertex -46.6831 -20.7847 -21.205
    endloop
  endfacet
  facet normal -0.456751 -0.296615 -0.838689
    outer loop
      vertex -43.5387 -31.6327 -19.6392
      vertex -45.4663 -26.25 -20.4931
      vertex -42.4734 -30.8587 -20.4931
    endloop
  endfacet
  facet normal -0.300557 -0.195185 -0.933578
    outer loop
      vertex -41.3416 -30.0364 -21.205
      vertex -44.2548 -25.5505 -21.205
      vertex -42.9854 -24.8176 -21.7669
    endloop
  endfacet
  facet normal -0.92209 -0.353943 -0.156442
    outer loop
      vertex -54.7377 -24.3708 -9.08634
      vertex -56.7516 -18.4397 -10.635
      vertex -54.5133 -24.2709 -10.635
    endloop
  endfacet
  facet normal -0.901764 -0.346141 -0.258859
    outer loop
      vertex -54.5133 -24.2709 -10.635
      vertex -56.7516 -18.4397 -10.635
      vertex -54.142 -24.1056 -12.1495
    endloop
  endfacet
  facet normal -0.837515 -0.543901 -0.0523478
    outer loop
      vertex -48.541 -35.2671 -7.52056
      vertex -51.8904 -29.9589 -9.08634
      vertex -48.4745 -35.2188 -9.08634
    endloop
  endfacet
  facet normal -0.621565 -0.767583 0.15644
    outer loop
      vertex -35.0744 -48.2758 10.635
      vertex -40.0929 -44.5276 9.08634
      vertex -35.2188 -48.4745 9.08634
    endloop
  endfacet
  facet normal -0.776083 -0.628457 0.0523196
    outer loop
      vertex -44.5276 -40.0929 9.08634
      vertex -48.541 -35.2671 7.52056
      vertex -44.5887 -40.1478 7.52056
    endloop
  endfacet
  facet normal -0.706139 -0.706139 0.0523139
    outer loop
      vertex -44.5887 -40.1478 7.52056
      vertex -40.0929 -44.5276 9.08634
      vertex -44.5276 -40.0929 9.08634
    endloop
  endfacet
  facet normal -0.706139 -0.706139 0.0523139
    outer loop
      vertex -40.0929 -44.5276 9.08634
      vertex -44.5887 -40.1478 7.52056
      vertex -40.1478 -44.5887 7.52056
    endloop
  endfacet
  facet normal -0.537947 -0.828339 0.156424
    outer loop
      vertex -29.8361 -51.6777 10.635
      vertex -35.0744 -48.2758 10.635
      vertex -29.9589 -51.8904 9.08634
    endloop
  endfacet
  facet normal -0.537942 -0.828339 0.156438
    outer loop
      vertex -35.0744 -48.2758 10.635
      vertex -35.2188 -48.4745 9.08634
      vertex -29.9589 -51.8904 9.08634
    endloop
  endfacet
  facet normal -0.707107 -0.707107 0
    outer loop
      vertex -40.1478 -44.5887 -7.52056
      vertex -44.5887 -40.1478 7.52056
      vertex -44.5887 -40.1478 -7.52056
    endloop
  endfacet
  facet normal -0.707107 -0.707107 0
    outer loop
      vertex -44.5887 -40.1478 7.52056
      vertex -40.1478 -44.5887 -7.52056
      vertex -40.1478 -44.5887 7.52056
    endloop
  endfacet
  facet normal -0.828339 -0.537942 -0.156438
    outer loop
      vertex -48.4745 -35.2188 -9.08634
      vertex -51.8904 -29.9589 -9.08634
      vertex -48.2758 -35.0744 -10.635
    endloop
  endfacet
  facet normal -0.828339 -0.537947 -0.156424
    outer loop
      vertex -48.2758 -35.0744 -10.635
      vertex -51.8904 -29.9589 -9.08634
      vertex -51.6777 -29.8361 -10.635
    endloop
  endfacet
  facet normal -0.65177 -0.527791 0.54464
    outer loop
      vertex -42.4598 -38.2309 16.3253
      vertex -46.9152 -34.0859 15.0103
      vertex -43.0953 -38.8031 15.0103
    endloop
  endfacet
  facet normal -0.651776 -0.527805 0.544619
    outer loop
      vertex -46.2234 -33.5833 16.3253
      vertex -46.9152 -34.0859 15.0103
      vertex -42.4598 -38.2309 16.3253
    endloop
  endfacet
  facet normal -0.782966 -0.508453 0.358384
    outer loop
      vertex -50.8384 -29.3516 13.6132
      vertex -51.3257 -29.6329 12.1495
      vertex -47.9471 -34.8356 12.1495
    endloop
  endfacet
  facet normal -0.83182 -0.423833 0.358387
    outer loop
      vertex -53.628 -23.8767 13.6132
      vertex -54.142 -24.1056 12.1495
      vertex -50.8384 -29.3516 13.6132
    endloop
  endfacet
  facet normal -0.767583 -0.621565 0.156438
    outer loop
      vertex -44.3451 -39.9285 10.635
      vertex -48.2758 -35.0744 10.635
      vertex -44.5276 -40.0929 9.08634
    endloop
  endfacet
  facet normal -0.750673 -0.607888 0.258772
    outer loop
      vertex -47.9471 -34.8356 12.1495
      vertex -48.2758 -35.0744 10.635
      vertex -44.0431 -39.6566 12.1495
    endloop
  endfacet
  facet normal -0.683013 -0.683013 0.258819
    outer loop
      vertex -39.9285 -44.3451 10.635
      vertex -44.0431 -39.6566 12.1495
      vertex -44.3451 -39.9285 10.635
    endloop
  endfacet
  facet normal -0.683013 -0.683013 0.258819
    outer loop
      vertex -44.0431 -39.6566 12.1495
      vertex -39.9285 -44.3451 10.635
      vertex -39.6566 -44.0431 12.1495
    endloop
  endfacet
  facet normal -0.901764 -0.346141 0.258859
    outer loop
      vertex -54.142 -24.1056 12.1495
      vertex -56.7516 -18.4397 10.635
      vertex -54.5133 -24.2709 10.635
    endloop
  endfacet
  facet normal -0.92209 -0.353943 0.156442
    outer loop
      vertex -54.5133 -24.2709 10.635
      vertex -56.7516 -18.4397 10.635
      vertex -54.7377 -24.3708 9.08634
    endloop
  endfacet
  facet normal -0.933026 -0.250009 0.258763
    outer loop
      vertex -56.3652 -18.3142 12.1495
      vertex -58.3682 -12.4066 10.635
      vertex -56.7516 -18.4397 10.635
    endloop
  endfacet
  facet normal -0.901779 -0.346175 0.25876
    outer loop
      vertex -56.3652 -18.3142 12.1495
      vertex -56.7516 -18.4397 10.635
      vertex -54.142 -24.1056 12.1495
    endloop
  endfacet
  facet normal -0.776073 -0.0406749 0.62933
    outer loop
      vertex -56.1472 0 17.5438
      vertex -57.1353 0 16.3253
      vertex -55.8396 -5.86898 17.5438
    endloop
  endfacet
  facet normal -0.776069 -0.040673 0.629335
    outer loop
      vertex -55.8396 -5.86898 17.5438
      vertex -57.1353 0 16.3253
      vertex -56.8223 -5.97226 16.3253
    endloop
  endfacet
  facet normal -0.782994 0.300565 0.544593
    outer loop
      vertex -52.1957 23.239 16.3253
      vertex -55.1521 17.92 15.0103
      vertex -54.3389 17.6558 16.3253
    endloop
  endfacet
  facet normal -0.725513 0.2785 0.629339
    outer loop
      vertex -52.1957 23.239 16.3253
      vertex -54.3389 17.6558 16.3253
      vertex -51.293 22.8371 17.5438
    endloop
  endfacet
  facet normal -0.932308 0.0488505 0.35835
    outer loop
      vertex -58.9412 6.19497 12.1495
      vertex -59.2658 0 12.1495
      vertex -58.7032 0 13.6132
    endloop
  endfacet
  facet normal -0.964597 0.0505423 0.258839
    outer loop
      vertex -58.9412 6.19497 12.1495
      vertex -59.6722 0 10.635
      vertex -59.2658 0 12.1495
    endloop
  endfacet
  facet normal -0.922077 -0.146038 0.358396
    outer loop
      vertex -58.3816 -6.13615 13.6132
      vertex -58.9412 -6.19497 12.1495
      vertex -57.4204 -12.2051 13.6132
    endloop
  endfacet
  facet normal -0.880052 -0.139383 0.453961
    outer loop
      vertex -56.7232 -12.0569 15.0103
      vertex -58.3816 -6.13615 13.6132
      vertex -57.4204 -12.2051 13.6132
    endloop
  endfacet
  facet normal -0.922092 -0.146054 0.358349
    outer loop
      vertex -57.4204 -12.2051 13.6132
      vertex -58.9412 -6.19497 12.1495
      vertex -57.9707 -12.3221 12.1495
    endloop
  endfacet
  facet normal -0.95403 -0.151112 0.258829
    outer loop
      vertex -57.9707 -12.3221 12.1495
      vertex -58.9412 -6.19497 12.1495
      vertex -58.3682 -12.4066 10.635
    endloop
  endfacet
  facet normal -0.889793 0.0466347 0.453975
    outer loop
      vertex -58.3816 6.13615 13.6132
      vertex -58.7032 0 13.6132
      vertex -57.6727 6.06165 15.0103
    endloop
  endfacet
  facet normal -0.880046 0.139378 0.453975
    outer loop
      vertex -56.7232 12.0569 15.0103
      vertex -58.3816 6.13615 13.6132
      vertex -57.6727 6.06165 15.0103
    endloop
  endfacet
  facet normal -0.975526 0.154508 0.156451
    outer loop
      vertex -58.3682 12.4066 10.635
      vertex -59.5896 6.26312 9.08634
      vertex -59.3453 6.23744 10.635
    endloop
  endfacet
  facet normal -0.99726 -0.0522584 0.052354
    outer loop
      vertex -59.9178 0 9.08634
      vertex -60 0 7.52056
      vertex -59.5896 -6.26312 9.08634
    endloop
  endfacet
  facet normal -0.932305 -0.357862 -0.0523675
    outer loop
      vertex -54.7377 -24.3708 -9.08634
      vertex -57.0634 -18.541 -7.52056
      vertex -56.9852 -18.5156 -9.08634
    endloop
  endfacet
  facet normal -0.933579 -0.358372 0
    outer loop
      vertex -54.8127 -24.4042 -7.52056
      vertex -57.0634 -18.541 7.52056
      vertex -57.0634 -18.541 -7.52056
    endloop
  endfacet
  facet normal -0.933579 -0.358372 0
    outer loop
      vertex -57.0634 -18.541 7.52056
      vertex -54.8127 -24.4042 -7.52056
      vertex -54.8127 -24.4042 7.52056
    endloop
  endfacet
  facet normal -0.986337 -0.051686 -0.156422
    outer loop
      vertex -59.5896 -6.26312 -9.08634
      vertex -59.9178 0 -9.08634
      vertex -59.6722 0 -10.635
    endloop
  endfacet
  facet normal -0.975525 0.154507 0.156457
    outer loop
      vertex -58.6085 12.4576 9.08634
      vertex -59.5896 6.26312 9.08634
      vertex -58.3682 12.4066 10.635
    endloop
  endfacet
  facet normal -0.90175 0.241611 -0.358429
    outer loop
      vertex -55.83 18.1403 -13.6132
      vertex -57.9707 12.3221 -12.1495
      vertex -56.3652 18.3142 -12.1495
    endloop
  endfacet
  facet normal -0.95403 0.151112 -0.258829
    outer loop
      vertex -57.9707 12.3221 -12.1495
      vertex -58.9412 6.19497 -12.1495
      vertex -58.3682 12.4066 -10.635
    endloop
  endfacet
  facet normal -0.933026 0.250009 -0.258763
    outer loop
      vertex -56.3652 18.3142 -12.1495
      vertex -58.3682 12.4066 -10.635
      vertex -56.7516 18.4397 -10.635
    endloop
  endfacet
  facet normal -0.901779 0.346175 -0.25876
    outer loop
      vertex -56.3652 18.3142 -12.1495
      vertex -56.7516 18.4397 -10.635
      vertex -54.142 24.1056 -12.1495
    endloop
  endfacet
  facet normal -0.922077 0.146038 -0.358396
    outer loop
      vertex -58.3816 6.13615 -13.6132
      vertex -58.9412 6.19497 -12.1495
      vertex -57.4204 12.2051 -13.6132
    endloop
  endfacet
  facet normal -0.880052 0.139383 -0.453961
    outer loop
      vertex -56.7232 12.0569 -15.0103
      vertex -58.3816 6.13615 -13.6132
      vertex -57.4204 12.2051 -13.6132
    endloop
  endfacet
  facet normal -0.860658 0.230623 0.453961
    outer loop
      vertex -55.83 18.1403 13.6132
      vertex -57.4204 12.2051 13.6132
      vertex -56.7232 12.0569 15.0103
    endloop
  endfacet
  facet normal -0.860653 0.230624 0.453971
    outer loop
      vertex -55.83 18.1403 13.6132
      vertex -56.7232 12.0569 15.0103
      vertex -55.1521 17.92 15.0103
    endloop
  endfacet
  facet normal -0.998629 0.0523381 0
    outer loop
      vertex -60 0 -7.52056
      vertex -59.6713 6.27171 7.52056
      vertex -59.6713 6.27171 -7.52056
    endloop
  endfacet
  facet normal -0.998629 0.0523381 0
    outer loop
      vertex -59.6713 6.27171 7.52056
      vertex -60 0 -7.52056
      vertex -60 0 7.52056
    endloop
  endfacet
  facet normal -0.986332 0.051693 0.15645
    outer loop
      vertex -59.5896 6.26312 9.08634
      vertex -59.6722 0 10.635
      vertex -59.3453 6.23744 10.635
    endloop
  endfacet
  facet normal -0.986336 0.156219 -0.0523225
    outer loop
      vertex -59.5896 6.26312 -9.08634
      vertex -59.6713 6.27171 -7.52056
      vertex -58.6085 12.4576 -9.08634
    endloop
  endfacet
  facet normal -0.99726 0.0522584 -0.052354
    outer loop
      vertex -59.9178 0 -9.08634
      vertex -60 0 -7.52056
      vertex -59.5896 6.26312 -9.08634
    endloop
  endfacet
  facet normal -0.485267 0.747266 -0.453994
    outer loop
      vertex -34.0859 46.9152 -15.0103
      vertex -34.5049 47.4919 -13.6132
      vertex -29.3516 50.8384 -13.6132
    endloop
  endfacet
  facet normal -0.527791 0.65177 -0.54464
    outer loop
      vertex -38.2309 42.4598 -16.3253
      vertex -38.8031 43.0953 -15.0103
      vertex -34.0859 46.9152 -15.0103
    endloop
  endfacet
  facet normal -0.560733 0.692444 -0.453981
    outer loop
      vertex -38.8031 43.0953 -15.0103
      vertex -39.2801 43.625 -13.6132
      vertex -34.5049 47.4919 -13.6132
    endloop
  endfacet
  facet normal -0.587523 0.725526 -0.358369
    outer loop
      vertex -39.2801 43.625 -13.6132
      vertex -39.6566 44.0431 -12.1495
      vertex -34.5049 47.4919 -13.6132
    endloop
  endfacet
  facet normal -0.423261 0.651757 -0.629335
    outer loop
      vertex -33.0025 45.424 -17.5438
      vertex -33.5833 46.2234 -16.3253
      vertex -28.0736 48.6249 -17.5438
    endloop
  endfacet
  facet normal -0.48907 0.603944 -0.629335
    outer loop
      vertex -33.0025 45.424 -17.5438
      vertex -38.2309 42.4598 -16.3253
      vertex -33.5833 46.2234 -16.3253
    endloop
  endfacet
  facet normal -0.453369 0.889787 0.0523045
    outer loop
      vertex -24.4042 54.8127 7.52056
      vertex -30 51.9615 7.52056
      vertex -29.9589 51.8904 9.08634
    endloop
  endfacet
  facet normal -0.543894 0.837522 0.0523074
    outer loop
      vertex -30 51.9615 7.52056
      vertex -35.2671 48.541 7.52056
      vertex -29.9589 51.8904 9.08634
    endloop
  endfacet
  facet normal -0.448399 0.880036 0.156442
    outer loop
      vertex -24.3708 54.7377 9.08634
      vertex -29.8361 51.6777 10.635
      vertex -24.2709 54.5133 10.635
    endloop
  endfacet
  facet normal -0.438515 0.860637 0.258859
    outer loop
      vertex -24.2709 54.5133 10.635
      vertex -29.8361 51.6777 10.635
      vertex -24.1056 54.142 12.1495
    endloop
  endfacet
  facet normal -0.353942 0.922092 -0.156435
    outer loop
      vertex -18.4397 56.7516 -10.635
      vertex -24.3708 54.7377 -9.08634
      vertex -18.5156 56.9852 -9.08634
    endloop
  endfacet
  facet normal -0.448399 0.880036 -0.156442
    outer loop
      vertex -24.2709 54.5133 -10.635
      vertex -29.8361 51.6777 -10.635
      vertex -24.3708 54.7377 -9.08634
    endloop
  endfacet
  facet normal 0 0 -1
    outer loop
      vertex 10 0 -22.5
      vertex 45 0 -22.5
      vertex 44.7535 -4.70378 -22.5
    endloop
  endfacet
  facet normal 0 0 -1
    outer loop
      vertex 9.94522 -1.04528 -22.5
      vertex 44.7535 -4.70378 -22.5
      vertex 44.0166 -9.35603 -22.5
    endloop
  endfacet
  facet normal 0 0 -1
    outer loop
      vertex 45 0 -22.5
      vertex 10 0 -22.5
      vertex 44.7535 4.70378 -22.5
    endloop
  endfacet
  facet normal 0 0 -1
    outer loop
      vertex 9.78148 -2.07912 -22.5
      vertex 44.0166 -9.35603 -22.5
      vertex 42.7975 -13.9058 -22.5
    endloop
  endfacet
  facet normal 0 0 -1
    outer loop
      vertex 9.94522 1.04528 -22.5
      vertex 44.7535 4.70378 -22.5
      vertex 10 0 -22.5
    endloop
  endfacet
  facet normal 0 0 -1
    outer loop
      vertex 9.51056 -3.09017 -22.5
      vertex 42.7975 -13.9058 -22.5
      vertex 41.1095 -18.3031 -22.5
    endloop
  endfacet
  facet normal -0 0 -1
    outer loop
      vertex 44.7535 4.70378 -22.5
      vertex 9.94522 1.04528 -22.5
      vertex 44.0166 9.35603 -22.5
    endloop
  endfacet
  facet normal 0 0 -1
    outer loop
      vertex 9.13545 -4.06737 -22.5
      vertex 41.1095 -18.3031 -22.5
      vertex 38.9711 -22.5 -22.5
    endloop
  endfacet
  facet normal 0 0 -1
    outer loop
      vertex 9.78148 2.07912 -22.5
      vertex 44.0166 9.35603 -22.5
      vertex 9.94522 1.04528 -22.5
    endloop
  endfacet
  facet normal 0 0 -1
    outer loop
      vertex 8.66025 -5 -22.5
      vertex 38.9711 -22.5 -22.5
      vertex 36.4058 -26.4503 -22.5
    endloop
  endfacet
  facet normal -0 0 -1
    outer loop
      vertex 44.0166 9.35603 -22.5
      vertex 9.78148 2.07912 -22.5
      vertex 42.7975 13.9058 -22.5
    endloop
  endfacet
  facet normal 0 0 -1
    outer loop
      vertex 8.09017 -5.87785 -22.5
      vertex 36.4058 -26.4503 -22.5
      vertex 33.4415 -30.1109 -22.5
    endloop
  endfacet
  facet normal 0 0 -1
    outer loop
      vertex 9.51056 3.09017 -22.5
      vertex 42.7975 13.9058 -22.5
      vertex 9.78148 2.07912 -22.5
    endloop
  endfacet
  facet normal 0 0 -1
    outer loop
      vertex 7.43145 -6.69131 -22.5
      vertex 33.4415 -30.1109 -22.5
      vertex 30.1109 -33.4415 -22.5
    endloop
  endfacet
  facet normal -0 0 -1
    outer loop
      vertex 42.7975 13.9058 -22.5
      vertex 9.51056 3.09017 -22.5
      vertex 41.1095 18.3031 -22.5
    endloop
  endfacet
  facet normal 0 0 -1
    outer loop
      vertex 6.69131 -7.43145 -22.5
      vertex 30.1109 -33.4415 -22.5
      vertex 26.4503 -36.4058 -22.5
    endloop
  endfacet
  facet normal 0 0 -1
    outer loop
      vertex 9.13545 4.06737 -22.5
      vertex 41.1095 18.3031 -22.5
      vertex 9.51056 3.09017 -22.5
    endloop
  endfacet
  facet normal 0 0 -1
    outer loop
      vertex 5.87785 -8.09017 -22.5
      vertex 26.4503 -36.4058 -22.5
      vertex 22.5 -38.9711 -22.5
    endloop
  endfacet
  facet normal -0 0 -1
    outer loop
      vertex 41.1095 18.3031 -22.5
      vertex 9.13545 4.06737 -22.5
      vertex 38.9711 22.5 -22.5
    endloop
  endfacet
  facet normal 0 0 -1
    outer loop
      vertex 5 -8.66025 -22.5
      vertex 22.5 -38.9711 -22.5
      vertex 18.3031 -41.1095 -22.5
    endloop
  endfacet
  facet normal 0 0 -1
    outer loop
      vertex 8.66025 5 -22.5
      vertex 38.9711 22.5 -22.5
      vertex 9.13545 4.06737 -22.5
    endloop
  endfacet
  facet normal 0 0 -1
    outer loop
      vertex 4.06737 -9.13545 -22.5
      vertex 18.3031 -41.1095 -22.5
      vertex 13.9058 -42.7975 -22.5
    endloop
  endfacet
  facet normal -0 0 -1
    outer loop
      vertex 38.9711 22.5 -22.5
      vertex 8.66025 5 -22.5
      vertex 36.4058 26.4503 -22.5
    endloop
  endfacet
  facet normal 0 0 -1
    outer loop
      vertex 8.09017 5.87785 -22.5
      vertex 36.4058 26.4503 -22.5
      vertex 8.66025 5 -22.5
    endloop
  endfacet
  facet normal 0 0 -1
    outer loop
      vertex 44.7535 -4.70378 -22.5
      vertex 9.94522 -1.04528 -22.5
      vertex 10 0 -22.5
    endloop
  endfacet
  facet normal 0 0 -1
    outer loop
      vertex 44.0166 -9.35603 -22.5
      vertex 9.78148 -2.07912 -22.5
      vertex 9.94522 -1.04528 -22.5
    endloop
  endfacet
  facet normal 0 0 -1
    outer loop
      vertex 42.7975 -13.9058 -22.5
      vertex 9.51056 -3.09017 -22.5
      vertex 9.78148 -2.07912 -22.5
    endloop
  endfacet
  facet normal 0 0 -1
    outer loop
      vertex 3.09017 -9.51056 -22.5
      vertex 13.9058 -42.7975 -22.5
      vertex 9.35603 -44.0166 -22.5
    endloop
  endfacet
  facet normal 0 0 -1
    outer loop
      vertex 41.1095 -18.3031 -22.5
      vertex 9.13545 -4.06737 -22.5
      vertex 9.51056 -3.09017 -22.5
    endloop
  endfacet
  facet normal 0 0 -1
    outer loop
      vertex 38.9711 -22.5 -22.5
      vertex 8.66025 -5 -22.5
      vertex 9.13545 -4.06737 -22.5
    endloop
  endfacet
  facet normal 0 0 -1
    outer loop
      vertex 36.4058 -26.4503 -22.5
      vertex 8.09017 -5.87785 -22.5
      vertex 8.66025 -5 -22.5
    endloop
  endfacet
  facet normal 0 0 -1
    outer loop
      vertex 33.4415 -30.1109 -22.5
      vertex 7.43145 -6.69131 -22.5
      vertex 8.09017 -5.87785 -22.5
    endloop
  endfacet
  facet normal 0 0 -1
    outer loop
      vertex 30.1109 -33.4415 -22.5
      vertex 6.69131 -7.43145 -22.5
      vertex 7.43145 -6.69131 -22.5
    endloop
  endfacet
  facet normal 0 0 -1
    outer loop
      vertex 26.4503 -36.4058 -22.5
      vertex 5.87785 -8.09017 -22.5
      vertex 6.69131 -7.43145 -22.5
    endloop
  endfacet
  facet normal 0 0 -1
    outer loop
      vertex 22.5 -38.9711 -22.5
      vertex 5 -8.66025 -22.5
      vertex 5.87785 -8.09017 -22.5
    endloop
  endfacet
  facet normal 0 0 -1
    outer loop
      vertex 2.07912 -9.78148 -22.5
      vertex 9.35603 -44.0166 -22.5
      vertex 4.70378 -44.7535 -22.5
    endloop
  endfacet
  facet normal 0 0 -1
    outer loop
      vertex 18.3031 -41.1095 -22.5
      vertex 4.06737 -9.13545 -22.5
      vertex 5 -8.66025 -22.5
    endloop
  endfacet
  facet normal 0 0 -1
    outer loop
      vertex 13.9058 -42.7975 -22.5
      vertex 3.09017 -9.51056 -22.5
      vertex 4.06737 -9.13545 -22.5
    endloop
  endfacet
  facet normal 0 0 -1
    outer loop
      vertex 9.35603 -44.0166 -22.5
      vertex 2.07912 -9.78148 -22.5
      vertex 3.09017 -9.51056 -22.5
    endloop
  endfacet
  facet normal 0 0 -1
    outer loop
      vertex 4.70378 -44.7535 -22.5
      vertex 1.04528 -9.94522 -22.5
      vertex 2.07912 -9.78148 -22.5
    endloop
  endfacet
  facet normal 0 0 -1
    outer loop
      vertex 0 -45 -22.5
      vertex 1.04528 -9.94522 -22.5
      vertex 4.70378 -44.7535 -22.5
    endloop
  endfacet
  facet normal 0 0 -1
    outer loop
      vertex 0 -45 -22.5
      vertex 0 -10 -22.5
      vertex 1.04528 -9.94522 -22.5
    endloop
  endfacet
  facet normal 0 0 -1
    outer loop
      vertex 0 -45 -22.5
      vertex -1.04528 -9.94522 -22.5
      vertex 0 -10 -22.5
    endloop
  endfacet
  facet normal 0 0 -1
    outer loop
      vertex -4.70378 -44.7535 -22.5
      vertex -1.04528 -9.94522 -22.5
      vertex 0 -45 -22.5
    endloop
  endfacet
  facet normal -0 0 -1
    outer loop
      vertex -1.04528 -9.94522 -22.5
      vertex -4.70378 -44.7535 -22.5
      vertex -2.07912 -9.78148 -22.5
    endloop
  endfacet
  facet normal 0 0 -1
    outer loop
      vertex -9.35603 -44.0166 -22.5
      vertex -2.07912 -9.78148 -22.5
      vertex -4.70378 -44.7535 -22.5
    endloop
  endfacet
  facet normal -0 0 -1
    outer loop
      vertex -2.07912 -9.78148 -22.5
      vertex -9.35603 -44.0166 -22.5
      vertex -3.09017 -9.51056 -22.5
    endloop
  endfacet
  facet normal 0 0 -1
    outer loop
      vertex -13.9058 -42.7975 -22.5
      vertex -3.09017 -9.51056 -22.5
      vertex -9.35603 -44.0166 -22.5
    endloop
  endfacet
  facet normal -0 0 -1
    outer loop
      vertex -3.09017 -9.51056 -22.5
      vertex -13.9058 -42.7975 -22.5
      vertex -4.06737 -9.13545 -22.5
    endloop
  endfacet
  facet normal 0 0 -1
    outer loop
      vertex -18.3031 -41.1095 -22.5
      vertex -4.06737 -9.13545 -22.5
      vertex -13.9058 -42.7975 -22.5
    endloop
  endfacet
  facet normal -0 0 -1
    outer loop
      vertex -4.06737 -9.13545 -22.5
      vertex -18.3031 -41.1095 -22.5
      vertex -5 -8.66025 -22.5
    endloop
  endfacet
  facet normal 0 0 -1
    outer loop
      vertex -22.5 -38.9711 -22.5
      vertex -5 -8.66025 -22.5
      vertex -18.3031 -41.1095 -22.5
    endloop
  endfacet
  facet normal -0 0 -1
    outer loop
      vertex -5 -8.66025 -22.5
      vertex -22.5 -38.9711 -22.5
      vertex -5.87785 -8.09017 -22.5
    endloop
  endfacet
  facet normal 0 0 -1
    outer loop
      vertex -26.4503 -36.4058 -22.5
      vertex -5.87785 -8.09017 -22.5
      vertex -22.5 -38.9711 -22.5
    endloop
  endfacet
  facet normal -0 0 -1
    outer loop
      vertex -5.87785 -8.09017 -22.5
      vertex -26.4503 -36.4058 -22.5
      vertex -6.69131 -7.43145 -22.5
    endloop
  endfacet
  facet normal 0 0 -1
    outer loop
      vertex -30.1109 -33.4415 -22.5
      vertex -6.69131 -7.43145 -22.5
      vertex -26.4503 -36.4058 -22.5
    endloop
  endfacet
  facet normal -0 0 -1
    outer loop
      vertex -6.69131 -7.43145 -22.5
      vertex -30.1109 -33.4415 -22.5
      vertex -7.43145 -6.69131 -22.5
    endloop
  endfacet
  facet normal 0 0 -1
    outer loop
      vertex -33.4415 -30.1109 -22.5
      vertex -7.43145 -6.69131 -22.5
      vertex -30.1109 -33.4415 -22.5
    endloop
  endfacet
  facet normal -0 0 -1
    outer loop
      vertex -7.43145 -6.69131 -22.5
      vertex -33.4415 -30.1109 -22.5
      vertex -8.09017 -5.87785 -22.5
    endloop
  endfacet
  facet normal 0 0 -1
    outer loop
      vertex -36.4058 -26.4503 -22.5
      vertex -8.09017 -5.87785 -22.5
      vertex -33.4415 -30.1109 -22.5
    endloop
  endfacet
  facet normal -0 0 -1
    outer loop
      vertex 36.4058 26.4503 -22.5
      vertex 8.09017 5.87785 -22.5
      vertex 33.4415 30.1109 -22.5
    endloop
  endfacet
  facet normal 0 0 -1
    outer loop
      vertex 7.43145 6.69131 -22.5
      vertex 33.4415 30.1109 -22.5
      vertex 8.09017 5.87785 -22.5
    endloop
  endfacet
  facet normal -0 0 -1
    outer loop
      vertex 33.4415 30.1109 -22.5
      vertex 7.43145 6.69131 -22.5
      vertex 30.1109 33.4415 -22.5
    endloop
  endfacet
  facet normal 0 0 -1
    outer loop
      vertex 6.69131 7.43145 -22.5
      vertex 30.1109 33.4415 -22.5
      vertex 7.43145 6.69131 -22.5
    endloop
  endfacet
  facet normal -0 0 -1
    outer loop
      vertex 30.1109 33.4415 -22.5
      vertex 6.69131 7.43145 -22.5
      vertex 26.4503 36.4058 -22.5
    endloop
  endfacet
  facet normal 0 0 -1
    outer loop
      vertex 5.87785 8.09017 -22.5
      vertex 26.4503 36.4058 -22.5
      vertex 6.69131 7.43145 -22.5
    endloop
  endfacet
  facet normal -0 0 -1
    outer loop
      vertex 26.4503 36.4058 -22.5
      vertex 5.87785 8.09017 -22.5
      vertex 22.5 38.9711 -22.5
    endloop
  endfacet
  facet normal 0 0 -1
    outer loop
      vertex 5 8.66025 -22.5
      vertex 22.5 38.9711 -22.5
      vertex 5.87785 8.09017 -22.5
    endloop
  endfacet
  facet normal -0 0 -1
    outer loop
      vertex 22.5 38.9711 -22.5
      vertex 5 8.66025 -22.5
      vertex 18.3031 41.1095 -22.5
    endloop
  endfacet
  facet normal 0 0 -1
    outer loop
      vertex 4.06737 9.13545 -22.5
      vertex 18.3031 41.1095 -22.5
      vertex 5 8.66025 -22.5
    endloop
  endfacet
  facet normal -0 0 -1
    outer loop
      vertex 18.3031 41.1095 -22.5
      vertex 4.06737 9.13545 -22.5
      vertex 13.9058 42.7975 -22.5
    endloop
  endfacet
  facet normal 0 0 -1
    outer loop
      vertex 3.09017 9.51056 -22.5
      vertex 13.9058 42.7975 -22.5
      vertex 4.06737 9.13545 -22.5
    endloop
  endfacet
  facet normal -0 0 -1
    outer loop
      vertex 13.9058 42.7975 -22.5
      vertex 3.09017 9.51056 -22.5
      vertex 9.35603 44.0166 -22.5
    endloop
  endfacet
  facet normal 0 0 -1
    outer loop
      vertex 2.07912 9.78148 -22.5
      vertex 9.35603 44.0166 -22.5
      vertex 3.09017 9.51056 -22.5
    endloop
  endfacet
  facet normal -0 0 -1
    outer loop
      vertex 9.35603 44.0166 -22.5
      vertex 2.07912 9.78148 -22.5
      vertex 4.70378 44.7535 -22.5
    endloop
  endfacet
  facet normal 0 0 -1
    outer loop
      vertex 1.04528 9.94522 -22.5
      vertex 4.70378 44.7535 -22.5
      vertex 2.07912 9.78148 -22.5
    endloop
  endfacet
  facet normal 0 0 -1
    outer loop
      vertex 0 10 -22.5
      vertex 4.70378 44.7535 -22.5
      vertex 1.04528 9.94522 -22.5
    endloop
  endfacet
  facet normal 0 0 -1
    outer loop
      vertex 0 10 -22.5
      vertex 0 45 -22.5
      vertex 4.70378 44.7535 -22.5
    endloop
  endfacet
  facet normal 0 0 -1
    outer loop
      vertex -1.04528 9.94522 -22.5
      vertex 0 45 -22.5
      vertex 0 10 -22.5
    endloop
  endfacet
  facet normal 0 0 -1
    outer loop
      vertex -4.70378 44.7535 -22.5
      vertex -1.04528 9.94522 -22.5
      vertex -2.07912 9.78148 -22.5
    endloop
  endfacet
  facet normal 0 0 -1
    outer loop
      vertex -9.35603 44.0166 -22.5
      vertex -2.07912 9.78148 -22.5
      vertex -3.09017 9.51056 -22.5
    endloop
  endfacet
  facet normal 0 0 -1
    outer loop
      vertex -13.9058 42.7975 -22.5
      vertex -3.09017 9.51056 -22.5
      vertex -4.06737 9.13545 -22.5
    endloop
  endfacet
  facet normal 0 0 -1
    outer loop
      vertex -1.04528 9.94522 -22.5
      vertex -4.70378 44.7535 -22.5
      vertex 0 45 -22.5
    endloop
  endfacet
  facet normal 0 0 -1
    outer loop
      vertex -18.3031 41.1095 -22.5
      vertex -4.06737 9.13545 -22.5
      vertex -5 8.66025 -22.5
    endloop
  endfacet
  facet normal 0 0 -1
    outer loop
      vertex -22.5 38.9711 -22.5
      vertex -5 8.66025 -22.5
      vertex -5.87785 8.09017 -22.5
    endloop
  endfacet
  facet normal 0 0 -1
    outer loop
      vertex -26.4503 36.4058 -22.5
      vertex -5.87785 8.09017 -22.5
      vertex -6.69131 7.43145 -22.5
    endloop
  endfacet
  facet normal 0 0 -1
    outer loop
      vertex -30.1109 33.4415 -22.5
      vertex -6.69131 7.43145 -22.5
      vertex -7.43145 6.69131 -22.5
    endloop
  endfacet
  facet normal 0 0 -1
    outer loop
      vertex -33.4415 30.1109 -22.5
      vertex -7.43145 6.69131 -22.5
      vertex -8.09017 5.87785 -22.5
    endloop
  endfacet
  facet normal 0 0 -1
    outer loop
      vertex -36.4058 26.4503 -22.5
      vertex -8.09017 5.87785 -22.5
      vertex -8.66025 5 -22.5
    endloop
  endfacet
  facet normal 0 0 -1
    outer loop
      vertex -38.9711 22.5 -22.5
      vertex -8.66025 5 -22.5
      vertex -9.13545 4.06737 -22.5
    endloop
  endfacet
  facet normal 0 0 -1
    outer loop
      vertex -2.07912 9.78148 -22.5
      vertex -9.35603 44.0166 -22.5
      vertex -4.70378 44.7535 -22.5
    endloop
  endfacet
  facet normal 0 0 -1
    outer loop
      vertex -41.1095 18.3031 -22.5
      vertex -9.13545 4.06737 -22.5
      vertex -9.51056 3.09017 -22.5
    endloop
  endfacet
  facet normal 0 0 -1
    outer loop
      vertex -42.7975 13.9058 -22.5
      vertex -9.51056 3.09017 -22.5
      vertex -9.78148 2.07912 -22.5
    endloop
  endfacet
  facet normal 0 0 -1
    outer loop
      vertex -44.0166 9.35603 -22.5
      vertex -9.78148 2.07912 -22.5
      vertex -9.94522 1.04528 -22.5
    endloop
  endfacet
  facet normal 0 0 -1
    outer loop
      vertex -44.7535 4.70378 -22.5
      vertex -9.94522 1.04528 -22.5
      vertex -10 0 -22.5
    endloop
  endfacet
  facet normal -0 0 -1
    outer loop
      vertex -8.09017 -5.87785 -22.5
      vertex -36.4058 -26.4503 -22.5
      vertex -8.66025 -5 -22.5
    endloop
  endfacet
  facet normal 0 0 -1
    outer loop
      vertex -3.09017 9.51056 -22.5
      vertex -13.9058 42.7975 -22.5
      vertex -9.35603 44.0166 -22.5
    endloop
  endfacet
  facet normal 0 0 -1
    outer loop
      vertex -38.9711 -22.5 -22.5
      vertex -8.66025 -5 -22.5
      vertex -36.4058 -26.4503 -22.5
    endloop
  endfacet
  facet normal 0 0 -1
    outer loop
      vertex -4.06737 9.13545 -22.5
      vertex -18.3031 41.1095 -22.5
      vertex -13.9058 42.7975 -22.5
    endloop
  endfacet
  facet normal -0 0 -1
    outer loop
      vertex -8.66025 -5 -22.5
      vertex -38.9711 -22.5 -22.5
      vertex -9.13545 -4.06737 -22.5
    endloop
  endfacet
  facet normal 0 0 -1
    outer loop
      vertex -5 8.66025 -22.5
      vertex -22.5 38.9711 -22.5
      vertex -18.3031 41.1095 -22.5
    endloop
  endfacet
  facet normal 0 0 -1
    outer loop
      vertex -41.1095 -18.3031 -22.5
      vertex -9.13545 -4.06737 -22.5
      vertex -38.9711 -22.5 -22.5
    endloop
  endfacet
  facet normal 0 0 -1
    outer loop
      vertex -5.87785 8.09017 -22.5
      vertex -26.4503 36.4058 -22.5
      vertex -22.5 38.9711 -22.5
    endloop
  endfacet
  facet normal -0 0 -1
    outer loop
      vertex -9.13545 -4.06737 -22.5
      vertex -41.1095 -18.3031 -22.5
      vertex -9.51056 -3.09017 -22.5
    endloop
  endfacet
  facet normal 0 0 -1
    outer loop
      vertex -6.69131 7.43145 -22.5
      vertex -30.1109 33.4415 -22.5
      vertex -26.4503 36.4058 -22.5
    endloop
  endfacet
  facet normal 0 0 -1
    outer loop
      vertex -42.7975 -13.9058 -22.5
      vertex -9.51056 -3.09017 -22.5
      vertex -41.1095 -18.3031 -22.5
    endloop
  endfacet
  facet normal 0 0 -1
    outer loop
      vertex -7.43145 6.69131 -22.5
      vertex -33.4415 30.1109 -22.5
      vertex -30.1109 33.4415 -22.5
    endloop
  endfacet
  facet normal -0 0 -1
    outer loop
      vertex -9.51056 -3.09017 -22.5
      vertex -42.7975 -13.9058 -22.5
      vertex -9.78148 -2.07912 -22.5
    endloop
  endfacet
  facet normal 0 0 -1
    outer loop
      vertex -8.09017 5.87785 -22.5
      vertex -36.4058 26.4503 -22.5
      vertex -33.4415 30.1109 -22.5
    endloop
  endfacet
  facet normal 0 0 -1
    outer loop
      vertex -44.0166 -9.35603 -22.5
      vertex -9.78148 -2.07912 -22.5
      vertex -42.7975 -13.9058 -22.5
    endloop
  endfacet
  facet normal 0 0 -1
    outer loop
      vertex -8.66025 5 -22.5
      vertex -38.9711 22.5 -22.5
      vertex -36.4058 26.4503 -22.5
    endloop
  endfacet
  facet normal -0 0 -1
    outer loop
      vertex -9.78148 -2.07912 -22.5
      vertex -44.0166 -9.35603 -22.5
      vertex -9.94522 -1.04528 -22.5
    endloop
  endfacet
  facet normal 0 0 -1
    outer loop
      vertex -9.13545 4.06737 -22.5
      vertex -41.1095 18.3031 -22.5
      vertex -38.9711 22.5 -22.5
    endloop
  endfacet
  facet normal 0 0 -1
    outer loop
      vertex -44.7535 -4.70378 -22.5
      vertex -9.94522 -1.04528 -22.5
      vertex -44.0166 -9.35603 -22.5
    endloop
  endfacet
  facet normal 0 0 -1
    outer loop
      vertex -9.51056 3.09017 -22.5
      vertex -42.7975 13.9058 -22.5
      vertex -41.1095 18.3031 -22.5
    endloop
  endfacet
  facet normal -0 0 -1
    outer loop
      vertex -9.94522 -1.04528 -22.5
      vertex -44.7535 -4.70378 -22.5
      vertex -10 0 -22.5
    endloop
  endfacet
  facet normal 0 0 -1
    outer loop
      vertex -9.78148 2.07912 -22.5
      vertex -44.0166 9.35603 -22.5
      vertex -42.7975 13.9058 -22.5
    endloop
  endfacet
  facet normal 0 0 -1
    outer loop
      vertex -45 0 -22.5
      vertex -10 0 -22.5
      vertex -44.7535 -4.70378 -22.5
    endloop
  endfacet
  facet normal 0 0 -1
    outer loop
      vertex -9.94522 1.04528 -22.5
      vertex -44.7535 4.70378 -22.5
      vertex -44.0166 9.35603 -22.5
    endloop
  endfacet
  facet normal 0 0 -1
    outer loop
      vertex -10 0 -22.5
      vertex -45 0 -22.5
      vertex -44.7535 4.70378 -22.5
    endloop
  endfacet
  facet normal -0.206126 0.404544 -0.890986
    outer loop
      vertex -20.7847 46.6831 -21.205
      vertex -26.25 45.4663 -20.4931
      vertex -21.3537 47.9611 -20.4931
    endloop
  endfacet
  facet normal -0.162713 0.423873 -0.890986
    outer loop
      vertex -20.7847 46.6831 -21.205
      vertex -21.3537 47.9611 -20.4931
      vertex -15.7911 48.6 -21.205
    endloop
  endfacet
  facet normal -0.117497 0.230596 -0.96593
    outer loop
      vertex -19.5716 43.9586 -22.1727
      vertex -24.8176 42.9854 -21.7669
      vertex -20.1885 45.3441 -21.7669
    endloop
  endfacet
  facet normal -0.0244631 0.154458 -0.987697
    outer loop
      vertex -9.68202 45.5503 -22.4179
      vertex -10.0044 47.0672 -22.1727
      vertex -4.86767 46.3128 -22.4179
    endloop
  endfacet
  facet normal -0.0560445 0.145998 -0.987696
    outer loop
      vertex -18.9409 42.5419 -22.4179
      vertex -19.5716 43.9586 -22.1727
      vertex -14.8695 45.7636 -22.1727
    endloop
  endfacet
  facet normal -0.117498 0.230603 -0.965928
    outer loop
      vertex -24.0593 41.672 -22.1727
      vertex -24.8176 42.9854 -21.7669
      vertex -19.5716 43.9586 -22.1727
    endloop
  endfacet
  facet normal -0.0560418 0.145995 -0.987697
    outer loop
      vertex -14.3903 44.2887 -22.4179
      vertex -18.9409 42.5419 -22.4179
      vertex -14.8695 45.7636 -22.1727
    endloop
  endfacet
  facet normal 0.380754 0.747276 -0.544615
    outer loop
      vertex 28.5676 49.4806 -16.3253
      vertex 23.5868 52.9768 -15.0103
      vertex 28.9952 50.2211 -15.0103
    endloop
  endfacet
  facet normal 0.456776 0.703382 -0.544618
    outer loop
      vertex 34.0859 46.9152 -15.0103
      vertex 28.5676 49.4806 -16.3253
      vertex 28.9952 50.2211 -15.0103
    endloop
  endfacet
  facet normal 0.217052 0.810083 -0.544659
    outer loop
      vertex 17.6558 54.3389 -16.3253
      vertex 11.8791 55.8867 -16.3253
      vertex 12.0569 56.7232 -15.0103
    endloop
  endfacet
  facet normal 0.217083 0.810119 -0.544594
    outer loop
      vertex 17.6558 54.3389 -16.3253
      vertex 12.0569 56.7232 -15.0103
      vertex 17.92 55.1521 -15.0103
    endloop
  endfacet
  facet normal -0.0669876 0.250001 -0.965926
    outer loop
      vertex -10.0044 47.0672 -22.1727
      vertex -14.8695 45.7636 -22.1727
      vertex -10.3197 48.5506 -21.7669
    endloop
  endfacet
  facet normal -0.0404882 0.255633 -0.965926
    outer loop
      vertex -10.0044 47.0672 -22.1727
      vertex -10.3197 48.5506 -21.7669
      vertex -5.02977 47.8551 -22.1727
    endloop
  endfacet
  facet normal 0.0404874 0.255638 -0.965924
    outer loop
      vertex 10.3197 48.5506 -21.7669
      vertex 5.02977 47.8551 -22.1727
      vertex 5.1883 49.3633 -21.7669
    endloop
  endfacet
  facet normal 0.018762 0.357879 -0.93358
    outer loop
      vertex 5.1883 49.3633 -21.7669
      vertex 0 49.6353 -21.7669
      vertex 0 51.1011 -21.205
    endloop
  endfacet
  facet normal 0.27852 0.225542 -0.933572
    outer loop
      vertex 40.1558 29.1749 -21.7669
      vertex 36.8862 33.2125 -21.7669
      vertex 41.3416 30.0364 -21.205
    endloop
  endfacet
  facet normal 0.0709983 0.139343 -0.987696
    outer loop
      vertex 23.284 40.329 -22.4179
      vertex 18.9409 42.5419 -22.4179
      vertex 24.0593 41.672 -22.1727
    endloop
  endfacet
  facet normal 0.0851776 0.131158 -0.987696
    outer loop
      vertex 27.3719 37.6742 -22.4179
      vertex 23.284 40.329 -22.4179
      vertex 24.0593 41.672 -22.1727
    endloop
  endfacet
  facet normal 0.162867 0.201124 -0.965931
    outer loop
      vertex 33.2125 36.8862 -21.7669
      vertex 28.2834 38.9288 -22.1727
      vertex 29.1749 40.1558 -21.7669
    endloop
  endfacet
  facet normal 0.117498 0.230603 -0.965928
    outer loop
      vertex 24.0593 41.672 -22.1727
      vertex 19.5716 43.9586 -22.1727
      vertex 24.8176 42.9854 -21.7669
    endloop
  endfacet
  facet normal 0.0927435 0.241617 -0.965929
    outer loop
      vertex 19.5716 43.9586 -22.1727
      vertex 15.3381 47.2059 -21.7669
      vertex 20.1885 45.3441 -21.7669
    endloop
  endfacet
  facet normal 0.0669876 0.250001 -0.965926
    outer loop
      vertex 14.8695 45.7636 -22.1727
      vertex 10.0044 47.0672 -22.1727
      vertex 10.3197 48.5506 -21.7669
    endloop
  endfacet
  facet normal 0.0669896 0.250004 -0.965925
    outer loop
      vertex 14.8695 45.7636 -22.1727
      vertex 10.3197 48.5506 -21.7669
      vertex 15.3381 47.2059 -21.7669
    endloop
  endfacet
  facet normal 0.117497 0.230596 -0.96593
    outer loop
      vertex 24.8176 42.9854 -21.7669
      vertex 19.5716 43.9586 -22.1727
      vertex 20.1885 45.3441 -21.7669
    endloop
  endfacet
  facet normal 0.162706 0.319321 -0.933574
    outer loop
      vertex 24.8176 42.9854 -21.7669
      vertex 20.1885 45.3441 -21.7669
      vertex 20.7847 46.6831 -21.205
    endloop
  endfacet
  facet normal -0.621561 0.098445 -0.777156
    outer loop
      vertex -53.522 5.62539 -19.6392
      vertex -54.7355 5.75293 -18.6525
      vertex -52.6408 11.1891 -19.6392
    endloop
  endfacet
  facet normal -0.621566 0.0984478 -0.777151
    outer loop
      vertex -52.6408 11.1891 -19.6392
      vertex -54.7355 5.75293 -18.6525
      vertex -53.8343 11.4428 -18.6525
    endloop
  endfacet
  facet normal -0.250001 0.0669876 -0.965926
    outer loop
      vertex -47.0672 10.0044 -22.1727
      vertex -48.5506 10.3197 -21.7669
      vertex -45.7636 14.8695 -22.1727
    endloop
  endfacet
  facet normal -0.357872 0.0187595 -0.933582
    outer loop
      vertex -49.3633 5.1883 -21.7669
      vertex -51.1011 0 -21.205
      vertex -50.8211 5.34151 -21.205
    endloop
  endfacet
  facet normal -0.423867 0.162712 -0.890989
    outer loop
      vertex -48.6 15.7911 -21.205
      vertex -49.9305 16.2234 -20.4931
      vertex -47.9611 21.3537 -20.4931
    endloop
  endfacet
  facet normal -0.423873 0.162713 -0.890986
    outer loop
      vertex -46.6831 20.7847 -21.205
      vertex -48.6 15.7911 -21.205
      vertex -47.9611 21.3537 -20.4931
    endloop
  endfacet
  facet normal -0.543862 -0.0285026 -0.83869
    outer loop
      vertex -52.2124 -5.48774 -20.4931
      vertex -53.8168 0 -19.6392
      vertex -52.5 0 -20.4931
    endloop
  endfacet
  facet normal -0.453403 -0.0237618 -0.890989
    outer loop
      vertex -52.2124 -5.48774 -20.4931
      vertex -52.5 0 -20.4931
      vertex -50.8211 -5.34151 -21.205
    endloop
  endfacet
  facet normal -0.154458 0.0244631 -0.987697
    outer loop
      vertex -46.3128 4.86767 -22.4179
      vertex -47.0672 10.0044 -22.1727
      vertex -45.5503 9.68202 -22.4179
    endloop
  endfacet
  facet normal -0.0517163 0.00819086 -0.998628
    outer loop
      vertex -44.0166 9.35603 -22.5
      vertex -46.3128 4.86767 -22.4179
      vertex -45.5503 9.68202 -22.4179
    endloop
  endfacet
  facet normal -0.45342 -0.0237681 -0.89098
    outer loop
      vertex -50.8211 -5.34151 -21.205
      vertex -52.5 0 -20.4931
      vertex -51.1011 0 -21.205
    endloop
  endfacet
  facet normal -0.353952 -0.0560581 -0.933582
    outer loop
      vertex -48.5506 -10.3197 -21.7669
      vertex -50.8211 -5.34151 -21.205
      vertex -49.3633 -5.1883 -21.7669
    endloop
  endfacet
  facet normal -0.151055 -0.040475 -0.987696
    outer loop
      vertex -45.7636 -14.8695 -22.1727
      vertex -47.0672 -10.0044 -22.1727
      vertex -45.5503 -9.68202 -22.4179
    endloop
  endfacet
  facet normal -0.255633 -0.0404882 -0.965926
    outer loop
      vertex -47.0672 -10.0044 -22.1727
      vertex -48.5506 -10.3197 -21.7669
      vertex -47.8551 -5.02977 -22.1727
    endloop
  endfacet
  facet normal 0.201124 0.162867 -0.965931
    outer loop
      vertex 38.9288 28.2834 -22.1727
      vertex 36.8862 33.2125 -21.7669
      vertex 40.1558 29.1749 -21.7669
    endloop
  endfacet
  facet normal 0.20113 0.16287 -0.96593
    outer loop
      vertex 38.9288 28.2834 -22.1727
      vertex 35.7591 32.1977 -22.1727
      vertex 36.8862 33.2125 -21.7669
    endloop
  endfacet
  facet normal -0.040475 0.151055 0.987696
    outer loop
      vertex -10.0044 47.0672 22.1727
      vertex -14.8695 45.7636 22.1727
      vertex -9.68202 45.5503 22.4179
    endloop
  endfacet
  facet normal -0.162712 0.423867 0.890989
    outer loop
      vertex -16.2234 49.9305 20.4931
      vertex -21.3537 47.9611 20.4931
      vertex -15.7911 48.6 21.205
    endloop
  endfacet
  facet normal -0.117504 0.438555 0.890989
    outer loop
      vertex -10.9154 51.3527 20.4931
      vertex -16.2234 49.9305 20.4931
      vertex -15.7911 48.6 21.205
    endloop
  endfacet
  facet normal -0.162698 0.319313 0.933578
    outer loop
      vertex -20.7847 46.6831 21.205
      vertex -25.5505 44.2548 21.205
      vertex -24.8176 42.9854 21.7669
    endloop
  endfacet
  facet normal -0.162706 0.319321 0.933574
    outer loop
      vertex -20.7847 46.6831 21.205
      vertex -24.8176 42.9854 21.7669
      vertex -20.1885 45.3441 21.7669
    endloop
  endfacet
  facet normal -0.201136 0.750634 0.629358
    outer loop
      vertex -11.6737 54.9202 17.5438
      vertex -17.6558 54.3389 16.3253
      vertex -17.3504 53.3991 17.5438
    endloop
  endfacet
  facet normal -0.0984478 0.621566 0.777151
    outer loop
      vertex -5.75293 54.7355 18.6525
      vertex -11.4428 53.8343 18.6525
      vertex -11.1891 52.6408 19.6392
    endloop
  endfacet
  facet normal -0.423244 0.342732 0.838689
    outer loop
      vertex -39.0151 35.1294 20.4931
      vertex -43.5387 31.6327 19.6392
      vertex -42.4734 30.8587 20.4931
    endloop
  endfacet
  facet normal -0.456743 0.296613 0.838693
    outer loop
      vertex -43.5387 31.6327 19.6392
      vertex -46.6067 26.9084 19.6392
      vertex -45.4663 26.25 20.4931
    endloop
  endfacet
  facet normal -0.526065 0.140962 0.83868
    outer loop
      vertex -51.1828 16.6303 19.6392
      vertex -52.6408 11.1891 19.6392
      vertex -49.9305 16.2234 20.4931
    endloop
  endfacet
  facet normal -0.587497 0.225514 0.777168
    outer loop
      vertex -49.1641 21.8893 19.6392
      vertex -52.3433 17.0074 18.6525
      vertex -51.1828 16.6303 19.6392
    endloop
  endfacet
  facet normal -0.423873 0.162713 0.890986
    outer loop
      vertex -47.9611 21.3537 20.4931
      vertex -48.6 15.7911 21.205
      vertex -46.6831 20.7847 21.205
    endloop
  endfacet
  facet normal -0.527781 0.342751 0.777155
    outer loop
      vertex -44.5258 32.3499 18.6525
      vertex -47.6634 27.5185 18.6525
      vertex -46.6067 26.9084 19.6392
    endloop
  endfacet
  facet normal -0.793902 0.404511 0.453971
    outer loop
      vertex -50.8384 29.3516 13.6132
      vertex -52.9768 23.5868 15.0103
      vertex -50.2211 28.9952 15.0103
    endloop
  endfacet
  facet normal -0.747276 0.380754 0.544615
    outer loop
      vertex -50.2211 28.9952 15.0103
      vertex -52.9768 23.5868 15.0103
      vertex -49.4806 28.5676 16.3253
    endloop
  endfacet
  facet normal -0.871567 0.334563 0.358384
    outer loop
      vertex -54.142 24.1056 12.1495
      vertex -55.83 18.1403 13.6132
      vertex -53.628 23.8767 13.6132
    endloop
  endfacet
  facet normal -0.831835 0.319312 0.453973
    outer loop
      vertex -53.628 23.8767 13.6132
      vertex -55.83 18.1403 13.6132
      vertex -55.1521 17.92 15.0103
    endloop
  endfacet
  facet normal -0.651757 0.423261 0.629335
    outer loop
      vertex -46.2234 33.5833 16.3253
      vertex -48.6249 28.0736 17.5438
      vertex -45.424 33.0025 17.5438
    endloop
  endfacet
  facet normal -0.593021 0.385116 0.707115
    outer loop
      vertex -45.424 33.0025 17.5438
      vertex -48.6249 28.0736 17.5438
      vertex -44.5258 32.3499 18.6525
    endloop
  endfacet
  facet normal -0.0709983 0.139343 0.987696
    outer loop
      vertex -18.9409 42.5419 22.4179
      vertex -24.0593 41.672 22.1727
      vertex -23.284 40.329 22.4179
    endloop
  endfacet
  facet normal -0.162867 0.201124 0.965931
    outer loop
      vertex -29.1749 40.1558 21.7669
      vertex -33.2125 36.8862 21.7669
      vertex -28.2834 38.9288 22.1727
    endloop
  endfacet
  facet normal -0.253411 0.660146 0.707099
    outer loop
      vertex -17.0074 52.3433 18.6525
      vertex -22.8371 51.293 17.5438
      vertex -22.3855 50.2788 18.6525
    endloop
  endfacet
  facet normal -0.247248 0.485244 0.838693
    outer loop
      vertex -21.8893 49.1641 19.6392
      vertex -26.9084 46.6067 19.6392
      vertex -26.25 45.4663 20.4931
    endloop
  endfacet
  facet normal -0.342754 0.527794 0.777144
    outer loop
      vertex -26.9084 46.6067 19.6392
      vertex -32.3499 44.5258 18.6525
      vertex -31.6327 43.5387 19.6392
    endloop
  endfacet
  facet normal -0.342751 0.527781 0.777155
    outer loop
      vertex -27.5185 47.6634 18.6525
      vertex -32.3499 44.5258 18.6525
      vertex -26.9084 46.6067 19.6392
    endloop
  endfacet
  facet normal -0.385094 0.385094 0.838692
    outer loop
      vertex -36.0105 39.9937 19.6392
      vertex -39.0151 35.1294 20.4931
      vertex -35.1294 39.0151 20.4931
    endloop
  endfacet
  facet normal -0.385094 0.385094 0.838692
    outer loop
      vertex -39.0151 35.1294 20.4931
      vertex -36.0105 39.9937 19.6392
      vertex -39.9937 36.0105 19.6392
    endloop
  endfacet
  facet normal -0.285722 0.352842 0.890991
    outer loop
      vertex -30.8587 42.4734 20.4931
      vertex -35.1294 39.0151 20.4931
      vertex -30.0364 41.3416 21.205
    endloop
  endfacet
  facet normal -0.527791 0.65177 0.54464
    outer loop
      vertex -34.0859 46.9152 15.0103
      vertex -38.8031 43.0953 15.0103
      vertex -38.2309 42.4598 16.3253
    endloop
  endfacet
  facet normal -0.527805 0.651776 0.544619
    outer loop
      vertex -34.0859 46.9152 15.0103
      vertex -38.2309 42.4598 16.3253
      vertex -33.5833 46.2234 16.3253
    endloop
  endfacet
  facet normal -0.444989 0.54952 0.707115
    outer loop
      vertex -33.0025 45.424 17.5438
      vertex -37.5698 41.7255 17.5438
      vertex -32.3499 44.5258 18.6525
    endloop
  endfacet
  facet normal -0.49999 0.49999 0.707121
    outer loop
      vertex -37.5698 41.7255 17.5438
      vertex -40.9004 36.8269 18.6525
      vertex -36.8269 40.9004 18.6525
    endloop
  endfacet
  facet normal -0.49999 0.49999 0.707121
    outer loop
      vertex -40.9004 36.8269 18.6525
      vertex -37.5698 41.7255 17.5438
      vertex -41.7255 37.5698 17.5438
    endloop
  endfacet
  facet normal -0.508453 0.782966 0.358384
    outer loop
      vertex -29.6329 51.3257 12.1495
      vertex -34.8356 47.9471 12.1495
      vertex -29.3516 50.8384 13.6132
    endloop
  endfacet
  facet normal -0.423833 0.83182 0.358386
    outer loop
      vertex -24.1056 54.142 12.1495
      vertex -29.6329 51.3257 12.1495
      vertex -29.3516 50.8384 13.6132
    endloop
  endfacet
  facet normal -0.485267 0.747266 0.453994
    outer loop
      vertex -29.3516 50.8384 13.6132
      vertex -34.5049 47.4919 13.6132
      vertex -34.0859 46.9152 15.0103
    endloop
  endfacet
  facet normal -0.560726 0.692442 0.453994
    outer loop
      vertex -34.5049 47.4919 13.6132
      vertex -38.8031 43.0953 15.0103
      vertex -34.0859 46.9152 15.0103
    endloop
  endfacet
  facet normal -0.423264 0.651777 0.629313
    outer loop
      vertex -28.5676 49.4806 16.3253
      vertex -33.5833 46.2234 16.3253
      vertex -28.0736 48.6249 17.5438
    endloop
  endfacet
  facet normal -0.278487 0.7255 0.62936
    outer loop
      vertex -17.6558 54.3389 16.3253
      vertex -22.8371 51.293 17.5438
      vertex -17.3504 53.3991 17.5438
    endloop
  endfacet
  facet normal -0.747266 0.485267 0.453994
    outer loop
      vertex -47.4919 34.5049 13.6132
      vertex -50.8384 29.3516 13.6132
      vertex -46.9152 34.0859 15.0103
    endloop
  endfacet
  facet normal -0.683013 0.683013 0.258819
    outer loop
      vertex -39.9285 44.3451 10.635
      vertex -44.0431 39.6566 12.1495
      vertex -39.6566 44.0431 12.1495
    endloop
  endfacet
  facet normal -0.683013 0.683013 0.258819
    outer loop
      vertex -44.0431 39.6566 12.1495
      vertex -39.9285 44.3451 10.635
      vertex -44.3451 39.9285 10.635
    endloop
  endfacet
  facet normal -0.628451 0.776086 0.052347
    outer loop
      vertex -35.2671 48.541 7.52056
      vertex -40.0929 44.5276 9.08634
      vertex -35.2188 48.4745 9.08634
    endloop
  endfacet
  facet normal -0.628457 0.776083 0.0523196
    outer loop
      vertex -35.2671 48.541 7.52056
      vertex -40.1478 44.5887 7.52056
      vertex -40.0929 44.5276 9.08634
    endloop
  endfacet
  facet normal 0.300565 0.782994 0.544593
    outer loop
      vertex 17.92 55.1521 15.0103
      vertex 17.6558 54.3389 16.3253
      vertex 23.239 52.1957 16.3253
    endloop
  endfacet
  facet normal 0.2785 0.725513 0.629339
    outer loop
      vertex 23.239 52.1957 16.3253
      vertex 17.6558 54.3389 16.3253
      vertex 22.8371 51.293 17.5438
    endloop
  endfacet
  facet normal -0.593029 0.593029 0.54464
    outer loop
      vertex -43.0953 38.8031 15.0103
      vertex -38.2309 42.4598 16.3253
      vertex -38.8031 43.0953 15.0103
    endloop
  endfacet
  facet normal -0.593029 0.593029 0.54464
    outer loop
      vertex -38.2309 42.4598 16.3253
      vertex -43.0953 38.8031 15.0103
      vertex -42.4598 38.2309 16.3253
    endloop
  endfacet
  facet normal -0.692444 0.560733 0.453981
    outer loop
      vertex -43.625 39.2801 13.6132
      vertex -47.4919 34.5049 13.6132
      vertex -43.0953 38.8031 15.0103
    endloop
  endfacet
  facet normal -0.0237708 -0.0466534 0.998628
    outer loop
      vertex -18.3031 -41.1095 22.5
      vertex -22.5 -38.9711 22.5
      vertex -18.9409 -42.5419 22.4179
    endloop
  endfacet
  facet normal -0.767574 -0.121578 0.629325
    outer loop
      vertex -54.9202 -11.6737 17.5438
      vertex -56.8223 -5.97226 16.3253
      vertex -55.8867 -11.8791 16.3253
    endloop
  endfacet
  facet normal -0.828331 -0.131202 0.544659
    outer loop
      vertex -55.8867 -11.8791 16.3253
      vertex -56.8223 -5.97226 16.3253
      vertex -56.7232 -12.0569 15.0103
    endloop
  endfacet
  facet normal -0.456743 -0.296613 0.838693
    outer loop
      vertex -45.4663 -26.25 20.4931
      vertex -46.6067 -26.9084 19.6392
      vertex -43.5387 -31.6327 19.6392
    endloop
  endfacet
  facet normal -0.385094 -0.385094 0.838692
    outer loop
      vertex -39.0151 -35.1294 20.4931
      vertex -36.0105 -39.9937 19.6392
      vertex -35.1294 -39.0151 20.4931
    endloop
  endfacet
  facet normal -0.385094 -0.385094 0.838692
    outer loop
      vertex -36.0105 -39.9937 19.6392
      vertex -39.0151 -35.1294 20.4931
      vertex -39.9937 -36.0105 19.6392
    endloop
  endfacet
  facet normal -0.423241 -0.342727 0.838693
    outer loop
      vertex -39.0151 -35.1294 20.4931
      vertex -43.5387 -31.6327 19.6392
      vertex -39.9937 -36.0105 19.6392
    endloop
  endfacet
  facet normal -0.423244 -0.342732 0.838689
    outer loop
      vertex -42.4734 -30.8587 20.4931
      vertex -43.5387 -31.6327 19.6392
      vertex -39.0151 -35.1294 20.4931
    endloop
  endfacet
  facet normal -0.321015 -0.630035 0.707111
    outer loop
      vertex -27.5185 -47.6634 18.6525
      vertex -28.0736 -48.6249 17.5438
      vertex -22.8371 -51.293 17.5438
    endloop
  endfacet
  facet normal -0.692448 -0.352816 0.629314
    outer loop
      vertex -48.6249 -28.0736 17.5438
      vertex -51.293 -22.8371 17.5438
      vertex -49.4806 -28.5676 16.3253
    endloop
  endfacet
  facet normal -0.651777 -0.423264 0.629313
    outer loop
      vertex -48.6249 -28.0736 17.5438
      vertex -49.4806 -28.5676 16.3253
      vertex -46.2234 -33.5833 16.3253
    endloop
  endfacet
  facet normal -0.587497 -0.225514 0.777168
    outer loop
      vertex -51.1828 -16.6303 19.6392
      vertex -52.3433 -17.0074 18.6525
      vertex -49.1641 -21.8893 19.6392
    endloop
  endfacet
  facet normal -0.508451 -0.195172 0.83868
    outer loop
      vertex -49.9305 -16.2234 20.4931
      vertex -51.1828 -16.6303 19.6392
      vertex -49.1641 -21.8893 19.6392
    endloop
  endfacet
  facet normal -0.404511 -0.793902 0.453971
    outer loop
      vertex -28.9952 -50.2211 15.0103
      vertex -29.3516 -50.8384 13.6132
      vertex -23.5868 -52.9768 15.0103
    endloop
  endfacet
  facet normal -0.456776 -0.703381 0.54462
    outer loop
      vertex -33.5833 -46.2234 16.3253
      vertex -34.0859 -46.9152 15.0103
      vertex -28.5676 -49.4806 16.3253
    endloop
  endfacet
  facet normal -0.66014 -0.66014 0.358371
    outer loop
      vertex -44.0431 -39.6566 12.1495
      vertex -39.2801 -43.625 13.6132
      vertex -43.625 -39.2801 13.6132
    endloop
  endfacet
  facet normal -0.66014 -0.66014 0.358371
    outer loop
      vertex -39.2801 -43.625 13.6132
      vertex -44.0431 -39.6566 12.1495
      vertex -39.6566 -44.0431 12.1495
    endloop
  endfacet
  facet normal -0.352814 -0.692426 0.629339
    outer loop
      vertex -22.8371 -51.293 17.5438
      vertex -28.5676 -49.4806 16.3253
      vertex -23.239 -52.1957 16.3253
    endloop
  endfacet
  facet normal -0.300565 -0.782994 0.544593
    outer loop
      vertex -17.6558 -54.3389 16.3253
      vertex -23.239 -52.1957 16.3253
      vertex -17.92 -55.1521 15.0103
    endloop
  endfacet
  facet normal -0.385121 -0.593024 0.70711
    outer loop
      vertex -27.5185 -47.6634 18.6525
      vertex -32.3499 -44.5258 18.6525
      vertex -28.0736 -48.6249 17.5438
    endloop
  endfacet
  facet normal -0.285706 -0.560728 0.777146
    outer loop
      vertex -21.8893 -49.1641 19.6392
      vertex -27.5185 -47.6634 18.6525
      vertex -22.3855 -50.2788 18.6525
    endloop
  endfacet
  facet normal -0.162875 -0.607871 0.777152
    outer loop
      vertex -11.1891 -52.6408 19.6392
      vertex -17.0074 -52.3433 18.6525
      vertex -11.4428 -53.8343 18.6525
    endloop
  endfacet
  facet normal -0.162877 -0.60785 0.777167
    outer loop
      vertex -16.6303 -51.1828 19.6392
      vertex -17.0074 -52.3433 18.6525
      vertex -11.1891 -52.6408 19.6392
    endloop
  endfacet
  facet normal -0.0406946 -0.0329539 0.998628
    outer loop
      vertex -36.4058 -26.4503 22.5
      vertex -37.6742 -27.3719 22.4179
      vertex -33.4415 -30.1109 22.5
    endloop
  endfacet
  facet normal -0.217046 -0.140953 0.965931
    outer loop
      vertex -38.9288 -28.2834 22.1727
      vertex -41.672 -24.0593 22.1727
      vertex -40.1558 -29.1749 21.7669
    endloop
  endfacet
  facet normal -0.16287 -0.20113 0.96593
    outer loop
      vertex -32.1977 -35.7591 22.1727
      vertex -33.2125 -36.8862 21.7669
      vertex -28.2834 -38.9288 22.1727
    endloop
  endfacet
  facet normal -0.110581 -0.110581 0.987696
    outer loop
      vertex -34.6067 -31.16 22.4179
      vertex -32.1977 -35.7591 22.1727
      vertex -31.16 -34.6067 22.4179
    endloop
  endfacet
  facet normal -0.110581 -0.110581 0.987696
    outer loop
      vertex -32.1977 -35.7591 22.1727
      vertex -34.6067 -31.16 22.4179
      vertex -35.7591 -32.1977 22.1727
    endloop
  endfacet
  facet normal -0.0370263 -0.0370263 0.998628
    outer loop
      vertex -33.4415 -30.1109 22.5
      vertex -31.16 -34.6067 22.4179
      vertex -30.1109 -33.4415 22.5
    endloop
  endfacet
  facet normal -0.0370263 -0.0370263 0.998628
    outer loop
      vertex -31.16 -34.6067 22.4179
      vertex -33.4415 -30.1109 22.5
      vertex -34.6067 -31.16 22.4179
    endloop
  endfacet
  facet normal -0.247242 -0.485238 0.838698
    outer loop
      vertex -21.3537 -47.9611 20.4931
      vertex -26.25 -45.4663 20.4931
      vertex -21.8893 -49.1641 19.6392
    endloop
  endfacet
  facet normal -0.195172 -0.508451 0.83868
    outer loop
      vertex -16.2234 -49.9305 20.4931
      vertex -21.8893 -49.1641 19.6392
      vertex -16.6303 -51.1828 19.6392
    endloop
  endfacet
  facet normal -0.206127 -0.404546 0.890985
    outer loop
      vertex -25.5505 -44.2548 21.205
      vertex -26.25 -45.4663 20.4931
      vertex -20.7847 -46.6831 21.205
    endloop
  endfacet
  facet normal -0.247285 -0.380782 0.890986
    outer loop
      vertex -25.5505 -44.2548 21.205
      vertex -30.0364 -41.3416 21.205
      vertex -26.25 -45.4663 20.4931
    endloop
  endfacet
  facet normal -0.0927435 -0.241617 0.965929
    outer loop
      vertex -19.5716 -43.9586 22.1727
      vertex -20.1885 -45.3441 21.7669
      vertex -15.3381 -47.2059 21.7669
    endloop
  endfacet
  facet normal -0.117497 -0.230596 0.96593
    outer loop
      vertex -19.5716 -43.9586 22.1727
      vertex -24.8176 -42.9854 21.7669
      vertex -20.1885 -45.3441 21.7669
    endloop
  endfacet
  facet normal 0.7255 0.278487 0.62936
    outer loop
      vertex 54.3389 17.6558 16.3253
      vertex 51.293 22.8371 17.5438
      vertex 53.3991 17.3504 17.5438
    endloop
  endfacet
  facet normal 0.750634 0.201136 0.629358
    outer loop
      vertex 54.3389 17.6558 16.3253
      vertex 53.3991 17.3504 17.5438
      vertex 54.9202 11.6737 17.5438
    endloop
  endfacet
  facet normal -0.527805 -0.651776 -0.544619
    outer loop
      vertex -34.0859 -46.9152 -15.0103
      vertex -38.2309 -42.4598 -16.3253
      vertex -33.5833 -46.2234 -16.3253
    endloop
  endfacet
  facet normal -0.543901 -0.837515 -0.0523478
    outer loop
      vertex -29.9589 -51.8904 -9.08634
      vertex -35.2671 -48.541 -7.52056
      vertex -35.2188 -48.4745 -9.08634
    endloop
  endfacet
  facet normal -0.54952 -0.444989 -0.707115
    outer loop
      vertex -41.7255 -37.5698 -17.5438
      vertex -45.424 -33.0025 -17.5438
      vertex -44.5258 -32.3499 -18.6525
    endloop
  endfacet
  facet normal -0.549514 -0.444987 -0.707121
    outer loop
      vertex -41.7255 -37.5698 -17.5438
      vertex -44.5258 -32.3499 -18.6525
      vertex -40.9004 -36.8269 -18.6525
    endloop
  endfacet
  facet normal -0.423833 -0.83182 -0.358387
    outer loop
      vertex -24.1056 -54.142 -12.1495
      vertex -29.3516 -50.8384 -13.6132
      vertex -23.8767 -53.628 -13.6132
    endloop
  endfacet
  facet normal -0.621565 -0.767583 -0.15644
    outer loop
      vertex -35.2188 -48.4745 -9.08634
      vertex -40.0929 -44.5276 -9.08634
      vertex -35.0744 -48.2758 -10.635
    endloop
  endfacet
  facet normal -0.747266 -0.485267 -0.453994
    outer loop
      vertex -47.4919 -34.5049 -13.6132
      vertex -50.8384 -29.3516 -13.6132
      vertex -46.9152 -34.0859 -15.0103
    endloop
  endfacet
  facet normal -0.747272 -0.485278 -0.453972
    outer loop
      vertex -46.9152 -34.0859 -15.0103
      vertex -50.8384 -29.3516 -13.6132
      vertex -50.2211 -28.9952 -15.0103
    endloop
  endfacet
  facet normal -0.230596 -0.117497 -0.96593
    outer loop
      vertex -42.9854 -24.8176 -21.7669
      vertex -45.3441 -20.1885 -21.7669
      vertex -43.9586 -19.5716 -22.1727
    endloop
  endfacet
  facet normal -0.145995 -0.0560418 -0.987697
    outer loop
      vertex -42.5419 -18.9409 -22.4179
      vertex -45.7636 -14.8695 -22.1727
      vertex -44.2887 -14.3903 -22.4179
    endloop
  endfacet
  facet normal -0.121535 -0.0984156 -0.987696
    outer loop
      vertex -35.7591 -32.1977 -22.1727
      vertex -38.9288 -28.2834 -22.1727
      vertex -37.6742 -27.3719 -22.4179
    endloop
  endfacet
  facet normal -0.0370263 -0.0370263 -0.998628
    outer loop
      vertex -31.16 -34.6067 -22.4179
      vertex -33.4415 -30.1109 -22.5
      vertex -30.1109 -33.4415 -22.5
    endloop
  endfacet
  facet normal -0.0370263 -0.0370263 -0.998628
    outer loop
      vertex -33.4415 -30.1109 -22.5
      vertex -31.16 -34.6067 -22.4179
      vertex -34.6067 -31.16 -22.4179
    endloop
  endfacet
  facet normal -0.489088 -0.396055 -0.777131
    outer loop
      vertex -40.9004 -36.8269 -18.6525
      vertex -44.5258 -32.3499 -18.6525
      vertex -39.9937 -36.0105 -19.6392
    endloop
  endfacet
  facet normal -0.489078 -0.39604 -0.777145
    outer loop
      vertex -39.9937 -36.0105 -19.6392
      vertex -44.5258 -32.3499 -18.6525
      vertex -43.5387 -31.6327 -19.6392
    endloop
  endfacet
  facet normal -0.0984156 -0.121535 -0.987696
    outer loop
      vertex -28.2834 -38.9288 -22.1727
      vertex -32.1977 -35.7591 -22.1727
      vertex -27.3719 -37.6742 -22.4179
    endloop
  endfacet
  facet normal -0.0851741 -0.131155 -0.987696
    outer loop
      vertex -24.0593 -41.672 -22.1727
      vertex -28.2834 -38.9288 -22.1727
      vertex -27.3719 -37.6742 -22.4179
    endloop
  endfacet
  facet normal -0.247285 -0.380782 -0.890986
    outer loop
      vertex -26.25 -45.4663 -20.4931
      vertex -30.0364 -41.3416 -21.205
      vertex -25.5505 -44.2548 -21.205
    endloop
  endfacet
  facet normal -0.195185 -0.300557 -0.933578
    outer loop
      vertex -25.5505 -44.2548 -21.205
      vertex -30.0364 -41.3416 -21.205
      vertex -24.8176 -42.9854 -21.7669
    endloop
  endfacet
  facet normal -0.139343 0.0709983 -0.987696
    outer loop
      vertex -40.329 23.284 -22.4179
      vertex -42.5419 18.9409 -22.4179
      vertex -41.672 24.0593 -22.1727
    endloop
  endfacet
  facet normal -0.131158 0.0851776 -0.987696
    outer loop
      vertex -40.329 23.284 -22.4179
      vertex -41.672 24.0593 -22.1727
      vertex -37.6742 27.3719 -22.4179
    endloop
  endfacet
  facet normal -0.20113 0.16287 -0.96593
    outer loop
      vertex -35.7591 32.1977 -22.1727
      vertex -38.9288 28.2834 -22.1727
      vertex -36.8862 33.2125 -21.7669
    endloop
  endfacet
  facet normal -0.0370263 0.0370263 -0.998628
    outer loop
      vertex -33.4415 30.1109 -22.5
      vertex -31.16 34.6067 -22.4179
      vertex -30.1109 33.4415 -22.5
    endloop
  endfacet
  facet normal -0.0370263 0.0370263 -0.998628
    outer loop
      vertex -31.16 34.6067 -22.4179
      vertex -33.4415 30.1109 -22.5
      vertex -34.6067 31.16 -22.4179
    endloop
  endfacet
  facet normal -0.828331 0.131202 -0.544659
    outer loop
      vertex -55.8867 11.8791 -16.3253
      vertex -56.8223 5.97226 -16.3253
      vertex -56.7232 12.0569 -15.0103
    endloop
  endfacet
  facet normal -0.7255 0.278487 -0.62936
    outer loop
      vertex -53.3991 17.3504 -17.5438
      vertex -54.3389 17.6558 -16.3253
      vertex -51.293 22.8371 -17.5438
    endloop
  endfacet
  facet normal -0.0488827 -0.0187642 -0.998628
    outer loop
      vertex -42.5419 -18.9409 -22.4179
      vertex -44.2887 -14.3903 -22.4179
      vertex -41.1095 -18.3031 -22.5
    endloop
  endfacet
  facet normal -0.131155 -0.0851741 -0.987696
    outer loop
      vertex -38.9288 -28.2834 -22.1727
      vertex -41.672 -24.0593 -22.1727
      vertex -37.6742 -27.3719 -22.4179
    endloop
  endfacet
  facet normal -0.0466536 -0.023771 -0.998628
    outer loop
      vertex -40.329 -23.284 -22.4179
      vertex -42.5419 -18.9409 -22.4179
      vertex -38.9711 -22.5 -22.5
    endloop
  endfacet
  facet normal -0.0027403 -0.0522912 -0.998628
    outer loop
      vertex 0 -46.5679 -22.4179
      vertex -4.70378 -44.7535 -22.5
      vertex 0 -45 -22.5
    endloop
  endfacet
  facet normal -0.527791 -0.65177 -0.54464
    outer loop
      vertex -34.0859 -46.9152 -15.0103
      vertex -38.8031 -43.0953 -15.0103
      vertex -38.2309 -42.4598 -16.3253
    endloop
  endfacet
  facet normal -0.352816 -0.692448 -0.629314
    outer loop
      vertex -22.8371 -51.293 -17.5438
      vertex -28.5676 -49.4806 -16.3253
      vertex -28.0736 -48.6249 -17.5438
    endloop
  endfacet
  facet normal -0.285726 -0.352852 -0.890986
    outer loop
      vertex -30.0364 -41.3416 -21.205
      vertex -35.1294 -39.0151 -20.4931
      vertex -34.1933 -37.9755 -21.205
    endloop
  endfacet
  facet normal -0.445009 -0.445009 -0.777131
    outer loop
      vertex -36.8269 -40.9004 -18.6525
      vertex -39.9937 -36.0105 -19.6392
      vertex -36.0105 -39.9937 -19.6392
    endloop
  endfacet
  facet normal -0.445009 -0.445009 -0.777131
    outer loop
      vertex -39.9937 -36.0105 -19.6392
      vertex -36.8269 -40.9004 -18.6525
      vertex -40.9004 -36.8269 -18.6525
    endloop
  endfacet
  facet normal -0.922077 -0.146038 -0.358396
    outer loop
      vertex -57.4204 -12.2051 -13.6132
      vertex -58.9412 -6.19497 -12.1495
      vertex -58.3816 -6.13615 -13.6132
    endloop
  endfacet
  facet normal -0.860658 -0.230623 -0.453961
    outer loop
      vertex -55.83 -18.1403 -13.6132
      vertex -57.4204 -12.2051 -13.6132
      vertex -56.7232 -12.0569 -15.0103
    endloop
  endfacet
  facet normal -0.587497 -0.225514 -0.777168
    outer loop
      vertex -49.1641 -21.8893 -19.6392
      vertex -52.3433 -17.0074 -18.6525
      vertex -51.1828 -16.6303 -19.6392
    endloop
  endfacet
  facet normal -0.692426 -0.352814 -0.629339
    outer loop
      vertex -49.4806 -28.5676 -16.3253
      vertex -52.1957 -23.239 -16.3253
      vertex -51.293 -22.8371 -17.5438
    endloop
  endfacet
  facet normal -0.683045 -0.183018 -0.707075
    outer loop
      vertex -53.3991 -17.3504 -17.5438
      vertex -53.8343 -11.4428 -18.6525
      vertex -52.3433 -17.0074 -18.6525
    endloop
  endfacet
  facet normal -0.660174 -0.253412 -0.707073
    outer loop
      vertex -51.293 -22.8371 -17.5438
      vertex -53.3991 -17.3504 -17.5438
      vertex -52.3433 -17.0074 -18.6525
    endloop
  endfacet
  facet normal -0.776073 0.0406749 -0.62933
    outer loop
      vertex -56.1472 0 -17.5438
      vertex -57.1353 0 -16.3253
      vertex -55.8396 5.86898 -17.5438
    endloop
  endfacet
  facet normal -0.706144 0.0370098 -0.7071
    outer loop
      vertex -55.037 0 -18.6525
      vertex -56.1472 0 -17.5438
      vertex -55.8396 5.86898 -17.5438
    endloop
  endfacet
  facet normal -0.837534 0.0438964 -0.54462
    outer loop
      vertex -57.1353 0 -16.3253
      vertex -57.9904 0 -15.0103
      vertex -57.6727 6.06165 -15.0103
    endloop
  endfacet
  facet normal -0.837534 -0.0438964 -0.54462
    outer loop
      vertex -57.6727 -6.06165 -15.0103
      vertex -57.9904 0 -15.0103
      vertex -57.1353 0 -16.3253
    endloop
  endfacet
  facet normal -0.93229 -0.048862 -0.358396
    outer loop
      vertex -58.3816 -6.13615 -13.6132
      vertex -58.9412 -6.19497 -12.1495
      vertex -58.7032 0 -13.6132
    endloop
  endfacet
  facet normal -0.889793 -0.0466347 -0.453975
    outer loop
      vertex -58.3816 -6.13615 -13.6132
      vertex -58.7032 0 -13.6132
      vertex -57.6727 -6.06165 -15.0103
    endloop
  endfacet
  facet normal -0.954029 -0.255641 0.156452
    outer loop
      vertex -58.3682 -12.4066 10.635
      vertex -58.6085 -12.4576 9.08634
      vertex -56.9852 -18.5156 9.08634
    endloop
  endfacet
  facet normal -0.975525 -0.154507 0.156457
    outer loop
      vertex -58.3682 -12.4066 10.635
      vertex -59.5896 -6.26312 9.08634
      vertex -58.6085 -12.4576 9.08634
    endloop
  endfacet
  facet normal -0.560728 -0.285706 -0.777146
    outer loop
      vertex -47.6634 -27.5185 -18.6525
      vertex -50.2788 -22.3855 -18.6525
      vertex -49.1641 -21.8893 -19.6392
    endloop
  endfacet
  facet normal -0.593024 -0.385121 -0.70711
    outer loop
      vertex -44.5258 -32.3499 -18.6525
      vertex -48.6249 -28.0736 -17.5438
      vertex -47.6634 -27.5185 -18.6525
    endloop
  endfacet
  facet normal -0.83182 -0.423833 -0.358387
    outer loop
      vertex -50.8384 -29.3516 -13.6132
      vertex -54.142 -24.1056 -12.1495
      vertex -53.628 -23.8767 -13.6132
    endloop
  endfacet
  facet normal -0.871567 -0.334563 -0.358384
    outer loop
      vertex -54.142 -24.1056 -12.1495
      vertex -55.83 -18.1403 -13.6132
      vertex -53.628 -23.8767 -13.6132
    endloop
  endfacet
  facet normal -0.793902 -0.404511 -0.453971
    outer loop
      vertex -50.8384 -29.3516 -13.6132
      vertex -52.9768 -23.5868 -15.0103
      vertex -50.2211 -28.9952 -15.0103
    endloop
  endfacet
  facet normal -0.747276 -0.380754 -0.544615
    outer loop
      vertex -50.2211 -28.9952 -15.0103
      vertex -52.9768 -23.5868 -15.0103
      vertex -49.4806 -28.5676 -16.3253
    endloop
  endfacet
  facet normal -0.346148 -0.0927516 -0.933584
    outer loop
      vertex -47.2059 -15.3381 -21.7669
      vertex -48.6 -15.7911 -21.205
      vertex -48.5506 -10.3197 -21.7669
    endloop
  endfacet
  facet normal -0.250004 -0.0669896 -0.965925
    outer loop
      vertex -47.2059 -15.3381 -21.7669
      vertex -48.5506 -10.3197 -21.7669
      vertex -45.7636 -14.8695 -22.1727
    endloop
  endfacet
  facet normal -0.485238 -0.247242 -0.838698
    outer loop
      vertex -45.4663 -26.25 -20.4931
      vertex -49.1641 -21.8893 -19.6392
      vertex -47.9611 -21.3537 -20.4931
    endloop
  endfacet
  facet normal -0.526038 -0.140944 -0.8387
    outer loop
      vertex -49.9305 -16.2234 -20.4931
      vertex -52.6408 -11.1891 -19.6392
      vertex -51.3527 -10.9154 -20.4931
    endloop
  endfacet
  facet normal -0.423244 -0.342732 -0.838689
    outer loop
      vertex -39.0151 -35.1294 -20.4931
      vertex -43.5387 -31.6327 -19.6392
      vertex -42.4734 -30.8587 -20.4931
    endloop
  endfacet
  facet normal -0.352842 -0.285722 -0.890991
    outer loop
      vertex -39.0151 -35.1294 -20.4931
      vertex -42.4734 -30.8587 -20.4931
      vertex -41.3416 -30.0364 -21.205
    endloop
  endfacet
  facet normal -0.526099 -0.810096 0.258773
    outer loop
      vertex -34.8356 -47.9471 12.1495
      vertex -35.0744 -48.2758 10.635
      vertex -29.8361 -51.6777 10.635
    endloop
  endfacet
  facet normal -0.607888 -0.750673 0.258772
    outer loop
      vertex -34.8356 -47.9471 12.1495
      vertex -39.6566 -44.0431 12.1495
      vertex -35.0744 -48.2758 10.635
    endloop
  endfacet
  facet normal -0.628457 -0.776083 -0.0523196
    outer loop
      vertex -35.2671 -48.541 -7.52056
      vertex -40.1478 -44.5887 -7.52056
      vertex -40.0929 -44.5276 -9.08634
    endloop
  endfacet
  facet normal -0.767583 -0.621565 -0.15644
    outer loop
      vertex -44.5276 -40.0929 -9.08634
      vertex -48.4745 -35.2188 -9.08634
      vertex -48.2758 -35.0744 -10.635
    endloop
  endfacet
  facet normal -0.725526 -0.587523 -0.358369
    outer loop
      vertex -44.0431 -39.6566 -12.1495
      vertex -47.4919 -34.5049 -13.6132
      vertex -43.625 -39.2801 -13.6132
    endloop
  endfacet
  facet normal -0.810096 -0.526099 -0.258773
    outer loop
      vertex -48.2758 -35.0744 -10.635
      vertex -51.6777 -29.8361 -10.635
      vertex -47.9471 -34.8356 -12.1495
    endloop
  endfacet
  facet normal -0.692444 -0.560733 0.453981
    outer loop
      vertex -43.0953 -38.8031 15.0103
      vertex -47.4919 -34.5049 13.6132
      vertex -43.625 -39.2801 13.6132
    endloop
  endfacet
  facet normal -0.793902 -0.404511 0.453971
    outer loop
      vertex -50.2211 -28.9952 15.0103
      vertex -52.9768 -23.5868 15.0103
      vertex -50.8384 -29.3516 13.6132
    endloop
  endfacet
  facet normal -0.810096 -0.526099 0.258773
    outer loop
      vertex -47.9471 -34.8356 12.1495
      vertex -51.6777 -29.8361 10.635
      vertex -48.2758 -35.0744 10.635
    endloop
  endfacet
  facet normal -0.837515 -0.543901 0.0523478
    outer loop
      vertex -48.4745 -35.2188 9.08634
      vertex -51.8904 -29.9589 9.08634
      vertex -48.541 -35.2671 7.52056
    endloop
  endfacet
  facet normal -0.828339 -0.537947 0.156424
    outer loop
      vertex -51.6777 -29.8361 10.635
      vertex -51.8904 -29.9589 9.08634
      vertex -48.2758 -35.0744 10.635
    endloop
  endfacet
  facet normal -0.810089 -0.526067 0.258863
    outer loop
      vertex -51.3257 -29.6329 12.1495
      vertex -51.6777 -29.8361 10.635
      vertex -47.9471 -34.8356 12.1495
    endloop
  endfacet
  facet normal -0.698413 -0.11062 0.707094
    outer loop
      vertex -54.7355 -5.75293 18.6525
      vertex -55.8396 -5.86898 17.5438
      vertex -54.9202 -11.6737 17.5438
    endloop
  endfacet
  facet normal -0.70615 -0.037008 0.707094
    outer loop
      vertex -55.037 0 18.6525
      vertex -55.8396 -5.86898 17.5438
      vertex -54.7355 -5.75293 18.6525
    endloop
  endfacet
  facet normal -0.747287 0.380768 0.544591
    outer loop
      vertex -49.4806 28.5676 16.3253
      vertex -52.9768 23.5868 15.0103
      vertex -52.1957 23.239 16.3253
    endloop
  endfacet
  facet normal -0.782996 0.300567 0.544589
    outer loop
      vertex -52.9768 23.5868 15.0103
      vertex -55.1521 17.92 15.0103
      vertex -52.1957 23.239 16.3253
    endloop
  endfacet
  facet normal -0.964608 0.0505545 0.258795
    outer loop
      vertex -59.3453 6.23744 10.635
      vertex -59.6722 0 10.635
      vertex -58.9412 6.19497 12.1495
    endloop
  endfacet
  facet normal -0.997262 0.0522664 0.0523223
    outer loop
      vertex -59.6713 6.27171 7.52056
      vertex -60 0 7.52056
      vertex -59.5896 6.26312 9.08634
    endloop
  endfacet
  facet normal -0.998629 -0.0523381 0
    outer loop
      vertex -59.6713 -6.27171 -7.52056
      vertex -60 0 7.52056
      vertex -60 0 -7.52056
    endloop
  endfacet
  facet normal -0.998629 -0.0523381 0
    outer loop
      vertex -60 0 7.52056
      vertex -59.6713 -6.27171 -7.52056
      vertex -59.6713 -6.27171 7.52056
    endloop
  endfacet
  facet normal -0.997262 -0.0522664 -0.0523223
    outer loop
      vertex -59.6713 -6.27171 -7.52056
      vertex -60 0 -7.52056
      vertex -59.5896 -6.26312 -9.08634
    endloop
  endfacet
  facet normal -0.95404 -0.151105 -0.258795
    outer loop
      vertex -58.3682 -12.4066 -10.635
      vertex -59.3453 -6.23744 -10.635
      vertex -58.9412 -6.19497 -12.1495
    endloop
  endfacet
  facet normal -0.975526 -0.154508 -0.156451
    outer loop
      vertex -58.3682 -12.4066 -10.635
      vertex -59.5896 -6.26312 -9.08634
      vertex -59.3453 -6.23744 -10.635
    endloop
  endfacet
  facet normal -0.889793 0.0466347 -0.453975
    outer loop
      vertex -57.6727 6.06165 -15.0103
      vertex -58.7032 0 -13.6132
      vertex -58.3816 6.13615 -13.6132
    endloop
  endfacet
  facet normal -0.93229 0.048862 -0.358396
    outer loop
      vertex -58.7032 0 -13.6132
      vertex -58.9412 6.19497 -12.1495
      vertex -58.3816 6.13615 -13.6132
    endloop
  endfacet
  facet normal -0.901779 0.346175 0.25876
    outer loop
      vertex -54.142 24.1056 12.1495
      vertex -56.7516 18.4397 10.635
      vertex -56.3652 18.3142 12.1495
    endloop
  endfacet
  facet normal -0.954029 0.255641 0.156452
    outer loop
      vertex -56.9852 18.5156 9.08634
      vertex -58.6085 12.4576 9.08634
      vertex -58.3682 12.4066 10.635
    endloop
  endfacet
  facet normal -0.95404 0.151105 0.258795
    outer loop
      vertex -58.3682 12.4066 10.635
      vertex -59.3453 6.23744 10.635
      vertex -58.9412 6.19497 12.1495
    endloop
  endfacet
  facet normal -0.95403 0.151112 0.258829
    outer loop
      vertex -58.3682 12.4066 10.635
      vertex -58.9412 6.19497 12.1495
      vertex -57.9707 12.3221 12.1495
    endloop
  endfacet
  facet normal -0.975525 0.154507 -0.156457
    outer loop
      vertex -58.3682 12.4066 -10.635
      vertex -59.5896 6.26312 -9.08634
      vertex -58.6085 12.4576 -9.08634
    endloop
  endfacet
  facet normal -0.986332 0.051693 -0.15645
    outer loop
      vertex -59.3453 6.23744 -10.635
      vertex -59.6722 0 -10.635
      vertex -59.5896 6.26312 -9.08634
    endloop
  endfacet
  facet normal -0.353943 0.92209 -0.156442
    outer loop
      vertex -24.2709 54.5133 -10.635
      vertex -24.3708 54.7377 -9.08634
      vertex -18.4397 56.7516 -10.635
    endloop
  endfacet
  facet normal -0.346141 0.901764 -0.258859
    outer loop
      vertex -24.1056 54.142 -12.1495
      vertex -24.2709 54.5133 -10.635
      vertex -18.4397 56.7516 -10.635
    endloop
  endfacet
  facet normal -0.247242 0.485238 -0.838698
    outer loop
      vertex -21.3537 47.9611 -20.4931
      vertex -26.25 45.4663 -20.4931
      vertex -21.8893 49.1641 -19.6392
    endloop
  endfacet
  facet normal -0.195171 0.508422 -0.838699
    outer loop
      vertex -21.3537 47.9611 -20.4931
      vertex -21.8893 49.1641 -19.6392
      vertex -16.2234 49.9305 -20.4931
    endloop
  endfacet
  facet normal -0.206127 0.404546 -0.890985
    outer loop
      vertex -25.5505 44.2548 -21.205
      vertex -26.25 45.4663 -20.4931
      vertex -20.7847 46.6831 -21.205
    endloop
  endfacet
  facet normal -0.162698 0.319313 -0.933578
    outer loop
      vertex -24.8176 42.9854 -21.7669
      vertex -25.5505 44.2548 -21.205
      vertex -20.7847 46.6831 -21.205
    endloop
  endfacet
  facet normal -0.0851776 0.131158 -0.987696
    outer loop
      vertex -23.284 40.329 -22.4179
      vertex -27.3719 37.6742 -22.4179
      vertex -24.0593 41.672 -22.1727
    endloop
  endfacet
  facet normal -0.0984156 0.121535 -0.987696
    outer loop
      vertex -27.3719 37.6742 -22.4179
      vertex -32.1977 35.7591 -22.1727
      vertex -28.2834 38.9288 -22.1727
    endloop
  endfacet
  facet normal 0.2785 0.725513 -0.629339
    outer loop
      vertex 22.8371 51.293 -17.5438
      vertex 17.6558 54.3389 -16.3253
      vertex 23.239 52.1957 -16.3253
    endloop
  endfacet
  facet normal 0.300565 0.782994 -0.544593
    outer loop
      vertex 23.239 52.1957 -16.3253
      vertex 17.6558 54.3389 -16.3253
      vertex 17.92 55.1521 -15.0103
    endloop
  endfacet
  facet normal 0.0081844 0.156167 -0.987697
    outer loop
      vertex 4.86767 46.3128 -22.4179
      vertex 0 48.1187 -22.1727
      vertex 5.02977 47.8551 -22.1727
    endloop
  endfacet
  facet normal 0.0135451 0.258456 -0.965928
    outer loop
      vertex 5.02977 47.8551 -22.1727
      vertex 0 48.1187 -22.1727
      vertex 0 49.6353 -21.7669
    endloop
  endfacet
  facet normal 0.110581 0.110581 -0.987696
    outer loop
      vertex 34.6067 31.16 -22.4179
      vertex 32.1977 35.7591 -22.1727
      vertex 35.7591 32.1977 -22.1727
    endloop
  endfacet
  facet normal 0.110581 0.110581 -0.987696
    outer loop
      vertex 32.1977 35.7591 -22.1727
      vertex 34.6067 31.16 -22.4179
      vertex 31.16 34.6067 -22.4179
    endloop
  endfacet
  facet normal 0.162698 0.319313 -0.933578
    outer loop
      vertex 24.8176 42.9854 -21.7669
      vertex 20.7847 46.6831 -21.205
      vertex 25.5505 44.2548 -21.205
    endloop
  endfacet
  facet normal 0.195185 0.300557 -0.933578
    outer loop
      vertex 30.0364 41.3416 -21.205
      vertex 24.8176 42.9854 -21.7669
      vertex 25.5505 44.2548 -21.205
    endloop
  endfacet
  facet normal -0.448458 0.0710251 -0.890977
    outer loop
      vertex -50.8211 5.34151 -21.205
      vertex -51.3527 10.9154 -20.4931
      vertex -49.9844 10.6245 -21.205
    endloop
  endfacet
  facet normal -0.448435 0.0710288 -0.890989
    outer loop
      vertex -50.8211 5.34151 -21.205
      vertex -52.2124 5.48774 -20.4931
      vertex -51.3527 10.9154 -20.4931
    endloop
  endfacet
  facet normal -0.255638 0.0404874 -0.965924
    outer loop
      vertex -47.8551 5.02977 -22.1727
      vertex -49.3633 5.1883 -21.7669
      vertex -48.5506 10.3197 -21.7669
    endloop
  endfacet
  facet normal -0.25847 0.0135504 -0.965924
    outer loop
      vertex -47.8551 5.02977 -22.1727
      vertex -49.6353 0 -21.7669
      vertex -49.3633 5.1883 -21.7669
    endloop
  endfacet
  facet normal -0.621561 -0.098445 -0.777156
    outer loop
      vertex -52.6408 -11.1891 -19.6392
      vertex -54.7355 -5.75293 -18.6525
      vertex -53.522 -5.62539 -19.6392
    endloop
  endfacet
  facet normal -0.628446 -0.0329339 -0.777156
    outer loop
      vertex -53.522 -5.62539 -19.6392
      vertex -54.7355 -5.75293 -18.6525
      vertex -53.8168 0 -19.6392
    endloop
  endfacet
  facet normal -0.154458 -0.0244631 -0.987697
    outer loop
      vertex -45.5503 -9.68202 -22.4179
      vertex -47.0672 -10.0044 -22.1727
      vertex -46.3128 -4.86767 -22.4179
    endloop
  endfacet
  facet normal -0.0517163 -0.00819086 -0.998628
    outer loop
      vertex -45.5503 -9.68202 -22.4179
      vertex -46.3128 -4.86767 -22.4179
      vertex -44.0166 -9.35603 -22.5
    endloop
  endfacet
  facet normal -0.357872 -0.0187595 -0.933582
    outer loop
      vertex -50.8211 -5.34151 -21.205
      vertex -51.1011 0 -21.205
      vertex -49.3633 -5.1883 -21.7669
    endloop
  endfacet
  facet normal -0.357879 -0.018762 -0.93358
    outer loop
      vertex -49.3633 -5.1883 -21.7669
      vertex -51.1011 0 -21.205
      vertex -49.6353 0 -21.7669
    endloop
  endfacet
  facet normal -0.154456 -0.0244633 -0.987697
    outer loop
      vertex -47.0672 -10.0044 -22.1727
      vertex -47.8551 -5.02977 -22.1727
      vertex -46.3128 -4.86767 -22.4179
    endloop
  endfacet
  facet normal -0.258456 -0.0135451 -0.965928
    outer loop
      vertex -47.8551 -5.02977 -22.1727
      vertex -49.6353 0 -21.7669
      vertex -48.1187 0 -22.1727
    endloop
  endfacet
  facet normal -0.0522916 -0.00274044 -0.998628
    outer loop
      vertex -46.3128 -4.86767 -22.4179
      vertex -46.5679 0 -22.4179
      vertex -44.7535 -4.70378 -22.5
    endloop
  endfacet
  facet normal -0.0517186 -0.00819204 -0.998628
    outer loop
      vertex -44.0166 -9.35603 -22.5
      vertex -46.3128 -4.86767 -22.4179
      vertex -44.7535 -4.70378 -22.5
    endloop
  endfacet
  facet normal -0.0135522 0.0505776 0.998628
    outer loop
      vertex -9.35603 44.0166 22.5
      vertex -14.3903 44.2887 22.4179
      vertex -13.9058 42.7975 22.5
    endloop
  endfacet
  facet normal -0.0404751 0.151053 0.987697
    outer loop
      vertex -9.68202 45.5503 22.4179
      vertex -14.8695 45.7636 22.1727
      vertex -14.3903 44.2887 22.4179
    endloop
  endfacet
  facet normal -0.206127 0.404546 0.890985
    outer loop
      vertex -20.7847 46.6831 21.205
      vertex -26.25 45.4663 20.4931
      vertex -25.5505 44.2548 21.205
    endloop
  endfacet
  facet normal -0.206126 0.404544 0.890986
    outer loop
      vertex -21.3537 47.9611 20.4931
      vertex -26.25 45.4663 20.4931
      vertex -20.7847 46.6831 21.205
    endloop
  endfacet
  facet normal -0.485244 0.247248 0.838693
    outer loop
      vertex -46.6067 26.9084 19.6392
      vertex -49.1641 21.8893 19.6392
      vertex -45.4663 26.25 20.4931
    endloop
  endfacet
  facet normal -0.630042 0.321023 0.707101
    outer loop
      vertex -47.6634 27.5185 18.6525
      vertex -51.293 22.8371 17.5438
      vertex -50.2788 22.3855 18.6525
    endloop
  endfacet
  facet normal -0.526038 0.140944 0.8387
    outer loop
      vertex -49.9305 16.2234 20.4931
      vertex -52.6408 11.1891 19.6392
      vertex -51.3527 10.9154 20.4931
    endloop
  endfacet
  facet normal -0.438555 0.117504 0.890989
    outer loop
      vertex -49.9305 16.2234 20.4931
      vertex -51.3527 10.9154 20.4931
      vertex -48.6 15.7911 21.205
    endloop
  endfacet
  facet normal -0.300572 0.19519 0.933572
    outer loop
      vertex -41.3416 30.0364 21.205
      vertex -42.9854 24.8176 21.7669
      vertex -40.1558 29.1749 21.7669
    endloop
  endfacet
  facet normal -0.319321 0.162706 0.933574
    outer loop
      vertex -42.9854 24.8176 21.7669
      vertex -46.6831 20.7847 21.205
      vertex -45.3441 20.1885 21.7669
    endloop
  endfacet
  facet normal -0.300557 0.195185 0.933578
    outer loop
      vertex -41.3416 30.0364 21.205
      vertex -44.2548 25.5505 21.205
      vertex -42.9854 24.8176 21.7669
    endloop
  endfacet
  facet normal -0.352842 0.285722 0.890991
    outer loop
      vertex -39.0151 35.1294 20.4931
      vertex -42.4734 30.8587 20.4931
      vertex -41.3416 30.0364 21.205
    endloop
  endfacet
  facet normal -0.703381 0.456776 0.54462
    outer loop
      vertex -46.9152 34.0859 15.0103
      vertex -49.4806 28.5676 16.3253
      vertex -46.2234 33.5833 16.3253
    endloop
  endfacet
  facet normal -0.651776 0.527805 0.544619
    outer loop
      vertex -42.4598 38.2309 16.3253
      vertex -46.9152 34.0859 15.0103
      vertex -46.2234 33.5833 16.3253
    endloop
  endfacet
  facet normal -0.0329539 0.0406946 0.998628
    outer loop
      vertex -27.3719 37.6742 22.4179
      vertex -30.1109 33.4415 22.5
      vertex -26.4503 36.4058 22.5
    endloop
  endfacet
  facet normal -0.140953 0.217046 0.965931
    outer loop
      vertex -24.0593 41.672 22.1727
      vertex -29.1749 40.1558 21.7669
      vertex -28.2834 38.9288 22.1727
    endloop
  endfacet
  facet normal -0.253412 0.660174 0.707073
    outer loop
      vertex -17.3504 53.3991 17.5438
      vertex -22.8371 51.293 17.5438
      vertex -17.0074 52.3433 18.6525
    endloop
  endfacet
  facet normal -0.2785 0.725513 0.629339
    outer loop
      vertex -17.6558 54.3389 16.3253
      vertex -23.239 52.1957 16.3253
      vertex -22.8371 51.293 17.5438
    endloop
  endfacet
  facet normal -0.225514 0.587497 0.777168
    outer loop
      vertex -17.0074 52.3433 18.6525
      vertex -21.8893 49.1641 19.6392
      vertex -16.6303 51.1828 19.6392
    endloop
  endfacet
  facet normal -0.247242 0.485238 0.838698
    outer loop
      vertex -21.8893 49.1641 19.6392
      vertex -26.25 45.4663 20.4931
      vertex -21.3537 47.9611 20.4931
    endloop
  endfacet
  facet normal -0.183018 0.683045 0.707075
    outer loop
      vertex -11.4428 53.8343 18.6525
      vertex -17.3504 53.3991 17.5438
      vertex -17.0074 52.3433 18.6525
    endloop
  endfacet
  facet normal -0.18302 0.683024 0.707094
    outer loop
      vertex -11.6737 54.9202 17.5438
      vertex -17.3504 53.3991 17.5438
      vertex -11.4428 53.8343 18.6525
    endloop
  endfacet
  facet normal -0.321047 0.321047 0.890987
    outer loop
      vertex -35.1294 39.0151 20.4931
      vertex -37.9755 34.1933 21.205
      vertex -34.1933 37.9755 21.205
    endloop
  endfacet
  facet normal -0.321047 0.321047 0.890987
    outer loop
      vertex -37.9755 34.1933 21.205
      vertex -35.1294 39.0151 20.4931
      vertex -39.0151 35.1294 20.4931
    endloop
  endfacet
  facet normal -0.342727 0.423241 0.838693
    outer loop
      vertex -31.6327 43.5387 19.6392
      vertex -36.0105 39.9937 19.6392
      vertex -35.1294 39.0151 20.4931
    endloop
  endfacet
  facet normal -0.342732 0.423244 0.838689
    outer loop
      vertex -31.6327 43.5387 19.6392
      vertex -35.1294 39.0151 20.4931
      vertex -30.8587 42.4734 20.4931
    endloop
  endfacet
  facet normal -0.603962 0.489076 0.629313
    outer loop
      vertex -42.4598 38.2309 16.3253
      vertex -45.424 33.0025 17.5438
      vertex -41.7255 37.5698 17.5438
    endloop
  endfacet
  facet normal -0.54952 0.444989 0.707115
    outer loop
      vertex -41.7255 37.5698 17.5438
      vertex -45.424 33.0025 17.5438
      vertex -44.5258 32.3499 18.6525
    endloop
  endfacet
  facet normal -0.587523 0.725524 0.358374
    outer loop
      vertex -34.8356 47.9471 12.1495
      vertex -39.6566 44.0431 12.1495
      vertex -34.5049 47.4919 13.6132
    endloop
  endfacet
  facet normal -0.587523 0.725526 0.358369
    outer loop
      vertex -34.5049 47.4919 13.6132
      vertex -39.6566 44.0431 12.1495
      vertex -39.2801 43.625 13.6132
    endloop
  endfacet
  facet normal -0.48907 0.603944 0.629335
    outer loop
      vertex -33.5833 46.2234 16.3253
      vertex -38.2309 42.4598 16.3253
      vertex -33.0025 45.424 17.5438
    endloop
  endfacet
  facet normal -0.385121 0.593024 0.70711
    outer loop
      vertex -28.0736 48.6249 17.5438
      vertex -32.3499 44.5258 18.6525
      vertex -27.5185 47.6634 18.6525
    endloop
  endfacet
  facet normal -0.456776 0.703382 0.544618
    outer loop
      vertex -28.9952 50.2211 15.0103
      vertex -34.0859 46.9152 15.0103
      vertex -28.5676 49.4806 16.3253
    endloop
  endfacet
  facet normal -0.380754 0.747276 0.544615
    outer loop
      vertex -23.5868 52.9768 15.0103
      vertex -28.9952 50.2211 15.0103
      vertex -28.5676 49.4806 16.3253
    endloop
  endfacet
  facet normal -0.692442 0.560726 0.453994
    outer loop
      vertex -43.0953 38.8031 15.0103
      vertex -47.4919 34.5049 13.6132
      vertex -46.9152 34.0859 15.0103
    endloop
  endfacet
  facet normal -0.66014 0.66014 0.358371
    outer loop
      vertex -44.0431 39.6566 12.1495
      vertex -39.2801 43.625 13.6132
      vertex -39.6566 44.0431 12.1495
    endloop
  endfacet
  facet normal -0.66014 0.66014 0.358371
    outer loop
      vertex -39.2801 43.625 13.6132
      vertex -44.0431 39.6566 12.1495
      vertex -43.625 39.2801 13.6132
    endloop
  endfacet
  facet normal -0.0285203 -0.043916 0.998628
    outer loop
      vertex -26.4503 -36.4058 22.5
      vertex -27.3719 -37.6742 22.4179
      vertex -23.284 -40.329 22.4179
    endloop
  endfacet
  facet normal -0.352816 -0.692448 0.629314
    outer loop
      vertex -28.0736 -48.6249 17.5438
      vertex -28.5676 -49.4806 16.3253
      vertex -22.8371 -51.293 17.5438
    endloop
  endfacet
  facet normal -0.342751 -0.527781 0.777155
    outer loop
      vertex -26.9084 -46.6067 19.6392
      vertex -32.3499 -44.5258 18.6525
      vertex -27.5185 -47.6634 18.6525
    endloop
  endfacet
  facet normal -0.527791 -0.65177 0.54464
    outer loop
      vertex -38.2309 -42.4598 16.3253
      vertex -38.8031 -43.0953 15.0103
      vertex -34.0859 -46.9152 15.0103
    endloop
  endfacet
  facet normal -0.527805 -0.651776 0.544619
    outer loop
      vertex -33.5833 -46.2234 16.3253
      vertex -38.2309 -42.4598 16.3253
      vertex -34.0859 -46.9152 15.0103
    endloop
  endfacet
  facet normal -0.456776 -0.703382 0.544618
    outer loop
      vertex -28.5676 -49.4806 16.3253
      vertex -34.0859 -46.9152 15.0103
      vertex -28.9952 -50.2211 15.0103
    endloop
  endfacet
  facet normal -0.485278 -0.747272 0.453972
    outer loop
      vertex -28.9952 -50.2211 15.0103
      vertex -34.0859 -46.9152 15.0103
      vertex -29.3516 -50.8384 13.6132
    endloop
  endfacet
  facet normal -0.2785 -0.725513 0.629339
    outer loop
      vertex -22.8371 -51.293 17.5438
      vertex -23.239 -52.1957 16.3253
      vertex -17.6558 -54.3389 16.3253
    endloop
  endfacet
  facet normal -0.278487 -0.7255 0.62936
    outer loop
      vertex -17.3504 -53.3991 17.5438
      vertex -22.8371 -51.293 17.5438
      vertex -17.6558 -54.3389 16.3253
    endloop
  endfacet
  facet normal -0.0984158 -0.121535 0.987696
    outer loop
      vertex -31.16 -34.6067 22.4179
      vertex -32.1977 -35.7591 22.1727
      vertex -27.3719 -37.6742 22.4179
    endloop
  endfacet
  facet normal -0.043916 -0.0285203 0.998628
    outer loop
      vertex -36.4058 -26.4503 22.5
      vertex -40.329 -23.284 22.4179
      vertex -37.6742 -27.3719 22.4179
    endloop
  endfacet
  facet normal -0.131158 -0.0851776 0.987696
    outer loop
      vertex -40.329 -23.284 22.4179
      vertex -41.672 -24.0593 22.1727
      vertex -37.6742 -27.3719 22.4179
    endloop
  endfacet
  facet normal -0.117504 -0.438555 0.890989
    outer loop
      vertex -15.7911 -48.6 21.205
      vertex -16.2234 -49.9305 20.4931
      vertex -10.9154 -51.3527 20.4931
    endloop
  endfacet
  facet normal -0.117517 -0.438575 0.890978
    outer loop
      vertex -10.6245 -49.9844 21.205
      vertex -15.7911 -48.6 21.205
      vertex -10.9154 -51.3527 20.4931
    endloop
  endfacet
  facet normal -0.247276 -0.380775 0.890991
    outer loop
      vertex -30.0364 -41.3416 21.205
      vertex -30.8587 -42.4734 20.4931
      vertex -26.25 -45.4663 20.4931
    endloop
  endfacet
  facet normal -0.285722 -0.352842 0.890991
    outer loop
      vertex -30.0364 -41.3416 21.205
      vertex -35.1294 -39.0151 20.4931
      vertex -30.8587 -42.4734 20.4931
    endloop
  endfacet
  facet normal -0.162712 -0.423867 0.890989
    outer loop
      vertex -15.7911 -48.6 21.205
      vertex -21.3537 -47.9611 20.4931
      vertex -16.2234 -49.9305 20.4931
    endloop
  endfacet
  facet normal -0.162713 -0.423873 0.890986
    outer loop
      vertex -20.7847 -46.6831 21.205
      vertex -21.3537 -47.9611 20.4931
      vertex -15.7911 -48.6 21.205
    endloop
  endfacet
  facet normal -0.438516 -0.860635 -0.258864
    outer loop
      vertex -24.1056 -54.142 -12.1495
      vertex -29.8361 -51.6777 -10.635
      vertex -29.6329 -51.3257 -12.1495
    endloop
  endfacet
  facet normal -0.438515 -0.860637 -0.258859
    outer loop
      vertex -24.2709 -54.5133 -10.635
      vertex -29.8361 -51.6777 -10.635
      vertex -24.1056 -54.142 -12.1495
    endloop
  endfacet
  facet normal -0.60787 -0.750671 -0.25882
    outer loop
      vertex -35.0744 -48.2758 -10.635
      vertex -39.9285 -44.3451 -10.635
      vertex -39.6566 -44.0431 -12.1495
    endloop
  endfacet
  facet normal -0.725524 -0.587523 -0.358374
    outer loop
      vertex -44.0431 -39.6566 -12.1495
      vertex -47.9471 -34.8356 -12.1495
      vertex -47.4919 -34.5049 -13.6132
    endloop
  endfacet
  facet normal -0.549531 -0.549531 -0.629311
    outer loop
      vertex -38.2309 -42.4598 -16.3253
      vertex -41.7255 -37.5698 -17.5438
      vertex -37.5698 -41.7255 -17.5438
    endloop
  endfacet
  facet normal -0.549531 -0.549531 -0.629311
    outer loop
      vertex -41.7255 -37.5698 -17.5438
      vertex -38.2309 -42.4598 -16.3253
      vertex -42.4598 -38.2309 -16.3253
    endloop
  endfacet
  facet normal -0.651776 -0.527805 -0.544619
    outer loop
      vertex -42.4598 -38.2309 -16.3253
      vertex -46.9152 -34.0859 -15.0103
      vertex -46.2234 -33.5833 -16.3253
    endloop
  endfacet
  facet normal -0.703381 -0.456776 -0.54462
    outer loop
      vertex -46.9152 -34.0859 -15.0103
      vertex -49.4806 -28.5676 -16.3253
      vertex -46.2234 -33.5833 -16.3253
    endloop
  endfacet
  facet normal -0.217059 -0.140957 -0.965928
    outer loop
      vertex -40.1558 -29.1749 -21.7669
      vertex -42.9854 -24.8176 -21.7669
      vertex -41.672 -24.0593 -22.1727
    endloop
  endfacet
  facet normal -0.217046 -0.140953 -0.965931
    outer loop
      vertex -40.1558 -29.1749 -21.7669
      vertex -41.672 -24.0593 -22.1727
      vertex -38.9288 -28.2834 -22.1727
    endloop
  endfacet
  facet normal -0.33458 -0.128436 -0.933574
    outer loop
      vertex -46.6831 -20.7847 -21.205
      vertex -48.6 -15.7911 -21.205
      vertex -45.3441 -20.1885 -21.7669
    endloop
  endfacet
  facet normal -0.319313 -0.162698 -0.933578
    outer loop
      vertex -44.2548 -25.5505 -21.205
      vertex -46.6831 -20.7847 -21.205
      vertex -42.9854 -24.8176 -21.7669
    endloop
  endfacet
  facet normal -0.0406939 -0.0329528 -0.998628
    outer loop
      vertex -34.6067 -31.16 -22.4179
      vertex -37.6742 -27.3719 -22.4179
      vertex -33.4415 -30.1109 -22.5
    endloop
  endfacet
  facet normal -0.162867 -0.201124 -0.965931
    outer loop
      vertex -29.1749 -40.1558 -21.7669
      vertex -33.2125 -36.8862 -21.7669
      vertex -28.2834 -38.9288 -22.1727
    endloop
  endfacet
  facet normal -0.140953 -0.217046 -0.965931
    outer loop
      vertex -24.0593 -41.672 -22.1727
      vertex -29.1749 -40.1558 -21.7669
      vertex -28.2834 -38.9288 -22.1727
    endloop
  endfacet
  facet normal -0.0466534 -0.0237708 -0.998628
    outer loop
      vertex -38.9711 -22.5 -22.5
      vertex -42.5419 -18.9409 -22.4179
      vertex -41.1095 -18.3031 -22.5
    endloop
  endfacet
  facet normal -0.0439134 -0.0285171 -0.998628
    outer loop
      vertex -36.4058 -26.4503 -22.5
      vertex -40.329 -23.284 -22.4179
      vertex -38.9711 -22.5 -22.5
    endloop
  endfacet
  facet normal -0.183003 0.183003 -0.965929
    outer loop
      vertex -35.7591 32.1977 -22.1727
      vertex -33.2125 36.8862 -21.7669
      vertex -32.1977 35.7591 -22.1727
    endloop
  endfacet
  facet normal -0.183003 0.183003 -0.965929
    outer loop
      vertex -33.2125 36.8862 -21.7669
      vertex -35.7591 32.1977 -22.1727
      vertex -36.8862 33.2125 -21.7669
    endloop
  endfacet
  facet normal -0.110581 0.110581 -0.987696
    outer loop
      vertex -34.6067 31.16 -22.4179
      vertex -32.1977 35.7591 -22.1727
      vertex -31.16 34.6067 -22.4179
    endloop
  endfacet
  facet normal -0.110581 0.110581 -0.987696
    outer loop
      vertex -32.1977 35.7591 -22.1727
      vertex -34.6067 31.16 -22.4179
      vertex -35.7591 32.1977 -22.1727
    endloop
  endfacet
  facet normal -0.810083 0.217052 -0.544659
    outer loop
      vertex -55.8867 11.8791 -16.3253
      vertex -56.7232 12.0569 -15.0103
      vertex -54.3389 17.6558 -16.3253
    endloop
  endfacet
  facet normal -0.810119 0.217083 -0.544594
    outer loop
      vertex -54.3389 17.6558 -16.3253
      vertex -56.7232 12.0569 -15.0103
      vertex -55.1521 17.92 -15.0103
    endloop
  endfacet
  facet normal -0.139341 -0.070998 -0.987696
    outer loop
      vertex -41.672 -24.0593 -22.1727
      vertex -43.9586 -19.5716 -22.1727
      vertex -42.5419 -18.9409 -22.4179
    endloop
  endfacet
  facet normal -0.145998 -0.0560445 -0.987696
    outer loop
      vertex -43.9586 -19.5716 -22.1727
      vertex -45.7636 -14.8695 -22.1727
      vertex -42.5419 -18.9409 -22.4179
    endloop
  endfacet
  facet normal -0.560726 -0.692442 -0.453994
    outer loop
      vertex -34.5049 -47.4919 -13.6132
      vertex -38.8031 -43.0953 -15.0103
      vertex -34.0859 -46.9152 -15.0103
    endloop
  endfacet
  facet normal -0.385121 -0.593024 -0.70711
    outer loop
      vertex -28.0736 -48.6249 -17.5438
      vertex -32.3499 -44.5258 -18.6525
      vertex -27.5185 -47.6634 -18.6525
    endloop
  endfacet
  facet normal -0.485278 -0.747272 -0.453972
    outer loop
      vertex -29.3516 -50.8384 -13.6132
      vertex -34.0859 -46.9152 -15.0103
      vertex -28.9952 -50.2211 -15.0103
    endloop
  endfacet
  facet normal -0.404511 -0.793898 -0.453979
    outer loop
      vertex -23.8767 -53.628 -13.6132
      vertex -29.3516 -50.8384 -13.6132
      vertex -23.5868 -52.9768 -15.0103
    endloop
  endfacet
  facet normal -0.296615 -0.456751 -0.838689
    outer loop
      vertex -26.25 -45.4663 -20.4931
      vertex -31.6327 -43.5387 -19.6392
      vertex -30.8587 -42.4734 -20.4931
    endloop
  endfacet
  facet normal -0.342732 -0.423244 -0.838689
    outer loop
      vertex -31.6327 -43.5387 -19.6392
      vertex -35.1294 -39.0151 -20.4931
      vertex -30.8587 -42.4734 -20.4931
    endloop
  endfacet
  facet normal -0.321047 -0.321047 -0.890987
    outer loop
      vertex -35.1294 -39.0151 -20.4931
      vertex -37.9755 -34.1933 -21.205
      vertex -34.1933 -37.9755 -21.205
    endloop
  endfacet
  facet normal -0.321047 -0.321047 -0.890987
    outer loop
      vertex -37.9755 -34.1933 -21.205
      vertex -35.1294 -39.0151 -20.4931
      vertex -39.0151 -35.1294 -20.4931
    endloop
  endfacet
  facet normal -0.27851 -0.225527 -0.933579
    outer loop
      vertex -37.9755 -34.1933 -21.205
      vertex -41.3416 -30.0364 -21.205
      vertex -36.8862 -33.2125 -21.7669
    endloop
  endfacet
  facet normal -0.83183 -0.319312 -0.453981
    outer loop
      vertex -53.628 -23.8767 -13.6132
      vertex -55.1521 -17.92 -15.0103
      vertex -52.9768 -23.5868 -15.0103
    endloop
  endfacet
  facet normal -0.831835 -0.319312 -0.453973
    outer loop
      vertex -53.628 -23.8767 -13.6132
      vertex -55.83 -18.1403 -13.6132
      vertex -55.1521 -17.92 -15.0103
    endloop
  endfacet
  facet normal -0.607871 -0.162875 -0.777152
    outer loop
      vertex -52.3433 -17.0074 -18.6525
      vertex -53.8343 -11.4428 -18.6525
      vertex -52.6408 -11.1891 -19.6392
    endloop
  endfacet
  facet normal -0.60785 -0.162877 -0.777167
    outer loop
      vertex -52.3433 -17.0074 -18.6525
      vertex -52.6408 -11.1891 -19.6392
      vertex -51.1828 -16.6303 -19.6392
    endloop
  endfacet
  facet normal -0.767566 0.121574 -0.629334
    outer loop
      vertex -55.8396 5.86898 -17.5438
      vertex -56.8223 5.97226 -16.3253
      vertex -54.9202 11.6737 -17.5438
    endloop
  endfacet
  facet normal -0.698413 0.11062 -0.707094
    outer loop
      vertex -54.7355 5.75293 -18.6525
      vertex -55.8396 5.86898 -17.5438
      vertex -54.9202 11.6737 -17.5438
    endloop
  endfacet
  facet normal -0.986335 -0.156211 -0.0523525
    outer loop
      vertex -58.6889 -12.4747 -7.52056
      vertex -59.6713 -6.27171 -7.52056
      vertex -58.6085 -12.4576 -9.08634
    endloop
  endfacet
  facet normal -0.986336 -0.156219 -0.0523225
    outer loop
      vertex -58.6085 -12.4576 -9.08634
      vertex -59.6713 -6.27171 -7.52056
      vertex -59.5896 -6.26312 -9.08634
    endloop
  endfacet
  facet normal -0.9646 -0.25847 -0.0523532
    outer loop
      vertex -57.0634 -18.541 -7.52056
      vertex -58.6889 -12.4747 -7.52056
      vertex -58.6085 -12.4576 -9.08634
    endloop
  endfacet
  facet normal -0.964598 -0.258473 -0.052368
    outer loop
      vertex -57.0634 -18.541 -7.52056
      vertex -58.6085 -12.4576 -9.08634
      vertex -56.9852 -18.5156 -9.08634
    endloop
  endfacet
  facet normal -0.560717 -0.285704 -0.777154
    outer loop
      vertex -47.6634 -27.5185 -18.6525
      vertex -49.1641 -21.8893 -19.6392
      vertex -46.6067 -26.9084 -19.6392
    endloop
  endfacet
  facet normal -0.527781 -0.342751 -0.777155
    outer loop
      vertex -44.5258 -32.3499 -18.6525
      vertex -47.6634 -27.5185 -18.6525
      vertex -46.6067 -26.9084 -19.6392
    endloop
  endfacet
  facet normal -0.508422 -0.195171 -0.838699
    outer loop
      vertex -49.1641 -21.8893 -19.6392
      vertex -49.9305 -16.2234 -20.4931
      vertex -47.9611 -21.3537 -20.4931
    endloop
  endfacet
  facet normal -0.508451 -0.195172 -0.83868
    outer loop
      vertex -49.1641 -21.8893 -19.6392
      vertex -51.1828 -16.6303 -19.6392
      vertex -49.9305 -16.2234 -20.4931
    endloop
  endfacet
  facet normal -0.380775 -0.247276 -0.890991
    outer loop
      vertex -42.4734 -30.8587 -20.4931
      vertex -45.4663 -26.25 -20.4931
      vertex -41.3416 -30.0364 -21.205
    endloop
  endfacet
  facet normal -0.380782 -0.247285 -0.890986
    outer loop
      vertex -41.3416 -30.0364 -21.205
      vertex -45.4663 -26.25 -20.4931
      vertex -44.2548 -25.5505 -21.205
    endloop
  endfacet
  facet normal -0.342727 -0.423241 -0.838693
    outer loop
      vertex -31.6327 -43.5387 -19.6392
      vertex -36.0105 -39.9937 -19.6392
      vertex -35.1294 -39.0151 -20.4931
    endloop
  endfacet
  facet normal -0.423241 -0.342727 -0.838693
    outer loop
      vertex -39.9937 -36.0105 -19.6392
      vertex -43.5387 -31.6327 -19.6392
      vertex -39.0151 -35.1294 -20.4931
    endloop
  endfacet
  facet normal -0.628451 -0.776086 0.052347
    outer loop
      vertex -35.2188 -48.4745 9.08634
      vertex -40.0929 -44.5276 9.08634
      vertex -35.2671 -48.541 7.52056
    endloop
  endfacet
  facet normal -0.543901 -0.837515 0.0523478
    outer loop
      vertex -35.2188 -48.4745 9.08634
      vertex -35.2671 -48.541 7.52056
      vertex -29.9589 -51.8904 9.08634
    endloop
  endfacet
  facet normal -0.706139 -0.706139 -0.0523139
    outer loop
      vertex -40.0929 -44.5276 -9.08634
      vertex -44.5887 -40.1478 -7.52056
      vertex -44.5276 -40.0929 -9.08634
    endloop
  endfacet
  facet normal -0.706139 -0.706139 -0.0523139
    outer loop
      vertex -44.5887 -40.1478 -7.52056
      vertex -40.0929 -44.5276 -9.08634
      vertex -40.1478 -44.5887 -7.52056
    endloop
  endfacet
  facet normal -0.776083 -0.628457 -0.0523196
    outer loop
      vertex -44.5887 -40.1478 -7.52056
      vertex -48.541 -35.2671 -7.52056
      vertex -44.5276 -40.0929 -9.08634
    endloop
  endfacet
  facet normal -0.810089 -0.526067 -0.258863
    outer loop
      vertex -47.9471 -34.8356 -12.1495
      vertex -51.6777 -29.8361 -10.635
      vertex -51.3257 -29.6329 -12.1495
    endloop
  endfacet
  facet normal -0.860635 -0.438516 -0.258864
    outer loop
      vertex -51.6777 -29.8361 -10.635
      vertex -54.142 -24.1056 -12.1495
      vertex -51.3257 -29.6329 -12.1495
    endloop
  endfacet
  facet normal -0.747272 -0.485278 0.453972
    outer loop
      vertex -50.2211 -28.9952 15.0103
      vertex -50.8384 -29.3516 13.6132
      vertex -46.9152 -34.0859 15.0103
    endloop
  endfacet
  facet normal -0.703382 -0.456776 0.544618
    outer loop
      vertex -49.4806 -28.5676 16.3253
      vertex -50.2211 -28.9952 15.0103
      vertex -46.9152 -34.0859 15.0103
    endloop
  endfacet
  facet normal -0.725524 -0.587523 0.358374
    outer loop
      vertex -47.4919 -34.5049 13.6132
      vertex -47.9471 -34.8356 12.1495
      vertex -44.0431 -39.6566 12.1495
    endloop
  endfacet
  facet normal -0.725526 -0.587523 0.358369
    outer loop
      vertex -43.625 -39.2801 13.6132
      vertex -47.4919 -34.5049 13.6132
      vertex -44.0431 -39.6566 12.1495
    endloop
  endfacet
  facet normal -0.860637 -0.438515 0.258859
    outer loop
      vertex -54.142 -24.1056 12.1495
      vertex -54.5133 -24.2709 10.635
      vertex -51.6777 -29.8361 10.635
    endloop
  endfacet
  facet normal -0.880036 -0.448399 0.156442
    outer loop
      vertex -54.5133 -24.2709 10.635
      vertex -54.7377 -24.3708 9.08634
      vertex -51.6777 -29.8361 10.635
    endloop
  endfacet
  facet normal -0.98769 0.156426 0
    outer loop
      vertex -59.6713 6.27171 -7.52056
      vertex -58.6889 12.4747 7.52056
      vertex -58.6889 12.4747 -7.52056
    endloop
  endfacet
  facet normal -0.98769 0.156426 0
    outer loop
      vertex -58.6889 12.4747 7.52056
      vertex -59.6713 6.27171 -7.52056
      vertex -59.6713 6.27171 7.52056
    endloop
  endfacet
  facet normal -0.975526 0.154508 -0.156451
    outer loop
      vertex -59.3453 6.23744 -10.635
      vertex -59.5896 6.26312 -9.08634
      vertex -58.3682 12.4066 -10.635
    endloop
  endfacet
  facet normal -0.95404 0.151105 -0.258795
    outer loop
      vertex -58.9412 6.19497 -12.1495
      vertex -59.3453 6.23744 -10.635
      vertex -58.3682 12.4066 -10.635
    endloop
  endfacet
  facet normal -0.0329539 0.0406946 -0.998628
    outer loop
      vertex -26.4503 36.4058 -22.5
      vertex -30.1109 33.4415 -22.5
      vertex -27.3719 37.6742 -22.4179
    endloop
  endfacet
  facet normal -0.0329528 0.0406939 -0.998628
    outer loop
      vertex -30.1109 33.4415 -22.5
      vertex -31.16 34.6067 -22.4179
      vertex -27.3719 37.6742 -22.4179
    endloop
  endfacet
  facet normal -0.070998 0.139341 -0.987696
    outer loop
      vertex -18.9409 42.5419 -22.4179
      vertex -24.0593 41.672 -22.1727
      vertex -19.5716 43.9586 -22.1727
    endloop
  endfacet
  facet normal -0.0285203 0.043916 -0.998628
    outer loop
      vertex -26.4503 36.4058 -22.5
      vertex -27.3719 37.6742 -22.4179
      vertex -23.284 40.329 -22.4179
    endloop
  endfacet
  facet normal -0.0404751 0.151053 -0.987697
    outer loop
      vertex -14.3903 44.2887 -22.4179
      vertex -14.8695 45.7636 -22.1727
      vertex -9.68202 45.5503 -22.4179
    endloop
  endfacet
  facet normal -0.0135522 0.0505767 -0.998628
    outer loop
      vertex -9.35603 44.0166 -22.5
      vertex -14.3903 44.2887 -22.4179
      vertex -9.68202 45.5503 -22.4179
    endloop
  endfacet
  facet normal -0.0237708 0.0466534 -0.998628
    outer loop
      vertex -18.3031 41.1095 -22.5
      vertex -22.5 38.9711 -22.5
      vertex -18.9409 42.5419 -22.4179
    endloop
  endfacet
  facet normal -0.00818423 0.156167 -0.987697
    outer loop
      vertex 0 46.5679 -22.4179
      vertex -4.86767 46.3128 -22.4179
      vertex 0 48.1187 -22.1727
    endloop
  endfacet
  facet normal -0.0081844 0.156167 -0.987697
    outer loop
      vertex -4.86767 46.3128 -22.4179
      vertex -5.02977 47.8551 -22.1727
      vertex 0 48.1187 -22.1727
    endloop
  endfacet
  facet normal 0.0984158 0.121535 -0.987696
    outer loop
      vertex 31.16 34.6067 -22.4179
      vertex 27.3719 37.6742 -22.4179
      vertex 32.1977 35.7591 -22.1727
    endloop
  endfacet
  facet normal -0.346148 0.0927516 -0.933584
    outer loop
      vertex -48.5506 10.3197 -21.7669
      vertex -48.6 15.7911 -21.205
      vertex -47.2059 15.3381 -21.7669
    endloop
  endfacet
  facet normal -0.250004 0.0669896 -0.965925
    outer loop
      vertex -45.7636 14.8695 -22.1727
      vertex -48.5506 10.3197 -21.7669
      vertex -47.2059 15.3381 -21.7669
    endloop
  endfacet
  facet normal -0.537899 -0.0851944 -0.838693
    outer loop
      vertex -52.6408 -11.1891 -19.6392
      vertex -53.522 -5.62539 -19.6392
      vertex -52.2124 -5.48774 -20.4931
    endloop
  endfacet
  facet normal -0.543858 -0.028501 -0.838693
    outer loop
      vertex -53.522 -5.62539 -19.6392
      vertex -53.8168 0 -19.6392
      vertex -52.2124 -5.48774 -20.4931
    endloop
  endfacet
  facet normal -0.0505767 -0.0135522 -0.998628
    outer loop
      vertex -44.2887 -14.3903 -22.4179
      vertex -45.5503 -9.68202 -22.4179
      vertex -44.0166 -9.35603 -22.5
    endloop
  endfacet
  facet normal -0.151053 -0.0404751 -0.987697
    outer loop
      vertex -44.2887 -14.3903 -22.4179
      vertex -45.7636 -14.8695 -22.1727
      vertex -45.5503 -9.68202 -22.4179
    endloop
  endfacet
  facet normal -0.0135522 0.0505767 0.998628
    outer loop
      vertex -9.68202 45.5503 22.4179
      vertex -14.3903 44.2887 22.4179
      vertex -9.35603 44.0166 22.5
    endloop
  endfacet
  facet normal -0.00819086 0.0517163 0.998628
    outer loop
      vertex -4.86767 46.3128 22.4179
      vertex -9.68202 45.5503 22.4179
      vertex -9.35603 44.0166 22.5
    endloop
  endfacet
  facet normal -0.247285 0.380782 0.890986
    outer loop
      vertex -26.25 45.4663 20.4931
      vertex -30.0364 41.3416 21.205
      vertex -25.5505 44.2548 21.205
    endloop
  endfacet
  facet normal -0.195185 0.300557 0.933578
    outer loop
      vertex -25.5505 44.2548 21.205
      vertex -30.0364 41.3416 21.205
      vertex -24.8176 42.9854 21.7669
    endloop
  endfacet
  facet normal -0.560728 0.285706 0.777146
    outer loop
      vertex -47.6634 27.5185 18.6525
      vertex -50.2788 22.3855 18.6525
      vertex -49.1641 21.8893 19.6392
    endloop
  endfacet
  facet normal -0.587516 0.225531 0.777149
    outer loop
      vertex -50.2788 22.3855 18.6525
      vertex -52.3433 17.0074 18.6525
      vertex -49.1641 21.8893 19.6392
    endloop
  endfacet
  facet normal -0.404544 0.206126 0.890986
    outer loop
      vertex -45.4663 26.25 20.4931
      vertex -47.9611 21.3537 20.4931
      vertex -46.6831 20.7847 21.205
    endloop
  endfacet
  facet normal -0.485238 0.247242 0.838698
    outer loop
      vertex -45.4663 26.25 20.4931
      vertex -49.1641 21.8893 19.6392
      vertex -47.9611 21.3537 20.4931
    endloop
  endfacet
  facet normal -0.27852 0.225542 0.933572
    outer loop
      vertex -36.8862 33.2125 21.7669
      vertex -41.3416 30.0364 21.205
      vertex -40.1558 29.1749 21.7669
    endloop
  endfacet
  facet normal -0.27851 0.225527 0.933579
    outer loop
      vertex -37.9755 34.1933 21.205
      vertex -41.3416 30.0364 21.205
      vertex -36.8862 33.2125 21.7669
    endloop
  endfacet
  facet normal -0.230596 0.117497 0.96593
    outer loop
      vertex -42.9854 24.8176 21.7669
      vertex -45.3441 20.1885 21.7669
      vertex -43.9586 19.5716 22.1727
    endloop
  endfacet
  facet normal -0.217059 0.140957 0.965928
    outer loop
      vertex -40.1558 29.1749 21.7669
      vertex -42.9854 24.8176 21.7669
      vertex -41.672 24.0593 22.1727
    endloop
  endfacet
  facet normal -0.404546 0.206127 0.890985
    outer loop
      vertex -45.4663 26.25 20.4931
      vertex -46.6831 20.7847 21.205
      vertex -44.2548 25.5505 21.205
    endloop
  endfacet
  facet normal -0.527794 0.342754 0.777144
    outer loop
      vertex -44.5258 32.3499 18.6525
      vertex -46.6067 26.9084 19.6392
      vertex -43.5387 31.6327 19.6392
    endloop
  endfacet
  facet normal -0.0285203 0.043916 0.998628
    outer loop
      vertex -23.284 40.329 22.4179
      vertex -27.3719 37.6742 22.4179
      vertex -26.4503 36.4058 22.5
    endloop
  endfacet
  facet normal -0.0285171 0.0439134 0.998628
    outer loop
      vertex -23.284 40.329 22.4179
      vertex -26.4503 36.4058 22.5
      vertex -22.5 38.9711 22.5
    endloop
  endfacet
  facet normal -0.225531 0.587516 0.777149
    outer loop
      vertex -17.0074 52.3433 18.6525
      vertex -22.3855 50.2788 18.6525
      vertex -21.8893 49.1641 19.6392
    endloop
  endfacet
  facet normal -0.285706 0.560728 0.777146
    outer loop
      vertex -22.3855 50.2788 18.6525
      vertex -27.5185 47.6634 18.6525
      vertex -21.8893 49.1641 19.6392
    endloop
  endfacet
  facet normal -0.352816 0.692448 0.629314
    outer loop
      vertex -22.8371 51.293 17.5438
      vertex -28.5676 49.4806 16.3253
      vertex -28.0736 48.6249 17.5438
    endloop
  endfacet
  facet normal -0.321015 0.630035 0.707111
    outer loop
      vertex -22.8371 51.293 17.5438
      vertex -28.0736 48.6249 17.5438
      vertex -27.5185 47.6634 18.6525
    endloop
  endfacet
  facet normal -0.385116 0.593021 0.707115
    outer loop
      vertex -28.0736 48.6249 17.5438
      vertex -33.0025 45.424 17.5438
      vertex -32.3499 44.5258 18.6525
    endloop
  endfacet
  facet normal -0.423261 0.651757 0.629335
    outer loop
      vertex -28.0736 48.6249 17.5438
      vertex -33.5833 46.2234 16.3253
      vertex -33.0025 45.424 17.5438
    endloop
  endfacet
  facet normal -0.725524 0.587523 0.358374
    outer loop
      vertex -44.0431 39.6566 12.1495
      vertex -47.9471 34.8356 12.1495
      vertex -47.4919 34.5049 13.6132
    endloop
  endfacet
  facet normal -0.782971 0.508453 0.358375
    outer loop
      vertex -47.9471 34.8356 12.1495
      vertex -50.8384 29.3516 13.6132
      vertex -47.4919 34.5049 13.6132
    endloop
  endfacet
  facet normal -0.489076 -0.603962 0.629313
    outer loop
      vertex -37.5698 -41.7255 17.5438
      vertex -38.2309 -42.4598 16.3253
      vertex -33.0025 -45.424 17.5438
    endloop
  endfacet
  facet normal -0.48907 -0.603944 0.629335
    outer loop
      vertex -33.0025 -45.424 17.5438
      vertex -38.2309 -42.4598 16.3253
      vertex -33.5833 -46.2234 16.3253
    endloop
  endfacet
  facet normal -0.253411 -0.660146 0.707099
    outer loop
      vertex -22.3855 -50.2788 18.6525
      vertex -22.8371 -51.293 17.5438
      vertex -17.0074 -52.3433 18.6525
    endloop
  endfacet
  facet normal -0.225531 -0.587516 0.777149
    outer loop
      vertex -21.8893 -49.1641 19.6392
      vertex -22.3855 -50.2788 18.6525
      vertex -17.0074 -52.3433 18.6525
    endloop
  endfacet
  facet normal -0.444989 -0.54952 0.707115
    outer loop
      vertex -32.3499 -44.5258 18.6525
      vertex -37.5698 -41.7255 17.5438
      vertex -33.0025 -45.424 17.5438
    endloop
  endfacet
  facet normal -0.423261 -0.651757 0.629335
    outer loop
      vertex -33.0025 -45.424 17.5438
      vertex -33.5833 -46.2234 16.3253
      vertex -28.0736 -48.6249 17.5438
    endloop
  endfacet
  facet normal -0.380768 -0.747287 0.544591
    outer loop
      vertex -23.239 -52.1957 16.3253
      vertex -28.5676 -49.4806 16.3253
      vertex -23.5868 -52.9768 15.0103
    endloop
  endfacet
  facet normal -0.300567 -0.782996 0.544589
    outer loop
      vertex -23.239 -52.1957 16.3253
      vertex -23.5868 -52.9768 15.0103
      vertex -17.92 -55.1521 15.0103
    endloop
  endfacet
  facet normal -0.508453 -0.782971 -0.358375
    outer loop
      vertex -29.3516 -50.8384 -13.6132
      vertex -34.8356 -47.9471 -12.1495
      vertex -34.5049 -47.4919 -13.6132
    endloop
  endfacet
  facet normal -0.508453 -0.782966 -0.358384
    outer loop
      vertex -29.6329 -51.3257 -12.1495
      vertex -34.8356 -47.9471 -12.1495
      vertex -29.3516 -50.8384 -13.6132
    endloop
  endfacet
  facet normal -0.587523 -0.725526 -0.358369
    outer loop
      vertex -34.5049 -47.4919 -13.6132
      vertex -39.6566 -44.0431 -12.1495
      vertex -39.2801 -43.625 -13.6132
    endloop
  endfacet
  facet normal -0.630039 -0.630039 -0.453984
    outer loop
      vertex -38.8031 -43.0953 -15.0103
      vertex -43.625 -39.2801 -13.6132
      vertex -43.0953 -38.8031 -15.0103
    endloop
  endfacet
  facet normal -0.630039 -0.630039 -0.453984
    outer loop
      vertex -43.625 -39.2801 -13.6132
      vertex -38.8031 -43.0953 -15.0103
      vertex -39.2801 -43.625 -13.6132
    endloop
  endfacet
  facet normal -0.692444 -0.560733 -0.453981
    outer loop
      vertex -43.625 -39.2801 -13.6132
      vertex -47.4919 -34.5049 -13.6132
      vertex -43.0953 -38.8031 -15.0103
    endloop
  endfacet
  facet normal -0.456776 -0.703381 -0.54462
    outer loop
      vertex -28.5676 -49.4806 -16.3253
      vertex -34.0859 -46.9152 -15.0103
      vertex -33.5833 -46.2234 -16.3253
    endloop
  endfacet
  facet normal -0.423261 -0.651757 -0.629335
    outer loop
      vertex -28.0736 -48.6249 -17.5438
      vertex -33.5833 -46.2234 -16.3253
      vertex -33.0025 -45.424 -17.5438
    endloop
  endfacet
  facet normal -0.27852 -0.225542 -0.933572
    outer loop
      vertex -36.8862 -33.2125 -21.7669
      vertex -41.3416 -30.0364 -21.205
      vertex -40.1558 -29.1749 -21.7669
    endloop
  endfacet
  facet normal -0.201124 -0.162867 -0.965931
    outer loop
      vertex -36.8862 -33.2125 -21.7669
      vertex -40.1558 -29.1749 -21.7669
      vertex -38.9288 -28.2834 -22.1727
    endloop
  endfacet
  facet normal -0.334558 -0.128418 -0.933584
    outer loop
      vertex -45.3441 -20.1885 -21.7669
      vertex -48.6 -15.7911 -21.205
      vertex -47.2059 -15.3381 -21.7669
    endloop
  endfacet
  facet normal -0.241617 -0.0927435 -0.965929
    outer loop
      vertex -45.3441 -20.1885 -21.7669
      vertex -47.2059 -15.3381 -21.7669
      vertex -43.9586 -19.5716 -22.1727
    endloop
  endfacet
  facet normal -0.139343 -0.0709983 -0.987696
    outer loop
      vertex -41.672 -24.0593 -22.1727
      vertex -42.5419 -18.9409 -22.4179
      vertex -40.329 -23.284 -22.4179
    endloop
  endfacet
  facet normal -0.396055 -0.489088 -0.777131
    outer loop
      vertex -32.3499 -44.5258 -18.6525
      vertex -36.8269 -40.9004 -18.6525
      vertex -36.0105 -39.9937 -19.6392
    endloop
  endfacet
  facet normal -0.285722 -0.352842 -0.890991
    outer loop
      vertex -30.8587 -42.4734 -20.4931
      vertex -35.1294 -39.0151 -20.4931
      vertex -30.0364 -41.3416 -21.205
    endloop
  endfacet
  facet normal -0.247276 -0.380775 -0.890991
    outer loop
      vertex -26.25 -45.4663 -20.4931
      vertex -30.8587 -42.4734 -20.4931
      vertex -30.0364 -41.3416 -21.205
    endloop
  endfacet
  facet normal -0.810083 -0.217052 -0.544659
    outer loop
      vertex -54.3389 -17.6558 -16.3253
      vertex -56.7232 -12.0569 -15.0103
      vertex -55.8867 -11.8791 -16.3253
    endloop
  endfacet
  facet normal -0.750665 -0.201132 -0.629323
    outer loop
      vertex -54.3389 -17.6558 -16.3253
      vertex -55.8867 -11.8791 -16.3253
      vertex -54.9202 -11.6737 -17.5438
    endloop
  endfacet
  facet normal -0.630035 -0.321015 -0.707111
    outer loop
      vertex -48.6249 -28.0736 -17.5438
      vertex -51.293 -22.8371 -17.5438
      vertex -47.6634 -27.5185 -18.6525
    endloop
  endfacet
  facet normal -0.692448 -0.352816 -0.629314
    outer loop
      vertex -49.4806 -28.5676 -16.3253
      vertex -51.293 -22.8371 -17.5438
      vertex -48.6249 -28.0736 -17.5438
    endloop
  endfacet
  facet normal -0.932302 -0.357882 0.0522908
    outer loop
      vertex -54.7377 -24.3708 9.08634
      vertex -57.0634 -18.541 7.52056
      vertex -54.8127 -24.4042 7.52056
    endloop
  endfacet
  facet normal -0.485244 -0.247248 -0.838693
    outer loop
      vertex -46.6067 -26.9084 -19.6392
      vertex -49.1641 -21.8893 -19.6392
      vertex -45.4663 -26.25 -20.4931
    endloop
  endfacet
  facet normal -0.456743 -0.296613 -0.838693
    outer loop
      vertex -43.5387 -31.6327 -19.6392
      vertex -46.6067 -26.9084 -19.6392
      vertex -45.4663 -26.25 -20.4931
    endloop
  endfacet
  facet normal -0.99726 0.0522584 0.052354
    outer loop
      vertex -59.5896 6.26312 9.08634
      vertex -60 0 7.52056
      vertex -59.9178 0 9.08634
    endloop
  endfacet
  facet normal -0.986337 0.051686 0.156422
    outer loop
      vertex -59.5896 6.26312 9.08634
      vertex -59.9178 0 9.08634
      vertex -59.6722 0 10.635
    endloop
  endfacet
  facet normal -0.140953 0.217046 -0.965931
    outer loop
      vertex -28.2834 38.9288 -22.1727
      vertex -29.1749 40.1558 -21.7669
      vertex -24.0593 41.672 -22.1727
    endloop
  endfacet
  facet normal -0.140957 0.217059 -0.965928
    outer loop
      vertex -24.0593 41.672 -22.1727
      vertex -29.1749 40.1558 -21.7669
      vertex -24.8176 42.9854 -21.7669
    endloop
  endfacet
  facet normal -0.131158 0.0851776 0.987696
    outer loop
      vertex -37.6742 27.3719 22.4179
      vertex -41.672 24.0593 22.1727
      vertex -40.329 23.284 22.4179
    endloop
  endfacet
  facet normal -0.131155 0.0851741 0.987696
    outer loop
      vertex -38.9288 28.2834 22.1727
      vertex -41.672 24.0593 22.1727
      vertex -37.6742 27.3719 22.4179
    endloop
  endfacet
  facet normal -0.380775 0.247276 0.890991
    outer loop
      vertex -42.4734 30.8587 20.4931
      vertex -45.4663 26.25 20.4931
      vertex -41.3416 30.0364 21.205
    endloop
  endfacet
  facet normal -0.456751 0.296615 0.838689
    outer loop
      vertex -43.5387 31.6327 19.6392
      vertex -45.4663 26.25 20.4931
      vertex -42.4734 30.8587 20.4931
    endloop
  endfacet
  facet normal -0.070998 0.139341 0.987696
    outer loop
      vertex -19.5716 43.9586 22.1727
      vertex -24.0593 41.672 22.1727
      vertex -18.9409 42.5419 22.4179
    endloop
  endfacet
  facet normal -0.117498 0.230603 0.965928
    outer loop
      vertex -19.5716 43.9586 22.1727
      vertex -24.8176 42.9854 21.7669
      vertex -24.0593 41.672 22.1727
    endloop
  endfacet
  facet normal -0.630039 0.630039 0.453984
    outer loop
      vertex -43.625 39.2801 13.6132
      vertex -38.8031 43.0953 15.0103
      vertex -39.2801 43.625 13.6132
    endloop
  endfacet
  facet normal -0.630039 0.630039 0.453984
    outer loop
      vertex -38.8031 43.0953 15.0103
      vertex -43.625 39.2801 13.6132
      vertex -43.0953 38.8031 15.0103
    endloop
  endfacet
  facet normal -0.342754 -0.527794 0.777144
    outer loop
      vertex -31.6327 -43.5387 19.6392
      vertex -32.3499 -44.5258 18.6525
      vertex -26.9084 -46.6067 19.6392
    endloop
  endfacet
  facet normal -0.39604 -0.489078 0.777145
    outer loop
      vertex -31.6327 -43.5387 19.6392
      vertex -36.0105 -39.9937 19.6392
      vertex -32.3499 -44.5258 18.6525
    endloop
  endfacet
  facet normal -0.526067 -0.810089 -0.258863
    outer loop
      vertex -29.8361 -51.6777 -10.635
      vertex -34.8356 -47.9471 -12.1495
      vertex -29.6329 -51.3257 -12.1495
    endloop
  endfacet
  facet normal -0.537947 -0.828339 -0.156424
    outer loop
      vertex -29.9589 -51.8904 -9.08634
      vertex -35.0744 -48.2758 -10.635
      vertex -29.8361 -51.6777 -10.635
    endloop
  endfacet
  facet normal -0.683013 -0.683013 -0.258819
    outer loop
      vertex -44.0431 -39.6566 -12.1495
      vertex -39.9285 -44.3451 -10.635
      vertex -44.3451 -39.9285 -10.635
    endloop
  endfacet
  facet normal -0.683013 -0.683013 -0.258819
    outer loop
      vertex -39.9285 -44.3451 -10.635
      vertex -44.0431 -39.6566 -12.1495
      vertex -39.6566 -44.0431 -12.1495
    endloop
  endfacet
  facet normal -0.48907 -0.603944 -0.629335
    outer loop
      vertex -33.5833 -46.2234 -16.3253
      vertex -38.2309 -42.4598 -16.3253
      vertex -33.0025 -45.424 -17.5438
    endloop
  endfacet
  facet normal -0.489076 -0.603962 -0.629313
    outer loop
      vertex -33.0025 -45.424 -17.5438
      vertex -38.2309 -42.4598 -16.3253
      vertex -37.5698 -41.7255 -17.5438
    endloop
  endfacet
  facet normal -0.404511 -0.793902 -0.453971
    outer loop
      vertex -23.5868 -52.9768 -15.0103
      vertex -29.3516 -50.8384 -13.6132
      vertex -28.9952 -50.2211 -15.0103
    endloop
  endfacet
  facet normal -0.485267 -0.747266 -0.453994
    outer loop
      vertex -29.3516 -50.8384 -13.6132
      vertex -34.5049 -47.4919 -13.6132
      vertex -34.0859 -46.9152 -15.0103
    endloop
  endfacet
  facet normal -0.660146 -0.253411 -0.707099
    outer loop
      vertex -51.293 -22.8371 -17.5438
      vertex -52.3433 -17.0074 -18.6525
      vertex -50.2788 -22.3855 -18.6525
    endloop
  endfacet
  facet normal -0.587516 -0.225531 -0.777149
    outer loop
      vertex -50.2788 -22.3855 -18.6525
      vertex -52.3433 -17.0074 -18.6525
      vertex -49.1641 -21.8893 -19.6392
    endloop
  endfacet
  facet normal -0.023771 0.0466536 -0.998628
    outer loop
      vertex -22.5 38.9711 -22.5
      vertex -23.284 40.329 -22.4179
      vertex -18.9409 42.5419 -22.4179
    endloop
  endfacet
  facet normal -0.0285171 0.0439134 -0.998628
    outer loop
      vertex -22.5 38.9711 -22.5
      vertex -26.4503 36.4058 -22.5
      vertex -23.284 40.329 -22.4179
    endloop
  endfacet
  facet normal -0.508422 0.195171 0.838699
    outer loop
      vertex -49.1641 21.8893 19.6392
      vertex -49.9305 16.2234 20.4931
      vertex -47.9611 21.3537 20.4931
    endloop
  endfacet
  facet normal -0.423867 0.162712 0.890989
    outer loop
      vertex -47.9611 21.3537 20.4931
      vertex -49.9305 16.2234 20.4931
      vertex -48.6 15.7911 21.205
    endloop
  endfacet
  facet normal -0.560733 -0.692444 -0.453981
    outer loop
      vertex -34.5049 -47.4919 -13.6132
      vertex -39.2801 -43.625 -13.6132
      vertex -38.8031 -43.0953 -15.0103
    endloop
  endfacet
  facet normal -0.607888 -0.750673 -0.258772
    outer loop
      vertex -35.0744 -48.2758 -10.635
      vertex -39.6566 -44.0431 -12.1495
      vertex -34.8356 -47.9471 -12.1495
    endloop
  endfacet
  facet normal -0.587523 -0.725524 -0.358374
    outer loop
      vertex -34.8356 -47.9471 -12.1495
      vertex -39.6566 -44.0431 -12.1495
      vertex -34.5049 -47.4919 -13.6132
    endloop
  endfacet
  facet normal -0.6984 -0.6984 -0.156442
    outer loop
      vertex -39.9285 -44.3451 -10.635
      vertex -44.5276 -40.0929 -9.08634
      vertex -44.3451 -39.9285 -10.635
    endloop
  endfacet
  facet normal -0.6984 -0.6984 -0.156442
    outer loop
      vertex -44.5276 -40.0929 -9.08634
      vertex -39.9285 -44.3451 -10.635
      vertex -40.0929 -44.5276 -9.08634
    endloop
  endfacet
  facet normal -0.456776 -0.703382 -0.544618
    outer loop
      vertex -28.9952 -50.2211 -15.0103
      vertex -34.0859 -46.9152 -15.0103
      vertex -28.5676 -49.4806 -16.3253
    endloop
  endfacet
  facet normal -0.380754 -0.747276 -0.544615
    outer loop
      vertex -23.5868 -52.9768 -15.0103
      vertex -28.9952 -50.2211 -15.0103
      vertex -28.5676 -49.4806 -16.3253
    endloop
  endfacet
  facet normal -0.987689 -0.156431 0
    outer loop
      vertex 9.94522 1.04528 -22.5
      vertex 9.78148 2.07912 22.5
      vertex 9.78148 2.07912 -22.5
    endloop
  endfacet
  facet normal -0.987689 -0.156431 0
    outer loop
      vertex 9.78148 2.07912 22.5
      vertex 9.94522 1.04528 -22.5
      vertex 9.94522 1.04528 22.5
    endloop
  endfacet
  facet normal -0.99863 0.0523352 0
    outer loop
      vertex 9.94522 -1.04528 -22.5
      vertex 10 0 22.5
      vertex 10 0 -22.5
    endloop
  endfacet
  facet normal -0.99863 0.0523352 0
    outer loop
      vertex 10 0 22.5
      vertex 9.94522 -1.04528 -22.5
      vertex 9.94522 -1.04528 22.5
    endloop
  endfacet
  facet normal 0.0523352 0.99863 -0
    outer loop
      vertex 0 -10 -22.5
      vertex -1.04528 -9.94522 22.5
      vertex 0 -10 22.5
    endloop
  endfacet
  facet normal 0.0523352 0.99863 0
    outer loop
      vertex -1.04528 -9.94522 22.5
      vertex 0 -10 -22.5
      vertex -1.04528 -9.94522 -22.5
    endloop
  endfacet
  facet normal -0.777149 0.629316 0
    outer loop
      vertex 7.43145 -6.69131 -22.5
      vertex 8.09017 -5.87785 22.5
      vertex 8.09017 -5.87785 -22.5
    endloop
  endfacet
  facet normal -0.777149 0.629316 0
    outer loop
      vertex 8.09017 -5.87785 22.5
      vertex 7.43145 -6.69131 -22.5
      vertex 7.43145 -6.69131 22.5
    endloop
  endfacet
  facet normal -0.544637 0.838672 0
    outer loop
      vertex 5.87785 -8.09017 -22.5
      vertex 5 -8.66025 22.5
      vertex 5.87785 -8.09017 22.5
    endloop
  endfacet
  facet normal -0.544637 0.838672 0
    outer loop
      vertex 5 -8.66025 22.5
      vertex 5.87785 -8.09017 -22.5
      vertex 5 -8.66025 -22.5
    endloop
  endfacet
  facet normal 0.544637 -0.838672 0
    outer loop
      vertex -5.87785 8.09017 -22.5
      vertex -5 8.66025 22.5
      vertex -5.87785 8.09017 22.5
    endloop
  endfacet
  facet normal 0.544637 -0.838672 0
    outer loop
      vertex -5 8.66025 22.5
      vertex -5.87785 8.09017 -22.5
      vertex -5 8.66025 -22.5
    endloop
  endfacet
  facet normal 0.156431 -0.987689 0
    outer loop
      vertex -2.07912 9.78148 -22.5
      vertex -1.04528 9.94522 22.5
      vertex -2.07912 9.78148 22.5
    endloop
  endfacet
  facet normal 0.156431 -0.987689 0
    outer loop
      vertex -1.04528 9.94522 22.5
      vertex -2.07912 9.78148 -22.5
      vertex -1.04528 9.94522 -22.5
    endloop
  endfacet
  facet normal -0.891006 0.453991 0
    outer loop
      vertex 8.66025 -5 -22.5
      vertex 9.13545 -4.06737 22.5
      vertex 9.13545 -4.06737 -22.5
    endloop
  endfacet
  facet normal -0.891006 0.453991 0
    outer loop
      vertex 9.13545 -4.06737 22.5
      vertex 8.66025 -5 -22.5
      vertex 8.66025 -5 22.5
    endloop
  endfacet
  facet normal -0.0523352 -0.99863 0
    outer loop
      vertex 0 10 -22.5
      vertex 1.04528 9.94522 22.5
      vertex 0 10 22.5
    endloop
  endfacet
  facet normal -0.0523352 -0.99863 -0
    outer loop
      vertex 1.04528 9.94522 22.5
      vertex 0 10 -22.5
      vertex 1.04528 9.94522 -22.5
    endloop
  endfacet
  facet normal -0.99863 -0.0523352 0
    outer loop
      vertex 10 0 -22.5
      vertex 9.94522 1.04528 22.5
      vertex 9.94522 1.04528 -22.5
    endloop
  endfacet
  facet normal -0.99863 -0.0523352 0
    outer loop
      vertex 9.94522 1.04528 22.5
      vertex 10 0 -22.5
      vertex 10 0 22.5
    endloop
  endfacet
  facet normal 0.777149 0.629316 0
    outer loop
      vertex -7.43145 -6.69131 22.5
      vertex -8.09017 -5.87785 -22.5
      vertex -8.09017 -5.87785 22.5
    endloop
  endfacet
  facet normal 0.777149 0.629316 0
    outer loop
      vertex -8.09017 -5.87785 -22.5
      vertex -7.43145 -6.69131 22.5
      vertex -7.43145 -6.69131 -22.5
    endloop
  endfacet
  facet normal -0.965923 -0.258828 0
    outer loop
      vertex 9.78148 2.07912 -22.5
      vertex 9.51056 3.09017 22.5
      vertex 9.51056 3.09017 -22.5
    endloop
  endfacet
  facet normal -0.965923 -0.258828 0
    outer loop
      vertex 9.51056 3.09017 22.5
      vertex 9.78148 2.07912 -22.5
      vertex 9.78148 2.07912 22.5
    endloop
  endfacet
  facet normal 0.258828 0.965923 -0
    outer loop
      vertex -2.07912 -9.78148 -22.5
      vertex -3.09017 -9.51056 22.5
      vertex -2.07912 -9.78148 22.5
    endloop
  endfacet
  facet normal 0.258828 0.965923 0
    outer loop
      vertex -3.09017 -9.51056 22.5
      vertex -2.07912 -9.78148 -22.5
      vertex -3.09017 -9.51056 -22.5
    endloop
  endfacet
  facet normal -0.838672 -0.544637 0
    outer loop
      vertex 8.66025 5 -22.5
      vertex 8.09017 5.87785 22.5
      vertex 8.09017 5.87785 -22.5
    endloop
  endfacet
  facet normal -0.838672 -0.544637 0
    outer loop
      vertex 8.09017 5.87785 22.5
      vertex 8.66025 5 -22.5
      vertex 8.66025 5 22.5
    endloop
  endfacet
  facet normal -0.891006 -0.453991 0
    outer loop
      vertex 9.13545 4.06737 -22.5
      vertex 8.66025 5 22.5
      vertex 8.66025 5 -22.5
    endloop
  endfacet
  facet normal -0.891006 -0.453991 0
    outer loop
      vertex 8.66025 5 22.5
      vertex 9.13545 4.06737 -22.5
      vertex 9.13545 4.06737 22.5
    endloop
  endfacet
  facet normal 0.358366 0.933581 -0
    outer loop
      vertex -3.09017 -9.51056 -22.5
      vertex -4.06737 -9.13545 22.5
      vertex -3.09017 -9.51056 22.5
    endloop
  endfacet
  facet normal 0.358366 0.933581 0
    outer loop
      vertex -4.06737 -9.13545 22.5
      vertex -3.09017 -9.51056 -22.5
      vertex -4.06737 -9.13545 -22.5
    endloop
  endfacet
  facet normal -0.777149 -0.629316 0
    outer loop
      vertex 8.09017 5.87785 -22.5
      vertex 7.43145 6.69131 22.5
      vertex 7.43145 6.69131 -22.5
    endloop
  endfacet
  facet normal -0.777149 -0.629316 0
    outer loop
      vertex 7.43145 6.69131 22.5
      vertex 8.09017 5.87785 -22.5
      vertex 8.09017 5.87785 22.5
    endloop
  endfacet
  facet normal -0.0523352 0.99863 0
    outer loop
      vertex 1.04528 -9.94522 -22.5
      vertex 0 -10 22.5
      vertex 1.04528 -9.94522 22.5
    endloop
  endfacet
  facet normal -0.0523352 0.99863 0
    outer loop
      vertex 0 -10 22.5
      vertex 1.04528 -9.94522 -22.5
      vertex 0 -10 -22.5
    endloop
  endfacet
  facet normal -0.933581 -0.358366 0
    outer loop
      vertex 9.51056 3.09017 -22.5
      vertex 9.13545 4.06737 22.5
      vertex 9.13545 4.06737 -22.5
    endloop
  endfacet
  facet normal -0.933581 -0.358366 0
    outer loop
      vertex 9.13545 4.06737 22.5
      vertex 9.51056 3.09017 -22.5
      vertex 9.51056 3.09017 22.5
    endloop
  endfacet
  facet normal -0.156431 0.987689 0
    outer loop
      vertex 2.07912 -9.78148 -22.5
      vertex 1.04528 -9.94522 22.5
      vertex 2.07912 -9.78148 22.5
    endloop
  endfacet
  facet normal -0.156431 0.987689 0
    outer loop
      vertex 1.04528 -9.94522 22.5
      vertex 2.07912 -9.78148 -22.5
      vertex 1.04528 -9.94522 -22.5
    endloop
  endfacet
  facet normal 0.965923 0.258828 0
    outer loop
      vertex -9.51056 -3.09017 22.5
      vertex -9.78148 -2.07912 -22.5
      vertex -9.78148 -2.07912 22.5
    endloop
  endfacet
  facet normal 0.965923 0.258828 0
    outer loop
      vertex -9.78148 -2.07912 -22.5
      vertex -9.51056 -3.09017 22.5
      vertex -9.51056 -3.09017 -22.5
    endloop
  endfacet
  facet normal -0.707107 -0.707107 0
    outer loop
      vertex 7.43145 6.69131 -22.5
      vertex 6.69131 7.43145 22.5
      vertex 6.69131 7.43145 -22.5
    endloop
  endfacet
  facet normal -0.707107 -0.707107 0
    outer loop
      vertex 6.69131 7.43145 22.5
      vertex 7.43145 6.69131 -22.5
      vertex 7.43145 6.69131 22.5
    endloop
  endfacet
  facet normal 0.629316 -0.777149 0
    outer loop
      vertex -6.69131 7.43145 -22.5
      vertex -5.87785 8.09017 22.5
      vertex -6.69131 7.43145 22.5
    endloop
  endfacet
  facet normal 0.629316 -0.777149 0
    outer loop
      vertex -5.87785 8.09017 22.5
      vertex -6.69131 7.43145 -22.5
      vertex -5.87785 8.09017 -22.5
    endloop
  endfacet
  facet normal -0.987689 0.156431 0
    outer loop
      vertex 9.78148 -2.07912 -22.5
      vertex 9.94522 -1.04528 22.5
      vertex 9.94522 -1.04528 -22.5
    endloop
  endfacet
  facet normal -0.987689 0.156431 0
    outer loop
      vertex 9.94522 -1.04528 22.5
      vertex 9.78148 -2.07912 -22.5
      vertex 9.78148 -2.07912 22.5
    endloop
  endfacet
  facet normal 0.838672 -0.544637 0
    outer loop
      vertex -8.66025 5 22.5
      vertex -8.09017 5.87785 -22.5
      vertex -8.09017 5.87785 22.5
    endloop
  endfacet
  facet normal 0.838672 -0.544637 0
    outer loop
      vertex -8.09017 5.87785 -22.5
      vertex -8.66025 5 22.5
      vertex -8.66025 5 -22.5
    endloop
  endfacet
  facet normal 0.933581 0.358366 0
    outer loop
      vertex -9.13545 -4.06737 22.5
      vertex -9.51056 -3.09017 -22.5
      vertex -9.51056 -3.09017 22.5
    endloop
  endfacet
  facet normal 0.933581 0.358366 0
    outer loop
      vertex -9.51056 -3.09017 -22.5
      vertex -9.13545 -4.06737 22.5
      vertex -9.13545 -4.06737 -22.5
    endloop
  endfacet
  facet normal 0.987689 -0.156431 0
    outer loop
      vertex -9.94522 1.04528 22.5
      vertex -9.78148 2.07912 -22.5
      vertex -9.78148 2.07912 22.5
    endloop
  endfacet
  facet normal 0.987689 -0.156431 0
    outer loop
      vertex -9.78148 2.07912 -22.5
      vertex -9.94522 1.04528 22.5
      vertex -9.94522 1.04528 -22.5
    endloop
  endfacet
  facet normal 0.258828 -0.965923 0
    outer loop
      vertex -3.09017 9.51056 -22.5
      vertex -2.07912 9.78148 22.5
      vertex -3.09017 9.51056 22.5
    endloop
  endfacet
  facet normal 0.258828 -0.965923 0
    outer loop
      vertex -2.07912 9.78148 22.5
      vertex -3.09017 9.51056 -22.5
      vertex -2.07912 9.78148 -22.5
    endloop
  endfacet
  facet normal -0.838672 0.544637 0
    outer loop
      vertex 8.09017 -5.87785 -22.5
      vertex 8.66025 -5 22.5
      vertex 8.66025 -5 -22.5
    endloop
  endfacet
  facet normal -0.838672 0.544637 0
    outer loop
      vertex 8.66025 -5 22.5
      vertex 8.09017 -5.87785 -22.5
      vertex 8.09017 -5.87785 22.5
    endloop
  endfacet
  facet normal -0.453991 -0.891006 0
    outer loop
      vertex 4.06737 9.13545 -22.5
      vertex 5 8.66025 22.5
      vertex 4.06737 9.13545 22.5
    endloop
  endfacet
  facet normal -0.453991 -0.891006 -0
    outer loop
      vertex 5 8.66025 22.5
      vertex 4.06737 9.13545 -22.5
      vertex 5 8.66025 -22.5
    endloop
  endfacet
  facet normal -0.544637 -0.838672 0
    outer loop
      vertex 5 8.66025 -22.5
      vertex 5.87785 8.09017 22.5
      vertex 5 8.66025 22.5
    endloop
  endfacet
  facet normal -0.544637 -0.838672 -0
    outer loop
      vertex 5.87785 8.09017 22.5
      vertex 5 8.66025 -22.5
      vertex 5.87785 8.09017 -22.5
    endloop
  endfacet
  facet normal -0.965923 0.258828 0
    outer loop
      vertex 9.51056 -3.09017 -22.5
      vertex 9.78148 -2.07912 22.5
      vertex 9.78148 -2.07912 -22.5
    endloop
  endfacet
  facet normal -0.965923 0.258828 0
    outer loop
      vertex 9.78148 -2.07912 22.5
      vertex 9.51056 -3.09017 -22.5
      vertex 9.51056 -3.09017 22.5
    endloop
  endfacet
  facet normal -0.156431 -0.987689 0
    outer loop
      vertex 1.04528 9.94522 -22.5
      vertex 2.07912 9.78148 22.5
      vertex 1.04528 9.94522 22.5
    endloop
  endfacet
  facet normal -0.156431 -0.987689 -0
    outer loop
      vertex 2.07912 9.78148 22.5
      vertex 1.04528 9.94522 -22.5
      vertex 2.07912 9.78148 -22.5
    endloop
  endfacet
  facet normal -0.933581 0.358366 0
    outer loop
      vertex 9.13545 -4.06737 -22.5
      vertex 9.51056 -3.09017 22.5
      vertex 9.51056 -3.09017 -22.5
    endloop
  endfacet
  facet normal -0.933581 0.358366 0
    outer loop
      vertex 9.51056 -3.09017 22.5
      vertex 9.13545 -4.06737 -22.5
      vertex 9.13545 -4.06737 22.5
    endloop
  endfacet
  facet normal -0.629316 0.777149 0
    outer loop
      vertex 6.69131 -7.43145 -22.5
      vertex 5.87785 -8.09017 22.5
      vertex 6.69131 -7.43145 22.5
    endloop
  endfacet
  facet normal -0.629316 0.777149 0
    outer loop
      vertex 5.87785 -8.09017 22.5
      vertex 6.69131 -7.43145 -22.5
      vertex 5.87785 -8.09017 -22.5
    endloop
  endfacet
  facet normal -0.358366 -0.933581 0
    outer loop
      vertex 3.09017 9.51056 -22.5
      vertex 4.06737 9.13545 22.5
      vertex 3.09017 9.51056 22.5
    endloop
  endfacet
  facet normal -0.358366 -0.933581 -0
    outer loop
      vertex 4.06737 9.13545 22.5
      vertex 3.09017 9.51056 -22.5
      vertex 4.06737 9.13545 -22.5
    endloop
  endfacet
  facet normal 0.891006 0.453991 0
    outer loop
      vertex -8.66025 -5 22.5
      vertex -9.13545 -4.06737 -22.5
      vertex -9.13545 -4.06737 22.5
    endloop
  endfacet
  facet normal 0.891006 0.453991 0
    outer loop
      vertex -9.13545 -4.06737 -22.5
      vertex -8.66025 -5 22.5
      vertex -8.66025 -5 -22.5
    endloop
  endfacet
  facet normal 0.99863 -0.0523352 0
    outer loop
      vertex -10 0 22.5
      vertex -9.94522 1.04528 -22.5
      vertex -9.94522 1.04528 22.5
    endloop
  endfacet
  facet normal 0.99863 -0.0523352 0
    outer loop
      vertex -9.94522 1.04528 -22.5
      vertex -10 0 22.5
      vertex -10 0 -22.5
    endloop
  endfacet
  facet normal 0.933581 -0.358366 0
    outer loop
      vertex -9.51056 3.09017 22.5
      vertex -9.13545 4.06737 -22.5
      vertex -9.13545 4.06737 22.5
    endloop
  endfacet
  facet normal 0.933581 -0.358366 0
    outer loop
      vertex -9.13545 4.06737 -22.5
      vertex -9.51056 3.09017 22.5
      vertex -9.51056 3.09017 -22.5
    endloop
  endfacet
  facet normal -0.258828 -0.965923 0
    outer loop
      vertex 2.07912 9.78148 -22.5
      vertex 3.09017 9.51056 22.5
      vertex 2.07912 9.78148 22.5
    endloop
  endfacet
  facet normal -0.258828 -0.965923 -0
    outer loop
      vertex 3.09017 9.51056 22.5
      vertex 2.07912 9.78148 -22.5
      vertex 3.09017 9.51056 -22.5
    endloop
  endfacet
  facet normal 0.838672 0.544637 0
    outer loop
      vertex -8.09017 -5.87785 22.5
      vertex -8.66025 -5 -22.5
      vertex -8.66025 -5 22.5
    endloop
  endfacet
  facet normal 0.838672 0.544637 0
    outer loop
      vertex -8.66025 -5 -22.5
      vertex -8.09017 -5.87785 22.5
      vertex -8.09017 -5.87785 -22.5
    endloop
  endfacet
  facet normal -0.629316 -0.777149 0
    outer loop
      vertex 5.87785 8.09017 -22.5
      vertex 6.69131 7.43145 22.5
      vertex 5.87785 8.09017 22.5
    endloop
  endfacet
  facet normal -0.629316 -0.777149 -0
    outer loop
      vertex 6.69131 7.43145 22.5
      vertex 5.87785 8.09017 -22.5
      vertex 6.69131 7.43145 -22.5
    endloop
  endfacet
  facet normal -0.258828 0.965923 0
    outer loop
      vertex 3.09017 -9.51056 -22.5
      vertex 2.07912 -9.78148 22.5
      vertex 3.09017 -9.51056 22.5
    endloop
  endfacet
  facet normal -0.258828 0.965923 0
    outer loop
      vertex 2.07912 -9.78148 22.5
      vertex 3.09017 -9.51056 -22.5
      vertex 2.07912 -9.78148 -22.5
    endloop
  endfacet
  facet normal 0.453991 0.891006 -0
    outer loop
      vertex -4.06737 -9.13545 -22.5
      vertex -5 -8.66025 22.5
      vertex -4.06737 -9.13545 22.5
    endloop
  endfacet
  facet normal 0.453991 0.891006 0
    outer loop
      vertex -5 -8.66025 22.5
      vertex -4.06737 -9.13545 -22.5
      vertex -5 -8.66025 -22.5
    endloop
  endfacet
  facet normal 0.987689 0.156431 0
    outer loop
      vertex -9.78148 -2.07912 22.5
      vertex -9.94522 -1.04528 -22.5
      vertex -9.94522 -1.04528 22.5
    endloop
  endfacet
  facet normal 0.987689 0.156431 0
    outer loop
      vertex -9.94522 -1.04528 -22.5
      vertex -9.78148 -2.07912 22.5
      vertex -9.78148 -2.07912 -22.5
    endloop
  endfacet
  facet normal 0.0523352 -0.99863 0
    outer loop
      vertex -1.04528 9.94522 -22.5
      vertex 0 10 22.5
      vertex -1.04528 9.94522 22.5
    endloop
  endfacet
  facet normal 0.0523352 -0.99863 0
    outer loop
      vertex 0 10 22.5
      vertex -1.04528 9.94522 -22.5
      vertex 0 10 -22.5
    endloop
  endfacet
  facet normal -0.707107 0.707107 0
    outer loop
      vertex 6.69131 -7.43145 -22.5
      vertex 7.43145 -6.69131 22.5
      vertex 7.43145 -6.69131 -22.5
    endloop
  endfacet
  facet normal -0.707107 0.707107 0
    outer loop
      vertex 7.43145 -6.69131 22.5
      vertex 6.69131 -7.43145 -22.5
      vertex 6.69131 -7.43145 22.5
    endloop
  endfacet
  facet normal 0.891006 -0.453991 0
    outer loop
      vertex -9.13545 4.06737 22.5
      vertex -8.66025 5 -22.5
      vertex -8.66025 5 22.5
    endloop
  endfacet
  facet normal 0.891006 -0.453991 0
    outer loop
      vertex -8.66025 5 -22.5
      vertex -9.13545 4.06737 22.5
      vertex -9.13545 4.06737 -22.5
    endloop
  endfacet
  facet normal 0.965923 -0.258828 0
    outer loop
      vertex -9.78148 2.07912 22.5
      vertex -9.51056 3.09017 -22.5
      vertex -9.51056 3.09017 22.5
    endloop
  endfacet
  facet normal 0.965923 -0.258828 0
    outer loop
      vertex -9.51056 3.09017 -22.5
      vertex -9.78148 2.07912 22.5
      vertex -9.78148 2.07912 -22.5
    endloop
  endfacet
  facet normal 0.99863 0.0523352 0
    outer loop
      vertex -9.94522 -1.04528 22.5
      vertex -10 0 -22.5
      vertex -10 0 22.5
    endloop
  endfacet
  facet normal 0.99863 0.0523352 0
    outer loop
      vertex -10 0 -22.5
      vertex -9.94522 -1.04528 22.5
      vertex -9.94522 -1.04528 -22.5
    endloop
  endfacet
  facet normal -0.358366 0.933581 0
    outer loop
      vertex 4.06737 -9.13545 -22.5
      vertex 3.09017 -9.51056 22.5
      vertex 4.06737 -9.13545 22.5
    endloop
  endfacet
  facet normal -0.358366 0.933581 0
    outer loop
      vertex 3.09017 -9.51056 22.5
      vertex 4.06737 -9.13545 -22.5
      vertex 3.09017 -9.51056 -22.5
    endloop
  endfacet
  facet normal 0.629316 0.777149 -0
    outer loop
      vertex -5.87785 -8.09017 -22.5
      vertex -6.69131 -7.43145 22.5
      vertex -5.87785 -8.09017 22.5
    endloop
  endfacet
  facet normal 0.629316 0.777149 0
    outer loop
      vertex -6.69131 -7.43145 22.5
      vertex -5.87785 -8.09017 -22.5
      vertex -6.69131 -7.43145 -22.5
    endloop
  endfacet
  facet normal 0.707107 0.707107 0
    outer loop
      vertex -6.69131 -7.43145 22.5
      vertex -7.43145 -6.69131 -22.5
      vertex -7.43145 -6.69131 22.5
    endloop
  endfacet
  facet normal 0.707107 0.707107 0
    outer loop
      vertex -7.43145 -6.69131 -22.5
      vertex -6.69131 -7.43145 22.5
      vertex -6.69131 -7.43145 -22.5
    endloop
  endfacet
  facet normal -0.453991 0.891006 0
    outer loop
      vertex 5 -8.66025 -22.5
      vertex 4.06737 -9.13545 22.5
      vertex 5 -8.66025 22.5
    endloop
  endfacet
  facet normal -0.453991 0.891006 0
    outer loop
      vertex 4.06737 -9.13545 22.5
      vertex 5 -8.66025 -22.5
      vertex 4.06737 -9.13545 -22.5
    endloop
  endfacet
  facet normal 0.707107 -0.707107 0
    outer loop
      vertex -7.43145 6.69131 22.5
      vertex -6.69131 7.43145 -22.5
      vertex -6.69131 7.43145 22.5
    endloop
  endfacet
  facet normal 0.707107 -0.707107 0
    outer loop
      vertex -6.69131 7.43145 -22.5
      vertex -7.43145 6.69131 22.5
      vertex -7.43145 6.69131 -22.5
    endloop
  endfacet
  facet normal 0.156431 0.987689 -0
    outer loop
      vertex -1.04528 -9.94522 -22.5
      vertex -2.07912 -9.78148 22.5
      vertex -1.04528 -9.94522 22.5
    endloop
  endfacet
  facet normal 0.156431 0.987689 0
    outer loop
      vertex -2.07912 -9.78148 22.5
      vertex -1.04528 -9.94522 -22.5
      vertex -2.07912 -9.78148 -22.5
    endloop
  endfacet
  facet normal 0.777149 -0.629316 0
    outer loop
      vertex -8.09017 5.87785 22.5
      vertex -7.43145 6.69131 -22.5
      vertex -7.43145 6.69131 22.5
    endloop
  endfacet
  facet normal 0.777149 -0.629316 0
    outer loop
      vertex -7.43145 6.69131 -22.5
      vertex -8.09017 5.87785 22.5
      vertex -8.09017 5.87785 -22.5
    endloop
  endfacet
  facet normal 0.453991 -0.891006 0
    outer loop
      vertex -5 8.66025 -22.5
      vertex -4.06737 9.13545 22.5
      vertex -5 8.66025 22.5
    endloop
  endfacet
  facet normal 0.453991 -0.891006 0
    outer loop
      vertex -4.06737 9.13545 22.5
      vertex -5 8.66025 -22.5
      vertex -4.06737 9.13545 -22.5
    endloop
  endfacet
  facet normal 0.358366 -0.933581 0
    outer loop
      vertex -4.06737 9.13545 -22.5
      vertex -3.09017 9.51056 22.5
      vertex -4.06737 9.13545 22.5
    endloop
  endfacet
  facet normal 0.358366 -0.933581 0
    outer loop
      vertex -3.09017 9.51056 22.5
      vertex -4.06737 9.13545 -22.5
      vertex -3.09017 9.51056 -22.5
    endloop
  endfacet
  facet normal 0.544637 0.838672 -0
    outer loop
      vertex -5 -8.66025 -22.5
      vertex -5.87785 -8.09017 22.5
      vertex -5 -8.66025 22.5
    endloop
  endfacet
  facet normal 0.544637 0.838672 0
    outer loop
      vertex -5.87785 -8.09017 22.5
      vertex -5 -8.66025 -22.5
      vertex -5.87785 -8.09017 -22.5
    endloop
  endfacet
endsolid OpenSCAD_Model
